<?xml version="1.0" encoding="utf-8"?>
            <gpx xmlns="http://www.topografix.com/GPX/1/1" xmlns:xsd="http://www.w3.org/2001/XMLSchema" xmlns:xsi="http://www.w3.org/2001/XMLSchema-instance" version="1.1" creator="Fugawi 4,5,14,1696 http://www.fugawi.com/" xsi:schemaLocation="http://www.topografix.com/GPX/1/1 http://www.topografix.com/GPX/1/1/gpx.xsd">
                <trk>
                    <name>7175 Höllkar Trail</name>
                    <desc></desc>
                    <trkseg>
                        <trkpt lat="46.97994" lon="10.34005"><ele>2751</ele></trkpt>
<trkpt lat="46.97987" lon="10.3401"><ele>2751</ele></trkpt>
<trkpt lat="46.97973" lon="10.34019"><ele>2748</ele></trkpt>
<trkpt lat="46.97919" lon="10.3405"><ele>2735</ele></trkpt>
<trkpt lat="46.97878" lon="10.34064"><ele>2732</ele></trkpt>
<trkpt lat="46.97878" lon="10.34064"><ele>2732</ele></trkpt>
<trkpt lat="46.97871" lon="10.34049"><ele>2730</ele></trkpt>
<trkpt lat="46.97871" lon="10.34049"><ele>2730</ele></trkpt>
<trkpt lat="46.97868" lon="10.34055"><ele>2731</ele></trkpt>
<trkpt lat="46.97856" lon="10.34052"><ele>2732</ele></trkpt>
<trkpt lat="46.97853" lon="10.34051"><ele>2732</ele></trkpt>
<trkpt lat="46.9783" lon="10.34029"><ele>2733</ele></trkpt>
<trkpt lat="46.9783" lon="10.34029"><ele>2733</ele></trkpt>
<trkpt lat="46.9783" lon="10.34029"><ele>2733</ele></trkpt>
<trkpt lat="46.9783" lon="10.34029"><ele>2733</ele></trkpt>
<trkpt lat="46.9783" lon="10.34029"><ele>2733</ele></trkpt>
<trkpt lat="46.97791" lon="10.3398"><ele>2735</ele></trkpt>
<trkpt lat="46.9776" lon="10.33944"><ele>2737</ele></trkpt>
<trkpt lat="46.97718" lon="10.33912"><ele>2745</ele></trkpt>
<trkpt lat="46.97718" lon="10.33912"><ele>2745</ele></trkpt>
<trkpt lat="46.97718" lon="10.33912"><ele>2745</ele></trkpt>
<trkpt lat="46.97718" lon="10.33912"><ele>2745</ele></trkpt>
<trkpt lat="46.97718" lon="10.33912"><ele>2745</ele></trkpt>
<trkpt lat="46.97703" lon="10.33901"><ele>2744</ele></trkpt>
<trkpt lat="46.97649" lon="10.33873"><ele>2748</ele></trkpt>
<trkpt lat="46.97613" lon="10.3385"><ele>2753</ele></trkpt>
<trkpt lat="46.97578" lon="10.33822"><ele>2755</ele></trkpt>
<trkpt lat="46.97545" lon="10.3377"><ele>2753</ele></trkpt>
<trkpt lat="46.97545" lon="10.3377"><ele>2753</ele></trkpt>
<trkpt lat="46.97545" lon="10.3377"><ele>2753</ele></trkpt>
<trkpt lat="46.97545" lon="10.3377"><ele>2753</ele></trkpt>
<trkpt lat="46.97545" lon="10.3377"><ele>2753</ele></trkpt>
<trkpt lat="46.97541" lon="10.33765"><ele>2752</ele></trkpt>
<trkpt lat="46.97537" lon="10.33759"><ele>2752</ele></trkpt>
<trkpt lat="46.975" lon="10.33714"><ele>2753</ele></trkpt>
<trkpt lat="46.97491" lon="10.33686"><ele>2752</ele></trkpt>
<trkpt lat="46.97476" lon="10.33672"><ele>2752</ele></trkpt>
<trkpt lat="46.97469" lon="10.33666"><ele>2752</ele></trkpt>
<trkpt lat="46.97454" lon="10.33646"><ele>2755</ele></trkpt>
<trkpt lat="46.97442" lon="10.3362"><ele>2757</ele></trkpt>
<trkpt lat="46.97431" lon="10.33606"><ele>2759</ele></trkpt>
<trkpt lat="46.97419" lon="10.33592"><ele>2762</ele></trkpt>
<trkpt lat="46.97404" lon="10.3358"><ele>2765</ele></trkpt>
<trkpt lat="46.97404" lon="10.3358"><ele>2765</ele></trkpt>
<trkpt lat="46.97404" lon="10.3358"><ele>2765</ele></trkpt>
<trkpt lat="46.97404" lon="10.3358"><ele>2765</ele></trkpt>
<trkpt lat="46.97404" lon="10.3358"><ele>2765</ele></trkpt>
<trkpt lat="46.97383" lon="10.33564"><ele>2772</ele></trkpt>
<trkpt lat="46.9737" lon="10.33555"><ele>2774</ele></trkpt>
<trkpt lat="46.9737" lon="10.33555"><ele>2774</ele></trkpt>
<trkpt lat="46.9737" lon="10.33555"><ele>2774</ele></trkpt>
<trkpt lat="46.9737" lon="10.33555"><ele>2774</ele></trkpt>
<trkpt lat="46.9737" lon="10.33555"><ele>2774</ele></trkpt>
<trkpt lat="46.97383" lon="10.33564"><ele>2772</ele></trkpt>
<trkpt lat="46.97383" lon="10.33564"><ele>2772</ele></trkpt>
<trkpt lat="46.9737" lon="10.33531"><ele>2774</ele></trkpt>
<trkpt lat="46.97356" lon="10.33492"><ele>2778</ele></trkpt>
<trkpt lat="46.97343" lon="10.33469"><ele>2785</ele></trkpt>
<trkpt lat="46.97343" lon="10.33469"><ele>2785</ele></trkpt>
<trkpt lat="46.97343" lon="10.33469"><ele>2785</ele></trkpt>
<trkpt lat="46.97343" lon="10.33469"><ele>2785</ele></trkpt>
<trkpt lat="46.97343" lon="10.33469"><ele>2785</ele></trkpt>
<trkpt lat="46.97332" lon="10.3345"><ele>2787</ele></trkpt>
<trkpt lat="46.9732" lon="10.33435"><ele>2786</ele></trkpt>
<trkpt lat="46.97318" lon="10.33433"><ele>2786</ele></trkpt>
<trkpt lat="46.97318" lon="10.33433"><ele>2786</ele></trkpt>
<trkpt lat="46.97318" lon="10.33433"><ele>2786</ele></trkpt>
<trkpt lat="46.97318" lon="10.33433"><ele>2786</ele></trkpt>
<trkpt lat="46.97318" lon="10.33433"><ele>2786</ele></trkpt>
<trkpt lat="46.97313" lon="10.3343"><ele>2790</ele></trkpt>
<trkpt lat="46.97307" lon="10.3343"><ele>2793</ele></trkpt>
<trkpt lat="46.97307" lon="10.3343"><ele>2793</ele></trkpt>
<trkpt lat="46.97307" lon="10.3343"><ele>2793</ele></trkpt>
<trkpt lat="46.97307" lon="10.3343"><ele>2793</ele></trkpt>
<trkpt lat="46.97307" lon="10.3343"><ele>2793</ele></trkpt>
<trkpt lat="46.97307" lon="10.33433"><ele>2793</ele></trkpt>
<trkpt lat="46.97311" lon="10.33458"><ele>2796</ele></trkpt>
<trkpt lat="46.97311" lon="10.33458"><ele>2796</ele></trkpt>
<trkpt lat="46.97311" lon="10.33458"><ele>2796</ele></trkpt>
<trkpt lat="46.97311" lon="10.33458"><ele>2796</ele></trkpt>
<trkpt lat="46.97311" lon="10.33458"><ele>2796</ele></trkpt>
<trkpt lat="46.97303" lon="10.33463"><ele>2800</ele></trkpt>
<trkpt lat="46.97285" lon="10.33454"><ele>2801</ele></trkpt>
<trkpt lat="46.97266" lon="10.33444"><ele>2803</ele></trkpt>
<trkpt lat="46.97263" lon="10.33444"><ele>2805</ele></trkpt>
<trkpt lat="46.97263" lon="10.33444"><ele>2805</ele></trkpt>
<trkpt lat="46.97235" lon="10.33439"><ele>2809</ele></trkpt>
<trkpt lat="46.97228" lon="10.33441"><ele>2809</ele></trkpt>
<trkpt lat="46.97228" lon="10.33441"><ele>2809</ele></trkpt>
<trkpt lat="46.97201" lon="10.33445"><ele>2810</ele></trkpt>
<trkpt lat="46.97176" lon="10.33454"><ele>2811</ele></trkpt>
<trkpt lat="46.97169" lon="10.33466"><ele>2813</ele></trkpt>
<trkpt lat="46.97162" lon="10.33468"><ele>2813</ele></trkpt>
<trkpt lat="46.97162" lon="10.33468"><ele>2813</ele></trkpt>
<trkpt lat="46.97162" lon="10.33468"><ele>2813</ele></trkpt>
<trkpt lat="46.97156" lon="10.33472"><ele>2815</ele></trkpt>
<trkpt lat="46.97143" lon="10.3348"><ele>2819</ele></trkpt>
<trkpt lat="46.97134" lon="10.33492"><ele>2816</ele></trkpt>
<trkpt lat="46.97122" lon="10.33498"><ele>2831</ele></trkpt>
<trkpt lat="46.97091" lon="10.33509"><ele>2831</ele></trkpt>
<trkpt lat="46.97071" lon="10.33512"><ele>2842</ele></trkpt>
<trkpt lat="46.97055" lon="10.33516"><ele>2845</ele></trkpt>
<trkpt lat="46.97037" lon="10.3352"><ele>2845</ele></trkpt>
<trkpt lat="46.97026" lon="10.3352"><ele>2842</ele></trkpt>
<trkpt lat="46.96973" lon="10.33482"><ele>2833</ele></trkpt>
<trkpt lat="46.96931" lon="10.33413"><ele>2839</ele></trkpt>
<trkpt lat="46.96919" lon="10.33378"><ele>2842</ele></trkpt>
<trkpt lat="46.96919" lon="10.33378"><ele>2842</ele></trkpt>
<trkpt lat="46.96905" lon="10.33347"><ele>2839</ele></trkpt>
<trkpt lat="46.96908" lon="10.33344"><ele>2839</ele></trkpt>
<trkpt lat="46.96908" lon="10.33344"><ele>2839</ele></trkpt>
<trkpt lat="46.96908" lon="10.33344"><ele>2839</ele></trkpt>
<trkpt lat="46.96908" lon="10.33344"><ele>2839</ele></trkpt>
<trkpt lat="46.96904" lon="10.33333"><ele>2837</ele></trkpt>
<trkpt lat="46.96892" lon="10.33305"><ele>2834</ele></trkpt>
<trkpt lat="46.96887" lon="10.33297"><ele>2837</ele></trkpt>
<trkpt lat="46.96887" lon="10.33297"><ele>2837</ele></trkpt>
<trkpt lat="46.96887" lon="10.33297"><ele>2837</ele></trkpt>
<trkpt lat="46.96887" lon="10.33297"><ele>2837</ele></trkpt>
<trkpt lat="46.96887" lon="10.33297"><ele>2837</ele></trkpt>
<trkpt lat="46.96881" lon="10.33289"><ele>2836</ele></trkpt>
<trkpt lat="46.9687" lon="10.3328"><ele>2833</ele></trkpt>
<trkpt lat="46.96852" lon="10.3327"><ele>2830</ele></trkpt>
<trkpt lat="46.96832" lon="10.33262"><ele>2830</ele></trkpt>
<trkpt lat="46.96832" lon="10.33262"><ele>2830</ele></trkpt>
<trkpt lat="46.96832" lon="10.33262"><ele>2830</ele></trkpt>
<trkpt lat="46.96832" lon="10.33262"><ele>2830</ele></trkpt>
<trkpt lat="46.96832" lon="10.33262"><ele>2830</ele></trkpt>
<trkpt lat="46.96818" lon="10.33257"><ele>2824</ele></trkpt>
<trkpt lat="46.96799" lon="10.33238"><ele>2820</ele></trkpt>
<trkpt lat="46.96796" lon="10.33234"><ele>2820</ele></trkpt>
<trkpt lat="46.96788" lon="10.33221"><ele>2817</ele></trkpt>
<trkpt lat="46.96778" lon="10.33195"><ele>2814</ele></trkpt>
<trkpt lat="46.96764" lon="10.3317"><ele>2813</ele></trkpt>
<trkpt lat="46.96747" lon="10.33155"><ele>2808</ele></trkpt>
<trkpt lat="46.96735" lon="10.33153"><ele>2809</ele></trkpt>
<trkpt lat="46.96722" lon="10.33145"><ele>2809</ele></trkpt>
<trkpt lat="46.96712" lon="10.33126"><ele>2805</ele></trkpt>
<trkpt lat="46.967" lon="10.33114"><ele>2804</ele></trkpt>
<trkpt lat="46.9669" lon="10.33104"><ele>2801</ele></trkpt>
<trkpt lat="46.96684" lon="10.33102"><ele>2801</ele></trkpt>
<trkpt lat="46.96684" lon="10.33102"><ele>2801</ele></trkpt>
<trkpt lat="46.96684" lon="10.33102"><ele>2801</ele></trkpt>
<trkpt lat="46.96684" lon="10.33102"><ele>2801</ele></trkpt>
<trkpt lat="46.96684" lon="10.33102"><ele>2801</ele></trkpt>
<trkpt lat="46.96673" lon="10.33097"><ele>2799</ele></trkpt>
<trkpt lat="46.96658" lon="10.3309"><ele>2791</ele></trkpt>
<trkpt lat="46.9664" lon="10.33081"><ele>2788</ele></trkpt>
<trkpt lat="46.96625" lon="10.33072"><ele>2781</ele></trkpt>
<trkpt lat="46.96598" lon="10.33064"><ele>2771</ele></trkpt>
<trkpt lat="46.96575" lon="10.33051"><ele>2761</ele></trkpt>
<trkpt lat="46.96555" lon="10.33036"><ele>2755</ele></trkpt>
<trkpt lat="46.96555" lon="10.33036"><ele>2755</ele></trkpt>
<trkpt lat="46.96555" lon="10.33036"><ele>2755</ele></trkpt>
<trkpt lat="46.96555" lon="10.33036"><ele>2755</ele></trkpt>
<trkpt lat="46.96555" lon="10.33036"><ele>2755</ele></trkpt>
<trkpt lat="46.9655" lon="10.33031"><ele>2753</ele></trkpt>
<trkpt lat="46.96496" lon="10.32997"><ele>2745</ele></trkpt>
<trkpt lat="46.96491" lon="10.32992"><ele>2745</ele></trkpt>
<trkpt lat="46.96491" lon="10.32992"><ele>2745</ele></trkpt>
<trkpt lat="46.96491" lon="10.32992"><ele>2745</ele></trkpt>
<trkpt lat="46.96491" lon="10.32992"><ele>2745</ele></trkpt>
<trkpt lat="46.96491" lon="10.32992"><ele>2745</ele></trkpt>
<trkpt lat="46.96443" lon="10.32945"><ele>2751</ele></trkpt>
<trkpt lat="46.96413" lon="10.3294"><ele>2753</ele></trkpt>
<trkpt lat="46.96413" lon="10.3294"><ele>2753</ele></trkpt>
<trkpt lat="46.96413" lon="10.3294"><ele>2753</ele></trkpt>
<trkpt lat="46.96413" lon="10.3294"><ele>2753</ele></trkpt>
<trkpt lat="46.96413" lon="10.3294"><ele>2753</ele></trkpt>
<trkpt lat="46.96403" lon="10.32937"><ele>2749</ele></trkpt>
<trkpt lat="46.96403" lon="10.32937"><ele>2749</ele></trkpt>
<trkpt lat="46.9639" lon="10.32934"><ele>2750</ele></trkpt>
<trkpt lat="46.96344" lon="10.32912"><ele>2746</ele></trkpt>
<trkpt lat="46.96316" lon="10.32912"><ele>2744</ele></trkpt>
<trkpt lat="46.96277" lon="10.32919"><ele>2742</ele></trkpt>
<trkpt lat="46.96257" lon="10.32917"><ele>2741</ele></trkpt>
<trkpt lat="46.96241" lon="10.32907"><ele>2740</ele></trkpt>
<trkpt lat="46.96212" lon="10.32873"><ele>2734</ele></trkpt>
<trkpt lat="46.96182" lon="10.32863"><ele>2736</ele></trkpt>
<trkpt lat="46.96155" lon="10.3287"><ele>2731</ele></trkpt>
<trkpt lat="46.96117" lon="10.32898"><ele>2726</ele></trkpt>
<trkpt lat="46.96103" lon="10.32903"><ele>2725</ele></trkpt>
<trkpt lat="46.96032" lon="10.32909"><ele>2711</ele></trkpt>
<trkpt lat="46.96003" lon="10.32926"><ele>2707</ele></trkpt>
<trkpt lat="46.95959" lon="10.32926"><ele>2703</ele></trkpt>
<trkpt lat="46.95932" lon="10.32916"><ele>2696</ele></trkpt>
<trkpt lat="46.95901" lon="10.32919"><ele>2692</ele></trkpt>
<trkpt lat="46.95871" lon="10.32909"><ele>2683</ele></trkpt>
<trkpt lat="46.95815" lon="10.32881"><ele>2674</ele></trkpt>
<trkpt lat="46.95756" lon="10.32835"><ele>2664</ele></trkpt>
<trkpt lat="46.95739" lon="10.32809"><ele>2665</ele></trkpt>
<trkpt lat="46.95739" lon="10.32809"><ele>2665</ele></trkpt>
<trkpt lat="46.95739" lon="10.32809"><ele>2665</ele></trkpt>
<trkpt lat="46.95739" lon="10.32809"><ele>2665</ele></trkpt>
<trkpt lat="46.95736" lon="10.32804"><ele>2665</ele></trkpt>
<trkpt lat="46.9572" lon="10.32753"><ele>2661</ele></trkpt>
<trkpt lat="46.9571" lon="10.32738"><ele>2661</ele></trkpt>
<trkpt lat="46.95679" lon="10.32719"><ele>2658</ele></trkpt>
<trkpt lat="46.95641" lon="10.32681"><ele>2655</ele></trkpt>
<trkpt lat="46.95604" lon="10.32628"><ele>2649</ele></trkpt>
<trkpt lat="46.95582" lon="10.32567"><ele>2640</ele></trkpt>
<trkpt lat="46.95549" lon="10.32534"><ele>2640</ele></trkpt>
<trkpt lat="46.95522" lon="10.32498"><ele>2640</ele></trkpt>
<trkpt lat="46.95496" lon="10.3246"><ele>2638</ele></trkpt>
<trkpt lat="46.95496" lon="10.3246"><ele>2638</ele></trkpt>
<trkpt lat="46.95496" lon="10.3246"><ele>2638</ele></trkpt>
<trkpt lat="46.95497" lon="10.32455"><ele>2635</ele></trkpt>
<trkpt lat="46.95495" lon="10.32453"><ele>2638</ele></trkpt>
<trkpt lat="46.95494" lon="10.32453"><ele>2636</ele></trkpt>
<trkpt lat="46.95493" lon="10.32452"><ele>2636</ele></trkpt>
<trkpt lat="46.95492" lon="10.3245"><ele>2636</ele></trkpt>
<trkpt lat="46.9549" lon="10.32447"><ele>2636</ele></trkpt>
<trkpt lat="46.95489" lon="10.32446"><ele>2636</ele></trkpt>
<trkpt lat="46.95489" lon="10.32445"><ele>2636</ele></trkpt>
<trkpt lat="46.95489" lon="10.32445"><ele>2636</ele></trkpt>
<trkpt lat="46.95488" lon="10.32442"><ele>2636</ele></trkpt>
<trkpt lat="46.95488" lon="10.32442"><ele>2636</ele></trkpt>
<trkpt lat="46.95487" lon="10.32442"><ele>2636</ele></trkpt>
<trkpt lat="46.95487" lon="10.32442"><ele>2636</ele></trkpt>
<trkpt lat="46.95487" lon="10.32441"><ele>2636</ele></trkpt>
<trkpt lat="46.95483" lon="10.32431"><ele>2636</ele></trkpt>
<trkpt lat="46.95481" lon="10.32425"><ele>2632</ele></trkpt>
<trkpt lat="46.95478" lon="10.32418"><ele>2632</ele></trkpt>
<trkpt lat="46.95477" lon="10.32411"><ele>2631</ele></trkpt>
<trkpt lat="46.95473" lon="10.32405"><ele>2631</ele></trkpt>
<trkpt lat="46.95471" lon="10.32399"><ele>2628</ele></trkpt>
<trkpt lat="46.95466" lon="10.32389"><ele>2628</ele></trkpt>
<trkpt lat="46.95465" lon="10.32388"><ele>2628</ele></trkpt>
<trkpt lat="46.95465" lon="10.32386"><ele>2628</ele></trkpt>
<trkpt lat="46.95464" lon="10.32385"><ele>2628</ele></trkpt>
<trkpt lat="46.95464" lon="10.32384"><ele>2628</ele></trkpt>
<trkpt lat="46.95464" lon="10.32384"><ele>2628</ele></trkpt>
<trkpt lat="46.95464" lon="10.32384"><ele>2628</ele></trkpt>
<trkpt lat="46.95464" lon="10.32384"><ele>2628</ele></trkpt>
<trkpt lat="46.95464" lon="10.32383"><ele>2628</ele></trkpt>
<trkpt lat="46.95463" lon="10.32377"><ele>2625</ele></trkpt>
<trkpt lat="46.9546" lon="10.32373"><ele>2628</ele></trkpt>
<trkpt lat="46.95458" lon="10.32363"><ele>2625</ele></trkpt>
<trkpt lat="46.95456" lon="10.32357"><ele>2625</ele></trkpt>
<trkpt lat="46.95455" lon="10.3235"><ele>2623</ele></trkpt>
<trkpt lat="46.95454" lon="10.32336"><ele>2622</ele></trkpt>
<trkpt lat="46.95453" lon="10.32331"><ele>2622</ele></trkpt>
<trkpt lat="46.95453" lon="10.32326"><ele>2622</ele></trkpt>
<trkpt lat="46.95452" lon="10.32322"><ele>2623</ele></trkpt>
<trkpt lat="46.95451" lon="10.32319"><ele>2623</ele></trkpt>
<trkpt lat="46.95451" lon="10.32314"><ele>2623</ele></trkpt>
<trkpt lat="46.95451" lon="10.32311"><ele>2621</ele></trkpt>
<trkpt lat="46.95451" lon="10.32306"><ele>2621</ele></trkpt>
<trkpt lat="46.95451" lon="10.32293"><ele>2619</ele></trkpt>
<trkpt lat="46.95449" lon="10.32281"><ele>2618</ele></trkpt>
<trkpt lat="46.95446" lon="10.32277"><ele>2618</ele></trkpt>
<trkpt lat="46.95442" lon="10.32273"><ele>2618</ele></trkpt>
<trkpt lat="46.95441" lon="10.32268"><ele>2618</ele></trkpt>
<trkpt lat="46.95438" lon="10.32262"><ele>2618</ele></trkpt>
<trkpt lat="46.95436" lon="10.32257"><ele>2616</ele></trkpt>
<trkpt lat="46.95436" lon="10.3225"><ele>2616</ele></trkpt>
<trkpt lat="46.95434" lon="10.32244"><ele>2616</ele></trkpt>
<trkpt lat="46.95432" lon="10.32237"><ele>2616</ele></trkpt>
<trkpt lat="46.9543" lon="10.3223"><ele>2614</ele></trkpt>
<trkpt lat="46.95429" lon="10.32224"><ele>2614</ele></trkpt>
<trkpt lat="46.95427" lon="10.32218"><ele>2613</ele></trkpt>
<trkpt lat="46.95426" lon="10.32211"><ele>2613</ele></trkpt>
<trkpt lat="46.95425" lon="10.32205"><ele>2613</ele></trkpt>
<trkpt lat="46.95425" lon="10.32199"><ele>2613</ele></trkpt>
<trkpt lat="46.95427" lon="10.32193"><ele>2610</ele></trkpt>
<trkpt lat="46.95427" lon="10.32186"><ele>2610</ele></trkpt>
<trkpt lat="46.95426" lon="10.3218"><ele>2612</ele></trkpt>
<trkpt lat="46.95427" lon="10.32174"><ele>2609</ele></trkpt>
<trkpt lat="46.95427" lon="10.32158"><ele>2608</ele></trkpt>
<trkpt lat="46.9543" lon="10.32145"><ele>2609</ele></trkpt>
<trkpt lat="46.95433" lon="10.32141"><ele>2609</ele></trkpt>
<trkpt lat="46.95436" lon="10.32138"><ele>2607</ele></trkpt>
<trkpt lat="46.95441" lon="10.32134"><ele>2608</ele></trkpt>
<trkpt lat="46.95444" lon="10.32128"><ele>2605</ele></trkpt>
<trkpt lat="46.95448" lon="10.32125"><ele>2605</ele></trkpt>
<trkpt lat="46.95452" lon="10.32118"><ele>2606</ele></trkpt>
<trkpt lat="46.95457" lon="10.32111"><ele>2603</ele></trkpt>
<trkpt lat="46.9546" lon="10.32104"><ele>2604</ele></trkpt>
<trkpt lat="46.95462" lon="10.32098"><ele>2602</ele></trkpt>
<trkpt lat="46.95467" lon="10.32099"><ele>2602</ele></trkpt>
<trkpt lat="46.9547" lon="10.321"><ele>2601</ele></trkpt>
<trkpt lat="46.95472" lon="10.32095"><ele>2602</ele></trkpt>
<trkpt lat="46.95475" lon="10.32091"><ele>2602</ele></trkpt>
<trkpt lat="46.95481" lon="10.3208"><ele>2601</ele></trkpt>
<trkpt lat="46.95485" lon="10.32079"><ele>2601</ele></trkpt>
<trkpt lat="46.95488" lon="10.32076"><ele>2598</ele></trkpt>
<trkpt lat="46.95491" lon="10.32071"><ele>2598</ele></trkpt>
<trkpt lat="46.95494" lon="10.32065"><ele>2600</ele></trkpt>
<trkpt lat="46.95498" lon="10.32062"><ele>2598</ele></trkpt>
<trkpt lat="46.95503" lon="10.32062"><ele>2598</ele></trkpt>
<trkpt lat="46.95507" lon="10.32067"><ele>2598</ele></trkpt>
<trkpt lat="46.9551" lon="10.32072"><ele>2596</ele></trkpt>
<trkpt lat="46.95514" lon="10.32074"><ele>2596</ele></trkpt>
<trkpt lat="46.95516" lon="10.32076"><ele>2596</ele></trkpt>
<trkpt lat="46.95517" lon="10.32078"><ele>2596</ele></trkpt>
<trkpt lat="46.95518" lon="10.32079"><ele>2596</ele></trkpt>
<trkpt lat="46.95518" lon="10.32079"><ele>2596</ele></trkpt>
<trkpt lat="46.95519" lon="10.3208"><ele>2596</ele></trkpt>
<trkpt lat="46.9552" lon="10.32083"><ele>2594</ele></trkpt>
<trkpt lat="46.95525" lon="10.32095"><ele>2593</ele></trkpt>
<trkpt lat="46.95527" lon="10.32102"><ele>2592</ele></trkpt>
<trkpt lat="46.95528" lon="10.3211"><ele>2591</ele></trkpt>
<trkpt lat="46.95528" lon="10.32119"><ele>2591</ele></trkpt>
<trkpt lat="46.9553" lon="10.32127"><ele>2590</ele></trkpt>
<trkpt lat="46.95533" lon="10.3213"><ele>2590</ele></trkpt>
<trkpt lat="46.95535" lon="10.3213"><ele>2590</ele></trkpt>
<trkpt lat="46.95535" lon="10.3213"><ele>2590</ele></trkpt>
<trkpt lat="46.95535" lon="10.3213"><ele>2590</ele></trkpt>
<trkpt lat="46.95537" lon="10.3213"><ele>2590</ele></trkpt>
<trkpt lat="46.95542" lon="10.32131"><ele>2589</ele></trkpt>
<trkpt lat="46.95545" lon="10.32131"><ele>2589</ele></trkpt>
<trkpt lat="46.95548" lon="10.3213"><ele>2589</ele></trkpt>
<trkpt lat="46.95549" lon="10.32128"><ele>2589</ele></trkpt>
<trkpt lat="46.9555" lon="10.32127"><ele>2589</ele></trkpt>
<trkpt lat="46.95552" lon="10.32126"><ele>2589</ele></trkpt>
<trkpt lat="46.95554" lon="10.32124"><ele>2589</ele></trkpt>
<trkpt lat="46.95556" lon="10.32121"><ele>2588</ele></trkpt>
<trkpt lat="46.9556" lon="10.32118"><ele>2588</ele></trkpt>
<trkpt lat="46.9557" lon="10.32114"><ele>2587</ele></trkpt>
<trkpt lat="46.95576" lon="10.32114"><ele>2586</ele></trkpt>
<trkpt lat="46.95581" lon="10.32111"><ele>2586</ele></trkpt>
<trkpt lat="46.95585" lon="10.32105"><ele>2585</ele></trkpt>
<trkpt lat="46.95589" lon="10.321"><ele>2585</ele></trkpt>
<trkpt lat="46.95593" lon="10.32096"><ele>2584</ele></trkpt>
<trkpt lat="46.95605" lon="10.32085"><ele>2584</ele></trkpt>
<trkpt lat="46.95607" lon="10.32079"><ele>2582</ele></trkpt>
<trkpt lat="46.95611" lon="10.32072"><ele>2584</ele></trkpt>
<trkpt lat="46.95616" lon="10.32067"><ele>2581</ele></trkpt>
<trkpt lat="46.95619" lon="10.32063"><ele>2582</ele></trkpt>
<trkpt lat="46.95621" lon="10.32058"><ele>2582</ele></trkpt>
<trkpt lat="46.95623" lon="10.32051"><ele>2580</ele></trkpt>
<trkpt lat="46.95626" lon="10.32045"><ele>2578</ele></trkpt>
<trkpt lat="46.95631" lon="10.32041"><ele>2578</ele></trkpt>
<trkpt lat="46.95634" lon="10.3204"><ele>2578</ele></trkpt>
<trkpt lat="46.95638" lon="10.32039"><ele>2578</ele></trkpt>
<trkpt lat="46.9564" lon="10.32037"><ele>2578</ele></trkpt>
<trkpt lat="46.95641" lon="10.3203"><ele>2576</ele></trkpt>
<trkpt lat="46.95642" lon="10.32023"><ele>2576</ele></trkpt>
<trkpt lat="46.95647" lon="10.3202"><ele>2576</ele></trkpt>
<trkpt lat="46.95651" lon="10.32019"><ele>2576</ele></trkpt>
<trkpt lat="46.95655" lon="10.32019"><ele>2574</ele></trkpt>
<trkpt lat="46.95658" lon="10.32015"><ele>2574</ele></trkpt>
<trkpt lat="46.9566" lon="10.32007"><ele>2574</ele></trkpt>
<trkpt lat="46.95664" lon="10.32003"><ele>2571</ele></trkpt>
<trkpt lat="46.9567" lon="10.32003"><ele>2571</ele></trkpt>
<trkpt lat="46.95675" lon="10.32005"><ele>2570</ele></trkpt>
<trkpt lat="46.95681" lon="10.32003"><ele>2570</ele></trkpt>
<trkpt lat="46.95688" lon="10.32004"><ele>2570</ele></trkpt>
<trkpt lat="46.95693" lon="10.32009"><ele>2570</ele></trkpt>
<trkpt lat="46.95697" lon="10.32013"><ele>2572</ele></trkpt>
<trkpt lat="46.95698" lon="10.32019"><ele>2572</ele></trkpt>
<trkpt lat="46.95694" lon="10.32024"><ele>2568</ele></trkpt>
<trkpt lat="46.95689" lon="10.32025"><ele>2568</ele></trkpt>
<trkpt lat="46.95685" lon="10.32026"><ele>2569</ele></trkpt>
<trkpt lat="46.95681" lon="10.32029"><ele>2569</ele></trkpt>
<trkpt lat="46.95681" lon="10.32034"><ele>2567</ele></trkpt>
<trkpt lat="46.95683" lon="10.32038"><ele>2567</ele></trkpt>
<trkpt lat="46.95687" lon="10.32036"><ele>2567</ele></trkpt>
<trkpt lat="46.95695" lon="10.32035"><ele>2566</ele></trkpt>
<trkpt lat="46.95703" lon="10.3204"><ele>2566</ele></trkpt>
<trkpt lat="46.95707" lon="10.32042"><ele>2567</ele></trkpt>
<trkpt lat="46.95711" lon="10.32045"><ele>2562</ele></trkpt>
<trkpt lat="46.95716" lon="10.32048"><ele>2563</ele></trkpt>
<trkpt lat="46.95725" lon="10.32054"><ele>2565</ele></trkpt>
<trkpt lat="46.9573" lon="10.32056"><ele>2565</ele></trkpt>
<trkpt lat="46.95735" lon="10.32057"><ele>2566</ele></trkpt>
<trkpt lat="46.95739" lon="10.32058"><ele>2560</ele></trkpt>
<trkpt lat="46.95745" lon="10.3206"><ele>2560</ele></trkpt>
<trkpt lat="46.95749" lon="10.32062"><ele>2561</ele></trkpt>
<trkpt lat="46.95762" lon="10.32067"><ele>2562</ele></trkpt>
<trkpt lat="46.95774" lon="10.32072"><ele>2557</ele></trkpt>
<trkpt lat="46.95785" lon="10.32078"><ele>2560</ele></trkpt>
<trkpt lat="46.95785" lon="10.32078"><ele>2560</ele></trkpt>
<trkpt lat="46.9579" lon="10.32084"><ele>2555</ele></trkpt>
<trkpt lat="46.95802" lon="10.32095"><ele>2560</ele></trkpt>
<trkpt lat="46.95805" lon="10.321"><ele>2555</ele></trkpt>
<trkpt lat="46.95809" lon="10.32107"><ele>2555</ele></trkpt>
<trkpt lat="46.95812" lon="10.32113"><ele>2554</ele></trkpt>
<trkpt lat="46.9582" lon="10.32124"><ele>2552</ele></trkpt>
<trkpt lat="46.95823" lon="10.32126"><ele>2552</ele></trkpt>
<trkpt lat="46.95825" lon="10.32127"><ele>2552</ele></trkpt>
<trkpt lat="46.95827" lon="10.32127"><ele>2552</ele></trkpt>
<trkpt lat="46.9583" lon="10.32128"><ele>2555</ele></trkpt>
<trkpt lat="46.95832" lon="10.3213"><ele>2555</ele></trkpt>
<trkpt lat="46.95832" lon="10.32135"><ele>2550</ele></trkpt>
<trkpt lat="46.9583" lon="10.32139"><ele>2550</ele></trkpt>
<trkpt lat="46.95827" lon="10.3214"><ele>2548</ele></trkpt>
<trkpt lat="46.95819" lon="10.32136"><ele>2548</ele></trkpt>
<trkpt lat="46.95814" lon="10.32132"><ele>2549</ele></trkpt>
<trkpt lat="46.95811" lon="10.3213"><ele>2549</ele></trkpt>
<trkpt lat="46.95808" lon="10.32129"><ele>2547</ele></trkpt>
<trkpt lat="46.95798" lon="10.32116"><ele>2548</ele></trkpt>
<trkpt lat="46.95794" lon="10.32114"><ele>2548</ele></trkpt>
<trkpt lat="46.95789" lon="10.3211"><ele>2546</ele></trkpt>
<trkpt lat="46.95787" lon="10.32112"><ele>2546</ele></trkpt>
<trkpt lat="46.95788" lon="10.32116"><ele>2546</ele></trkpt>
<trkpt lat="46.9579" lon="10.32118"><ele>2546</ele></trkpt>
<trkpt lat="46.95795" lon="10.32125"><ele>2545</ele></trkpt>
<trkpt lat="46.95794" lon="10.3213"><ele>2545</ele></trkpt>
<trkpt lat="46.95795" lon="10.32135"><ele>2542</ele></trkpt>
<trkpt lat="46.95797" lon="10.3214"><ele>2542</ele></trkpt>
<trkpt lat="46.95802" lon="10.32152"><ele>2541</ele></trkpt>
<trkpt lat="46.95804" lon="10.32156"><ele>2541</ele></trkpt>
<trkpt lat="46.95806" lon="10.32161"><ele>2540</ele></trkpt>
<trkpt lat="46.95808" lon="10.32164"><ele>2540</ele></trkpt>
<trkpt lat="46.95811" lon="10.32169"><ele>2540</ele></trkpt>
<trkpt lat="46.95814" lon="10.32172"><ele>2538</ele></trkpt>
<trkpt lat="46.95821" lon="10.3218"><ele>2538</ele></trkpt>
<trkpt lat="46.95826" lon="10.32183"><ele>2538</ele></trkpt>
<trkpt lat="46.9583" lon="10.32185"><ele>2538</ele></trkpt>
<trkpt lat="46.9584" lon="10.32189"><ele>2535</ele></trkpt>
<trkpt lat="46.95848" lon="10.32191"><ele>2536</ele></trkpt>
<trkpt lat="46.95851" lon="10.32191"><ele>2536</ele></trkpt>
<trkpt lat="46.95854" lon="10.32191"><ele>2537</ele></trkpt>
<trkpt lat="46.95856" lon="10.32193"><ele>2537</ele></trkpt>
<trkpt lat="46.95856" lon="10.32196"><ele>2537</ele></trkpt>
<trkpt lat="46.95856" lon="10.32196"><ele>2537</ele></trkpt>
<trkpt lat="46.95854" lon="10.32199"><ele>2533</ele></trkpt>
<trkpt lat="46.95851" lon="10.322"><ele>2532</ele></trkpt>
<trkpt lat="46.95848" lon="10.322"><ele>2532</ele></trkpt>
<trkpt lat="46.95841" lon="10.32202"><ele>2532</ele></trkpt>
<trkpt lat="46.95838" lon="10.32203"><ele>2532</ele></trkpt>
<trkpt lat="46.95834" lon="10.32202"><ele>2532</ele></trkpt>
<trkpt lat="46.9583" lon="10.32201"><ele>2532</ele></trkpt>
<trkpt lat="46.95827" lon="10.32203"><ele>2531</ele></trkpt>
<trkpt lat="46.95823" lon="10.32206"><ele>2531</ele></trkpt>
<trkpt lat="46.9582" lon="10.32208"><ele>2531</ele></trkpt>
<trkpt lat="46.95814" lon="10.32207"><ele>2531</ele></trkpt>
<trkpt lat="46.95811" lon="10.32206"><ele>2531</ele></trkpt>
<trkpt lat="46.95808" lon="10.32204"><ele>2531</ele></trkpt>
<trkpt lat="46.95804" lon="10.32202"><ele>2531</ele></trkpt>
<trkpt lat="46.958" lon="10.32201"><ele>2530</ele></trkpt>
<trkpt lat="46.95796" lon="10.32203"><ele>2530</ele></trkpt>
<trkpt lat="46.95794" lon="10.32207"><ele>2530</ele></trkpt>
<trkpt lat="46.95793" lon="10.3221"><ele>2530</ele></trkpt>
<trkpt lat="46.95792" lon="10.32214"><ele>2528</ele></trkpt>
<trkpt lat="46.95792" lon="10.32217"><ele>2528</ele></trkpt>
<trkpt lat="46.95792" lon="10.3222"><ele>2528</ele></trkpt>
<trkpt lat="46.95792" lon="10.32224"><ele>2528</ele></trkpt>
<trkpt lat="46.9579" lon="10.32229"><ele>2528</ele></trkpt>
<trkpt lat="46.95787" lon="10.32233"><ele>2528</ele></trkpt>
<trkpt lat="46.95784" lon="10.32235"><ele>2528</ele></trkpt>
<trkpt lat="46.95782" lon="10.32237"><ele>2527</ele></trkpt>
<trkpt lat="46.9578" lon="10.32239"><ele>2527</ele></trkpt>
<trkpt lat="46.9578" lon="10.32239"><ele>2527</ele></trkpt>
<trkpt lat="46.95779" lon="10.32244"><ele>2527</ele></trkpt>
<trkpt lat="46.95785" lon="10.32245"><ele>2526</ele></trkpt>
<trkpt lat="46.95791" lon="10.32243"><ele>2526</ele></trkpt>
<trkpt lat="46.95792" lon="10.3224"><ele>2526</ele></trkpt>
<trkpt lat="46.95793" lon="10.32236"><ele>2524</ele></trkpt>
<trkpt lat="46.95796" lon="10.32234"><ele>2526</ele></trkpt>
<trkpt lat="46.95799" lon="10.32236"><ele>2526</ele></trkpt>
<trkpt lat="46.958" lon="10.32239"><ele>2524</ele></trkpt>
<trkpt lat="46.95801" lon="10.32244"><ele>2524</ele></trkpt>
<trkpt lat="46.958" lon="10.32249"><ele>2524</ele></trkpt>
<trkpt lat="46.95799" lon="10.32251"><ele>2523</ele></trkpt>
<trkpt lat="46.95799" lon="10.32253"><ele>2523</ele></trkpt>
<trkpt lat="46.95798" lon="10.32256"><ele>2523</ele></trkpt>
<trkpt lat="46.95797" lon="10.32259"><ele>2523</ele></trkpt>
<trkpt lat="46.95797" lon="10.32266"><ele>2523</ele></trkpt>
<trkpt lat="46.95799" lon="10.32268"><ele>2523</ele></trkpt>
<trkpt lat="46.95802" lon="10.3227"><ele>2520</ele></trkpt>
<trkpt lat="46.95803" lon="10.32273"><ele>2520</ele></trkpt>
<trkpt lat="46.95804" lon="10.32275"><ele>2521</ele></trkpt>
<trkpt lat="46.95805" lon="10.32278"><ele>2521</ele></trkpt>
<trkpt lat="46.95805" lon="10.32279"><ele>2521</ele></trkpt>
<trkpt lat="46.95806" lon="10.32281"><ele>2521</ele></trkpt>
<trkpt lat="46.95807" lon="10.32287"><ele>2521</ele></trkpt>
<trkpt lat="46.9581" lon="10.32293"><ele>2517</ele></trkpt>
<trkpt lat="46.9581" lon="10.32296"><ele>2517</ele></trkpt>
<trkpt lat="46.95811" lon="10.32298"><ele>2517</ele></trkpt>
<trkpt lat="46.95811" lon="10.32299"><ele>2517</ele></trkpt>
<trkpt lat="46.95812" lon="10.32302"><ele>2518</ele></trkpt>
<trkpt lat="46.95814" lon="10.32306"><ele>2518</ele></trkpt>
<trkpt lat="46.95816" lon="10.32311"><ele>2518</ele></trkpt>
<trkpt lat="46.95818" lon="10.32316"><ele>2518</ele></trkpt>
<trkpt lat="46.95818" lon="10.32319"><ele>2515</ele></trkpt>
<trkpt lat="46.95819" lon="10.32323"><ele>2515</ele></trkpt>
<trkpt lat="46.95817" lon="10.32329"><ele>2518</ele></trkpt>
<trkpt lat="46.95816" lon="10.32333"><ele>2518</ele></trkpt>
<trkpt lat="46.95817" lon="10.32337"><ele>2518</ele></trkpt>
<trkpt lat="46.95819" lon="10.32346"><ele>2515</ele></trkpt>
<trkpt lat="46.9582" lon="10.32351"><ele>2515</ele></trkpt>
<trkpt lat="46.9582" lon="10.32357"><ele>2515</ele></trkpt>
<trkpt lat="46.95821" lon="10.32362"><ele>2515</ele></trkpt>
<trkpt lat="46.95821" lon="10.32362"><ele>2515</ele></trkpt>
<trkpt lat="46.95824" lon="10.32367"><ele>2516</ele></trkpt>
<trkpt lat="46.95832" lon="10.32374"><ele>2514</ele></trkpt>
<trkpt lat="46.95835" lon="10.32379"><ele>2515</ele></trkpt>
<trkpt lat="46.95837" lon="10.3239"><ele>2514</ele></trkpt>
<trkpt lat="46.95838" lon="10.32395"><ele>2514</ele></trkpt>
<trkpt lat="46.95839" lon="10.32399"><ele>2514</ele></trkpt>
<trkpt lat="46.95841" lon="10.32402"><ele>2515</ele></trkpt>
<trkpt lat="46.95844" lon="10.32404"><ele>2515</ele></trkpt>
<trkpt lat="46.95846" lon="10.32406"><ele>2514</ele></trkpt>
<trkpt lat="46.95849" lon="10.32408"><ele>2514</ele></trkpt>
<trkpt lat="46.95853" lon="10.3241"><ele>2514</ele></trkpt>
<trkpt lat="46.95856" lon="10.32412"><ele>2514</ele></trkpt>
<trkpt lat="46.9586" lon="10.3241"><ele>2514</ele></trkpt>
<trkpt lat="46.95863" lon="10.32409"><ele>2515</ele></trkpt>
<trkpt lat="46.95864" lon="10.32408"><ele>2515</ele></trkpt>
<trkpt lat="46.95865" lon="10.32407"><ele>2515</ele></trkpt>
<trkpt lat="46.95865" lon="10.32408"><ele>2515</ele></trkpt>
<trkpt lat="46.95865" lon="10.32407"><ele>2515</ele></trkpt>
<trkpt lat="46.95865" lon="10.32407"><ele>2515</ele></trkpt>
<trkpt lat="46.95871" lon="10.32401"><ele>2512</ele></trkpt>
<trkpt lat="46.95878" lon="10.32396"><ele>2512</ele></trkpt>
<trkpt lat="46.9588" lon="10.32391"><ele>2512</ele></trkpt>
<trkpt lat="46.95883" lon="10.32385"><ele>2510</ele></trkpt>
<trkpt lat="46.95887" lon="10.32383"><ele>2510</ele></trkpt>
<trkpt lat="46.95894" lon="10.32381"><ele>2510</ele></trkpt>
<trkpt lat="46.95902" lon="10.32384"><ele>2509</ele></trkpt>
<trkpt lat="46.95906" lon="10.32389"><ele>2507</ele></trkpt>
<trkpt lat="46.95907" lon="10.32395"><ele>2507</ele></trkpt>
<trkpt lat="46.9591" lon="10.32403"><ele>2509</ele></trkpt>
<trkpt lat="46.95913" lon="10.32409"><ele>2509</ele></trkpt>
<trkpt lat="46.95925" lon="10.3241"><ele>2506</ele></trkpt>
<trkpt lat="46.95929" lon="10.3241"><ele>2506</ele></trkpt>
<trkpt lat="46.95932" lon="10.32409"><ele>2505</ele></trkpt>
<trkpt lat="46.95934" lon="10.32409"><ele>2505</ele></trkpt>
<trkpt lat="46.95934" lon="10.32409"><ele>2505</ele></trkpt>
<trkpt lat="46.95935" lon="10.32409"><ele>2505</ele></trkpt>
<trkpt lat="46.95937" lon="10.32407"><ele>2505</ele></trkpt>
<trkpt lat="46.95937" lon="10.32407"><ele>2505</ele></trkpt>
<trkpt lat="46.95937" lon="10.32407"><ele>2505</ele></trkpt>
<trkpt lat="46.95938" lon="10.32406"><ele>2505</ele></trkpt>
<trkpt lat="46.95939" lon="10.32404"><ele>2505</ele></trkpt>
<trkpt lat="46.95945" lon="10.32393"><ele>2504</ele></trkpt>
<trkpt lat="46.95945" lon="10.32389"><ele>2502</ele></trkpt>
<trkpt lat="46.95945" lon="10.32387"><ele>2502</ele></trkpt>
<trkpt lat="46.95945" lon="10.32387"><ele>2502</ele></trkpt>
<trkpt lat="46.95945" lon="10.32387"><ele>2502</ele></trkpt>
<trkpt lat="46.95945" lon="10.32387"><ele>2502</ele></trkpt>
<trkpt lat="46.95944" lon="10.32378"><ele>2502</ele></trkpt>
<trkpt lat="46.95943" lon="10.32369"><ele>2501</ele></trkpt>
<trkpt lat="46.95942" lon="10.32363"><ele>2500</ele></trkpt>
<trkpt lat="46.95941" lon="10.32358"><ele>2500</ele></trkpt>
<trkpt lat="46.9594" lon="10.32352"><ele>2501</ele></trkpt>
<trkpt lat="46.95937" lon="10.32346"><ele>2500</ele></trkpt>
<trkpt lat="46.95935" lon="10.3234"><ele>2500</ele></trkpt>
<trkpt lat="46.95934" lon="10.32334"><ele>2499</ele></trkpt>
<trkpt lat="46.9594" lon="10.32325"><ele>2497</ele></trkpt>
<trkpt lat="46.95944" lon="10.32324"><ele>2497</ele></trkpt>
<trkpt lat="46.95949" lon="10.32325"><ele>2497</ele></trkpt>
<trkpt lat="46.95955" lon="10.32326"><ele>2497</ele></trkpt>
<trkpt lat="46.95964" lon="10.32328"><ele>2496</ele></trkpt>
<trkpt lat="46.95969" lon="10.32328"><ele>2496</ele></trkpt>
<trkpt lat="46.95974" lon="10.32327"><ele>2496</ele></trkpt>
<trkpt lat="46.95978" lon="10.32326"><ele>2496</ele></trkpt>
<trkpt lat="46.95982" lon="10.32323"><ele>2494</ele></trkpt>
<trkpt lat="46.95987" lon="10.3232"><ele>2494</ele></trkpt>
<trkpt lat="46.95992" lon="10.32317"><ele>2494</ele></trkpt>
<trkpt lat="46.95995" lon="10.32311"><ele>2493</ele></trkpt>
<trkpt lat="46.95998" lon="10.32304"><ele>2493</ele></trkpt>
<trkpt lat="46.96002" lon="10.32298"><ele>2491</ele></trkpt>
<trkpt lat="46.96006" lon="10.32293"><ele>2491</ele></trkpt>
<trkpt lat="46.96008" lon="10.32288"><ele>2491</ele></trkpt>
<trkpt lat="46.96008" lon="10.32288"><ele>2491</ele></trkpt>
<trkpt lat="46.96008" lon="10.32282"><ele>2489</ele></trkpt>
<trkpt lat="46.96005" lon="10.3228"><ele>2489</ele></trkpt>
<trkpt lat="46.96001" lon="10.32281"><ele>2489</ele></trkpt>
<trkpt lat="46.95993" lon="10.32283"><ele>2489</ele></trkpt>
<trkpt lat="46.95989" lon="10.32282"><ele>2488</ele></trkpt>
<trkpt lat="46.95986" lon="10.32276"><ele>2488</ele></trkpt>
<trkpt lat="46.95982" lon="10.32271"><ele>2487</ele></trkpt>
<trkpt lat="46.95978" lon="10.32267"><ele>2487</ele></trkpt>
<trkpt lat="46.95975" lon="10.3226"><ele>2485</ele></trkpt>
<trkpt lat="46.95972" lon="10.32253"><ele>2486</ele></trkpt>
<trkpt lat="46.95968" lon="10.32247"><ele>2484</ele></trkpt>
<trkpt lat="46.95965" lon="10.32241"><ele>2484</ele></trkpt>
<trkpt lat="46.95962" lon="10.32236"><ele>2484</ele></trkpt>
<trkpt lat="46.95958" lon="10.32234"><ele>2483</ele></trkpt>
<trkpt lat="46.95957" lon="10.3223"><ele>2483</ele></trkpt>
<trkpt lat="46.95957" lon="10.3223"><ele>2483</ele></trkpt>
<trkpt lat="46.95959" lon="10.32228"><ele>2482</ele></trkpt>
<trkpt lat="46.95961" lon="10.32229"><ele>2482</ele></trkpt>
<trkpt lat="46.95965" lon="10.3223"><ele>2482</ele></trkpt>
<trkpt lat="46.95969" lon="10.32229"><ele>2481</ele></trkpt>
<trkpt lat="46.95975" lon="10.32231"><ele>2480</ele></trkpt>
<trkpt lat="46.95981" lon="10.32231"><ele>2480</ele></trkpt>
<trkpt lat="46.95987" lon="10.32231"><ele>2479</ele></trkpt>
<trkpt lat="46.95993" lon="10.32231"><ele>2479</ele></trkpt>
<trkpt lat="46.95998" lon="10.32229"><ele>2479</ele></trkpt>
<trkpt lat="46.96003" lon="10.32226"><ele>2478</ele></trkpt>
<trkpt lat="46.96007" lon="10.32224"><ele>2478</ele></trkpt>
<trkpt lat="46.9601" lon="10.3222"><ele>2476</ele></trkpt>
<trkpt lat="46.96014" lon="10.32216"><ele>2476</ele></trkpt>
<trkpt lat="46.96018" lon="10.32213"><ele>2476</ele></trkpt>
<trkpt lat="46.96024" lon="10.32212"><ele>2476</ele></trkpt>
<trkpt lat="46.96033" lon="10.32207"><ele>2474</ele></trkpt>
<trkpt lat="46.96039" lon="10.32204"><ele>2474</ele></trkpt>
<trkpt lat="46.96044" lon="10.32202"><ele>2474</ele></trkpt>
<trkpt lat="46.96056" lon="10.32196"><ele>2471</ele></trkpt>
<trkpt lat="46.96061" lon="10.32194"><ele>2471</ele></trkpt>
<trkpt lat="46.96066" lon="10.32193"><ele>2471</ele></trkpt>
<trkpt lat="46.96071" lon="10.32191"><ele>2471</ele></trkpt>
<trkpt lat="46.96075" lon="10.32188"><ele>2472</ele></trkpt>
<trkpt lat="46.96081" lon="10.32185"><ele>2469</ele></trkpt>
<trkpt lat="46.96085" lon="10.32177"><ele>2469</ele></trkpt>
<trkpt lat="46.96085" lon="10.32177"><ele>2469</ele></trkpt>
<trkpt lat="46.96081" lon="10.32176"><ele>2469</ele></trkpt>
<trkpt lat="46.96077" lon="10.32177"><ele>2468</ele></trkpt>
<trkpt lat="46.96069" lon="10.32178"><ele>2468</ele></trkpt>
<trkpt lat="46.96065" lon="10.32179"><ele>2468</ele></trkpt>
<trkpt lat="46.96061" lon="10.3218"><ele>2467</ele></trkpt>
<trkpt lat="46.96055" lon="10.32179"><ele>2467</ele></trkpt>
<trkpt lat="46.96049" lon="10.32178"><ele>2467</ele></trkpt>
<trkpt lat="46.96037" lon="10.3217"><ele>2464</ele></trkpt>
<trkpt lat="46.96031" lon="10.32168"><ele>2464</ele></trkpt>
<trkpt lat="46.96025" lon="10.32164"><ele>2464</ele></trkpt>
<trkpt lat="46.96022" lon="10.32156"><ele>2461</ele></trkpt>
<trkpt lat="46.96018" lon="10.32149"><ele>2462</ele></trkpt>
<trkpt lat="46.96013" lon="10.32144"><ele>2460</ele></trkpt>
<trkpt lat="46.96008" lon="10.32141"><ele>2461</ele></trkpt>
<trkpt lat="46.96004" lon="10.32139"><ele>2461</ele></trkpt>
<trkpt lat="46.96002" lon="10.32135"><ele>2461</ele></trkpt>
<trkpt lat="46.96002" lon="10.32135"><ele>2461</ele></trkpt>
<trkpt lat="46.96003" lon="10.32131"><ele>2458</ele></trkpt>
<trkpt lat="46.96006" lon="10.32131"><ele>2458</ele></trkpt>
<trkpt lat="46.9601" lon="10.32132"><ele>2457</ele></trkpt>
<trkpt lat="46.96015" lon="10.32133"><ele>2457</ele></trkpt>
<trkpt lat="46.96021" lon="10.32136"><ele>2458</ele></trkpt>
<trkpt lat="46.96026" lon="10.32139"><ele>2458</ele></trkpt>
<trkpt lat="46.96031" lon="10.3214"><ele>2457</ele></trkpt>
<trkpt lat="46.96038" lon="10.32139"><ele>2457</ele></trkpt>
<trkpt lat="46.96044" lon="10.32141"><ele>2457</ele></trkpt>
<trkpt lat="46.96048" lon="10.32139"><ele>2457</ele></trkpt>
<trkpt lat="46.96049" lon="10.32134"><ele>2454</ele></trkpt>
<trkpt lat="46.96046" lon="10.3213"><ele>2454</ele></trkpt>
<trkpt lat="46.96042" lon="10.32126"><ele>2454</ele></trkpt>
<trkpt lat="46.96032" lon="10.32119"><ele>2451</ele></trkpt>
<trkpt lat="46.96024" lon="10.32113"><ele>2452</ele></trkpt>
<trkpt lat="46.96027" lon="10.32109"><ele>2452</ele></trkpt>
<trkpt lat="46.96031" lon="10.32109"><ele>2451</ele></trkpt>
<trkpt lat="46.96036" lon="10.32108"><ele>2451</ele></trkpt>
<trkpt lat="46.96041" lon="10.32107"><ele>2448</ele></trkpt>
<trkpt lat="46.96047" lon="10.32106"><ele>2447</ele></trkpt>
<trkpt lat="46.96053" lon="10.32105"><ele>2447</ele></trkpt>
<trkpt lat="46.96059" lon="10.32103"><ele>2447</ele></trkpt>
<trkpt lat="46.96063" lon="10.32098"><ele>2447</ele></trkpt>
<trkpt lat="46.96068" lon="10.32093"><ele>2445</ele></trkpt>
<trkpt lat="46.96072" lon="10.32085"><ele>2445</ele></trkpt>
<trkpt lat="46.96075" lon="10.32075"><ele>2443</ele></trkpt>
<trkpt lat="46.96076" lon="10.32065"><ele>2441</ele></trkpt>
<trkpt lat="46.96078" lon="10.32054"><ele>2440</ele></trkpt>
<trkpt lat="46.96081" lon="10.32044"><ele>2440</ele></trkpt>
<trkpt lat="46.96083" lon="10.32029"><ele>2439</ele></trkpt>
<trkpt lat="46.96083" lon="10.32025"><ele>2439</ele></trkpt>
<trkpt lat="46.96083" lon="10.32019"><ele>2439</ele></trkpt>
<trkpt lat="46.96084" lon="10.32015"><ele>2438</ele></trkpt>
<trkpt lat="46.96085" lon="10.31978"><ele>2438</ele></trkpt>
<trkpt lat="46.96084" lon="10.31944"><ele>2438</ele></trkpt>
<trkpt lat="46.96084" lon="10.31937"><ele>2438</ele></trkpt>
<trkpt lat="46.96083" lon="10.31931"><ele>2438</ele></trkpt>
<trkpt lat="46.96083" lon="10.31926"><ele>2438</ele></trkpt>
<trkpt lat="46.96082" lon="10.31919"><ele>2438</ele></trkpt>
<trkpt lat="46.96081" lon="10.31913"><ele>2437</ele></trkpt>
<trkpt lat="46.96072" lon="10.31877"><ele>2437</ele></trkpt>
<trkpt lat="46.9607" lon="10.31871"><ele>2439</ele></trkpt>
<trkpt lat="46.96065" lon="10.3186"><ele>2438</ele></trkpt>
<trkpt lat="46.96059" lon="10.31851"><ele>2439</ele></trkpt>
<trkpt lat="46.96056" lon="10.31847"><ele>2439</ele></trkpt>
<trkpt lat="46.9605" lon="10.31838"><ele>2440</ele></trkpt>
<trkpt lat="46.96048" lon="10.31833"><ele>2440</ele></trkpt>
<trkpt lat="46.96047" lon="10.31827"><ele>2440</ele></trkpt>
<trkpt lat="46.96047" lon="10.3182"><ele>2440</ele></trkpt>
<trkpt lat="46.96049" lon="10.31815"><ele>2440</ele></trkpt>
<trkpt lat="46.96049" lon="10.31815"><ele>2440</ele></trkpt>
<trkpt lat="46.96053" lon="10.31811"><ele>2440</ele></trkpt>
<trkpt lat="46.96056" lon="10.31807"><ele>2439</ele></trkpt>
<trkpt lat="46.9606" lon="10.31805"><ele>2439</ele></trkpt>
<trkpt lat="46.96069" lon="10.318"><ele>2439</ele></trkpt>
<trkpt lat="46.96073" lon="10.31798"><ele>2437</ele></trkpt>
<trkpt lat="46.96077" lon="10.31796"><ele>2437</ele></trkpt>
<trkpt lat="46.9608" lon="10.31794"><ele>2437</ele></trkpt>
<trkpt lat="46.96082" lon="10.31794"><ele>2435</ele></trkpt>
<trkpt lat="46.96085" lon="10.31793"><ele>2435</ele></trkpt>
<trkpt lat="46.96087" lon="10.31793"><ele>2435</ele></trkpt>
<trkpt lat="46.96089" lon="10.31792"><ele>2434</ele></trkpt>
<trkpt lat="46.96092" lon="10.31791"><ele>2434</ele></trkpt>
<trkpt lat="46.96092" lon="10.31791"><ele>2434</ele></trkpt>
<trkpt lat="46.96092" lon="10.31791"><ele>2434</ele></trkpt>
<trkpt lat="46.96092" lon="10.31791"><ele>2434</ele></trkpt>
<trkpt lat="46.96092" lon="10.31791"><ele>2434</ele></trkpt>
<trkpt lat="46.96095" lon="10.3179"><ele>2434</ele></trkpt>
<trkpt lat="46.96099" lon="10.31789"><ele>2433</ele></trkpt>
<trkpt lat="46.96108" lon="10.31787"><ele>2433</ele></trkpt>
<trkpt lat="46.96113" lon="10.31788"><ele>2433</ele></trkpt>
<trkpt lat="46.96118" lon="10.31789"><ele>2433</ele></trkpt>
<trkpt lat="46.96123" lon="10.31791"><ele>2430</ele></trkpt>
<trkpt lat="46.96129" lon="10.31797"><ele>2430</ele></trkpt>
<trkpt lat="46.96132" lon="10.31797"><ele>2430</ele></trkpt>
<trkpt lat="46.96137" lon="10.318"><ele>2430</ele></trkpt>
<trkpt lat="46.96138" lon="10.31801"><ele>2430</ele></trkpt>
<trkpt lat="46.96138" lon="10.318"><ele>2430</ele></trkpt>
<trkpt lat="46.96139" lon="10.318"><ele>2430</ele></trkpt>
<trkpt lat="46.96139" lon="10.318"><ele>2430</ele></trkpt>
<trkpt lat="46.9614" lon="10.318"><ele>2430</ele></trkpt>
<trkpt lat="46.96142" lon="10.31799"><ele>2429</ele></trkpt>
<trkpt lat="46.96143" lon="10.31799"><ele>2429</ele></trkpt>
<trkpt lat="46.96147" lon="10.31803"><ele>2428</ele></trkpt>
<trkpt lat="46.9616" lon="10.31808"><ele>2426</ele></trkpt>
<trkpt lat="46.96163" lon="10.31811"><ele>2426</ele></trkpt>
<trkpt lat="46.96163" lon="10.3182"><ele>2426</ele></trkpt>
<trkpt lat="46.96164" lon="10.31834"><ele>2425</ele></trkpt>
<trkpt lat="46.96166" lon="10.31837"><ele>2425</ele></trkpt>
<trkpt lat="46.96172" lon="10.31842"><ele>2424</ele></trkpt>
<trkpt lat="46.96177" lon="10.3185"><ele>2423</ele></trkpt>
<trkpt lat="46.9618" lon="10.31854"><ele>2422</ele></trkpt>
<trkpt lat="46.96183" lon="10.31856"><ele>2422</ele></trkpt>
<trkpt lat="46.96187" lon="10.31854"><ele>2421</ele></trkpt>
<trkpt lat="46.96191" lon="10.31854"><ele>2421</ele></trkpt>
<trkpt lat="46.96199" lon="10.31854"><ele>2420</ele></trkpt>
<trkpt lat="46.96203" lon="10.31852"><ele>2419</ele></trkpt>
<trkpt lat="46.96205" lon="10.31849"><ele>2419</ele></trkpt>
<trkpt lat="46.96207" lon="10.31845"><ele>2419</ele></trkpt>
<trkpt lat="46.96213" lon="10.31838"><ele>2418</ele></trkpt>
<trkpt lat="46.96216" lon="10.31836"><ele>2418</ele></trkpt>
<trkpt lat="46.96219" lon="10.31835"><ele>2418</ele></trkpt>
<trkpt lat="46.96225" lon="10.31835"><ele>2416</ele></trkpt>
<trkpt lat="46.96231" lon="10.31832"><ele>2415</ele></trkpt>
<trkpt lat="46.96232" lon="10.31826"><ele>2415</ele></trkpt>
<trkpt lat="46.96236" lon="10.31813"><ele>2413</ele></trkpt>
<trkpt lat="46.96244" lon="10.31805"><ele>2413</ele></trkpt>
<trkpt lat="46.96252" lon="10.31797"><ele>2413</ele></trkpt>
<trkpt lat="46.96256" lon="10.31794"><ele>2412</ele></trkpt>
<trkpt lat="46.9626" lon="10.31793"><ele>2412</ele></trkpt>
<trkpt lat="46.9627" lon="10.31791"><ele>2410</ele></trkpt>
<trkpt lat="46.96274" lon="10.31791"><ele>2410</ele></trkpt>
<trkpt lat="46.96283" lon="10.31793"><ele>2409</ele></trkpt>
<trkpt lat="46.96287" lon="10.31795"><ele>2409</ele></trkpt>
<trkpt lat="46.96291" lon="10.31797"><ele>2408</ele></trkpt>
<trkpt lat="46.96295" lon="10.318"><ele>2408</ele></trkpt>
<trkpt lat="46.96306" lon="10.31805"><ele>2406</ele></trkpt>
<trkpt lat="46.96309" lon="10.31805"><ele>2404</ele></trkpt>
<trkpt lat="46.96313" lon="10.31805"><ele>2404</ele></trkpt>
<trkpt lat="46.96319" lon="10.31798"><ele>2405</ele></trkpt>
<trkpt lat="46.96329" lon="10.3179"><ele>2402</ele></trkpt>
<trkpt lat="46.96333" lon="10.31786"><ele>2402</ele></trkpt>
<trkpt lat="46.96336" lon="10.31781"><ele>2402</ele></trkpt>
<trkpt lat="46.96345" lon="10.31779"><ele>2401</ele></trkpt>
<trkpt lat="46.96349" lon="10.31779"><ele>2401</ele></trkpt>
<trkpt lat="46.96353" lon="10.31779"><ele>2399</ele></trkpt>
<trkpt lat="46.96357" lon="10.31781"><ele>2399</ele></trkpt>
<trkpt lat="46.96364" lon="10.31785"><ele>2399</ele></trkpt>
<trkpt lat="46.96377" lon="10.31783"><ele>2398</ele></trkpt>
<trkpt lat="46.96381" lon="10.31779"><ele>2398</ele></trkpt>
<trkpt lat="46.96385" lon="10.31769"><ele>2398</ele></trkpt>
<trkpt lat="46.96388" lon="10.31757"><ele>2396</ele></trkpt>
<trkpt lat="46.96388" lon="10.3175"><ele>2394</ele></trkpt>
<trkpt lat="46.96385" lon="10.31739"><ele>2395</ele></trkpt>
<trkpt lat="46.96382" lon="10.31732"><ele>2394</ele></trkpt>
<trkpt lat="46.96381" lon="10.31725"><ele>2392</ele></trkpt>
<trkpt lat="46.96382" lon="10.31711"><ele>2392</ele></trkpt>
<trkpt lat="46.96384" lon="10.31705"><ele>2392</ele></trkpt>
<trkpt lat="46.96387" lon="10.31697"><ele>2390</ele></trkpt>
<trkpt lat="46.96387" lon="10.31697"><ele>2390</ele></trkpt>
<trkpt lat="46.96387" lon="10.31697"><ele>2390</ele></trkpt>
<trkpt lat="46.96387" lon="10.31697"><ele>2390</ele></trkpt>
<trkpt lat="46.96387" lon="10.31697"><ele>2390</ele></trkpt>
<trkpt lat="46.96387" lon="10.31697"><ele>2390</ele></trkpt>
<trkpt lat="46.96387" lon="10.31697"><ele>2390</ele></trkpt>
<trkpt lat="46.96387" lon="10.31697"><ele>2390</ele></trkpt>
<trkpt lat="46.96387" lon="10.31697"><ele>2390</ele></trkpt>
<trkpt lat="46.96387" lon="10.31697"><ele>2390</ele></trkpt>
<trkpt lat="46.96387" lon="10.31697"><ele>2390</ele></trkpt>
<trkpt lat="46.96387" lon="10.31697"><ele>2390</ele></trkpt>
<trkpt lat="46.96387" lon="10.31696"><ele>2390</ele></trkpt>
<trkpt lat="46.96395" lon="10.31692"><ele>2389</ele></trkpt>
<trkpt lat="46.96404" lon="10.31682"><ele>2388</ele></trkpt>
<trkpt lat="46.96407" lon="10.31676"><ele>2388</ele></trkpt>
<trkpt lat="46.96411" lon="10.31672"><ele>2390</ele></trkpt>
<trkpt lat="46.96414" lon="10.31671"><ele>2388</ele></trkpt>
<trkpt lat="46.96418" lon="10.31673"><ele>2388</ele></trkpt>
<trkpt lat="46.96422" lon="10.31675"><ele>2386</ele></trkpt>
<trkpt lat="46.96426" lon="10.31674"><ele>2387</ele></trkpt>
<trkpt lat="46.96431" lon="10.31672"><ele>2387</ele></trkpt>
<trkpt lat="46.96441" lon="10.3167"><ele>2386</ele></trkpt>
<trkpt lat="46.96445" lon="10.3167"><ele>2386</ele></trkpt>
<trkpt lat="46.96454" lon="10.31671"><ele>2385</ele></trkpt>
<trkpt lat="46.96457" lon="10.31668"><ele>2383</ele></trkpt>
<trkpt lat="46.9646" lon="10.31665"><ele>2383</ele></trkpt>
<trkpt lat="46.96463" lon="10.3166"><ele>2381</ele></trkpt>
<trkpt lat="46.96466" lon="10.31656"><ele>2381</ele></trkpt>
<trkpt lat="46.96467" lon="10.31651"><ele>2381</ele></trkpt>
<trkpt lat="46.96476" lon="10.31638"><ele>2379</ele></trkpt>
<trkpt lat="46.96481" lon="10.3163"><ele>2377</ele></trkpt>
<trkpt lat="46.96486" lon="10.31619"><ele>2379</ele></trkpt>
<trkpt lat="46.96491" lon="10.31606"><ele>2378</ele></trkpt>
<trkpt lat="46.96497" lon="10.31593"><ele>2379</ele></trkpt>
<trkpt lat="46.965" lon="10.3159"><ele>2377</ele></trkpt>
<trkpt lat="46.96509" lon="10.31578"><ele>2376</ele></trkpt>
<trkpt lat="46.96515" lon="10.31571"><ele>2375</ele></trkpt>
<trkpt lat="46.96518" lon="10.31567"><ele>2375</ele></trkpt>
<trkpt lat="46.96521" lon="10.31561"><ele>2375</ele></trkpt>
<trkpt lat="46.96526" lon="10.3155"><ele>2374</ele></trkpt>
<trkpt lat="46.96528" lon="10.31546"><ele>2375</ele></trkpt>
<trkpt lat="46.96529" lon="10.3154"><ele>2375</ele></trkpt>
<trkpt lat="46.96529" lon="10.31529"><ele>2376</ele></trkpt>
<trkpt lat="46.96534" lon="10.31509"><ele>2373</ele></trkpt>
<trkpt lat="46.9654" lon="10.3152"><ele>2373</ele></trkpt>
<trkpt lat="46.9654" lon="10.31525"><ele>2373</ele></trkpt>
<trkpt lat="46.9654" lon="10.3153"><ele>2373</ele></trkpt>
<trkpt lat="46.96538" lon="10.31539"><ele>2372</ele></trkpt>
<trkpt lat="46.96536" lon="10.31557"><ele>2371</ele></trkpt>
<trkpt lat="46.96538" lon="10.31561"><ele>2371</ele></trkpt>
<trkpt lat="46.9654" lon="10.31563"><ele>2371</ele></trkpt>
<trkpt lat="46.96541" lon="10.31564"><ele>2371</ele></trkpt>
<trkpt lat="46.96541" lon="10.31565"><ele>2371</ele></trkpt>
<trkpt lat="46.96541" lon="10.31565"><ele>2368</ele></trkpt>
<trkpt lat="46.96541" lon="10.31565"><ele>2368</ele></trkpt>
<trkpt lat="46.96542" lon="10.31566"><ele>2368</ele></trkpt>
<trkpt lat="46.96546" lon="10.3157"><ele>2368</ele></trkpt>
<trkpt lat="46.96548" lon="10.31574"><ele>2368</ele></trkpt>
<trkpt lat="46.9655" lon="10.31583"><ele>2366</ele></trkpt>
<trkpt lat="46.96551" lon="10.31587"><ele>2366</ele></trkpt>
<trkpt lat="46.96551" lon="10.31588"><ele>2366</ele></trkpt>
<trkpt lat="46.96555" lon="10.31598"><ele>2366</ele></trkpt>
<trkpt lat="46.96556" lon="10.31602"><ele>2366</ele></trkpt>
<trkpt lat="46.96559" lon="10.31613"><ele>2365</ele></trkpt>
<trkpt lat="46.96561" lon="10.31614"><ele>2362</ele></trkpt>
<trkpt lat="46.96564" lon="10.31613"><ele>2362</ele></trkpt>
<trkpt lat="46.96567" lon="10.3161"><ele>2362</ele></trkpt>
<trkpt lat="46.96567" lon="10.31605"><ele>2364</ele></trkpt>
<trkpt lat="46.96566" lon="10.31596"><ele>2364</ele></trkpt>
<trkpt lat="46.96567" lon="10.31581"><ele>2363</ele></trkpt>
<trkpt lat="46.96567" lon="10.31578"><ele>2363</ele></trkpt>
<trkpt lat="46.96567" lon="10.31565"><ele>2363</ele></trkpt>
<trkpt lat="46.96566" lon="10.31561"><ele>2363</ele></trkpt>
<trkpt lat="46.96566" lon="10.31557"><ele>2362</ele></trkpt>
<trkpt lat="46.96567" lon="10.31555"><ele>2362</ele></trkpt>
<trkpt lat="46.96569" lon="10.31552"><ele>2360</ele></trkpt>
<trkpt lat="46.96572" lon="10.31552"><ele>2360</ele></trkpt>
<trkpt lat="46.96574" lon="10.31556"><ele>2360</ele></trkpt>
<trkpt lat="46.96575" lon="10.31563"><ele>2360</ele></trkpt>
<trkpt lat="46.96576" lon="10.31568"><ele>2360</ele></trkpt>
<trkpt lat="46.96577" lon="10.31571"><ele>2357</ele></trkpt>
<trkpt lat="46.96584" lon="10.31577"><ele>2358</ele></trkpt>
<trkpt lat="46.96588" lon="10.3158"><ele>2355</ele></trkpt>
<trkpt lat="46.96591" lon="10.31585"><ele>2355</ele></trkpt>
<trkpt lat="46.96593" lon="10.3159"><ele>2356</ele></trkpt>
<trkpt lat="46.96594" lon="10.31595"><ele>2352</ele></trkpt>
<trkpt lat="46.96592" lon="10.31602"><ele>2355</ele></trkpt>
<trkpt lat="46.96591" lon="10.31605"><ele>2355</ele></trkpt>
<trkpt lat="46.96589" lon="10.31613"><ele>2354</ele></trkpt>
<trkpt lat="46.96584" lon="10.31619"><ele>2357</ele></trkpt>
<trkpt lat="46.96583" lon="10.31624"><ele>2354</ele></trkpt>
<trkpt lat="46.96585" lon="10.31628"><ele>2351</ele></trkpt>
<trkpt lat="46.96591" lon="10.31626"><ele>2351</ele></trkpt>
<trkpt lat="46.96593" lon="10.31621"><ele>2354</ele></trkpt>
<trkpt lat="46.96594" lon="10.31616"><ele>2350</ele></trkpt>
<trkpt lat="46.96602" lon="10.31605"><ele>2352</ele></trkpt>
<trkpt lat="46.96605" lon="10.31601"><ele>2349</ele></trkpt>
<trkpt lat="46.96608" lon="10.31589"><ele>2349</ele></trkpt>
<trkpt lat="46.96603" lon="10.31575"><ele>2352</ele></trkpt>
<trkpt lat="46.96602" lon="10.3156"><ele>2351</ele></trkpt>
<trkpt lat="46.96602" lon="10.31548"><ele>2350</ele></trkpt>
<trkpt lat="46.96601" lon="10.31538"><ele>2349</ele></trkpt>
<trkpt lat="46.96602" lon="10.31534"><ele>2349</ele></trkpt>
<trkpt lat="46.96604" lon="10.31522"><ele>2344</ele></trkpt>
<trkpt lat="46.96604" lon="10.31518"><ele>2344</ele></trkpt>
<trkpt lat="46.96605" lon="10.31508"><ele>2344</ele></trkpt>
<trkpt lat="46.96606" lon="10.31501"><ele>2344</ele></trkpt>
<trkpt lat="46.96605" lon="10.31494"><ele>2343</ele></trkpt>
<trkpt lat="46.96607" lon="10.31488"><ele>2343</ele></trkpt>
<trkpt lat="46.9661" lon="10.31481"><ele>2343</ele></trkpt>
<trkpt lat="46.96614" lon="10.31473"><ele>2340</ele></trkpt>
<trkpt lat="46.96617" lon="10.31466"><ele>2340</ele></trkpt>
<trkpt lat="46.96619" lon="10.31462"><ele>2340</ele></trkpt>
<trkpt lat="46.96623" lon="10.31449"><ele>2338</ele></trkpt>
<trkpt lat="46.96623" lon="10.31445"><ele>2338</ele></trkpt>
<trkpt lat="46.96627" lon="10.31425"><ele>2339</ele></trkpt>
<trkpt lat="46.96628" lon="10.31421"><ele>2339</ele></trkpt>
<trkpt lat="46.96634" lon="10.31407"><ele>2337</ele></trkpt>
<trkpt lat="46.96637" lon="10.314"><ele>2336</ele></trkpt>
<trkpt lat="46.96639" lon="10.31396"><ele>2336</ele></trkpt>
<trkpt lat="46.96641" lon="10.31392"><ele>2339</ele></trkpt>
<trkpt lat="46.96644" lon="10.31389"><ele>2339</ele></trkpt>
<trkpt lat="46.96651" lon="10.31378"><ele>2339</ele></trkpt>
<trkpt lat="46.96664" lon="10.31367"><ele>2340</ele></trkpt>
<trkpt lat="46.96677" lon="10.31363"><ele>2337</ele></trkpt>
<trkpt lat="46.9669" lon="10.31357"><ele>2333</ele></trkpt>
<trkpt lat="46.96695" lon="10.31352"><ele>2337</ele></trkpt>
<trkpt lat="46.96704" lon="10.31347"><ele>2334</ele></trkpt>
<trkpt lat="46.96712" lon="10.31341"><ele>2335</ele></trkpt>
<trkpt lat="46.96726" lon="10.31323"><ele>2332</ele></trkpt>
<trkpt lat="46.96735" lon="10.31309"><ele>2332</ele></trkpt>
<trkpt lat="46.96745" lon="10.31294"><ele>2331</ele></trkpt>
<trkpt lat="46.96755" lon="10.31282"><ele>2332</ele></trkpt>
<trkpt lat="46.96768" lon="10.31275"><ele>2334</ele></trkpt>
<trkpt lat="46.96772" lon="10.31272"><ele>2331</ele></trkpt>
<trkpt lat="46.9679" lon="10.31258"><ele>2330</ele></trkpt>
<trkpt lat="46.96795" lon="10.31256"><ele>2329</ele></trkpt>
<trkpt lat="46.96803" lon="10.31255"><ele>2328</ele></trkpt>
<trkpt lat="46.96811" lon="10.31251"><ele>2331</ele></trkpt>
<trkpt lat="46.96817" lon="10.31248"><ele>2330</ele></trkpt>
<trkpt lat="46.96827" lon="10.31236"><ele>2329</ele></trkpt>
<trkpt lat="46.96836" lon="10.31223"><ele>2329</ele></trkpt>
<trkpt lat="46.96841" lon="10.31214"><ele>2326</ele></trkpt>
<trkpt lat="46.96845" lon="10.31208"><ele>2329</ele></trkpt>
<trkpt lat="46.96852" lon="10.31197"><ele>2328</ele></trkpt>
<trkpt lat="46.96865" lon="10.31184"><ele>2327</ele></trkpt>
<trkpt lat="46.96881" lon="10.31174"><ele>2329</ele></trkpt>
<trkpt lat="46.96889" lon="10.31164"><ele>2325</ele></trkpt>
<trkpt lat="46.96891" lon="10.31163"><ele>2328</ele></trkpt>
<trkpt lat="46.96906" lon="10.31161"><ele>2326</ele></trkpt>
<trkpt lat="46.96908" lon="10.3116"><ele>2323</ele></trkpt>
<trkpt lat="46.96917" lon="10.31152"><ele>2320</ele></trkpt>
<trkpt lat="46.96922" lon="10.3115"><ele>2323</ele></trkpt>
<trkpt lat="46.96927" lon="10.31143"><ele>2320</ele></trkpt>
<trkpt lat="46.96933" lon="10.31126"><ele>2322</ele></trkpt>
<trkpt lat="46.96941" lon="10.31115"><ele>2321</ele></trkpt>
<trkpt lat="46.96947" lon="10.31114"><ele>2318</ele></trkpt>
<trkpt lat="46.96953" lon="10.31109"><ele>2318</ele></trkpt>
<trkpt lat="46.96959" lon="10.31105"><ele>2318</ele></trkpt>
<trkpt lat="46.96964" lon="10.31098"><ele>2318</ele></trkpt>
<trkpt lat="46.96968" lon="10.31093"><ele>2318</ele></trkpt>
<trkpt lat="46.96974" lon="10.31086"><ele>2318</ele></trkpt>
<trkpt lat="46.96984" lon="10.31078"><ele>2315</ele></trkpt>
<trkpt lat="46.96986" lon="10.31074"><ele>2315</ele></trkpt>
<trkpt lat="46.96991" lon="10.31071"><ele>2315</ele></trkpt>
<trkpt lat="46.96997" lon="10.31064"><ele>2311</ele></trkpt>
<trkpt lat="46.97002" lon="10.31059"><ele>2315</ele></trkpt>
<trkpt lat="46.97008" lon="10.31052"><ele>2311</ele></trkpt>
<trkpt lat="46.9701" lon="10.3105"><ele>2311</ele></trkpt>
<trkpt lat="46.97018" lon="10.31044"><ele>2311</ele></trkpt>
<trkpt lat="46.97023" lon="10.31037"><ele>2307</ele></trkpt>
<trkpt lat="46.97032" lon="10.31029"><ele>2308</ele></trkpt>
<trkpt lat="46.97038" lon="10.31024"><ele>2308</ele></trkpt>
<trkpt lat="46.97041" lon="10.31019"><ele>2308</ele></trkpt>
<trkpt lat="46.9705" lon="10.31009"><ele>2309</ele></trkpt>
<trkpt lat="46.97059" lon="10.30998"><ele>2305</ele></trkpt>
<trkpt lat="46.97064" lon="10.30997"><ele>2302</ele></trkpt>
<trkpt lat="46.97069" lon="10.30997"><ele>2306</ele></trkpt>
<trkpt lat="46.97072" lon="10.30994"><ele>2306</ele></trkpt>
<trkpt lat="46.97077" lon="10.30988"><ele>2303</ele></trkpt>
<trkpt lat="46.9708" lon="10.30986"><ele>2303</ele></trkpt>
<trkpt lat="46.97086" lon="10.30981"><ele>2303</ele></trkpt>
<trkpt lat="46.97091" lon="10.30975"><ele>2301</ele></trkpt>
<trkpt lat="46.97092" lon="10.30973"><ele>2301</ele></trkpt>
<trkpt lat="46.97092" lon="10.30973"><ele>2301</ele></trkpt>
<trkpt lat="46.97097" lon="10.3097"><ele>2304</ele></trkpt>
<trkpt lat="46.97107" lon="10.30962"><ele>2300</ele></trkpt>
<trkpt lat="46.97115" lon="10.30954"><ele>2300</ele></trkpt>
<trkpt lat="46.97117" lon="10.3095"><ele>2300</ele></trkpt>
<trkpt lat="46.97125" lon="10.30942"><ele>2297</ele></trkpt>
<trkpt lat="46.97136" lon="10.30932"><ele>2298</ele></trkpt>
<trkpt lat="46.9714" lon="10.30928"><ele>2298</ele></trkpt>
<trkpt lat="46.97147" lon="10.3092"><ele>2298</ele></trkpt>
<trkpt lat="46.97152" lon="10.30914"><ele>2295</ele></trkpt>
<trkpt lat="46.97155" lon="10.30912"><ele>2295</ele></trkpt>
<trkpt lat="46.97157" lon="10.30911"><ele>2295</ele></trkpt>
<trkpt lat="46.97157" lon="10.30911"><ele>2295</ele></trkpt>
<trkpt lat="46.97157" lon="10.3091"><ele>2295</ele></trkpt>
<trkpt lat="46.97158" lon="10.3091"><ele>2295</ele></trkpt>
<trkpt lat="46.97161" lon="10.3091"><ele>2294</ele></trkpt>
<trkpt lat="46.97167" lon="10.30907"><ele>2296</ele></trkpt>
<trkpt lat="46.97171" lon="10.30904"><ele>2294</ele></trkpt>
<trkpt lat="46.97182" lon="10.30901"><ele>2293</ele></trkpt>
<trkpt lat="46.97184" lon="10.30902"><ele>2293</ele></trkpt>
<trkpt lat="46.9719" lon="10.309"><ele>2292</ele></trkpt>
<trkpt lat="46.97195" lon="10.30896"><ele>2292</ele></trkpt>
<trkpt lat="46.97195" lon="10.3089"><ele>2291</ele></trkpt>
<trkpt lat="46.97196" lon="10.30884"><ele>2289</ele></trkpt>
<trkpt lat="46.97196" lon="10.30882"><ele>2287</ele></trkpt>
<trkpt lat="46.97196" lon="10.30877"><ele>2287</ele></trkpt>
<trkpt lat="46.97195" lon="10.30871"><ele>2287</ele></trkpt>
<trkpt lat="46.97195" lon="10.30865"><ele>2284</ele></trkpt>
<trkpt lat="46.97195" lon="10.30864"><ele>2284</ele></trkpt>
<trkpt lat="46.97195" lon="10.30864"><ele>2284</ele></trkpt>
<trkpt lat="46.97195" lon="10.30864"><ele>2284</ele></trkpt>
<trkpt lat="46.97196" lon="10.30862"><ele>2284</ele></trkpt>
<trkpt lat="46.97197" lon="10.30858"><ele>2284</ele></trkpt>
<trkpt lat="46.97198" lon="10.30856"><ele>2282</ele></trkpt>
<trkpt lat="46.97198" lon="10.30851"><ele>2282</ele></trkpt>
<trkpt lat="46.972" lon="10.30844"><ele>2281</ele></trkpt>
<trkpt lat="46.97202" lon="10.3084"><ele>2281</ele></trkpt>
<trkpt lat="46.97204" lon="10.30836"><ele>2279</ele></trkpt>
<trkpt lat="46.97207" lon="10.30828"><ele>2278</ele></trkpt>
<trkpt lat="46.9721" lon="10.3082"><ele>2278</ele></trkpt>
<trkpt lat="46.97211" lon="10.30817"><ele>2277</ele></trkpt>
<trkpt lat="46.97212" lon="10.30813"><ele>2277</ele></trkpt>
<trkpt lat="46.97213" lon="10.3081"><ele>2277</ele></trkpt>
<trkpt lat="46.97215" lon="10.30803"><ele>2274</ele></trkpt>
<trkpt lat="46.97216" lon="10.308"><ele>2274</ele></trkpt>
<trkpt lat="46.97217" lon="10.30797"><ele>2274</ele></trkpt>
<trkpt lat="46.97217" lon="10.30794"><ele>2274</ele></trkpt>
<trkpt lat="46.97221" lon="10.30782"><ele>2271</ele></trkpt>
<trkpt lat="46.97224" lon="10.30773"><ele>2270</ele></trkpt>
<trkpt lat="46.97226" lon="10.30768"><ele>2270</ele></trkpt>
<trkpt lat="46.97227" lon="10.30763"><ele>2268</ele></trkpt>
<trkpt lat="46.97232" lon="10.30751"><ele>2267</ele></trkpt>
<trkpt lat="46.97235" lon="10.30746"><ele>2267</ele></trkpt>
<trkpt lat="46.97237" lon="10.30741"><ele>2267</ele></trkpt>
<trkpt lat="46.97245" lon="10.30724"><ele>2266</ele></trkpt>
<trkpt lat="46.97247" lon="10.3072"><ele>2266</ele></trkpt>
<trkpt lat="46.97255" lon="10.3071"><ele>2264</ele></trkpt>
<trkpt lat="46.97257" lon="10.30708"><ele>2262</ele></trkpt>
<trkpt lat="46.97262" lon="10.30705"><ele>2262</ele></trkpt>
<trkpt lat="46.97268" lon="10.30701"><ele>2261</ele></trkpt>
<trkpt lat="46.97272" lon="10.30697"><ele>2261</ele></trkpt>
<trkpt lat="46.9728" lon="10.3069"><ele>2260</ele></trkpt>
<trkpt lat="46.97288" lon="10.3069"><ele>2259</ele></trkpt>
<trkpt lat="46.97291" lon="10.30691"><ele>2255</ele></trkpt>
<trkpt lat="46.97294" lon="10.3069"><ele>2257</ele></trkpt>
<trkpt lat="46.97295" lon="10.30683"><ele>2257</ele></trkpt>
<trkpt lat="46.97297" lon="10.3068"><ele>2257</ele></trkpt>
<trkpt lat="46.973" lon="10.30678"><ele>2257</ele></trkpt>
<trkpt lat="46.97305" lon="10.30676"><ele>2255</ele></trkpt>
<trkpt lat="46.97306" lon="10.30672"><ele>2255</ele></trkpt>
<trkpt lat="46.97307" lon="10.30662"><ele>2255</ele></trkpt>
<trkpt lat="46.97309" lon="10.30658"><ele>2253</ele></trkpt>
<trkpt lat="46.97315" lon="10.30655"><ele>2253</ele></trkpt>
<trkpt lat="46.97317" lon="10.30651"><ele>2252</ele></trkpt>
<trkpt lat="46.97316" lon="10.30643"><ele>2252</ele></trkpt>
<trkpt lat="46.97317" lon="10.30633"><ele>2251</ele></trkpt>
<trkpt lat="46.9732" lon="10.30623"><ele>2252</ele></trkpt>
<trkpt lat="46.97319" lon="10.3062"><ele>2252</ele></trkpt>
<trkpt lat="46.97313" lon="10.3062"><ele>2250</ele></trkpt>
<trkpt lat="46.97304" lon="10.3062"><ele>2249</ele></trkpt>
<trkpt lat="46.97299" lon="10.30618"><ele>2248</ele></trkpt>
<trkpt lat="46.97294" lon="10.30618"><ele>2248</ele></trkpt>
<trkpt lat="46.97285" lon="10.3062"><ele>2247</ele></trkpt>
<trkpt lat="46.97282" lon="10.30621"><ele>2246</ele></trkpt>
<trkpt lat="46.97279" lon="10.3062"><ele>2246</ele></trkpt>
<trkpt lat="46.9728" lon="10.30614"><ele>2246</ele></trkpt>
<trkpt lat="46.97283" lon="10.30612"><ele>2244</ele></trkpt>
<trkpt lat="46.97286" lon="10.30609"><ele>2244</ele></trkpt>
<trkpt lat="46.97288" lon="10.30604"><ele>2244</ele></trkpt>
<trkpt lat="46.97291" lon="10.30599"><ele>2242</ele></trkpt>
<trkpt lat="46.97295" lon="10.30595"><ele>2242</ele></trkpt>
<trkpt lat="46.97302" lon="10.30594"><ele>2243</ele></trkpt>
<trkpt lat="46.97303" lon="10.30592"><ele>2243</ele></trkpt>
<trkpt lat="46.97301" lon="10.30587"><ele>2239</ele></trkpt>
<trkpt lat="46.97299" lon="10.30585"><ele>2238</ele></trkpt>
<trkpt lat="46.97291" lon="10.30585"><ele>2238</ele></trkpt>
<trkpt lat="46.97285" lon="10.30581"><ele>2237</ele></trkpt>
<trkpt lat="46.9728" lon="10.30579"><ele>2236</ele></trkpt>
<trkpt lat="46.97274" lon="10.3058"><ele>2236</ele></trkpt>
<trkpt lat="46.9727" lon="10.30583"><ele>2234</ele></trkpt>
<trkpt lat="46.97269" lon="10.30586"><ele>2234</ele></trkpt>
<trkpt lat="46.97268" lon="10.30591"><ele>2238</ele></trkpt>
<trkpt lat="46.97262" lon="10.30614"><ele>2236</ele></trkpt>
<trkpt lat="46.97257" lon="10.30622"><ele>2239</ele></trkpt>
<trkpt lat="46.97245" lon="10.30629"><ele>2237</ele></trkpt>
<trkpt lat="46.97237" lon="10.30628"><ele>2237</ele></trkpt>
<trkpt lat="46.97228" lon="10.30626"><ele>2232</ele></trkpt>
<trkpt lat="46.97224" lon="10.30622"><ele>2232</ele></trkpt>
<trkpt lat="46.97213" lon="10.30614"><ele>2233</ele></trkpt>
<trkpt lat="46.97204" lon="10.3061"><ele>2231</ele></trkpt>
<trkpt lat="46.97201" lon="10.30607"><ele>2231</ele></trkpt>
<trkpt lat="46.97197" lon="10.30603"><ele>2231</ele></trkpt>
<trkpt lat="46.97185" lon="10.30598"><ele>2231</ele></trkpt>
<trkpt lat="46.97173" lon="10.30591"><ele>2232</ele></trkpt>
<trkpt lat="46.97164" lon="10.30582"><ele>2229</ele></trkpt>
<trkpt lat="46.9716" lon="10.30576"><ele>2225</ele></trkpt>
<trkpt lat="46.97157" lon="10.30574"><ele>2226</ele></trkpt>
<trkpt lat="46.97149" lon="10.30569"><ele>2227</ele></trkpt>
<trkpt lat="46.97144" lon="10.30566"><ele>2227</ele></trkpt>
<trkpt lat="46.97136" lon="10.30562"><ele>2223</ele></trkpt>
<trkpt lat="46.97128" lon="10.30564"><ele>2226</ele></trkpt>
<trkpt lat="46.97124" lon="10.30564"><ele>2225</ele></trkpt>
<trkpt lat="46.97122" lon="10.30562"><ele>2223</ele></trkpt>
<trkpt lat="46.97117" lon="10.30555"><ele>2222</ele></trkpt>
<trkpt lat="46.97111" lon="10.30548"><ele>2221</ele></trkpt>
<trkpt lat="46.97109" lon="10.30538"><ele>2221</ele></trkpt>
<trkpt lat="46.97106" lon="10.30533"><ele>2220</ele></trkpt>
<trkpt lat="46.97104" lon="10.30528"><ele>2220</ele></trkpt>
<trkpt lat="46.97103" lon="10.30523"><ele>2219</ele></trkpt>
<trkpt lat="46.97099" lon="10.30503"><ele>2218</ele></trkpt>
<trkpt lat="46.97095" lon="10.30493"><ele>2218</ele></trkpt>
<trkpt lat="46.97095" lon="10.30493"><ele>2218</ele></trkpt>
<trkpt lat="46.97094" lon="10.30488"><ele>2218</ele></trkpt>
<trkpt lat="46.97093" lon="10.30485"><ele>2217</ele></trkpt>
<trkpt lat="46.97092" lon="10.30477"><ele>2217</ele></trkpt>
<trkpt lat="46.97093" lon="10.30472"><ele>2216</ele></trkpt>
<trkpt lat="46.97092" lon="10.30468"><ele>2216</ele></trkpt>
<trkpt lat="46.9709" lon="10.3046"><ele>2215</ele></trkpt>
<trkpt lat="46.97088" lon="10.30459"><ele>2215</ele></trkpt>
<trkpt lat="46.97085" lon="10.30461"><ele>2215</ele></trkpt>
<trkpt lat="46.97083" lon="10.30463"><ele>2216</ele></trkpt>
<trkpt lat="46.97073" lon="10.30466"><ele>2215</ele></trkpt>
<trkpt lat="46.97062" lon="10.30461"><ele>2215</ele></trkpt>
<trkpt lat="46.97059" lon="10.30454"><ele>2212</ele></trkpt>
<trkpt lat="46.97058" lon="10.30444"><ele>2210</ele></trkpt>
<trkpt lat="46.97056" lon="10.30435"><ele>2209</ele></trkpt>
<trkpt lat="46.97052" lon="10.30424"><ele>2209</ele></trkpt>
<trkpt lat="46.9705" lon="10.3042"><ele>2207</ele></trkpt>
<trkpt lat="46.97047" lon="10.30418"><ele>2209</ele></trkpt>
<trkpt lat="46.97045" lon="10.30415"><ele>2209</ele></trkpt>
<trkpt lat="46.97044" lon="10.30411"><ele>2209</ele></trkpt>
<trkpt lat="46.97044" lon="10.30407"><ele>2207</ele></trkpt>
<trkpt lat="46.97041" lon="10.30399"><ele>2207</ele></trkpt>
<trkpt lat="46.97042" lon="10.30394"><ele>2204</ele></trkpt>
<trkpt lat="46.97041" lon="10.3039"><ele>2204</ele></trkpt>
<trkpt lat="46.97039" lon="10.30383"><ele>2203</ele></trkpt>
<trkpt lat="46.97036" lon="10.30381"><ele>2203</ele></trkpt>
<trkpt lat="46.97021" lon="10.30376"><ele>2203</ele></trkpt>
<trkpt lat="46.97017" lon="10.30376"><ele>2203</ele></trkpt>
<trkpt lat="46.97013" lon="10.30376"><ele>2203</ele></trkpt>
<trkpt lat="46.97005" lon="10.30372"><ele>2203</ele></trkpt>
<trkpt lat="46.96996" lon="10.30364"><ele>2200</ele></trkpt>
<trkpt lat="46.96989" lon="10.30358"><ele>2199</ele></trkpt>
<trkpt lat="46.96986" lon="10.30346"><ele>2202</ele></trkpt>
<trkpt lat="46.96981" lon="10.30333"><ele>2199</ele></trkpt>
<trkpt lat="46.96981" lon="10.3033"><ele>2197</ele></trkpt>
<trkpt lat="46.96978" lon="10.3032"><ele>2197</ele></trkpt>
<trkpt lat="46.96975" lon="10.3031"><ele>2197</ele></trkpt>
<trkpt lat="46.9697" lon="10.30303"><ele>2195</ele></trkpt>
<trkpt lat="46.96966" lon="10.30296"><ele>2198</ele></trkpt>
<trkpt lat="46.96961" lon="10.30289"><ele>2195</ele></trkpt>
<trkpt lat="46.96961" lon="10.30288"><ele>2195</ele></trkpt>
<trkpt lat="46.9696" lon="10.30287"><ele>2195</ele></trkpt>
<trkpt lat="46.9696" lon="10.30287"><ele>2195</ele></trkpt>
<trkpt lat="46.9696" lon="10.30287"><ele>2195</ele></trkpt>
<trkpt lat="46.96953" lon="10.30279"><ele>2194</ele></trkpt>
<trkpt lat="46.96947" lon="10.30273"><ele>2196</ele></trkpt>
<trkpt lat="46.96943" lon="10.30269"><ele>2196</ele></trkpt>
<trkpt lat="46.96936" lon="10.30261"><ele>2195</ele></trkpt>
<trkpt lat="46.96934" lon="10.30254"><ele>2194</ele></trkpt>
<trkpt lat="46.96932" lon="10.30251"><ele>2194</ele></trkpt>
<trkpt lat="46.96928" lon="10.3025"><ele>2194</ele></trkpt>
<trkpt lat="46.96927" lon="10.30248"><ele>2194</ele></trkpt>
<trkpt lat="46.96926" lon="10.30245"><ele>2194</ele></trkpt>
<trkpt lat="46.96926" lon="10.30242"><ele>2191</ele></trkpt>
<trkpt lat="46.96924" lon="10.30239"><ele>2192</ele></trkpt>
<trkpt lat="46.9692" lon="10.30238"><ele>2192</ele></trkpt>
<trkpt lat="46.96917" lon="10.30238"><ele>2192</ele></trkpt>
<trkpt lat="46.96912" lon="10.30234"><ele>2192</ele></trkpt>
<trkpt lat="46.96907" lon="10.30228"><ele>2190</ele></trkpt>
<trkpt lat="46.969" lon="10.30226"><ele>2190</ele></trkpt>
<trkpt lat="46.96892" lon="10.30223"><ele>2190</ele></trkpt>
<trkpt lat="46.96887" lon="10.30213"><ele>2188</ele></trkpt>
<trkpt lat="46.96883" lon="10.30211"><ele>2188</ele></trkpt>
<trkpt lat="46.9688" lon="10.3021"><ele>2188</ele></trkpt>
<trkpt lat="46.96873" lon="10.30206"><ele>2188</ele></trkpt>
<trkpt lat="46.9687" lon="10.30203"><ele>2186</ele></trkpt>
<trkpt lat="46.96868" lon="10.30198"><ele>2186</ele></trkpt>
<trkpt lat="46.96869" lon="10.30187"><ele>2185</ele></trkpt>
<trkpt lat="46.96868" lon="10.30176"><ele>2184</ele></trkpt>
<trkpt lat="46.96865" lon="10.30173"><ele>2184</ele></trkpt>
<trkpt lat="46.9686" lon="10.30168"><ele>2186</ele></trkpt>
<trkpt lat="46.96861" lon="10.30165"><ele>2184</ele></trkpt>
<trkpt lat="46.96864" lon="10.30163"><ele>2184</ele></trkpt>
<trkpt lat="46.9687" lon="10.30164"><ele>2182</ele></trkpt>
<trkpt lat="46.96874" lon="10.30166"><ele>2181</ele></trkpt>
<trkpt lat="46.96884" lon="10.30169"><ele>2181</ele></trkpt>
<trkpt lat="46.96887" lon="10.30166"><ele>2181</ele></trkpt>
<trkpt lat="46.96886" lon="10.30156"><ele>2181</ele></trkpt>
<trkpt lat="46.96884" lon="10.30146"><ele>2180</ele></trkpt>
<trkpt lat="46.96882" lon="10.30137"><ele>2179</ele></trkpt>
<trkpt lat="46.96881" lon="10.30125"><ele>2179</ele></trkpt>
<trkpt lat="46.9688" lon="10.30114"><ele>2178</ele></trkpt>
<trkpt lat="46.96876" lon="10.30103"><ele>2176</ele></trkpt>
<trkpt lat="46.96874" lon="10.30099"><ele>2176</ele></trkpt>
<trkpt lat="46.96867" lon="10.30083"><ele>2176</ele></trkpt>
<trkpt lat="46.96864" lon="10.30073"><ele>2178</ele></trkpt>
<trkpt lat="46.96862" lon="10.30062"><ele>2177</ele></trkpt>
<trkpt lat="46.96858" lon="10.30043"><ele>2177</ele></trkpt>
<trkpt lat="46.96856" lon="10.30038"><ele>2176</ele></trkpt>
<trkpt lat="46.96854" lon="10.30033"><ele>2178</ele></trkpt>
<trkpt lat="46.96848" lon="10.30018"><ele>2176</ele></trkpt>
<trkpt lat="46.96841" lon="10.29996"><ele>2175</ele></trkpt>
<trkpt lat="46.96841" lon="10.29984"><ele>2175</ele></trkpt>
<trkpt lat="46.9684" lon="10.29976"><ele>2175</ele></trkpt>
<trkpt lat="46.96835" lon="10.29952"><ele>2176</ele></trkpt>
<trkpt lat="46.96831" lon="10.29934"><ele>2174</ele></trkpt>
<trkpt lat="46.96829" lon="10.2992"><ele>2173</ele></trkpt>
<trkpt lat="46.96827" lon="10.29915"><ele>2174</ele></trkpt>
<trkpt lat="46.96823" lon="10.299"><ele>2173</ele></trkpt>
<trkpt lat="46.96817" lon="10.29893"><ele>2172</ele></trkpt>
<trkpt lat="46.96815" lon="10.29884"><ele>2170</ele></trkpt>
<trkpt lat="46.96812" lon="10.29875"><ele>2170</ele></trkpt>
<trkpt lat="46.96811" lon="10.2987"><ele>2169</ele></trkpt>
<trkpt lat="46.9681" lon="10.29861"><ele>2167</ele></trkpt>
<trkpt lat="46.96804" lon="10.29848"><ele>2167</ele></trkpt>
<trkpt lat="46.96803" lon="10.29848"><ele>2166</ele></trkpt>
<trkpt lat="46.96804" lon="10.29848"><ele>2167</ele></trkpt>
<trkpt lat="46.96804" lon="10.29848"><ele>2167</ele></trkpt>
<trkpt lat="46.96804" lon="10.29848"><ele>2167</ele></trkpt>
<trkpt lat="46.96804" lon="10.29848"><ele>2167</ele></trkpt>
<trkpt lat="46.96804" lon="10.29848"><ele>2167</ele></trkpt>
<trkpt lat="46.96804" lon="10.29848"><ele>2167</ele></trkpt>
<trkpt lat="46.96804" lon="10.29848"><ele>2167</ele></trkpt>
<trkpt lat="46.96804" lon="10.29848"><ele>2167</ele></trkpt>
<trkpt lat="46.96804" lon="10.29848"><ele>2167</ele></trkpt>
<trkpt lat="46.96803" lon="10.29848"><ele>2165</ele></trkpt>
<trkpt lat="46.96802" lon="10.29846"><ele>2166</ele></trkpt>
<trkpt lat="46.96797" lon="10.29842"><ele>2166</ele></trkpt>
<trkpt lat="46.96793" lon="10.29839"><ele>2167</ele></trkpt>
<trkpt lat="46.96791" lon="10.29835"><ele>2167</ele></trkpt>
<trkpt lat="46.96788" lon="10.2983"><ele>2165</ele></trkpt>
<trkpt lat="46.96785" lon="10.2982"><ele>2165</ele></trkpt>
<trkpt lat="46.96783" lon="10.29799"><ele>2163</ele></trkpt>
<trkpt lat="46.96778" lon="10.29786"><ele>2162</ele></trkpt>
<trkpt lat="46.96772" lon="10.2978"><ele>2161</ele></trkpt>
<trkpt lat="46.96767" lon="10.29776"><ele>2161</ele></trkpt>
<trkpt lat="46.96766" lon="10.29772"><ele>2161</ele></trkpt>
<trkpt lat="46.96767" lon="10.29768"><ele>2159</ele></trkpt>
<trkpt lat="46.96774" lon="10.29767"><ele>2158</ele></trkpt>
<trkpt lat="46.96777" lon="10.29768"><ele>2157</ele></trkpt>
<trkpt lat="46.96782" lon="10.29768"><ele>2157</ele></trkpt>
<trkpt lat="46.96787" lon="10.29771"><ele>2155</ele></trkpt>
<trkpt lat="46.96791" lon="10.29774"><ele>2157</ele></trkpt>
<trkpt lat="46.968" lon="10.29781"><ele>2155</ele></trkpt>
<trkpt lat="46.96807" lon="10.29792"><ele>2155</ele></trkpt>
<trkpt lat="46.9681" lon="10.29796"><ele>2155</ele></trkpt>
<trkpt lat="46.96814" lon="10.29799"><ele>2156</ele></trkpt>
<trkpt lat="46.96815" lon="10.298"><ele>2156</ele></trkpt>
<trkpt lat="46.96818" lon="10.29803"><ele>2156</ele></trkpt>
<trkpt lat="46.96819" lon="10.29805"><ele>2156</ele></trkpt>
<trkpt lat="46.96828" lon="10.29811"><ele>2157</ele></trkpt>
<trkpt lat="46.96853" lon="10.29829"><ele>2155</ele></trkpt>
<trkpt lat="46.9688" lon="10.29843"><ele>2150</ele></trkpt>
<trkpt lat="46.96891" lon="10.2985"><ele>2147</ele></trkpt>
<trkpt lat="46.96895" lon="10.29853"><ele>2147</ele></trkpt>
<trkpt lat="46.96895" lon="10.29853"><ele>2147</ele></trkpt>
<trkpt lat="46.96895" lon="10.29853"><ele>2147</ele></trkpt>
<trkpt lat="46.96895" lon="10.29853"><ele>2147</ele></trkpt>
<trkpt lat="46.96895" lon="10.29853"><ele>2147</ele></trkpt>
<trkpt lat="46.96895" lon="10.29853"><ele>2147</ele></trkpt>
<trkpt lat="46.96895" lon="10.29853"><ele>2147</ele></trkpt>
<trkpt lat="46.96895" lon="10.29853"><ele>2147</ele></trkpt>
<trkpt lat="46.96909" lon="10.29867"><ele>2143</ele></trkpt>
<trkpt lat="46.96919" lon="10.29878"><ele>2142</ele></trkpt>
<trkpt lat="46.96932" lon="10.29887"><ele>2143</ele></trkpt>
<trkpt lat="46.96946" lon="10.29893"><ele>2138</ele></trkpt>
<trkpt lat="46.96953" lon="10.29894"><ele>2136</ele></trkpt>
<trkpt lat="46.96961" lon="10.29894"><ele>2135</ele></trkpt>
<trkpt lat="46.96967" lon="10.2989"><ele>2135</ele></trkpt>
<trkpt lat="46.96975" lon="10.29888"><ele>2134</ele></trkpt>
<trkpt lat="46.9698" lon="10.29887"><ele>2133</ele></trkpt>
<trkpt lat="46.96988" lon="10.29887"><ele>2130</ele></trkpt>
<trkpt lat="46.96995" lon="10.29889"><ele>2130</ele></trkpt>
<trkpt lat="46.97" lon="10.29894"><ele>2127</ele></trkpt>
<trkpt lat="46.97004" lon="10.29901"><ele>2126</ele></trkpt>
<trkpt lat="46.9701" lon="10.29917"><ele>2127</ele></trkpt>
<trkpt lat="46.97021" lon="10.29939"><ele>2127</ele></trkpt>
<trkpt lat="46.97029" lon="10.29953"><ele>2126</ele></trkpt>
<trkpt lat="46.97039" lon="10.29965"><ele>2123</ele></trkpt>
<trkpt lat="46.97044" lon="10.2997"><ele>2123</ele></trkpt>
<trkpt lat="46.97047" lon="10.2997"><ele>2123</ele></trkpt>
<trkpt lat="46.97049" lon="10.29968"><ele>2121</ele></trkpt>
<trkpt lat="46.97049" lon="10.29961"><ele>2119</ele></trkpt>
<trkpt lat="46.97048" lon="10.29956"><ele>2119</ele></trkpt>
<trkpt lat="46.97044" lon="10.2995"><ele>2119</ele></trkpt>
<trkpt lat="46.97039" lon="10.29937"><ele>2119</ele></trkpt>
<trkpt lat="46.97037" lon="10.29925"><ele>2119</ele></trkpt>
<trkpt lat="46.97036" lon="10.29909"><ele>2116</ele></trkpt>
<trkpt lat="46.97036" lon="10.29895"><ele>2115</ele></trkpt>
<trkpt lat="46.97036" lon="10.29873"><ele>2110</ele></trkpt>
<trkpt lat="46.97032" lon="10.29853"><ele>2107</ele></trkpt>
<trkpt lat="46.97027" lon="10.29838"><ele>2108</ele></trkpt>
<trkpt lat="46.97021" lon="10.29817"><ele>2106</ele></trkpt>
<trkpt lat="46.97015" lon="10.29799"><ele>2103</ele></trkpt>
<trkpt lat="46.97011" lon="10.29787"><ele>2103</ele></trkpt>
<trkpt lat="46.97005" lon="10.29776"><ele>2100</ele></trkpt>
<trkpt lat="46.96994" lon="10.29761"><ele>2100</ele></trkpt>
<trkpt lat="46.96964" lon="10.29716"><ele>2093</ele></trkpt>
<trkpt lat="46.96954" lon="10.29702"><ele>2091</ele></trkpt>
<trkpt lat="46.96944" lon="10.29689"><ele>2089</ele></trkpt>
<trkpt lat="46.96927" lon="10.29676"><ele>2087</ele></trkpt>
<trkpt lat="46.96923" lon="10.29673"><ele>2088</ele></trkpt>
<trkpt lat="46.96921" lon="10.29668"><ele>2085</ele></trkpt>
<trkpt lat="46.96922" lon="10.29664"><ele>2085</ele></trkpt>
<trkpt lat="46.96925" lon="10.2966"><ele>2085</ele></trkpt>
<trkpt lat="46.96928" lon="10.29658"><ele>2084</ele></trkpt>
<trkpt lat="46.96967" lon="10.29646"><ele>2077</ele></trkpt>
<trkpt lat="46.96974" lon="10.29645"><ele>2076</ele></trkpt>
<trkpt lat="46.96981" lon="10.29645"><ele>2075</ele></trkpt>
<trkpt lat="46.96987" lon="10.29646"><ele>2074</ele></trkpt>
<trkpt lat="46.96993" lon="10.29645"><ele>2074</ele></trkpt>
<trkpt lat="46.97001" lon="10.29644"><ele>2073</ele></trkpt>
<trkpt lat="46.97011" lon="10.29643"><ele>2069</ele></trkpt>
<trkpt lat="46.97022" lon="10.29642"><ele>2069</ele></trkpt>
<trkpt lat="46.97048" lon="10.29632"><ele>2065</ele></trkpt>
<trkpt lat="46.97055" lon="10.29632"><ele>2065</ele></trkpt>
<trkpt lat="46.97079" lon="10.29631"><ele>2059</ele></trkpt>
<trkpt lat="46.97086" lon="10.29632"><ele>2059</ele></trkpt>
<trkpt lat="46.97105" lon="10.29642"><ele>2052</ele></trkpt>
<trkpt lat="46.97108" lon="10.29644"><ele>2054</ele></trkpt>
<trkpt lat="46.97128" lon="10.29673"><ele>2048</ele></trkpt>
<trkpt lat="46.97134" lon="10.29682"><ele>2048</ele></trkpt>
<trkpt lat="46.97134" lon="10.29682"><ele>2048</ele></trkpt>
<trkpt lat="46.97134" lon="10.29682"><ele>2048</ele></trkpt>
<trkpt lat="46.97134" lon="10.29682"><ele>2048</ele></trkpt>
<trkpt lat="46.97134" lon="10.29682"><ele>2048</ele></trkpt>
<trkpt lat="46.97134" lon="10.29682"><ele>2048</ele></trkpt>
<trkpt lat="46.97134" lon="10.29682"><ele>2048</ele></trkpt>
<trkpt lat="46.97134" lon="10.29682"><ele>2048</ele></trkpt>
<trkpt lat="46.9714" lon="10.29697"><ele>2047</ele></trkpt>
<trkpt lat="46.9715" lon="10.29717"><ele>2044</ele></trkpt>
<trkpt lat="46.97156" lon="10.29725"><ele>2042</ele></trkpt>
<trkpt lat="46.97167" lon="10.29737"><ele>2041</ele></trkpt>
<trkpt lat="46.97176" lon="10.2974"><ele>2040</ele></trkpt>
<trkpt lat="46.97188" lon="10.29749"><ele>2038</ele></trkpt>
<trkpt lat="46.97196" lon="10.29752"><ele>2036</ele></trkpt>
<trkpt lat="46.97201" lon="10.29754"><ele>2036</ele></trkpt>
<trkpt lat="46.97206" lon="10.29758"><ele>2035</ele></trkpt>
<trkpt lat="46.97213" lon="10.29762"><ele>2036</ele></trkpt>
<trkpt lat="46.97218" lon="10.29762"><ele>2034</ele></trkpt>
<trkpt lat="46.97218" lon="10.29762"><ele>2034</ele></trkpt>
<trkpt lat="46.9722" lon="10.29759"><ele>2034</ele></trkpt>
<trkpt lat="46.9722" lon="10.29757"><ele>2033</ele></trkpt>
<trkpt lat="46.9722" lon="10.29749"><ele>2033</ele></trkpt>
<trkpt lat="46.97219" lon="10.29734"><ele>2032</ele></trkpt>
<trkpt lat="46.97217" lon="10.29712"><ele>2029</ele></trkpt>
<trkpt lat="46.97215" lon="10.2969"><ele>2028</ele></trkpt>
<trkpt lat="46.97214" lon="10.2967"><ele>2027</ele></trkpt>
<trkpt lat="46.97214" lon="10.29653"><ele>2026</ele></trkpt>
<trkpt lat="46.97215" lon="10.29637"><ele>2026</ele></trkpt>
<trkpt lat="46.97214" lon="10.29623"><ele>2025</ele></trkpt>
<trkpt lat="46.97213" lon="10.29595"><ele>2023</ele></trkpt>
<trkpt lat="46.97211" lon="10.29547"><ele>2019</ele></trkpt>
<trkpt lat="46.97212" lon="10.29515"><ele>2019</ele></trkpt>
<trkpt lat="46.97211" lon="10.29479"><ele>2014</ele></trkpt>
<trkpt lat="46.97211" lon="10.29471"><ele>2012</ele></trkpt>
<trkpt lat="46.9721" lon="10.2946"><ele>2010</ele></trkpt>
<trkpt lat="46.97211" lon="10.29452"><ele>2008</ele></trkpt>
<trkpt lat="46.97211" lon="10.29452"><ele>2008</ele></trkpt>
<trkpt lat="46.97212" lon="10.29448"><ele>2008</ele></trkpt>
<trkpt lat="46.97218" lon="10.29443"><ele>2009</ele></trkpt>
<trkpt lat="46.97226" lon="10.29439"><ele>2005</ele></trkpt>
<trkpt lat="46.97237" lon="10.29437"><ele>2004</ele></trkpt>
<trkpt lat="46.9725" lon="10.29435"><ele>2002</ele></trkpt>
<trkpt lat="46.97262" lon="10.29437"><ele>2001</ele></trkpt>
<trkpt lat="46.97266" lon="10.29437"><ele>2001</ele></trkpt>
<trkpt lat="46.97269" lon="10.29435"><ele>2001</ele></trkpt>
<trkpt lat="46.9727" lon="10.29432"><ele>2001</ele></trkpt>
<trkpt lat="46.97271" lon="10.29428"><ele>2001</ele></trkpt>
<trkpt lat="46.9727" lon="10.29423"><ele>2000</ele></trkpt>
<trkpt lat="46.97267" lon="10.29416"><ele>2000</ele></trkpt>
<trkpt lat="46.9725" lon="10.29393"><ele>1997</ele></trkpt>
<trkpt lat="46.9723" lon="10.29369"><ele>1994</ele></trkpt>
<trkpt lat="46.97228" lon="10.29365"><ele>1994</ele></trkpt>
<trkpt lat="46.97228" lon="10.29365"><ele>1994</ele></trkpt>
<trkpt lat="46.97228" lon="10.29365"><ele>1994</ele></trkpt>
<trkpt lat="46.97228" lon="10.29365"><ele>1994</ele></trkpt>
<trkpt lat="46.97228" lon="10.29365"><ele>1994</ele></trkpt>
<trkpt lat="46.97228" lon="10.29365"><ele>1994</ele></trkpt>
<trkpt lat="46.97228" lon="10.29365"><ele>1994</ele></trkpt>
<trkpt lat="46.97228" lon="10.29365"><ele>1994</ele></trkpt>
<trkpt lat="46.97214" lon="10.29346"><ele>1991</ele></trkpt>
<trkpt lat="46.97188" lon="10.29313"><ele>1990</ele></trkpt>
<trkpt lat="46.97185" lon="10.2931"><ele>1989</ele></trkpt>
<trkpt lat="46.97184" lon="10.29307"><ele>1989</ele></trkpt>
<trkpt lat="46.97184" lon="10.29304"><ele>1989</ele></trkpt>
<trkpt lat="46.97184" lon="10.29304"><ele>1989</ele></trkpt>
<trkpt lat="46.97186" lon="10.29301"><ele>1989</ele></trkpt>
<trkpt lat="46.97187" lon="10.29299"><ele>1988</ele></trkpt>
<trkpt lat="46.9719" lon="10.29298"><ele>1987</ele></trkpt>
<trkpt lat="46.97196" lon="10.29297"><ele>1986</ele></trkpt>
<trkpt lat="46.97207" lon="10.29294"><ele>1986</ele></trkpt>
<trkpt lat="46.97212" lon="10.29294"><ele>1986</ele></trkpt>
<trkpt lat="46.97219" lon="10.2929"><ele>1985</ele></trkpt>
<trkpt lat="46.97257" lon="10.29269"><ele>1981</ele></trkpt>
<trkpt lat="46.97261" lon="10.29268"><ele>1981</ele></trkpt>
<trkpt lat="46.97266" lon="10.29269"><ele>1980</ele></trkpt>
<trkpt lat="46.9727" lon="10.2927"><ele>1980</ele></trkpt>
<trkpt lat="46.97282" lon="10.29271"><ele>1979</ele></trkpt>
<trkpt lat="46.97295" lon="10.29275"><ele>1978</ele></trkpt>
<trkpt lat="46.97302" lon="10.29278"><ele>1977</ele></trkpt>
<trkpt lat="46.97307" lon="10.2928"><ele>1977</ele></trkpt>
<trkpt lat="46.9731" lon="10.29283"><ele>1975</ele></trkpt>
<trkpt lat="46.9732" lon="10.2929"><ele>1975</ele></trkpt>
<trkpt lat="46.97325" lon="10.29293"><ele>1975</ele></trkpt>
<trkpt lat="46.97331" lon="10.29296"><ele>1973</ele></trkpt>
<trkpt lat="46.97338" lon="10.29298"><ele>1972</ele></trkpt>
<trkpt lat="46.97345" lon="10.29299"><ele>1972</ele></trkpt>
<trkpt lat="46.97351" lon="10.29302"><ele>1972</ele></trkpt>
<trkpt lat="46.97356" lon="10.29307"><ele>1971</ele></trkpt>
<trkpt lat="46.97361" lon="10.29312"><ele>1972</ele></trkpt>
<trkpt lat="46.97366" lon="10.29318"><ele>1969</ele></trkpt>
<trkpt lat="46.97369" lon="10.29326"><ele>1970</ele></trkpt>
<trkpt lat="46.97374" lon="10.29336"><ele>1967</ele></trkpt>
<trkpt lat="46.97381" lon="10.29357"><ele>1966</ele></trkpt>
<trkpt lat="46.97383" lon="10.2936"><ele>1966</ele></trkpt>
<trkpt lat="46.97386" lon="10.29365"><ele>1966</ele></trkpt>
<trkpt lat="46.97389" lon="10.29368"><ele>1964</ele></trkpt>
<trkpt lat="46.97392" lon="10.29369"><ele>1964</ele></trkpt>
<trkpt lat="46.97396" lon="10.29371"><ele>1964</ele></trkpt>
<trkpt lat="46.97399" lon="10.29369"><ele>1963</ele></trkpt>
<trkpt lat="46.97401" lon="10.29367"><ele>1963</ele></trkpt>
<trkpt lat="46.97404" lon="10.29363"><ele>1962</ele></trkpt>
<trkpt lat="46.97407" lon="10.29357"><ele>1960</ele></trkpt>
<trkpt lat="46.97411" lon="10.29335"><ele>1960</ele></trkpt>
<trkpt lat="46.97417" lon="10.29311"><ele>1957</ele></trkpt>
<trkpt lat="46.97418" lon="10.29303"><ele>1957</ele></trkpt>
<trkpt lat="46.97418" lon="10.29297"><ele>1956</ele></trkpt>
<trkpt lat="46.97418" lon="10.29289"><ele>1956</ele></trkpt>
<trkpt lat="46.97418" lon="10.29279"><ele>1955</ele></trkpt>
<trkpt lat="46.97415" lon="10.29259"><ele>1952</ele></trkpt>
<trkpt lat="46.97414" lon="10.2925"><ele>1952</ele></trkpt>
<trkpt lat="46.97415" lon="10.29243"><ele>1951</ele></trkpt>
<trkpt lat="46.97416" lon="10.29238"><ele>1951</ele></trkpt>
<trkpt lat="46.97419" lon="10.29229"><ele>1950</ele></trkpt>
<trkpt lat="46.97424" lon="10.29219"><ele>1949</ele></trkpt>
<trkpt lat="46.97429" lon="10.29207"><ele>1949</ele></trkpt>
<trkpt lat="46.97431" lon="10.29199"><ele>1948</ele></trkpt>
<trkpt lat="46.97433" lon="10.29186"><ele>1947</ele></trkpt>
<trkpt lat="46.97434" lon="10.29168"><ele>1945</ele></trkpt>
<trkpt lat="46.97436" lon="10.29138"><ele>1943</ele></trkpt>
<trkpt lat="46.97436" lon="10.29127"><ele>1942</ele></trkpt>
<trkpt lat="46.97435" lon="10.2912"><ele>1940</ele></trkpt>
<trkpt lat="46.97432" lon="10.29114"><ele>1940</ele></trkpt>
<trkpt lat="46.97429" lon="10.29109"><ele>1941</ele></trkpt>
<trkpt lat="46.97425" lon="10.29105"><ele>1939</ele></trkpt>
<trkpt lat="46.97417" lon="10.29101"><ele>1939</ele></trkpt>
<trkpt lat="46.97411" lon="10.29097"><ele>1938</ele></trkpt>
<trkpt lat="46.97406" lon="10.29094"><ele>1936</ele></trkpt>
<trkpt lat="46.97393" lon="10.29078"><ele>1934</ele></trkpt>
<trkpt lat="46.97359" lon="10.2904"><ele>1929</ele></trkpt>
<trkpt lat="46.97355" lon="10.29035"><ele>1929</ele></trkpt>
<trkpt lat="46.97354" lon="10.29031"><ele>1929</ele></trkpt>
<trkpt lat="46.97354" lon="10.29027"><ele>1926</ele></trkpt>
<trkpt lat="46.97356" lon="10.29022"><ele>1926</ele></trkpt>
<trkpt lat="46.97358" lon="10.2902"><ele>1926</ele></trkpt>
<trkpt lat="46.97369" lon="10.29013"><ele>1922</ele></trkpt>
<trkpt lat="46.97385" lon="10.29002"><ele>1917</ele></trkpt>
<trkpt lat="46.97402" lon="10.28989"><ele>1917</ele></trkpt>
<trkpt lat="46.97431" lon="10.28963"><ele>1917</ele></trkpt>
<trkpt lat="46.97442" lon="10.28957"><ele>1917</ele></trkpt>
<trkpt lat="46.97448" lon="10.28954"><ele>1915</ele></trkpt>
<trkpt lat="46.97455" lon="10.28952"><ele>1914</ele></trkpt>
<trkpt lat="46.97463" lon="10.28952"><ele>1914</ele></trkpt>
<trkpt lat="46.97475" lon="10.28952"><ele>1912</ele></trkpt>
<trkpt lat="46.97493" lon="10.28955"><ele>1913</ele></trkpt>
<trkpt lat="46.97522" lon="10.28961"><ele>1911</ele></trkpt>
<trkpt lat="46.97574" lon="10.28974"><ele>1909</ele></trkpt>
<trkpt lat="46.97579" lon="10.28974"><ele>1909</ele></trkpt>
<trkpt lat="46.97582" lon="10.28973"><ele>1908</ele></trkpt>
<trkpt lat="46.97584" lon="10.28971"><ele>1908</ele></trkpt>
<trkpt lat="46.97586" lon="10.28968"><ele>1908</ele></trkpt>
<trkpt lat="46.97586" lon="10.28963"><ele>1907</ele></trkpt>
<trkpt lat="46.97585" lon="10.28957"><ele>1907</ele></trkpt>
<trkpt lat="46.97578" lon="10.28942"><ele>1906</ele></trkpt>
<trkpt lat="46.9757" lon="10.28926"><ele>1903</ele></trkpt>
<trkpt lat="46.97568" lon="10.28922"><ele>1903</ele></trkpt>
<trkpt lat="46.97564" lon="10.28917"><ele>1903</ele></trkpt>
<trkpt lat="46.97558" lon="10.28913"><ele>1900</ele></trkpt>
<trkpt lat="46.97551" lon="10.2891"><ele>1900</ele></trkpt>
<trkpt lat="46.97542" lon="10.28908"><ele>1900</ele></trkpt>
<trkpt lat="46.97534" lon="10.28905"><ele>1900</ele></trkpt>
<trkpt lat="46.9753" lon="10.28903"><ele>1895</ele></trkpt>
<trkpt lat="46.97526" lon="10.28897"><ele>1896</ele></trkpt>
<trkpt lat="46.97522" lon="10.28889"><ele>1891</ele></trkpt>
<trkpt lat="46.97519" lon="10.28881"><ele>1891</ele></trkpt>
<trkpt lat="46.97516" lon="10.28875"><ele>1889</ele></trkpt>
<trkpt lat="46.97509" lon="10.28867"><ele>1891</ele></trkpt>
<trkpt lat="46.97499" lon="10.28858"><ele>1887</ele></trkpt>
<trkpt lat="46.97488" lon="10.28853"><ele>1888</ele></trkpt>
<trkpt lat="46.97488" lon="10.28853"><ele>1888</ele></trkpt>
<trkpt lat="46.97488" lon="10.28853"><ele>1888</ele></trkpt>
<trkpt lat="46.97488" lon="10.28853"><ele>1888</ele></trkpt>
<trkpt lat="46.9747" lon="10.28846"><ele>1882</ele></trkpt>
<trkpt lat="46.97453" lon="10.28839"><ele>1876</ele></trkpt>
<trkpt lat="46.97442" lon="10.28836"><ele>1877</ele></trkpt>
<trkpt lat="46.97431" lon="10.28834"><ele>1877</ele></trkpt>
<trkpt lat="46.97424" lon="10.28835"><ele>1876</ele></trkpt>
<trkpt lat="46.97406" lon="10.28837"><ele>1875</ele></trkpt>
<trkpt lat="46.97403" lon="10.28837"><ele>1874</ele></trkpt>
<trkpt lat="46.97401" lon="10.28835"><ele>1874</ele></trkpt>
<trkpt lat="46.974" lon="10.28832"><ele>1874</ele></trkpt>
<trkpt lat="46.974" lon="10.28829"><ele>1874</ele></trkpt>
<trkpt lat="46.97402" lon="10.28825"><ele>1869</ele></trkpt>
<trkpt lat="46.97416" lon="10.28818"><ele>1871</ele></trkpt>
<trkpt lat="46.97432" lon="10.2881"><ele>1867</ele></trkpt>
<trkpt lat="46.97448" lon="10.28802"><ele>1866</ele></trkpt>
<trkpt lat="46.97467" lon="10.28797"><ele>1862</ele></trkpt>
<trkpt lat="46.97479" lon="10.28792"><ele>1862</ele></trkpt>
<trkpt lat="46.97494" lon="10.28783"><ele>1858</ele></trkpt>
<trkpt lat="46.97506" lon="10.28778"><ele>1857</ele></trkpt>
<trkpt lat="46.97514" lon="10.28778"><ele>1856</ele></trkpt>
<trkpt lat="46.97523" lon="10.28778"><ele>1855</ele></trkpt>
<trkpt lat="46.97529" lon="10.28781"><ele>1853</ele></trkpt>
<trkpt lat="46.97534" lon="10.28783"><ele>1853</ele></trkpt>
<trkpt lat="46.9754" lon="10.28783"><ele>1851</ele></trkpt>
<trkpt lat="46.97556" lon="10.28785"><ele>1849</ele></trkpt>
<trkpt lat="46.9758" lon="10.28787"><ele>1847</ele></trkpt>
<trkpt lat="46.97585" lon="10.28786"><ele>1847</ele></trkpt>
<trkpt lat="46.97588" lon="10.28785"><ele>1845</ele></trkpt>
<trkpt lat="46.9759" lon="10.28782"><ele>1845</ele></trkpt>
<trkpt lat="46.9759" lon="10.28778"><ele>1845</ele></trkpt>
<trkpt lat="46.97589" lon="10.28774"><ele>1842</ele></trkpt>
<trkpt lat="46.97586" lon="10.28771"><ele>1843</ele></trkpt>
<trkpt lat="46.97572" lon="10.28764"><ele>1844</ele></trkpt>
<trkpt lat="46.97568" lon="10.28762"><ele>1841</ele></trkpt>
<trkpt lat="46.97564" lon="10.28759"><ele>1841</ele></trkpt>
<trkpt lat="46.97562" lon="10.28755"><ele>1841</ele></trkpt>
<trkpt lat="46.97559" lon="10.2875"><ele>1843</ele></trkpt>
<trkpt lat="46.97555" lon="10.28741"><ele>1840</ele></trkpt>
<trkpt lat="46.9755" lon="10.28735"><ele>1838</ele></trkpt>
<trkpt lat="46.97543" lon="10.28728"><ele>1840</ele></trkpt>
<trkpt lat="46.97534" lon="10.28722"><ele>1836</ele></trkpt>
<trkpt lat="46.97525" lon="10.28717"><ele>1836</ele></trkpt>
<trkpt lat="46.97518" lon="10.28715"><ele>1836</ele></trkpt>
<trkpt lat="46.97509" lon="10.28713"><ele>1835</ele></trkpt>
<trkpt lat="46.97496" lon="10.28713"><ele>1835</ele></trkpt>
<trkpt lat="46.97491" lon="10.28712"><ele>1835</ele></trkpt>
<trkpt lat="46.97486" lon="10.28711"><ele>1831</ele></trkpt>
<trkpt lat="46.97483" lon="10.28708"><ele>1831</ele></trkpt>
<trkpt lat="46.97482" lon="10.28703"><ele>1831</ele></trkpt>
<trkpt lat="46.97482" lon="10.287"><ele>1831</ele></trkpt>
<trkpt lat="46.97483" lon="10.28697"><ele>1828</ele></trkpt>
<trkpt lat="46.97485" lon="10.28694"><ele>1828</ele></trkpt>
<trkpt lat="46.9755" lon="10.28674"><ele>1821</ele></trkpt>
<trkpt lat="46.97559" lon="10.28673"><ele>1819</ele></trkpt>
<trkpt lat="46.97559" lon="10.28673"><ele>1819</ele></trkpt>
<trkpt lat="46.97559" lon="10.28673"><ele>1819</ele></trkpt>
<trkpt lat="46.97568" lon="10.28672"><ele>1819</ele></trkpt>
<trkpt lat="46.97577" lon="10.2867"><ele>1819</ele></trkpt>
<trkpt lat="46.97586" lon="10.28673"><ele>1818</ele></trkpt>
<trkpt lat="46.97594" lon="10.28674"><ele>1820</ele></trkpt>
<trkpt lat="46.97601" lon="10.28677"><ele>1819</ele></trkpt>
<trkpt lat="46.97606" lon="10.28678"><ele>1817</ele></trkpt>
<trkpt lat="46.97609" lon="10.2868"><ele>1817</ele></trkpt>
<trkpt lat="46.97614" lon="10.28684"><ele>1815</ele></trkpt>
<trkpt lat="46.97621" lon="10.28689"><ele>1817</ele></trkpt>
<trkpt lat="46.97628" lon="10.28696"><ele>1815</ele></trkpt>
<trkpt lat="46.97643" lon="10.28705"><ele>1813</ele></trkpt>
<trkpt lat="46.97663" lon="10.28714"><ele>1814</ele></trkpt>
<trkpt lat="46.97687" lon="10.28725"><ele>1812</ele></trkpt>
<trkpt lat="46.97699" lon="10.2873"><ele>1809</ele></trkpt>
<trkpt lat="46.9771" lon="10.28731"><ele>1806</ele></trkpt>
<trkpt lat="46.97719" lon="10.28734"><ele>1805</ele></trkpt>
<trkpt lat="46.97728" lon="10.28735"><ele>1804</ele></trkpt>
<trkpt lat="46.97739" lon="10.28736"><ele>1803</ele></trkpt>
<trkpt lat="46.97745" lon="10.28736"><ele>1802</ele></trkpt>
<trkpt lat="46.9775" lon="10.28739"><ele>1805</ele></trkpt>
<trkpt lat="46.97755" lon="10.28741"><ele>1803</ele></trkpt>
<trkpt lat="46.97759" lon="10.28744"><ele>1803</ele></trkpt>
<trkpt lat="46.97762" lon="10.28747"><ele>1803</ele></trkpt>
<trkpt lat="46.97766" lon="10.2875"><ele>1802</ele></trkpt>
<trkpt lat="46.97769" lon="10.28755"><ele>1802</ele></trkpt>
<trkpt lat="46.97772" lon="10.28762"><ele>1801</ele></trkpt>
<trkpt lat="46.97776" lon="10.28773"><ele>1801</ele></trkpt>
<trkpt lat="46.97779" lon="10.28783"><ele>1801</ele></trkpt>
<trkpt lat="46.97786" lon="10.28797"><ele>1799</ele></trkpt>
<trkpt lat="46.97792" lon="10.28808"><ele>1797</ele></trkpt>
<trkpt lat="46.97799" lon="10.2882"><ele>1795</ele></trkpt>
<trkpt lat="46.97806" lon="10.28832"><ele>1794</ele></trkpt>
<trkpt lat="46.97812" lon="10.28839"><ele>1795</ele></trkpt>
<trkpt lat="46.97818" lon="10.28846"><ele>1792</ele></trkpt>
<trkpt lat="46.97826" lon="10.28852"><ele>1790</ele></trkpt>
<trkpt lat="46.97839" lon="10.28858"><ele>1790</ele></trkpt>
<trkpt lat="46.97842" lon="10.28861"><ele>1787</ele></trkpt>
<trkpt lat="46.97847" lon="10.28867"><ele>1788</ele></trkpt>
<trkpt lat="46.97857" lon="10.28883"><ele>1786</ele></trkpt>
<trkpt lat="46.97867" lon="10.28898"><ele>1783</ele></trkpt>
<trkpt lat="46.97876" lon="10.28916"><ele>1781</ele></trkpt>
<trkpt lat="46.97886" lon="10.28935"><ele>1780</ele></trkpt>
<trkpt lat="46.97899" lon="10.28961"><ele>1779</ele></trkpt>
<trkpt lat="46.97901" lon="10.28966"><ele>1779</ele></trkpt>
<trkpt lat="46.9791" lon="10.28983"><ele>1776</ele></trkpt>
<trkpt lat="46.97915" lon="10.28994"><ele>1774</ele></trkpt>
<trkpt lat="46.97921" lon="10.2901"><ele>1772</ele></trkpt>
<trkpt lat="46.97927" lon="10.29027"><ele>1768</ele></trkpt>
<trkpt lat="46.97932" lon="10.29036"><ele>1768</ele></trkpt>
<trkpt lat="46.97935" lon="10.29043"><ele>1767</ele></trkpt>
<trkpt lat="46.97938" lon="10.29052"><ele>1765</ele></trkpt>
<trkpt lat="46.97941" lon="10.29059"><ele>1764</ele></trkpt>
<trkpt lat="46.97943" lon="10.29063"><ele>1764</ele></trkpt>
<trkpt lat="46.97946" lon="10.29068"><ele>1761</ele></trkpt>
<trkpt lat="46.97952" lon="10.29081"><ele>1760</ele></trkpt>
<trkpt lat="46.97957" lon="10.2909"><ele>1757</ele></trkpt>
<trkpt lat="46.97961" lon="10.29093"><ele>1757</ele></trkpt>
<trkpt lat="46.97966" lon="10.29096"><ele>1755</ele></trkpt>
<trkpt lat="46.97968" lon="10.29097"><ele>1755</ele></trkpt>
<trkpt lat="46.97974" lon="10.29102"><ele>1754</ele></trkpt>
<trkpt lat="46.97979" lon="10.29104"><ele>1754</ele></trkpt>
<trkpt lat="46.97984" lon="10.29107"><ele>1754</ele></trkpt>
<trkpt lat="46.97987" lon="10.29111"><ele>1754</ele></trkpt>
<trkpt lat="46.9799" lon="10.29115"><ele>1753</ele></trkpt>
<trkpt lat="46.97994" lon="10.29121"><ele>1753</ele></trkpt>
<trkpt lat="46.97997" lon="10.29128"><ele>1753</ele></trkpt>
<trkpt lat="46.98" lon="10.29131"><ele>1751</ele></trkpt>
<trkpt lat="46.98003" lon="10.29136"><ele>1752</ele></trkpt>
<trkpt lat="46.98004" lon="10.2914"><ele>1752</ele></trkpt>
<trkpt lat="46.98006" lon="10.29144"><ele>1752</ele></trkpt>
<trkpt lat="46.98008" lon="10.29148"><ele>1751</ele></trkpt>
<trkpt lat="46.9801" lon="10.29152"><ele>1751</ele></trkpt>
<trkpt lat="46.98012" lon="10.29156"><ele>1751</ele></trkpt>
<trkpt lat="46.98014" lon="10.29162"><ele>1751</ele></trkpt>
<trkpt lat="46.98018" lon="10.29174"><ele>1749</ele></trkpt>
<trkpt lat="46.98022" lon="10.29185"><ele>1748</ele></trkpt>
<trkpt lat="46.98026" lon="10.29197"><ele>1746</ele></trkpt>
<trkpt lat="46.98037" lon="10.2924"><ele>1743</ele></trkpt>
<trkpt lat="46.98044" lon="10.29254"><ele>1740</ele></trkpt>
<trkpt lat="46.98049" lon="10.29267"><ele>1738</ele></trkpt>
<trkpt lat="46.98055" lon="10.29277"><ele>1738</ele></trkpt>
<trkpt lat="46.98062" lon="10.29288"><ele>1737</ele></trkpt>
<trkpt lat="46.98077" lon="10.29308"><ele>1734</ele></trkpt>
<trkpt lat="46.98088" lon="10.29322"><ele>1732</ele></trkpt>
<trkpt lat="46.98101" lon="10.29331"><ele>1731</ele></trkpt>
<trkpt lat="46.98114" lon="10.29338"><ele>1729</ele></trkpt>
<trkpt lat="46.98134" lon="10.29352"><ele>1726</ele></trkpt>
<trkpt lat="46.98154" lon="10.29373"><ele>1724</ele></trkpt>
<trkpt lat="46.98166" lon="10.29383"><ele>1723</ele></trkpt>
<trkpt lat="46.98173" lon="10.29388"><ele>1722</ele></trkpt>
<trkpt lat="46.98181" lon="10.29395"><ele>1721</ele></trkpt>
<trkpt lat="46.98192" lon="10.29408"><ele>1721</ele></trkpt>
<trkpt lat="46.98198" lon="10.29412"><ele>1720</ele></trkpt>
<trkpt lat="46.9821" lon="10.29427"><ele>1719</ele></trkpt>
<trkpt lat="46.98216" lon="10.29434"><ele>1719</ele></trkpt>
<trkpt lat="46.98222" lon="10.2944"><ele>1718</ele></trkpt>
<trkpt lat="46.98229" lon="10.29449"><ele>1718</ele></trkpt>
<trkpt lat="46.98234" lon="10.29461"><ele>1716</ele></trkpt>
<trkpt lat="46.98241" lon="10.29479"><ele>1715</ele></trkpt>
<trkpt lat="46.98247" lon="10.29498"><ele>1715</ele></trkpt>
<trkpt lat="46.98256" lon="10.29517"><ele>1716</ele></trkpt>
<trkpt lat="46.98267" lon="10.29524"><ele>1715</ele></trkpt>
<trkpt lat="46.98286" lon="10.29542"><ele>1714</ele></trkpt>
<trkpt lat="46.98294" lon="10.29547"><ele>1713</ele></trkpt>
<trkpt lat="46.98298" lon="10.29548"><ele>1713</ele></trkpt>
<trkpt lat="46.98314" lon="10.29538"><ele>1711</ele></trkpt>
<trkpt lat="46.98328" lon="10.29541"><ele>1709</ele></trkpt>
<trkpt lat="46.98342" lon="10.29552"><ele>1709</ele></trkpt>
<trkpt lat="46.98352" lon="10.29555"><ele>1709</ele></trkpt>
<trkpt lat="46.98365" lon="10.29569"><ele>1707</ele></trkpt>
<trkpt lat="46.98382" lon="10.29591"><ele>1704</ele></trkpt>
<trkpt lat="46.98398" lon="10.29604"><ele>1704</ele></trkpt>
<trkpt lat="46.98409" lon="10.29615"><ele>1703</ele></trkpt>
<trkpt lat="46.9842" lon="10.29628"><ele>1702</ele></trkpt>
<trkpt lat="46.98439" lon="10.29648"><ele>1701</ele></trkpt>
<trkpt lat="46.98453" lon="10.29667"><ele>1699</ele></trkpt>
<trkpt lat="46.98467" lon="10.29688"><ele>1698</ele></trkpt>
<trkpt lat="46.98483" lon="10.29696"><ele>1697</ele></trkpt>
<trkpt lat="46.98495" lon="10.2971"><ele>1695</ele></trkpt>
<trkpt lat="46.98499" lon="10.2972"><ele>1695</ele></trkpt>
<trkpt lat="46.98504" lon="10.2974"><ele>1694</ele></trkpt>
<trkpt lat="46.98503" lon="10.29752"><ele>1694</ele></trkpt>
<trkpt lat="46.98509" lon="10.29766"><ele>1695</ele></trkpt>
<trkpt lat="46.9851" lon="10.29769"><ele>1695</ele></trkpt>
<trkpt lat="46.98512" lon="10.29768"><ele>1694</ele></trkpt>
<trkpt lat="46.98512" lon="10.29768"><ele>1694</ele></trkpt>
<trkpt lat="46.98514" lon="10.29777"><ele>1695</ele></trkpt>
<trkpt lat="46.98515" lon="10.29782"><ele>1695</ele></trkpt>
<trkpt lat="46.98516" lon="10.29791"><ele>1696</ele></trkpt>
<trkpt lat="46.9852" lon="10.29798"><ele>1697</ele></trkpt>
<trkpt lat="46.98526" lon="10.29811"><ele>1697</ele></trkpt>
<trkpt lat="46.98552" lon="10.29847"><ele>1696</ele></trkpt>
<trkpt lat="46.98558" lon="10.29853"><ele>1696</ele></trkpt>
<trkpt lat="46.98563" lon="10.29857"><ele>1696</ele></trkpt>
<trkpt lat="46.98569" lon="10.2986"><ele>1694</ele></trkpt>
<trkpt lat="46.98573" lon="10.29862"><ele>1695</ele></trkpt>
<trkpt lat="46.98598" lon="10.29864"><ele>1693</ele></trkpt>
<trkpt lat="46.98618" lon="10.29866"><ele>1691</ele></trkpt>
<trkpt lat="46.98638" lon="10.29867"><ele>1691</ele></trkpt>
<trkpt lat="46.98647" lon="10.29867"><ele>1690</ele></trkpt>
<trkpt lat="46.98658" lon="10.29869"><ele>1690</ele></trkpt>
<trkpt lat="46.98658" lon="10.29871"><ele>1690</ele></trkpt>
<trkpt lat="46.98658" lon="10.29871"><ele>1690</ele></trkpt>
<trkpt lat="46.98658" lon="10.29871"><ele>1690</ele></trkpt>
<trkpt lat="46.98658" lon="10.29871"><ele>1690</ele></trkpt>
<trkpt lat="46.98658" lon="10.29871"><ele>1690</ele></trkpt>
<trkpt lat="46.98658" lon="10.29871"><ele>1690</ele></trkpt>
<trkpt lat="46.98658" lon="10.29871"><ele>1690</ele></trkpt>
<trkpt lat="46.9867" lon="10.29876"><ele>1690</ele></trkpt>
<trkpt lat="46.98684" lon="10.29879"><ele>1689</ele></trkpt>
<trkpt lat="46.98698" lon="10.29881"><ele>1688</ele></trkpt>
<trkpt lat="46.98718" lon="10.29886"><ele>1687</ele></trkpt>
<trkpt lat="46.98722" lon="10.29886"><ele>1686</ele></trkpt>
<trkpt lat="46.98736" lon="10.29889"><ele>1687</ele></trkpt>
<trkpt lat="46.98764" lon="10.29892"><ele>1687</ele></trkpt>
<trkpt lat="46.98799" lon="10.29895"><ele>1686</ele></trkpt>
<trkpt lat="46.98831" lon="10.29897"><ele>1686</ele></trkpt>
<trkpt lat="46.98862" lon="10.29895"><ele>1685</ele></trkpt>
<trkpt lat="46.98881" lon="10.29894"><ele>1685</ele></trkpt>
<trkpt lat="46.98887" lon="10.29893"><ele>1685</ele></trkpt>
<trkpt lat="46.989" lon="10.29894"><ele>1685</ele></trkpt>
<trkpt lat="46.98918" lon="10.29895"><ele>1684</ele></trkpt>
<trkpt lat="46.98926" lon="10.29895"><ele>1684</ele></trkpt>
<trkpt lat="46.98936" lon="10.29894"><ele>1684</ele></trkpt>
<trkpt lat="46.98948" lon="10.2989"><ele>1683</ele></trkpt>
<trkpt lat="46.98955" lon="10.2989"><ele>1683</ele></trkpt>
<trkpt lat="46.98962" lon="10.2989"><ele>1683</ele></trkpt>
<trkpt lat="46.98974" lon="10.29893"><ele>1682</ele></trkpt>
<trkpt lat="46.98998" lon="10.29895"><ele>1682</ele></trkpt>
<trkpt lat="46.9901" lon="10.29895"><ele>1681</ele></trkpt>
<trkpt lat="46.9901" lon="10.29895"><ele>1681</ele></trkpt>
<trkpt lat="46.9901" lon="10.29895"><ele>1681</ele></trkpt>
<trkpt lat="46.9901" lon="10.29895"><ele>1681</ele></trkpt>
<trkpt lat="46.9901" lon="10.29895"><ele>1681</ele></trkpt>
<trkpt lat="46.9901" lon="10.29895"><ele>1681</ele></trkpt>
<trkpt lat="46.9901" lon="10.29895"><ele>1681</ele></trkpt>
<trkpt lat="46.9901" lon="10.29895"><ele>1681</ele></trkpt>
<trkpt lat="46.99029" lon="10.29898"><ele>1681</ele></trkpt>
<trkpt lat="46.99037" lon="10.29899"><ele>1681</ele></trkpt>
<trkpt lat="46.99037" lon="10.29899"><ele>1681</ele></trkpt>
<trkpt lat="46.9905" lon="10.29903"><ele>1682</ele></trkpt>
<trkpt lat="46.99061" lon="10.29908"><ele>1681</ele></trkpt>
<trkpt lat="46.99069" lon="10.29911"><ele>1680</ele></trkpt>
<trkpt lat="46.99079" lon="10.29916"><ele>1681</ele></trkpt>
<trkpt lat="46.99084" lon="10.29918"><ele>1681</ele></trkpt>
<trkpt lat="46.9909" lon="10.2992"><ele>1682</ele></trkpt>
<trkpt lat="46.99104" lon="10.29922"><ele>1682</ele></trkpt>
<trkpt lat="46.99143" lon="10.29928"><ele>1682</ele></trkpt>
<trkpt lat="46.99194" lon="10.29936"><ele>1679</ele></trkpt>
<trkpt lat="46.99212" lon="10.29941"><ele>1679</ele></trkpt>
<trkpt lat="46.99212" lon="10.29941"><ele>1679</ele></trkpt>
<trkpt lat="46.99212" lon="10.29941"><ele>1679</ele></trkpt>
<trkpt lat="46.99212" lon="10.29941"><ele>1679</ele></trkpt>
<trkpt lat="46.99212" lon="10.29941"><ele>1679</ele></trkpt>
<trkpt lat="46.99212" lon="10.29941"><ele>1679</ele></trkpt>
<trkpt lat="46.99212" lon="10.29941"><ele>1679</ele></trkpt>
<trkpt lat="46.99212" lon="10.29941"><ele>1679</ele></trkpt>
<trkpt lat="46.99224" lon="10.29944"><ele>1678</ele></trkpt>
<trkpt lat="46.99239" lon="10.29949"><ele>1675</ele></trkpt>
<trkpt lat="46.99257" lon="10.29956"><ele>1675</ele></trkpt>
<trkpt lat="46.99263" lon="10.2996"><ele>1673</ele></trkpt>
<trkpt lat="46.99268" lon="10.29963"><ele>1673</ele></trkpt>
<trkpt lat="46.99272" lon="10.29965"><ele>1673</ele></trkpt>
<trkpt lat="46.99277" lon="10.29969"><ele>1673</ele></trkpt>
<trkpt lat="46.99286" lon="10.29978"><ele>1672</ele></trkpt>
<trkpt lat="46.99292" lon="10.29987"><ele>1672</ele></trkpt>
<trkpt lat="46.99295" lon="10.29992"><ele>1672</ele></trkpt>
<trkpt lat="46.99301" lon="10.30001"><ele>1671</ele></trkpt>
<trkpt lat="46.99308" lon="10.30007"><ele>1671</ele></trkpt>
<trkpt lat="46.99315" lon="10.30012"><ele>1671</ele></trkpt>
<trkpt lat="46.99323" lon="10.30015"><ele>1672</ele></trkpt>
<trkpt lat="46.99341" lon="10.30019"><ele>1671</ele></trkpt>
<trkpt lat="46.99347" lon="10.3002"><ele>1671</ele></trkpt>
<trkpt lat="46.99374" lon="10.30026"><ele>1669</ele></trkpt>
<trkpt lat="46.99384" lon="10.30026"><ele>1669</ele></trkpt>
<trkpt lat="46.99397" lon="10.30029"><ele>1668</ele></trkpt>
<trkpt lat="46.99397" lon="10.30029"><ele>1668</ele></trkpt>
<trkpt lat="46.99397" lon="10.30029"><ele>1668</ele></trkpt>
<trkpt lat="46.99397" lon="10.30029"><ele>1668</ele></trkpt>
<trkpt lat="46.99397" lon="10.30029"><ele>1668</ele></trkpt>
<trkpt lat="46.99407" lon="10.3003"><ele>1667</ele></trkpt>
<trkpt lat="46.99423" lon="10.30029"><ele>1666</ele></trkpt>
<trkpt lat="46.99454" lon="10.30022"><ele>1663</ele></trkpt>
<trkpt lat="46.99463" lon="10.30022"><ele>1662</ele></trkpt>
<trkpt lat="46.99472" lon="10.30023"><ele>1661</ele></trkpt>
<trkpt lat="46.99472" lon="10.30023"><ele>1661</ele></trkpt>
<trkpt lat="46.99472" lon="10.30026"><ele>1661</ele></trkpt>
<trkpt lat="46.99473" lon="10.30031"><ele>1662</ele></trkpt>
<trkpt lat="46.99475" lon="10.30035"><ele>1662</ele></trkpt>
<trkpt lat="46.99477" lon="10.30036"><ele>1662</ele></trkpt>
<trkpt lat="46.9948" lon="10.30038"><ele>1662</ele></trkpt>
<trkpt lat="46.99487" lon="10.30038"><ele>1662</ele></trkpt>
<trkpt lat="46.99492" lon="10.30038"><ele>1661</ele></trkpt>
<trkpt lat="46.99501" lon="10.30039"><ele>1662</ele></trkpt>
<trkpt lat="46.99507" lon="10.3004"><ele>1663</ele></trkpt>
<trkpt lat="46.99512" lon="10.30042"><ele>1663</ele></trkpt>
<trkpt lat="46.99517" lon="10.30044"><ele>1663</ele></trkpt>
<trkpt lat="46.99524" lon="10.30049"><ele>1663</ele></trkpt>
<trkpt lat="46.99529" lon="10.30054"><ele>1664</ele></trkpt>
<trkpt lat="46.99533" lon="10.30059"><ele>1663</ele></trkpt>
<trkpt lat="46.99543" lon="10.3008"><ele>1664</ele></trkpt>
<trkpt lat="46.9955" lon="10.30094"><ele>1664</ele></trkpt>
<trkpt lat="46.99552" lon="10.30096"><ele>1664</ele></trkpt>
<trkpt lat="46.99552" lon="10.30096"><ele>1664</ele></trkpt>
<trkpt lat="46.99552" lon="10.30096"><ele>1664</ele></trkpt>
<trkpt lat="46.99552" lon="10.30096"><ele>1664</ele></trkpt>
<trkpt lat="46.99552" lon="10.30096"><ele>1664</ele></trkpt>
<trkpt lat="46.99552" lon="10.30096"><ele>1664</ele></trkpt>
<trkpt lat="46.99552" lon="10.30096"><ele>1664</ele></trkpt>
<trkpt lat="46.99557" lon="10.30103"><ele>1663</ele></trkpt>
<trkpt lat="46.99561" lon="10.30109"><ele>1665</ele></trkpt>
<trkpt lat="46.99565" lon="10.30111"><ele>1665</ele></trkpt>
<trkpt lat="46.99568" lon="10.30114"><ele>1665</ele></trkpt>
<trkpt lat="46.99574" lon="10.30115"><ele>1665</ele></trkpt>
<trkpt lat="46.99587" lon="10.30116"><ele>1668</ele></trkpt>
<trkpt lat="46.99593" lon="10.30119"><ele>1670</ele></trkpt>
<trkpt lat="46.99598" lon="10.30123"><ele>1670</ele></trkpt>
<trkpt lat="46.99601" lon="10.30129"><ele>1670</ele></trkpt>
<trkpt lat="46.99604" lon="10.30134"><ele>1672</ele></trkpt>
<trkpt lat="46.99612" lon="10.30164"><ele>1675</ele></trkpt>
<trkpt lat="46.99613" lon="10.30171"><ele>1677</ele></trkpt>
<trkpt lat="46.99612" lon="10.30177"><ele>1677</ele></trkpt>
<trkpt lat="46.99611" lon="10.30183"><ele>1676</ele></trkpt>
<trkpt lat="46.9961" lon="10.30188"><ele>1676</ele></trkpt>
<trkpt lat="46.99575" lon="10.30232"><ele>1675</ele></trkpt>
<trkpt lat="46.99574" lon="10.30236"><ele>1675</ele></trkpt>
<trkpt lat="46.99572" lon="10.30239"><ele>1675</ele></trkpt>
<trkpt lat="46.99572" lon="10.30242"><ele>1675</ele></trkpt>
<trkpt lat="46.99571" lon="10.30247"><ele>1675</ele></trkpt>
<trkpt lat="46.99573" lon="10.30254"><ele>1675</ele></trkpt>
<trkpt lat="46.99577" lon="10.30261"><ele>1676</ele></trkpt>
<trkpt lat="46.99581" lon="10.30267"><ele>1676</ele></trkpt>

                    </trkseg>
              </trk>
            </gpx>