<?xml version='1.0' encoding='UTF-8'?>
<gpx version="1.1" creator="https://www.komoot.de" xmlns="http://www.topografix.com/GPX/1/1" xmlns:xsi="http://www.w3.org/2001/XMLSchema-instance" xsi:schemaLocation="http://www.topografix.com/GPX/1/1 http://www.topografix.com/GPX/1/1/gpx.xsd">
  <metadata>
    <name>MTB Park Pfälzerwald Ost-West-Passage</name>
    <author>
      <link href="https://www.komoot.de">
        <text>komoot</text>
        <type>text/html</type>
      </link>
    </author>
  </metadata>
  <trk>
    <name>MTB Park Pfälzerwald Ost-West-Passage</name>
    <type>mtb</type>
    <trkseg>
      <trkpt lat="49.372953" lon="8.074531">
        <ele>172.284057</ele>
        <time>2026-07-02T07:22:59.339Z</time>
      </trkpt>
      <trkpt lat="49.372933" lon="8.074572">
        <ele>172.284057</ele>
        <time>2026-07-02T07:22:59.927Z</time>
      </trkpt>
      <trkpt lat="49.372843" lon="8.074610">
        <ele>172.278650</ele>
        <time>2026-07-02T07:23:01.602Z</time>
      </trkpt>
      <trkpt lat="49.372797" lon="8.074595">
        <ele>172.260846</ele>
        <time>2026-07-02T07:23:02.478Z</time>
      </trkpt>
      <trkpt lat="49.372776" lon="8.074561">
        <ele>172.249294</ele>
        <time>2026-07-02T07:23:03.019Z</time>
      </trkpt>
      <trkpt lat="49.372752" lon="8.074512">
        <ele>172.234179</ele>
        <time>2026-07-02T07:23:03.725Z</time>
      </trkpt>
      <trkpt lat="49.372721" lon="8.074282">
        <ele>172.190075</ele>
        <time>2026-07-02T07:23:06.559Z</time>
      </trkpt>
      <trkpt lat="49.372722" lon="8.073397">
        <ele>172.098645</ele>
        <time>2026-07-02T07:23:17.378Z</time>
      </trkpt>
      <trkpt lat="49.372675" lon="8.073276">
        <ele>172.056066</ele>
        <time>2026-07-02T07:23:19.082Z</time>
      </trkpt>
      <trkpt lat="49.372601" lon="8.073263">
        <ele>172.006317</ele>
        <time>2026-07-02T07:23:20.370Z</time>
      </trkpt>
      <trkpt lat="49.372659" lon="8.072509">
        <ele>171.692901</ele>
        <time>2026-07-02T07:23:29.144Z</time>
      </trkpt>
      <trkpt lat="49.372675" lon="8.072304">
        <ele>171.572893</ele>
        <time>2026-07-02T07:23:31.434Z</time>
      </trkpt>
      <trkpt lat="49.372694" lon="8.072056">
        <ele>171.396550</ele>
        <time>2026-07-02T07:23:34.154Z</time>
      </trkpt>
      <trkpt lat="49.372715" lon="8.071701">
        <ele>171.077228</ele>
        <time>2026-07-02T07:23:37.878Z</time>
      </trkpt>
      <trkpt lat="49.372677" lon="8.071684">
        <ele>171.013224</ele>
        <time>2026-07-02T07:23:38.534Z</time>
      </trkpt>
      <trkpt lat="49.372628" lon="8.071585">
        <ele>170.882284</ele>
        <time>2026-07-02T07:23:39.888Z</time>
      </trkpt>
      <trkpt lat="49.372546" lon="8.071366">
        <ele>170.592985</ele>
        <time>2026-07-02T07:23:42.618Z</time>
      </trkpt>
      <trkpt lat="49.372406" lon="8.070941">
        <ele>170.024525</ele>
        <time>2026-07-02T07:23:47.771Z</time>
      </trkpt>
      <trkpt lat="49.372329" lon="8.070635">
        <ele>169.731860</ele>
        <time>2026-07-02T07:23:51.460Z</time>
      </trkpt>
      <trkpt lat="49.372261" lon="8.070477">
        <ele>169.617373</ele>
        <time>2026-07-02T07:23:53.648Z</time>
      </trkpt>
      <trkpt lat="49.371925" lon="8.070145">
        <ele>169.445563</ele>
        <time>2026-07-02T07:24:01.353Z</time>
      </trkpt>
      <trkpt lat="49.371930" lon="8.069973">
        <ele>169.537093</ele>
        <time>2026-07-02T07:24:04.014Z</time>
      </trkpt>
      <trkpt lat="49.371675" lon="8.069974">
        <ele>169.784833</ele>
        <time>2026-07-02T07:24:11.809Z</time>
      </trkpt>
      <trkpt lat="49.371542" lon="8.069970">
        <ele>169.979525</ele>
        <time>2026-07-02T07:24:15.432Z</time>
      </trkpt>
      <trkpt lat="49.371502" lon="8.069956">
        <ele>170.058705</ele>
        <time>2026-07-02T07:24:16.610Z</time>
      </trkpt>
      <trkpt lat="49.371454" lon="8.069887">
        <ele>170.185597</ele>
        <time>2026-07-02T07:24:18.562Z</time>
      </trkpt>
      <trkpt lat="49.371310" lon="8.069156">
        <ele>171.741637</ele>
        <time>2026-07-02T07:24:36.524Z</time>
      </trkpt>
      <trkpt lat="49.371278" lon="8.069061">
        <ele>172.059677</ele>
        <time>2026-07-02T07:24:39.503Z</time>
      </trkpt>
      <trkpt lat="49.371253" lon="8.068986">
        <ele>172.320942</ele>
        <time>2026-07-02T07:24:41.926Z</time>
      </trkpt>
      <trkpt lat="49.371037" lon="8.068537">
        <ele>174.168681</ele>
        <time>2026-07-02T07:24:58.462Z</time>
      </trkpt>
      <trkpt lat="49.370704" lon="8.068919">
        <ele>176.918738</ele>
        <time>2026-07-02T07:25:20.610Z</time>
      </trkpt>
      <trkpt lat="49.370586" lon="8.068746">
        <ele>178.144472</ele>
        <time>2026-07-02T07:25:30.069Z</time>
      </trkpt>
      <trkpt lat="49.370497" lon="8.068679">
        <ele>178.918654</ele>
        <time>2026-07-02T07:25:36.136Z</time>
      </trkpt>
      <trkpt lat="49.370464" lon="8.068337">
        <ele>180.835228</ele>
        <time>2026-07-02T07:25:51.243Z</time>
      </trkpt>
      <trkpt lat="49.370491" lon="8.068208">
        <ele>181.652153</ele>
        <time>2026-07-02T07:25:57.551Z</time>
      </trkpt>
      <trkpt lat="49.370626" lon="8.067837">
        <ele>184.305714</ele>
        <time>2026-07-02T07:26:16.552Z</time>
      </trkpt>
      <trkpt lat="49.370771" lon="8.067463">
        <ele>187.111265</ele>
        <time>2026-07-02T07:26:36.697Z</time>
      </trkpt>
      <trkpt lat="49.370779" lon="8.067298">
        <ele>188.228770</ele>
        <time>2026-07-02T07:26:44.475Z</time>
      </trkpt>
      <trkpt lat="49.370800" lon="8.067085">
        <ele>189.682694</ele>
        <time>2026-07-02T07:26:54.651Z</time>
      </trkpt>
      <trkpt lat="49.370915" lon="8.066607">
        <ele>192.999889</ele>
        <time>2026-07-02T07:27:18.148Z</time>
      </trkpt>
      <trkpt lat="49.371297" lon="8.065747">
        <ele>198.659457</ele>
        <time>2026-07-02T07:27:59.692Z</time>
      </trkpt>
      <trkpt lat="49.371656" lon="8.064938">
        <ele>202.152938</ele>
        <time>2026-07-02T07:28:30.552Z</time>
      </trkpt>
      <trkpt lat="49.372016" lon="8.063332">
        <ele>204.489511</ele>
        <time>2026-07-02T07:29:02.455Z</time>
      </trkpt>
      <trkpt lat="49.372071" lon="8.062942">
        <ele>204.104721</ele>
        <time>2026-07-02T07:29:06.519Z</time>
      </trkpt>
      <trkpt lat="49.372105" lon="8.062266">
        <ele>202.329006</ele>
        <time>2026-07-02T07:29:12.743Z</time>
      </trkpt>
      <trkpt lat="49.372062" lon="8.061118">
        <ele>197.652025</ele>
        <time>2026-07-02T07:29:22.284Z</time>
      </trkpt>
      <trkpt lat="49.371999" lon="8.060344">
        <ele>193.873106</ele>
        <time>2026-07-02T07:29:28.595Z</time>
      </trkpt>
      <trkpt lat="49.372089" lon="8.060226">
        <ele>193.208486</ele>
        <time>2026-07-02T07:29:30.149Z</time>
      </trkpt>
      <trkpt lat="49.372208" lon="8.060140">
        <ele>192.590197</ele>
        <time>2026-07-02T07:29:31.924Z</time>
      </trkpt>
      <trkpt lat="49.372356" lon="8.060065">
        <ele>192.143151</ele>
        <time>2026-07-02T07:29:34.194Z</time>
      </trkpt>
      <trkpt lat="49.372853" lon="8.059914">
        <ele>192.274639</ele>
        <time>2026-07-02T07:29:44.695Z</time>
      </trkpt>
      <trkpt lat="49.372912" lon="8.059865">
        <ele>192.423684</ele>
        <time>2026-07-02T07:29:46.837Z</time>
      </trkpt>
      <trkpt lat="49.373106" lon="8.059553">
        <ele>193.306227</ele>
        <time>2026-07-02T07:29:56.549Z</time>
      </trkpt>
      <trkpt lat="49.373461" lon="8.058730">
        <ele>196.619483</ele>
        <time>2026-07-02T07:30:25.847Z</time>
      </trkpt>
      <trkpt lat="49.373893" lon="8.057798">
        <ele>200.712932</ele>
        <time>2026-07-02T07:31:10.728Z</time>
      </trkpt>
      <trkpt lat="49.374062" lon="8.057380">
        <ele>201.848163</ele>
        <time>2026-07-02T07:31:26.370Z</time>
      </trkpt>
      <trkpt lat="49.374169" lon="8.057031">
        <ele>202.496925</ele>
        <time>2026-07-02T07:31:37.103Z</time>
      </trkpt>
      <trkpt lat="49.374237" lon="8.056650">
        <ele>203.085431</ele>
        <time>2026-07-02T07:31:48.283Z</time>
      </trkpt>
      <trkpt lat="49.374390" lon="8.055036">
        <ele>205.259739</ele>
        <time>2026-07-02T07:32:33.243Z</time>
      </trkpt>
      <trkpt lat="49.374382" lon="8.054296">
        <ele>205.793305</ele>
        <time>2026-07-02T07:32:51.383Z</time>
      </trkpt>
      <trkpt lat="49.374317" lon="8.053480">
        <ele>205.731643</ele>
        <time>2026-07-02T07:33:08.074Z</time>
      </trkpt>
      <trkpt lat="49.374096" lon="8.052006">
        <ele>204.052941</ele>
        <time>2026-07-02T07:33:35.546Z</time>
      </trkpt>
      <trkpt lat="49.374012" lon="8.050590">
        <ele>201.637931</ele>
        <time>2026-07-02T07:33:59.962Z</time>
      </trkpt>
      <trkpt lat="49.373907" lon="8.049565">
        <ele>200.292788</ele>
        <time>2026-07-02T07:34:18.454Z</time>
      </trkpt>
      <trkpt lat="49.373720" lon="8.048951">
        <ele>200.145418</ele>
        <time>2026-07-02T07:34:32.135Z</time>
      </trkpt>
      <trkpt lat="49.373618" lon="8.048817">
        <ele>200.204522</ele>
        <time>2026-07-02T07:34:36.842Z</time>
      </trkpt>
      <trkpt lat="49.373468" lon="8.048741">
        <ele>200.498496</ele>
        <time>2026-07-02T07:34:42.763Z</time>
      </trkpt>
      <trkpt lat="49.371791" lon="8.048501">
        <ele>207.456669</ele>
        <time>2026-07-02T07:36:11.804Z</time>
      </trkpt>
      <trkpt lat="49.370712" lon="8.048037">
        <ele>213.985541</ele>
        <time>2026-07-02T07:37:20.393Z</time>
      </trkpt>
      <trkpt lat="49.370150" lon="8.047398">
        <ele>217.673002</ele>
        <time>2026-07-02T07:38:01.388Z</time>
      </trkpt>
      <trkpt lat="49.369055" lon="8.045817">
        <ele>221.646570</ele>
        <time>2026-07-02T07:39:09.375Z</time>
      </trkpt>
      <trkpt lat="49.368698" lon="8.045087">
        <ele>221.047233</ele>
        <time>2026-07-02T07:39:26.778Z</time>
      </trkpt>
      <trkpt lat="49.368350" lon="8.044567">
        <ele>219.772291</ele>
        <time>2026-07-02T07:39:39.480Z</time>
      </trkpt>
      <trkpt lat="49.368279" lon="8.044421">
        <ele>219.395825</ele>
        <time>2026-07-02T07:39:42.490Z</time>
      </trkpt>
      <trkpt lat="49.368240" lon="8.044260">
        <ele>219.017031</ele>
        <time>2026-07-02T07:39:45.322Z</time>
      </trkpt>
      <trkpt lat="49.368214" lon="8.043827">
        <ele>218.138095</ele>
        <time>2026-07-02T07:39:52.684Z</time>
      </trkpt>
      <trkpt lat="49.368098" lon="8.043423">
        <ele>217.541551</ele>
        <time>2026-07-02T07:40:00.465Z</time>
      </trkpt>
      <trkpt lat="49.367938" lon="8.042596">
        <ele>216.778800</ele>
        <time>2026-07-02T07:40:16.625Z</time>
      </trkpt>
      <trkpt lat="49.367838" lon="8.042366">
        <ele>216.422498</ele>
        <time>2026-07-02T07:40:21.682Z</time>
      </trkpt>
      <trkpt lat="49.367366" lon="8.041602">
        <ele>214.772404</ele>
        <time>2026-07-02T07:40:40.039Z</time>
      </trkpt>
      <trkpt lat="49.367372" lon="8.041485">
        <ele>214.565850</ele>
        <time>2026-07-02T07:40:42.024Z</time>
      </trkpt>
      <trkpt lat="49.367718" lon="8.041020">
        <ele>212.983159</ele>
        <time>2026-07-02T07:40:53.792Z</time>
      </trkpt>
      <trkpt lat="49.367782" lon="8.040854">
        <ele>212.457266</ele>
        <time>2026-07-02T07:40:56.891Z</time>
      </trkpt>
      <trkpt lat="49.367813" lon="8.040683">
        <ele>211.962006</ele>
        <time>2026-07-02T07:40:59.707Z</time>
      </trkpt>
      <trkpt lat="49.367814" lon="8.040493">
        <ele>211.296906</ele>
        <time>2026-07-02T07:41:02.682Z</time>
      </trkpt>
      <trkpt lat="49.367788" lon="8.040264">
        <ele>210.431112</ele>
        <time>2026-07-02T07:41:06.248Z</time>
      </trkpt>
      <trkpt lat="49.367686" lon="8.039791">
        <ele>208.322293</ele>
        <time>2026-07-02T07:41:13.695Z</time>
      </trkpt>
      <trkpt lat="49.367490" lon="8.039078">
        <ele>205.152671</ele>
        <time>2026-07-02T07:41:25.375Z</time>
      </trkpt>
      <trkpt lat="49.367339" lon="8.038628">
        <ele>203.547608</ele>
        <time>2026-07-02T07:41:33.330Z</time>
      </trkpt>
      <trkpt lat="49.367132" lon="8.038143">
        <ele>202.019060</ele>
        <time>2026-07-02T07:41:42.756Z</time>
      </trkpt>
      <trkpt lat="49.366954" lon="8.037843">
        <ele>201.131623</ele>
        <time>2026-07-02T07:41:49.519Z</time>
      </trkpt>
      <trkpt lat="49.366781" lon="8.037671">
        <ele>200.625292</ele>
        <time>2026-07-02T07:41:54.896Z</time>
      </trkpt>
      <trkpt lat="49.365489" lon="8.036857">
        <ele>200.401073</ele>
        <time>2026-07-02T07:42:38.307Z</time>
      </trkpt>
      <trkpt lat="49.364650" lon="8.036170">
        <ele>202.436580</ele>
        <time>2026-07-02T07:43:20.345Z</time>
      </trkpt>
      <trkpt lat="49.364105" lon="8.035673">
        <ele>203.170237</ele>
        <time>2026-07-02T07:43:44.103Z</time>
      </trkpt>
      <trkpt lat="49.364055" lon="8.035391">
        <ele>203.054311</ele>
        <time>2026-07-02T07:43:49.748Z</time>
      </trkpt>
      <trkpt lat="49.363927" lon="8.034975">
        <ele>202.440819</ele>
        <time>2026-07-02T07:43:58.049Z</time>
      </trkpt>
      <trkpt lat="49.364027" lon="8.035130">
        <ele>201.948505</ele>
        <time>2026-07-02T07:44:00.143Z</time>
      </trkpt>
      <trkpt lat="49.364592" lon="8.035622">
        <ele>198.231608</ele>
        <time>2026-07-02T07:44:08.585Z</time>
      </trkpt>
      <trkpt lat="49.365482" lon="8.036063">
        <ele>189.253127</ele>
        <time>2026-07-02T07:44:19.789Z</time>
      </trkpt>
      <trkpt lat="49.365607" lon="8.036037">
        <ele>188.108162</ele>
        <time>2026-07-02T07:44:21.329Z</time>
      </trkpt>
      <trkpt lat="49.365657" lon="8.035992">
        <ele>187.596975</ele>
        <time>2026-07-02T07:44:22.036Z</time>
      </trkpt>
      <trkpt lat="49.365708" lon="8.035883">
        <ele>186.866780</ele>
        <time>2026-07-02T07:44:23.116Z</time>
      </trkpt>
      <trkpt lat="49.365754" lon="8.035749">
        <ele>186.042676</ele>
        <time>2026-07-02T07:44:24.324Z</time>
      </trkpt>
      <trkpt lat="49.365928" lon="8.035230">
        <ele>183.405167</ele>
        <time>2026-07-02T07:44:29.113Z</time>
      </trkpt>
      <trkpt lat="49.366571" lon="8.035445">
        <ele>180.092806</ele>
        <time>2026-07-02T07:44:37.830Z</time>
      </trkpt>
      <trkpt lat="49.367512" lon="8.035901">
        <ele>178.239821</ele>
        <time>2026-07-02T07:44:53.465Z</time>
      </trkpt>
      <trkpt lat="49.367852" lon="8.036059">
        <ele>178.016191</ele>
        <time>2026-07-02T07:44:59.661Z</time>
      </trkpt>
      <trkpt lat="49.367924" lon="8.036089">
        <ele>177.984813</ele>
        <time>2026-07-02T07:45:01.028Z</time>
      </trkpt>
      <trkpt lat="49.368066" lon="8.036207">
        <ele>177.901823</ele>
        <time>2026-07-02T07:45:03.927Z</time>
      </trkpt>
      <trkpt lat="49.368493" lon="8.036794">
        <ele>177.619262</ele>
        <time>2026-07-02T07:45:14.105Z</time>
      </trkpt>
      <trkpt lat="49.368748" lon="8.037157">
        <ele>177.644915</ele>
        <time>2026-07-02T07:45:20.850Z</time>
      </trkpt>
      <trkpt lat="49.368900" lon="8.037432">
        <ele>177.849816</ele>
        <time>2026-07-02T07:45:26.557Z</time>
      </trkpt>
      <trkpt lat="49.369016" lon="8.037718">
        <ele>178.207126</ele>
        <time>2026-07-02T07:45:32.368Z</time>
      </trkpt>
      <trkpt lat="49.369196" lon="8.038377">
        <ele>179.125442</ele>
        <time>2026-07-02T07:45:45.960Z</time>
      </trkpt>
      <trkpt lat="49.369240" lon="8.038262">
        <ele>179.333909</ele>
        <time>2026-07-02T07:45:48.783Z</time>
      </trkpt>
      <trkpt lat="49.369235" lon="8.038004">
        <ele>179.843896</ele>
        <time>2026-07-02T07:45:54.565Z</time>
      </trkpt>
      <trkpt lat="49.369048" lon="8.036696">
        <ele>183.335370</ele>
        <time>2026-07-02T07:46:28.590Z</time>
      </trkpt>
      <trkpt lat="49.369146" lon="8.036702">
        <ele>183.756392</ele>
        <time>2026-07-02T07:46:32.847Z</time>
      </trkpt>
      <trkpt lat="49.369201" lon="8.036751">
        <ele>184.035143</ele>
        <time>2026-07-02T07:46:35.373Z</time>
      </trkpt>
      <trkpt lat="49.369309" lon="8.036992">
        <ele>184.803345</ele>
        <time>2026-07-02T07:46:43.278Z</time>
      </trkpt>
      <trkpt lat="49.369607" lon="8.038013">
        <ele>187.185532</ele>
        <time>2026-07-02T07:47:09.095Z</time>
      </trkpt>
      <trkpt lat="49.369740" lon="8.038600">
        <ele>187.713922</ele>
        <time>2026-07-02T07:47:19.544Z</time>
      </trkpt>
      <trkpt lat="49.370037" lon="8.040062">
        <ele>187.927520</ele>
        <time>2026-07-02T07:47:39.299Z</time>
      </trkpt>
      <trkpt lat="49.370178" lon="8.041751">
        <ele>188.840555</ele>
        <time>2026-07-02T07:48:04.439Z</time>
      </trkpt>
      <trkpt lat="49.370305" lon="8.042624">
        <ele>190.847083</ele>
        <time>2026-07-02T07:48:26.214Z</time>
      </trkpt>
      <trkpt lat="49.370434" lon="8.043130">
        <ele>192.406251</ele>
        <time>2026-07-02T07:48:40.883Z</time>
      </trkpt>
      <trkpt lat="49.370643" lon="8.043738">
        <ele>194.498851</ele>
        <time>2026-07-02T07:49:00.189Z</time>
      </trkpt>
      <trkpt lat="49.370811" lon="8.044080">
        <ele>195.812781</ele>
        <time>2026-07-02T07:49:12.070Z</time>
      </trkpt>
      <trkpt lat="49.371341" lon="8.044792">
        <ele>199.356714</ele>
        <time>2026-07-02T07:49:42.773Z</time>
      </trkpt>
      <trkpt lat="49.371675" lon="8.045101">
        <ele>201.725681</ele>
        <time>2026-07-02T07:50:02.381Z</time>
      </trkpt>
      <trkpt lat="49.371938" lon="8.045265">
        <ele>203.759416</ele>
        <time>2026-07-02T07:50:18.148Z</time>
      </trkpt>
      <trkpt lat="49.372155" lon="8.045263">
        <ele>205.499474</ele>
        <time>2026-07-02T07:50:30.949Z</time>
      </trkpt>
      <trkpt lat="49.372363" lon="8.045110">
        <ele>207.459655</ele>
        <time>2026-07-02T07:50:45.312Z</time>
      </trkpt>
      <trkpt lat="49.372572" lon="8.044839">
        <ele>209.964155</ele>
        <time>2026-07-02T07:51:03.258Z</time>
      </trkpt>
      <trkpt lat="49.372809" lon="8.044468">
        <ele>213.017243</ele>
        <time>2026-07-02T07:51:25.072Z</time>
      </trkpt>
      <trkpt lat="49.373332" lon="8.043525">
        <ele>220.573128</ele>
        <time>2026-07-02T07:52:18.460Z</time>
      </trkpt>
      <trkpt lat="49.373511" lon="8.043173">
        <ele>223.286610</ele>
        <time>2026-07-02T07:52:37.411Z</time>
      </trkpt>
      <trkpt lat="49.373724" lon="8.042796">
        <ele>226.784320</ele>
        <time>2026-07-02T07:53:01.523Z</time>
      </trkpt>
      <trkpt lat="49.373735" lon="8.042660">
        <ele>227.750671</ele>
        <time>2026-07-02T07:53:08.457Z</time>
      </trkpt>
      <trkpt lat="49.373826" lon="8.042359">
        <ele>229.863755</ele>
        <time>2026-07-02T07:53:23.309Z</time>
      </trkpt>
      <trkpt lat="49.373985" lon="8.042119">
        <ele>231.613357</ele>
        <time>2026-07-02T07:53:36.524Z</time>
      </trkpt>
      <trkpt lat="49.374040" lon="8.041669">
        <ele>233.439694</ele>
        <time>2026-07-02T07:53:51.133Z</time>
      </trkpt>
      <trkpt lat="49.374047" lon="8.041368">
        <ele>234.167625</ele>
        <time>2026-07-02T07:53:58.792Z</time>
      </trkpt>
      <trkpt lat="49.374079" lon="8.041244">
        <ele>234.331576</ele>
        <time>2026-07-02T07:54:01.982Z</time>
      </trkpt>
      <trkpt lat="49.374260" lon="8.041135">
        <ele>234.422257</ele>
        <time>2026-07-02T07:54:08.589Z</time>
      </trkpt>
      <trkpt lat="49.374375" lon="8.041141">
        <ele>234.283455</ele>
        <time>2026-07-02T07:54:11.955Z</time>
      </trkpt>
      <trkpt lat="49.374516" lon="8.041242">
        <ele>233.975989</ele>
        <time>2026-07-02T07:54:16.268Z</time>
      </trkpt>
      <trkpt lat="49.374592" lon="8.041378">
        <ele>233.625043</ele>
        <time>2026-07-02T07:54:19.330Z</time>
      </trkpt>
      <trkpt lat="49.374620" lon="8.041681">
        <ele>232.660539</ele>
        <time>2026-07-02T07:54:24.202Z</time>
      </trkpt>
      <trkpt lat="49.374752" lon="8.042103">
        <ele>230.522122</ele>
        <time>2026-07-02T07:54:31.087Z</time>
      </trkpt>
      <trkpt lat="49.374986" lon="8.042819">
        <ele>225.916816</ele>
        <time>2026-07-02T07:54:42.373Z</time>
      </trkpt>
      <trkpt lat="49.375217" lon="8.043931">
        <ele>221.652388</ele>
        <time>2026-07-02T07:55:00.429Z</time>
      </trkpt>
      <trkpt lat="49.375927" lon="8.045608">
        <ele>218.727621</ele>
        <time>2026-07-02T07:55:35.850Z</time>
      </trkpt>
      <trkpt lat="49.376059" lon="8.045919">
        <ele>218.275240</ele>
        <time>2026-07-02T07:55:42.547Z</time>
      </trkpt>
      <trkpt lat="49.376330" lon="8.046684">
        <ele>217.233918</ele>
        <time>2026-07-02T07:55:58.038Z</time>
      </trkpt>
      <trkpt lat="49.376996" lon="8.048756">
        <ele>218.608054</ele>
        <time>2026-07-02T07:56:51.802Z</time>
      </trkpt>
      <trkpt lat="49.377143" lon="8.048949">
        <ele>219.984865</ele>
        <time>2026-07-02T07:57:05.878Z</time>
      </trkpt>
      <trkpt lat="49.377236" lon="8.048984">
        <ele>220.806419</ele>
        <time>2026-07-02T07:57:13.493Z</time>
      </trkpt>
      <trkpt lat="49.377342" lon="8.048904">
        <ele>221.928078</ele>
        <time>2026-07-02T07:57:22.924Z</time>
      </trkpt>
      <trkpt lat="49.378053" lon="8.047947">
        <ele>230.979109</ele>
        <time>2026-07-02T07:58:39.490Z</time>
      </trkpt>
      <trkpt lat="49.378538" lon="8.047527">
        <ele>232.991816</ele>
        <time>2026-07-02T07:59:09.396Z</time>
      </trkpt>
      <trkpt lat="49.379193" lon="8.047104">
        <ele>229.695348</ele>
        <time>2026-07-02T07:59:26.457Z</time>
      </trkpt>
      <trkpt lat="49.379351" lon="8.047043">
        <ele>228.250198</ele>
        <time>2026-07-02T07:59:29.944Z</time>
      </trkpt>
      <trkpt lat="49.379495" lon="8.047051">
        <ele>226.617095</ele>
        <time>2026-07-02T07:59:32.970Z</time>
      </trkpt>
      <trkpt lat="49.379598" lon="8.047094">
        <ele>225.332015</ele>
        <time>2026-07-02T07:59:35.187Z</time>
      </trkpt>
      <trkpt lat="49.379926" lon="8.047332">
        <ele>221.009545</ele>
        <time>2026-07-02T07:59:42.740Z</time>
      </trkpt>
      <trkpt lat="49.380249" lon="8.047504">
        <ele>218.214185</ele>
        <time>2026-07-02T07:59:50.248Z</time>
      </trkpt>
      <trkpt lat="49.380670" lon="8.047711">
        <ele>216.834639</ele>
        <time>2026-07-02T08:00:01.694Z</time>
      </trkpt>
      <trkpt lat="49.380856" lon="8.047762">
        <ele>217.236424</ele>
        <time>2026-07-02T08:00:09.801Z</time>
      </trkpt>
      <trkpt lat="49.380466" lon="8.047447">
        <ele>220.567105</ele>
        <time>2026-07-02T08:00:40.641Z</time>
      </trkpt>
      <trkpt lat="49.380199" lon="8.047370">
        <ele>224.093009</ele>
        <time>2026-07-02T08:01:07.419Z</time>
      </trkpt>
      <trkpt lat="49.379905" lon="8.047188">
        <ele>229.231259</ele>
        <time>2026-07-02T08:01:44.569Z</time>
      </trkpt>
      <trkpt lat="49.379475" lon="8.046708">
        <ele>238.255027</ele>
        <time>2026-07-02T08:02:48.628Z</time>
      </trkpt>
      <trkpt lat="49.378938" lon="8.046826">
        <ele>244.786958</ele>
        <time>2026-07-02T08:03:40.352Z</time>
      </trkpt>
      <trkpt lat="49.378273" lon="8.047418">
        <ele>246.127078</ele>
        <time>2026-07-02T08:04:09.812Z</time>
      </trkpt>
      <trkpt lat="49.378175" lon="8.047388">
        <ele>245.483658</ele>
        <time>2026-07-02T08:04:12.100Z</time>
      </trkpt>
      <trkpt lat="49.377669" lon="8.047943">
        <ele>241.420296</ele>
        <time>2026-07-02T08:04:26.255Z</time>
      </trkpt>
      <trkpt lat="49.377289" lon="8.048205">
        <ele>239.522104</ele>
        <time>2026-07-02T08:04:36.434Z</time>
      </trkpt>
      <trkpt lat="49.377259" lon="8.048166">
        <ele>239.465117</ele>
        <time>2026-07-02T08:04:37.462Z</time>
      </trkpt>
      <trkpt lat="49.377019" lon="8.047543">
        <ele>239.805338</ele>
        <time>2026-07-02T08:04:51.998Z</time>
      </trkpt>
      <trkpt lat="49.376720" lon="8.046101">
        <ele>247.671216</ele>
        <time>2026-07-02T08:06:05.482Z</time>
      </trkpt>
      <trkpt lat="49.376425" lon="8.044994">
        <ele>257.030606</ele>
        <time>2026-07-02T08:07:18.210Z</time>
      </trkpt>
      <trkpt lat="49.376078" lon="8.042940">
        <ele>274.839500</ele>
        <time>2026-07-02T08:09:30.801Z</time>
      </trkpt>
      <trkpt lat="49.376017" lon="8.041439">
        <ele>290.048302</ele>
        <time>2026-07-02T08:11:20.590Z</time>
      </trkpt>
      <trkpt lat="49.376066" lon="8.040621">
        <ele>297.896617</ele>
        <time>2026-07-02T08:12:17.207Z</time>
      </trkpt>
      <trkpt lat="49.376041" lon="8.040122">
        <ele>301.710629</ele>
        <time>2026-07-02T08:12:47.353Z</time>
      </trkpt>
      <trkpt lat="49.376403" lon="8.040936">
        <ele>306.784001</ele>
        <time>2026-07-02T08:13:35.580Z</time>
      </trkpt>
      <trkpt lat="49.376811" lon="8.042204">
        <ele>308.330430</ele>
        <time>2026-07-02T08:14:10.391Z</time>
      </trkpt>
      <trkpt lat="49.376977" lon="8.043442">
        <ele>307.172257</ele>
        <time>2026-07-02T08:14:33.156Z</time>
      </trkpt>
      <trkpt lat="49.377264" lon="8.044619">
        <ele>308.652217</ele>
        <time>2026-07-02T08:15:06.710Z</time>
      </trkpt>
      <trkpt lat="49.377550" lon="8.044838">
        <ele>310.272373</ele>
        <time>2026-07-02T08:15:25.289Z</time>
      </trkpt>
      <trkpt lat="49.377747" lon="8.044921">
        <ele>311.624761</ele>
        <time>2026-07-02T08:15:38.641Z</time>
      </trkpt>
      <trkpt lat="49.378728" lon="8.044800">
        <ele>318.649374</ele>
        <time>2026-07-02T08:16:46.898Z</time>
      </trkpt>
      <trkpt lat="49.379640" lon="8.044245">
        <ele>321.686700</ele>
        <time>2026-07-02T08:17:32.644Z</time>
      </trkpt>
      <trkpt lat="49.379838" lon="8.043707">
        <ele>321.759683</ele>
        <time>2026-07-02T08:17:45.358Z</time>
      </trkpt>
      <trkpt lat="49.379829" lon="8.042715">
        <ele>321.272655</ele>
        <time>2026-07-02T08:18:04.551Z</time>
      </trkpt>
      <trkpt lat="49.378815" lon="8.038884">
        <ele>318.006225</ele>
        <time>2026-07-02T08:19:21.735Z</time>
      </trkpt>
      <trkpt lat="49.379026" lon="8.037705">
        <ele>318.433301</ele>
        <time>2026-07-02T08:19:49.589Z</time>
      </trkpt>
      <trkpt lat="49.379061" lon="8.037506">
        <ele>318.671368</ele>
        <time>2026-07-02T08:19:55.266Z</time>
      </trkpt>
      <trkpt lat="49.378762" lon="8.037438">
        <ele>319.433831</ele>
        <time>2026-07-02T08:20:08.633Z</time>
      </trkpt>
      <trkpt lat="49.378501" lon="8.037173">
        <ele>320.588409</ele>
        <time>2026-07-02T08:20:24.590Z</time>
      </trkpt>
      <trkpt lat="49.376991" lon="8.034458">
        <ele>328.993498</ele>
        <time>2026-07-02T08:22:21.572Z</time>
      </trkpt>
      <trkpt lat="49.376867" lon="8.034242">
        <ele>328.998305</ele>
        <time>2026-07-02T08:22:27.148Z</time>
      </trkpt>
      <trkpt lat="49.376712" lon="8.033807">
        <ele>328.363406</ele>
        <time>2026-07-02T08:22:36.031Z</time>
      </trkpt>
      <trkpt lat="49.376417" lon="8.033382">
        <ele>326.878848</ele>
        <time>2026-07-02T08:22:46.322Z</time>
      </trkpt>
      <trkpt lat="49.375794" lon="8.032276">
        <ele>321.139297</ele>
        <time>2026-07-02T08:23:08.424Z</time>
      </trkpt>
      <trkpt lat="49.375229" lon="8.030953">
        <ele>316.393731</ele>
        <time>2026-07-02T08:23:33.284Z</time>
      </trkpt>
      <trkpt lat="49.374971" lon="8.030421">
        <ele>317.222389</ele>
        <time>2026-07-02T08:23:51.998Z</time>
      </trkpt>
      <trkpt lat="49.374920" lon="8.030038">
        <ele>318.968496</ele>
        <time>2026-07-02T08:24:08.164Z</time>
      </trkpt>
      <trkpt lat="49.375537" lon="8.028356">
        <ele>335.531617</ele>
        <time>2026-07-02T08:26:13.123Z</time>
      </trkpt>
      <trkpt lat="49.375794" lon="8.028165">
        <ele>339.861514</ele>
        <time>2026-07-02T08:26:45.237Z</time>
      </trkpt>
      <trkpt lat="49.377242" lon="8.027894">
        <ele>359.733803</ele>
        <time>2026-07-02T08:29:12.503Z</time>
      </trkpt>
      <trkpt lat="49.377741" lon="8.027713">
        <ele>363.783694</ele>
        <time>2026-07-02T08:29:49.044Z</time>
      </trkpt>
      <trkpt lat="49.378003" lon="8.027350">
        <ele>365.162973</ele>
        <time>2026-07-02T08:30:06.909Z</time>
      </trkpt>
      <trkpt lat="49.378285" lon="8.026639">
        <ele>365.262752</ele>
        <time>2026-07-02T08:30:24.610Z</time>
      </trkpt>
      <trkpt lat="49.378241" lon="8.025648">
        <ele>364.028714</ele>
        <time>2026-07-02T08:30:42.184Z</time>
      </trkpt>
      <trkpt lat="49.378300" lon="8.025129">
        <ele>363.548988</ele>
        <time>2026-07-02T08:30:51.822Z</time>
      </trkpt>
      <trkpt lat="49.378432" lon="8.024903">
        <ele>363.497230</ele>
        <time>2026-07-02T08:30:57.914Z</time>
      </trkpt>
      <trkpt lat="49.378814" lon="8.024666">
        <ele>363.943510</ele>
        <time>2026-07-02T08:31:13.565Z</time>
      </trkpt>
      <trkpt lat="49.380474" lon="8.025016">
        <ele>366.520240</ele>
        <time>2026-07-02T08:32:21.495Z</time>
      </trkpt>
      <trkpt lat="49.383191" lon="8.024765">
        <ele>353.113805</ele>
        <time>2026-07-02T08:33:26.784Z</time>
      </trkpt>
      <trkpt lat="49.384632" lon="8.024350">
        <ele>355.124467</ele>
        <time>2026-07-02T08:34:24.169Z</time>
      </trkpt>
      <trkpt lat="49.385441" lon="8.023974">
        <ele>356.575960</ele>
        <time>2026-07-02T08:34:58.862Z</time>
      </trkpt>
      <trkpt lat="49.385573" lon="8.023662">
        <ele>356.935759</ele>
        <time>2026-07-02T08:35:07.896Z</time>
      </trkpt>
      <trkpt lat="49.385558" lon="8.023030">
        <ele>357.678141</ele>
        <time>2026-07-02T08:35:25.115Z</time>
      </trkpt>
      <trkpt lat="49.385426" lon="8.022195">
        <ele>358.377522</ele>
        <time>2026-07-02T08:35:46.750Z</time>
      </trkpt>
      <trkpt lat="49.385241" lon="8.021732">
        <ele>358.155076</ele>
        <time>2026-07-02T08:35:57.245Z</time>
      </trkpt>
      <trkpt lat="49.385125" lon="8.021439">
        <ele>357.729982</ele>
        <time>2026-07-02T08:36:03.457Z</time>
      </trkpt>
      <trkpt lat="49.384735" lon="8.021123">
        <ele>355.994993</ele>
        <time>2026-07-02T08:36:14.689Z</time>
      </trkpt>
      <trkpt lat="49.382844" lon="8.020518">
        <ele>337.107098</ele>
        <time>2026-07-02T08:36:56.232Z</time>
      </trkpt>
      <trkpt lat="49.381123" lon="8.019968">
        <ele>316.587952</ele>
        <time>2026-07-02T08:37:33.003Z</time>
      </trkpt>
      <trkpt lat="49.380805" lon="8.019825">
        <ele>313.691420</ele>
        <time>2026-07-02T08:37:40.314Z</time>
      </trkpt>
      <trkpt lat="49.380563" lon="8.019374">
        <ele>311.684150</ele>
        <time>2026-07-02T08:37:49.340Z</time>
      </trkpt>
      <trkpt lat="49.380460" lon="8.018595">
        <ele>310.734823</ele>
        <time>2026-07-02T08:38:03.687Z</time>
      </trkpt>
      <trkpt lat="49.380504" lon="8.018189">
        <ele>311.561349</ele>
        <time>2026-07-02T08:38:15.837Z</time>
      </trkpt>
      <trkpt lat="49.380827" lon="8.016609">
        <ele>319.276521</ele>
        <time>2026-07-02T08:39:29.723Z</time>
      </trkpt>
      <trkpt lat="49.381011" lon="8.016146">
        <ele>322.747523</ele>
        <time>2026-07-02T08:39:58.603Z</time>
      </trkpt>
      <trkpt lat="49.381224" lon="8.015808">
        <ele>326.033432</ele>
        <time>2026-07-02T08:40:25.136Z</time>
      </trkpt>
      <trkpt lat="49.381664" lon="8.015785">
        <ele>331.214244</ele>
        <time>2026-07-02T08:41:05.434Z</time>
      </trkpt>
      <trkpt lat="49.382553" lon="8.016180">
        <ele>342.424837</ele>
        <time>2026-07-02T08:42:31.531Z</time>
      </trkpt>
      <trkpt lat="49.384025" lon="8.017085">
        <ele>357.806785</ele>
        <time>2026-07-02T08:44:40.197Z</time>
      </trkpt>
      <trkpt lat="49.384586" lon="8.017209">
        <ele>360.342942</ele>
        <time>2026-07-02T08:45:10.546Z</time>
      </trkpt>
      <trkpt lat="49.384704" lon="8.016972">
        <ele>360.546235</ele>
        <time>2026-07-02T08:45:17.945Z</time>
      </trkpt>
      <trkpt lat="49.384618" lon="8.016214">
        <ele>359.949199</ele>
        <time>2026-07-02T08:45:32.044Z</time>
      </trkpt>
      <trkpt lat="49.384316" lon="8.014623">
        <ele>357.469525</ele>
        <time>2026-07-02T08:46:00.768Z</time>
      </trkpt>
      <trkpt lat="49.384325" lon="8.014065">
        <ele>358.116162</ele>
        <time>2026-07-02T08:46:16.212Z</time>
      </trkpt>
      <trkpt lat="49.384532" lon="8.013588">
        <ele>360.184391</ele>
        <time>2026-07-02T08:46:38.235Z</time>
      </trkpt>
      <trkpt lat="49.385025" lon="8.013561">
        <ele>364.651305</ele>
        <time>2026-07-02T08:47:16.987Z</time>
      </trkpt>
      <trkpt lat="49.386359" lon="8.014330">
        <ele>380.033041</ele>
        <time>2026-07-02T08:49:20.914Z</time>
      </trkpt>
      <trkpt lat="49.386920" lon="8.014308">
        <ele>384.743752</ele>
        <time>2026-07-02T08:50:01.827Z</time>
      </trkpt>
      <trkpt lat="49.387307" lon="8.014244">
        <ele>387.343469</ele>
        <time>2026-07-02T08:50:27.503Z</time>
      </trkpt>
      <trkpt lat="49.387813" lon="8.014273">
        <ele>389.434291</ele>
        <time>2026-07-02T08:50:53.985Z</time>
      </trkpt>
      <trkpt lat="49.388324" lon="8.014659">
        <ele>389.774322</ele>
        <time>2026-07-02T08:51:13.817Z</time>
      </trkpt>
      <trkpt lat="49.388322" lon="8.014028">
        <ele>388.996528</ele>
        <time>2026-07-02T08:51:25.077Z</time>
      </trkpt>
      <trkpt lat="49.388261" lon="8.013054">
        <ele>386.247559</ele>
        <time>2026-07-02T08:51:40.733Z</time>
      </trkpt>
      <trkpt lat="49.388151" lon="8.012163">
        <ele>382.725405</ele>
        <time>2026-07-02T08:51:54.536Z</time>
      </trkpt>
      <trkpt lat="49.388056" lon="8.011666">
        <ele>380.799512</ele>
        <time>2026-07-02T08:52:02.482Z</time>
      </trkpt>
      <trkpt lat="49.387718" lon="8.010741">
        <ele>376.832520</ele>
        <time>2026-07-02T08:52:18.776Z</time>
      </trkpt>
      <trkpt lat="49.387314" lon="8.010143">
        <ele>372.794782</ele>
        <time>2026-07-02T08:52:31.488Z</time>
      </trkpt>
      <trkpt lat="49.386976" lon="8.009771">
        <ele>369.133399</ele>
        <time>2026-07-02T08:52:40.567Z</time>
      </trkpt>
      <trkpt lat="49.385819" lon="8.008904">
        <ele>358.259899</ele>
        <time>2026-07-02T08:53:08.908Z</time>
      </trkpt>
      <trkpt lat="49.385708" lon="8.008627">
        <ele>357.067778</ele>
        <time>2026-07-02T08:53:14.008Z</time>
      </trkpt>
      <trkpt lat="49.385610" lon="8.008277">
        <ele>356.172438</ele>
        <time>2026-07-02T08:53:20.240Z</time>
      </trkpt>
      <trkpt lat="49.385600" lon="8.007850">
        <ele>355.594837</ele>
        <time>2026-07-02T08:53:27.746Z</time>
      </trkpt>
      <trkpt lat="49.385620" lon="8.007195">
        <ele>355.284089</ele>
        <time>2026-07-02T08:53:40.817Z</time>
      </trkpt>
      <trkpt lat="49.385721" lon="8.005817">
        <ele>354.489797</ele>
        <time>2026-07-02T08:54:07.842Z</time>
      </trkpt>
      <trkpt lat="49.385754" lon="8.003332">
        <ele>349.964310</ele>
        <time>2026-07-02T08:54:50.105Z</time>
      </trkpt>
      <trkpt lat="49.386194" lon="8.000370">
        <ele>346.514422</ele>
        <time>2026-07-02T08:55:44.962Z</time>
      </trkpt>
      <trkpt lat="49.386598" lon="7.999326">
        <ele>346.088712</ele>
        <time>2026-07-02T08:56:09.322Z</time>
      </trkpt>
      <trkpt lat="49.386994" lon="7.997059">
        <ele>344.983916</ele>
        <time>2026-07-02T08:56:54.899Z</time>
      </trkpt>
      <trkpt lat="49.387103" lon="7.996820">
        <ele>344.838330</ele>
        <time>2026-07-02T08:57:00.597Z</time>
      </trkpt>
      <trkpt lat="49.387395" lon="7.996813">
        <ele>344.696115</ele>
        <time>2026-07-02T08:57:09.506Z</time>
      </trkpt>
      <trkpt lat="49.388913" lon="7.997422">
        <ele>343.887910</ele>
        <time>2026-07-02T08:57:57.518Z</time>
      </trkpt>
      <trkpt lat="49.389342" lon="7.997419">
        <ele>342.494175</ele>
        <time>2026-07-02T08:58:08.472Z</time>
      </trkpt>
      <trkpt lat="49.389462" lon="7.997362">
        <ele>341.878357</ele>
        <time>2026-07-02T08:58:11.506Z</time>
      </trkpt>
      <trkpt lat="49.389537" lon="7.997263">
        <ele>341.320355</ele>
        <time>2026-07-02T08:58:13.845Z</time>
      </trkpt>
      <trkpt lat="49.389148" lon="7.997078">
        <ele>338.472918</ele>
        <time>2026-07-02T08:58:23.154Z</time>
      </trkpt>
      <trkpt lat="49.388813" lon="7.996733">
        <ele>334.764428</ele>
        <time>2026-07-02T08:58:31.949Z</time>
      </trkpt>
      <trkpt lat="49.388490" lon="7.996177">
        <ele>329.474407</ele>
        <time>2026-07-02T08:58:42.192Z</time>
      </trkpt>
      <trkpt lat="49.387393" lon="7.994889">
        <ele>313.691682</ele>
        <time>2026-07-02T08:59:11.133Z</time>
      </trkpt>
      <trkpt lat="49.386938" lon="7.994719">
        <ele>309.963350</ele>
        <time>2026-07-02T08:59:21.587Z</time>
      </trkpt>
      <trkpt lat="49.386539" lon="7.994621">
        <ele>308.199699</ele>
        <time>2026-07-02T08:59:31.577Z</time>
      </trkpt>
      <trkpt lat="49.386088" lon="7.994523">
        <ele>307.698667</ele>
        <time>2026-07-02T08:59:44.870Z</time>
      </trkpt>
      <trkpt lat="49.385867" lon="7.994516">
        <ele>307.931918</ele>
        <time>2026-07-02T08:59:53.110Z</time>
      </trkpt>
      <trkpt lat="49.385756" lon="7.994424">
        <ele>308.224646</ele>
        <time>2026-07-02T08:59:59.102Z</time>
      </trkpt>
      <trkpt lat="49.385656" lon="7.994366">
        <ele>308.621942</ele>
        <time>2026-07-02T09:00:04.496Z</time>
      </trkpt>
      <trkpt lat="49.385579" lon="7.994037">
        <ele>309.526473</ele>
        <time>2026-07-02T09:00:16.246Z</time>
      </trkpt>
      <trkpt lat="49.385494" lon="7.993876">
        <ele>310.097470</ele>
        <time>2026-07-02T09:00:23.432Z</time>
      </trkpt>
      <trkpt lat="49.385503" lon="7.994367">
        <ele>311.484540</ele>
        <time>2026-07-02T09:00:36.419Z</time>
      </trkpt>
      <trkpt lat="49.385448" lon="7.994282">
        <ele>311.817585</ele>
        <time>2026-07-02T09:00:40.763Z</time>
      </trkpt>
      <trkpt lat="49.385294" lon="7.993909">
        <ele>313.032798</ele>
        <time>2026-07-02T09:00:56.103Z</time>
      </trkpt>
      <trkpt lat="49.384984" lon="7.993008">
        <ele>315.251097</ele>
        <time>2026-07-02T09:01:28.240Z</time>
      </trkpt>
      <trkpt lat="49.384542" lon="7.991984">
        <ele>317.245712</ele>
        <time>2026-07-02T09:02:03.459Z</time>
      </trkpt>
      <trkpt lat="49.384015" lon="7.990990">
        <ele>320.049681</ele>
        <time>2026-07-02T09:02:43.705Z</time>
      </trkpt>
      <trkpt lat="49.383629" lon="7.990176">
        <ele>322.904266</ele>
        <time>2026-07-02T09:03:17.516Z</time>
      </trkpt>
      <trkpt lat="49.383079" lon="7.989399">
        <ele>328.550388</ele>
        <time>2026-07-02T09:04:10.876Z</time>
      </trkpt>
      <trkpt lat="49.382534" lon="7.988992">
        <ele>333.935838</ele>
        <time>2026-07-02T09:04:57.317Z</time>
      </trkpt>
      <trkpt lat="49.382286" lon="7.988753">
        <ele>336.715000</ele>
        <time>2026-07-02T09:05:20.753Z</time>
      </trkpt>
      <trkpt lat="49.382194" lon="7.988753">
        <ele>337.614512</ele>
        <time>2026-07-02T09:05:28.113Z</time>
      </trkpt>
      <trkpt lat="49.381898" lon="7.988245">
        <ele>342.033397</ele>
        <time>2026-07-02T09:06:04.815Z</time>
      </trkpt>
      <trkpt lat="49.381845" lon="7.988061">
        <ele>343.148636</ele>
        <time>2026-07-02T09:06:14.847Z</time>
      </trkpt>
      <trkpt lat="49.381801" lon="7.987635">
        <ele>345.302498</ele>
        <time>2026-07-02T09:06:34.442Z</time>
      </trkpt>
      <trkpt lat="49.381639" lon="7.987211">
        <ele>346.954774</ele>
        <time>2026-07-02T09:06:52.623Z</time>
      </trkpt>
      <trkpt lat="49.381466" lon="7.986854">
        <ele>348.158862</ele>
        <time>2026-07-02T09:07:07.835Z</time>
      </trkpt>
      <trkpt lat="49.381196" lon="7.986369">
        <ele>349.586027</ele>
        <time>2026-07-02T09:07:23.006Z</time>
      </trkpt>
      <trkpt lat="49.380947" lon="7.985919">
        <ele>350.779299</ele>
        <time>2026-07-02T09:07:36.266Z</time>
      </trkpt>
      <trkpt lat="49.380266" lon="7.984734">
        <ele>353.690090</ele>
        <time>2026-07-02T09:08:10.256Z</time>
      </trkpt>
      <trkpt lat="49.380190" lon="7.984895">
        <ele>354.233300</ele>
        <time>2026-07-02T09:08:15.715Z</time>
      </trkpt>
      <trkpt lat="49.380153" lon="7.984952">
        <ele>354.485842</ele>
        <time>2026-07-02T09:08:18.006Z</time>
      </trkpt>
      <trkpt lat="49.379932" lon="7.985309">
        <ele>356.003080</ele>
        <time>2026-07-02T09:08:31.728Z</time>
      </trkpt>
      <trkpt lat="49.379740" lon="7.985557">
        <ele>357.203593</ele>
        <time>2026-07-02T09:08:42.671Z</time>
      </trkpt>
      <trkpt lat="49.379463" lon="7.985882">
        <ele>358.881193</ele>
        <time>2026-07-02T09:08:57.727Z</time>
      </trkpt>
      <trkpt lat="49.379291" lon="7.986037">
        <ele>359.796636</ele>
        <time>2026-07-02T09:09:06.210Z</time>
      </trkpt>
      <trkpt lat="49.379160" lon="7.986084">
        <ele>360.392172</ele>
        <time>2026-07-02T09:09:11.756Z</time>
      </trkpt>
      <trkpt lat="49.379026" lon="7.986083">
        <ele>360.959816</ele>
        <time>2026-07-02T09:09:17.077Z</time>
      </trkpt>
      <trkpt lat="49.378808" lon="7.986027">
        <ele>361.785450</ele>
        <time>2026-07-02T09:09:25.518Z</time>
      </trkpt>
      <trkpt lat="49.378706" lon="7.985959">
        <ele>362.092890</ele>
        <time>2026-07-02T09:09:29.437Z</time>
      </trkpt>
      <trkpt lat="49.378210" lon="7.985544">
        <ele>363.023976</ele>
        <time>2026-07-02T09:09:45.210Z</time>
      </trkpt>
      <trkpt lat="49.377884" lon="7.985483">
        <ele>363.000548</ele>
        <time>2026-07-02T09:09:51.473Z</time>
      </trkpt>
      <trkpt lat="49.377571" lon="7.985500">
        <ele>362.336739</ele>
        <time>2026-07-02T09:09:56.263Z</time>
      </trkpt>
      <trkpt lat="49.377394" lon="7.985530">
        <ele>361.706375</ele>
        <time>2026-07-02T09:09:59.710Z</time>
      </trkpt>
      <trkpt lat="49.377377" lon="7.985252">
        <ele>360.823157</ele>
        <time>2026-07-02T09:10:03.072Z</time>
      </trkpt>
      <trkpt lat="49.377421" lon="7.984775">
        <ele>358.643229</ele>
        <time>2026-07-02T09:10:07.302Z</time>
      </trkpt>
      <trkpt lat="49.377440" lon="7.984684">
        <ele>358.153735</ele>
        <time>2026-07-02T09:10:08.113Z</time>
      </trkpt>
      <trkpt lat="49.377605" lon="7.983879">
        <ele>352.839940</ele>
        <time>2026-07-02T09:10:15.138Z</time>
      </trkpt>
      <trkpt lat="49.377746" lon="7.983244">
        <ele>347.475291</ele>
        <time>2026-07-02T09:10:20.534Z</time>
      </trkpt>
      <trkpt lat="49.377758" lon="7.983108">
        <ele>346.320658</ele>
        <time>2026-07-02T09:10:21.626Z</time>
      </trkpt>
      <trkpt lat="49.377758" lon="7.983075">
        <ele>346.043028</ele>
        <time>2026-07-02T09:10:21.888Z</time>
      </trkpt>
      <trkpt lat="49.377731" lon="7.982830">
        <ele>343.936130</ele>
        <time>2026-07-02T09:10:23.870Z</time>
      </trkpt>
      <trkpt lat="49.377645" lon="7.982355">
        <ele>339.867258</ele>
        <time>2026-07-02T09:10:27.587Z</time>
      </trkpt>
      <trkpt lat="49.377378" lon="7.981802">
        <ele>334.981642</ele>
        <time>2026-07-02T09:10:32.880Z</time>
      </trkpt>
      <trkpt lat="49.377219" lon="7.981374">
        <ele>332.169144</ele>
        <time>2026-07-02T09:10:36.792Z</time>
      </trkpt>
      <trkpt lat="49.377164" lon="7.981100">
        <ele>330.755546</ele>
        <time>2026-07-02T09:10:39.097Z</time>
      </trkpt>
      <trkpt lat="49.376815" lon="7.980686">
        <ele>328.025637</ele>
        <time>2026-07-02T09:10:44.797Z</time>
      </trkpt>
      <trkpt lat="49.376611" lon="7.980560">
        <ele>326.814265</ele>
        <time>2026-07-02T09:10:47.704Z</time>
      </trkpt>
      <trkpt lat="49.376401" lon="7.980477">
        <ele>325.709688</ele>
        <time>2026-07-02T09:10:50.602Z</time>
      </trkpt>
      <trkpt lat="49.376134" lon="7.980396">
        <ele>324.387697</ele>
        <time>2026-07-02T09:10:54.243Z</time>
      </trkpt>
      <trkpt lat="49.376035" lon="7.980335">
        <ele>323.855055</ele>
        <time>2026-07-02T09:10:55.669Z</time>
      </trkpt>
      <trkpt lat="49.375639" lon="7.979878">
        <ele>321.060481</ele>
        <time>2026-07-02T09:11:02.148Z</time>
      </trkpt>
      <trkpt lat="49.375233" lon="7.979265">
        <ele>317.082431</ele>
        <time>2026-07-02T09:11:09.362Z</time>
      </trkpt>
      <trkpt lat="49.374469" lon="7.977965">
        <ele>307.922488</ele>
        <time>2026-07-02T09:11:23.414Z</time>
      </trkpt>
      <trkpt lat="49.373612" lon="7.976781">
        <ele>297.038423</ele>
        <time>2026-07-02T09:11:37.319Z</time>
      </trkpt>
      <trkpt lat="49.373534" lon="7.976655">
        <ele>295.884998</ele>
        <time>2026-07-02T09:11:38.656Z</time>
      </trkpt>
      <trkpt lat="49.373397" lon="7.976321">
        <ele>293.144469</ele>
        <time>2026-07-02T09:11:41.689Z</time>
      </trkpt>
      <trkpt lat="49.373276" lon="7.975851">
        <ele>289.854195</ele>
        <time>2026-07-02T09:11:45.621Z</time>
      </trkpt>
      <trkpt lat="49.373171" lon="7.975466">
        <ele>287.430863</ele>
        <time>2026-07-02T09:11:48.931Z</time>
      </trkpt>
      <trkpt lat="49.373079" lon="7.975205">
        <ele>285.941932</ele>
        <time>2026-07-02T09:11:51.337Z</time>
      </trkpt>
      <trkpt lat="49.373005" lon="7.975067">
        <ele>285.165837</ele>
        <time>2026-07-02T09:11:52.807Z</time>
      </trkpt>
      <trkpt lat="49.372870" lon="7.974948">
        <ele>284.204191</ele>
        <time>2026-07-02T09:11:54.817Z</time>
      </trkpt>
      <trkpt lat="49.372717" lon="7.974916">
        <ele>283.369529</ele>
        <time>2026-07-02T09:11:56.853Z</time>
      </trkpt>
      <trkpt lat="49.372381" lon="7.975031">
        <ele>281.976540</ele>
        <time>2026-07-02T09:12:01.541Z</time>
      </trkpt>
      <trkpt lat="49.371565" lon="7.975715">
        <ele>280.457041</ele>
        <time>2026-07-02T09:12:16.562Z</time>
      </trkpt>
      <trkpt lat="49.371365" lon="7.975805">
        <ele>280.326466</ele>
        <time>2026-07-02T09:12:20.284Z</time>
      </trkpt>
      <trkpt lat="49.371145" lon="7.975778">
        <ele>280.374377</ele>
        <time>2026-07-02T09:12:24.398Z</time>
      </trkpt>
      <trkpt lat="49.370253" lon="7.975479">
        <ele>281.190516</ele>
        <time>2026-07-02T09:12:46.760Z</time>
      </trkpt>
      <trkpt lat="49.370150" lon="7.975427">
        <ele>281.175479</ele>
        <time>2026-07-02T09:12:48.674Z</time>
      </trkpt>
      <trkpt lat="49.370130" lon="7.975384">
        <ele>281.167037</ele>
        <time>2026-07-02T09:12:49.263Z</time>
      </trkpt>
      <trkpt lat="49.370106" lon="7.975307">
        <ele>281.111180</ele>
        <time>2026-07-02T09:12:50.159Z</time>
      </trkpt>
      <trkpt lat="49.370059" lon="7.975189">
        <ele>281.020670</ele>
        <time>2026-07-02T09:12:51.768Z</time>
      </trkpt>
      <trkpt lat="49.369954" lon="7.975119">
        <ele>280.914969</ele>
        <time>2026-07-02T09:12:53.707Z</time>
      </trkpt>
      <trkpt lat="49.369892" lon="7.975122">
        <ele>280.867263</ele>
        <time>2026-07-02T09:12:54.725Z</time>
      </trkpt>
      <trkpt lat="49.369338" lon="7.975382">
        <ele>280.451298</ele>
        <time>2026-07-02T09:13:04.814Z</time>
      </trkpt>
      <trkpt lat="49.369227" lon="7.975370">
        <ele>280.481640</ele>
        <time>2026-07-02T09:13:07.158Z</time>
      </trkpt>
      <trkpt lat="49.369129" lon="7.975277">
        <ele>280.513963</ele>
        <time>2026-07-02T09:13:09.610Z</time>
      </trkpt>
      <trkpt lat="49.368819" lon="7.974789">
        <ele>280.768156</ele>
        <time>2026-07-02T09:13:19.097Z</time>
      </trkpt>
      <trkpt lat="49.368599" lon="7.974509">
        <ele>281.599286</ele>
        <time>2026-07-02T09:13:28.580Z</time>
      </trkpt>
      <trkpt lat="49.368209" lon="7.974143">
        <ele>283.787248</ele>
        <time>2026-07-02T09:13:48.169Z</time>
      </trkpt>
      <trkpt lat="49.368246" lon="7.973557">
        <ele>286.243293</ele>
        <time>2026-07-02T09:14:08.049Z</time>
      </trkpt>
      <trkpt lat="49.368286" lon="7.973215">
        <ele>288.040802</ele>
        <time>2026-07-02T09:14:21.245Z</time>
      </trkpt>
      <trkpt lat="49.368412" lon="7.972601">
        <ele>291.918497</ele>
        <time>2026-07-02T09:14:49.161Z</time>
      </trkpt>
      <trkpt lat="49.368522" lon="7.972265">
        <ele>294.299220</ele>
        <time>2026-07-02T09:15:06.095Z</time>
      </trkpt>
      <trkpt lat="49.368822" lon="7.971749">
        <ele>298.708828</ele>
        <time>2026-07-02T09:15:36.559Z</time>
      </trkpt>
      <trkpt lat="49.368903" lon="7.971539">
        <ele>300.308813</ele>
        <time>2026-07-02T09:15:47.467Z</time>
      </trkpt>
      <trkpt lat="49.368951" lon="7.971325">
        <ele>301.825228</ele>
        <time>2026-07-02T09:15:57.904Z</time>
      </trkpt>
      <trkpt lat="49.368975" lon="7.971215">
        <ele>302.617074</ele>
        <time>2026-07-02T09:16:03.528Z</time>
      </trkpt>
      <trkpt lat="49.369011" lon="7.970890">
        <ele>304.922371</ele>
        <time>2026-07-02T09:16:19.261Z</time>
      </trkpt>
      <trkpt lat="49.368977" lon="7.970563">
        <ele>307.231449</ele>
        <time>2026-07-02T09:16:35.452Z</time>
      </trkpt>
      <trkpt lat="49.368905" lon="7.970289">
        <ele>309.138076</ele>
        <time>2026-07-02T09:16:49.278Z</time>
      </trkpt>
      <trkpt lat="49.368803" lon="7.969607">
        <ele>313.021810</ele>
        <time>2026-07-02T09:17:18.475Z</time>
      </trkpt>
      <trkpt lat="49.368754" lon="7.968926">
        <ele>315.460890</ele>
        <time>2026-07-02T09:17:40.179Z</time>
      </trkpt>
      <trkpt lat="49.368796" lon="7.967989">
        <ele>317.278738</ele>
        <time>2026-07-02T09:18:00.406Z</time>
      </trkpt>
      <trkpt lat="49.368882" lon="7.967203">
        <ele>318.425937</ele>
        <time>2026-07-02T09:18:16.161Z</time>
      </trkpt>
      <trkpt lat="49.368905" lon="7.966788">
        <ele>319.155451</ele>
        <time>2026-07-02T09:18:25.365Z</time>
      </trkpt>
      <trkpt lat="49.368876" lon="7.966331">
        <ele>320.251829</ele>
        <time>2026-07-02T09:18:37.023Z</time>
      </trkpt>
      <trkpt lat="49.368628" lon="7.965497">
        <ele>323.473654</ele>
        <time>2026-07-02T09:19:04.771Z</time>
      </trkpt>
      <trkpt lat="49.368192" lon="7.964793">
        <ele>327.461788</ele>
        <time>2026-07-02T09:19:39.217Z</time>
      </trkpt>
      <trkpt lat="49.367557" lon="7.963154">
        <ele>333.061498</ele>
        <time>2026-07-02T09:20:32.120Z</time>
      </trkpt>
      <trkpt lat="49.367322" lon="7.962292">
        <ele>332.907636</ele>
        <time>2026-07-02T09:20:44.125Z</time>
      </trkpt>
      <trkpt lat="49.366933" lon="7.960961">
        <ele>329.180396</ele>
        <time>2026-07-02T09:20:57.217Z</time>
      </trkpt>
      <trkpt lat="49.366814" lon="7.960653">
        <ele>328.119908</ele>
        <time>2026-07-02T09:21:00.348Z</time>
      </trkpt>
      <trkpt lat="49.366709" lon="7.960440">
        <ele>327.469716</ele>
        <time>2026-07-02T09:21:02.917Z</time>
      </trkpt>
      <trkpt lat="49.366572" lon="7.960021">
        <ele>326.681026</ele>
        <time>2026-07-02T09:21:07.750Z</time>
      </trkpt>
      <trkpt lat="49.366428" lon="7.959446">
        <ele>326.456055</ele>
        <time>2026-07-02T09:21:15.373Z</time>
      </trkpt>
      <trkpt lat="49.366406" lon="7.959159">
        <ele>326.656472</ele>
        <time>2026-07-02T09:21:20.154Z</time>
      </trkpt>
      <trkpt lat="49.366447" lon="7.958648">
        <ele>327.333862</ele>
        <time>2026-07-02T09:21:30.345Z</time>
      </trkpt>
      <trkpt lat="49.366512" lon="7.958386">
        <ele>327.820102</ele>
        <time>2026-07-02T09:21:36.593Z</time>
      </trkpt>
      <trkpt lat="49.366595" lon="7.958049">
        <ele>328.558299</ele>
        <time>2026-07-02T09:21:45.182Z</time>
      </trkpt>
      <trkpt lat="49.366591" lon="7.957951">
        <ele>328.739398</ele>
        <time>2026-07-02T09:21:47.296Z</time>
      </trkpt>
      <trkpt lat="49.366558" lon="7.957857">
        <ele>328.936352</ele>
        <time>2026-07-02T09:21:49.832Z</time>
      </trkpt>
      <trkpt lat="49.366466" lon="7.957774">
        <ele>329.203958</ele>
        <time>2026-07-02T09:21:53.320Z</time>
      </trkpt>
      <trkpt lat="49.366398" lon="7.957766">
        <ele>329.331011</ele>
        <time>2026-07-02T09:21:55.635Z</time>
      </trkpt>
      <trkpt lat="49.366290" lon="7.957825">
        <ele>329.544565</ele>
        <time>2026-07-02T09:21:58.880Z</time>
      </trkpt>
      <trkpt lat="49.365756" lon="7.958304">
        <ele>329.488832</ele>
        <time>2026-07-02T09:22:11.304Z</time>
      </trkpt>
      <trkpt lat="49.365580" lon="7.958281">
        <ele>329.188338</ele>
        <time>2026-07-02T09:22:14.192Z</time>
      </trkpt>
      <trkpt lat="49.365413" lon="7.958208">
        <ele>328.742005</ele>
        <time>2026-07-02T09:22:16.952Z</time>
      </trkpt>
      <trkpt lat="49.365411" lon="7.958076">
        <ele>328.473603</ele>
        <time>2026-07-02T09:22:19.189Z</time>
      </trkpt>
      <trkpt lat="49.365410" lon="7.957903">
        <ele>328.122345</ele>
        <time>2026-07-02T09:22:22.085Z</time>
      </trkpt>
      <trkpt lat="49.365268" lon="7.957077">
        <ele>326.461677</ele>
        <time>2026-07-02T09:22:36.526Z</time>
      </trkpt>
      <trkpt lat="49.365034" lon="7.956175">
        <ele>325.282927</ele>
        <time>2026-07-02T09:22:53.845Z</time>
      </trkpt>
      <trkpt lat="49.364601" lon="7.954929">
        <ele>324.318716</ele>
        <time>2026-07-02T09:23:20.824Z</time>
      </trkpt>
      <trkpt lat="49.364130" lon="7.953981">
        <ele>323.777609</ele>
        <time>2026-07-02T09:23:44.248Z</time>
      </trkpt>
      <trkpt lat="49.363710" lon="7.952992">
        <ele>322.676117</ele>
        <time>2026-07-02T09:24:06.047Z</time>
      </trkpt>
      <trkpt lat="49.363459" lon="7.952204">
        <ele>321.734094</ele>
        <time>2026-07-02T09:24:21.952Z</time>
      </trkpt>
      <trkpt lat="49.363357" lon="7.951778">
        <ele>321.586961</ele>
        <time>2026-07-02T09:24:30.942Z</time>
      </trkpt>
      <trkpt lat="49.363304" lon="7.951370">
        <ele>321.847865</ele>
        <time>2026-07-02T09:24:40.580Z</time>
      </trkpt>
      <trkpt lat="49.363319" lon="7.950979">
        <ele>322.436345</ele>
        <time>2026-07-02T09:24:51.529Z</time>
      </trkpt>
      <trkpt lat="49.363397" lon="7.950549">
        <ele>323.752242</ele>
        <time>2026-07-02T09:25:07.079Z</time>
      </trkpt>
      <trkpt lat="49.363703" lon="7.949637">
        <ele>329.565734</ele>
        <time>2026-07-02T09:25:57.732Z</time>
      </trkpt>
      <trkpt lat="49.364052" lon="7.948325">
        <ele>341.338741</ele>
        <time>2026-07-02T09:27:27.674Z</time>
      </trkpt>
      <trkpt lat="49.364029" lon="7.948089">
        <ele>343.004768</ele>
        <time>2026-07-02T09:27:40.983Z</time>
      </trkpt>
      <trkpt lat="49.363936" lon="7.948003">
        <ele>344.019885</ele>
        <time>2026-07-02T09:27:49.738Z</time>
      </trkpt>
      <trkpt lat="49.363334" lon="7.947964">
        <ele>347.714066</ele>
        <time>2026-07-02T09:28:27.493Z</time>
      </trkpt>
      <trkpt lat="49.363039" lon="7.948056">
        <ele>348.043981</ele>
        <time>2026-07-02T09:28:39.500Z</time>
      </trkpt>
      <trkpt lat="49.362061" lon="7.948707">
        <ele>342.288918</ele>
        <time>2026-07-02T09:29:04.710Z</time>
      </trkpt>
      <trkpt lat="49.361815" lon="7.948779">
        <ele>340.192998</ele>
        <time>2026-07-02T09:29:10.184Z</time>
      </trkpt>
      <trkpt lat="49.361527" lon="7.948756">
        <ele>337.621216</ele>
        <time>2026-07-02T09:29:16.495Z</time>
      </trkpt>
      <trkpt lat="49.361021" lon="7.948808">
        <ele>333.220759</ele>
        <time>2026-07-02T09:29:27.646Z</time>
      </trkpt>
      <trkpt lat="49.360588" lon="7.948646">
        <ele>329.199200</ele>
        <time>2026-07-02T09:29:37.531Z</time>
      </trkpt>
      <trkpt lat="49.359699" lon="7.948202">
        <ele>316.398390</ele>
        <time>2026-07-02T09:29:56.630Z</time>
      </trkpt>
      <trkpt lat="49.359467" lon="7.948394">
        <ele>311.429327</ele>
        <time>2026-07-02T09:30:01.779Z</time>
      </trkpt>
      <trkpt lat="49.359398" lon="7.948572">
        <ele>308.591257</ele>
        <time>2026-07-02T09:30:04.396Z</time>
      </trkpt>
      <trkpt lat="49.359346" lon="7.948707">
        <ele>306.414269</ele>
        <time>2026-07-02T09:30:06.375Z</time>
      </trkpt>
      <trkpt lat="49.359336" lon="7.949232">
        <ele>299.278833</ele>
        <time>2026-07-02T09:30:13.019Z</time>
      </trkpt>
      <trkpt lat="49.359386" lon="7.949427">
        <ele>296.527289</ele>
        <time>2026-07-02T09:30:15.695Z</time>
      </trkpt>
      <trkpt lat="49.359427" lon="7.949585">
        <ele>294.411281</ele>
        <time>2026-07-02T09:30:17.853Z</time>
      </trkpt>
      <trkpt lat="49.359326" lon="7.949878">
        <ele>290.420862</ele>
        <time>2026-07-02T09:30:22.090Z</time>
      </trkpt>
      <trkpt lat="49.359132" lon="7.949840">
        <ele>287.239217</ele>
        <time>2026-07-02T09:30:25.988Z</time>
      </trkpt>
      <trkpt lat="49.359013" lon="7.949817">
        <ele>285.540712</ele>
        <time>2026-07-02T09:30:28.417Z</time>
      </trkpt>
      <trkpt lat="49.358377" lon="7.949312">
        <ele>279.927385</ele>
        <time>2026-07-02T09:30:44.419Z</time>
      </trkpt>
      <trkpt lat="49.357489" lon="7.948737">
        <ele>277.601770</ele>
        <time>2026-07-02T09:31:10.852Z</time>
      </trkpt>
      <trkpt lat="49.356955" lon="7.948525">
        <ele>275.815611</ele>
        <time>2026-07-02T09:31:24.850Z</time>
      </trkpt>
      <trkpt lat="49.356793" lon="7.948556">
        <ele>275.327809</ele>
        <time>2026-07-02T09:31:29.082Z</time>
      </trkpt>
      <trkpt lat="49.356551" lon="7.948737">
        <ele>274.626512</ele>
        <time>2026-07-02T09:31:36.238Z</time>
      </trkpt>
      <trkpt lat="49.356309" lon="7.948666">
        <ele>274.240591</ele>
        <time>2026-07-02T09:31:43.061Z</time>
      </trkpt>
      <trkpt lat="49.355632" lon="7.948051">
        <ele>275.525669</ele>
        <time>2026-07-02T09:32:13.993Z</time>
      </trkpt>
      <trkpt lat="49.354825" lon="7.947395">
        <ele>279.292388</ele>
        <time>2026-07-02T09:33:04.228Z</time>
      </trkpt>
      <trkpt lat="49.353957" lon="7.946951">
        <ele>281.283296</ele>
        <time>2026-07-02T09:33:42.544Z</time>
      </trkpt>
      <trkpt lat="49.353786" lon="7.946890">
        <ele>281.400003</ele>
        <time>2026-07-02T09:33:48.434Z</time>
      </trkpt>
      <trkpt lat="49.353372" lon="7.947012">
        <ele>281.439801</ele>
        <time>2026-07-02T09:34:01.735Z</time>
      </trkpt>
      <trkpt lat="49.351171" lon="7.946578">
        <ele>283.253388</ele>
        <time>2026-07-02T09:35:21.518Z</time>
      </trkpt>
      <trkpt lat="49.350889" lon="7.946577">
        <ele>282.997230</ele>
        <time>2026-07-02T09:35:30.080Z</time>
      </trkpt>
      <trkpt lat="49.350344" lon="7.946800">
        <ele>281.599100</ele>
        <time>2026-07-02T09:35:45.128Z</time>
      </trkpt>
      <trkpt lat="49.349765" lon="7.947407">
        <ele>278.297967</ele>
        <time>2026-07-02T09:36:02.120Z</time>
      </trkpt>
      <trkpt lat="49.349556" lon="7.947471">
        <ele>276.748766</ele>
        <time>2026-07-02T09:36:06.942Z</time>
      </trkpt>
      <trkpt lat="49.349363" lon="7.947345">
        <ele>274.915452</ele>
        <time>2026-07-02T09:36:11.559Z</time>
      </trkpt>
      <trkpt lat="49.349014" lon="7.946975">
        <ele>270.714460</ele>
        <time>2026-07-02T09:36:20.623Z</time>
      </trkpt>
      <trkpt lat="49.348698" lon="7.946377">
        <ele>266.577096</ele>
        <time>2026-07-02T09:36:31.766Z</time>
      </trkpt>
      <trkpt lat="49.348707" lon="7.946175">
        <ele>265.722602</ele>
        <time>2026-07-02T09:36:34.850Z</time>
      </trkpt>
      <trkpt lat="49.348615" lon="7.946061">
        <ele>264.990869</ele>
        <time>2026-07-02T09:36:37.607Z</time>
      </trkpt>
      <trkpt lat="49.348566" lon="7.946004">
        <ele>264.651090</ele>
        <time>2026-07-02T09:36:45.174Z</time>
      </trkpt>
      <trkpt lat="49.348677" lon="7.945778">
        <ele>263.678387</ele>
        <time>2026-07-02T09:36:55.967Z</time>
      </trkpt>
      <trkpt lat="49.349767" lon="7.945069">
        <ele>259.227511</ele>
        <time>2026-07-02T09:38:08.794Z</time>
      </trkpt>
      <trkpt lat="49.350522" lon="7.944360">
        <ele>253.002096</ele>
        <time>2026-07-02T09:38:58.684Z</time>
      </trkpt>
      <trkpt lat="49.350626" lon="7.944132">
        <ele>251.203597</ele>
        <time>2026-07-02T09:39:08.281Z</time>
      </trkpt>
      <trkpt lat="49.351214" lon="7.942645">
        <ele>238.938020</ele>
        <time>2026-07-02T09:40:08.215Z</time>
      </trkpt>
      <trkpt lat="49.351331" lon="7.942019">
        <ele>235.628133</ele>
        <time>2026-07-02T09:40:31.919Z</time>
      </trkpt>
      <trkpt lat="49.351322" lon="7.941211">
        <ele>232.218159</ele>
        <time>2026-07-02T09:41:01.893Z</time>
      </trkpt>
      <trkpt lat="49.351465" lon="7.940217">
        <ele>228.816973</ele>
        <time>2026-07-02T09:41:41.026Z</time>
      </trkpt>
      <trkpt lat="49.351440" lon="7.940172">
        <ele>228.634396</ele>
        <time>2026-07-02T09:41:45.837Z</time>
      </trkpt>
      <trkpt lat="49.351409" lon="7.940098">
        <ele>228.362795</ele>
        <time>2026-07-02T09:41:49.237Z</time>
      </trkpt>
      <trkpt lat="49.351374" lon="7.940047">
        <ele>228.134107</ele>
        <time>2026-07-02T09:41:49.947Z</time>
      </trkpt>
      <trkpt lat="49.351375" lon="7.939779">
        <ele>227.457246</ele>
        <time>2026-07-02T09:41:52.534Z</time>
      </trkpt>
      <trkpt lat="49.351337" lon="7.939585">
        <ele>226.978007</ele>
        <time>2026-07-02T09:41:54.483Z</time>
      </trkpt>
      <trkpt lat="49.351236" lon="7.939321">
        <ele>226.372917</ele>
        <time>2026-07-02T09:41:58.483Z</time>
      </trkpt>
      <trkpt lat="49.351189" lon="7.939341">
        <ele>226.288861</ele>
        <time>2026-07-02T09:41:59.253Z</time>
      </trkpt>
      <trkpt lat="49.351056" lon="7.938774">
        <ele>225.873321</ele>
        <time>2026-07-02T09:42:05.763Z</time>
      </trkpt>
      <trkpt lat="49.351070" lon="7.938327">
        <ele>226.084521</ele>
        <time>2026-07-02T09:42:12.638Z</time>
      </trkpt>
      <trkpt lat="49.351013" lon="7.938309">
        <ele>226.169834</ele>
        <time>2026-07-02T09:42:14.258Z</time>
      </trkpt>
      <trkpt lat="49.350930" lon="7.938275">
        <ele>226.344493</ele>
        <time>2026-07-02T09:42:16.801Z</time>
      </trkpt>
      <trkpt lat="49.350152" lon="7.937888">
        <ele>229.114590</ele>
        <time>2026-07-02T09:42:46.914Z</time>
      </trkpt>
      <trkpt lat="49.350285" lon="7.937366">
        <ele>231.175487</ele>
        <time>2026-07-02T09:43:04.381Z</time>
      </trkpt>
      <trkpt lat="49.350396" lon="7.937043">
        <ele>232.815029</ele>
        <time>2026-07-02T09:43:17.388Z</time>
      </trkpt>
      <trkpt lat="49.350450" lon="7.936869">
        <ele>233.731394</ele>
        <time>2026-07-02T09:43:24.562Z</time>
      </trkpt>
      <trkpt lat="49.350327" lon="7.936946">
        <ele>234.846409</ele>
        <time>2026-07-02T09:43:32.590Z</time>
      </trkpt>
      <trkpt lat="49.350259" lon="7.936950">
        <ele>235.417621</ele>
        <time>2026-07-02T09:43:36.830Z</time>
      </trkpt>
      <trkpt lat="49.350201" lon="7.936942">
        <ele>235.958987</ele>
        <time>2026-07-02T09:43:40.460Z</time>
      </trkpt>
      <trkpt lat="49.350091" lon="7.936860">
        <ele>237.171909</ele>
        <time>2026-07-02T09:43:48.738Z</time>
      </trkpt>
      <trkpt lat="49.350047" lon="7.936801">
        <ele>237.751397</ele>
        <time>2026-07-02T09:43:52.860Z</time>
      </trkpt>
      <trkpt lat="49.349867" lon="7.936262">
        <ele>242.392338</ele>
        <time>2026-07-02T09:44:23.797Z</time>
      </trkpt>
      <trkpt lat="49.349769" lon="7.935969">
        <ele>245.281642</ele>
        <time>2026-07-02T09:44:42.567Z</time>
      </trkpt>
      <trkpt lat="49.349554" lon="7.935679">
        <ele>249.520814</ele>
        <time>2026-07-02T09:45:09.639Z</time>
      </trkpt>
      <trkpt lat="49.349405" lon="7.935397">
        <ele>253.227691</ele>
        <time>2026-07-02T09:45:32.830Z</time>
      </trkpt>
      <trkpt lat="49.348971" lon="7.934441">
        <ele>265.797375</ele>
        <time>2026-07-02T09:46:52.256Z</time>
      </trkpt>
      <trkpt lat="49.348476" lon="7.933233">
        <ele>281.098990</ele>
        <time>2026-07-02T09:48:29.330Z</time>
      </trkpt>
      <trkpt lat="49.348113" lon="7.932588">
        <ele>289.352469</ele>
        <time>2026-07-02T09:49:21.572Z</time>
      </trkpt>
      <trkpt lat="49.347538" lon="7.931538">
        <ele>301.096406</ele>
        <time>2026-07-02T09:50:39.228Z</time>
      </trkpt>
      <trkpt lat="49.347289" lon="7.930928">
        <ele>305.857493</ele>
        <time>2026-07-02T09:51:12.340Z</time>
      </trkpt>
      <trkpt lat="49.347170" lon="7.930390">
        <ele>309.102095</ele>
        <time>2026-07-02T09:51:36.227Z</time>
      </trkpt>
      <trkpt lat="49.347092" lon="7.930215">
        <ele>310.299269</ele>
        <time>2026-07-02T09:51:45.084Z</time>
      </trkpt>
      <trkpt lat="49.346880" lon="7.929915">
        <ele>312.725892</ele>
        <time>2026-07-02T09:52:03.210Z</time>
      </trkpt>
      <trkpt lat="49.346743" lon="7.929782">
        <ele>313.921837</ele>
        <time>2026-07-02T09:52:12.539Z</time>
      </trkpt>
      <trkpt lat="49.346534" lon="7.929672">
        <ele>315.254369</ele>
        <time>2026-07-02T09:52:23.633Z</time>
      </trkpt>
      <trkpt lat="49.346546" lon="7.929583">
        <ele>315.564001</ele>
        <time>2026-07-02T09:52:26.424Z</time>
      </trkpt>
      <trkpt lat="49.346497" lon="7.929181">
        <ele>316.844200</ele>
        <time>2026-07-02T09:52:37.972Z</time>
      </trkpt>
      <trkpt lat="49.346386" lon="7.928807">
        <ele>317.862837</ele>
        <time>2026-07-02T09:52:48.368Z</time>
      </trkpt>
      <trkpt lat="49.346367" lon="7.928751">
        <ele>317.989230</ele>
        <time>2026-07-02T09:52:50.337Z</time>
      </trkpt>
      <trkpt lat="49.346275" lon="7.928475">
        <ele>318.527316</ele>
        <time>2026-07-02T09:52:59.648Z</time>
      </trkpt>
      <trkpt lat="49.345061" lon="7.926437">
        <ele>319.267643</ele>
        <time>2026-07-02T09:54:00.643Z</time>
      </trkpt>
      <trkpt lat="49.344497" lon="7.925571">
        <ele>318.720396</ele>
        <time>2026-07-02T09:54:24.368Z</time>
      </trkpt>
      <trkpt lat="49.344321" lon="7.925280">
        <ele>318.631787</ele>
        <time>2026-07-02T09:54:32.334Z</time>
      </trkpt>
      <trkpt lat="49.344107" lon="7.924746">
        <ele>318.786568</ele>
        <time>2026-07-02T09:54:45.465Z</time>
      </trkpt>
      <trkpt lat="49.343786" lon="7.924150">
        <ele>319.729704</ele>
        <time>2026-07-02T09:55:06.327Z</time>
      </trkpt>
      <trkpt lat="49.343408" lon="7.923636">
        <ele>321.971401</ele>
        <time>2026-07-02T09:55:33.702Z</time>
      </trkpt>
      <trkpt lat="49.343877" lon="7.923944">
        <ele>325.613794</ele>
        <time>2026-07-02T09:56:02.164Z</time>
      </trkpt>
      <trkpt lat="49.344315" lon="7.924438">
        <ele>330.459039</ele>
        <time>2026-07-02T09:56:37.755Z</time>
      </trkpt>
      <trkpt lat="49.344742" lon="7.924811">
        <ele>335.402352</ele>
        <time>2026-07-02T09:57:12.921Z</time>
      </trkpt>
      <trkpt lat="49.345170" lon="7.925172">
        <ele>340.422393</ele>
        <time>2026-07-02T09:57:48.018Z</time>
      </trkpt>
      <trkpt lat="49.345812" lon="7.925874">
        <ele>349.018585</ele>
        <time>2026-07-02T09:58:46.894Z</time>
      </trkpt>
      <trkpt lat="49.346062" lon="7.926110">
        <ele>352.299584</ele>
        <time>2026-07-02T09:59:09.539Z</time>
      </trkpt>
      <trkpt lat="49.346786" lon="7.926781">
        <ele>361.617574</ele>
        <time>2026-07-02T10:00:14.710Z</time>
      </trkpt>
      <trkpt lat="49.347335" lon="7.927096">
        <ele>365.997083</ele>
        <time>2026-07-02T10:00:49.440Z</time>
      </trkpt>
      <trkpt lat="49.348303" lon="7.928071">
        <ele>367.022254</ele>
        <time>2026-07-02T10:01:30.401Z</time>
      </trkpt>
      <trkpt lat="49.348666" lon="7.928506">
        <ele>366.112935</ele>
        <time>2026-07-02T10:01:42.565Z</time>
      </trkpt>
      <trkpt lat="49.348925" lon="7.928876">
        <ele>365.837196</ele>
        <time>2026-07-02T10:01:53.350Z</time>
      </trkpt>
      <trkpt lat="49.349042" lon="7.928971">
        <ele>365.970819</ele>
        <time>2026-07-02T10:01:58.082Z</time>
      </trkpt>
      <trkpt lat="49.349150" lon="7.929014">
        <ele>366.105761</ele>
        <time>2026-07-02T10:02:02.432Z</time>
      </trkpt>
      <trkpt lat="49.349270" lon="7.929008">
        <ele>366.366568</ele>
        <time>2026-07-02T10:02:07.401Z</time>
      </trkpt>
      <trkpt lat="49.349729" lon="7.928801">
        <ele>367.759074</ele>
        <time>2026-07-02T10:02:29.664Z</time>
      </trkpt>
      <trkpt lat="49.350278" lon="7.928346">
        <ele>370.247792</ele>
        <time>2026-07-02T10:03:02.151Z</time>
      </trkpt>
      <trkpt lat="49.351205" lon="7.927977">
        <ele>373.417396</ele>
        <time>2026-07-02T10:03:48.112Z</time>
      </trkpt>
      <trkpt lat="49.351514" lon="7.927793">
        <ele>374.677884</ele>
        <time>2026-07-02T10:04:04.847Z</time>
      </trkpt>
      <trkpt lat="49.351567" lon="7.927670">
        <ele>375.138069</ele>
        <time>2026-07-02T10:04:10.235Z</time>
      </trkpt>
      <trkpt lat="49.351555" lon="7.927438">
        <ele>375.974502</ele>
        <time>2026-07-02T10:04:19.289Z</time>
      </trkpt>
      <trkpt lat="49.351478" lon="7.927187">
        <ele>377.119686</ele>
        <time>2026-07-02T10:04:30.730Z</time>
      </trkpt>
      <trkpt lat="49.351070" lon="7.926093">
        <ele>382.879455</ele>
        <time>2026-07-02T10:05:26.069Z</time>
      </trkpt>
      <trkpt lat="49.350993" lon="7.925814">
        <ele>384.147237</ele>
        <time>2026-07-02T10:05:38.778Z</time>
      </trkpt>
      <trkpt lat="49.350959" lon="7.925573">
        <ele>385.003221</ele>
        <time>2026-07-02T10:05:48.505Z</time>
      </trkpt>
      <trkpt lat="49.350943" lon="7.925099">
        <ele>386.213707</ele>
        <time>2026-07-02T10:06:04.628Z</time>
      </trkpt>
      <trkpt lat="49.350986" lon="7.923782">
        <ele>388.092897</ele>
        <time>2026-07-02T10:06:40.222Z</time>
      </trkpt>
      <trkpt lat="49.350914" lon="7.923124">
        <ele>389.880270</ele>
        <time>2026-07-02T10:07:02.217Z</time>
      </trkpt>
      <trkpt lat="49.350491" lon="7.921868">
        <ele>397.865531</ele>
        <time>2026-07-02T10:08:11.386Z</time>
      </trkpt>
      <trkpt lat="49.350095" lon="7.920464">
        <ele>411.221978</ele>
        <time>2026-07-02T10:09:51.807Z</time>
      </trkpt>
      <trkpt lat="49.349812" lon="7.919799">
        <ele>418.553076</ele>
        <time>2026-07-02T10:10:45.651Z</time>
      </trkpt>
      <trkpt lat="49.349440" lon="7.918603">
        <ele>430.348518</ele>
        <time>2026-07-02T10:12:12.924Z</time>
      </trkpt>
      <trkpt lat="49.349340" lon="7.918202">
        <ele>433.784018</ele>
        <time>2026-07-02T10:12:39.348Z</time>
      </trkpt>
      <trkpt lat="49.349160" lon="7.917356">
        <ele>440.195283</ele>
        <time>2026-07-02T10:13:30.243Z</time>
      </trkpt>
      <trkpt lat="49.348266" lon="7.915251">
        <ele>452.757409</ele>
        <time>2026-07-02T10:15:25.360Z</time>
      </trkpt>
      <trkpt lat="49.348027" lon="7.915010">
        <ele>454.280596</ele>
        <time>2026-07-02T10:15:41.582Z</time>
      </trkpt>
      <trkpt lat="49.347999" lon="7.914920">
        <ele>454.589068</ele>
        <time>2026-07-02T10:15:45.202Z</time>
      </trkpt>
      <trkpt lat="49.348007" lon="7.914404">
        <ele>456.063651</ele>
        <time>2026-07-02T10:16:03.113Z</time>
      </trkpt>
      <trkpt lat="49.347984" lon="7.914246">
        <ele>456.489351</ele>
        <time>2026-07-02T10:16:08.559Z</time>
      </trkpt>
      <trkpt lat="49.347764" lon="7.913735">
        <ele>458.008649</ele>
        <time>2026-07-02T10:16:28.649Z</time>
      </trkpt>
      <trkpt lat="49.347526" lon="7.912618">
        <ele>461.075565</ele>
        <time>2026-07-02T10:17:08.118Z</time>
      </trkpt>
      <trkpt lat="49.347329" lon="7.911519">
        <ele>465.833368</ele>
        <time>2026-07-02T10:17:55.595Z</time>
      </trkpt>
      <trkpt lat="49.347239" lon="7.910336">
        <ele>471.107642</ele>
        <time>2026-07-02T10:18:47.470Z</time>
      </trkpt>
      <trkpt lat="49.346847" lon="7.908286">
        <ele>478.005822</ele>
        <time>2026-07-02T10:20:06.467Z</time>
      </trkpt>
      <trkpt lat="49.346712" lon="7.907209">
        <ele>479.454453</ele>
        <time>2026-07-02T10:20:36.218Z</time>
      </trkpt>
      <trkpt lat="49.346547" lon="7.906208">
        <ele>480.139810</ele>
        <time>2026-07-02T10:21:00.184Z</time>
      </trkpt>
      <trkpt lat="49.346434" lon="7.905042">
        <ele>481.671352</ele>
        <time>2026-07-02T10:21:31.786Z</time>
      </trkpt>
      <trkpt lat="49.345843" lon="7.902904">
        <ele>488.952400</ele>
        <time>2026-07-02T10:22:57.120Z</time>
      </trkpt>
      <trkpt lat="49.345703" lon="7.902297">
        <ele>491.473533</ele>
        <time>2026-07-02T10:23:22.950Z</time>
      </trkpt>
      <trkpt lat="49.345346" lon="7.901296">
        <ele>497.191582</ele>
        <time>2026-07-02T10:24:15.087Z</time>
      </trkpt>
      <trkpt lat="49.345287" lon="7.900978">
        <ele>499.355404</ele>
        <time>2026-07-02T10:24:31.883Z</time>
      </trkpt>
      <trkpt lat="49.345176" lon="7.899285">
        <ele>512.805038</ele>
        <time>2026-07-02T10:26:16.184Z</time>
      </trkpt>
      <trkpt lat="49.345191" lon="7.899138">
        <ele>514.009384</ele>
        <time>2026-07-02T10:26:25.585Z</time>
      </trkpt>
      <trkpt lat="49.345278" lon="7.898797">
        <ele>516.950318</ele>
        <time>2026-07-02T10:26:48.113Z</time>
      </trkpt>
      <trkpt lat="49.345285" lon="7.898637">
        <ele>518.116301</ele>
        <time>2026-07-02T10:26:57.779Z</time>
      </trkpt>
      <trkpt lat="49.344875" lon="7.897346">
        <ele>527.662291</ele>
        <time>2026-07-02T10:28:15.985Z</time>
      </trkpt>
      <trkpt lat="49.344521" lon="7.896361">
        <ele>533.527370</ele>
        <time>2026-07-02T10:29:07.422Z</time>
      </trkpt>
      <trkpt lat="49.343943" lon="7.895296">
        <ele>540.879138</ele>
        <time>2026-07-02T10:30:13.304Z</time>
      </trkpt>
      <trkpt lat="49.343721" lon="7.894938">
        <ele>543.389602</ele>
        <time>2026-07-02T10:30:36.454Z</time>
      </trkpt>
      <trkpt lat="49.343605" lon="7.894620">
        <ele>545.095125</ele>
        <time>2026-07-02T10:30:52.898Z</time>
      </trkpt>
      <trkpt lat="49.343393" lon="7.893272">
        <ele>550.061077</ele>
        <time>2026-07-02T10:31:47.019Z</time>
      </trkpt>
      <trkpt lat="49.343187" lon="7.891578">
        <ele>551.889619</ele>
        <time>2026-07-02T10:32:31.459Z</time>
      </trkpt>
      <trkpt lat="49.342973" lon="7.890811">
        <ele>551.647670</ele>
        <time>2026-07-02T10:32:47.709Z</time>
      </trkpt>
      <trkpt lat="49.342508" lon="7.889734">
        <ele>550.307023</ele>
        <time>2026-07-02T10:33:11.465Z</time>
      </trkpt>
      <trkpt lat="49.342290" lon="7.889472">
        <ele>549.481492</ele>
        <time>2026-07-02T10:33:18.561Z</time>
      </trkpt>
      <trkpt lat="49.342016" lon="7.889263">
        <ele>548.393168</ele>
        <time>2026-07-02T10:33:26.342Z</time>
      </trkpt>
      <trkpt lat="49.341915" lon="7.889222">
        <ele>547.990984</ele>
        <time>2026-07-02T10:33:28.996Z</time>
      </trkpt>
      <trkpt lat="49.341591" lon="7.889119">
        <ele>546.678194</ele>
        <time>2026-07-02T10:33:37.276Z</time>
      </trkpt>
      <trkpt lat="49.341350" lon="7.889130">
        <ele>545.571180</ele>
        <time>2026-07-02T10:33:43.187Z</time>
      </trkpt>
      <trkpt lat="49.341069" lon="7.889219">
        <ele>543.953608</ele>
        <time>2026-07-02T10:33:49.954Z</time>
      </trkpt>
      <trkpt lat="49.340739" lon="7.889468">
        <ele>541.578977</ele>
        <time>2026-07-02T10:33:58.426Z</time>
      </trkpt>
      <trkpt lat="49.339471" lon="7.890584">
        <ele>531.136310</ele>
        <time>2026-07-02T10:34:31.636Z</time>
      </trkpt>
      <trkpt lat="49.339292" lon="7.890697">
        <ele>529.593481</ele>
        <time>2026-07-02T10:34:35.903Z</time>
      </trkpt>
      <trkpt lat="49.339129" lon="7.890742">
        <ele>528.210047</ele>
        <time>2026-07-02T10:34:39.574Z</time>
      </trkpt>
      <trkpt lat="49.338889" lon="7.890654">
        <ele>526.213658</ele>
        <time>2026-07-02T10:34:45.046Z</time>
      </trkpt>
      <trkpt lat="49.338573" lon="7.890478">
        <ele>523.902154</ele>
        <time>2026-07-02T10:34:52.575Z</time>
      </trkpt>
      <trkpt lat="49.337721" lon="7.889823">
        <ele>521.696272</ele>
        <time>2026-07-02T10:35:18.398Z</time>
      </trkpt>
      <trkpt lat="49.337373" lon="7.889173">
        <ele>522.887253</ele>
        <time>2026-07-02T10:35:35.998Z</time>
      </trkpt>
      <trkpt lat="49.337172" lon="7.887902">
        <ele>524.743888</ele>
        <time>2026-07-02T10:36:13.457Z</time>
      </trkpt>
      <trkpt lat="49.337185" lon="7.887297">
        <ele>523.893341</ele>
        <time>2026-07-02T10:36:24.014Z</time>
      </trkpt>
      <trkpt lat="49.337234" lon="7.887052">
        <ele>523.114437</ele>
        <time>2026-07-02T10:36:28.072Z</time>
      </trkpt>
      <trkpt lat="49.337308" lon="7.886825">
        <ele>522.135748</ele>
        <time>2026-07-02T10:36:31.939Z</time>
      </trkpt>
      <trkpt lat="49.337461" lon="7.886554">
        <ele>520.340202</ele>
        <time>2026-07-02T10:36:37.228Z</time>
      </trkpt>
      <trkpt lat="49.338268" lon="7.885414">
        <ele>510.111397</ele>
        <time>2026-07-02T10:37:00.967Z</time>
      </trkpt>
      <trkpt lat="49.339088" lon="7.883965">
        <ele>498.391645</ele>
        <time>2026-07-02T10:37:28.139Z</time>
      </trkpt>
      <trkpt lat="49.339804" lon="7.882602">
        <ele>485.039570</ele>
        <time>2026-07-02T10:37:52.069Z</time>
      </trkpt>
      <trkpt lat="49.340252" lon="7.881759">
        <ele>474.010761</ele>
        <time>2026-07-02T10:38:06.312Z</time>
      </trkpt>
      <trkpt lat="49.340936" lon="7.880071">
        <ele>449.740289</ele>
        <time>2026-07-02T10:38:31.763Z</time>
      </trkpt>
      <trkpt lat="49.341231" lon="7.878259">
        <ele>425.605291</ele>
        <time>2026-07-02T10:38:55.506Z</time>
      </trkpt>
      <trkpt lat="49.341325" lon="7.876969">
        <ele>412.093470</ele>
        <time>2026-07-02T10:39:12.465Z</time>
      </trkpt>
      <trkpt lat="49.341405" lon="7.876714">
        <ele>409.688568</ele>
        <time>2026-07-02T10:39:16.279Z</time>
      </trkpt>
      <trkpt lat="49.341793" lon="7.876613">
        <ele>405.334374</ele>
        <time>2026-07-02T10:39:24.572Z</time>
      </trkpt>
      <trkpt lat="49.342608" lon="7.876820">
        <ele>399.172795</ele>
        <time>2026-07-02T10:39:43.268Z</time>
      </trkpt>
      <trkpt lat="49.342793" lon="7.876741">
        <ele>398.048987</ele>
        <time>2026-07-02T10:39:47.799Z</time>
      </trkpt>
      <trkpt lat="49.343623" lon="7.876113">
        <ele>394.164190</ele>
        <time>2026-07-02T10:40:10.612Z</time>
      </trkpt>
      <trkpt lat="49.344214" lon="7.875247">
        <ele>391.707138</ele>
        <time>2026-07-02T10:40:32.113Z</time>
      </trkpt>
      <trkpt lat="49.344513" lon="7.874731">
        <ele>389.488241</ele>
        <time>2026-07-02T10:40:43.023Z</time>
      </trkpt>
      <trkpt lat="49.344805" lon="7.874469">
        <ele>386.965582</ele>
        <time>2026-07-02T10:40:50.654Z</time>
      </trkpt>
      <trkpt lat="49.345144" lon="7.874352">
        <ele>383.407727</ele>
        <time>2026-07-02T10:40:58.113Z</time>
      </trkpt>
      <trkpt lat="49.346411" lon="7.874148">
        <ele>364.714758</ele>
        <time>2026-07-02T10:41:23.904Z</time>
      </trkpt>
      <trkpt lat="49.346950" lon="7.874290">
        <ele>355.951393</ele>
        <time>2026-07-02T10:41:34.847Z</time>
      </trkpt>
      <trkpt lat="49.347644" lon="7.874840">
        <ele>344.734798</ele>
        <time>2026-07-02T10:41:50.682Z</time>
      </trkpt>
      <trkpt lat="49.348337" lon="7.875066">
        <ele>337.025910</ele>
        <time>2026-07-02T10:42:05.740Z</time>
      </trkpt>
      <trkpt lat="49.348669" lon="7.874981">
        <ele>334.108004</ele>
        <time>2026-07-02T10:42:13.186Z</time>
      </trkpt>
      <trkpt lat="49.348963" lon="7.874737">
        <ele>331.362222</ele>
        <time>2026-07-02T10:42:20.605Z</time>
      </trkpt>
      <trkpt lat="49.349085" lon="7.874420">
        <ele>329.342272</ele>
        <time>2026-07-02T10:42:25.901Z</time>
      </trkpt>
      <trkpt lat="49.349273" lon="7.873854">
        <ele>325.947655</ele>
        <time>2026-07-02T10:42:35.118Z</time>
      </trkpt>
      <trkpt lat="49.349451" lon="7.872915">
        <ele>320.572742</ele>
        <time>2026-07-02T10:42:49.131Z</time>
      </trkpt>
      <trkpt lat="49.349265" lon="7.871389">
        <ele>313.027880</ele>
        <time>2026-07-02T10:43:11.860Z</time>
      </trkpt>
      <trkpt lat="49.349375" lon="7.871069">
        <ele>311.867297</ele>
        <time>2026-07-02T10:43:17.649Z</time>
      </trkpt>
      <trkpt lat="49.349224" lon="7.870755">
        <ele>311.062674</ele>
        <time>2026-07-02T10:43:24.220Z</time>
      </trkpt>
      <trkpt lat="49.348749" lon="7.869460">
        <ele>309.944142</ele>
        <time>2026-07-02T10:43:52.288Z</time>
      </trkpt>
      <trkpt lat="49.348458" lon="7.868975">
        <ele>309.768821</ele>
        <time>2026-07-02T10:44:05.411Z</time>
      </trkpt>
      <trkpt lat="49.347251" lon="7.867843">
        <ele>308.501390</ele>
        <time>2026-07-02T10:44:47.340Z</time>
      </trkpt>
      <trkpt lat="49.346454" lon="7.867050">
        <ele>306.834837</ele>
        <time>2026-07-02T10:45:13.577Z</time>
      </trkpt>
      <trkpt lat="49.345993" lon="7.866759">
        <ele>306.278545</ele>
        <time>2026-07-02T10:45:27.957Z</time>
      </trkpt>
      <trkpt lat="49.345348" lon="7.866452">
        <ele>306.971385</ele>
        <time>2026-07-02T10:45:53.016Z</time>
      </trkpt>
      <trkpt lat="49.345192" lon="7.866518">
        <ele>307.436179</ele>
        <time>2026-07-02T10:46:00.294Z</time>
      </trkpt>
      <trkpt lat="49.345094" lon="7.866505">
        <ele>307.767853</ele>
        <time>2026-07-02T10:46:04.996Z</time>
      </trkpt>
      <trkpt lat="49.343856" lon="7.866270">
        <ele>313.846384</ele>
        <time>2026-07-02T10:47:15.302Z</time>
      </trkpt>
      <trkpt lat="49.343437" lon="7.865452">
        <ele>317.644329</ele>
        <time>2026-07-02T10:47:56.628Z</time>
      </trkpt>
      <trkpt lat="49.343330" lon="7.864787">
        <ele>319.726591</ele>
        <time>2026-07-02T10:48:21.133Z</time>
      </trkpt>
      <trkpt lat="49.343188" lon="7.864133">
        <ele>321.146709</ele>
        <time>2026-07-02T10:48:42.921Z</time>
      </trkpt>
      <trkpt lat="49.342506" lon="7.862218">
        <ele>321.960449</ele>
        <time>2026-07-02T10:49:31.312Z</time>
      </trkpt>
      <trkpt lat="49.342018" lon="7.861473">
        <ele>321.544272</ele>
        <time>2026-07-02T10:49:51.939Z</time>
      </trkpt>
      <trkpt lat="49.341803" lon="7.861276">
        <ele>321.742574</ele>
        <time>2026-07-02T10:50:00.830Z</time>
      </trkpt>
      <trkpt lat="49.341392" lon="7.861153">
        <ele>322.544856</ele>
        <time>2026-07-02T10:50:18.378Z</time>
      </trkpt>
      <trkpt lat="49.341218" lon="7.861170">
        <ele>323.240773</ele>
        <time>2026-07-02T10:50:26.654Z</time>
      </trkpt>
      <trkpt lat="49.339900" lon="7.861779">
        <ele>331.746638</ele>
        <time>2026-07-02T10:51:53.523Z</time>
      </trkpt>
      <trkpt lat="49.339536" lon="7.861912">
        <ele>334.464405</ele>
        <time>2026-07-02T10:52:19.567Z</time>
      </trkpt>
      <trkpt lat="49.339174" lon="7.861838">
        <ele>336.936513</ele>
        <time>2026-07-02T10:52:43.490Z</time>
      </trkpt>
      <trkpt lat="49.338734" lon="7.861386">
        <ele>339.757886</ele>
        <time>2026-07-02T10:53:15.077Z</time>
      </trkpt>
      <trkpt lat="49.338395" lon="7.860802">
        <ele>341.315215</ele>
        <time>2026-07-02T10:53:38.937Z</time>
      </trkpt>
      <trkpt lat="49.338151" lon="7.860165">
        <ele>341.861572</ele>
        <time>2026-07-02T10:53:56.506Z</time>
      </trkpt>
      <trkpt lat="49.337732" lon="7.858888">
        <ele>341.792236</ele>
        <time>2026-07-02T10:54:25.830Z</time>
      </trkpt>
      <trkpt lat="49.337215" lon="7.857683">
        <ele>341.618980</ele>
        <time>2026-07-02T10:54:54.914Z</time>
      </trkpt>
      <trkpt lat="49.336521" lon="7.856630">
        <ele>343.215020</ele>
        <time>2026-07-02T10:55:33.985Z</time>
      </trkpt>
      <trkpt lat="49.334315" lon="7.855814">
        <ele>351.501135</ele>
        <time>2026-07-02T10:57:28.539Z</time>
      </trkpt>
      <trkpt lat="49.334155" lon="7.855746">
        <ele>351.768665</ele>
        <time>2026-07-02T10:57:35.146Z</time>
      </trkpt>
      <trkpt lat="49.333628" lon="7.855418">
        <ele>351.950738</ele>
        <time>2026-07-02T10:57:53.710Z</time>
      </trkpt>
      <trkpt lat="49.333461" lon="7.855061">
        <ele>351.516420</ele>
        <time>2026-07-02T10:58:01.853Z</time>
      </trkpt>
      <trkpt lat="49.333475" lon="7.855041">
        <ele>351.466228</ele>
        <time>2026-07-02T10:58:02.339Z</time>
      </trkpt>
      <trkpt lat="49.333506" lon="7.854983">
        <ele>351.337958</ele>
        <time>2026-07-02T10:58:03.664Z</time>
      </trkpt>
      <trkpt lat="49.333531" lon="7.854943">
        <ele>351.243185</ele>
        <time>2026-07-02T10:58:04.643Z</time>
      </trkpt>
      <trkpt lat="49.333858" lon="7.855241">
        <ele>350.055860</ele>
        <time>2026-07-02T10:58:10.064Z</time>
      </trkpt>
      <trkpt lat="49.334240" lon="7.855503">
        <ele>349.044165</ele>
        <time>2026-07-02T10:58:16.304Z</time>
      </trkpt>
      <trkpt lat="49.334564" lon="7.855673">
        <ele>348.568275</ele>
        <time>2026-07-02T10:58:21.919Z</time>
      </trkpt>
      <trkpt lat="49.334697" lon="7.855685">
        <ele>348.554501</ele>
        <time>2026-07-02T10:58:24.421Z</time>
      </trkpt>
      <trkpt lat="49.334920" lon="7.855577">
        <ele>348.894250</ele>
        <time>2026-07-02T10:58:29.889Z</time>
      </trkpt>
      <trkpt lat="49.334606" lon="7.854950">
        <ele>350.606020</ele>
        <time>2026-07-02T10:58:49.672Z</time>
      </trkpt>
      <trkpt lat="49.334519" lon="7.854590">
        <ele>351.982659</ele>
        <time>2026-07-02T10:59:02.427Z</time>
      </trkpt>
      <trkpt lat="49.334375" lon="7.854149">
        <ele>354.304859</ele>
        <time>2026-07-02T10:59:21.098Z</time>
      </trkpt>
      <trkpt lat="49.334106" lon="7.853473">
        <ele>358.146691</ele>
        <time>2026-07-02T10:59:56.942Z</time>
      </trkpt>
      <trkpt lat="49.333998" lon="7.853014">
        <ele>360.256259</ele>
        <time>2026-07-02T11:00:17.679Z</time>
      </trkpt>
      <trkpt lat="49.333906" lon="7.852118">
        <ele>363.316927</ele>
        <time>2026-07-02T11:00:52.177Z</time>
      </trkpt>
      <trkpt lat="49.333951" lon="7.851797">
        <ele>364.204475</ele>
        <time>2026-07-02T11:01:02.830Z</time>
      </trkpt>
      <trkpt lat="49.333965" lon="7.850795">
        <ele>366.860581</ele>
        <time>2026-07-02T11:01:36.139Z</time>
      </trkpt>
      <trkpt lat="49.334088" lon="7.850066">
        <ele>369.727576</ele>
        <time>2026-07-02T11:02:06.500Z</time>
      </trkpt>
      <trkpt lat="49.334284" lon="7.849130">
        <ele>375.144766</ele>
        <time>2026-07-02T11:02:53.238Z</time>
      </trkpt>
      <trkpt lat="49.334567" lon="7.847151">
        <ele>389.232854</ele>
        <time>2026-07-02T11:04:47.245Z</time>
      </trkpt>
      <trkpt lat="49.334755" lon="7.846191">
        <ele>396.729742</ele>
        <time>2026-07-02T11:05:45.544Z</time>
      </trkpt>
      <trkpt lat="49.334831" lon="7.844897">
        <ele>408.266405</ele>
        <time>2026-07-02T11:07:10.311Z</time>
      </trkpt>
      <trkpt lat="49.334866" lon="7.843654">
        <ele>424.020549</ele>
        <time>2026-07-02T11:08:55.562Z</time>
      </trkpt>
      <trkpt lat="49.334817" lon="7.842254">
        <ele>446.671457</ele>
        <time>2026-07-02T11:11:09.449Z</time>
      </trkpt>
      <trkpt lat="49.334718" lon="7.841363">
        <ele>461.036173</ele>
        <time>2026-07-02T11:12:35.705Z</time>
      </trkpt>
      <trkpt lat="49.334600" lon="7.840980">
        <ele>466.956110</ele>
        <time>2026-07-02T11:13:14.311Z</time>
      </trkpt>
      <trkpt lat="49.334413" lon="7.840738">
        <ele>471.322080</ele>
        <time>2026-07-02T11:13:45.567Z</time>
      </trkpt>
      <trkpt lat="49.333918" lon="7.838527">
        <ele>489.551552</ele>
        <time>2026-07-02T11:16:05.151Z</time>
      </trkpt>
      <trkpt lat="49.333853" lon="7.837859">
        <ele>493.515833</ele>
        <time>2026-07-02T11:16:38.817Z</time>
      </trkpt>
      <trkpt lat="49.334167" lon="7.836710">
        <ele>498.924822</ele>
        <time>2026-07-02T11:17:31.429Z</time>
      </trkpt>
      <trkpt lat="49.334283" lon="7.836260">
        <ele>500.175214</ele>
        <time>2026-07-02T11:17:47.728Z</time>
      </trkpt>
      <trkpt lat="49.334469" lon="7.835939">
        <ele>500.702987</ele>
        <time>2026-07-02T11:17:59.398Z</time>
      </trkpt>
      <trkpt lat="49.334547" lon="7.835515">
        <ele>500.699607</ele>
        <time>2026-07-02T11:18:08.406Z</time>
      </trkpt>
      <trkpt lat="49.334571" lon="7.834942">
        <ele>499.638959</ele>
        <time>2026-07-02T11:18:18.408Z</time>
      </trkpt>
      <trkpt lat="49.334399" lon="7.832583">
        <ele>491.161610</ele>
        <time>2026-07-02T11:18:54.964Z</time>
      </trkpt>
      <trkpt lat="49.334353" lon="7.832372">
        <ele>490.290395</ele>
        <time>2026-07-02T11:18:58.324Z</time>
      </trkpt>
      <trkpt lat="49.334198" lon="7.832078">
        <ele>488.711251</ele>
        <time>2026-07-02T11:19:04.008Z</time>
      </trkpt>
      <trkpt lat="49.333743" lon="7.831667">
        <ele>485.456642</ele>
        <time>2026-07-02T11:19:16.302Z</time>
      </trkpt>
      <trkpt lat="49.333517" lon="7.831310">
        <ele>483.717981</ele>
        <time>2026-07-02T11:19:24.026Z</time>
      </trkpt>
      <trkpt lat="49.333369" lon="7.830872">
        <ele>482.208982</ele>
        <time>2026-07-02T11:19:31.830Z</time>
      </trkpt>
      <trkpt lat="49.333173" lon="7.830648">
        <ele>481.320391</ele>
        <time>2026-07-02T11:19:37.850Z</time>
      </trkpt>
      <trkpt lat="49.334617" lon="7.827919">
        <ele>475.718306</ele>
        <time>2026-07-02T11:20:39.450Z</time>
      </trkpt>
      <trkpt lat="49.335061" lon="7.827303">
        <ele>474.470504</ele>
        <time>2026-07-02T11:20:55.824Z</time>
      </trkpt>
      <trkpt lat="49.335159" lon="7.827122">
        <ele>474.106105</ele>
        <time>2026-07-02T11:20:59.917Z</time>
      </trkpt>
      <trkpt lat="49.335195" lon="7.826742">
        <ele>473.490317</ele>
        <time>2026-07-02T11:21:06.585Z</time>
      </trkpt>
      <trkpt lat="49.335400" lon="7.826487">
        <ele>472.797037</ele>
        <time>2026-07-02T11:21:10.508Z</time>
      </trkpt>
      <trkpt lat="49.335466" lon="7.826411">
        <ele>472.573267</ele>
        <time>2026-07-02T11:21:11.728Z</time>
      </trkpt>
      <trkpt lat="49.335606" lon="7.826278">
        <ele>472.066642</ele>
        <time>2026-07-02T11:21:14.121Z</time>
      </trkpt>
      <trkpt lat="49.336195" lon="7.825921">
        <ele>469.909535</ele>
        <time>2026-07-02T11:21:23.121Z</time>
      </trkpt>
      <trkpt lat="49.336706" lon="7.825620">
        <ele>468.061589</ele>
        <time>2026-07-02T11:21:30.906Z</time>
      </trkpt>
      <trkpt lat="49.336915" lon="7.825496">
        <ele>467.199355</ele>
        <time>2026-07-02T11:21:34.034Z</time>
      </trkpt>
      <trkpt lat="49.336932" lon="7.825554">
        <ele>467.033251</ele>
        <time>2026-07-02T11:21:34.610Z</time>
      </trkpt>
      <trkpt lat="49.337065" lon="7.825719">
        <ele>466.419006</ele>
        <time>2026-07-02T11:21:37.011Z</time>
      </trkpt>
      <trkpt lat="49.337034" lon="7.825795">
        <ele>466.216095</ele>
        <time>2026-07-02T11:21:37.847Z</time>
      </trkpt>
      <trkpt lat="49.337130" lon="7.826160">
        <ele>465.427769</ele>
        <time>2026-07-02T11:21:41.595Z</time>
      </trkpt>
      <trkpt lat="49.337131" lon="7.826163">
        <ele>465.421611</ele>
        <time>2026-07-02T11:21:41.625Z</time>
      </trkpt>
      <trkpt lat="49.337255" lon="7.826085">
        <ele>465.125705</ele>
        <time>2026-07-02T11:21:43.635Z</time>
      </trkpt>
      <trkpt lat="49.337275" lon="7.826156">
        <ele>465.014415</ele>
        <time>2026-07-02T11:21:44.399Z</time>
      </trkpt>
      <trkpt lat="49.337395" lon="7.826609">
        <ele>464.438934</ele>
        <time>2026-07-02T11:21:49.376Z</time>
      </trkpt>
      <trkpt lat="49.337440" lon="7.826679">
        <ele>464.361600</ele>
        <time>2026-07-02T11:21:50.421Z</time>
      </trkpt>
      <trkpt lat="49.337575" lon="7.826665">
        <ele>464.230630</ele>
        <time>2026-07-02T11:21:52.704Z</time>
      </trkpt>
      <trkpt lat="49.338222" lon="7.826385">
        <ele>464.251171</ele>
        <time>2026-07-02T11:22:05.987Z</time>
      </trkpt>
      <trkpt lat="49.338371" lon="7.826320">
        <ele>464.427304</ele>
        <time>2026-07-02T11:22:09.970Z</time>
      </trkpt>
      <trkpt lat="49.338546" lon="7.825636">
        <ele>465.210019</ele>
        <time>2026-07-02T11:22:24.406Z</time>
      </trkpt>
      <trkpt lat="49.338842" lon="7.824475">
        <ele>466.787749</ele>
        <time>2026-07-02T11:22:49.686Z</time>
      </trkpt>
      <trkpt lat="49.339013" lon="7.824517">
        <ele>467.125087</ele>
        <time>2026-07-02T11:22:54.778Z</time>
      </trkpt>
      <trkpt lat="49.339265" lon="7.824368">
        <ele>467.737547</ele>
        <time>2026-07-02T11:23:06.220Z</time>
      </trkpt>
      <trkpt lat="49.339426" lon="7.824274">
        <ele>468.183335</ele>
        <time>2026-07-02T11:23:13.980Z</time>
      </trkpt>
      <trkpt lat="49.340676" lon="7.823614">
        <ele>471.590484</ele>
        <time>2026-07-02T11:24:13.615Z</time>
      </trkpt>
      <trkpt lat="49.340908" lon="7.823559">
        <ele>471.716724</ele>
        <time>2026-07-02T11:24:21.212Z</time>
      </trkpt>
      <trkpt lat="49.341497" lon="7.823780">
        <ele>471.899752</ele>
        <time>2026-07-02T11:24:41.393Z</time>
      </trkpt>
      <trkpt lat="49.341804" lon="7.823843">
        <ele>472.244795</ele>
        <time>2026-07-02T11:24:51.870Z</time>
      </trkpt>
      <trkpt lat="49.343274" lon="7.824751">
        <ele>478.505683</ele>
        <time>2026-07-02T11:26:14.248Z</time>
      </trkpt>
      <trkpt lat="49.343871" lon="7.824994">
        <ele>481.863096</ele>
        <time>2026-07-02T11:26:51.245Z</time>
      </trkpt>
      <trkpt lat="49.344513" lon="7.825096">
        <ele>484.886105</ele>
        <time>2026-07-02T11:27:26.881Z</time>
      </trkpt>
      <trkpt lat="49.344820" lon="7.825054">
        <ele>486.152762</ele>
        <time>2026-07-02T11:27:42.898Z</time>
      </trkpt>
      <trkpt lat="49.344998" lon="7.825017">
        <ele>486.777144</ele>
        <time>2026-07-02T11:27:51.753Z</time>
      </trkpt>
      <trkpt lat="49.345160" lon="7.824937">
        <ele>487.242497</ele>
        <time>2026-07-02T11:27:59.467Z</time>
      </trkpt>
      <trkpt lat="49.345477" lon="7.824770">
        <ele>487.710271</ele>
        <time>2026-07-02T11:28:13.018Z</time>
      </trkpt>
      <trkpt lat="49.345915" lon="7.824340">
        <ele>487.826506</ele>
        <time>2026-07-02T11:28:30.069Z</time>
      </trkpt>
      <trkpt lat="49.346238" lon="7.824358">
        <ele>487.415740</ele>
        <time>2026-07-02T11:28:39.205Z</time>
      </trkpt>
      <trkpt lat="49.346552" lon="7.824430">
        <ele>486.301711</ele>
        <time>2026-07-02T11:28:47.352Z</time>
      </trkpt>
      <trkpt lat="49.347088" lon="7.824391">
        <ele>483.533036</ele>
        <time>2026-07-02T11:29:00.138Z</time>
      </trkpt>
      <trkpt lat="49.347430" lon="7.824196">
        <ele>480.977480</ele>
        <time>2026-07-02T11:29:08.447Z</time>
      </trkpt>
      <trkpt lat="49.347858" lon="7.824051">
        <ele>477.756364</ele>
        <time>2026-07-02T11:29:18.319Z</time>
      </trkpt>
      <trkpt lat="49.349317" lon="7.824223">
        <ele>467.571545</ele>
        <time>2026-07-02T11:29:51.681Z</time>
      </trkpt>
      <trkpt lat="49.349808" lon="7.824710">
        <ele>464.976455</ele>
        <time>2026-07-02T11:30:06.036Z</time>
      </trkpt>
      <trkpt lat="49.350034" lon="7.824771">
        <ele>464.185431</ele>
        <time>2026-07-02T11:30:11.906Z</time>
      </trkpt>
      <trkpt lat="49.350148" lon="7.824749">
        <ele>463.842524</ele>
        <time>2026-07-02T11:30:14.916Z</time>
      </trkpt>
      <trkpt lat="49.350247" lon="7.824662">
        <ele>463.563612</ele>
        <time>2026-07-02T11:30:17.960Z</time>
      </trkpt>
      <trkpt lat="49.350797" lon="7.823974">
        <ele>462.329784</ele>
        <time>2026-07-02T11:30:37.690Z</time>
      </trkpt>
      <trkpt lat="49.351055" lon="7.823524">
        <ele>461.919136</ele>
        <time>2026-07-02T11:30:49.029Z</time>
      </trkpt>
      <trkpt lat="49.351136" lon="7.823475">
        <ele>461.843971</ele>
        <time>2026-07-02T11:30:51.626Z</time>
      </trkpt>
      <trkpt lat="49.351219" lon="7.823502">
        <ele>461.897376</ele>
        <time>2026-07-02T11:30:54.235Z</time>
      </trkpt>
      <trkpt lat="49.352872" lon="7.825654">
        <ele>464.205232</ele>
        <time>2026-07-02T11:32:15.136Z</time>
      </trkpt>
      <trkpt lat="49.352982" lon="7.825829">
        <ele>464.363609</ele>
        <time>2026-07-02T11:32:21.036Z</time>
      </trkpt>
      <trkpt lat="49.353093" lon="7.826044">
        <ele>464.471063</ele>
        <time>2026-07-02T11:32:27.605Z</time>
      </trkpt>
      <trkpt lat="49.353245" lon="7.826786">
        <ele>464.532644</ele>
        <time>2026-07-02T11:32:44.266Z</time>
      </trkpt>
      <trkpt lat="49.353357" lon="7.827159">
        <ele>464.266128</ele>
        <time>2026-07-02T11:32:52.016Z</time>
      </trkpt>
      <trkpt lat="49.353550" lon="7.827515">
        <ele>463.680356</ele>
        <time>2026-07-02T11:33:00.279Z</time>
      </trkpt>
      <trkpt lat="49.353761" lon="7.827714">
        <ele>463.101640</ele>
        <time>2026-07-02T11:33:06.962Z</time>
      </trkpt>
      <trkpt lat="49.353915" lon="7.827818">
        <ele>462.695392</ele>
        <time>2026-07-02T11:33:11.439Z</time>
      </trkpt>
      <trkpt lat="49.354076" lon="7.827805">
        <ele>462.286346</ele>
        <time>2026-07-02T11:33:15.705Z</time>
      </trkpt>
      <trkpt lat="49.354239" lon="7.827685">
        <ele>461.817295</ele>
        <time>2026-07-02T11:33:20.452Z</time>
      </trkpt>
      <trkpt lat="49.354377" lon="7.827451">
        <ele>461.369052</ele>
        <time>2026-07-02T11:33:25.919Z</time>
      </trkpt>
      <trkpt lat="49.354834" lon="7.826239">
        <ele>460.354420</ele>
        <time>2026-07-02T11:33:52.215Z</time>
      </trkpt>
      <trkpt lat="49.355554" lon="7.824282">
        <ele>462.461424</ele>
        <time>2026-07-02T11:34:50.403Z</time>
      </trkpt>
      <trkpt lat="49.355670" lon="7.824006">
        <ele>462.585421</ele>
        <time>2026-07-02T11:34:57.705Z</time>
      </trkpt>
      <trkpt lat="49.355838" lon="7.823768">
        <ele>462.570670</ele>
        <time>2026-07-02T11:35:04.865Z</time>
      </trkpt>
      <trkpt lat="49.355941" lon="7.823689">
        <ele>462.461020</ele>
        <time>2026-07-02T11:35:08.358Z</time>
      </trkpt>
      <trkpt lat="49.356095" lon="7.823630">
        <ele>462.236336</ele>
        <time>2026-07-02T11:35:12.904Z</time>
      </trkpt>
      <trkpt lat="49.356297" lon="7.823637">
        <ele>461.730501</ele>
        <time>2026-07-02T11:35:18.250Z</time>
      </trkpt>
      <trkpt lat="49.356823" lon="7.823864">
        <ele>459.613408</ele>
        <time>2026-07-02T11:35:31.927Z</time>
      </trkpt>
      <trkpt lat="49.357024" lon="7.823965">
        <ele>458.829638</ele>
        <time>2026-07-02T11:35:37.212Z</time>
      </trkpt>
      <trkpt lat="49.357414" lon="7.824243">
        <ele>457.582229</ele>
        <time>2026-07-02T11:35:48.315Z</time>
      </trkpt>
      <trkpt lat="49.358038" lon="7.824797">
        <ele>456.637297</ele>
        <time>2026-07-02T11:36:09.205Z</time>
      </trkpt>
      <trkpt lat="49.358275" lon="7.824903">
        <ele>456.539029</ele>
        <time>2026-07-02T11:36:16.760Z</time>
      </trkpt>
      <trkpt lat="49.358522" lon="7.824937">
        <ele>456.584492</ele>
        <time>2026-07-02T11:36:24.952Z</time>
      </trkpt>
      <trkpt lat="49.358906" lon="7.824850">
        <ele>456.600003</ele>
        <time>2026-07-02T11:36:37.276Z</time>
      </trkpt>
      <trkpt lat="49.358895" lon="7.823276">
        <ele>456.619804</ele>
        <time>2026-07-02T11:37:09.995Z</time>
      </trkpt>
      <trkpt lat="49.359662" lon="7.821183">
        <ele>457.203286</ele>
        <time>2026-07-02T11:38:03.205Z</time>
      </trkpt>
      <trkpt lat="49.360079" lon="7.820498">
        <ele>455.861200</ele>
        <time>2026-07-02T11:38:19.855Z</time>
      </trkpt>
      <trkpt lat="49.360634" lon="7.819369">
        <ele>451.080161</ele>
        <time>2026-07-02T11:38:41.786Z</time>
      </trkpt>
      <trkpt lat="49.360786" lon="7.818538">
        <ele>447.870263</ele>
        <time>2026-07-02T11:38:54.954Z</time>
      </trkpt>
      <trkpt lat="49.361131" lon="7.817964">
        <ele>445.337508</ele>
        <time>2026-07-02T11:39:07.294Z</time>
      </trkpt>
      <trkpt lat="49.361227" lon="7.817550">
        <ele>444.096302</ele>
        <time>2026-07-02T11:39:14.353Z</time>
      </trkpt>
      <trkpt lat="49.361307" lon="7.817375">
        <ele>443.516814</ele>
        <time>2026-07-02T11:39:17.773Z</time>
      </trkpt>
      <trkpt lat="49.361376" lon="7.817128">
        <ele>442.822661</ele>
        <time>2026-07-02T11:39:22.125Z</time>
      </trkpt>
      <trkpt lat="49.361559" lon="7.816802">
        <ele>441.818196</ele>
        <time>2026-07-02T11:39:29.268Z</time>
      </trkpt>
      <trkpt lat="49.361691" lon="7.816539">
        <ele>441.146831</ele>
        <time>2026-07-02T11:39:34.857Z</time>
      </trkpt>
      <trkpt lat="49.361853" lon="7.816338">
        <ele>440.604417</ele>
        <time>2026-07-02T11:39:40.368Z</time>
      </trkpt>
      <trkpt lat="49.361973" lon="7.815987">
        <ele>440.100561</ele>
        <time>2026-07-02T11:39:47.360Z</time>
      </trkpt>
      <trkpt lat="49.362291" lon="7.814737">
        <ele>439.726901</ele>
        <time>2026-07-02T11:40:14.126Z</time>
      </trkpt>
      <trkpt lat="49.362413" lon="7.814354">
        <ele>440.121535</ele>
        <time>2026-07-02T11:40:25.365Z</time>
      </trkpt>
      <trkpt lat="49.362630" lon="7.813922">
        <ele>440.919851</ele>
        <time>2026-07-02T11:40:40.834Z</time>
      </trkpt>
      <trkpt lat="49.362653" lon="7.813691">
        <ele>441.301230</ele>
        <time>2026-07-02T11:40:47.603Z</time>
      </trkpt>
      <trkpt lat="49.362800" lon="7.813513">
        <ele>441.808983</ele>
        <time>2026-07-02T11:40:56.067Z</time>
      </trkpt>
      <trkpt lat="49.363006" lon="7.813467">
        <ele>442.357321</ele>
        <time>2026-07-02T11:41:05.399Z</time>
      </trkpt>
      <trkpt lat="49.363148" lon="7.813379">
        <ele>442.646494</ele>
        <time>2026-07-02T11:41:12.089Z</time>
      </trkpt>
      <trkpt lat="49.363656" lon="7.812899">
        <ele>443.468836</ele>
        <time>2026-07-02T11:41:34.942Z</time>
      </trkpt>
      <trkpt lat="49.364001" lon="7.812530">
        <ele>443.699115</ele>
        <time>2026-07-02T11:41:49.232Z</time>
      </trkpt>
      <trkpt lat="49.364135" lon="7.812255">
        <ele>443.814448</ele>
        <time>2026-07-02T11:41:56.947Z</time>
      </trkpt>
      <trkpt lat="49.364274" lon="7.811794">
        <ele>444.123260</ele>
        <time>2026-07-02T11:42:08.802Z</time>
      </trkpt>
      <trkpt lat="49.364236" lon="7.811725">
        <ele>444.191028</ele>
        <time>2026-07-02T11:42:10.886Z</time>
      </trkpt>
      <trkpt lat="49.366859" lon="7.809912">
        <ele>450.691351</ele>
        <time>2026-07-02T11:44:15.518Z</time>
      </trkpt>
      <trkpt lat="49.367094" lon="7.809768">
        <ele>450.817883</ele>
        <time>2026-07-02T11:44:24.077Z</time>
      </trkpt>
      <trkpt lat="49.368159" lon="7.809055">
        <ele>449.539180</ele>
        <time>2026-07-02T11:44:57.834Z</time>
      </trkpt>
      <trkpt lat="49.368255" lon="7.808942">
        <ele>449.310173</ele>
        <time>2026-07-02T11:45:01.074Z</time>
      </trkpt>
      <trkpt lat="49.368396" lon="7.808651">
        <ele>448.786486</ele>
        <time>2026-07-02T11:45:07.399Z</time>
      </trkpt>
      <trkpt lat="49.368511" lon="7.808626">
        <ele>448.522942</ele>
        <time>2026-07-02T11:45:09.389Z</time>
      </trkpt>
      <trkpt lat="49.369512" lon="7.807236">
        <ele>446.042075</ele>
        <time>2026-07-02T11:45:33.363Z</time>
      </trkpt>
      <trkpt lat="49.369827" lon="7.806828">
        <ele>445.735831</ele>
        <time>2026-07-02T11:45:41.454Z</time>
      </trkpt>
      <trkpt lat="49.370093" lon="7.806537">
        <ele>445.704756</ele>
        <time>2026-07-02T11:45:48.370Z</time>
      </trkpt>
      <trkpt lat="49.370941" lon="7.805652">
        <ele>445.752157</ele>
        <time>2026-07-02T11:46:10.656Z</time>
      </trkpt>
      <trkpt lat="49.371207" lon="7.805334">
        <ele>445.432346</ele>
        <time>2026-07-02T11:46:17.299Z</time>
      </trkpt>
      <trkpt lat="49.373359" lon="7.802458">
        <ele>439.776499</ele>
        <time>2026-07-02T11:47:07.136Z</time>
      </trkpt>
      <trkpt lat="49.374665" lon="7.800662">
        <ele>439.995700</ele>
        <time>2026-07-02T11:47:46.417Z</time>
      </trkpt>
      <trkpt lat="49.375532" lon="7.799407">
        <ele>440.050569</ele>
        <time>2026-07-02T11:48:12.314Z</time>
      </trkpt>
      <trkpt lat="49.376112" lon="7.798808">
        <ele>438.950733</ele>
        <time>2026-07-02T11:48:24.916Z</time>
      </trkpt>
      <trkpt lat="49.375988" lon="7.798616">
        <ele>438.491073</ele>
        <time>2026-07-02T11:48:27.893Z</time>
      </trkpt>
      <trkpt lat="49.375812" lon="7.798459">
        <ele>437.846624</ele>
        <time>2026-07-02T11:48:31.266Z</time>
      </trkpt>
      <trkpt lat="49.375026" lon="7.798137">
        <ele>434.383597</ele>
        <time>2026-07-02T11:48:43.954Z</time>
      </trkpt>
      <trkpt lat="49.374664" lon="7.797828">
        <ele>431.867569</ele>
        <time>2026-07-02T11:48:50.005Z</time>
      </trkpt>
      <trkpt lat="49.374390" lon="7.797691">
        <ele>429.861954</ele>
        <time>2026-07-02T11:48:54.138Z</time>
      </trkpt>
      <trkpt lat="49.373999" lon="7.797623">
        <ele>426.881728</ele>
        <time>2026-07-02T11:48:59.692Z</time>
      </trkpt>
      <trkpt lat="49.373562" lon="7.797676">
        <ele>423.480247</ele>
        <time>2026-07-02T11:49:05.832Z</time>
      </trkpt>
      <trkpt lat="49.372838" lon="7.798201">
        <ele>418.256321</ele>
        <time>2026-07-02T11:49:17.432Z</time>
      </trkpt>
      <trkpt lat="49.372582" lon="7.799158">
        <ele>416.252776</ele>
        <time>2026-07-02T11:49:28.598Z</time>
      </trkpt>
      <trkpt lat="49.372276" lon="7.799803">
        <ele>416.385667</ele>
        <time>2026-07-02T11:49:40.791Z</time>
      </trkpt>
      <trkpt lat="49.372051" lon="7.800471">
        <ele>416.458744</ele>
        <time>2026-07-02T11:49:52.069Z</time>
      </trkpt>
      <trkpt lat="49.371780" lon="7.800751">
        <ele>416.250556</ele>
        <time>2026-07-02T11:49:58.411Z</time>
      </trkpt>
      <trkpt lat="49.371716" lon="7.800729">
        <ele>416.181817</ele>
        <time>2026-07-02T11:49:59.621Z</time>
      </trkpt>
      <trkpt lat="49.371572" lon="7.800493">
        <ele>415.804558</ele>
        <time>2026-07-02T11:50:03.406Z</time>
      </trkpt>
      <trkpt lat="49.371726" lon="7.800372">
        <ele>415.429948</ele>
        <time>2026-07-02T11:50:06.062Z</time>
      </trkpt>
      <trkpt lat="49.371819" lon="7.800251">
        <ele>415.116698</ele>
        <time>2026-07-02T11:50:07.870Z</time>
      </trkpt>
      <trkpt lat="49.371955" lon="7.799988">
        <ele>414.434081</ele>
        <time>2026-07-02T11:50:11.046Z</time>
      </trkpt>
      <trkpt lat="49.371998" lon="7.799853">
        <ele>414.071843</ele>
        <time>2026-07-02T11:50:12.434Z</time>
      </trkpt>
      <trkpt lat="49.372073" lon="7.799421">
        <ele>412.906558</ele>
        <time>2026-07-02T11:50:16.414Z</time>
      </trkpt>
      <trkpt lat="49.372256" lon="7.797467">
        <ele>407.951993</ele>
        <time>2026-07-02T11:50:34.320Z</time>
      </trkpt>
      <trkpt lat="49.372392" lon="7.796968">
        <ele>406.890109</ele>
        <time>2026-07-02T11:50:39.457Z</time>
      </trkpt>
      <trkpt lat="49.372541" lon="7.796575">
        <ele>405.966307</ele>
        <time>2026-07-02T11:50:43.758Z</time>
      </trkpt>
      <trkpt lat="49.372924" lon="7.795705">
        <ele>403.414686</ele>
        <time>2026-07-02T11:50:53.408Z</time>
      </trkpt>
      <trkpt lat="49.373378" lon="7.794880">
        <ele>399.722724</ele>
        <time>2026-07-02T11:51:02.690Z</time>
      </trkpt>
      <trkpt lat="49.373424" lon="7.794939">
        <ele>399.373558</ele>
        <time>2026-07-02T11:51:04.057Z</time>
      </trkpt>
      <trkpt lat="49.373441" lon="7.794959">
        <ele>399.232482</ele>
        <time>2026-07-02T11:51:06.743Z</time>
      </trkpt>
      <trkpt lat="49.373554" lon="7.794936">
        <ele>398.481547</ele>
        <time>2026-07-02T11:51:09.376Z</time>
      </trkpt>
      <trkpt lat="49.373947" lon="7.794681">
        <ele>395.567705</ele>
        <time>2026-07-02T11:51:19.118Z</time>
      </trkpt>
      <trkpt lat="49.374134" lon="7.794512">
        <ele>394.043247</ele>
        <time>2026-07-02T11:51:24.052Z</time>
      </trkpt>
      <trkpt lat="49.374276" lon="7.794338">
        <ele>392.815460</ele>
        <time>2026-07-02T11:51:28.209Z</time>
      </trkpt>
      <trkpt lat="49.374369" lon="7.794183">
        <ele>391.939055</ele>
        <time>2026-07-02T11:51:31.347Z</time>
      </trkpt>
      <trkpt lat="49.374655" lon="7.793561">
        <ele>389.271054</ele>
        <time>2026-07-02T11:51:43.118Z</time>
      </trkpt>
      <trkpt lat="49.375007" lon="7.792936">
        <ele>387.362027</ele>
        <time>2026-07-02T11:51:56.702Z</time>
      </trkpt>
      <trkpt lat="49.375453" lon="7.791840">
        <ele>386.544918</ele>
        <time>2026-07-02T11:52:21.615Z</time>
      </trkpt>
      <trkpt lat="49.375576" lon="7.791650">
        <ele>386.524841</ele>
        <time>2026-07-02T11:52:27.552Z</time>
      </trkpt>
      <trkpt lat="49.376193" lon="7.790950">
        <ele>387.162565</ele>
        <time>2026-07-02T11:52:54.764Z</time>
      </trkpt>
      <trkpt lat="49.376791" lon="7.790146">
        <ele>388.324656</ele>
        <time>2026-07-02T11:53:25.743Z</time>
      </trkpt>
      <trkpt lat="49.377478" lon="7.789486">
        <ele>390.324744</ele>
        <time>2026-07-02T11:54:01.299Z</time>
      </trkpt>
      <trkpt lat="49.377850" lon="7.789305">
        <ele>392.062104</ele>
        <time>2026-07-02T11:54:22.608Z</time>
      </trkpt>
      <trkpt lat="49.378314" lon="7.789290">
        <ele>394.710080</ele>
        <time>2026-07-02T11:54:50.972Z</time>
      </trkpt>
      <trkpt lat="49.378427" lon="7.789319">
        <ele>395.389305</ele>
        <time>2026-07-02T11:54:58.279Z</time>
      </trkpt>
      <trkpt lat="49.378902" lon="7.789652">
        <ele>398.277988</ele>
        <time>2026-07-02T11:55:29.682Z</time>
      </trkpt>
      <trkpt lat="49.379009" lon="7.789780">
        <ele>398.771493</ele>
        <time>2026-07-02T11:55:36.327Z</time>
      </trkpt>
      <trkpt lat="49.379239" lon="7.790174">
        <ele>399.202630</ele>
        <time>2026-07-02T11:55:49.508Z</time>
      </trkpt>
      <trkpt lat="49.379298" lon="7.790208">
        <ele>399.201012</ele>
        <time>2026-07-02T11:55:51.417Z</time>
      </trkpt>
      <trkpt lat="49.379401" lon="7.790195">
        <ele>399.149267</ele>
        <time>2026-07-02T11:55:54.403Z</time>
      </trkpt>
      <trkpt lat="49.379480" lon="7.790105">
        <ele>398.919655</ele>
        <time>2026-07-02T11:55:57.153Z</time>
      </trkpt>
      <trkpt lat="49.379590" lon="7.789746">
        <ele>398.124984</ele>
        <time>2026-07-02T11:56:03.867Z</time>
      </trkpt>
      <trkpt lat="49.379866" lon="7.788791">
        <ele>395.056010</ele>
        <time>2026-07-02T11:56:20.444Z</time>
      </trkpt>
      <trkpt lat="49.380091" lon="7.788344">
        <ele>393.219789</ele>
        <time>2026-07-02T11:56:29.214Z</time>
      </trkpt>
      <trkpt lat="49.380510" lon="7.787730">
        <ele>391.063301</ele>
        <time>2026-07-02T11:56:43.944Z</time>
      </trkpt>
      <trkpt lat="49.380991" lon="7.787316">
        <ele>389.951087</ele>
        <time>2026-07-02T11:56:59.079Z</time>
      </trkpt>
      <trkpt lat="49.381164" lon="7.786884">
        <ele>389.007977</ele>
        <time>2026-07-02T11:57:07.827Z</time>
      </trkpt>
      <trkpt lat="49.381405" lon="7.786032">
        <ele>385.992906</ele>
        <time>2026-07-02T11:57:22.373Z</time>
      </trkpt>
      <trkpt lat="49.381483" lon="7.785509">
        <ele>383.697086</ele>
        <time>2026-07-02T11:57:30.375Z</time>
      </trkpt>
      <trkpt lat="49.381528" lon="7.784739">
        <ele>380.238299</ele>
        <time>2026-07-02T11:57:41.845Z</time>
      </trkpt>
      <trkpt lat="49.381521" lon="7.784420">
        <ele>378.947943</ele>
        <time>2026-07-02T11:57:46.695Z</time>
      </trkpt>
      <trkpt lat="49.381564" lon="7.784015">
        <ele>377.523970</ele>
        <time>2026-07-02T11:57:53.038Z</time>
      </trkpt>
      <trkpt lat="49.381632" lon="7.783749">
        <ele>376.628243</ele>
        <time>2026-07-02T11:57:57.539Z</time>
      </trkpt>
      <trkpt lat="49.381764" lon="7.783451">
        <ele>375.632697</ele>
        <time>2026-07-02T11:58:03.347Z</time>
      </trkpt>
      <trkpt lat="49.381895" lon="7.783252">
        <ele>374.979001</ele>
        <time>2026-07-02T11:58:08.013Z</time>
      </trkpt>
      <trkpt lat="49.382478" lon="7.782679">
        <ele>373.660156</ele>
        <time>2026-07-02T11:58:27.031Z</time>
      </trkpt>
      <trkpt lat="49.382757" lon="7.782272">
        <ele>373.418327</ele>
        <time>2026-07-02T11:58:38.908Z</time>
      </trkpt>
      <trkpt lat="49.383190" lon="7.781907">
        <ele>373.357319</ele>
        <time>2026-07-02T11:58:54.536Z</time>
      </trkpt>
      <trkpt lat="49.383442" lon="7.781778">
        <ele>373.032196</ele>
        <time>2026-07-02T11:59:02.177Z</time>
      </trkpt>
      <trkpt lat="49.383582" lon="7.781743">
        <ele>372.736088</ele>
        <time>2026-07-02T11:59:06.023Z</time>
      </trkpt>
      <trkpt lat="49.384053" lon="7.781695">
        <ele>370.962613</ele>
        <time>2026-07-02T11:59:17.937Z</time>
      </trkpt>
      <trkpt lat="49.384248" lon="7.781645">
        <ele>369.996818</ele>
        <time>2026-07-02T11:59:22.666Z</time>
      </trkpt>
      <trkpt lat="49.384800" lon="7.780687">
        <ele>365.974248</ele>
        <time>2026-07-02T11:59:42.759Z</time>
      </trkpt>
      <trkpt lat="49.384958" lon="7.780458">
        <ele>365.640076</ele>
        <time>2026-07-02T11:59:48.702Z</time>
      </trkpt>
      <trkpt lat="49.385370" lon="7.780059">
        <ele>366.817617</ele>
        <time>2026-07-02T12:00:09.906Z</time>
      </trkpt>
      <trkpt lat="49.385829" lon="7.779751">
        <ele>370.119465</ele>
        <time>2026-07-02T12:00:43.365Z</time>
      </trkpt>
      <trkpt lat="49.386038" lon="7.779719">
        <ele>371.648176</ele>
        <time>2026-07-02T12:00:58.408Z</time>
      </trkpt>
      <trkpt lat="49.386412" lon="7.779726">
        <ele>373.882325</ele>
        <time>2026-07-02T12:01:21.514Z</time>
      </trkpt>
      <trkpt lat="49.386564" lon="7.779613">
        <ele>374.547367</ele>
        <time>2026-07-02T12:01:30.417Z</time>
      </trkpt>
      <trkpt lat="49.386656" lon="7.779110">
        <ele>375.044097</ele>
        <time>2026-07-02T12:01:43.610Z</time>
      </trkpt>
      <trkpt lat="49.386671" lon="7.778939">
        <ele>374.918970</ele>
        <time>2026-07-02T12:01:46.976Z</time>
      </trkpt>
      <trkpt lat="49.386646" lon="7.778815">
        <ele>374.736938</ele>
        <time>2026-07-02T12:01:49.250Z</time>
      </trkpt>
      <trkpt lat="49.386551" lon="7.778428">
        <ele>373.603153</ele>
        <time>2026-07-02T12:01:55.865Z</time>
      </trkpt>
      <trkpt lat="49.386502" lon="7.778090">
        <ele>371.989879</ele>
        <time>2026-07-02T12:02:00.972Z</time>
      </trkpt>
      <trkpt lat="49.386444" lon="7.776529">
        <ele>361.984291</ele>
        <time>2026-07-02T12:02:22.842Z</time>
      </trkpt>
      <trkpt lat="49.386427" lon="7.775879">
        <ele>358.492001</ele>
        <time>2026-07-02T12:02:32.192Z</time>
      </trkpt>
      <trkpt lat="49.386576" lon="7.774389">
        <ele>352.882040</ele>
        <time>2026-07-02T12:02:55.250Z</time>
      </trkpt>
      <trkpt lat="49.386723" lon="7.773206">
        <ele>351.004603</ele>
        <time>2026-07-02T12:03:16.592Z</time>
      </trkpt>
      <trkpt lat="49.386936" lon="7.772535">
        <ele>349.908079</ele>
        <time>2026-07-02T12:03:29.886Z</time>
      </trkpt>
      <trkpt lat="49.387002" lon="7.772425">
        <ele>349.590622</ele>
        <time>2026-07-02T12:03:32.393Z</time>
      </trkpt>
      <trkpt lat="49.387479" lon="7.771980">
        <ele>346.828411</ele>
        <time>2026-07-02T12:03:45.809Z</time>
      </trkpt>
      <trkpt lat="49.387602" lon="7.771709">
        <ele>345.464746</ele>
        <time>2026-07-02T12:03:50.766Z</time>
      </trkpt>
      <trkpt lat="49.387622" lon="7.771539">
        <ele>344.659594</ele>
        <time>2026-07-02T12:03:53.324Z</time>
      </trkpt>
      <trkpt lat="49.387528" lon="7.770655">
        <ele>340.214470</ele>
        <time>2026-07-02T12:04:06.389Z</time>
      </trkpt>
      <trkpt lat="49.387754" lon="7.769368">
        <ele>333.752910</ele>
        <time>2026-07-02T12:04:25.904Z</time>
      </trkpt>
      <trkpt lat="49.387928" lon="7.768646">
        <ele>330.624096</ele>
        <time>2026-07-02T12:04:37.605Z</time>
      </trkpt>
      <trkpt lat="49.388259" lon="7.767848">
        <ele>326.998541</ele>
        <time>2026-07-02T12:04:52.021Z</time>
      </trkpt>
      <trkpt lat="49.389150" lon="7.765840">
        <ele>317.799893</ele>
        <time>2026-07-02T12:05:29.156Z</time>
      </trkpt>
      <trkpt lat="49.389138" lon="7.765709">
        <ele>317.460341</ele>
        <time>2026-07-02T12:05:31.266Z</time>
      </trkpt>
      <trkpt lat="49.389566" lon="7.764948">
        <ele>315.199335</ele>
        <time>2026-07-02T12:05:48.049Z</time>
      </trkpt>
      <trkpt lat="49.389910" lon="7.764445">
        <ele>313.601067</ele>
        <time>2026-07-02T12:06:00.281Z</time>
      </trkpt>
      <trkpt lat="49.390143" lon="7.764027">
        <ele>312.334008</ele>
        <time>2026-07-02T12:06:09.378Z</time>
      </trkpt>
      <trkpt lat="49.390310" lon="7.763851">
        <ele>311.389758</ele>
        <time>2026-07-02T12:06:14.332Z</time>
      </trkpt>
      <trkpt lat="49.390544" lon="7.763507">
        <ele>309.681638</ele>
        <time>2026-07-02T12:06:22.072Z</time>
      </trkpt>
      <trkpt lat="49.390785" lon="7.762910">
        <ele>307.188742</ele>
        <time>2026-07-02T12:06:32.914Z</time>
      </trkpt>
      <trkpt lat="49.390925" lon="7.762565">
        <ele>305.718541</ele>
        <time>2026-07-02T12:06:39.143Z</time>
      </trkpt>
      <trkpt lat="49.390954" lon="7.762338">
        <ele>304.950486</ele>
        <time>2026-07-02T12:06:42.709Z</time>
      </trkpt>
      <trkpt lat="49.391313" lon="7.761807">
        <ele>302.659448</ele>
        <time>2026-07-02T12:06:49.462Z</time>
      </trkpt>
      <trkpt lat="49.391558" lon="7.761445">
        <ele>301.440237</ele>
        <time>2026-07-02T12:06:54.283Z</time>
      </trkpt>
      <trkpt lat="49.391778" lon="7.761279">
        <ele>300.817951</ele>
        <time>2026-07-02T12:06:57.886Z</time>
      </trkpt>
      <trkpt lat="49.391908" lon="7.761234">
        <ele>300.539630</ele>
        <time>2026-07-02T12:06:59.944Z</time>
      </trkpt>
      <trkpt lat="49.392260" lon="7.761196">
        <ele>300.194982</ele>
        <time>2026-07-02T12:07:05.756Z</time>
      </trkpt>
      <trkpt lat="49.392149" lon="7.760148">
        <ele>301.160387</ele>
        <time>2026-07-02T12:07:32.470Z</time>
      </trkpt>
      <trkpt lat="49.392145" lon="7.759723">
        <ele>302.263573</ele>
        <time>2026-07-02T12:07:47.204Z</time>
      </trkpt>
      <trkpt lat="49.392172" lon="7.759608">
        <ele>302.649016</ele>
        <time>2026-07-02T12:07:51.819Z</time>
      </trkpt>
      <trkpt lat="49.392447" lon="7.759054">
        <ele>305.624081</ele>
        <time>2026-07-02T12:08:21.480Z</time>
      </trkpt>
      <trkpt lat="49.392533" lon="7.758820">
        <ele>306.875397</ele>
        <time>2026-07-02T12:08:33.381Z</time>
      </trkpt>
      <trkpt lat="49.392571" lon="7.758600">
        <ele>307.832722</ele>
        <time>2026-07-02T12:08:43.263Z</time>
      </trkpt>
      <trkpt lat="49.392593" lon="7.757780">
        <ele>311.009508</ele>
        <time>2026-07-02T12:09:16.131Z</time>
      </trkpt>
      <trkpt lat="49.392631" lon="7.757417">
        <ele>311.935468</ele>
        <time>2026-07-02T12:09:28.087Z</time>
      </trkpt>
      <trkpt lat="49.392775" lon="7.757474">
        <ele>312.119019</ele>
        <time>2026-07-02T12:09:32.702Z</time>
      </trkpt>
      <trkpt lat="49.393243" lon="7.757753">
        <ele>311.662591</ele>
        <time>2026-07-02T12:09:41.707Z</time>
      </trkpt>
      <trkpt lat="49.393327" lon="7.757892">
        <ele>311.166152</ele>
        <time>2026-07-02T12:09:43.518Z</time>
      </trkpt>
      <trkpt lat="49.393533" lon="7.758455">
        <ele>308.677334</ele>
        <time>2026-07-02T12:09:49.279Z</time>
      </trkpt>
      <trkpt lat="49.393709" lon="7.758628">
        <ele>307.312443</ele>
        <time>2026-07-02T12:09:52.113Z</time>
      </trkpt>
      <trkpt lat="49.394023" lon="7.758844">
        <ele>305.148165</ele>
        <time>2026-07-02T12:09:56.789Z</time>
      </trkpt>
      <trkpt lat="49.394497" lon="7.759147">
        <ele>302.386547</ele>
        <time>2026-07-02T12:10:03.967Z</time>
      </trkpt>
      <trkpt lat="49.395630" lon="7.759135">
        <ele>299.372193</ele>
        <time>2026-07-02T12:10:21.835Z</time>
      </trkpt>
      <trkpt lat="49.395714" lon="7.759131">
        <ele>299.271611</ele>
        <time>2026-07-02T12:10:23.482Z</time>
      </trkpt>
      <trkpt lat="49.395742" lon="7.758934">
        <ele>299.114544</ele>
        <time>2026-07-02T12:10:25.669Z</time>
      </trkpt>
      <trkpt lat="49.395878" lon="7.757870">
        <ele>298.400118</ele>
        <time>2026-07-02T12:10:37.464Z</time>
      </trkpt>
      <trkpt lat="49.395968" lon="7.757264">
        <ele>298.012360</ele>
        <time>2026-07-02T12:10:44.335Z</time>
      </trkpt>
      <trkpt lat="49.396006" lon="7.756793">
        <ele>297.831756</ele>
        <time>2026-07-02T12:10:49.832Z</time>
      </trkpt>
      <trkpt lat="49.395988" lon="7.756448">
        <ele>297.801954</ele>
        <time>2026-07-02T12:10:54.023Z</time>
      </trkpt>
      <trkpt lat="49.395956" lon="7.756158">
        <ele>297.819102</ele>
        <time>2026-07-02T12:10:57.942Z</time>
      </trkpt>
      <trkpt lat="49.395892" lon="7.755835">
        <ele>297.925067</ele>
        <time>2026-07-02T12:11:02.865Z</time>
      </trkpt>
      <trkpt lat="49.395642" lon="7.754930">
        <ele>298.578740</ele>
        <time>2026-07-02T12:11:18.350Z</time>
      </trkpt>
      <trkpt lat="49.395359" lon="7.753951">
        <ele>298.868356</ele>
        <time>2026-07-02T12:11:33.288Z</time>
      </trkpt>
      <trkpt lat="49.395197" lon="7.753438">
        <ele>298.673927</ele>
        <time>2026-07-02T12:11:39.947Z</time>
      </trkpt>
      <trkpt lat="49.394908" lon="7.752525">
        <ele>297.981500</ele>
        <time>2026-07-02T12:11:50.929Z</time>
      </trkpt>
      <trkpt lat="49.394632" lon="7.751762">
        <ele>297.419816</ele>
        <time>2026-07-02T12:12:00.261Z</time>
      </trkpt>
      <trkpt lat="49.393445" lon="7.752250">
        <ele>301.042974</ele>
        <time>2026-07-02T12:12:58.289Z</time>
      </trkpt>
      <trkpt lat="49.393258" lon="7.752380">
        <ele>301.768460</ele>
        <time>2026-07-02T12:13:08.789Z</time>
      </trkpt>
      <trkpt lat="49.393112" lon="7.752404">
        <ele>302.261051</ele>
        <time>2026-07-02T12:13:15.797Z</time>
      </trkpt>
      <trkpt lat="49.393048" lon="7.751990">
        <ele>302.964111</ele>
        <time>2026-07-02T12:13:28.166Z</time>
      </trkpt>
      <trkpt lat="49.392839" lon="7.751235">
        <ele>303.951558</ele>
        <time>2026-07-02T12:13:50.551Z</time>
      </trkpt>
      <trkpt lat="49.392736" lon="7.750575">
        <ele>303.462614</ele>
        <time>2026-07-02T12:14:03.143Z</time>
      </trkpt>
      <trkpt lat="49.392052" lon="7.748257">
        <ele>299.931582</ele>
        <time>2026-07-02T12:14:48.085Z</time>
      </trkpt>
      <trkpt lat="49.391737" lon="7.747088">
        <ele>298.688133</ele>
        <time>2026-07-02T12:15:11.495Z</time>
      </trkpt>
      <trkpt lat="49.391491" lon="7.745625">
        <ele>297.034330</ele>
        <time>2026-07-02T12:15:38.978Z</time>
      </trkpt>
      <trkpt lat="49.391362" lon="7.744569">
        <ele>296.373493</ele>
        <time>2026-07-02T12:15:59.378Z</time>
      </trkpt>
      <trkpt lat="49.391212" lon="7.743965">
        <ele>296.544468</ele>
        <time>2026-07-02T12:16:13.842Z</time>
      </trkpt>
      <trkpt lat="49.390764" lon="7.742614">
        <ele>298.030431</ele>
        <time>2026-07-02T12:16:52.253Z</time>
      </trkpt>
      <trkpt lat="49.390541" lon="7.740889">
        <ele>302.135539</ele>
        <time>2026-07-02T12:17:49.929Z</time>
      </trkpt>
      <trkpt lat="49.390221" lon="7.739919">
        <ele>303.939631</ele>
        <time>2026-07-02T12:18:13.176Z</time>
      </trkpt>
      <trkpt lat="49.390080" lon="7.739313">
        <ele>304.394479</ele>
        <time>2026-07-02T12:18:24.090Z</time>
      </trkpt>
      <trkpt lat="49.390031" lon="7.738559">
        <ele>303.979490</ele>
        <time>2026-07-02T12:18:33.077Z</time>
      </trkpt>
      <trkpt lat="49.389989" lon="7.738565">
        <ele>303.903820</ele>
        <time>2026-07-02T12:18:34.901Z</time>
      </trkpt>
      <trkpt lat="49.389953" lon="7.738413">
        <ele>303.553504</ele>
        <time>2026-07-02T12:18:39.406Z</time>
      </trkpt>
      <trkpt lat="49.390013" lon="7.738226">
        <ele>303.094106</ele>
        <time>2026-07-02T12:18:45.212Z</time>
      </trkpt>
      <trkpt lat="49.390056" lon="7.738090">
        <ele>302.734410</ele>
        <time>2026-07-02T12:18:49.424Z</time>
      </trkpt>
      <trkpt lat="49.390283" lon="7.738522">
        <ele>301.567359</ele>
        <time>2026-07-02T12:19:04.886Z</time>
      </trkpt>
      <trkpt lat="49.390510" lon="7.738955">
        <ele>300.956655</ele>
        <time>2026-07-02T12:19:20.365Z</time>
      </trkpt>
      <trkpt lat="49.390608" lon="7.738644">
        <ele>300.822975</ele>
        <time>2026-07-02T12:19:29.983Z</time>
      </trkpt>
      <trkpt lat="49.390483" lon="7.738486">
        <ele>300.780969</ele>
        <time>2026-07-02T12:19:36.906Z</time>
      </trkpt>
      <trkpt lat="49.390489" lon="7.738474">
        <ele>300.778927</ele>
        <time>2026-07-02T12:19:37.335Z</time>
      </trkpt>
      <trkpt lat="49.390289" lon="7.738251">
        <ele>300.741889</ele>
        <time>2026-07-02T12:19:43.472Z</time>
      </trkpt>
      <trkpt lat="49.389921" lon="7.737655">
        <ele>301.002186</ele>
        <time>2026-07-02T12:19:57.868Z</time>
      </trkpt>
      <trkpt lat="49.389138" lon="7.736505">
        <ele>305.379393</ele>
        <time>2026-07-02T12:20:41.480Z</time>
      </trkpt>
      <trkpt lat="49.388701" lon="7.736429">
        <ele>308.845654</ele>
        <time>2026-07-02T12:21:08.475Z</time>
      </trkpt>
      <trkpt lat="49.388293" lon="7.736534">
        <ele>312.576683</ele>
        <time>2026-07-02T12:21:35.822Z</time>
      </trkpt>
      <trkpt lat="49.388049" lon="7.736726">
        <ele>314.946000</ele>
        <time>2026-07-02T12:21:53.554Z</time>
      </trkpt>
      <trkpt lat="49.387718" lon="7.737113">
        <ele>318.034810</ele>
        <time>2026-07-02T12:22:17.483Z</time>
      </trkpt>
      <trkpt lat="49.387564" lon="7.737295">
        <ele>319.196649</ele>
        <time>2026-07-02T12:22:29.317Z</time>
      </trkpt>
      <trkpt lat="49.387400" lon="7.737487">
        <ele>320.145908</ele>
        <time>2026-07-02T12:22:40.773Z</time>
      </trkpt>
      <trkpt lat="49.387009" lon="7.737799">
        <ele>321.674559</ele>
        <time>2026-07-02T12:23:02.182Z</time>
      </trkpt>
      <trkpt lat="49.386885" lon="7.737862">
        <ele>322.084385</ele>
        <time>2026-07-02T12:23:08.156Z</time>
      </trkpt>
      <trkpt lat="49.386727" lon="7.737900">
        <ele>322.543205</ele>
        <time>2026-07-02T12:23:15.449Z</time>
      </trkpt>
      <trkpt lat="49.386473" lon="7.737820">
        <ele>323.466021</ele>
        <time>2026-07-02T12:23:28.136Z</time>
      </trkpt>
      <trkpt lat="49.386343" lon="7.737761">
        <ele>324.153182</ele>
        <time>2026-07-02T12:23:35.590Z</time>
      </trkpt>
      <trkpt lat="49.386168" lon="7.737597">
        <ele>325.363794</ele>
        <time>2026-07-02T12:23:48.158Z</time>
      </trkpt>
      <trkpt lat="49.386056" lon="7.737447">
        <ele>326.360156</ele>
        <time>2026-07-02T12:23:58.212Z</time>
      </trkpt>
      <trkpt lat="49.385889" lon="7.737147">
        <ele>328.611477</ele>
        <time>2026-07-02T12:24:17.551Z</time>
      </trkpt>
      <trkpt lat="49.385539" lon="7.736315">
        <ele>335.539320</ele>
        <time>2026-07-02T12:25:12.983Z</time>
      </trkpt>
      <trkpt lat="49.385368" lon="7.735819">
        <ele>339.797530</ele>
        <time>2026-07-02T12:25:47.064Z</time>
      </trkpt>
      <trkpt lat="49.384950" lon="7.734313">
        <ele>350.381306</ele>
        <time>2026-07-02T12:27:14.419Z</time>
      </trkpt>
      <trkpt lat="49.384715" lon="7.733891">
        <ele>352.770496</ele>
        <time>2026-07-02T12:27:36.878Z</time>
      </trkpt>
      <trkpt lat="49.384401" lon="7.733536">
        <ele>354.764374</ele>
        <time>2026-07-02T12:27:59.521Z</time>
      </trkpt>
      <trkpt lat="49.384202" lon="7.733149">
        <ele>356.153095</ele>
        <time>2026-07-02T12:28:16.690Z</time>
      </trkpt>
      <trkpt lat="49.384158" lon="7.733036">
        <ele>356.452757</ele>
        <time>2026-07-02T12:28:20.847Z</time>
      </trkpt>
      <trkpt lat="49.384071" lon="7.732817">
        <ele>357.012898</ele>
        <time>2026-07-02T12:28:28.697Z</time>
      </trkpt>
      <trkpt lat="49.383928" lon="7.732243">
        <ele>358.329541</ele>
        <time>2026-07-02T12:28:47.855Z</time>
      </trkpt>
      <trkpt lat="49.384063" lon="7.732067">
        <ele>359.038949</ele>
        <time>2026-07-02T12:28:57.151Z</time>
      </trkpt>
      <trkpt lat="49.383952" lon="7.731987">
        <ele>359.680165</ele>
        <time>2026-07-02T12:29:03.932Z</time>
      </trkpt>
      <trkpt lat="49.383849" lon="7.731971">
        <ele>360.254994</ele>
        <time>2026-07-02T12:29:10.187Z</time>
      </trkpt>
      <trkpt lat="49.383494" lon="7.732046">
        <ele>362.774466</ele>
        <time>2026-07-02T12:29:34.345Z</time>
      </trkpt>
      <trkpt lat="49.383330" lon="7.731983">
        <ele>364.114327</ele>
        <time>2026-07-02T12:29:46.493Z</time>
      </trkpt>
      <trkpt lat="49.383105" lon="7.731760">
        <ele>366.405277</ele>
        <time>2026-07-02T12:30:06.477Z</time>
      </trkpt>
      <trkpt lat="49.383018" lon="7.731607">
        <ele>367.553983</ele>
        <time>2026-07-02T12:30:16.518Z</time>
      </trkpt>
      <trkpt lat="49.382490" lon="7.730307">
        <ele>377.433853</ele>
        <time>2026-07-02T12:31:38.704Z</time>
      </trkpt>
      <trkpt lat="49.382143" lon="7.729582">
        <ele>382.209831</ele>
        <time>2026-07-02T12:32:21.419Z</time>
      </trkpt>
      <trkpt lat="49.381890" lon="7.729113">
        <ele>384.289192</ele>
        <time>2026-07-02T12:32:44.069Z</time>
      </trkpt>
      <trkpt lat="49.381794" lon="7.729035">
        <ele>384.615700</ele>
        <time>2026-07-02T12:32:49.416Z</time>
      </trkpt>
      <trkpt lat="49.381301" lon="7.728922">
        <ele>385.540222</ele>
        <time>2026-07-02T12:33:09.378Z</time>
      </trkpt>
      <trkpt lat="49.380251" lon="7.728530">
        <ele>386.450734</ele>
        <time>2026-07-02T12:33:47.707Z</time>
      </trkpt>
      <trkpt lat="49.380438" lon="7.727671">
        <ele>387.299865</ele>
        <time>2026-07-02T12:34:03.544Z</time>
      </trkpt>
      <trkpt lat="49.380539" lon="7.727411">
        <ele>387.608970</ele>
        <time>2026-07-02T12:34:08.896Z</time>
      </trkpt>
      <trkpt lat="49.380455" lon="7.726896">
        <ele>388.175474</ele>
        <time>2026-07-02T12:34:22.791Z</time>
      </trkpt>
      <trkpt lat="49.380162" lon="7.726497">
        <ele>388.670212</ele>
        <time>2026-07-02T12:34:37.927Z</time>
      </trkpt>
      <trkpt lat="49.379912" lon="7.725972">
        <ele>388.863710</ele>
        <time>2026-07-02T12:34:52.307Z</time>
      </trkpt>
      <trkpt lat="49.379715" lon="7.725469">
        <ele>388.588735</ele>
        <time>2026-07-02T12:35:03.677Z</time>
      </trkpt>
      <trkpt lat="49.379569" lon="7.725262">
        <ele>388.420056</ele>
        <time>2026-07-02T12:35:09.580Z</time>
      </trkpt>
      <trkpt lat="49.378732" lon="7.724599">
        <ele>387.796501</ele>
        <time>2026-07-02T12:35:37.908Z</time>
      </trkpt>
      <trkpt lat="49.378593" lon="7.724547">
        <ele>387.660670</ele>
        <time>2026-07-02T12:35:42.046Z</time>
      </trkpt>
      <trkpt lat="49.378311" lon="7.724512">
        <ele>387.282267</ele>
        <time>2026-07-02T12:35:50.095Z</time>
      </trkpt>
      <trkpt lat="49.378152" lon="7.724414">
        <ele>386.988913</ele>
        <time>2026-07-02T12:35:54.850Z</time>
      </trkpt>
      <trkpt lat="49.378014" lon="7.724284">
        <ele>386.668218</ele>
        <time>2026-07-02T12:35:59.283Z</time>
      </trkpt>
      <trkpt lat="49.377813" lon="7.724022">
        <ele>385.996675</ele>
        <time>2026-07-02T12:36:06.404Z</time>
      </trkpt>
      <trkpt lat="49.376672" lon="7.721931">
        <ele>381.291240</ele>
        <time>2026-07-02T12:36:53.235Z</time>
      </trkpt>
      <trkpt lat="49.376183" lon="7.720934">
        <ele>380.364721</ele>
        <time>2026-07-02T12:37:17.103Z</time>
      </trkpt>
      <trkpt lat="49.376003" lon="7.720511">
        <ele>379.741360</ele>
        <time>2026-07-02T12:37:26.238Z</time>
      </trkpt>
      <trkpt lat="49.375807" lon="7.720162">
        <ele>378.784170</ele>
        <time>2026-07-02T12:37:33.991Z</time>
      </trkpt>
      <trkpt lat="49.375639" lon="7.719797">
        <ele>377.269860</ele>
        <time>2026-07-02T12:37:40.990Z</time>
      </trkpt>
      <trkpt lat="49.375085" lon="7.719205">
        <ele>371.318149</ele>
        <time>2026-07-02T12:37:55.732Z</time>
      </trkpt>
      <trkpt lat="49.374743" lon="7.718887">
        <ele>366.829769</ele>
        <time>2026-07-02T12:38:04.166Z</time>
      </trkpt>
      <trkpt lat="49.374588" lon="7.718766">
        <ele>364.826597</ele>
        <time>2026-07-02T12:38:07.789Z</time>
      </trkpt>
      <trkpt lat="49.374217" lon="7.718343">
        <ele>359.672517</ele>
        <time>2026-07-02T12:38:17.544Z</time>
      </trkpt>
      <trkpt lat="49.374122" lon="7.718181">
        <ele>358.239941</ele>
        <time>2026-07-02T12:38:20.600Z</time>
      </trkpt>
      <trkpt lat="49.374006" lon="7.717807">
        <ele>355.842863</ele>
        <time>2026-07-02T12:38:26.491Z</time>
      </trkpt>
      <trkpt lat="49.373921" lon="7.717612">
        <ele>354.582589</ele>
        <time>2026-07-02T12:38:29.894Z</time>
      </trkpt>
      <trkpt lat="49.373762" lon="7.717465">
        <ele>353.442499</ele>
        <time>2026-07-02T12:38:34.214Z</time>
      </trkpt>
      <trkpt lat="49.373561" lon="7.717351">
        <ele>352.339328</ele>
        <time>2026-07-02T12:38:39.375Z</time>
      </trkpt>
      <trkpt lat="49.373095" lon="7.717270">
        <ele>350.311840</ele>
        <time>2026-07-02T12:38:50.939Z</time>
      </trkpt>
      <trkpt lat="49.372692" lon="7.717351">
        <ele>348.709196</ele>
        <time>2026-07-02T12:39:01.097Z</time>
      </trkpt>
      <trkpt lat="49.372436" lon="7.717465">
        <ele>347.694775</ele>
        <time>2026-07-02T12:39:07.806Z</time>
      </trkpt>
      <trkpt lat="49.372297" lon="7.717697">
        <ele>346.898728</ele>
        <time>2026-07-02T12:39:12.945Z</time>
      </trkpt>
      <trkpt lat="49.372221" lon="7.717709">
        <ele>346.577602</ele>
        <time>2026-07-02T12:39:14.863Z</time>
      </trkpt>
      <trkpt lat="49.372095" lon="7.717668">
        <ele>345.985330</ele>
        <time>2026-07-02T12:39:18.098Z</time>
      </trkpt>
      <trkpt lat="49.370821" lon="7.717069">
        <ele>337.449682</ele>
        <time>2026-07-02T12:39:49.018Z</time>
      </trkpt>
      <trkpt lat="49.370644" lon="7.716919">
        <ele>335.045808</ele>
        <time>2026-07-02T12:39:53.195Z</time>
      </trkpt>
      <trkpt lat="49.370356" lon="7.716600">
        <ele>329.581460</ele>
        <time>2026-07-02T12:40:00.355Z</time>
      </trkpt>
      <trkpt lat="49.370096" lon="7.716252">
        <ele>323.191995</ele>
        <time>2026-07-02T12:40:07.144Z</time>
      </trkpt>
      <trkpt lat="49.369660" lon="7.716281">
        <ele>314.319276</ele>
        <time>2026-07-02T12:40:15.628Z</time>
      </trkpt>
      <trkpt lat="49.369476" lon="7.716336">
        <ele>310.552059</ele>
        <time>2026-07-02T12:40:19.284Z</time>
      </trkpt>
      <trkpt lat="49.369425" lon="7.716386">
        <ele>309.357187</ele>
        <time>2026-07-02T12:40:20.457Z</time>
      </trkpt>
      <trkpt lat="49.369307" lon="7.716645">
        <ele>305.574189</ele>
        <time>2026-07-02T12:40:24.498Z</time>
      </trkpt>
      <trkpt lat="49.369100" lon="7.717400">
        <ele>297.151394</ele>
        <time>2026-07-02T12:40:35.228Z</time>
      </trkpt>
      <trkpt lat="49.369095" lon="7.716842">
        <ele>293.411792</ele>
        <time>2026-07-02T12:40:42.982Z</time>
      </trkpt>
      <trkpt lat="49.369219" lon="7.716093">
        <ele>290.053485</ele>
        <time>2026-07-02T12:40:54.567Z</time>
      </trkpt>
      <trkpt lat="49.369224" lon="7.715937">
        <ele>289.771933</ele>
        <time>2026-07-02T12:40:57.148Z</time>
      </trkpt>
      <trkpt lat="49.368973" lon="7.714748">
        <ele>288.835276</ele>
        <time>2026-07-02T12:41:20.975Z</time>
      </trkpt>
      <trkpt lat="49.368905" lon="7.714645">
        <ele>288.847784</ele>
        <time>2026-07-02T12:41:23.957Z</time>
      </trkpt>
      <trkpt lat="49.368831" lon="7.713681">
        <ele>289.154697</ele>
        <time>2026-07-02T12:41:45.556Z</time>
      </trkpt>
      <trkpt lat="49.368760" lon="7.713184">
        <ele>289.710234</ele>
        <time>2026-07-02T12:41:59.102Z</time>
      </trkpt>
      <trkpt lat="49.368741" lon="7.712571">
        <ele>290.350698</ele>
        <time>2026-07-02T12:42:15.814Z</time>
      </trkpt>
      <trkpt lat="49.368814" lon="7.711473">
        <ele>290.521641</ele>
        <time>2026-07-02T12:42:39.125Z</time>
      </trkpt>
      <trkpt lat="49.368976" lon="7.709957">
        <ele>289.342508</ele>
        <time>2026-07-02T12:43:07.909Z</time>
      </trkpt>
      <trkpt lat="49.369084" lon="7.709376">
        <ele>289.353982</ele>
        <time>2026-07-02T12:43:20.381Z</time>
      </trkpt>
      <trkpt lat="49.369287" lon="7.708563">
        <ele>289.988112</ele>
        <time>2026-07-02T12:43:41.646Z</time>
      </trkpt>
      <trkpt lat="49.369550" lon="7.708104">
        <ele>290.392389</ele>
        <time>2026-07-02T12:43:56.608Z</time>
      </trkpt>
      <trkpt lat="49.369797" lon="7.708017">
        <ele>290.595541</ele>
        <time>2026-07-02T12:44:05.689Z</time>
      </trkpt>
      <trkpt lat="49.369878" lon="7.707932">
        <ele>290.660491</ele>
        <time>2026-07-02T12:44:09.095Z</time>
      </trkpt>
      <trkpt lat="49.369903" lon="7.707815">
        <ele>290.711818</ele>
        <time>2026-07-02T12:44:11.789Z</time>
      </trkpt>
      <trkpt lat="49.369815" lon="7.707560">
        <ele>290.752909</ele>
        <time>2026-07-02T12:44:17.878Z</time>
      </trkpt>
      <trkpt lat="49.369780" lon="7.707344">
        <ele>290.693088</ele>
        <time>2026-07-02T12:44:22.370Z</time>
      </trkpt>
      <trkpt lat="49.369867" lon="7.706898">
        <ele>290.463250</ele>
        <time>2026-07-02T12:44:31.414Z</time>
      </trkpt>
      <trkpt lat="49.369914" lon="7.706512">
        <ele>290.108436</ele>
        <time>2026-07-02T12:44:38.704Z</time>
      </trkpt>
      <trkpt lat="49.369896" lon="7.706272">
        <ele>289.887964</ele>
        <time>2026-07-02T12:44:43.148Z</time>
      </trkpt>
      <trkpt lat="49.369927" lon="7.705681">
        <ele>289.444392</ele>
        <time>2026-07-02T12:44:54.084Z</time>
      </trkpt>
      <trkpt lat="49.369821" lon="7.703842">
        <ele>289.535389</ele>
        <time>2026-07-02T12:45:32.998Z</time>
      </trkpt>
      <trkpt lat="49.369797" lon="7.702662">
        <ele>290.197653</ele>
        <time>2026-07-02T12:46:00.937Z</time>
      </trkpt>
      <trkpt lat="49.369750" lon="7.702338">
        <ele>290.351392</ele>
        <time>2026-07-02T12:46:08.702Z</time>
      </trkpt>
      <trkpt lat="49.369695" lon="7.700930">
        <ele>290.165242</ele>
        <time>2026-07-02T12:46:37.536Z</time>
      </trkpt>
      <trkpt lat="49.369627" lon="7.700161">
        <ele>289.628258</ele>
        <time>2026-07-02T12:46:52.292Z</time>
      </trkpt>
      <trkpt lat="49.369624" lon="7.699347">
        <ele>288.588602</ele>
        <time>2026-07-02T12:47:06.878Z</time>
      </trkpt>
      <trkpt lat="49.369686" lon="7.698809">
        <ele>287.106767</ele>
        <time>2026-07-02T12:47:15.623Z</time>
      </trkpt>
      <trkpt lat="49.369744" lon="7.698659">
        <ele>286.604266</ele>
        <time>2026-07-02T12:47:18.406Z</time>
      </trkpt>
      <trkpt lat="49.369876" lon="7.698282">
        <ele>285.439826</ele>
        <time>2026-07-02T12:47:25.263Z</time>
      </trkpt>
      <trkpt lat="49.369966" lon="7.698170">
        <ele>285.038942</ele>
        <time>2026-07-02T12:47:28.274Z</time>
      </trkpt>
      <trkpt lat="49.370114" lon="7.697705">
        <ele>283.931835</ele>
        <time>2026-07-02T12:47:36.967Z</time>
      </trkpt>
      <trkpt lat="49.369898" lon="7.697659">
        <ele>282.971156</ele>
        <time>2026-07-02T12:47:42.375Z</time>
      </trkpt>
      <trkpt lat="49.369745" lon="7.697626">
        <ele>282.158855</ele>
        <time>2026-07-02T12:47:46.067Z</time>
      </trkpt>
      <trkpt lat="49.369538" lon="7.697719">
        <ele>280.903446</ele>
        <time>2026-07-02T12:47:51.089Z</time>
      </trkpt>
      <trkpt lat="49.369337" lon="7.697673">
        <ele>279.721573</ele>
        <time>2026-07-02T12:47:55.814Z</time>
      </trkpt>
      <trkpt lat="49.369373" lon="7.697342">
        <ele>278.611132</ele>
        <time>2026-07-02T12:47:58.695Z</time>
      </trkpt>
      <trkpt lat="49.369405" lon="7.697128">
        <ele>278.089125</ele>
        <time>2026-07-02T12:48:00.720Z</time>
      </trkpt>
      <trkpt lat="49.369468" lon="7.696708">
        <ele>277.599726</ele>
        <time>2026-07-02T12:48:05.167Z</time>
      </trkpt>
      <trkpt lat="49.369570" lon="7.696123">
        <ele>277.479416</ele>
        <time>2026-07-02T12:48:12.784Z</time>
      </trkpt>
      <trkpt lat="49.369644" lon="7.695804">
        <ele>277.449463</ele>
        <time>2026-07-02T12:48:16.796Z</time>
      </trkpt>
      <trkpt lat="49.369703" lon="7.695620">
        <ele>277.481498</ele>
        <time>2026-07-02T12:48:19.500Z</time>
      </trkpt>
      <trkpt lat="49.369772" lon="7.695509">
        <ele>277.502030</ele>
        <time>2026-07-02T12:48:21.493Z</time>
      </trkpt>
      <trkpt lat="49.369810" lon="7.695441">
        <ele>277.513155</ele>
        <time>2026-07-02T12:48:22.613Z</time>
      </trkpt>
      <trkpt lat="49.370029" lon="7.695109">
        <ele>277.624237</ele>
        <time>2026-07-02T12:48:29.343Z</time>
      </trkpt>
      <trkpt lat="49.369624" lon="7.694495">
        <ele>278.184451</ele>
        <time>2026-07-02T12:48:43.237Z</time>
      </trkpt>
      <trkpt lat="49.369345" lon="7.694085">
        <ele>278.458957</ele>
        <time>2026-07-02T12:48:51.730Z</time>
      </trkpt>
      <trkpt lat="49.369255" lon="7.693953">
        <ele>278.459794</ele>
        <time>2026-07-02T12:48:54.098Z</time>
      </trkpt>
      <trkpt lat="49.369125" lon="7.693805">
        <ele>278.447469</ele>
        <time>2026-07-02T12:48:57.057Z</time>
      </trkpt>
      <trkpt lat="49.368812" lon="7.693498">
        <ele>278.524345</ele>
        <time>2026-07-02T12:49:04.641Z</time>
      </trkpt>
      <trkpt lat="49.368723" lon="7.693347">
        <ele>278.644448</ele>
        <time>2026-07-02T12:49:07.613Z</time>
      </trkpt>
      <trkpt lat="49.368663" lon="7.693245">
        <ele>278.760733</ele>
        <time>2026-07-02T12:49:09.955Z</time>
      </trkpt>
      <trkpt lat="49.368555" lon="7.692886">
        <ele>279.467568</ele>
        <time>2026-07-02T12:49:18.350Z</time>
      </trkpt>
      <trkpt lat="49.368507" lon="7.692695">
        <ele>279.974536</ele>
        <time>2026-07-02T12:49:23.597Z</time>
      </trkpt>
      <trkpt lat="49.368818" lon="7.692423">
        <ele>281.862182</ele>
        <time>2026-07-02T12:49:40.029Z</time>
      </trkpt>
      <trkpt lat="49.368764" lon="7.691880">
        <ele>284.117355</ele>
        <time>2026-07-02T12:49:58.488Z</time>
      </trkpt>
      <trkpt lat="49.368800" lon="7.691269">
        <ele>286.905809</ele>
        <time>2026-07-02T12:50:20.487Z</time>
      </trkpt>
      <trkpt lat="49.368876" lon="7.690855">
        <ele>288.884460</ele>
        <time>2026-07-02T12:50:35.791Z</time>
      </trkpt>
      <trkpt lat="49.368995" lon="7.690535">
        <ele>290.477003</ele>
        <time>2026-07-02T12:50:48.253Z</time>
      </trkpt>
      <trkpt lat="49.369333" lon="7.690088">
        <ele>293.160227</ele>
        <time>2026-07-02T12:51:10.396Z</time>
      </trkpt>
      <trkpt lat="49.369615" lon="7.689644">
        <ele>295.123437</ele>
        <time>2026-07-02T12:51:28.261Z</time>
      </trkpt>
      <trkpt lat="49.370059" lon="7.688691">
        <ele>297.301574</ele>
        <time>2026-07-02T12:51:53.832Z</time>
      </trkpt>
      <trkpt lat="49.370201" lon="7.688450">
        <ele>297.556542</ele>
        <time>2026-07-02T12:51:58.937Z</time>
      </trkpt>
      <trkpt lat="49.370542" lon="7.688111">
        <ele>297.538279</ele>
        <time>2026-07-02T12:52:06.534Z</time>
      </trkpt>
      <trkpt lat="49.370779" lon="7.687972">
        <ele>297.046311</ele>
        <time>2026-07-02T12:52:10.467Z</time>
      </trkpt>
      <trkpt lat="49.370929" lon="7.687929">
        <ele>296.591474</ele>
        <time>2026-07-02T12:52:12.674Z</time>
      </trkpt>
      <trkpt lat="49.371238" lon="7.687920">
        <ele>295.625730</ele>
        <time>2026-07-02T12:52:17.093Z</time>
      </trkpt>
      <trkpt lat="49.371613" lon="7.687916">
        <ele>294.651790</ele>
        <time>2026-07-02T12:52:22.705Z</time>
      </trkpt>
      <trkpt lat="49.371959" lon="7.687650">
        <ele>294.148246</ele>
        <time>2026-07-02T12:52:28.973Z</time>
      </trkpt>
      <trkpt lat="49.372205" lon="7.687652">
        <ele>294.036614</ele>
        <time>2026-07-02T12:52:33.564Z</time>
      </trkpt>
      <trkpt lat="49.372302" lon="7.687683">
        <ele>294.063038</ele>
        <time>2026-07-02T12:52:35.590Z</time>
      </trkpt>
      <trkpt lat="49.372783" lon="7.687968">
        <ele>294.872463</ele>
        <time>2026-07-02T12:52:49.011Z</time>
      </trkpt>
      <trkpt lat="49.372937" lon="7.688103">
        <ele>295.330226</ele>
        <time>2026-07-02T12:52:55.038Z</time>
      </trkpt>
      <trkpt lat="49.373579" lon="7.688909">
        <ele>298.055137</ele>
        <time>2026-07-02T12:53:24.993Z</time>
      </trkpt>
      <trkpt lat="49.373954" lon="7.689217">
        <ele>298.975442</ele>
        <time>2026-07-02T12:53:37.822Z</time>
      </trkpt>
      <trkpt lat="49.374317" lon="7.689415">
        <ele>299.557924</ele>
        <time>2026-07-02T12:53:47.964Z</time>
      </trkpt>
      <trkpt lat="49.374437" lon="7.689449">
        <ele>299.697779</ele>
        <time>2026-07-02T12:53:50.978Z</time>
      </trkpt>
      <trkpt lat="49.374567" lon="7.689427">
        <ele>299.794892</ele>
        <time>2026-07-02T12:53:54.100Z</time>
      </trkpt>
      <trkpt lat="49.375129" lon="7.689168">
        <ele>300.324573</ele>
        <time>2026-07-02T12:54:07.427Z</time>
      </trkpt>
      <trkpt lat="49.375905" lon="7.689182">
        <ele>302.537091</ele>
        <time>2026-07-02T12:54:32.924Z</time>
      </trkpt>
      <trkpt lat="49.376079" lon="7.689112">
        <ele>303.481293</ele>
        <time>2026-07-02T12:54:41.551Z</time>
      </trkpt>
      <trkpt lat="49.376168" lon="7.689033">
        <ele>304.115696</ele>
        <time>2026-07-02T12:54:47.220Z</time>
      </trkpt>
      <trkpt lat="49.376238" lon="7.688925">
        <ele>304.879879</ele>
        <time>2026-07-02T12:54:52.814Z</time>
      </trkpt>
      <trkpt lat="49.376477" lon="7.689029">
        <ele>306.940918</ele>
        <time>2026-07-02T12:55:08.212Z</time>
      </trkpt>
      <trkpt lat="49.376646" lon="7.689183">
        <ele>308.778691</ele>
        <time>2026-07-02T12:55:21.319Z</time>
      </trkpt>
      <trkpt lat="49.376863" lon="7.689564">
        <ele>312.248186</ele>
        <time>2026-07-02T12:55:45.414Z</time>
      </trkpt>
      <trkpt lat="49.376997" lon="7.689799">
        <ele>314.595539</ele>
        <time>2026-07-02T12:56:01.733Z</time>
      </trkpt>
      <trkpt lat="49.377712" lon="7.691465">
        <ele>329.470733</ele>
        <time>2026-07-02T12:57:43.814Z</time>
      </trkpt>
      <trkpt lat="49.377806" lon="7.691734">
        <ele>331.125134</ele>
        <time>2026-07-02T12:57:55.506Z</time>
      </trkpt>
      <trkpt lat="49.378116" lon="7.692049">
        <ele>333.445642</ele>
        <time>2026-07-02T12:58:14.638Z</time>
      </trkpt>
      <trkpt lat="49.378301" lon="7.692466">
        <ele>334.870104</ele>
        <time>2026-07-02T12:58:28.666Z</time>
      </trkpt>
      <trkpt lat="49.379278" lon="7.692523">
        <ele>337.204584</ele>
        <time>2026-07-02T12:59:11.072Z</time>
      </trkpt>
      <trkpt lat="49.380308" lon="7.691774">
        <ele>339.923018</ele>
        <time>2026-07-02T13:00:00.345Z</time>
      </trkpt>
      <trkpt lat="49.381371" lon="7.690799">
        <ele>343.739395</ele>
        <time>2026-07-02T13:00:59.148Z</time>
      </trkpt>
      <trkpt lat="49.381914" lon="7.689909">
        <ele>346.456179</ele>
        <time>2026-07-02T13:01:38.033Z</time>
      </trkpt>
      <trkpt lat="49.382674" lon="7.688441">
        <ele>348.623369</ele>
        <time>2026-07-02T13:02:29.347Z</time>
      </trkpt>
      <trkpt lat="49.383379" lon="7.687634">
        <ele>346.615166</ele>
        <time>2026-07-02T13:02:52.646Z</time>
      </trkpt>
      <trkpt lat="49.383549" lon="7.687040">
        <ele>344.938979</ele>
        <time>2026-07-02T13:03:03.143Z</time>
      </trkpt>
      <trkpt lat="49.383943" lon="7.686459">
        <ele>343.228073</ele>
        <time>2026-07-02T13:03:16.990Z</time>
      </trkpt>
      <trkpt lat="49.386028" lon="7.684937">
        <ele>344.848050</ele>
        <time>2026-07-02T13:04:39.704Z</time>
      </trkpt>
      <trkpt lat="49.387099" lon="7.684129">
        <ele>347.216624</ele>
        <time>2026-07-02T13:05:29.978Z</time>
      </trkpt>
      <trkpt lat="49.387713" lon="7.683649">
        <ele>347.556748</ele>
        <time>2026-07-02T13:05:53.421Z</time>
      </trkpt>
      <trkpt lat="49.388094" lon="7.683308">
        <ele>347.377251</ele>
        <time>2026-07-02T13:06:06.768Z</time>
      </trkpt>
      <trkpt lat="49.387912" lon="7.682909">
        <ele>347.094512</ele>
        <time>2026-07-02T13:06:16.087Z</time>
      </trkpt>
      <trkpt lat="49.387639" lon="7.682309">
        <ele>346.620726</ele>
        <time>2026-07-02T13:06:30.100Z</time>
      </trkpt>
      <trkpt lat="49.387611" lon="7.682059">
        <ele>346.527978</ele>
        <time>2026-07-02T13:06:35.069Z</time>
      </trkpt>
      <trkpt lat="49.387537" lon="7.682063">
        <ele>346.499461</ele>
        <time>2026-07-02T13:06:37.335Z</time>
      </trkpt>
      <trkpt lat="49.387504" lon="7.682029">
        <ele>346.484162</ele>
        <time>2026-07-02T13:06:38.549Z</time>
      </trkpt>
      <trkpt lat="49.387537" lon="7.682063">
        <ele>346.469264</ele>
        <time>2026-07-02T13:06:39.769Z</time>
      </trkpt>
      <trkpt lat="49.387611" lon="7.682059">
        <ele>346.441501</ele>
        <time>2026-07-02T13:06:42.072Z</time>
      </trkpt>
      <trkpt lat="49.388047" lon="7.681500">
        <ele>346.434248</ele>
        <time>2026-07-02T13:06:59.904Z</time>
      </trkpt>
      <trkpt lat="49.389468" lon="7.679884">
        <ele>348.365923</ele>
        <time>2026-07-02T13:08:05.863Z</time>
      </trkpt>
      <trkpt lat="49.389651" lon="7.679637">
        <ele>349.014681</ele>
        <time>2026-07-02T13:08:16.868Z</time>
      </trkpt>
      <trkpt lat="49.389826" lon="7.679461">
        <ele>349.746324</ele>
        <time>2026-07-02T13:08:27.337Z</time>
      </trkpt>
      <trkpt lat="49.389913" lon="7.679362">
        <ele>350.233080</ele>
        <time>2026-07-02T13:08:32.967Z</time>
      </trkpt>
      <trkpt lat="49.389990" lon="7.679304">
        <ele>350.637742</ele>
        <time>2026-07-02T13:08:37.664Z</time>
      </trkpt>
      <trkpt lat="49.389880" lon="7.678785">
        <ele>352.712401</ele>
        <time>2026-07-02T13:08:53.881Z</time>
      </trkpt>
      <trkpt lat="49.391415" lon="7.677467">
        <ele>366.509932</ele>
        <time>2026-07-02T13:11:01.388Z</time>
      </trkpt>
      <trkpt lat="49.392079" lon="7.676935">
        <ele>369.478079</ele>
        <time>2026-07-02T13:11:40.822Z</time>
      </trkpt>
      <trkpt lat="49.392560" lon="7.676475">
        <ele>368.749747</ele>
        <time>2026-07-02T13:11:56.654Z</time>
      </trkpt>
      <trkpt lat="49.393070" lon="7.676080">
        <ele>365.118756</ele>
        <time>2026-07-02T13:12:09.866Z</time>
      </trkpt>
      <trkpt lat="49.393540" lon="7.675802">
        <ele>361.208139</ele>
        <time>2026-07-02T13:12:21.075Z</time>
      </trkpt>
      <trkpt lat="49.393610" lon="7.675590">
        <ele>360.081030</ele>
        <time>2026-07-02T13:12:24.547Z</time>
      </trkpt>
      <trkpt lat="49.393952" lon="7.674970">
        <ele>356.457501</ele>
        <time>2026-07-02T13:12:36.656Z</time>
      </trkpt>
      <trkpt lat="49.394143" lon="7.674481">
        <ele>354.494300</ele>
        <time>2026-07-02T13:12:45.482Z</time>
      </trkpt>
      <trkpt lat="49.394189" lon="7.674073">
        <ele>353.445637</ele>
        <time>2026-07-02T13:12:52.260Z</time>
      </trkpt>
      <trkpt lat="49.394150" lon="7.673364">
        <ele>352.165262</ele>
        <time>2026-07-02T13:13:04.468Z</time>
      </trkpt>
      <trkpt lat="49.393997" lon="7.672643">
        <ele>351.415852</ele>
        <time>2026-07-02T13:13:18.409Z</time>
      </trkpt>
      <trkpt lat="49.393900" lon="7.672346">
        <ele>351.255459</ele>
        <time>2026-07-02T13:13:24.876Z</time>
      </trkpt>
      <trkpt lat="49.393050" lon="7.670855">
        <ele>351.990443</ele>
        <time>2026-07-02T13:14:09.962Z</time>
      </trkpt>
      <trkpt lat="49.392877" lon="7.670627">
        <ele>352.076996</ele>
        <time>2026-07-02T13:14:17.546Z</time>
      </trkpt>
      <trkpt lat="49.392849" lon="7.670536">
        <ele>352.095877</ele>
        <time>2026-07-02T13:14:19.669Z</time>
      </trkpt>
      <trkpt lat="49.392817" lon="7.670329">
        <ele>352.077986</ele>
        <time>2026-07-02T13:14:24.128Z</time>
      </trkpt>
      <trkpt lat="49.392814" lon="7.669139">
        <ele>351.789732</ele>
        <time>2026-07-02T13:14:47.891Z</time>
      </trkpt>
      <trkpt lat="49.392781" lon="7.668513">
        <ele>351.499085</ele>
        <time>2026-07-02T13:14:59.972Z</time>
      </trkpt>
      <trkpt lat="49.392470" lon="7.664477">
        <ele>349.486843</ele>
        <time>2026-07-02T13:16:18.753Z</time>
      </trkpt>
      <trkpt lat="49.392521" lon="7.664179">
        <ele>349.329172</ele>
        <time>2026-07-02T13:16:24.717Z</time>
      </trkpt>
      <trkpt lat="49.392620" lon="7.663891">
        <ele>349.109032</ele>
        <time>2026-07-02T13:16:31.080Z</time>
      </trkpt>
      <trkpt lat="49.393364" lon="7.662416">
        <ele>347.350890</ele>
        <time>2026-07-02T13:17:05.465Z</time>
      </trkpt>
      <trkpt lat="49.393498" lon="7.662005">
        <ele>346.585841</ele>
        <time>2026-07-02T13:17:13.371Z</time>
      </trkpt>
      <trkpt lat="49.393571" lon="7.661612">
        <ele>345.775113</ele>
        <time>2026-07-02T13:17:20.289Z</time>
      </trkpt>
      <trkpt lat="49.393588" lon="7.661171">
        <ele>344.803657</ele>
        <time>2026-07-02T13:17:27.692Z</time>
      </trkpt>
      <trkpt lat="49.393498" lon="7.660695">
        <ele>343.715064</ele>
        <time>2026-07-02T13:17:35.891Z</time>
      </trkpt>
      <trkpt lat="49.393164" lon="7.659514">
        <ele>341.256659</ele>
        <time>2026-07-02T13:17:57.725Z</time>
      </trkpt>
      <trkpt lat="49.392921" lon="7.658796">
        <ele>340.314186</ele>
        <time>2026-07-02T13:18:12.401Z</time>
      </trkpt>
      <trkpt lat="49.392685" lon="7.657858">
        <ele>339.400999</ele>
        <time>2026-07-02T13:18:31.051Z</time>
      </trkpt>
      <trkpt lat="49.392646" lon="7.657527">
        <ele>339.120321</ele>
        <time>2026-07-02T13:18:37.427Z</time>
      </trkpt>
      <trkpt lat="49.392680" lon="7.657086">
        <ele>338.891543</ele>
        <time>2026-07-02T13:18:45.911Z</time>
      </trkpt>
      <trkpt lat="49.392737" lon="7.656928">
        <ele>338.796930</ele>
        <time>2026-07-02T13:18:49.416Z</time>
      </trkpt>
      <trkpt lat="49.392841" lon="7.656857">
        <ele>338.706944</ele>
        <time>2026-07-02T13:18:52.786Z</time>
      </trkpt>
      <trkpt lat="49.392944" lon="7.656945">
        <ele>338.614583</ele>
        <time>2026-07-02T13:18:56.337Z</time>
      </trkpt>
      <trkpt lat="49.393938" lon="7.658066">
        <ele>337.985570</ele>
        <time>2026-07-02T13:19:33.804Z</time>
      </trkpt>
      <trkpt lat="49.394637" lon="7.658862">
        <ele>337.409083</ele>
        <time>2026-07-02T13:19:59.832Z</time>
      </trkpt>
      <trkpt lat="49.394832" lon="7.658967">
        <ele>337.300070</ele>
        <time>2026-07-02T13:20:06.093Z</time>
      </trkpt>
      <trkpt lat="49.395015" lon="7.658962">
        <ele>337.217580</ele>
        <time>2026-07-02T13:20:11.686Z</time>
      </trkpt>
      <trkpt lat="49.395145" lon="7.658831">
        <ele>337.206941</ele>
        <time>2026-07-02T13:20:16.546Z</time>
      </trkpt>
      <trkpt lat="49.395203" lon="7.658710">
        <ele>337.206588</ele>
        <time>2026-07-02T13:20:19.641Z</time>
      </trkpt>
      <trkpt lat="49.395313" lon="7.657926">
        <ele>337.406009</ele>
        <time>2026-07-02T13:20:36.952Z</time>
      </trkpt>
      <trkpt lat="49.395538" lon="7.655164">
        <ele>339.946792</ele>
        <time>2026-07-02T13:21:47.633Z</time>
      </trkpt>
      <trkpt lat="49.395596" lon="7.654838">
        <ele>340.389542</ele>
        <time>2026-07-02T13:21:56.802Z</time>
      </trkpt>
      <trkpt lat="49.395972" lon="7.653533">
        <ele>342.378279</ele>
        <time>2026-07-02T13:22:36.348Z</time>
      </trkpt>
      <trkpt lat="49.395991" lon="7.653098">
        <ele>342.890245</ele>
        <time>2026-07-02T13:22:47.980Z</time>
      </trkpt>
      <trkpt lat="49.395888" lon="7.652622">
        <ele>343.405124</ele>
        <time>2026-07-02T13:23:01.062Z</time>
      </trkpt>
      <trkpt lat="49.395906" lon="7.652452">
        <ele>343.583476</ele>
        <time>2026-07-02T13:23:05.488Z</time>
      </trkpt>
      <trkpt lat="49.395966" lon="7.652392">
        <ele>343.689925</ele>
        <time>2026-07-02T13:23:08.286Z</time>
      </trkpt>
      <trkpt lat="49.396047" lon="7.652367">
        <ele>343.792560</ele>
        <time>2026-07-02T13:23:11.472Z</time>
      </trkpt>
      <trkpt lat="49.396470" lon="7.652398">
        <ele>344.291005</ele>
        <time>2026-07-02T13:23:27.437Z</time>
      </trkpt>
      <trkpt lat="49.396572" lon="7.652353">
        <ele>344.404894</ele>
        <time>2026-07-02T13:23:31.373Z</time>
      </trkpt>
      <trkpt lat="49.397070" lon="7.651591">
        <ele>345.228517</ele>
        <time>2026-07-02T13:23:57.302Z</time>
      </trkpt>
      <trkpt lat="49.397394" lon="7.651393">
        <ele>345.948564</ele>
        <time>2026-07-02T13:24:11.987Z</time>
      </trkpt>
      <trkpt lat="49.397576" lon="7.651235">
        <ele>346.513327</ele>
        <time>2026-07-02T13:24:21.561Z</time>
      </trkpt>
      <trkpt lat="49.397721" lon="7.651038">
        <ele>347.126417</ele>
        <time>2026-07-02T13:24:30.858Z</time>
      </trkpt>
      <trkpt lat="49.397741" lon="7.650859">
        <ele>347.538749</ele>
        <time>2026-07-02T13:24:36.748Z</time>
      </trkpt>
      <trkpt lat="49.397731" lon="7.650715">
        <ele>347.890253</ele>
        <time>2026-07-02T13:24:41.569Z</time>
      </trkpt>
      <trkpt lat="49.397265" lon="7.649187">
        <ele>352.225265</ele>
        <time>2026-07-02T13:25:38.248Z</time>
      </trkpt>
      <trkpt lat="49.397270" lon="7.648989">
        <ele>352.794910</ele>
        <time>2026-07-02T13:25:45.125Z</time>
      </trkpt>
      <trkpt lat="49.397302" lon="7.648861">
        <ele>353.182988</ele>
        <time>2026-07-02T13:25:49.815Z</time>
      </trkpt>
      <trkpt lat="49.397389" lon="7.648422">
        <ele>354.371897</ele>
        <time>2026-07-02T13:26:05.541Z</time>
      </trkpt>
      <trkpt lat="49.396762" lon="7.647060">
        <ele>358.398809</ele>
        <time>2026-07-02T13:26:59.911Z</time>
      </trkpt>
      <trkpt lat="49.396426" lon="7.646052">
        <ele>361.122434</ele>
        <time>2026-07-02T13:27:37.085Z</time>
      </trkpt>
      <trkpt lat="49.395764" lon="7.644066">
        <ele>367.023358</ele>
        <time>2026-07-02T13:28:52.511Z</time>
      </trkpt>
      <trkpt lat="49.395423" lon="7.643430">
        <ele>369.659225</ele>
        <time>2026-07-02T13:29:22.878Z</time>
      </trkpt>
      <trkpt lat="49.395260" lon="7.643070">
        <ele>371.272870</ele>
        <time>2026-07-02T13:29:40.026Z</time>
      </trkpt>
      <trkpt lat="49.394956" lon="7.642265">
        <ele>374.499610</ele>
        <time>2026-07-02T13:30:15.870Z</time>
      </trkpt>
      <trkpt lat="49.394652" lon="7.641629">
        <ele>376.518626</ele>
        <time>2026-07-02T13:30:42.416Z</time>
      </trkpt>
      <trkpt lat="49.394165" lon="7.640507">
        <ele>378.510023</ele>
        <time>2026-07-02T13:31:20.834Z</time>
      </trkpt>
      <trkpt lat="49.393622" lon="7.639388">
        <ele>377.655749</ele>
        <time>2026-07-02T13:31:47.459Z</time>
      </trkpt>
      <trkpt lat="49.393254" lon="7.638427">
        <ele>375.106397</ele>
        <time>2026-07-02T13:32:05.786Z</time>
      </trkpt>
      <trkpt lat="49.392356" lon="7.635965">
        <ele>364.858056</ele>
        <time>2026-07-02T13:32:49.143Z</time>
      </trkpt>
      <trkpt lat="49.392167" lon="7.635485">
        <ele>363.415185</ele>
        <time>2026-07-02T13:32:58.315Z</time>
      </trkpt>
      <trkpt lat="49.392111" lon="7.635347">
        <ele>363.029995</ele>
        <time>2026-07-02T13:32:59.909Z</time>
      </trkpt>
      <trkpt lat="49.391925" lon="7.634891">
        <ele>362.045669</ele>
        <time>2026-07-02T13:33:05.360Z</time>
      </trkpt>
      <trkpt lat="49.391742" lon="7.634530">
        <ele>361.434414</ele>
        <time>2026-07-02T13:33:10.330Z</time>
      </trkpt>
      <trkpt lat="49.391304" lon="7.634150">
        <ele>360.900849</ele>
        <time>2026-07-02T13:33:19.284Z</time>
      </trkpt>
      <trkpt lat="49.390664" lon="7.633652">
        <ele>360.167886</ele>
        <time>2026-07-02T13:33:32.138Z</time>
      </trkpt>
      <trkpt lat="49.390087" lon="7.633292">
        <ele>359.241360</ele>
        <time>2026-07-02T13:33:42.781Z</time>
      </trkpt>
      <trkpt lat="49.389199" lon="7.632895">
        <ele>356.612081</ele>
        <time>2026-07-02T13:33:57.215Z</time>
      </trkpt>
      <trkpt lat="49.388683" lon="7.632537">
        <ele>354.269447</ele>
        <time>2026-07-02T13:34:05.485Z</time>
      </trkpt>
      <trkpt lat="49.388154" lon="7.632053">
        <ele>352.523797</ele>
        <time>2026-07-02T13:34:14.959Z</time>
      </trkpt>
      <trkpt lat="49.387761" lon="7.631843">
        <ele>352.192565</ele>
        <time>2026-07-02T13:34:22.625Z</time>
      </trkpt>
      <trkpt lat="49.387407" lon="7.631595">
        <ele>352.553073</ele>
        <time>2026-07-02T13:34:32.817Z</time>
      </trkpt>
      <trkpt lat="49.387274" lon="7.631459">
        <ele>352.924102</ele>
        <time>2026-07-02T13:34:37.937Z</time>
      </trkpt>
      <trkpt lat="49.387105" lon="7.631173">
        <ele>353.638621</ele>
        <time>2026-07-02T13:34:46.664Z</time>
      </trkpt>
      <trkpt lat="49.386659" lon="7.630150">
        <ele>356.642101</ele>
        <time>2026-07-02T13:35:18.200Z</time>
      </trkpt>
      <trkpt lat="49.386500" lon="7.629860">
        <ele>357.323189</ele>
        <time>2026-07-02T13:35:26.878Z</time>
      </trkpt>
      <trkpt lat="49.385863" lon="7.629223">
        <ele>358.426639</ele>
        <time>2026-07-02T13:35:47.488Z</time>
      </trkpt>
      <trkpt lat="49.385438" lon="7.628610">
        <ele>357.933176</ele>
        <time>2026-07-02T13:35:58.182Z</time>
      </trkpt>
      <trkpt lat="49.385100" lon="7.627450">
        <ele>356.259801</ele>
        <time>2026-07-02T13:36:11.771Z</time>
      </trkpt>
      <trkpt lat="49.385382" lon="7.625149">
        <ele>352.096714</ele>
        <time>2026-07-02T13:36:35.625Z</time>
      </trkpt>
      <trkpt lat="49.385783" lon="7.623210">
        <ele>348.239155</ele>
        <time>2026-07-02T13:36:56.261Z</time>
      </trkpt>
      <trkpt lat="49.385796" lon="7.622092">
        <ele>344.967737</ele>
        <time>2026-07-02T13:37:06.748Z</time>
      </trkpt>
      <trkpt lat="49.385773" lon="7.621872">
        <ele>344.226416</ele>
        <time>2026-07-02T13:37:08.792Z</time>
      </trkpt>
      <trkpt lat="49.385802" lon="7.621713">
        <ele>343.673247</ele>
        <time>2026-07-02T13:37:10.307Z</time>
      </trkpt>
      <trkpt lat="49.386085" lon="7.620817">
        <ele>340.385385</ele>
        <time>2026-07-02T13:37:19.437Z</time>
      </trkpt>
      <trkpt lat="49.386368" lon="7.620411">
        <ele>339.143176</ele>
        <time>2026-07-02T13:37:25.389Z</time>
      </trkpt>
      <trkpt lat="49.386610" lon="7.620138">
        <ele>338.533753</ele>
        <time>2026-07-02T13:37:30.409Z</time>
      </trkpt>
      <trkpt lat="49.386625" lon="7.619985">
        <ele>338.385263</ele>
        <time>2026-07-02T13:37:32.120Z</time>
      </trkpt>
      <trkpt lat="49.386561" lon="7.619849">
        <ele>338.234491</ele>
        <time>2026-07-02T13:37:33.888Z</time>
      </trkpt>
      <trkpt lat="49.386487" lon="7.619694">
        <ele>338.092698</ele>
        <time>2026-07-02T13:37:35.947Z</time>
      </trkpt>
      <trkpt lat="49.386673" lon="7.619444">
        <ele>337.837206</ele>
        <time>2026-07-02T13:37:40.146Z</time>
      </trkpt>
      <trkpt lat="49.386874" lon="7.619175">
        <ele>337.727747</ele>
        <time>2026-07-02T13:37:44.980Z</time>
      </trkpt>
      <trkpt lat="49.387240" lon="7.618529">
        <ele>338.059153</ele>
        <time>2026-07-02T13:37:57.130Z</time>
      </trkpt>
      <trkpt lat="49.387412" lon="7.618127">
        <ele>338.484956</ele>
        <time>2026-07-02T13:38:05.436Z</time>
      </trkpt>
      <trkpt lat="49.387527" lon="7.617795">
        <ele>338.793251</ele>
        <time>2026-07-02T13:38:11.661Z</time>
      </trkpt>
      <trkpt lat="49.387819" lon="7.616377">
        <ele>339.827324</ele>
        <time>2026-07-02T13:38:35.278Z</time>
      </trkpt>
      <trkpt lat="49.387838" lon="7.616299">
        <ele>339.904473</ele>
        <time>2026-07-02T13:38:36.763Z</time>
      </trkpt>
      <trkpt lat="49.387963" lon="7.615925">
        <ele>340.303048</ele>
        <time>2026-07-02T13:38:44.041Z</time>
      </trkpt>
      <trkpt lat="49.388007" lon="7.615527">
        <ele>340.714302</ele>
        <time>2026-07-02T13:38:51.266Z</time>
      </trkpt>
      <trkpt lat="49.388071" lon="7.615217">
        <ele>341.108638</ele>
        <time>2026-07-02T13:38:57.156Z</time>
      </trkpt>
      <trkpt lat="49.388598" lon="7.614245">
        <ele>342.772432</ele>
        <time>2026-07-02T13:39:21.592Z</time>
      </trkpt>
      <trkpt lat="49.389007" lon="7.613405">
        <ele>343.979317</ele>
        <time>2026-07-02T13:39:40.552Z</time>
      </trkpt>
      <trkpt lat="49.389232" lon="7.613129">
        <ele>344.405337</ele>
        <time>2026-07-02T13:39:48.069Z</time>
      </trkpt>
      <trkpt lat="49.389849" lon="7.612757">
        <ele>345.368808</ele>
        <time>2026-07-02T13:40:05.546Z</time>
      </trkpt>
      <trkpt lat="49.390056" lon="7.612594">
        <ele>345.631683</ele>
        <time>2026-07-02T13:40:11.389Z</time>
      </trkpt>
      <trkpt lat="49.390145" lon="7.612462">
        <ele>345.764327</ele>
        <time>2026-07-02T13:40:14.398Z</time>
      </trkpt>
      <trkpt lat="49.390277" lon="7.612159">
        <ele>346.003870</ele>
        <time>2026-07-02T13:40:20.065Z</time>
      </trkpt>
      <trkpt lat="49.390391" lon="7.612055">
        <ele>346.121827</ele>
        <time>2026-07-02T13:40:23.411Z</time>
      </trkpt>
      <trkpt lat="49.390525" lon="7.612022">
        <ele>346.313845</ele>
        <time>2026-07-02T13:40:26.924Z</time>
      </trkpt>
      <trkpt lat="49.390711" lon="7.612081">
        <ele>346.647114</ele>
        <time>2026-07-02T13:40:32.038Z</time>
      </trkpt>
      <trkpt lat="49.390932" lon="7.612249">
        <ele>347.244680</ele>
        <time>2026-07-02T13:40:39.794Z</time>
      </trkpt>
      <trkpt lat="49.391072" lon="7.612356">
        <ele>347.716121</ele>
        <time>2026-07-02T13:40:45.350Z</time>
      </trkpt>
      <trkpt lat="49.390999" lon="7.612862">
        <ele>348.962660</ele>
        <time>2026-07-02T13:40:57.764Z</time>
      </trkpt>
      <trkpt lat="49.390872" lon="7.613368">
        <ele>350.668834</ele>
        <time>2026-07-02T13:41:12.919Z</time>
      </trkpt>
      <trkpt lat="49.391133" lon="7.613698">
        <ele>352.734936</ele>
        <time>2026-07-02T13:41:30.098Z</time>
      </trkpt>
      <trkpt lat="49.391456" lon="7.614197">
        <ele>355.919014</ele>
        <time>2026-07-02T13:41:55.442Z</time>
      </trkpt>
      <trkpt lat="49.391523" lon="7.614127">
        <ele>356.523291</ele>
        <time>2026-07-02T13:42:00.118Z</time>
      </trkpt>
      <trkpt lat="49.391590" lon="7.613975">
        <ele>357.457706</ele>
        <time>2026-07-02T13:42:07.108Z</time>
      </trkpt>
      <trkpt lat="49.391754" lon="7.613252">
        <ele>361.697768</ele>
        <time>2026-07-02T13:42:37.919Z</time>
      </trkpt>
      <trkpt lat="49.391874" lon="7.613009">
        <ele>363.424593</ele>
        <time>2026-07-02T13:42:50.508Z</time>
      </trkpt>
      <trkpt lat="49.392018" lon="7.612856">
        <ele>365.038012</ele>
        <time>2026-07-02T13:43:02.003Z</time>
      </trkpt>
      <trkpt lat="49.392248" lon="7.612725">
        <ele>367.421115</ele>
        <time>2026-07-02T13:43:18.552Z</time>
      </trkpt>
      <trkpt lat="49.392508" lon="7.612647">
        <ele>370.144486</ele>
        <time>2026-07-02T13:43:37.440Z</time>
      </trkpt>
      <trkpt lat="49.392702" lon="7.612626">
        <ele>372.408001</ele>
        <time>2026-07-02T13:43:52.302Z</time>
      </trkpt>
      <trkpt lat="49.393230" lon="7.612668">
        <ele>379.463671</ele>
        <time>2026-07-02T13:44:37.855Z</time>
      </trkpt>
      <trkpt lat="49.393339" lon="7.612711">
        <ele>381.168673</ele>
        <time>2026-07-02T13:44:48.524Z</time>
      </trkpt>
      <trkpt lat="49.393576" lon="7.612892">
        <ele>385.344798</ele>
        <time>2026-07-02T13:45:15.080Z</time>
      </trkpt>
      <trkpt lat="49.393794" lon="7.613189">
        <ele>390.135347</ele>
        <time>2026-07-02T13:45:45.612Z</time>
      </trkpt>
      <trkpt lat="49.394289" lon="7.614047">
        <ele>401.239447</ele>
        <time>2026-07-02T13:46:56.199Z</time>
      </trkpt>
      <trkpt lat="49.394309" lon="7.614172">
        <ele>402.425728</ele>
        <time>2026-07-02T13:47:03.827Z</time>
      </trkpt>
      <trkpt lat="49.394243" lon="7.614286">
        <ele>403.776681</ele>
        <time>2026-07-02T13:47:12.376Z</time>
      </trkpt>
      <trkpt lat="49.393905" lon="7.614314">
        <ele>408.061322</ele>
        <time>2026-07-02T13:47:40.776Z</time>
      </trkpt>
      <trkpt lat="49.393783" lon="7.614355">
        <ele>409.571281</ele>
        <time>2026-07-02T13:47:50.843Z</time>
      </trkpt>
      <trkpt lat="49.393730" lon="7.614446">
        <ele>410.495821</ele>
        <time>2026-07-02T13:47:57.182Z</time>
      </trkpt>
      <trkpt lat="49.393711" lon="7.614642">
        <ele>411.979585</ele>
        <time>2026-07-02T13:48:07.283Z</time>
      </trkpt>
      <trkpt lat="49.393751" lon="7.614837">
        <ele>413.470874</ele>
        <time>2026-07-02T13:48:17.447Z</time>
      </trkpt>
      <trkpt lat="49.393847" lon="7.615012">
        <ele>415.068849</ele>
        <time>2026-07-02T13:48:28.608Z</time>
      </trkpt>
      <trkpt lat="49.394264" lon="7.615272">
        <ele>419.773031</ele>
        <time>2026-07-02T13:49:00.677Z</time>
      </trkpt>
      <trkpt lat="49.394375" lon="7.615404">
        <ele>421.327159</ele>
        <time>2026-07-02T13:49:11.439Z</time>
      </trkpt>
      <trkpt lat="49.394740" lon="7.616240">
        <ele>429.272230</ele>
        <time>2026-07-02T13:50:05.243Z</time>
      </trkpt>
      <trkpt lat="49.395219" lon="7.617446">
        <ele>439.590989</ele>
        <time>2026-07-02T13:51:16.413Z</time>
      </trkpt>
      <trkpt lat="49.394825" lon="7.619390">
        <ele>450.450335</ele>
        <time>2026-07-02T13:52:37.044Z</time>
      </trkpt>
      <trkpt lat="49.394810" lon="7.619598">
        <ele>451.368328</ele>
        <time>2026-07-02T13:52:44.312Z</time>
      </trkpt>
      <trkpt lat="49.394826" lon="7.619817">
        <ele>452.315360</ele>
        <time>2026-07-02T13:52:51.908Z</time>
      </trkpt>
      <trkpt lat="49.394882" lon="7.620054">
        <ele>453.386241</ele>
        <time>2026-07-02T13:53:00.519Z</time>
      </trkpt>
      <trkpt lat="49.394981" lon="7.620247">
        <ele>454.352136</ele>
        <time>2026-07-02T13:53:08.860Z</time>
      </trkpt>
      <trkpt lat="49.395802" lon="7.621552">
        <ele>460.726849</ele>
        <time>2026-07-02T13:54:04.776Z</time>
      </trkpt>
      <trkpt lat="49.396180" lon="7.622104">
        <ele>462.486786</ele>
        <time>2026-07-02T13:54:24.676Z</time>
      </trkpt>
      <trkpt lat="49.398073" lon="7.624722">
        <ele>466.199482</ele>
        <time>2026-07-02T13:55:34.057Z</time>
      </trkpt>
      <trkpt lat="49.398235" lon="7.624936">
        <ele>466.467402</ele>
        <time>2026-07-02T13:55:39.695Z</time>
      </trkpt>
      <trkpt lat="49.398931" lon="7.626107">
        <ele>467.583528</ele>
        <time>2026-07-02T13:56:17.827Z</time>
      </trkpt>
      <trkpt lat="49.399015" lon="7.626324">
        <ele>467.690207</ele>
        <time>2026-07-02T13:56:23.697Z</time>
      </trkpt>
      <trkpt lat="49.399434" lon="7.627871">
        <ele>468.175986</ele>
        <time>2026-07-02T13:57:00.679Z</time>
      </trkpt>
      <trkpt lat="49.399559" lon="7.628156">
        <ele>468.195142</ele>
        <time>2026-07-02T13:57:07.921Z</time>
      </trkpt>
      <trkpt lat="49.399712" lon="7.628199">
        <ele>468.020151</ele>
        <time>2026-07-02T13:57:12.794Z</time>
      </trkpt>
      <trkpt lat="49.400002" lon="7.629265">
        <ele>466.188001</ele>
        <time>2026-07-02T13:57:32.911Z</time>
      </trkpt>
      <trkpt lat="49.400098" lon="7.629626">
        <ele>464.872550</ele>
        <time>2026-07-02T13:57:39.026Z</time>
      </trkpt>
      <trkpt lat="49.397808" lon="7.631262">
        <ele>439.770686</ele>
        <time>2026-07-02T13:58:33.237Z</time>
      </trkpt>
      <trkpt lat="49.397798" lon="7.631514">
        <ele>438.009286</ele>
        <time>2026-07-02T13:58:36.720Z</time>
      </trkpt>
      <trkpt lat="49.397611" lon="7.632258">
        <ele>432.538331</ele>
        <time>2026-07-02T13:58:47.776Z</time>
      </trkpt>
      <trkpt lat="49.397574" lon="7.633155">
        <ele>426.947127</ele>
        <time>2026-07-02T13:59:00.396Z</time>
      </trkpt>
      <trkpt lat="49.397586" lon="7.633510">
        <ele>425.099850</ele>
        <time>2026-07-02T13:59:05.511Z</time>
      </trkpt>
      <trkpt lat="49.397720" lon="7.634388">
        <ele>422.422276</ele>
        <time>2026-07-02T13:59:19.771Z</time>
      </trkpt>
      <trkpt lat="49.397860" lon="7.634809">
        <ele>422.187300</ele>
        <time>2026-07-02T13:59:29.255Z</time>
      </trkpt>
      <trkpt lat="49.397911" lon="7.634887">
        <ele>422.212907</ele>
        <time>2026-07-02T13:59:32.151Z</time>
      </trkpt>
      <trkpt lat="49.397977" lon="7.634944">
        <ele>422.378340</ele>
        <time>2026-07-02T13:59:35.014Z</time>
      </trkpt>
      <trkpt lat="49.398312" lon="7.634715">
        <ele>423.328816</ele>
        <time>2026-07-02T13:59:51.945Z</time>
      </trkpt>
      <trkpt lat="49.398634" lon="7.634415">
        <ele>424.705686</ele>
        <time>2026-07-02T14:00:10.845Z</time>
      </trkpt>
      <trkpt lat="49.398757" lon="7.634207">
        <ele>425.360243</ele>
        <time>2026-07-02T14:00:20.049Z</time>
      </trkpt>
      <trkpt lat="49.398972" lon="7.634107">
        <ele>426.045949</ele>
        <time>2026-07-02T14:00:30.843Z</time>
      </trkpt>
      <trkpt lat="49.399203" lon="7.634070">
        <ele>426.452603</ele>
        <time>2026-07-02T14:00:40.514Z</time>
      </trkpt>
      <trkpt lat="49.399617" lon="7.634220">
        <ele>426.152668</ele>
        <time>2026-07-02T14:00:53.574Z</time>
      </trkpt>
      <trkpt lat="49.400573" lon="7.634694">
        <ele>422.897174</ele>
        <time>2026-07-02T14:01:19.133Z</time>
      </trkpt>
      <trkpt lat="49.400823" lon="7.634754">
        <ele>421.998450</ele>
        <time>2026-07-02T14:01:25.559Z</time>
      </trkpt>
      <trkpt lat="49.401543" lon="7.634764">
        <ele>419.397554</ele>
        <time>2026-07-02T14:01:43.862Z</time>
      </trkpt>
      <trkpt lat="49.401831" lon="7.634635">
        <ele>418.141027</ele>
        <time>2026-07-02T14:01:51.452Z</time>
      </trkpt>
      <trkpt lat="49.403065" lon="7.634375">
        <ele>410.131031</ele>
        <time>2026-07-02T14:02:20.141Z</time>
      </trkpt>
      <trkpt lat="49.403367" lon="7.634135">
        <ele>407.318096</ele>
        <time>2026-07-02T14:02:27.661Z</time>
      </trkpt>
      <trkpt lat="49.403744" lon="7.634093">
        <ele>404.184697</ele>
        <time>2026-07-02T14:02:36.023Z</time>
      </trkpt>
      <trkpt lat="49.403829" lon="7.634048">
        <ele>403.430811</ele>
        <time>2026-07-02T14:02:38.000Z</time>
      </trkpt>
      <trkpt lat="49.404068" lon="7.633683">
        <ele>400.726627</ele>
        <time>2026-07-02T14:02:45.459Z</time>
      </trkpt>
      <trkpt lat="49.404201" lon="7.633516">
        <ele>399.448660</ele>
        <time>2026-07-02T14:02:49.329Z</time>
      </trkpt>
      <trkpt lat="49.404781" lon="7.632930">
        <ele>395.145970</ele>
        <time>2026-07-02T14:03:05.508Z</time>
      </trkpt>
      <trkpt lat="49.404995" lon="7.632769">
        <ele>393.969668</ele>
        <time>2026-07-02T14:03:11.245Z</time>
      </trkpt>
      <trkpt lat="49.405069" lon="7.632366">
        <ele>392.519969</ele>
        <time>2026-07-02T14:03:15.090Z</time>
      </trkpt>
      <trkpt lat="49.405111" lon="7.631153">
        <ele>388.444594</ele>
        <time>2026-07-02T14:03:26.243Z</time>
      </trkpt>
      <trkpt lat="49.405075" lon="7.629423">
        <ele>383.847951</ele>
        <time>2026-07-02T14:03:42.712Z</time>
      </trkpt>
      <trkpt lat="49.404903" lon="7.628023">
        <ele>383.091241</ele>
        <time>2026-07-02T14:03:59.776Z</time>
      </trkpt>
      <trkpt lat="49.404665" lon="7.626660">
        <ele>384.798534</ele>
        <time>2026-07-02T14:04:27.082Z</time>
      </trkpt>
      <trkpt lat="49.404717" lon="7.626639">
        <ele>384.905274</ele>
        <time>2026-07-02T14:04:29.227Z</time>
      </trkpt>
      <trkpt lat="49.404647" lon="7.626039">
        <ele>385.655208</ele>
        <time>2026-07-02T14:04:45.791Z</time>
      </trkpt>
      <trkpt lat="49.404469" lon="7.625518">
        <ele>385.911189</ele>
        <time>2026-07-02T14:04:59.345Z</time>
      </trkpt>
      <trkpt lat="49.404444" lon="7.625398">
        <ele>385.944045</ele>
        <time>2026-07-02T14:05:02.110Z</time>
      </trkpt>
      <trkpt lat="49.404311" lon="7.624752">
        <ele>385.789406</ele>
        <time>2026-07-02T14:05:15.659Z</time>
      </trkpt>
      <trkpt lat="49.404239" lon="7.624172">
        <ele>385.463368</ele>
        <time>2026-07-02T14:05:27.019Z</time>
      </trkpt>
      <trkpt lat="49.404165" lon="7.623900">
        <ele>385.178318</ele>
        <time>2026-07-02T14:05:32.480Z</time>
      </trkpt>
      <trkpt lat="49.403902" lon="7.622942">
        <ele>383.894565</ele>
        <time>2026-07-02T14:05:51.138Z</time>
      </trkpt>
      <trkpt lat="49.403860" lon="7.622719">
        <ele>383.554760</ele>
        <time>2026-07-02T14:05:55.235Z</time>
      </trkpt>
      <trkpt lat="49.404083" lon="7.620015">
        <ele>378.800960</ele>
        <time>2026-07-02T14:06:42.169Z</time>
      </trkpt>
      <trkpt lat="49.404293" lon="7.618556">
        <ele>374.306749</ele>
        <time>2026-07-02T14:07:05.855Z</time>
      </trkpt>
      <trkpt lat="49.404321" lon="7.618020">
        <ele>372.210220</ele>
        <time>2026-07-02T14:07:14.013Z</time>
      </trkpt>
      <trkpt lat="49.404426" lon="7.617111">
        <ele>368.614032</ele>
        <time>2026-07-02T14:07:28.029Z</time>
      </trkpt>
      <trkpt lat="49.404421" lon="7.617010">
        <ele>368.229730</ele>
        <time>2026-07-02T14:07:29.592Z</time>
      </trkpt>
      <trkpt lat="49.404572" lon="7.616818">
        <ele>367.222346</ele>
        <time>2026-07-02T14:07:34.271Z</time>
      </trkpt>
      <trkpt lat="49.404655" lon="7.616776">
        <ele>366.847299</ele>
        <time>2026-07-02T14:07:36.393Z</time>
      </trkpt>
      <trkpt lat="49.404739" lon="7.616732">
        <ele>366.492060</ele>
        <time>2026-07-02T14:07:38.592Z</time>
      </trkpt>
      <trkpt lat="49.404726" lon="7.616073">
        <ele>365.380345</ele>
        <time>2026-07-02T14:07:49.847Z</time>
      </trkpt>
      <trkpt lat="49.404490" lon="7.615207">
        <ele>365.775403</ele>
        <time>2026-07-02T14:08:10.794Z</time>
      </trkpt>
      <trkpt lat="49.404299" lon="7.612935">
        <ele>372.096605</ele>
        <time>2026-07-02T14:09:31.232Z</time>
      </trkpt>
      <trkpt lat="49.404135" lon="7.611464">
        <ele>376.175806</ele>
        <time>2026-07-02T14:10:23.008Z</time>
      </trkpt>
      <trkpt lat="49.404177" lon="7.609712">
        <ele>378.839275</ele>
        <time>2026-07-02T14:11:12.710Z</time>
      </trkpt>
      <trkpt lat="49.404127" lon="7.609305">
        <ele>379.166343</ele>
        <time>2026-07-02T14:11:22.620Z</time>
      </trkpt>
      <trkpt lat="49.403900" lon="7.608157">
        <ele>379.585321</ele>
        <time>2026-07-02T14:11:49.347Z</time>
      </trkpt>
      <trkpt lat="49.403742" lon="7.607167">
        <ele>379.573212</ele>
        <time>2026-07-02T14:12:10.643Z</time>
      </trkpt>
      <trkpt lat="49.403516" lon="7.605749">
        <ele>378.810329</ele>
        <time>2026-07-02T14:12:38.565Z</time>
      </trkpt>
      <trkpt lat="49.403378" lon="7.605011">
        <ele>378.499308</ele>
        <time>2026-07-02T14:12:53.664Z</time>
      </trkpt>
      <trkpt lat="49.403905" lon="7.604411">
        <ele>378.118920</ele>
        <time>2026-07-02T14:13:06.697Z</time>
      </trkpt>
      <trkpt lat="49.404689" lon="7.603706">
        <ele>377.605517</ele>
        <time>2026-07-02T14:13:34.850Z</time>
      </trkpt>
      <trkpt lat="49.405744" lon="7.603199">
        <ele>374.540836</ele>
        <time>2026-07-02T14:14:03.715Z</time>
      </trkpt>
      <trkpt lat="49.406261" lon="7.602972">
        <ele>372.532481</ele>
        <time>2026-07-02T14:14:17.210Z</time>
      </trkpt>
      <trkpt lat="49.406126" lon="7.602718">
        <ele>371.851744</ele>
        <time>2026-07-02T14:14:22.702Z</time>
      </trkpt>
      <trkpt lat="49.405774" lon="7.602344">
        <ele>370.815904</ele>
        <time>2026-07-02T14:14:34.149Z</time>
      </trkpt>
      <trkpt lat="49.404989" lon="7.601940">
        <ele>369.096191</ele>
        <time>2026-07-02T14:14:56.834Z</time>
      </trkpt>
      <trkpt lat="49.404758" lon="7.601888">
        <ele>368.585544</ele>
        <time>2026-07-02T14:15:03.197Z</time>
      </trkpt>
      <trkpt lat="49.404842" lon="7.601816">
        <ele>368.353195</ele>
        <time>2026-07-02T14:15:05.732Z</time>
      </trkpt>
      <trkpt lat="49.404976" lon="7.601773">
        <ele>367.928234</ele>
        <time>2026-07-02T14:15:09.324Z</time>
      </trkpt>
      <trkpt lat="49.405560" lon="7.601816">
        <ele>365.530212</ele>
        <time>2026-07-02T14:15:23.853Z</time>
      </trkpt>
      <trkpt lat="49.405894" lon="7.601749">
        <ele>363.547797</ele>
        <time>2026-07-02T14:15:31.732Z</time>
      </trkpt>
      <trkpt lat="49.406226" lon="7.601789">
        <ele>361.275756</ele>
        <time>2026-07-02T14:15:39.329Z</time>
      </trkpt>
      <trkpt lat="49.406290" lon="7.601797">
        <ele>360.824500</ele>
        <time>2026-07-02T14:15:40.792Z</time>
      </trkpt>
      <trkpt lat="49.406512" lon="7.601696">
        <ele>359.211537</ele>
        <time>2026-07-02T14:15:46.047Z</time>
      </trkpt>
      <trkpt lat="49.406736" lon="7.601667">
        <ele>357.730302</ele>
        <time>2026-07-02T14:15:51.215Z</time>
      </trkpt>
      <trkpt lat="49.407161" lon="7.601821">
        <ele>355.174570</ele>
        <time>2026-07-02T14:16:01.427Z</time>
      </trkpt>
      <trkpt lat="49.407513" lon="7.601817">
        <ele>353.828290</ele>
        <time>2026-07-02T14:16:10.240Z</time>
      </trkpt>
      <trkpt lat="49.407813" lon="7.601124">
        <ele>353.004864</ele>
        <time>2026-07-02T14:16:20.153Z</time>
      </trkpt>
      <trkpt lat="49.407920" lon="7.600925">
        <ele>353.206876</ele>
        <time>2026-07-02T14:16:26.261Z</time>
      </trkpt>
      <trkpt lat="49.408478" lon="7.600796">
        <ele>355.106164</ele>
        <time>2026-07-02T14:16:54.016Z</time>
      </trkpt>
      <trkpt lat="49.408818" lon="7.600650">
        <ele>356.897820</ele>
        <time>2026-07-02T14:17:14.511Z</time>
      </trkpt>
      <trkpt lat="49.408999" lon="7.600572">
        <ele>357.862313</ele>
        <time>2026-07-02T14:17:25.434Z</time>
      </trkpt>
      <trkpt lat="49.409260" lon="7.600388">
        <ele>359.182025</ele>
        <time>2026-07-02T14:17:41.199Z</time>
      </trkpt>
      <trkpt lat="49.409466" lon="7.600044">
        <ele>360.251862</ele>
        <time>2026-07-02T14:17:56.778Z</time>
      </trkpt>
      <trkpt lat="49.409632" lon="7.598848">
        <ele>361.903597</ele>
        <time>2026-07-02T14:18:30.118Z</time>
      </trkpt>
      <trkpt lat="49.409554" lon="7.597870">
        <ele>361.470381</ele>
        <time>2026-07-02T14:18:49.161Z</time>
      </trkpt>
      <trkpt lat="49.409157" lon="7.596609">
        <ele>360.150364</ele>
        <time>2026-07-02T14:19:15.041Z</time>
      </trkpt>
      <trkpt lat="49.408824" lon="7.595680">
        <ele>358.424628</ele>
        <time>2026-07-02T14:19:33.445Z</time>
      </trkpt>
      <trkpt lat="49.408773" lon="7.595540">
        <ele>358.170475</ele>
        <time>2026-07-02T14:19:36.314Z</time>
      </trkpt>
      <trkpt lat="49.408752" lon="7.595341">
        <ele>357.853052</ele>
        <time>2026-07-02T14:19:39.756Z</time>
      </trkpt>
      <trkpt lat="49.408756" lon="7.595218">
        <ele>357.600148</ele>
        <time>2026-07-02T14:19:41.766Z</time>
      </trkpt>
      <trkpt lat="49.408819" lon="7.595010">
        <ele>357.109265</ele>
        <time>2026-07-02T14:19:45.603Z</time>
      </trkpt>
      <trkpt lat="49.408921" lon="7.595382">
        <ele>356.258483</ele>
        <time>2026-07-02T14:19:49.934Z</time>
      </trkpt>
      <trkpt lat="49.408960" lon="7.595523">
        <ele>355.865800</ele>
        <time>2026-07-02T14:19:51.536Z</time>
      </trkpt>
      <trkpt lat="49.409565" lon="7.595530">
        <ele>353.329238</ele>
        <time>2026-07-02T14:20:06.401Z</time>
      </trkpt>
      <trkpt lat="49.409520" lon="7.595342">
        <ele>352.826208</ele>
        <time>2026-07-02T14:20:08.464Z</time>
      </trkpt>
      <trkpt lat="49.409390" lon="7.595028">
        <ele>351.955451</ele>
        <time>2026-07-02T14:20:12.416Z</time>
      </trkpt>
      <trkpt lat="49.409031" lon="7.594405">
        <ele>349.538844</ele>
        <time>2026-07-02T14:20:20.720Z</time>
      </trkpt>
      <trkpt lat="49.408998" lon="7.594274">
        <ele>349.163223</ele>
        <time>2026-07-02T14:20:22.181Z</time>
      </trkpt>
      <trkpt lat="49.408981" lon="7.594033">
        <ele>348.730922</ele>
        <time>2026-07-02T14:20:24.764Z</time>
      </trkpt>
      <trkpt lat="49.408891" lon="7.592963">
        <ele>347.540195</ele>
        <time>2026-07-02T14:20:37.299Z</time>
      </trkpt>
      <trkpt lat="49.408719" lon="7.591286">
        <ele>348.394554</ele>
        <time>2026-07-02T14:21:16.712Z</time>
      </trkpt>
      <trkpt lat="49.408859" lon="7.591067">
        <ele>348.788997</ele>
        <time>2026-07-02T14:21:23.455Z</time>
      </trkpt>
      <trkpt lat="49.408999" lon="7.590651">
        <ele>349.522785</ele>
        <time>2026-07-02T14:21:33.904Z</time>
      </trkpt>
      <trkpt lat="49.409270" lon="7.590202">
        <ele>350.558078</ele>
        <time>2026-07-02T14:21:47.475Z</time>
      </trkpt>
      <trkpt lat="49.409462" lon="7.589582">
        <ele>351.481614</ele>
        <time>2026-07-02T14:22:01.980Z</time>
      </trkpt>
      <trkpt lat="49.409698" lon="7.588618">
        <ele>352.633401</ele>
        <time>2026-07-02T14:22:22.151Z</time>
      </trkpt>
      <trkpt lat="49.409729" lon="7.588470">
        <ele>352.749750</ele>
        <time>2026-07-02T14:22:24.761Z</time>
      </trkpt>
      <trkpt lat="49.410015" lon="7.587142">
        <ele>352.564714</ele>
        <time>2026-07-02T14:22:43.584Z</time>
      </trkpt>
      <trkpt lat="49.410076" lon="7.586811">
        <ele>352.301081</ele>
        <time>2026-07-02T14:22:47.763Z</time>
      </trkpt>
      <trkpt lat="49.409923" lon="7.586253">
        <ele>351.808167</ele>
        <time>2026-07-02T14:22:59.144Z</time>
      </trkpt>
      <trkpt lat="49.409925" lon="7.585975">
        <ele>351.594006</ele>
        <time>2026-07-02T14:23:04.383Z</time>
      </trkpt>
      <trkpt lat="49.409969" lon="7.585744">
        <ele>351.429717</ele>
        <time>2026-07-02T14:23:08.893Z</time>
      </trkpt>
      <trkpt lat="49.410123" lon="7.585301">
        <ele>351.241630</ele>
        <time>2026-07-02T14:23:18.667Z</time>
      </trkpt>
      <trkpt lat="49.410378" lon="7.584567">
        <ele>351.288613</ele>
        <time>2026-07-02T14:23:36.371Z</time>
      </trkpt>
      <trkpt lat="49.410448" lon="7.584435">
        <ele>351.256058</ele>
        <time>2026-07-02T14:23:39.801Z</time>
      </trkpt>
      <trkpt lat="49.410486" lon="7.584303">
        <ele>351.228464</ele>
        <time>2026-07-02T14:23:42.674Z</time>
      </trkpt>
      <trkpt lat="49.410466" lon="7.584124">
        <ele>351.187699</ele>
        <time>2026-07-02T14:23:46.329Z</time>
      </trkpt>
      <trkpt lat="49.410235" lon="7.583554">
        <ele>351.024305</ele>
        <time>2026-07-02T14:23:59.636Z</time>
      </trkpt>
      <trkpt lat="49.410162" lon="7.583345">
        <ele>350.992163</ele>
        <time>2026-07-02T14:24:04.406Z</time>
      </trkpt>
      <trkpt lat="49.409965" lon="7.582571">
        <ele>350.893419</ele>
        <time>2026-07-02T14:24:21.340Z</time>
      </trkpt>
      <trkpt lat="49.409933" lon="7.582447">
        <ele>350.872673</ele>
        <time>2026-07-02T14:24:24.054Z</time>
      </trkpt>
      <trkpt lat="49.409859" lon="7.582306">
        <ele>350.791704</ele>
        <time>2026-07-02T14:24:27.679Z</time>
      </trkpt>
      <trkpt lat="49.409750" lon="7.582224">
        <ele>350.699593</ele>
        <time>2026-07-02T14:24:31.324Z</time>
      </trkpt>
      <trkpt lat="49.409632" lon="7.582191">
        <ele>350.591434</ele>
        <time>2026-07-02T14:24:34.812Z</time>
      </trkpt>
      <trkpt lat="49.409613" lon="7.582152">
        <ele>350.562773</ele>
        <time>2026-07-02T14:24:35.743Z</time>
      </trkpt>
      <trkpt lat="49.409476" lon="7.582246">
        <ele>350.393366</ele>
        <time>2026-07-02T14:24:40.054Z</time>
      </trkpt>
      <trkpt lat="49.409354" lon="7.582261">
        <ele>350.227549</ele>
        <time>2026-07-02T14:24:43.572Z</time>
      </trkpt>
      <trkpt lat="49.409476" lon="7.582246">
        <ele>350.070412</ele>
        <time>2026-07-02T14:24:47.085Z</time>
      </trkpt>
      <trkpt lat="49.409613" lon="7.582152">
        <ele>349.866075</ele>
        <time>2026-07-02T14:24:51.370Z</time>
      </trkpt>
      <trkpt lat="49.409621" lon="7.582094">
        <ele>349.788869</ele>
        <time>2026-07-02T14:24:52.452Z</time>
      </trkpt>
      <trkpt lat="49.409859" lon="7.582030">
        <ele>349.301064</ele>
        <time>2026-07-02T14:24:59.087Z</time>
      </trkpt>
      <trkpt lat="49.409985" lon="7.581908">
        <ele>348.994656</ele>
        <time>2026-07-02T14:25:03.067Z</time>
      </trkpt>
      <trkpt lat="49.410180" lon="7.581616">
        <ele>348.428811</ele>
        <time>2026-07-02T14:25:10.483Z</time>
      </trkpt>
      <trkpt lat="49.410252" lon="7.581355">
        <ele>348.118205</ele>
        <time>2026-07-02T14:25:15.700Z</time>
      </trkpt>
      <trkpt lat="49.410354" lon="7.581107">
        <ele>347.917881</ele>
        <time>2026-07-02T14:25:21.263Z</time>
      </trkpt>
      <trkpt lat="49.410453" lon="7.580920">
        <ele>347.797484</ele>
        <time>2026-07-02T14:25:25.934Z</time>
      </trkpt>
      <trkpt lat="49.410563" lon="7.580890">
        <ele>347.718898</ele>
        <time>2026-07-02T14:25:29.291Z</time>
      </trkpt>
      <trkpt lat="49.410620" lon="7.580831">
        <ele>347.672354</ele>
        <time>2026-07-02T14:25:31.363Z</time>
      </trkpt>
      <trkpt lat="49.410619" lon="7.580742">
        <ele>347.633130</ele>
        <time>2026-07-02T14:25:33.120Z</time>
      </trkpt>
      <trkpt lat="49.410480" lon="7.580292">
        <ele>347.508933</ele>
        <time>2026-07-02T14:25:43.021Z</time>
      </trkpt>
      <trkpt lat="49.410425" lon="7.580013">
        <ele>347.480213</ele>
        <time>2026-07-02T14:25:48.909Z</time>
      </trkpt>
      <trkpt lat="49.410340" lon="7.579791">
        <ele>347.434987</ele>
        <time>2026-07-02T14:25:54.133Z</time>
      </trkpt>
      <trkpt lat="49.410280" lon="7.579716">
        <ele>347.414560</ele>
        <time>2026-07-02T14:25:56.500Z</time>
      </trkpt>
      <trkpt lat="49.410059" lon="7.579634">
        <ele>347.499797</ele>
        <time>2026-07-02T14:26:04.092Z</time>
      </trkpt>
      <trkpt lat="49.409993" lon="7.579620">
        <ele>347.576574</ele>
        <time>2026-07-02T14:26:06.565Z</time>
      </trkpt>
      <trkpt lat="49.409953" lon="7.579483">
        <ele>347.689163</ele>
        <time>2026-07-02T14:26:10.447Z</time>
      </trkpt>
      <trkpt lat="49.409967" lon="7.579334">
        <ele>347.800315</ele>
        <time>2026-07-02T14:26:14.200Z</time>
      </trkpt>
      <trkpt lat="49.409981" lon="7.579111">
        <ele>347.962360</ele>
        <time>2026-07-02T14:26:19.666Z</time>
      </trkpt>
      <trkpt lat="49.410107" lon="7.578401">
        <ele>348.150017</ele>
        <time>2026-07-02T14:26:35.766Z</time>
      </trkpt>
      <trkpt lat="49.410153" lon="7.578294">
        <ele>348.027862</ele>
        <time>2026-07-02T14:26:38.245Z</time>
      </trkpt>
      <trkpt lat="49.410107" lon="7.578401">
        <ele>347.892002</ele>
        <time>2026-07-02T14:26:40.631Z</time>
      </trkpt>
      <trkpt lat="49.409981" lon="7.579111">
        <ele>346.431110</ele>
        <time>2026-07-02T14:26:53.021Z</time>
      </trkpt>
      <trkpt lat="49.409967" lon="7.579334">
        <ele>345.707343</ele>
        <time>2026-07-02T14:26:56.536Z</time>
      </trkpt>
      <trkpt lat="49.410056" lon="7.579097">
        <ele>344.620540</ele>
        <time>2026-07-02T14:27:00.689Z</time>
      </trkpt>
      <trkpt lat="49.410270" lon="7.578879">
        <ele>342.626853</ele>
        <time>2026-07-02T14:27:06.472Z</time>
      </trkpt>
      <trkpt lat="49.410371" lon="7.578869">
        <ele>341.760973</ele>
        <time>2026-07-02T14:27:08.664Z</time>
      </trkpt>
      <trkpt lat="49.410433" lon="7.578719">
        <ele>340.618201</ele>
        <time>2026-07-02T14:27:11.156Z</time>
      </trkpt>
      <trkpt lat="49.410511" lon="7.578637">
        <ele>339.642068</ele>
        <time>2026-07-02T14:27:13.174Z</time>
      </trkpt>
      <trkpt lat="49.410625" lon="7.578621">
        <ele>338.316804</ele>
        <time>2026-07-02T14:27:15.569Z</time>
      </trkpt>
      <trkpt lat="49.410745" lon="7.578684">
        <ele>336.750848</ele>
        <time>2026-07-02T14:27:18.215Z</time>
      </trkpt>
      <trkpt lat="49.411010" lon="7.578694">
        <ele>333.192629</ele>
        <time>2026-07-02T14:27:23.623Z</time>
      </trkpt>
      <trkpt lat="49.411209" lon="7.578535">
        <ele>330.115941</ele>
        <time>2026-07-02T14:27:28.215Z</time>
      </trkpt>
      <trkpt lat="49.411437" lon="7.578472">
        <ele>327.054093</ele>
        <time>2026-07-02T14:27:32.998Z</time>
      </trkpt>
      <trkpt lat="49.411602" lon="7.578319">
        <ele>324.737578</ele>
        <time>2026-07-02T14:27:37.003Z</time>
      </trkpt>
      <trkpt lat="49.411751" lon="7.577997">
        <ele>321.938141</ele>
        <time>2026-07-02T14:27:42.447Z</time>
      </trkpt>
      <trkpt lat="49.411780" lon="7.577809">
        <ele>320.748032</ele>
        <time>2026-07-02T14:27:45.130Z</time>
      </trkpt>
      <trkpt lat="49.411516" lon="7.576874">
        <ele>315.660884</ele>
        <time>2026-07-02T14:27:59.995Z</time>
      </trkpt>
      <trkpt lat="49.411405" lon="7.576640">
        <ele>314.911748</ele>
        <time>2026-07-02T14:28:04.597Z</time>
      </trkpt>
      <trkpt lat="49.411005" lon="7.575801">
        <ele>314.248096</ele>
        <time>2026-07-02T14:28:24.615Z</time>
      </trkpt>
      <trkpt lat="49.410949" lon="7.575570">
        <ele>314.419738</ele>
        <time>2026-07-02T14:28:31.514Z</time>
      </trkpt>
      <trkpt lat="49.410915" lon="7.575181">
        <ele>315.011236</ele>
        <time>2026-07-02T14:28:42.766Z</time>
      </trkpt>
      <trkpt lat="49.410848" lon="7.574776">
        <ele>315.719262</ele>
        <time>2026-07-02T14:28:54.853Z</time>
      </trkpt>
      <trkpt lat="49.410764" lon="7.574542">
        <ele>316.240092</ele>
        <time>2026-07-02T14:29:02.827Z</time>
      </trkpt>
      <trkpt lat="49.410511" lon="7.574229">
        <ele>317.412841</ele>
        <time>2026-07-02T14:29:18.939Z</time>
      </trkpt>
      <trkpt lat="49.410335" lon="7.573757">
        <ele>318.785122</ele>
        <time>2026-07-02T14:29:37.085Z</time>
      </trkpt>
      <trkpt lat="49.410061" lon="7.573180">
        <ele>320.444675</ele>
        <time>2026-07-02T14:30:00.429Z</time>
      </trkpt>
      <trkpt lat="49.410035" lon="7.573349">
        <ele>320.783921</ele>
        <time>2026-07-02T14:30:04.607Z</time>
      </trkpt>
      <trkpt lat="49.409882" lon="7.573702">
        <ele>321.482662</ele>
        <time>2026-07-02T14:30:13.663Z</time>
      </trkpt>
      <trkpt lat="49.409876" lon="7.573860">
        <ele>321.712815</ele>
        <time>2026-07-02T14:30:17.906Z</time>
      </trkpt>
      <trkpt lat="49.409863" lon="7.574185">
        <ele>322.278331</ele>
        <time>2026-07-02T14:30:27.411Z</time>
      </trkpt>
      <trkpt lat="49.409885" lon="7.574392">
        <ele>322.720356</ele>
        <time>2026-07-02T14:30:32.620Z</time>
      </trkpt>
      <trkpt lat="49.409989" lon="7.575139">
        <ele>324.622728</ele>
        <time>2026-07-02T14:30:52.603Z</time>
      </trkpt>
      <trkpt lat="49.409996" lon="7.575203">
        <ele>324.697946</ele>
        <time>2026-07-02T14:30:54.008Z</time>
      </trkpt>
      <trkpt lat="49.409794" lon="7.575319">
        <ele>324.790824</ele>
        <time>2026-07-02T14:30:58.179Z</time>
      </trkpt>
      <trkpt lat="49.409501" lon="7.575636">
        <ele>324.091424</ele>
        <time>2026-07-02T14:31:03.674Z</time>
      </trkpt>
      <trkpt lat="49.409421" lon="7.575662">
        <ele>323.623180</ele>
        <time>2026-07-02T14:31:04.794Z</time>
      </trkpt>
      <trkpt lat="49.409335" lon="7.575620">
        <ele>323.106443</ele>
        <time>2026-07-02T14:31:06.010Z</time>
      </trkpt>
      <trkpt lat="49.408656" lon="7.574292">
        <ele>310.950856</ele>
        <time>2026-07-02T14:31:18.982Z</time>
      </trkpt>
      <trkpt lat="49.408648" lon="7.574177">
        <ele>309.924761</ele>
        <time>2026-07-02T14:31:19.820Z</time>
      </trkpt>
      <trkpt lat="49.408766" lon="7.574110">
        <ele>307.790946</ele>
        <time>2026-07-02T14:31:21.225Z</time>
      </trkpt>
      <trkpt lat="49.408933" lon="7.573960">
        <ele>304.544641</ele>
        <time>2026-07-02T14:31:23.404Z</time>
      </trkpt>
      <trkpt lat="49.409014" lon="7.573888">
        <ele>302.989073</ele>
        <time>2026-07-02T14:31:24.465Z</time>
      </trkpt>
      <trkpt lat="49.409038" lon="7.573758">
        <ele>301.554856</ele>
        <time>2026-07-02T14:31:25.454Z</time>
      </trkpt>
      <trkpt lat="49.409023" lon="7.573697">
        <ele>300.869114</ele>
        <time>2026-07-02T14:31:25.937Z</time>
      </trkpt>
      <trkpt lat="49.408931" lon="7.573611">
        <ele>299.128800</ele>
        <time>2026-07-02T14:31:27.141Z</time>
      </trkpt>
      <trkpt lat="49.408575" lon="7.573651">
        <ele>293.472804</ele>
        <time>2026-07-02T14:31:31.181Z</time>
      </trkpt>
      <trkpt lat="49.408498" lon="7.573552">
        <ele>291.874441</ele>
        <time>2026-07-02T14:31:32.312Z</time>
      </trkpt>
      <trkpt lat="49.408484" lon="7.573495">
        <ele>291.251465</ele>
        <time>2026-07-02T14:31:32.763Z</time>
      </trkpt>
      <trkpt lat="49.408499" lon="7.573348">
        <ele>289.734786</ele>
        <time>2026-07-02T14:31:33.860Z</time>
      </trkpt>
      <trkpt lat="49.408575" lon="7.573210">
        <ele>287.876529</ele>
        <time>2026-07-02T14:31:35.189Z</time>
      </trkpt>
      <trkpt lat="49.408596" lon="7.573094">
        <ele>286.593344</ele>
        <time>2026-07-02T14:31:36.077Z</time>
      </trkpt>
      <trkpt lat="49.408550" lon="7.573013">
        <ele>285.447560</ele>
        <time>2026-07-02T14:31:36.870Z</time>
      </trkpt>
      <trkpt lat="49.408377" lon="7.572942">
        <ele>282.435134</ele>
        <time>2026-07-02T14:31:38.875Z</time>
      </trkpt>
      <trkpt lat="49.408354" lon="7.572903">
        <ele>281.852229</ele>
        <time>2026-07-02T14:31:39.263Z</time>
      </trkpt>
      <trkpt lat="49.408349" lon="7.572772">
        <ele>280.418847</ele>
        <time>2026-07-02T14:31:40.220Z</time>
      </trkpt>
      <trkpt lat="49.408401" lon="7.572620">
        <ele>278.634205</ele>
        <time>2026-07-02T14:31:41.480Z</time>
      </trkpt>
      <trkpt lat="49.408363" lon="7.572351">
        <ele>275.864339</ele>
        <time>2026-07-02T14:31:43.516Z</time>
      </trkpt>
      <trkpt lat="49.408293" lon="7.572017">
        <ele>272.585435</ele>
        <time>2026-07-02T14:31:46.120Z</time>
      </trkpt>
      <trkpt lat="49.408236" lon="7.571910">
        <ele>271.370397</ele>
        <time>2026-07-02T14:31:47.156Z</time>
      </trkpt>
      <trkpt lat="49.408255" lon="7.571859">
        <ele>270.854039</ele>
        <time>2026-07-02T14:31:47.590Z</time>
      </trkpt>
      <trkpt lat="49.408408" lon="7.571225">
        <ele>265.868679</ele>
        <time>2026-07-02T14:31:52.745Z</time>
      </trkpt>
      <trkpt lat="49.408892" lon="7.570243">
        <ele>260.533636</ele>
        <time>2026-07-02T14:32:02.924Z</time>
      </trkpt>
      <trkpt lat="49.409145" lon="7.569791">
        <ele>259.334029</ele>
        <time>2026-07-02T14:32:08.718Z</time>
      </trkpt>
      <trkpt lat="49.409266" lon="7.569510">
        <ele>258.908108</ele>
        <time>2026-07-02T14:32:12.161Z</time>
      </trkpt>
      <trkpt lat="49.409408" lon="7.569665">
        <ele>258.619343</ele>
        <time>2026-07-02T14:32:14.978Z</time>
      </trkpt>
      <trkpt lat="49.409577" lon="7.569759">
        <ele>258.409166</ele>
        <time>2026-07-02T14:32:17.932Z</time>
      </trkpt>
      <trkpt lat="49.409598" lon="7.569764">
        <ele>258.384846</ele>
        <time>2026-07-02T14:32:18.278Z</time>
      </trkpt>
      <trkpt lat="49.409974" lon="7.569881">
        <ele>257.899699</ele>
        <time>2026-07-02T14:32:24.646Z</time>
      </trkpt>
      <trkpt lat="49.410193" lon="7.569985">
        <ele>257.607618</ele>
        <time>2026-07-02T14:32:28.401Z</time>
      </trkpt>
      <trkpt lat="49.410513" lon="7.570169">
        <ele>257.217758</ele>
        <time>2026-07-02T14:32:34.018Z</time>
      </trkpt>
      <trkpt lat="49.410769" lon="7.570377">
        <ele>257.097405</ele>
        <time>2026-07-02T14:32:39.156Z</time>
      </trkpt>
      <trkpt lat="49.411125" lon="7.570807">
        <ele>257.439579</ele>
        <time>2026-07-02T14:32:50.123Z</time>
      </trkpt>
      <trkpt lat="49.411253" lon="7.570991">
        <ele>257.483430</ele>
        <time>2026-07-02T14:32:53.597Z</time>
      </trkpt>
      <trkpt lat="49.411297" lon="7.571067">
        <ele>257.456658</ele>
        <time>2026-07-02T14:32:54.839Z</time>
      </trkpt>
      <trkpt lat="49.411388" lon="7.571252">
        <ele>257.365643</ele>
        <time>2026-07-02T14:32:57.383Z</time>
      </trkpt>
      <trkpt lat="49.411456" lon="7.571415">
        <ele>257.200652</ele>
        <time>2026-07-02T14:32:59.490Z</time>
      </trkpt>
      <trkpt lat="49.411479" lon="7.571507">
        <ele>257.116671</ele>
        <time>2026-07-02T14:33:00.518Z</time>
      </trkpt>
      <trkpt lat="49.411566" lon="7.572124">
        <ele>256.736336</ele>
        <time>2026-07-02T14:33:07.516Z</time>
      </trkpt>
      <trkpt lat="49.411570" lon="7.572145">
        <ele>256.725278</ele>
        <time>2026-07-02T14:33:07.778Z</time>
      </trkpt>
      <trkpt lat="49.411649" lon="7.572205">
        <ele>256.661434</ele>
        <time>2026-07-02T14:33:09.256Z</time>
      </trkpt>
      <trkpt lat="49.411735" lon="7.572165">
        <ele>256.598327</ele>
        <time>2026-07-02T14:33:10.796Z</time>
      </trkpt>
      <trkpt lat="49.411809" lon="7.571767">
        <ele>256.334019</ele>
        <time>2026-07-02T14:33:15.475Z</time>
      </trkpt>
      <trkpt lat="49.412020" lon="7.570688">
        <ele>254.582193</ele>
        <time>2026-07-02T14:33:26.472Z</time>
      </trkpt>
      <trkpt lat="49.412068" lon="7.570441">
        <ele>254.115103</ele>
        <time>2026-07-02T14:33:28.906Z</time>
      </trkpt>
      <trkpt lat="49.412101" lon="7.570267">
        <ele>253.881897</ele>
        <time>2026-07-02T14:33:30.738Z</time>
      </trkpt>
      <trkpt lat="49.412179" lon="7.569875">
        <ele>253.520656</ele>
        <time>2026-07-02T14:33:35.144Z</time>
      </trkpt>
      <trkpt lat="49.412223" lon="7.569668">
        <ele>253.381975</ele>
        <time>2026-07-02T14:33:37.549Z</time>
      </trkpt>
      <trkpt lat="49.412276" lon="7.569416">
        <ele>253.210180</ele>
        <time>2026-07-02T14:33:40.478Z</time>
      </trkpt>
      <trkpt lat="49.412345" lon="7.569047">
        <ele>253.006012</ele>
        <time>2026-07-02T14:33:44.786Z</time>
      </trkpt>
      <trkpt lat="49.412493" lon="7.568963">
        <ele>252.901108</ele>
        <time>2026-07-02T14:33:47.523Z</time>
      </trkpt>
      <trkpt lat="49.412751" lon="7.568691">
        <ele>252.693942</ele>
        <time>2026-07-02T14:33:52.978Z</time>
      </trkpt>
      <trkpt lat="49.412962" lon="7.568469">
        <ele>252.509622</ele>
        <time>2026-07-02T14:33:57.436Z</time>
      </trkpt>
      <trkpt lat="49.413128" lon="7.568372">
        <ele>252.387073</ele>
        <time>2026-07-02T14:34:00.590Z</time>
      </trkpt>
      <trkpt lat="49.413789" lon="7.568132">
        <ele>251.795151</ele>
        <time>2026-07-02T14:34:12.251Z</time>
      </trkpt>
      <trkpt lat="49.414087" lon="7.568116">
        <ele>251.479279</ele>
        <time>2026-07-02T14:34:17.235Z</time>
      </trkpt>
      <trkpt lat="49.414084" lon="7.567891">
        <ele>251.297038</ele>
        <time>2026-07-02T14:34:19.646Z</time>
      </trkpt>
      <trkpt lat="49.414708" lon="7.567834">
        <ele>250.384466</ele>
        <time>2026-07-02T14:34:29.776Z</time>
      </trkpt>
      <trkpt lat="49.415950" lon="7.567308">
        <ele>248.262363</ele>
        <time>2026-07-02T14:34:49.968Z</time>
      </trkpt>
      <trkpt lat="49.416040" lon="7.567281">
        <ele>248.262363</ele>
        <time>2026-07-02T14:34:51.419Z</time>
      </trkpt>
    </trkseg>
  </trk>
</gpx>