<?xml version="1.0" encoding="UTF-8" standalone="yes"?>
<gpx version="1.1" creator="outdooractive - http://www.outdooractive.com" xmlns="http://www.topografix.com/GPX/1/1" xmlns:oa="http://www.outdooractive.com/GPX/Extensions/1" xmlns:xsi="http://www.w3.org/2001/XMLSchema-instance" xsi:schemaLocation="http://www.topografix.com/GPX/1/1 http://www.topografix.com/GPX/1/1/gpx.xsd http://www.outdooractive.com/GPX/Extensions/1 https://www.outdooractive.com/schema/gpx_extensions.xsd">
  <metadata>
    <name>Trans Pfälzerwald</name>
    <author>
      <name>Stephan Marx - Mountainbikepark Pfälzerwald e. V.</name>
    </author>
    <link href="https://www.outdooractive.com/r/803129403"/>
    <time>2026-06-10T11:33:57.151Z</time>
    <extensions>
      <oa:oaCategory>mountainbiking</oa:oaCategory>
    </extensions>
  </metadata>
  <trk>
    <name>Trans Pfälzerwald</name>
    <desc>Das größte zusammenhängende Waldgebiet Deutschlands und UNESCO-Biosphärenreservat von Hochspeyer im Norden bis ans Rebenmeer nach Bad Bergzabern im Süden erfahren.</desc>
    <type>mountainbiking</type>
    <trkseg>
      <trkpt lat="49.444296" lon="7.904546">
        <ele>266.1</ele>
        <name>Hochspeyer</name>
        <extensions>
          <oa:Extension>
            <oa:mapZoom>15</oa:mapZoom>
          </oa:Extension>
        </extensions>
      </trkpt>
      <trkpt lat="49.444249" lon="7.904106">
        <ele>265.9</ele>
      </trkpt>
      <trkpt lat="49.444202" lon="7.903665">
        <ele>266.7</ele>
      </trkpt>
      <trkpt lat="49.444225" lon="7.903626">
        <ele>266.2</ele>
      </trkpt>
      <trkpt lat="49.444257" lon="7.903645">
        <ele>265.6</ele>
      </trkpt>
      <trkpt lat="49.4443" lon="7.903868">
        <ele>264.8</ele>
      </trkpt>
      <trkpt lat="49.444413" lon="7.903855">
        <ele>262.8</ele>
      </trkpt>
      <trkpt lat="49.444417" lon="7.903607">
        <ele>262.6</ele>
      </trkpt>
      <trkpt lat="49.444422" lon="7.903454">
        <ele>262.3</ele>
      </trkpt>
      <trkpt lat="49.444408" lon="7.903297">
        <ele>262.3</ele>
      </trkpt>
      <trkpt lat="49.444385" lon="7.903144">
        <ele>262.3</ele>
      </trkpt>
      <trkpt lat="49.444327" lon="7.902968">
        <ele>262.8</ele>
      </trkpt>
      <trkpt lat="49.444257" lon="7.90235">
        <ele>263.0</ele>
      </trkpt>
      <trkpt lat="49.444186" lon="7.901732">
        <ele>263.3</ele>
      </trkpt>
      <trkpt lat="49.444116" lon="7.901114">
        <ele>263.6</ele>
      </trkpt>
      <trkpt lat="49.444045" lon="7.900496">
        <ele>264.1</ele>
      </trkpt>
      <trkpt lat="49.443974" lon="7.899878">
        <ele>264.7</ele>
      </trkpt>
      <trkpt lat="49.443951" lon="7.899764">
        <ele>264.8</ele>
      </trkpt>
      <trkpt lat="49.443922" lon="7.899664">
        <ele>264.9</ele>
      </trkpt>
      <trkpt lat="49.443758" lon="7.899266">
        <ele>265.8</ele>
      </trkpt>
      <trkpt lat="49.443723" lon="7.899072">
        <ele>266.1</ele>
      </trkpt>
      <trkpt lat="49.44367" lon="7.898647">
        <ele>266.3</ele>
      </trkpt>
      <trkpt lat="49.443618" lon="7.898096">
        <ele>266.5</ele>
      </trkpt>
      <trkpt lat="49.443611" lon="7.898022">
        <ele>266.5</ele>
      </trkpt>
      <trkpt lat="49.443612" lon="7.898022">
        <ele>266.5</ele>
        <name>49.443611,7.898022</name>
        <extensions>
          <oa:Extension>
            <oa:mapZoom>16</oa:mapZoom>
          </oa:Extension>
        </extensions>
      </trkpt>
      <trkpt lat="49.443581" lon="7.89774">
        <ele>266.6</ele>
      </trkpt>
      <trkpt lat="49.443539" lon="7.897361">
        <ele>266.8</ele>
      </trkpt>
      <trkpt lat="49.443481" lon="7.896927">
        <ele>267.6</ele>
      </trkpt>
      <trkpt lat="49.443429" lon="7.896524">
        <ele>268.5</ele>
      </trkpt>
      <trkpt lat="49.443378" lon="7.89612">
        <ele>269.0</ele>
      </trkpt>
      <trkpt lat="49.443328" lon="7.896016">
        <ele>269.9</ele>
      </trkpt>
      <trkpt lat="49.443281" lon="7.895685">
        <ele>266.5</ele>
      </trkpt>
      <trkpt lat="49.443262" lon="7.895688">
        <ele>266.5</ele>
      </trkpt>
      <trkpt lat="49.443109" lon="7.895735">
        <ele>266.7</ele>
      </trkpt>
      <trkpt lat="49.442941" lon="7.895845">
        <ele>267.2</ele>
      </trkpt>
      <trkpt lat="49.442849" lon="7.895944">
        <ele>266.9</ele>
      </trkpt>
      <trkpt lat="49.442738" lon="7.896061">
        <ele>265.8</ele>
      </trkpt>
      <trkpt lat="49.442505" lon="7.895496">
        <ele>266.4</ele>
      </trkpt>
      <trkpt lat="49.442429" lon="7.895312">
        <ele>267.1</ele>
      </trkpt>
      <trkpt lat="49.442358" lon="7.8952">
        <ele>267.6</ele>
      </trkpt>
      <trkpt lat="49.442268" lon="7.895203">
        <ele>267.5</ele>
      </trkpt>
      <trkpt lat="49.442215" lon="7.895174">
        <ele>267.6</ele>
      </trkpt>
      <trkpt lat="49.442162" lon="7.895116">
        <ele>267.7</ele>
      </trkpt>
      <trkpt lat="49.442043" lon="7.894956">
        <ele>267.9</ele>
      </trkpt>
      <trkpt lat="49.44202" lon="7.894926">
        <ele>267.9</ele>
      </trkpt>
      <trkpt lat="49.441875" lon="7.894541">
        <ele>268.1</ele>
      </trkpt>
      <trkpt lat="49.441731" lon="7.894156">
        <ele>267.9</ele>
      </trkpt>
      <trkpt lat="49.441578" lon="7.89375">
        <ele>267.7</ele>
      </trkpt>
      <trkpt lat="49.441425" lon="7.893343">
        <ele>267.2</ele>
      </trkpt>
      <trkpt lat="49.441392" lon="7.89328">
        <ele>266.7</ele>
      </trkpt>
      <trkpt lat="49.44135" lon="7.893226">
        <ele>266.0</ele>
      </trkpt>
      <trkpt lat="49.441276" lon="7.89315">
        <ele>265.7</ele>
      </trkpt>
      <trkpt lat="49.441096" lon="7.892957">
        <ele>265.8</ele>
      </trkpt>
      <trkpt lat="49.441056" lon="7.892888">
        <ele>265.8</ele>
      </trkpt>
      <trkpt lat="49.441021" lon="7.892809">
        <ele>265.8</ele>
      </trkpt>
      <trkpt lat="49.440866" lon="7.892292">
        <ele>265.8</ele>
      </trkpt>
      <trkpt lat="49.440599" lon="7.892434">
        <ele>266.8</ele>
      </trkpt>
      <trkpt lat="49.440319" lon="7.892542">
        <ele>268.8</ele>
      </trkpt>
      <trkpt lat="49.440216" lon="7.892178">
        <ele>268.9</ele>
      </trkpt>
      <trkpt lat="49.440112" lon="7.891814">
        <ele>268.9</ele>
      </trkpt>
      <trkpt lat="49.440012" lon="7.891463">
        <ele>269.1</ele>
      </trkpt>
      <trkpt lat="49.439912" lon="7.891112">
        <ele>269.5</ele>
      </trkpt>
      <trkpt lat="49.439842" lon="7.890824">
        <ele>269.6</ele>
      </trkpt>
      <trkpt lat="49.439736" lon="7.890365">
        <ele>269.7</ele>
      </trkpt>
      <trkpt lat="49.439629" lon="7.889906">
        <ele>269.9</ele>
      </trkpt>
      <trkpt lat="49.439535" lon="7.889573">
        <ele>270.2</ele>
      </trkpt>
      <trkpt lat="49.43944" lon="7.88924">
        <ele>269.8</ele>
      </trkpt>
      <trkpt lat="49.439355" lon="7.888957">
        <ele>270.0</ele>
        <name>49.439355,7.888957</name>
        <extensions>
          <oa:Extension>
            <oa:mapZoom>16</oa:mapZoom>
          </oa:Extension>
        </extensions>
      </trkpt>
      <trkpt lat="49.439337" lon="7.888898">
        <ele>270.1</ele>
      </trkpt>
      <trkpt lat="49.439234" lon="7.888556">
        <ele>270.5</ele>
      </trkpt>
      <trkpt lat="49.439019" lon="7.887965">
        <ele>272.2</ele>
      </trkpt>
      <trkpt lat="49.438961" lon="7.887804">
        <ele>272.8</ele>
      </trkpt>
      <trkpt lat="49.438784" lon="7.887348">
        <ele>274.5</ele>
      </trkpt>
      <trkpt lat="49.438689" lon="7.887137">
        <ele>275.3</ele>
      </trkpt>
      <trkpt lat="49.438602" lon="7.886962">
        <ele>275.7</ele>
      </trkpt>
      <trkpt lat="49.438499" lon="7.886765">
        <ele>276.0</ele>
      </trkpt>
      <trkpt lat="49.438427" lon="7.886652">
        <ele>276.3</ele>
      </trkpt>
      <trkpt lat="49.438175" lon="7.886337">
        <ele>277.8</ele>
      </trkpt>
      <trkpt lat="49.437922" lon="7.886022">
        <ele>278.1</ele>
      </trkpt>
      <trkpt lat="49.43757" lon="7.885705">
        <ele>279.4</ele>
      </trkpt>
      <trkpt lat="49.437196" lon="7.885346">
        <ele>279.0</ele>
      </trkpt>
      <trkpt lat="49.437073" lon="7.885277">
        <ele>279.5</ele>
      </trkpt>
      <trkpt lat="49.436829" lon="7.885303">
        <ele>283.2</ele>
      </trkpt>
      <trkpt lat="49.436479" lon="7.885204">
        <ele>286.7</ele>
      </trkpt>
      <trkpt lat="49.436285" lon="7.885144">
        <ele>288.2</ele>
      </trkpt>
      <trkpt lat="49.435912" lon="7.885029">
        <ele>290.6</ele>
      </trkpt>
      <trkpt lat="49.435684" lon="7.884922">
        <ele>291.1</ele>
      </trkpt>
      <trkpt lat="49.435457" lon="7.884814">
        <ele>290.7</ele>
      </trkpt>
      <trkpt lat="49.435303" lon="7.884946">
        <ele>295.5</ele>
      </trkpt>
      <trkpt lat="49.434892" lon="7.884927">
        <ele>295.7</ele>
      </trkpt>
      <trkpt lat="49.434481" lon="7.884907">
        <ele>297.5</ele>
      </trkpt>
      <trkpt lat="49.434379" lon="7.884892">
        <ele>297.9</ele>
      </trkpt>
      <trkpt lat="49.434379" lon="7.884891">
        <ele>297.9</ele>
        <name>49.434379,7.884892</name>
        <extensions>
          <oa:Extension>
            <oa:mapZoom>16</oa:mapZoom>
          </oa:Extension>
        </extensions>
      </trkpt>
      <trkpt lat="49.434113" lon="7.88485">
        <ele>299.1</ele>
      </trkpt>
      <trkpt lat="49.433746" lon="7.884793">
        <ele>301.2</ele>
      </trkpt>
      <trkpt lat="49.433378" lon="7.884736">
        <ele>300.2</ele>
      </trkpt>
      <trkpt lat="49.433261" lon="7.884735">
        <ele>299.4</ele>
      </trkpt>
      <trkpt lat="49.433199" lon="7.884888">
        <ele>303.1</ele>
      </trkpt>
      <trkpt lat="49.433186" lon="7.885137">
        <ele>309.1</ele>
      </trkpt>
      <trkpt lat="49.433049" lon="7.885233">
        <ele>310.1</ele>
      </trkpt>
      <trkpt lat="49.432732" lon="7.885311">
        <ele>309.0</ele>
      </trkpt>
      <trkpt lat="49.432439" lon="7.885482">
        <ele>309.8</ele>
      </trkpt>
      <trkpt lat="49.432302" lon="7.885674">
        <ele>312.5</ele>
      </trkpt>
      <trkpt lat="49.432227" lon="7.885846">
        <ele>315.0</ele>
      </trkpt>
      <trkpt lat="49.432015" lon="7.886076">
        <ele>316.6</ele>
      </trkpt>
      <trkpt lat="49.431866" lon="7.886306">
        <ele>317.0</ele>
      </trkpt>
      <trkpt lat="49.431691" lon="7.886612">
        <ele>317.2</ele>
      </trkpt>
      <trkpt lat="49.431517" lon="7.886765">
        <ele>316.2</ele>
      </trkpt>
      <trkpt lat="49.431455" lon="7.886899">
        <ele>316.8</ele>
      </trkpt>
      <trkpt lat="49.431442" lon="7.887129">
        <ele>319.1</ele>
      </trkpt>
      <trkpt lat="49.431405" lon="7.887397">
        <ele>321.6</ele>
      </trkpt>
      <trkpt lat="49.431268" lon="7.887665">
        <ele>323.4</ele>
      </trkpt>
      <trkpt lat="49.430969" lon="7.888087">
        <ele>327.3</ele>
      </trkpt>
      <trkpt lat="49.430781" lon="7.888184">
        <ele>328.7</ele>
      </trkpt>
      <trkpt lat="49.430526" lon="7.888193">
        <ele>328.8</ele>
      </trkpt>
      <trkpt lat="49.430272" lon="7.888202">
        <ele>328.9</ele>
      </trkpt>
      <trkpt lat="49.429892" lon="7.888528">
        <ele>337.0</ele>
      </trkpt>
      <trkpt lat="49.429636" lon="7.888834">
        <ele>344.1</ele>
      </trkpt>
      <trkpt lat="49.429412" lon="7.889006">
        <ele>347.7</ele>
      </trkpt>
      <trkpt lat="49.429038" lon="7.889002">
        <ele>350.3</ele>
      </trkpt>
      <trkpt lat="49.42874" lon="7.889178">
        <ele>357.6</ele>
      </trkpt>
      <trkpt lat="49.428465" lon="7.889236">
        <ele>362.4</ele>
      </trkpt>
      <trkpt lat="49.428179" lon="7.889178">
        <ele>365.5</ele>
      </trkpt>
      <trkpt lat="49.428075" lon="7.88911">
        <ele>366.3</ele>
        <name>49.428075,7.889110</name>
        <extensions>
          <oa:Extension>
            <oa:mapZoom>16</oa:mapZoom>
          </oa:Extension>
        </extensions>
      </trkpt>
      <trkpt lat="49.428004" lon="7.889063">
        <ele>366.9</ele>
      </trkpt>
      <trkpt lat="49.427967" lon="7.888891">
        <ele>367.2</ele>
      </trkpt>
      <trkpt lat="49.427867" lon="7.888757">
        <ele>368.3</ele>
      </trkpt>
      <trkpt lat="49.427719" lon="7.888704">
        <ele>369.2</ele>
      </trkpt>
      <trkpt lat="49.427641" lon="7.888681">
        <ele>369.3</ele>
      </trkpt>
      <trkpt lat="49.427496" lon="7.888559">
        <ele>369.9</ele>
      </trkpt>
      <trkpt lat="49.427416" lon="7.888704">
        <ele>366.9</ele>
      </trkpt>
      <trkpt lat="49.427369" lon="7.888845">
        <ele>362.9</ele>
      </trkpt>
      <trkpt lat="49.426973" lon="7.888629">
        <ele>360.4</ele>
      </trkpt>
      <trkpt lat="49.426577" lon="7.888413">
        <ele>360.8</ele>
      </trkpt>
      <trkpt lat="49.42618" lon="7.888197">
        <ele>361.4</ele>
      </trkpt>
      <trkpt lat="49.425784" lon="7.88798">
        <ele>363.4</ele>
      </trkpt>
      <trkpt lat="49.425352" lon="7.887973">
        <ele>362.8</ele>
      </trkpt>
      <trkpt lat="49.424919" lon="7.887965">
        <ele>364.1</ele>
      </trkpt>
      <trkpt lat="49.424648" lon="7.887852">
        <ele>367.5</ele>
      </trkpt>
      <trkpt lat="49.424464" lon="7.887776">
        <ele>369.8</ele>
      </trkpt>
      <trkpt lat="49.424206" lon="7.887937">
        <ele>370.2</ele>
      </trkpt>
      <trkpt lat="49.423948" lon="7.888098">
        <ele>371.5</ele>
      </trkpt>
      <trkpt lat="49.423697" lon="7.888119">
        <ele>374.0</ele>
      </trkpt>
      <trkpt lat="49.42341" lon="7.888091">
        <ele>377.2</ele>
      </trkpt>
      <trkpt lat="49.423175" lon="7.888069">
        <ele>379.7</ele>
        <name>49.423175,7.888069</name>
        <extensions>
          <oa:Extension>
            <oa:mapZoom>16</oa:mapZoom>
          </oa:Extension>
        </extensions>
      </trkpt>
      <trkpt lat="49.423122" lon="7.888064">
        <ele>380.2</ele>
      </trkpt>
      <trkpt lat="49.422951" lon="7.888315">
        <ele>382.4</ele>
      </trkpt>
      <trkpt lat="49.422769" lon="7.888589">
        <ele>385.1</ele>
      </trkpt>
      <trkpt lat="49.42248" lon="7.889059">
        <ele>390.6</ele>
      </trkpt>
      <trkpt lat="49.42219" lon="7.889529">
        <ele>394.6</ele>
      </trkpt>
      <trkpt lat="49.4219" lon="7.889999">
        <ele>396.0</ele>
      </trkpt>
      <trkpt lat="49.42161" lon="7.890468">
        <ele>395.7</ele>
      </trkpt>
      <trkpt lat="49.421471" lon="7.890668">
        <ele>394.9</ele>
      </trkpt>
      <trkpt lat="49.421195" lon="7.891103">
        <ele>393.4</ele>
      </trkpt>
      <trkpt lat="49.420919" lon="7.891539">
        <ele>392.5</ele>
      </trkpt>
      <trkpt lat="49.420633" lon="7.891979">
        <ele>392.7</ele>
      </trkpt>
      <trkpt lat="49.420347" lon="7.89242">
        <ele>391.9</ele>
        <name>49.420340,7.892475</name>
        <extensions>
          <oa:Extension>
            <oa:mapZoom>16</oa:mapZoom>
          </oa:Extension>
        </extensions>
      </trkpt>
      <trkpt lat="49.420322" lon="7.892021">
        <ele>392.6</ele>
      </trkpt>
      <trkpt lat="49.420355" lon="7.891606">
        <ele>393.1</ele>
      </trkpt>
      <trkpt lat="49.420417" lon="7.891029">
        <ele>393.5</ele>
      </trkpt>
      <trkpt lat="49.420356" lon="7.890666">
        <ele>393.8</ele>
      </trkpt>
      <trkpt lat="49.420184" lon="7.890174">
        <ele>394.4</ele>
      </trkpt>
      <trkpt lat="49.420067" lon="7.889873">
        <ele>395.0</ele>
      </trkpt>
      <trkpt lat="49.419951" lon="7.889572">
        <ele>395.6</ele>
      </trkpt>
      <trkpt lat="49.419786" lon="7.889296">
        <ele>395.8</ele>
      </trkpt>
      <trkpt lat="49.419621" lon="7.889021">
        <ele>395.8</ele>
      </trkpt>
      <trkpt lat="49.419356" lon="7.888527">
        <ele>396.0</ele>
      </trkpt>
      <trkpt lat="49.419332" lon="7.888473">
        <ele>396.1</ele>
        <name>49.419332,7.888473</name>
        <extensions>
          <oa:Extension>
            <oa:mapZoom>16</oa:mapZoom>
          </oa:Extension>
        </extensions>
      </trkpt>
      <trkpt lat="49.41913" lon="7.888012">
        <ele>396.8</ele>
      </trkpt>
      <trkpt lat="49.418905" lon="7.887497">
        <ele>397.3</ele>
      </trkpt>
      <trkpt lat="49.418714" lon="7.887197">
        <ele>397.0</ele>
      </trkpt>
      <trkpt lat="49.418546" lon="7.886768">
        <ele>398.1</ele>
      </trkpt>
      <trkpt lat="49.418227" lon="7.886299">
        <ele>399.7</ele>
      </trkpt>
      <trkpt lat="49.417907" lon="7.885831">
        <ele>400.9</ele>
      </trkpt>
      <trkpt lat="49.417589" lon="7.885434">
        <ele>401.3</ele>
      </trkpt>
      <trkpt lat="49.417378" lon="7.885161">
        <ele>400.7</ele>
      </trkpt>
      <trkpt lat="49.417168" lon="7.884887">
        <ele>400.1</ele>
      </trkpt>
      <trkpt lat="49.416937" lon="7.884629">
        <ele>399.8</ele>
      </trkpt>
      <trkpt lat="49.416707" lon="7.884372">
        <ele>400.0</ele>
      </trkpt>
      <trkpt lat="49.416463" lon="7.884114">
        <ele>400.0</ele>
      </trkpt>
      <trkpt lat="49.416218" lon="7.883857">
        <ele>399.5</ele>
      </trkpt>
      <trkpt lat="49.415869" lon="7.883535">
        <ele>398.7</ele>
      </trkpt>
      <trkpt lat="49.41548" lon="7.883222">
        <ele>398.0</ele>
      </trkpt>
      <trkpt lat="49.41509" lon="7.882909">
        <ele>396.8</ele>
      </trkpt>
      <trkpt lat="49.415001" lon="7.882769">
        <ele>396.5</ele>
      </trkpt>
      <trkpt lat="49.414953" lon="7.882563">
        <ele>396.4</ele>
      </trkpt>
      <trkpt lat="49.414895" lon="7.882206">
        <ele>396.7</ele>
      </trkpt>
      <trkpt lat="49.41485" lon="7.882073">
        <ele>396.9</ele>
        <name>49.414850,7.882073</name>
        <extensions>
          <oa:Extension>
            <oa:mapZoom>16</oa:mapZoom>
          </oa:Extension>
        </extensions>
      </trkpt>
      <trkpt lat="49.414831" lon="7.882018">
        <ele>397.1</ele>
      </trkpt>
      <trkpt lat="49.414746" lon="7.881838">
        <ele>397.5</ele>
      </trkpt>
      <trkpt lat="49.414623" lon="7.881964">
        <ele>396.7</ele>
      </trkpt>
      <trkpt lat="49.414486" lon="7.882114">
        <ele>395.8</ele>
      </trkpt>
      <trkpt lat="49.414342" lon="7.882283">
        <ele>394.7</ele>
      </trkpt>
      <trkpt lat="49.414166" lon="7.882554">
        <ele>392.9</ele>
      </trkpt>
      <trkpt lat="49.413963" lon="7.882914">
        <ele>390.7</ele>
      </trkpt>
      <trkpt lat="49.41376" lon="7.883274">
        <ele>388.3</ele>
      </trkpt>
      <trkpt lat="49.413617" lon="7.883535">
        <ele>386.5</ele>
      </trkpt>
      <trkpt lat="49.413326" lon="7.883589">
        <ele>384.3</ele>
      </trkpt>
      <trkpt lat="49.413036" lon="7.883642">
        <ele>381.9</ele>
      </trkpt>
      <trkpt lat="49.412728" lon="7.883664">
        <ele>379.4</ele>
      </trkpt>
      <trkpt lat="49.412533" lon="7.883664">
        <ele>377.7</ele>
      </trkpt>
      <trkpt lat="49.412282" lon="7.883707">
        <ele>375.3</ele>
      </trkpt>
      <trkpt lat="49.412127" lon="7.88367">
        <ele>373.8</ele>
      </trkpt>
      <trkpt lat="49.411878" lon="7.883611">
        <ele>371.0</ele>
      </trkpt>
      <trkpt lat="49.41157" lon="7.883541">
        <ele>366.8</ele>
      </trkpt>
      <trkpt lat="49.411262" lon="7.883471">
        <ele>362.1</ele>
      </trkpt>
      <trkpt lat="49.411011" lon="7.883256">
        <ele>358.0</ele>
      </trkpt>
      <trkpt lat="49.410844" lon="7.883106">
        <ele>355.6</ele>
      </trkpt>
      <trkpt lat="49.410676" lon="7.883063">
        <ele>353.3</ele>
      </trkpt>
      <trkpt lat="49.410467" lon="7.883084">
        <ele>350.7</ele>
      </trkpt>
      <trkpt lat="49.410298" lon="7.883115">
        <ele>349.7</ele>
      </trkpt>
      <trkpt lat="49.410202" lon="7.883315">
        <ele>349.7</ele>
      </trkpt>
      <trkpt lat="49.410195" lon="7.883331">
        <ele>349.8</ele>
        <name>49.410195,7.883331</name>
        <extensions>
          <oa:Extension>
            <oa:mapZoom>16</oa:mapZoom>
          </oa:Extension>
        </extensions>
      </trkpt>
      <trkpt lat="49.410096" lon="7.883559">
        <ele>350.8</ele>
      </trkpt>
      <trkpt lat="49.409842" lon="7.884079">
        <ele>354.0</ele>
      </trkpt>
      <trkpt lat="49.409726" lon="7.884388">
        <ele>353.7</ele>
      </trkpt>
      <trkpt lat="49.409567" lon="7.884616">
        <ele>353.7</ele>
      </trkpt>
      <trkpt lat="49.409408" lon="7.884706">
        <ele>354.3</ele>
      </trkpt>
      <trkpt lat="49.409228" lon="7.88473">
        <ele>354.3</ele>
      </trkpt>
      <trkpt lat="49.409059" lon="7.884714">
        <ele>354.2</ele>
      </trkpt>
      <trkpt lat="49.408646" lon="7.884714">
        <ele>351.6</ele>
      </trkpt>
      <trkpt lat="49.408424" lon="7.884697">
        <ele>349.6</ele>
      </trkpt>
      <trkpt lat="49.40816" lon="7.884649">
        <ele>346.7</ele>
      </trkpt>
      <trkpt lat="49.407927" lon="7.88447">
        <ele>344.9</ele>
      </trkpt>
      <trkpt lat="49.407662" lon="7.884193">
        <ele>343.5</ele>
      </trkpt>
      <trkpt lat="49.407318" lon="7.883803">
        <ele>342.7</ele>
      </trkpt>
      <trkpt lat="49.406974" lon="7.883413">
        <ele>339.7</ele>
      </trkpt>
      <trkpt lat="49.406652" lon="7.883047">
        <ele>338.4</ele>
      </trkpt>
      <trkpt lat="49.406329" lon="7.882681">
        <ele>337.9</ele>
      </trkpt>
      <trkpt lat="49.406086" lon="7.882421">
        <ele>335.9</ele>
      </trkpt>
      <trkpt lat="49.40581" lon="7.882242">
        <ele>333.2</ele>
      </trkpt>
      <trkpt lat="49.405546" lon="7.882112">
        <ele>331.8</ele>
      </trkpt>
      <trkpt lat="49.405271" lon="7.881965">
        <ele>330.6</ele>
      </trkpt>
      <trkpt lat="49.404869" lon="7.881866">
        <ele>330.6</ele>
      </trkpt>
      <trkpt lat="49.404466" lon="7.881766">
        <ele>327.8</ele>
      </trkpt>
      <trkpt lat="49.404064" lon="7.881666">
        <ele>325.3</ele>
      </trkpt>
      <trkpt lat="49.403706" lon="7.881578">
        <ele>323.1</ele>
        <name>49.403706,7.881578</name>
        <extensions>
          <oa:Extension>
            <oa:mapZoom>16</oa:mapZoom>
          </oa:Extension>
        </extensions>
      </trkpt>
      <trkpt lat="49.403662" lon="7.881567">
        <ele>322.8</ele>
      </trkpt>
      <trkpt lat="49.403261" lon="7.88141">
        <ele>319.3</ele>
      </trkpt>
      <trkpt lat="49.403035" lon="7.88139">
        <ele>317.2</ele>
      </trkpt>
      <trkpt lat="49.402809" lon="7.881369">
        <ele>315.0</ele>
      </trkpt>
      <trkpt lat="49.402571" lon="7.881411">
        <ele>312.7</ele>
      </trkpt>
      <trkpt lat="49.402334" lon="7.881454">
        <ele>311.1</ele>
      </trkpt>
      <trkpt lat="49.40198" lon="7.881591">
        <ele>308.7</ele>
      </trkpt>
      <trkpt lat="49.401743" lon="7.881672">
        <ele>307.2</ele>
      </trkpt>
      <trkpt lat="49.401557" lon="7.881788">
        <ele>306.2</ele>
      </trkpt>
      <trkpt lat="49.401278" lon="7.882054">
        <ele>304.5</ele>
      </trkpt>
      <trkpt lat="49.401052" lon="7.882419">
        <ele>301.0</ele>
      </trkpt>
      <trkpt lat="49.400826" lon="7.882784">
        <ele>298.5</ele>
      </trkpt>
      <trkpt lat="49.400699" lon="7.883076">
        <ele>297.2</ele>
      </trkpt>
      <trkpt lat="49.400553" lon="7.883578">
        <ele>296.3</ele>
      </trkpt>
      <trkpt lat="49.400486" lon="7.88392">
        <ele>296.0</ele>
      </trkpt>
      <trkpt lat="49.40042" lon="7.884262">
        <ele>295.7</ele>
      </trkpt>
      <trkpt lat="49.400394" lon="7.884454">
        <ele>295.7</ele>
      </trkpt>
      <trkpt lat="49.400366" lon="7.884702">
        <ele>295.7</ele>
      </trkpt>
      <trkpt lat="49.400307" lon="7.884862">
        <ele>295.1</ele>
      </trkpt>
      <trkpt lat="49.400112" lon="7.885321">
        <ele>293.4</ele>
      </trkpt>
      <trkpt lat="49.399951" lon="7.885647">
        <ele>291.4</ele>
      </trkpt>
      <trkpt lat="49.399854" lon="7.88579">
        <ele>290.0</ele>
      </trkpt>
      <trkpt lat="49.399749" lon="7.885916">
        <ele>288.5</ele>
      </trkpt>
      <trkpt lat="49.399589" lon="7.886046">
        <ele>286.9</ele>
      </trkpt>
      <trkpt lat="49.399461" lon="7.886117">
        <ele>286.3</ele>
      </trkpt>
      <trkpt lat="49.399365" lon="7.886146">
        <ele>286.3</ele>
        <name>49.399365,7.886146</name>
        <extensions>
          <oa:Extension>
            <oa:mapZoom>16</oa:mapZoom>
          </oa:Extension>
        </extensions>
      </trkpt>
      <trkpt lat="49.3993" lon="7.886166">
        <ele>286.3</ele>
      </trkpt>
      <trkpt lat="49.399235" lon="7.886178">
        <ele>286.5</ele>
      </trkpt>
      <trkpt lat="49.399157" lon="7.886168">
        <ele>286.8</ele>
      </trkpt>
      <trkpt lat="49.398917" lon="7.886026">
        <ele>287.8</ele>
      </trkpt>
      <trkpt lat="49.398611" lon="7.885754">
        <ele>288.6</ele>
      </trkpt>
      <trkpt lat="49.398528" lon="7.885693">
        <ele>288.9</ele>
      </trkpt>
      <trkpt lat="49.398197" lon="7.885465">
        <ele>289.8</ele>
      </trkpt>
      <trkpt lat="49.397865" lon="7.885237">
        <ele>290.8</ele>
      </trkpt>
      <trkpt lat="49.397814" lon="7.885202">
        <ele>290.8</ele>
      </trkpt>
      <trkpt lat="49.397815" lon="7.885202">
        <ele>290.8</ele>
        <name>49.397814,7.885202</name>
        <extensions>
          <oa:Extension>
            <oa:mapZoom>17</oa:mapZoom>
          </oa:Extension>
        </extensions>
      </trkpt>
      <trkpt lat="49.397534" lon="7.885009">
        <ele>291.3</ele>
      </trkpt>
      <trkpt lat="49.397496" lon="7.884983">
        <ele>291.4</ele>
      </trkpt>
      <trkpt lat="49.397309" lon="7.884856">
        <ele>292.0</ele>
      </trkpt>
      <trkpt lat="49.397266" lon="7.884827">
        <ele>292.1</ele>
      </trkpt>
      <trkpt lat="49.397005" lon="7.884637">
        <ele>292.7</ele>
      </trkpt>
      <trkpt lat="49.396727" lon="7.884448">
        <ele>296.0</ele>
      </trkpt>
      <trkpt lat="49.39635" lon="7.88416">
        <ele>300.7</ele>
      </trkpt>
      <trkpt lat="49.395973" lon="7.883872">
        <ele>301.5</ele>
      </trkpt>
      <trkpt lat="49.395858" lon="7.883807">
        <ele>301.2</ele>
      </trkpt>
      <trkpt lat="49.395758" lon="7.883769">
        <ele>300.8</ele>
      </trkpt>
      <trkpt lat="49.395699" lon="7.883771">
        <ele>300.9</ele>
      </trkpt>
      <trkpt lat="49.395609" lon="7.883636">
        <ele>297.7</ele>
      </trkpt>
      <trkpt lat="49.39539" lon="7.883456">
        <ele>296.1</ele>
      </trkpt>
      <trkpt lat="49.395171" lon="7.883277">
        <ele>295.4</ele>
      </trkpt>
      <trkpt lat="49.394968" lon="7.883122">
        <ele>295.5</ele>
      </trkpt>
      <trkpt lat="49.394766" lon="7.882968">
        <ele>296.5</ele>
      </trkpt>
      <trkpt lat="49.394641" lon="7.882867">
        <ele>296.7</ele>
      </trkpt>
      <trkpt lat="49.394506" lon="7.882737">
        <ele>296.7</ele>
      </trkpt>
      <trkpt lat="49.394287" lon="7.882485">
        <ele>296.6</ele>
      </trkpt>
      <trkpt lat="49.394231" lon="7.882257">
        <ele>297.5</ele>
      </trkpt>
      <trkpt lat="49.394077" lon="7.881891">
        <ele>297.1</ele>
      </trkpt>
      <trkpt lat="49.393924" lon="7.881525">
        <ele>296.9</ele>
      </trkpt>
      <trkpt lat="49.393878" lon="7.881171">
        <ele>298.0</ele>
      </trkpt>
      <trkpt lat="49.393832" lon="7.880818">
        <ele>298.2</ele>
      </trkpt>
      <trkpt lat="49.393836" lon="7.880409">
        <ele>302.5</ele>
      </trkpt>
      <trkpt lat="49.393765" lon="7.879902">
        <ele>308.2</ele>
      </trkpt>
      <trkpt lat="49.393695" lon="7.879396">
        <ele>311.1</ele>
      </trkpt>
      <trkpt lat="49.393624" lon="7.878889">
        <ele>313.2</ele>
      </trkpt>
      <trkpt lat="49.393576" lon="7.878257">
        <ele>315.4</ele>
      </trkpt>
      <trkpt lat="49.393528" lon="7.877626">
        <ele>317.6</ele>
      </trkpt>
      <trkpt lat="49.393502" lon="7.877063">
        <ele>319.9</ele>
      </trkpt>
      <trkpt lat="49.393516" lon="7.876655">
        <ele>322.2</ele>
      </trkpt>
      <trkpt lat="49.393615" lon="7.876194">
        <ele>326.2</ele>
      </trkpt>
      <trkpt lat="49.393647" lon="7.875908">
        <ele>328.7</ele>
      </trkpt>
      <trkpt lat="49.39378" lon="7.87586">
        <ele>331.1</ele>
      </trkpt>
      <trkpt lat="49.394029" lon="7.875886">
        <ele>334.6</ele>
      </trkpt>
      <trkpt lat="49.394077" lon="7.875891">
        <ele>335.2</ele>
        <name>Biosphärenreservat Pfälzerwald-Vosges du Nord, Waldleiningen, Enkenbach-Alsenborn</name>
        <extensions>
          <oa:Extension>
            <oa:mapZoom>17</oa:mapZoom>
          </oa:Extension>
        </extensions>
      </trkpt>
      <trkpt lat="49.394278" lon="7.875912">
        <ele>337.7</ele>
      </trkpt>
      <trkpt lat="49.394381" lon="7.875961">
        <ele>338.6</ele>
      </trkpt>
      <trkpt lat="49.394459" lon="7.876082">
        <ele>338.9</ele>
      </trkpt>
      <trkpt lat="49.394609" lon="7.876604">
        <ele>339.5</ele>
      </trkpt>
      <trkpt lat="49.394759" lon="7.877127">
        <ele>340.7</ele>
      </trkpt>
      <trkpt lat="49.394815" lon="7.877556">
        <ele>340.3</ele>
      </trkpt>
      <trkpt lat="49.394926" lon="7.87791">
        <ele>341.7</ele>
      </trkpt>
      <trkpt lat="49.395038" lon="7.878264">
        <ele>343.9</ele>
      </trkpt>
      <trkpt lat="49.395178" lon="7.878779">
        <ele>345.6</ele>
      </trkpt>
      <trkpt lat="49.395248" lon="7.879144">
        <ele>345.8</ele>
      </trkpt>
      <trkpt lat="49.395345" lon="7.879308">
        <ele>347.0</ele>
      </trkpt>
      <trkpt lat="49.395485" lon="7.87938">
        <ele>348.4</ele>
      </trkpt>
      <trkpt lat="49.395662" lon="7.879234">
        <ele>347.9</ele>
      </trkpt>
      <trkpt lat="49.395956" lon="7.879067">
        <ele>341.8</ele>
      </trkpt>
      <trkpt lat="49.396098" lon="7.879086">
        <ele>336.4</ele>
      </trkpt>
      <trkpt lat="49.396202" lon="7.879148">
        <ele>331.6</ele>
      </trkpt>
      <trkpt lat="49.396282" lon="7.878917">
        <ele>327.9</ele>
      </trkpt>
      <trkpt lat="49.396327" lon="7.878937">
        <ele>325.6</ele>
      </trkpt>
      <trkpt lat="49.396391" lon="7.878869">
        <ele>322.4</ele>
      </trkpt>
      <trkpt lat="49.396499" lon="7.878725">
        <ele>317.1</ele>
      </trkpt>
      <trkpt lat="49.396522" lon="7.878932">
        <ele>315.6</ele>
      </trkpt>
      <trkpt lat="49.396637" lon="7.87878">
        <ele>310.6</ele>
      </trkpt>
      <trkpt lat="49.396646" lon="7.878937">
        <ele>309.6</ele>
      </trkpt>
      <trkpt lat="49.396749" lon="7.878699">
        <ele>306.1</ele>
      </trkpt>
      <trkpt lat="49.396761" lon="7.878777">
        <ele>305.4</ele>
      </trkpt>
      <trkpt lat="49.396817" lon="7.878661">
        <ele>303.9</ele>
        <name>Biosphärenreservat Pfälzerwald-Vosges du Nord, Waldleiningen, Enkenbach-Alsenborn</name>
        <extensions>
          <oa:Extension>
            <oa:mapZoom>18</oa:mapZoom>
          </oa:Extension>
        </extensions>
      </trkpt>
      <trkpt lat="49.396855" lon="7.878583">
        <ele>302.9</ele>
      </trkpt>
      <trkpt lat="49.39699" lon="7.878357">
        <ele>300.0</ele>
      </trkpt>
      <trkpt lat="49.39699" lon="7.878356">
        <ele>300.0</ele>
      </trkpt>
      <trkpt lat="49.396993" lon="7.878356">
        <ele>299.88681</ele>
        <name>Ritterstein 138 &quot;Seewog&quot;, Waldleiningen</name>
        <extensions>
          <oa:Extension>
            <oa:mapZoom>18</oa:mapZoom>
            <oa:routingFailed>true</oa:routingFailed>
          </oa:Extension>
        </extensions>
      </trkpt>
      <trkpt lat="49.396989" lon="7.877932">
        <ele>301.14615</ele>
        <name>Waldleiningen</name>
        <extensions>
          <oa:Extension>
            <oa:mapZoom>18</oa:mapZoom>
            <oa:routingFailed>true</oa:routingFailed>
          </oa:Extension>
        </extensions>
      </trkpt>
      <trkpt lat="49.396919" lon="7.877519">
        <ele>301.80658</ele>
        <name>Waldleiningen</name>
        <extensions>
          <oa:Extension>
            <oa:mapZoom>18</oa:mapZoom>
            <oa:routingFailed>true</oa:routingFailed>
          </oa:Extension>
        </extensions>
      </trkpt>
      <trkpt lat="49.39676" lon="7.877141">
        <ele>303.3</ele>
        <name>49.396760,7.877141</name>
        <extensions>
          <oa:Extension>
            <oa:mapZoom>16</oa:mapZoom>
          </oa:Extension>
        </extensions>
      </trkpt>
      <trkpt lat="49.396741" lon="7.87709">
        <ele>303.4</ele>
      </trkpt>
      <trkpt lat="49.396611" lon="7.876803">
        <ele>306.0</ele>
      </trkpt>
      <trkpt lat="49.396441" lon="7.876511">
        <ele>311.1</ele>
      </trkpt>
      <trkpt lat="49.396485" lon="7.876081">
        <ele>312.0</ele>
      </trkpt>
      <trkpt lat="49.396368" lon="7.875439">
        <ele>311.3</ele>
      </trkpt>
      <trkpt lat="49.396316" lon="7.875097">
        <ele>308.5</ele>
      </trkpt>
      <trkpt lat="49.396263" lon="7.874756">
        <ele>306.4</ele>
      </trkpt>
      <trkpt lat="49.396198" lon="7.874254">
        <ele>305.8</ele>
      </trkpt>
      <trkpt lat="49.396172" lon="7.873892">
        <ele>306.1</ele>
      </trkpt>
      <trkpt lat="49.396146" lon="7.87335">
        <ele>306.3</ele>
      </trkpt>
      <trkpt lat="49.39608" lon="7.872788">
        <ele>306.8</ele>
      </trkpt>
      <trkpt lat="49.395937" lon="7.872286">
        <ele>308.8</ele>
      </trkpt>
      <trkpt lat="49.395801" lon="7.871871">
        <ele>309.0</ele>
      </trkpt>
      <trkpt lat="49.395666" lon="7.871456">
        <ele>311.6</ele>
      </trkpt>
      <trkpt lat="49.395531" lon="7.871041">
        <ele>313.5</ele>
      </trkpt>
      <trkpt lat="49.395382" lon="7.870522">
        <ele>312.8</ele>
      </trkpt>
      <trkpt lat="49.395232" lon="7.870003">
        <ele>310.1</ele>
      </trkpt>
      <trkpt lat="49.395083" lon="7.869484">
        <ele>307.4</ele>
      </trkpt>
      <trkpt lat="49.394966" lon="7.869062">
        <ele>307.8</ele>
      </trkpt>
      <trkpt lat="49.395126" lon="7.868631">
        <ele>306.9</ele>
      </trkpt>
      <trkpt lat="49.395136" lon="7.868171">
        <ele>308.6</ele>
      </trkpt>
      <trkpt lat="49.395103" lon="7.867565">
        <ele>308.7</ele>
      </trkpt>
      <trkpt lat="49.394927" lon="7.867067">
        <ele>310.8</ele>
      </trkpt>
      <trkpt lat="49.394751" lon="7.866569">
        <ele>310.6</ele>
      </trkpt>
      <trkpt lat="49.394541" lon="7.8662">
        <ele>310.9</ele>
        <name>49.394541,7.866200</name>
        <extensions>
          <oa:Extension>
            <oa:mapZoom>16</oa:mapZoom>
          </oa:Extension>
        </extensions>
      </trkpt>
      <trkpt lat="49.394493" lon="7.866115">
        <ele>311.0</ele>
      </trkpt>
      <trkpt lat="49.394235" lon="7.865662">
        <ele>312.1</ele>
      </trkpt>
      <trkpt lat="49.393977" lon="7.865209">
        <ele>315.3</ele>
      </trkpt>
      <trkpt lat="49.39372" lon="7.864755">
        <ele>314.9</ele>
      </trkpt>
      <trkpt lat="49.393483" lon="7.864346">
        <ele>311.4</ele>
      </trkpt>
      <trkpt lat="49.393245" lon="7.863938">
        <ele>310.1</ele>
      </trkpt>
      <trkpt lat="49.392925" lon="7.863534">
        <ele>309.8</ele>
      </trkpt>
      <trkpt lat="49.392838" lon="7.863355">
        <ele>309.9</ele>
      </trkpt>
      <trkpt lat="49.392769" lon="7.863216">
        <ele>310.5</ele>
      </trkpt>
      <trkpt lat="49.392865" lon="7.863179">
        <ele>310.0</ele>
      </trkpt>
      <trkpt lat="49.39326" lon="7.863029">
        <ele>311.6</ele>
      </trkpt>
      <trkpt lat="49.393061" lon="7.862412">
        <ele>313.0</ele>
      </trkpt>
      <trkpt lat="49.392862" lon="7.861795">
        <ele>314.6</ele>
      </trkpt>
      <trkpt lat="49.392702" lon="7.861401">
        <ele>314.7</ele>
      </trkpt>
      <trkpt lat="49.392541" lon="7.861007">
        <ele>315.2</ele>
      </trkpt>
      <trkpt lat="49.392265" lon="7.860674">
        <ele>315.4</ele>
      </trkpt>
      <trkpt lat="49.391888" lon="7.860315">
        <ele>315.5</ele>
      </trkpt>
      <trkpt lat="49.391673" lon="7.86013">
        <ele>315.7</ele>
      </trkpt>
      <trkpt lat="49.391458" lon="7.859944">
        <ele>316.1</ele>
      </trkpt>
      <trkpt lat="49.391189" lon="7.859657">
        <ele>316.9</ele>
      </trkpt>
      <trkpt lat="49.39092" lon="7.85937">
        <ele>316.1</ele>
      </trkpt>
      <trkpt lat="49.390515" lon="7.859397">
        <ele>317.3</ele>
      </trkpt>
      <trkpt lat="49.390248" lon="7.859397">
        <ele>320.7</ele>
      </trkpt>
      <trkpt lat="49.389927" lon="7.85941">
        <ele>325.4</ele>
      </trkpt>
      <trkpt lat="49.389564" lon="7.859572">
        <ele>325.6</ele>
      </trkpt>
      <trkpt lat="49.389202" lon="7.859734">
        <ele>322.9</ele>
      </trkpt>
      <trkpt lat="49.388995" lon="7.859734">
        <ele>322.9</ele>
      </trkpt>
      <trkpt lat="49.388823" lon="7.859621">
        <ele>324.8</ele>
        <name>49.388823,7.859621</name>
        <extensions>
          <oa:Extension>
            <oa:mapZoom>16</oa:mapZoom>
          </oa:Extension>
        </extensions>
      </trkpt>
      <trkpt lat="49.38863" lon="7.859494">
        <ele>326.8</ele>
      </trkpt>
      <trkpt lat="49.388366" lon="7.859245">
        <ele>329.7</ele>
      </trkpt>
      <trkpt lat="49.388212" lon="7.859044">
        <ele>332.2</ele>
      </trkpt>
      <trkpt lat="49.388038" lon="7.85868">
        <ele>337.7</ele>
      </trkpt>
      <trkpt lat="49.387863" lon="7.858316">
        <ele>339.0</ele>
      </trkpt>
      <trkpt lat="49.387706" lon="7.857897">
        <ele>338.2</ele>
      </trkpt>
      <trkpt lat="49.387548" lon="7.857479">
        <ele>339.7</ele>
      </trkpt>
      <trkpt lat="49.387391" lon="7.85706">
        <ele>345.0</ele>
      </trkpt>
      <trkpt lat="49.387244" lon="7.856465">
        <ele>351.5</ele>
      </trkpt>
      <trkpt lat="49.387159" lon="7.856054">
        <ele>352.9</ele>
      </trkpt>
      <trkpt lat="49.387062" lon="7.855568">
        <ele>352.6</ele>
      </trkpt>
      <trkpt lat="49.38697" lon="7.855171">
        <ele>351.8</ele>
      </trkpt>
      <trkpt lat="49.386878" lon="7.854774">
        <ele>353.3</ele>
      </trkpt>
      <trkpt lat="49.386807" lon="7.854559">
        <ele>355.2</ele>
      </trkpt>
      <trkpt lat="49.386685" lon="7.854186">
        <ele>360.5</ele>
      </trkpt>
      <trkpt lat="49.386563" lon="7.853812">
        <ele>365.7</ele>
      </trkpt>
      <trkpt lat="49.386393" lon="7.853364">
        <ele>369.1</ele>
      </trkpt>
      <trkpt lat="49.386271" lon="7.852971">
        <ele>370.7</ele>
      </trkpt>
      <trkpt lat="49.386174" lon="7.852641">
        <ele>374.0</ele>
      </trkpt>
      <trkpt lat="49.386076" lon="7.852311">
        <ele>380.2</ele>
      </trkpt>
      <trkpt lat="49.386012" lon="7.85219">
        <ele>383.4</ele>
      </trkpt>
      <trkpt lat="49.385938" lon="7.852155">
        <ele>385.7</ele>
      </trkpt>
      <trkpt lat="49.385874" lon="7.852162">
        <ele>387.4</ele>
      </trkpt>
      <trkpt lat="49.385821" lon="7.852217">
        <ele>388.2</ele>
      </trkpt>
      <trkpt lat="49.38578" lon="7.852288">
        <ele>388.4</ele>
      </trkpt>
      <trkpt lat="49.385734" lon="7.852373">
        <ele>388.6</ele>
      </trkpt>
      <trkpt lat="49.385702" lon="7.852458">
        <ele>388.4</ele>
      </trkpt>
      <trkpt lat="49.385656" lon="7.852514">
        <ele>389.3</ele>
      </trkpt>
      <trkpt lat="49.385609" lon="7.852623">
        <ele>389.6</ele>
      </trkpt>
      <trkpt lat="49.385548" lon="7.852754">
        <ele>390.4</ele>
      </trkpt>
      <trkpt lat="49.385498" lon="7.852965">
        <ele>390.7</ele>
      </trkpt>
      <trkpt lat="49.385508" lon="7.853289">
        <ele>389.7</ele>
      </trkpt>
      <trkpt lat="49.38549" lon="7.85342">
        <ele>390.3</ele>
      </trkpt>
      <trkpt lat="49.385427" lon="7.85356">
        <ele>392.2</ele>
      </trkpt>
      <trkpt lat="49.385344" lon="7.853588">
        <ele>394.6</ele>
      </trkpt>
      <trkpt lat="49.385207" lon="7.853649">
        <ele>397.7</ele>
      </trkpt>
      <trkpt lat="49.384964" lon="7.853669">
        <ele>401.9</ele>
      </trkpt>
      <trkpt lat="49.38483" lon="7.853725">
        <ele>402.7</ele>
      </trkpt>
      <trkpt lat="49.384663" lon="7.853803">
        <ele>402.6</ele>
      </trkpt>
      <trkpt lat="49.384578" lon="7.853885">
        <ele>401.5</ele>
      </trkpt>
      <trkpt lat="49.384397" lon="7.853943">
        <ele>399.7</ele>
      </trkpt>
      <trkpt lat="49.384244" lon="7.853926">
        <ele>398.2</ele>
      </trkpt>
      <trkpt lat="49.384113" lon="7.853853">
        <ele>397.5</ele>
      </trkpt>
      <trkpt lat="49.384011" lon="7.853709">
        <ele>398.8</ele>
      </trkpt>
      <trkpt lat="49.383983" lon="7.853603">
        <ele>400.7</ele>
      </trkpt>
      <trkpt lat="49.383982" lon="7.85349">
        <ele>403.5</ele>
      </trkpt>
      <trkpt lat="49.384026" lon="7.853394">
        <ele>406.4</ele>
      </trkpt>
      <trkpt lat="49.384054" lon="7.853254">
        <ele>410.3</ele>
      </trkpt>
      <trkpt lat="49.383979" lon="7.853015">
        <ele>416.8</ele>
      </trkpt>
      <trkpt lat="49.383797" lon="7.852866">
        <ele>421.1</ele>
      </trkpt>
      <trkpt lat="49.383639" lon="7.852847">
        <ele>421.4</ele>
      </trkpt>
      <trkpt lat="49.383505" lon="7.852866">
        <ele>420.4</ele>
      </trkpt>
      <trkpt lat="49.383359" lon="7.852922">
        <ele>418.1</ele>
      </trkpt>
      <trkpt lat="49.383229" lon="7.85298">
        <ele>415.9</ele>
      </trkpt>
      <trkpt lat="49.383115" lon="7.853006">
        <ele>415.0</ele>
      </trkpt>
      <trkpt lat="49.383023" lon="7.852985">
        <ele>415.8</ele>
      </trkpt>
      <trkpt lat="49.382953" lon="7.852884">
        <ele>419.2</ele>
      </trkpt>
      <trkpt lat="49.382812" lon="7.852772">
        <ele>423.1</ele>
      </trkpt>
      <trkpt lat="49.382702" lon="7.852754">
        <ele>424.2</ele>
      </trkpt>
      <trkpt lat="49.382581" lon="7.852828">
        <ele>422.9</ele>
      </trkpt>
      <trkpt lat="49.382471" lon="7.85281">
        <ele>424.5</ele>
      </trkpt>
      <trkpt lat="49.382359" lon="7.852776">
        <ele>426.8</ele>
      </trkpt>
      <trkpt lat="49.382233" lon="7.852755">
        <ele>428.9</ele>
      </trkpt>
      <trkpt lat="49.382094" lon="7.852776">
        <ele>429.8</ele>
      </trkpt>
      <trkpt lat="49.381974" lon="7.852764">
        <ele>431.1</ele>
      </trkpt>
      <trkpt lat="49.381891" lon="7.852821">
        <ele>429.9</ele>
      </trkpt>
      <trkpt lat="49.381799" lon="7.852863">
        <ele>428.9</ele>
      </trkpt>
      <trkpt lat="49.381654" lon="7.852913">
        <ele>427.3</ele>
      </trkpt>
      <trkpt lat="49.3815" lon="7.85286">
        <ele>428.3</ele>
      </trkpt>
      <trkpt lat="49.38134" lon="7.852766">
        <ele>430.0</ele>
      </trkpt>
      <trkpt lat="49.381232" lon="7.852632">
        <ele>433.3</ele>
      </trkpt>
      <trkpt lat="49.381064" lon="7.852475">
        <ele>436.9</ele>
      </trkpt>
      <trkpt lat="49.380995" lon="7.852421">
        <ele>438.1</ele>
        <name>49.380995,7.852421</name>
        <extensions>
          <oa:Extension>
            <oa:mapZoom>16</oa:mapZoom>
          </oa:Extension>
        </extensions>
      </trkpt>
      <trkpt lat="49.380909" lon="7.852354">
        <ele>439.6</ele>
      </trkpt>
      <trkpt lat="49.380624" lon="7.852275">
        <ele>440.1</ele>
      </trkpt>
      <trkpt lat="49.380395" lon="7.852144">
        <ele>442.7</ele>
      </trkpt>
      <trkpt lat="49.38016" lon="7.852045">
        <ele>444.8</ele>
      </trkpt>
      <trkpt lat="49.379926" lon="7.851946">
        <ele>447.6</ele>
      </trkpt>
      <trkpt lat="49.37964" lon="7.851859">
        <ele>450.5</ele>
      </trkpt>
      <trkpt lat="49.379355" lon="7.851772">
        <ele>452.9</ele>
      </trkpt>
      <trkpt lat="49.379019" lon="7.851621">
        <ele>455.6</ele>
      </trkpt>
      <trkpt lat="49.378683" lon="7.851471">
        <ele>457.4</ele>
      </trkpt>
      <trkpt lat="49.378402" lon="7.851348">
        <ele>458.7</ele>
      </trkpt>
      <trkpt lat="49.378039" lon="7.851054">
        <ele>464.3</ele>
      </trkpt>
      <trkpt lat="49.377763" lon="7.850838">
        <ele>468.2</ele>
      </trkpt>
      <trkpt lat="49.377385" lon="7.8506">
        <ele>472.8</ele>
      </trkpt>
      <trkpt lat="49.377007" lon="7.850361">
        <ele>477.0</ele>
      </trkpt>
      <trkpt lat="49.376868" lon="7.8503">
        <ele>478.0</ele>
      </trkpt>
      <trkpt lat="49.376483" lon="7.850332">
        <ele>479.2</ele>
      </trkpt>
      <trkpt lat="49.376224" lon="7.850348">
        <ele>480.4</ele>
      </trkpt>
      <trkpt lat="49.375965" lon="7.850364">
        <ele>481.8</ele>
      </trkpt>
      <trkpt lat="49.3759" lon="7.850191">
        <ele>482.7</ele>
      </trkpt>
      <trkpt lat="49.376281" lon="7.850037">
        <ele>481.7</ele>
      </trkpt>
      <trkpt lat="49.376663" lon="7.849882">
        <ele>481.2</ele>
      </trkpt>
      <trkpt lat="49.376799" lon="7.849844">
        <ele>481.1</ele>
      </trkpt>
      <trkpt lat="49.376892" lon="7.849835">
        <ele>480.9</ele>
      </trkpt>
      <trkpt lat="49.377036" lon="7.849858">
        <ele>480.4</ele>
      </trkpt>
      <trkpt lat="49.377182" lon="7.849916">
        <ele>479.8</ele>
      </trkpt>
      <trkpt lat="49.377238" lon="7.849556">
        <ele>480.9</ele>
      </trkpt>
      <trkpt lat="49.377399" lon="7.849505">
        <ele>480.7</ele>
      </trkpt>
      <trkpt lat="49.377745" lon="7.849403">
        <ele>480.3</ele>
      </trkpt>
      <trkpt lat="49.37809" lon="7.849301">
        <ele>480.2</ele>
      </trkpt>
      <trkpt lat="49.378397" lon="7.849237">
        <ele>479.9</ele>
      </trkpt>
      <trkpt lat="49.378676" lon="7.849205">
        <ele>479.5</ele>
      </trkpt>
      <trkpt lat="49.378789" lon="7.849192">
        <ele>479.2</ele>
        <name>49.378789,7.849192</name>
        <extensions>
          <oa:Extension>
            <oa:mapZoom>16</oa:mapZoom>
          </oa:Extension>
        </extensions>
      </trkpt>
      <trkpt lat="49.378956" lon="7.849172">
        <ele>478.8</ele>
      </trkpt>
      <trkpt lat="49.379283" lon="7.84911">
        <ele>477.8</ele>
      </trkpt>
      <trkpt lat="49.379609" lon="7.849048">
        <ele>476.5</ele>
      </trkpt>
      <trkpt lat="49.379865" lon="7.849058">
        <ele>475.6</ele>
      </trkpt>
      <trkpt lat="49.380287" lon="7.848982">
        <ele>473.9</ele>
      </trkpt>
      <trkpt lat="49.380645" lon="7.848947">
        <ele>472.8</ele>
      </trkpt>
      <trkpt lat="49.381002" lon="7.848912">
        <ele>471.6</ele>
      </trkpt>
      <trkpt lat="49.381413" lon="7.848827">
        <ele>470.0</ele>
      </trkpt>
      <trkpt lat="49.381806" lon="7.848706">
        <ele>468.7</ele>
      </trkpt>
      <trkpt lat="49.381977" lon="7.848536">
        <ele>468.2</ele>
      </trkpt>
      <trkpt lat="49.382347" lon="7.848232">
        <ele>467.6</ele>
      </trkpt>
      <trkpt lat="49.382717" lon="7.847928">
        <ele>467.3</ele>
      </trkpt>
      <trkpt lat="49.383083" lon="7.847624">
        <ele>466.9</ele>
      </trkpt>
      <trkpt lat="49.383448" lon="7.84732">
        <ele>465.9</ele>
      </trkpt>
      <trkpt lat="49.383782" lon="7.847052">
        <ele>465.1</ele>
      </trkpt>
      <trkpt lat="49.384117" lon="7.846784">
        <ele>465.1</ele>
      </trkpt>
      <trkpt lat="49.38429" lon="7.846621">
        <ele>465.5</ele>
      </trkpt>
      <trkpt lat="49.384341" lon="7.846462">
        <ele>465.2</ele>
      </trkpt>
      <trkpt lat="49.384393" lon="7.845895">
        <ele>464.3</ele>
      </trkpt>
      <trkpt lat="49.384445" lon="7.845328">
        <ele>466.2</ele>
      </trkpt>
      <trkpt lat="49.384467" lon="7.844933">
        <ele>467.9</ele>
      </trkpt>
      <trkpt lat="49.384489" lon="7.844538">
        <ele>469.5</ele>
      </trkpt>
      <trkpt lat="49.384513" lon="7.844218">
        <ele>470.3</ele>
      </trkpt>
      <trkpt lat="49.384567" lon="7.843913">
        <ele>471.0</ele>
      </trkpt>
      <trkpt lat="49.384682" lon="7.843602">
        <ele>471.9</ele>
      </trkpt>
      <trkpt lat="49.384797" lon="7.843291">
        <ele>472.6</ele>
      </trkpt>
      <trkpt lat="49.38481" lon="7.843241">
        <ele>472.6</ele>
      </trkpt>
      <trkpt lat="49.384922" lon="7.842923">
        <ele>472.8</ele>
      </trkpt>
      <trkpt lat="49.385065" lon="7.842651">
        <ele>472.5</ele>
      </trkpt>
      <trkpt lat="49.385183" lon="7.842505">
        <ele>471.6</ele>
        <name>49.385183,7.842505</name>
        <extensions>
          <oa:Extension>
            <oa:mapZoom>16</oa:mapZoom>
          </oa:Extension>
        </extensions>
      </trkpt>
      <trkpt lat="49.385316" lon="7.842339">
        <ele>470.6</ele>
      </trkpt>
      <trkpt lat="49.385565" lon="7.842001">
        <ele>468.4</ele>
      </trkpt>
      <trkpt lat="49.38575" lon="7.841756">
        <ele>467.3</ele>
      </trkpt>
      <trkpt lat="49.385935" lon="7.841511">
        <ele>467.2</ele>
      </trkpt>
      <trkpt lat="49.386187" lon="7.841228">
        <ele>468.2</ele>
      </trkpt>
      <trkpt lat="49.386361" lon="7.841143">
        <ele>468.3</ele>
      </trkpt>
      <trkpt lat="49.386508" lon="7.841147">
        <ele>467.8</ele>
      </trkpt>
      <trkpt lat="49.386894" lon="7.841252">
        <ele>464.9</ele>
      </trkpt>
      <trkpt lat="49.387118" lon="7.841302">
        <ele>463.0</ele>
      </trkpt>
      <trkpt lat="49.387337" lon="7.841284">
        <ele>461.2</ele>
      </trkpt>
      <trkpt lat="49.387564" lon="7.841165">
        <ele>458.8</ele>
      </trkpt>
      <trkpt lat="49.387702" lon="7.840903">
        <ele>457.2</ele>
      </trkpt>
      <trkpt lat="49.387858" lon="7.840657">
        <ele>453.9</ele>
      </trkpt>
      <trkpt lat="49.388019" lon="7.84024">
        <ele>450.3</ele>
      </trkpt>
      <trkpt lat="49.388148" lon="7.839906">
        <ele>446.9</ele>
        <name>49.388148,7.839906</name>
        <extensions>
          <oa:Extension>
            <oa:mapZoom>16</oa:mapZoom>
          </oa:Extension>
        </extensions>
      </trkpt>
      <trkpt lat="49.38818" lon="7.839823">
        <ele>446.1</ele>
      </trkpt>
      <trkpt lat="49.388278" lon="7.839529">
        <ele>443.3</ele>
      </trkpt>
      <trkpt lat="49.388531" lon="7.838977">
        <ele>436.7</ele>
      </trkpt>
      <trkpt lat="49.388761" lon="7.838736">
        <ele>432.0</ele>
      </trkpt>
      <trkpt lat="49.388864" lon="7.838628">
        <ele>431.2</ele>
        <name>49.388864,7.838628</name>
        <extensions>
          <oa:Extension>
            <oa:mapZoom>16</oa:mapZoom>
          </oa:Extension>
        </extensions>
      </trkpt>
      <trkpt lat="49.388991" lon="7.838494">
        <ele>430.3</ele>
      </trkpt>
      <trkpt lat="49.389264" lon="7.838239">
        <ele>434.1</ele>
      </trkpt>
      <trkpt lat="49.389536" lon="7.837984">
        <ele>436.3</ele>
      </trkpt>
      <trkpt lat="49.389731" lon="7.837864">
        <ele>434.5</ele>
        <name>49.389731,7.837864</name>
        <extensions>
          <oa:Extension>
            <oa:mapZoom>16</oa:mapZoom>
          </oa:Extension>
        </extensions>
      </trkpt>
      <trkpt lat="49.389842" lon="7.837796">
        <ele>433.4</ele>
      </trkpt>
      <trkpt lat="49.390148" lon="7.837608">
        <ele>428.6</ele>
      </trkpt>
      <trkpt lat="49.390412" lon="7.837454">
        <ele>424.1</ele>
      </trkpt>
      <trkpt lat="49.390529" lon="7.837364">
        <ele>422.0</ele>
      </trkpt>
      <trkpt lat="49.390573" lon="7.837333">
        <ele>421.1</ele>
        <name>49.390573,7.837333</name>
        <extensions>
          <oa:Extension>
            <oa:mapZoom>16</oa:mapZoom>
          </oa:Extension>
        </extensions>
      </trkpt>
      <trkpt lat="49.390912" lon="7.837094">
        <ele>414.2</ele>
      </trkpt>
      <trkpt lat="49.391002" lon="7.837284">
        <ele>415.1</ele>
      </trkpt>
      <trkpt lat="49.391059" lon="7.837394">
        <ele>415.0</ele>
      </trkpt>
      <trkpt lat="49.391129" lon="7.837534">
        <ele>414.3</ele>
      </trkpt>
      <trkpt lat="49.391249" lon="7.837652">
        <ele>413.3</ele>
      </trkpt>
      <trkpt lat="49.391399" lon="7.837812">
        <ele>411.8</ele>
      </trkpt>
      <trkpt lat="49.391404" lon="7.837786">
        <ele>412.2</ele>
      </trkpt>
      <trkpt lat="49.391517" lon="7.837807">
        <ele>412.7</ele>
      </trkpt>
      <trkpt lat="49.391632" lon="7.837816">
        <ele>413.7</ele>
      </trkpt>
      <trkpt lat="49.391712" lon="7.837694">
        <ele>416.3</ele>
      </trkpt>
      <trkpt lat="49.391755" lon="7.83749">
        <ele>418.5</ele>
      </trkpt>
      <trkpt lat="49.391869" lon="7.837336">
        <ele>420.5</ele>
      </trkpt>
      <trkpt lat="49.391964" lon="7.837168">
        <ele>421.2</ele>
      </trkpt>
      <trkpt lat="49.392" lon="7.837334">
        <ele>422.7</ele>
      </trkpt>
      <trkpt lat="49.392415" lon="7.837561">
        <ele>431.4</ele>
      </trkpt>
      <trkpt lat="49.392646" lon="7.838005">
        <ele>433.5</ele>
      </trkpt>
      <trkpt lat="49.392876" lon="7.838449">
        <ele>432.0</ele>
      </trkpt>
      <trkpt lat="49.393107" lon="7.838893">
        <ele>430.9</ele>
      </trkpt>
      <trkpt lat="49.393154" lon="7.838983">
        <ele>431.1</ele>
        <name>49.393154,7.838983</name>
        <extensions>
          <oa:Extension>
            <oa:mapZoom>16</oa:mapZoom>
          </oa:Extension>
        </extensions>
      </trkpt>
      <trkpt lat="49.393338" lon="7.839336">
        <ele>431.6</ele>
      </trkpt>
      <trkpt lat="49.393569" lon="7.83978">
        <ele>432.5</ele>
      </trkpt>
      <trkpt lat="49.393752" lon="7.84018">
        <ele>434.7</ele>
      </trkpt>
      <trkpt lat="49.393935" lon="7.840579">
        <ele>438.5</ele>
      </trkpt>
      <trkpt lat="49.394075" lon="7.840999">
        <ele>439.7</ele>
      </trkpt>
      <trkpt lat="49.394215" lon="7.841419">
        <ele>439.1</ele>
      </trkpt>
      <trkpt lat="49.394264" lon="7.841543">
        <ele>439.3</ele>
      </trkpt>
      <trkpt lat="49.394371" lon="7.841882">
        <ele>439.2</ele>
      </trkpt>
      <trkpt lat="49.394547" lon="7.842193">
        <ele>440.7</ele>
      </trkpt>
      <trkpt lat="49.394723" lon="7.842505">
        <ele>438.6</ele>
      </trkpt>
      <trkpt lat="49.394923" lon="7.842812">
        <ele>434.3</ele>
      </trkpt>
      <trkpt lat="49.395123" lon="7.843119">
        <ele>429.9</ele>
      </trkpt>
      <trkpt lat="49.395323" lon="7.843562">
        <ele>425.8</ele>
      </trkpt>
      <trkpt lat="49.395523" lon="7.844005">
        <ele>422.6</ele>
      </trkpt>
      <trkpt lat="49.39544" lon="7.844208">
        <ele>425.0</ele>
      </trkpt>
      <trkpt lat="49.39553" lon="7.844289">
        <ele>423.2</ele>
      </trkpt>
      <trkpt lat="49.395438" lon="7.844519">
        <ele>424.7</ele>
      </trkpt>
      <trkpt lat="49.395681" lon="7.844691">
        <ele>420.8</ele>
      </trkpt>
      <trkpt lat="49.396041" lon="7.844748">
        <ele>413.9</ele>
      </trkpt>
      <trkpt lat="49.396123" lon="7.844797">
        <ele>412.4</ele>
      </trkpt>
      <trkpt lat="49.396371" lon="7.844963">
        <ele>408.4</ele>
      </trkpt>
      <trkpt lat="49.396582" lon="7.845141">
        <ele>406.1</ele>
      </trkpt>
      <trkpt lat="49.396794" lon="7.84532">
        <ele>404.3</ele>
      </trkpt>
      <trkpt lat="49.397016" lon="7.845419">
        <ele>401.6</ele>
      </trkpt>
      <trkpt lat="49.397237" lon="7.845519">
        <ele>399.0</ele>
      </trkpt>
      <trkpt lat="49.397528" lon="7.845819">
        <ele>396.0</ele>
      </trkpt>
      <trkpt lat="49.397691" lon="7.84607">
        <ele>394.2</ele>
      </trkpt>
      <trkpt lat="49.3977" lon="7.845971">
        <ele>393.3</ele>
        <name>49.397700,7.845971</name>
        <extensions>
          <oa:Extension>
            <oa:mapZoom>16</oa:mapZoom>
          </oa:Extension>
        </extensions>
      </trkpt>
      <trkpt lat="49.397722" lon="7.845734">
        <ele>391.1</ele>
      </trkpt>
      <trkpt lat="49.39761" lon="7.845137">
        <ele>386.0</ele>
      </trkpt>
      <trkpt lat="49.397484" lon="7.844881">
        <ele>385.7</ele>
      </trkpt>
      <trkpt lat="49.397293" lon="7.844644">
        <ele>387.4</ele>
      </trkpt>
      <trkpt lat="49.397234" lon="7.844276">
        <ele>385.0</ele>
      </trkpt>
      <trkpt lat="49.397175" lon="7.843907">
        <ele>383.0</ele>
      </trkpt>
      <trkpt lat="49.396979" lon="7.843451">
        <ele>382.4</ele>
      </trkpt>
      <trkpt lat="49.396784" lon="7.842994">
        <ele>382.2</ele>
      </trkpt>
      <trkpt lat="49.396588" lon="7.842538">
        <ele>383.4</ele>
      </trkpt>
      <trkpt lat="49.396479" lon="7.842">
        <ele>384.0</ele>
      </trkpt>
      <trkpt lat="49.396369" lon="7.841462">
        <ele>383.0</ele>
      </trkpt>
      <trkpt lat="49.396249" lon="7.841151">
        <ele>383.6</ele>
      </trkpt>
      <trkpt lat="49.396128" lon="7.840841">
        <ele>384.2</ele>
      </trkpt>
      <trkpt lat="49.395901" lon="7.840295">
        <ele>384.5</ele>
      </trkpt>
      <trkpt lat="49.395674" lon="7.839749">
        <ele>384.6</ele>
      </trkpt>
      <trkpt lat="49.395447" lon="7.839203">
        <ele>384.4</ele>
      </trkpt>
      <trkpt lat="49.395224" lon="7.838881">
        <ele>384.9</ele>
      </trkpt>
      <trkpt lat="49.395001" lon="7.838559">
        <ele>385.3</ele>
      </trkpt>
      <trkpt lat="49.394778" lon="7.838237">
        <ele>387.5</ele>
      </trkpt>
      <trkpt lat="49.394535" lon="7.837734">
        <ele>388.5</ele>
      </trkpt>
      <trkpt lat="49.394293" lon="7.837231">
        <ele>388.1</ele>
      </trkpt>
      <trkpt lat="49.39405" lon="7.836728">
        <ele>386.3</ele>
      </trkpt>
      <trkpt lat="49.393885" lon="7.836386">
        <ele>386.0</ele>
        <name>49.393885,7.836386</name>
        <extensions>
          <oa:Extension>
            <oa:mapZoom>16</oa:mapZoom>
          </oa:Extension>
        </extensions>
      </trkpt>
      <trkpt lat="49.393807" lon="7.836224">
        <ele>385.8</ele>
      </trkpt>
      <trkpt lat="49.393615" lon="7.835724">
        <ele>385.7</ele>
      </trkpt>
      <trkpt lat="49.393422" lon="7.835224">
        <ele>385.8</ele>
      </trkpt>
      <trkpt lat="49.393229" lon="7.834724">
        <ele>385.6</ele>
      </trkpt>
      <trkpt lat="49.393036" lon="7.834224">
        <ele>384.8</ele>
      </trkpt>
      <trkpt lat="49.392843" lon="7.833724">
        <ele>383.4</ele>
      </trkpt>
      <trkpt lat="49.392841" lon="7.833089">
        <ele>381.4</ele>
      </trkpt>
      <trkpt lat="49.392839" lon="7.832453">
        <ele>381.7</ele>
      </trkpt>
      <trkpt lat="49.392837" lon="7.831817">
        <ele>381.7</ele>
      </trkpt>
      <trkpt lat="49.392835" lon="7.831182">
        <ele>381.4</ele>
      </trkpt>
      <trkpt lat="49.392805" lon="7.830646">
        <ele>381.1</ele>
      </trkpt>
      <trkpt lat="49.392776" lon="7.83011">
        <ele>380.4</ele>
      </trkpt>
      <trkpt lat="49.392747" lon="7.829574">
        <ele>379.2</ele>
      </trkpt>
      <trkpt lat="49.392718" lon="7.829038">
        <ele>377.9</ele>
      </trkpt>
      <trkpt lat="49.392703" lon="7.828462">
        <ele>376.8</ele>
      </trkpt>
      <trkpt lat="49.392687" lon="7.827886">
        <ele>375.3</ele>
      </trkpt>
      <trkpt lat="49.392672" lon="7.827311">
        <ele>373.5</ele>
      </trkpt>
      <trkpt lat="49.392657" lon="7.826735">
        <ele>371.3</ele>
      </trkpt>
      <trkpt lat="49.392642" lon="7.826159">
        <ele>369.0</ele>
      </trkpt>
      <trkpt lat="49.392627" lon="7.825583">
        <ele>366.7</ele>
      </trkpt>
      <trkpt lat="49.392277" lon="7.825527">
        <ele>367.0</ele>
      </trkpt>
      <trkpt lat="49.391928" lon="7.825471">
        <ele>366.6</ele>
      </trkpt>
      <trkpt lat="49.391578" lon="7.825414">
        <ele>365.5</ele>
      </trkpt>
      <trkpt lat="49.391169" lon="7.825208">
        <ele>362.7</ele>
      </trkpt>
      <trkpt lat="49.390772" lon="7.824966">
        <ele>359.2</ele>
      </trkpt>
      <trkpt lat="49.390376" lon="7.824724">
        <ele>355.4</ele>
      </trkpt>
      <trkpt lat="49.390145" lon="7.824544">
        <ele>353.2</ele>
        <name>49.390145,7.824544</name>
        <extensions>
          <oa:Extension>
            <oa:mapZoom>16</oa:mapZoom>
          </oa:Extension>
        </extensions>
      </trkpt>
      <trkpt lat="49.390126" lon="7.824529">
        <ele>353.0</ele>
      </trkpt>
      <trkpt lat="49.389808" lon="7.824147">
        <ele>350.2</ele>
      </trkpt>
      <trkpt lat="49.389593" lon="7.823849">
        <ele>349.4</ele>
      </trkpt>
      <trkpt lat="49.389377" lon="7.823552">
        <ele>349.9</ele>
      </trkpt>
      <trkpt lat="49.389109" lon="7.823202">
        <ele>351.8</ele>
      </trkpt>
      <trkpt lat="49.388841" lon="7.822853">
        <ele>353.9</ele>
      </trkpt>
      <trkpt lat="49.388691" lon="7.822548">
        <ele>354.5</ele>
      </trkpt>
      <trkpt lat="49.388542" lon="7.822244">
        <ele>354.9</ele>
      </trkpt>
      <trkpt lat="49.388344" lon="7.821635">
        <ele>354.5</ele>
      </trkpt>
      <trkpt lat="49.388145" lon="7.821027">
        <ele>356.1</ele>
      </trkpt>
      <trkpt lat="49.387946" lon="7.820419">
        <ele>361.9</ele>
      </trkpt>
      <trkpt lat="49.38774" lon="7.819825">
        <ele>367.0</ele>
      </trkpt>
      <trkpt lat="49.387406" lon="7.819701">
        <ele>371.2</ele>
      </trkpt>
      <trkpt lat="49.387196" lon="7.819544">
        <ele>372.5</ele>
      </trkpt>
      <trkpt lat="49.387108" lon="7.819499">
        <ele>372.8</ele>
      </trkpt>
      <trkpt lat="49.387052" lon="7.819512">
        <ele>373.3</ele>
      </trkpt>
      <trkpt lat="49.387011" lon="7.819313">
        <ele>371.7</ele>
      </trkpt>
      <trkpt lat="49.386928" lon="7.819082">
        <ele>369.3</ele>
      </trkpt>
      <trkpt lat="49.386807" lon="7.818849">
        <ele>366.3</ele>
      </trkpt>
      <trkpt lat="49.386607" lon="7.818593">
        <ele>362.2</ele>
      </trkpt>
      <trkpt lat="49.386339" lon="7.818288">
        <ele>357.5</ele>
      </trkpt>
      <trkpt lat="49.386206" lon="7.818101">
        <ele>355.3</ele>
      </trkpt>
      <trkpt lat="49.3861" lon="7.817923">
        <ele>353.7</ele>
      </trkpt>
      <trkpt lat="49.385903" lon="7.817516">
        <ele>351.2</ele>
      </trkpt>
      <trkpt lat="49.385763" lon="7.817244">
        <ele>350.6</ele>
      </trkpt>
      <trkpt lat="49.385654" lon="7.817078">
        <ele>350.4</ele>
      </trkpt>
      <trkpt lat="49.38557" lon="7.816967">
        <ele>350.2</ele>
      </trkpt>
      <trkpt lat="49.385258" lon="7.81663">
        <ele>349.0</ele>
      </trkpt>
      <trkpt lat="49.38487" lon="7.816294">
        <ele>349.0</ele>
      </trkpt>
      <trkpt lat="49.384588" lon="7.816067">
        <ele>349.1</ele>
      </trkpt>
      <trkpt lat="49.384307" lon="7.81584">
        <ele>348.7</ele>
      </trkpt>
      <trkpt lat="49.384026" lon="7.815614">
        <ele>348.0</ele>
      </trkpt>
      <trkpt lat="49.383848" lon="7.815497">
        <ele>347.9</ele>
      </trkpt>
      <trkpt lat="49.383577" lon="7.815387">
        <ele>348.5</ele>
      </trkpt>
      <trkpt lat="49.383307" lon="7.815277">
        <ele>348.9</ele>
      </trkpt>
      <trkpt lat="49.383286" lon="7.81527">
        <ele>348.9</ele>
      </trkpt>
      <trkpt lat="49.383202" lon="7.815239">
        <ele>349.0</ele>
        <name>49.383202,7.815239</name>
        <extensions>
          <oa:Extension>
            <oa:mapZoom>16</oa:mapZoom>
          </oa:Extension>
        </extensions>
      </trkpt>
      <trkpt lat="49.382996" lon="7.815163">
        <ele>349.2</ele>
      </trkpt>
      <trkpt lat="49.382705" lon="7.815057">
        <ele>348.7</ele>
      </trkpt>
      <trkpt lat="49.382549" lon="7.815017">
        <ele>348.4</ele>
      </trkpt>
      <trkpt lat="49.382343" lon="7.814994">
        <ele>348.2</ele>
      </trkpt>
      <trkpt lat="49.38219" lon="7.815009">
        <ele>348.0</ele>
      </trkpt>
      <trkpt lat="49.382022" lon="7.815044">
        <ele>347.6</ele>
      </trkpt>
      <trkpt lat="49.381893" lon="7.81511">
        <ele>347.5</ele>
      </trkpt>
      <trkpt lat="49.381748" lon="7.815195">
        <ele>347.1</ele>
      </trkpt>
      <trkpt lat="49.38162" lon="7.815288">
        <ele>346.6</ele>
      </trkpt>
      <trkpt lat="49.381487" lon="7.81542">
        <ele>346.1</ele>
      </trkpt>
      <trkpt lat="49.381319" lon="7.815647">
        <ele>345.2</ele>
      </trkpt>
      <trkpt lat="49.381193" lon="7.815868">
        <ele>343.7</ele>
      </trkpt>
      <trkpt lat="49.381127" lon="7.816033">
        <ele>342.8</ele>
      </trkpt>
      <trkpt lat="49.381086" lon="7.8162">
        <ele>342.3</ele>
      </trkpt>
      <trkpt lat="49.381061" lon="7.816355">
        <ele>342.1</ele>
      </trkpt>
      <trkpt lat="49.38099" lon="7.816807">
        <ele>341.0</ele>
      </trkpt>
      <trkpt lat="49.380919" lon="7.817258">
        <ele>339.8</ele>
      </trkpt>
      <trkpt lat="49.380882" lon="7.817422">
        <ele>338.9</ele>
      </trkpt>
      <trkpt lat="49.380851" lon="7.817565">
        <ele>338.2</ele>
      </trkpt>
      <trkpt lat="49.380795" lon="7.817854">
        <ele>337.0</ele>
      </trkpt>
      <trkpt lat="49.380759" lon="7.81798">
        <ele>336.4</ele>
      </trkpt>
      <trkpt lat="49.380745" lon="7.818008">
        <ele>336.2</ele>
      </trkpt>
      <trkpt lat="49.380713" lon="7.818186">
        <ele>335.8</ele>
      </trkpt>
      <trkpt lat="49.380696" lon="7.818355">
        <ele>335.8</ele>
      </trkpt>
      <trkpt lat="49.380675" lon="7.818504">
        <ele>335.7</ele>
      </trkpt>
      <trkpt lat="49.38059" lon="7.818918">
        <ele>334.6</ele>
      </trkpt>
      <trkpt lat="49.380505" lon="7.819332">
        <ele>333.2</ele>
      </trkpt>
      <trkpt lat="49.380475" lon="7.819432">
        <ele>332.9</ele>
      </trkpt>
      <trkpt lat="49.380393" lon="7.819599">
        <ele>332.4</ele>
      </trkpt>
      <trkpt lat="49.380157" lon="7.820061">
        <ele>332.6</ele>
      </trkpt>
      <trkpt lat="49.380034" lon="7.820325">
        <ele>332.8</ele>
      </trkpt>
      <trkpt lat="49.379962" lon="7.82048">
        <ele>332.9</ele>
      </trkpt>
      <trkpt lat="49.379766" lon="7.820847">
        <ele>333.1</ele>
      </trkpt>
      <trkpt lat="49.379708" lon="7.820916">
        <ele>333.2</ele>
      </trkpt>
      <trkpt lat="49.379654" lon="7.820949">
        <ele>333.3</ele>
      </trkpt>
      <trkpt lat="49.37959" lon="7.820971">
        <ele>333.3</ele>
      </trkpt>
      <trkpt lat="49.379273" lon="7.82104">
        <ele>333.7</ele>
      </trkpt>
      <trkpt lat="49.378957" lon="7.821108">
        <ele>334.0</ele>
      </trkpt>
      <trkpt lat="49.378668" lon="7.821171">
        <ele>334.3</ele>
      </trkpt>
      <trkpt lat="49.378565" lon="7.821211">
        <ele>334.4</ele>
      </trkpt>
      <trkpt lat="49.378447" lon="7.821327">
        <ele>334.6</ele>
      </trkpt>
      <trkpt lat="49.378173" lon="7.821635">
        <ele>335.4</ele>
      </trkpt>
      <trkpt lat="49.378037" lon="7.821717">
        <ele>335.6</ele>
      </trkpt>
      <trkpt lat="49.377791" lon="7.821786">
        <ele>335.6</ele>
      </trkpt>
      <trkpt lat="49.377583" lon="7.821814">
        <ele>336.0</ele>
      </trkpt>
      <trkpt lat="49.377463" lon="7.821792">
        <ele>336.2</ele>
      </trkpt>
      <trkpt lat="49.377369" lon="7.821764">
        <ele>336.5</ele>
      </trkpt>
      <trkpt lat="49.377042" lon="7.821592">
        <ele>337.8</ele>
      </trkpt>
      <trkpt lat="49.37696" lon="7.821563">
        <ele>338.2</ele>
      </trkpt>
      <trkpt lat="49.376796" lon="7.821504">
        <ele>339.2</ele>
        <name>49.376796,7.821504</name>
        <extensions>
          <oa:Extension>
            <oa:mapZoom>16</oa:mapZoom>
          </oa:Extension>
        </extensions>
      </trkpt>
      <trkpt lat="49.376791" lon="7.821502">
        <ele>339.2</ele>
      </trkpt>
      <trkpt lat="49.376454" lon="7.821467">
        <ele>339.8</ele>
      </trkpt>
      <trkpt lat="49.376408" lon="7.82145">
        <ele>339.9</ele>
      </trkpt>
      <trkpt lat="49.376307" lon="7.821412">
        <ele>339.8</ele>
      </trkpt>
      <trkpt lat="49.375998" lon="7.821265">
        <ele>339.6</ele>
      </trkpt>
      <trkpt lat="49.37569" lon="7.821119">
        <ele>342.5</ele>
      </trkpt>
      <trkpt lat="49.375404" lon="7.821024">
        <ele>344.3</ele>
      </trkpt>
      <trkpt lat="49.375236" lon="7.820936">
        <ele>345.0</ele>
      </trkpt>
      <trkpt lat="49.374867" lon="7.820683">
        <ele>345.0</ele>
      </trkpt>
      <trkpt lat="49.374683" lon="7.820486">
        <ele>345.3</ele>
      </trkpt>
      <trkpt lat="49.374473" lon="7.820179">
        <ele>347.6</ele>
      </trkpt>
      <trkpt lat="49.374278" lon="7.819846">
        <ele>347.8</ele>
      </trkpt>
      <trkpt lat="49.374127" lon="7.81965">
        <ele>347.7</ele>
      </trkpt>
      <trkpt lat="49.373967" lon="7.819482">
        <ele>347.5</ele>
      </trkpt>
      <trkpt lat="49.373801" lon="7.819386">
        <ele>347.3</ele>
      </trkpt>
      <trkpt lat="49.373565" lon="7.819351">
        <ele>347.9</ele>
      </trkpt>
      <trkpt lat="49.373336" lon="7.819284">
        <ele>348.9</ele>
      </trkpt>
      <trkpt lat="49.373107" lon="7.819216">
        <ele>350.0</ele>
      </trkpt>
      <trkpt lat="49.372726" lon="7.819027">
        <ele>352.3</ele>
      </trkpt>
      <trkpt lat="49.372582" lon="7.818941">
        <ele>353.0</ele>
      </trkpt>
      <trkpt lat="49.37251" lon="7.818866">
        <ele>353.6</ele>
      </trkpt>
      <trkpt lat="49.372405" lon="7.81883">
        <ele>353.8</ele>
      </trkpt>
      <trkpt lat="49.372145" lon="7.818853">
        <ele>352.7</ele>
      </trkpt>
      <trkpt lat="49.371935" lon="7.818853">
        <ele>352.1</ele>
      </trkpt>
      <trkpt lat="49.371516" lon="7.818767">
        <ele>352.0</ele>
      </trkpt>
      <trkpt lat="49.371307" lon="7.818703">
        <ele>352.6</ele>
      </trkpt>
      <trkpt lat="49.371022" lon="7.818717">
        <ele>353.3</ele>
      </trkpt>
      <trkpt lat="49.37084" lon="7.818803">
        <ele>354.8</ele>
      </trkpt>
      <trkpt lat="49.370459" lon="7.818937">
        <ele>359.8</ele>
      </trkpt>
      <trkpt lat="49.370178" lon="7.819187">
        <ele>361.6</ele>
      </trkpt>
      <trkpt lat="49.369971" lon="7.819366">
        <ele>363.3</ele>
      </trkpt>
      <trkpt lat="49.369763" lon="7.819546">
        <ele>364.5</ele>
      </trkpt>
      <trkpt lat="49.369621" lon="7.819672">
        <ele>364.4</ele>
        <name>49.369621,7.819672</name>
        <extensions>
          <oa:Extension>
            <oa:mapZoom>16</oa:mapZoom>
          </oa:Extension>
        </extensions>
      </trkpt>
      <trkpt lat="49.36956" lon="7.819726">
        <ele>364.4</ele>
      </trkpt>
      <trkpt lat="49.369356" lon="7.819906">
        <ele>363.3</ele>
      </trkpt>
      <trkpt lat="49.369148" lon="7.820135">
        <ele>360.4</ele>
      </trkpt>
      <trkpt lat="49.368939" lon="7.820364">
        <ele>358.3</ele>
      </trkpt>
      <trkpt lat="49.368749" lon="7.820467">
        <ele>358.1</ele>
      </trkpt>
      <trkpt lat="49.368605" lon="7.820573">
        <ele>357.3</ele>
      </trkpt>
      <trkpt lat="49.368482" lon="7.820686">
        <ele>357.6</ele>
      </trkpt>
      <trkpt lat="49.368347" lon="7.820611">
        <ele>358.6</ele>
      </trkpt>
      <trkpt lat="49.36809" lon="7.820498">
        <ele>360.3</ele>
      </trkpt>
      <trkpt lat="49.367855" lon="7.820524">
        <ele>361.2</ele>
      </trkpt>
      <trkpt lat="49.367634" lon="7.820698">
        <ele>364.3</ele>
      </trkpt>
      <trkpt lat="49.367366" lon="7.820979">
        <ele>375.7</ele>
      </trkpt>
      <trkpt lat="49.36717" lon="7.821238">
        <ele>385.8</ele>
      </trkpt>
      <trkpt lat="49.366974" lon="7.821496">
        <ele>393.5</ele>
      </trkpt>
      <trkpt lat="49.366716" lon="7.821967">
        <ele>399.1</ele>
      </trkpt>
      <trkpt lat="49.366581" lon="7.822212">
        <ele>400.7</ele>
      </trkpt>
      <trkpt lat="49.366385" lon="7.822382">
        <ele>405.3</ele>
      </trkpt>
      <trkpt lat="49.36625" lon="7.822551">
        <ele>406.2</ele>
      </trkpt>
      <trkpt lat="49.366066" lon="7.822702">
        <ele>408.7</ele>
      </trkpt>
      <trkpt lat="49.365759" lon="7.823147">
        <ele>408.1</ele>
      </trkpt>
      <trkpt lat="49.365555" lon="7.823623">
        <ele>406.2</ele>
      </trkpt>
      <trkpt lat="49.365331" lon="7.823874">
        <ele>410.5</ele>
      </trkpt>
      <trkpt lat="49.365107" lon="7.824126">
        <ele>415.1</ele>
      </trkpt>
      <trkpt lat="49.365262" lon="7.823685">
        <ele>416.4</ele>
      </trkpt>
      <trkpt lat="49.365418" lon="7.823245">
        <ele>418.5</ele>
      </trkpt>
      <trkpt lat="49.365573" lon="7.822804">
        <ele>422.7</ele>
      </trkpt>
      <trkpt lat="49.36573" lon="7.822532">
        <ele>424.7</ele>
      </trkpt>
      <trkpt lat="49.365886" lon="7.82226">
        <ele>426.9</ele>
      </trkpt>
      <trkpt lat="49.365985" lon="7.822093">
        <ele>427.6</ele>
      </trkpt>
      <trkpt lat="49.366052" lon="7.821944">
        <ele>427.5</ele>
        <name>49.366052,7.821944</name>
        <extensions>
          <oa:Extension>
            <oa:mapZoom>16</oa:mapZoom>
          </oa:Extension>
        </extensions>
      </trkpt>
      <trkpt lat="49.366219" lon="7.821574">
        <ele>427.3</ele>
      </trkpt>
      <trkpt lat="49.366233" lon="7.821123">
        <ele>426.2</ele>
      </trkpt>
      <trkpt lat="49.366121" lon="7.820801">
        <ele>425.5</ele>
      </trkpt>
      <trkpt lat="49.365995" lon="7.820586">
        <ele>419.9</ele>
      </trkpt>
      <trkpt lat="49.365786" lon="7.820393">
        <ele>409.6</ele>
      </trkpt>
      <trkpt lat="49.365492" lon="7.820264">
        <ele>405.0</ele>
      </trkpt>
      <trkpt lat="49.365255" lon="7.820136">
        <ele>403.9</ele>
      </trkpt>
      <trkpt lat="49.365101" lon="7.82005">
        <ele>406.3</ele>
      </trkpt>
      <trkpt lat="49.365017" lon="7.819857">
        <ele>409.9</ele>
      </trkpt>
      <trkpt lat="49.365038" lon="7.819642">
        <ele>412.4</ele>
      </trkpt>
      <trkpt lat="49.365108" lon="7.819324">
        <ele>415.3</ele>
      </trkpt>
      <trkpt lat="49.365203" lon="7.819047">
        <ele>416.8</ele>
      </trkpt>
      <trkpt lat="49.365362" lon="7.818779">
        <ele>415.8</ele>
      </trkpt>
      <trkpt lat="49.365521" lon="7.818511">
        <ele>415.3</ele>
      </trkpt>
      <trkpt lat="49.365713" lon="7.81814">
        <ele>416.6</ele>
      </trkpt>
      <trkpt lat="49.365871" lon="7.817649">
        <ele>419.6</ele>
      </trkpt>
      <trkpt lat="49.365902" lon="7.817291">
        <ele>422.3</ele>
      </trkpt>
      <trkpt lat="49.365939" lon="7.816892">
        <ele>424.8</ele>
      </trkpt>
      <trkpt lat="49.365976" lon="7.816494">
        <ele>426.7</ele>
      </trkpt>
      <trkpt lat="49.366031" lon="7.8161">
        <ele>427.4</ele>
      </trkpt>
      <trkpt lat="49.366085" lon="7.815705">
        <ele>427.9</ele>
      </trkpt>
      <trkpt lat="49.36645" lon="7.815578">
        <ele>428.4</ele>
      </trkpt>
      <trkpt lat="49.366275" lon="7.815394">
        <ele>429.2</ele>
      </trkpt>
      <trkpt lat="49.366235" lon="7.815351">
        <ele>429.4</ele>
      </trkpt>
      <trkpt lat="49.36616" lon="7.815214">
        <ele>430.0</ele>
      </trkpt>
      <trkpt lat="49.366078" lon="7.814962">
        <ele>430.9</ele>
      </trkpt>
      <trkpt lat="49.365919" lon="7.814364">
        <ele>432.9</ele>
      </trkpt>
      <trkpt lat="49.365821" lon="7.814009">
        <ele>434.2</ele>
      </trkpt>
      <trkpt lat="49.365797" lon="7.813934">
        <ele>434.4</ele>
        <name>49.365797,7.813934</name>
        <extensions>
          <oa:Extension>
            <oa:mapZoom>16</oa:mapZoom>
          </oa:Extension>
        </extensions>
      </trkpt>
      <trkpt lat="49.365677" lon="7.813563">
        <ele>435.6</ele>
      </trkpt>
      <trkpt lat="49.365546" lon="7.813132">
        <ele>437.4</ele>
      </trkpt>
      <trkpt lat="49.365479" lon="7.812954">
        <ele>438.1</ele>
      </trkpt>
      <trkpt lat="49.365398" lon="7.812822">
        <ele>438.6</ele>
      </trkpt>
      <trkpt lat="49.365293" lon="7.812878">
        <ele>438.6</ele>
      </trkpt>
      <trkpt lat="49.365074" lon="7.812612">
        <ele>439.4</ele>
      </trkpt>
      <trkpt lat="49.364738" lon="7.81228">
        <ele>439.5</ele>
      </trkpt>
      <trkpt lat="49.364401" lon="7.811947">
        <ele>439.4</ele>
      </trkpt>
      <trkpt lat="49.364312" lon="7.811848">
        <ele>439.3</ele>
      </trkpt>
      <trkpt lat="49.364188" lon="7.812123">
        <ele>439.7</ele>
      </trkpt>
      <trkpt lat="49.36406" lon="7.812423">
        <ele>440.2</ele>
      </trkpt>
      <trkpt lat="49.363856" lon="7.812741">
        <ele>440.5</ele>
      </trkpt>
      <trkpt lat="49.363681" lon="7.81302">
        <ele>440.6</ele>
      </trkpt>
      <trkpt lat="49.363458" lon="7.813227">
        <ele>440.5</ele>
      </trkpt>
      <trkpt lat="49.363279" lon="7.813416">
        <ele>440.2</ele>
        <name>49.363279,7.813416</name>
        <extensions>
          <oa:Extension>
            <oa:mapZoom>16</oa:mapZoom>
          </oa:Extension>
        </extensions>
      </trkpt>
      <trkpt lat="49.363249" lon="7.813447">
        <ele>440.2</ele>
      </trkpt>
      <trkpt lat="49.363128" lon="7.81352">
        <ele>439.9</ele>
      </trkpt>
      <trkpt lat="49.363008" lon="7.813503">
        <ele>439.5</ele>
      </trkpt>
      <trkpt lat="49.362897" lon="7.813514">
        <ele>439.1</ele>
      </trkpt>
      <trkpt lat="49.36281" lon="7.81355">
        <ele>438.7</ele>
      </trkpt>
      <trkpt lat="49.362664" lon="7.813699">
        <ele>438.0</ele>
      </trkpt>
      <trkpt lat="49.36263" lon="7.813922">
        <ele>437.7</ele>
      </trkpt>
      <trkpt lat="49.3625" lon="7.814134">
        <ele>436.9</ele>
      </trkpt>
      <trkpt lat="49.362392" lon="7.81435">
        <ele>436.4</ele>
      </trkpt>
      <trkpt lat="49.362291" lon="7.814737">
        <ele>437.1</ele>
      </trkpt>
      <trkpt lat="49.362167" lon="7.815222">
        <ele>438.6</ele>
      </trkpt>
      <trkpt lat="49.362085" lon="7.815583">
        <ele>439.6</ele>
      </trkpt>
      <trkpt lat="49.361973" lon="7.815987">
        <ele>440.3</ele>
      </trkpt>
      <trkpt lat="49.361853" lon="7.816338">
        <ele>440.7</ele>
      </trkpt>
      <trkpt lat="49.361691" lon="7.816539">
        <ele>441.0</ele>
      </trkpt>
      <trkpt lat="49.361559" lon="7.816802">
        <ele>441.7</ele>
      </trkpt>
      <trkpt lat="49.361376" lon="7.817128">
        <ele>443.3</ele>
      </trkpt>
      <trkpt lat="49.361307" lon="7.817375">
        <ele>444.5</ele>
      </trkpt>
      <trkpt lat="49.361227" lon="7.81755">
        <ele>445.4</ele>
      </trkpt>
      <trkpt lat="49.361131" lon="7.817964">
        <ele>446.6</ele>
      </trkpt>
      <trkpt lat="49.360958" lon="7.818251">
        <ele>447.3</ele>
      </trkpt>
      <trkpt lat="49.360786" lon="7.818538">
        <ele>448.1</ele>
      </trkpt>
      <trkpt lat="49.360715" lon="7.818898">
        <ele>449.4</ele>
      </trkpt>
      <trkpt lat="49.360634" lon="7.819369">
        <ele>451.0</ele>
      </trkpt>
      <trkpt lat="49.360502" lon="7.819651">
        <ele>452.2</ele>
      </trkpt>
      <trkpt lat="49.36037" lon="7.819933">
        <ele>453.9</ele>
      </trkpt>
      <trkpt lat="49.360224" lon="7.820215">
        <ele>455.7</ele>
      </trkpt>
      <trkpt lat="49.360079" lon="7.820498">
        <ele>456.8</ele>
      </trkpt>
      <trkpt lat="49.359877" lon="7.82084">
        <ele>457.4</ele>
      </trkpt>
      <trkpt lat="49.359676" lon="7.821183">
        <ele>457.9</ele>
      </trkpt>
      <trkpt lat="49.359511" lon="7.821522">
        <ele>458.2</ele>
      </trkpt>
      <trkpt lat="49.359382" lon="7.821905">
        <ele>458.4</ele>
      </trkpt>
      <trkpt lat="49.359253" lon="7.822271">
        <ele>458.0</ele>
      </trkpt>
      <trkpt lat="49.359123" lon="7.822636">
        <ele>457.3</ele>
      </trkpt>
      <trkpt lat="49.358932" lon="7.823192">
        <ele>457.6</ele>
      </trkpt>
      <trkpt lat="49.358902" lon="7.823349">
        <ele>458.0</ele>
        <name>49.358902,7.823349</name>
        <extensions>
          <oa:Extension>
            <oa:mapZoom>16</oa:mapZoom>
          </oa:Extension>
        </extensions>
      </trkpt>
      <trkpt lat="49.3589" lon="7.82336">
        <ele>458.1</ele>
      </trkpt>
      <trkpt lat="49.358902" lon="7.823849">
        <ele>460.3</ele>
      </trkpt>
      <trkpt lat="49.358904" lon="7.824337">
        <ele>461.7</ele>
      </trkpt>
      <trkpt lat="49.358906" lon="7.82485">
        <ele>461.4</ele>
      </trkpt>
      <trkpt lat="49.358522" lon="7.824938">
        <ele>460.3</ele>
      </trkpt>
      <trkpt lat="49.358275" lon="7.824903">
        <ele>459.2</ele>
      </trkpt>
      <trkpt lat="49.358038" lon="7.824797">
        <ele>457.7</ele>
      </trkpt>
      <trkpt lat="49.357828" lon="7.82461">
        <ele>455.9</ele>
      </trkpt>
      <trkpt lat="49.357618" lon="7.824424">
        <ele>455.2</ele>
      </trkpt>
      <trkpt lat="49.357414" lon="7.824243">
        <ele>455.9</ele>
      </trkpt>
      <trkpt lat="49.357219" lon="7.824096">
        <ele>457.8</ele>
      </trkpt>
      <trkpt lat="49.357024" lon="7.823965">
        <ele>460.2</ele>
      </trkpt>
      <trkpt lat="49.356824" lon="7.823864">
        <ele>462.7</ele>
      </trkpt>
      <trkpt lat="49.35656" lon="7.823751">
        <ele>465.1</ele>
      </trkpt>
      <trkpt lat="49.356297" lon="7.823637">
        <ele>466.7</ele>
      </trkpt>
      <trkpt lat="49.356095" lon="7.82363">
        <ele>467.7</ele>
      </trkpt>
      <trkpt lat="49.355941" lon="7.823689">
        <ele>468.3</ele>
      </trkpt>
      <trkpt lat="49.355838" lon="7.823768">
        <ele>468.5</ele>
      </trkpt>
      <trkpt lat="49.35576" lon="7.823867">
        <ele>468.4</ele>
      </trkpt>
      <trkpt lat="49.35567" lon="7.824006">
        <ele>468.3</ele>
      </trkpt>
      <trkpt lat="49.355554" lon="7.824283">
        <ele>468.0</ele>
      </trkpt>
      <trkpt lat="49.355464" lon="7.82454">
        <ele>468.0</ele>
      </trkpt>
      <trkpt lat="49.355416" lon="7.824668">
        <ele>468.0</ele>
      </trkpt>
      <trkpt lat="49.355364" lon="7.824806">
        <ele>468.1</ele>
      </trkpt>
      <trkpt lat="49.355305" lon="7.824991">
        <ele>468.2</ele>
      </trkpt>
      <trkpt lat="49.355148" lon="7.825407">
        <ele>467.8</ele>
      </trkpt>
      <trkpt lat="49.354991" lon="7.825823">
        <ele>466.1</ele>
      </trkpt>
      <trkpt lat="49.354834" lon="7.826239">
        <ele>462.6</ele>
      </trkpt>
      <trkpt lat="49.354673" lon="7.826689">
        <ele>459.0</ele>
      </trkpt>
      <trkpt lat="49.354525" lon="7.82707">
        <ele>458.3</ele>
      </trkpt>
      <trkpt lat="49.354377" lon="7.827451">
        <ele>459.3</ele>
      </trkpt>
      <trkpt lat="49.354239" lon="7.827685">
        <ele>459.3</ele>
      </trkpt>
      <trkpt lat="49.354105" lon="7.827783">
        <ele>458.7</ele>
        <name>49.354105,7.827783</name>
        <extensions>
          <oa:Extension>
            <oa:mapZoom>16</oa:mapZoom>
          </oa:Extension>
        </extensions>
      </trkpt>
      <trkpt lat="49.354076" lon="7.827804">
        <ele>458.6</ele>
      </trkpt>
      <trkpt lat="49.353915" lon="7.827818">
        <ele>458.0</ele>
      </trkpt>
      <trkpt lat="49.353761" lon="7.827714">
        <ele>457.6</ele>
      </trkpt>
      <trkpt lat="49.35355" lon="7.827515">
        <ele>457.7</ele>
      </trkpt>
      <trkpt lat="49.353357" lon="7.827159">
        <ele>457.7</ele>
      </trkpt>
      <trkpt lat="49.353245" lon="7.826786">
        <ele>457.1</ele>
      </trkpt>
      <trkpt lat="49.353166" lon="7.826342">
        <ele>455.1</ele>
      </trkpt>
      <trkpt lat="49.353093" lon="7.826044">
        <ele>453.8</ele>
      </trkpt>
      <trkpt lat="49.352982" lon="7.825829">
        <ele>453.9</ele>
      </trkpt>
      <trkpt lat="49.352872" lon="7.825654">
        <ele>454.7</ele>
      </trkpt>
      <trkpt lat="49.352542" lon="7.825224">
        <ele>458.3</ele>
      </trkpt>
      <trkpt lat="49.352211" lon="7.824793">
        <ele>461.9</ele>
      </trkpt>
      <trkpt lat="49.351881" lon="7.824363">
        <ele>464.3</ele>
      </trkpt>
      <trkpt lat="49.35155" lon="7.823933">
        <ele>464.0</ele>
      </trkpt>
      <trkpt lat="49.35122" lon="7.823502">
        <ele>460.6</ele>
      </trkpt>
      <trkpt lat="49.351136" lon="7.823476">
        <ele>460.0</ele>
      </trkpt>
      <trkpt lat="49.351055" lon="7.823524">
        <ele>459.9</ele>
      </trkpt>
      <trkpt lat="49.350797" lon="7.823974">
        <ele>461.5</ele>
      </trkpt>
      <trkpt lat="49.350522" lon="7.824318">
        <ele>460.9</ele>
      </trkpt>
      <trkpt lat="49.350247" lon="7.824662">
        <ele>460.5</ele>
      </trkpt>
      <trkpt lat="49.350148" lon="7.824749">
        <ele>460.7</ele>
      </trkpt>
      <trkpt lat="49.350033" lon="7.824772">
        <ele>460.5</ele>
      </trkpt>
      <trkpt lat="49.349917" lon="7.82476">
        <ele>460.1</ele>
      </trkpt>
      <trkpt lat="49.349808" lon="7.82471">
        <ele>459.7</ele>
      </trkpt>
      <trkpt lat="49.349514" lon="7.824396">
        <ele>460.2</ele>
      </trkpt>
      <trkpt lat="49.349317" lon="7.824223">
        <ele>461.6</ele>
      </trkpt>
      <trkpt lat="49.348897" lon="7.824175">
        <ele>466.5</ele>
      </trkpt>
      <trkpt lat="49.348476" lon="7.824127">
        <ele>470.7</ele>
      </trkpt>
      <trkpt lat="49.348056" lon="7.82408">
        <ele>474.3</ele>
      </trkpt>
      <trkpt lat="49.347858" lon="7.824051">
        <ele>475.7</ele>
      </trkpt>
      <trkpt lat="49.34743" lon="7.824196">
        <ele>478.5</ele>
      </trkpt>
      <trkpt lat="49.347088" lon="7.824392">
        <ele>479.6</ele>
      </trkpt>
      <trkpt lat="49.346853" lon="7.824423">
        <ele>479.6</ele>
      </trkpt>
      <trkpt lat="49.346552" lon="7.82443">
        <ele>479.3</ele>
      </trkpt>
      <trkpt lat="49.346258" lon="7.824363">
        <ele>478.6</ele>
        <name>49.346258,7.824363</name>
        <extensions>
          <oa:Extension>
            <oa:mapZoom>16</oa:mapZoom>
          </oa:Extension>
        </extensions>
      </trkpt>
      <trkpt lat="49.346238" lon="7.824358">
        <ele>478.6</ele>
      </trkpt>
      <trkpt lat="49.346073" lon="7.824359">
        <ele>478.4</ele>
      </trkpt>
      <trkpt lat="49.345915" lon="7.82434">
        <ele>478.2</ele>
      </trkpt>
      <trkpt lat="49.345708" lon="7.824527">
        <ele>478.6</ele>
      </trkpt>
      <trkpt lat="49.345477" lon="7.82477">
        <ele>479.6</ele>
      </trkpt>
      <trkpt lat="49.34516" lon="7.824937">
        <ele>480.8</ele>
      </trkpt>
      <trkpt lat="49.344998" lon="7.825017">
        <ele>481.2</ele>
      </trkpt>
      <trkpt lat="49.34482" lon="7.825054">
        <ele>481.4</ele>
      </trkpt>
      <trkpt lat="49.344513" lon="7.825096">
        <ele>481.1</ele>
      </trkpt>
      <trkpt lat="49.34419" lon="7.825053">
        <ele>480.5</ele>
      </trkpt>
      <trkpt lat="49.343871" lon="7.824994">
        <ele>480.1</ele>
      </trkpt>
      <trkpt lat="49.343572" lon="7.824873">
        <ele>479.7</ele>
      </trkpt>
      <trkpt lat="49.343274" lon="7.824751">
        <ele>478.4</ele>
      </trkpt>
      <trkpt lat="49.343043" lon="7.824602">
        <ele>476.5</ele>
      </trkpt>
      <trkpt lat="49.342702" lon="7.824387">
        <ele>472.6</ele>
      </trkpt>
      <trkpt lat="49.342361" lon="7.824172">
        <ele>469.8</ele>
      </trkpt>
      <trkpt lat="49.342082" lon="7.824004">
        <ele>469.2</ele>
      </trkpt>
      <trkpt lat="49.341804" lon="7.823843">
        <ele>469.3</ele>
      </trkpt>
      <trkpt lat="49.341497" lon="7.82378">
        <ele>469.7</ele>
      </trkpt>
      <trkpt lat="49.341227" lon="7.823682">
        <ele>469.9</ele>
      </trkpt>
      <trkpt lat="49.340908" lon="7.823559">
        <ele>470.1</ele>
      </trkpt>
      <trkpt lat="49.340834" lon="7.823575">
        <ele>470.2</ele>
      </trkpt>
      <trkpt lat="49.340773" lon="7.823593">
        <ele>470.2</ele>
      </trkpt>
      <trkpt lat="49.340684" lon="7.823636">
        <ele>470.1</ele>
      </trkpt>
      <trkpt lat="49.340308" lon="7.823825">
        <ele>469.3</ele>
      </trkpt>
      <trkpt lat="49.339931" lon="7.824014">
        <ele>468.0</ele>
      </trkpt>
      <trkpt lat="49.339922" lon="7.824021">
        <ele>468.0</ele>
        <name>49.339922,7.824021</name>
        <extensions>
          <oa:Extension>
            <oa:mapZoom>16</oa:mapZoom>
          </oa:Extension>
        </extensions>
      </trkpt>
      <trkpt lat="49.33968" lon="7.8242">
        <ele>467.2</ele>
      </trkpt>
      <trkpt lat="49.339449" lon="7.824255">
        <ele>466.3</ele>
      </trkpt>
      <trkpt lat="49.339282" lon="7.824398">
        <ele>465.7</ele>
      </trkpt>
      <trkpt lat="49.338844" lon="7.824495">
        <ele>464.3</ele>
      </trkpt>
      <trkpt lat="49.338695" lon="7.825059">
        <ele>464.0</ele>
      </trkpt>
      <trkpt lat="49.338546" lon="7.825623">
        <ele>463.9</ele>
      </trkpt>
      <trkpt lat="49.338452" lon="7.825994">
        <ele>463.2</ele>
      </trkpt>
      <trkpt lat="49.338413" lon="7.826155">
        <ele>462.5</ele>
      </trkpt>
      <trkpt lat="49.338397" lon="7.826324">
        <ele>461.4</ele>
      </trkpt>
      <trkpt lat="49.338307" lon="7.826362">
        <ele>460.9</ele>
      </trkpt>
      <trkpt lat="49.338192" lon="7.826428">
        <ele>460.1</ele>
      </trkpt>
      <trkpt lat="49.337852" lon="7.826608">
        <ele>457.4</ele>
      </trkpt>
      <trkpt lat="49.337775" lon="7.826693">
        <ele>456.0</ele>
      </trkpt>
      <trkpt lat="49.337732" lon="7.826794">
        <ele>454.3</ele>
      </trkpt>
      <trkpt lat="49.337678" lon="7.826858">
        <ele>453.1</ele>
      </trkpt>
      <trkpt lat="49.337617" lon="7.826872">
        <ele>452.9</ele>
      </trkpt>
      <trkpt lat="49.337566" lon="7.826843">
        <ele>453.6</ele>
      </trkpt>
      <trkpt lat="49.337522" lon="7.826797">
        <ele>454.7</ele>
      </trkpt>
      <trkpt lat="49.337405" lon="7.826643">
        <ele>457.7</ele>
      </trkpt>
      <trkpt lat="49.337355" lon="7.826533">
        <ele>459.4</ele>
      </trkpt>
      <trkpt lat="49.337303" lon="7.826389">
        <ele>461.1</ele>
      </trkpt>
      <trkpt lat="49.337218" lon="7.826166">
        <ele>463.1</ele>
      </trkpt>
      <trkpt lat="49.337153" lon="7.826143">
        <ele>463.5</ele>
      </trkpt>
      <trkpt lat="49.337115" lon="7.826058">
        <ele>464.1</ele>
      </trkpt>
      <trkpt lat="49.337053" lon="7.825842">
        <ele>465.4</ele>
      </trkpt>
      <trkpt lat="49.337013" lon="7.825669">
        <ele>466.2</ele>
      </trkpt>
      <trkpt lat="49.337003" lon="7.825629">
        <ele>466.4</ele>
      </trkpt>
      <trkpt lat="49.336972" lon="7.825549">
        <ele>466.7</ele>
      </trkpt>
      <trkpt lat="49.336903" lon="7.825505">
        <ele>467.1</ele>
      </trkpt>
      <trkpt lat="49.336553" lon="7.825701">
        <ele>468.0</ele>
      </trkpt>
      <trkpt lat="49.336204" lon="7.825897">
        <ele>468.8</ele>
      </trkpt>
      <trkpt lat="49.335862" lon="7.826109">
        <ele>469.3</ele>
      </trkpt>
      <trkpt lat="49.33581" lon="7.826142">
        <ele>469.4</ele>
      </trkpt>
      <trkpt lat="49.335622" lon="7.826259">
        <ele>469.7</ele>
      </trkpt>
      <trkpt lat="49.335472" lon="7.826406">
        <ele>469.8</ele>
      </trkpt>
      <trkpt lat="49.33537" lon="7.82652">
        <ele>469.8</ele>
      </trkpt>
      <trkpt lat="49.335195" lon="7.826742">
        <ele>470.4</ele>
      </trkpt>
      <trkpt lat="49.335182" lon="7.827018">
        <ele>469.3</ele>
      </trkpt>
      <trkpt lat="49.335159" lon="7.827122">
        <ele>469.1</ele>
      </trkpt>
      <trkpt lat="49.335061" lon="7.827303">
        <ele>469.6</ele>
      </trkpt>
      <trkpt lat="49.334839" lon="7.827611">
        <ele>470.7</ele>
      </trkpt>
      <trkpt lat="49.334617" lon="7.827919">
        <ele>471.5</ele>
      </trkpt>
      <trkpt lat="49.334444" lon="7.828246">
        <ele>470.4</ele>
        <name>49.334444,7.828246</name>
        <extensions>
          <oa:Extension>
            <oa:mapZoom>16</oa:mapZoom>
          </oa:Extension>
        </extensions>
      </trkpt>
      <trkpt lat="49.334377" lon="7.828373">
        <ele>469.9</ele>
      </trkpt>
      <trkpt lat="49.334136" lon="7.828828">
        <ele>467.0</ele>
      </trkpt>
      <trkpt lat="49.333895" lon="7.829283">
        <ele>464.5</ele>
      </trkpt>
      <trkpt lat="49.333655" lon="7.829738">
        <ele>461.8</ele>
      </trkpt>
      <trkpt lat="49.333414" lon="7.830193">
        <ele>460.3</ele>
      </trkpt>
      <trkpt lat="49.333173" lon="7.830648">
        <ele>466.1</ele>
      </trkpt>
      <trkpt lat="49.333062" lon="7.830802">
        <ele>469.8</ele>
      </trkpt>
      <trkpt lat="49.332721" lon="7.830851">
        <ele>473.2</ele>
      </trkpt>
      <trkpt lat="49.332379" lon="7.830899">
        <ele>476.0</ele>
      </trkpt>
      <trkpt lat="49.332037" lon="7.830948">
        <ele>478.3</ele>
      </trkpt>
      <trkpt lat="49.331695" lon="7.830997">
        <ele>480.1</ele>
      </trkpt>
      <trkpt lat="49.331452" lon="7.83114">
        <ele>481.5</ele>
      </trkpt>
      <trkpt lat="49.331069" lon="7.831482">
        <ele>484.8</ele>
      </trkpt>
      <trkpt lat="49.330687" lon="7.831824">
        <ele>488.2</ele>
      </trkpt>
      <trkpt lat="49.330304" lon="7.832166">
        <ele>492.3</ele>
      </trkpt>
      <trkpt lat="49.329922" lon="7.832508">
        <ele>497.2</ele>
      </trkpt>
      <trkpt lat="49.329488" lon="7.832573">
        <ele>500.6</ele>
      </trkpt>
      <trkpt lat="49.329094" lon="7.832741">
        <ele>505.6</ele>
      </trkpt>
      <trkpt lat="49.328957" lon="7.832799">
        <ele>507.1</ele>
        <name>49.328957,7.832799</name>
        <extensions>
          <oa:Extension>
            <oa:mapZoom>16</oa:mapZoom>
          </oa:Extension>
        </extensions>
      </trkpt>
      <trkpt lat="49.328699" lon="7.832908">
        <ele>509.9</ele>
      </trkpt>
      <trkpt lat="49.328304" lon="7.833076">
        <ele>513.2</ele>
      </trkpt>
      <trkpt lat="49.32791" lon="7.833244">
        <ele>516.5</ele>
      </trkpt>
      <trkpt lat="49.327515" lon="7.833412">
        <ele>519.9</ele>
      </trkpt>
      <trkpt lat="49.32712" lon="7.83358">
        <ele>522.5</ele>
      </trkpt>
      <trkpt lat="49.326726" lon="7.833748">
        <ele>524.6</ele>
      </trkpt>
      <trkpt lat="49.326511" lon="7.833862">
        <ele>525.7</ele>
      </trkpt>
      <trkpt lat="49.326297" lon="7.833976">
        <ele>526.9</ele>
      </trkpt>
      <trkpt lat="49.325918" lon="7.834291">
        <ele>529.2</ele>
      </trkpt>
      <trkpt lat="49.325539" lon="7.834606">
        <ele>530.5</ele>
      </trkpt>
      <trkpt lat="49.32516" lon="7.834922">
        <ele>529.7</ele>
      </trkpt>
      <trkpt lat="49.324904" lon="7.835099">
        <ele>528.5</ele>
      </trkpt>
      <trkpt lat="49.324732" lon="7.835343">
        <ele>527.4</ele>
      </trkpt>
      <trkpt lat="49.32449" lon="7.835843">
        <ele>525.3</ele>
      </trkpt>
      <trkpt lat="49.324248" lon="7.836344">
        <ele>522.4</ele>
      </trkpt>
      <trkpt lat="49.324141" lon="7.836448">
        <ele>522.3</ele>
      </trkpt>
      <trkpt lat="49.323892" lon="7.836491">
        <ele>524.1</ele>
      </trkpt>
      <trkpt lat="49.32367" lon="7.836529">
        <ele>526.2</ele>
        <name>49.323670,7.836529</name>
        <extensions>
          <oa:Extension>
            <oa:mapZoom>16</oa:mapZoom>
          </oa:Extension>
        </extensions>
      </trkpt>
      <trkpt lat="49.323644" lon="7.836533">
        <ele>526.4</ele>
      </trkpt>
      <trkpt lat="49.323626" lon="7.83698">
        <ele>525.1</ele>
      </trkpt>
      <trkpt lat="49.323566" lon="7.837312">
        <ele>524.3</ele>
      </trkpt>
      <trkpt lat="49.323432" lon="7.837726">
        <ele>523.7</ele>
      </trkpt>
      <trkpt lat="49.323297" lon="7.83814">
        <ele>523.6</ele>
      </trkpt>
      <trkpt lat="49.32323" lon="7.838545">
        <ele>523.4</ele>
      </trkpt>
      <trkpt lat="49.323275" lon="7.839146">
        <ele>521.2</ele>
      </trkpt>
      <trkpt lat="49.323319" lon="7.839747">
        <ele>520.0</ele>
      </trkpt>
      <trkpt lat="49.323318" lon="7.840082">
        <ele>519.9</ele>
      </trkpt>
      <trkpt lat="49.323298" lon="7.840416">
        <ele>519.8</ele>
      </trkpt>
      <trkpt lat="49.323188" lon="7.840886">
        <ele>519.5</ele>
      </trkpt>
      <trkpt lat="49.323079" lon="7.841356">
        <ele>517.3</ele>
      </trkpt>
      <trkpt lat="49.32297" lon="7.841827">
        <ele>514.4</ele>
      </trkpt>
      <trkpt lat="49.322894" lon="7.842038">
        <ele>513.6</ele>
      </trkpt>
      <trkpt lat="49.322595" lon="7.842374">
        <ele>513.7</ele>
      </trkpt>
      <trkpt lat="49.32253" lon="7.842422">
        <ele>513.6</ele>
      </trkpt>
      <trkpt lat="49.32237" lon="7.842539">
        <ele>512.4</ele>
      </trkpt>
      <trkpt lat="49.322108" lon="7.842441">
        <ele>510.2</ele>
      </trkpt>
      <trkpt lat="49.321872" lon="7.84225">
        <ele>507.8</ele>
      </trkpt>
      <trkpt lat="49.321547" lon="7.841836">
        <ele>505.1</ele>
      </trkpt>
      <trkpt lat="49.321221" lon="7.841423">
        <ele>503.5</ele>
      </trkpt>
      <trkpt lat="49.320994" lon="7.841097">
        <ele>503.2</ele>
      </trkpt>
      <trkpt lat="49.320722" lon="7.840568">
        <ele>503.5</ele>
      </trkpt>
      <trkpt lat="49.320536" lon="7.840314">
        <ele>502.3</ele>
      </trkpt>
      <trkpt lat="49.32035" lon="7.84006">
        <ele>501.7</ele>
      </trkpt>
      <trkpt lat="49.320124" lon="7.839667">
        <ele>502.8</ele>
      </trkpt>
      <trkpt lat="49.319898" lon="7.839273">
        <ele>504.5</ele>
      </trkpt>
      <trkpt lat="49.319672" lon="7.838879">
        <ele>506.7</ele>
      </trkpt>
      <trkpt lat="49.31956" lon="7.838823">
        <ele>506.9</ele>
      </trkpt>
      <trkpt lat="49.319425" lon="7.838864">
        <ele>506.6</ele>
      </trkpt>
      <trkpt lat="49.319311" lon="7.839104">
        <ele>505.9</ele>
      </trkpt>
      <trkpt lat="49.319231" lon="7.839504">
        <ele>505.6</ele>
      </trkpt>
      <trkpt lat="49.319286" lon="7.840066">
        <ele>504.1</ele>
      </trkpt>
      <trkpt lat="49.319342" lon="7.840629">
        <ele>503.7</ele>
      </trkpt>
      <trkpt lat="49.319397" lon="7.841192">
        <ele>503.4</ele>
      </trkpt>
      <trkpt lat="49.319355" lon="7.841444">
        <ele>504.6</ele>
      </trkpt>
      <trkpt lat="49.319263" lon="7.841625">
        <ele>506.5</ele>
      </trkpt>
      <trkpt lat="49.319117" lon="7.84175">
        <ele>508.4</ele>
      </trkpt>
      <trkpt lat="49.318889" lon="7.841807">
        <ele>508.8</ele>
      </trkpt>
      <trkpt lat="49.318654" lon="7.84174">
        <ele>508.7</ele>
      </trkpt>
      <trkpt lat="49.318286" lon="7.841558">
        <ele>510.1</ele>
      </trkpt>
      <trkpt lat="49.317919" lon="7.841377">
        <ele>511.2</ele>
      </trkpt>
      <trkpt lat="49.317551" lon="7.841196">
        <ele>510.5</ele>
      </trkpt>
      <trkpt lat="49.317257" lon="7.84105">
        <ele>509.2</ele>
      </trkpt>
      <trkpt lat="49.316963" lon="7.840905">
        <ele>509.0</ele>
      </trkpt>
      <trkpt lat="49.316858" lon="7.840817">
        <ele>509.9</ele>
      </trkpt>
      <trkpt lat="49.316667" lon="7.840541">
        <ele>513.3</ele>
        <name>49.316667,7.840541</name>
        <extensions>
          <oa:Extension>
            <oa:mapZoom>16</oa:mapZoom>
          </oa:Extension>
        </extensions>
      </trkpt>
      <trkpt lat="49.316537" lon="7.840354">
        <ele>515.6</ele>
      </trkpt>
      <trkpt lat="49.316473" lon="7.840298">
        <ele>516.3</ele>
      </trkpt>
      <trkpt lat="49.316374" lon="7.840266">
        <ele>517.0</ele>
      </trkpt>
      <trkpt lat="49.316322" lon="7.84025">
        <ele>517.4</ele>
      </trkpt>
      <trkpt lat="49.316223" lon="7.840318">
        <ele>517.8</ele>
      </trkpt>
      <trkpt lat="49.316178" lon="7.840448">
        <ele>517.7</ele>
      </trkpt>
      <trkpt lat="49.31623" lon="7.841013">
        <ele>513.9</ele>
      </trkpt>
      <trkpt lat="49.316282" lon="7.841578">
        <ele>510.2</ele>
      </trkpt>
      <trkpt lat="49.316348" lon="7.841867">
        <ele>508.4</ele>
      </trkpt>
      <trkpt lat="49.316374" lon="7.842451">
        <ele>511.1</ele>
      </trkpt>
      <trkpt lat="49.316408" lon="7.842796">
        <ele>513.2</ele>
      </trkpt>
      <trkpt lat="49.316443" lon="7.843141">
        <ele>514.1</ele>
      </trkpt>
      <trkpt lat="49.316379" lon="7.843408">
        <ele>515.5</ele>
      </trkpt>
      <trkpt lat="49.316266" lon="7.843721">
        <ele>515.3</ele>
      </trkpt>
      <trkpt lat="49.31612" lon="7.843909">
        <ele>515.1</ele>
      </trkpt>
      <trkpt lat="49.315969" lon="7.844044">
        <ele>514.6</ele>
      </trkpt>
      <trkpt lat="49.315756" lon="7.844079">
        <ele>515.3</ele>
      </trkpt>
      <trkpt lat="49.315597" lon="7.844046">
        <ele>516.1</ele>
      </trkpt>
      <trkpt lat="49.315383" lon="7.843932">
        <ele>517.5</ele>
      </trkpt>
      <trkpt lat="49.315116" lon="7.843445">
        <ele>521.0</ele>
      </trkpt>
      <trkpt lat="49.31497" lon="7.843055">
        <ele>521.7</ele>
      </trkpt>
      <trkpt lat="49.314824" lon="7.842666">
        <ele>522.5</ele>
      </trkpt>
      <trkpt lat="49.314656" lon="7.842388">
        <ele>523.2</ele>
      </trkpt>
      <trkpt lat="49.314487" lon="7.84211">
        <ele>524.7</ele>
      </trkpt>
      <trkpt lat="49.314245" lon="7.841812">
        <ele>525.4</ele>
      </trkpt>
      <trkpt lat="49.313989" lon="7.84156">
        <ele>524.0</ele>
      </trkpt>
      <trkpt lat="49.31377" lon="7.841388">
        <ele>521.6</ele>
      </trkpt>
      <trkpt lat="49.313448" lon="7.841267">
        <ele>516.4</ele>
      </trkpt>
      <trkpt lat="49.313127" lon="7.841145">
        <ele>511.5</ele>
      </trkpt>
      <trkpt lat="49.312967" lon="7.840989">
        <ele>510.5</ele>
      </trkpt>
      <trkpt lat="49.312716" lon="7.840741">
        <ele>509.0</ele>
      </trkpt>
      <trkpt lat="49.312608" lon="7.840578">
        <ele>509.4</ele>
      </trkpt>
      <trkpt lat="49.31256" lon="7.840373">
        <ele>511.2</ele>
      </trkpt>
      <trkpt lat="49.312549" lon="7.840031">
        <ele>514.3</ele>
        <name>49.312549,7.840031</name>
        <extensions>
          <oa:Extension>
            <oa:mapZoom>16</oa:mapZoom>
          </oa:Extension>
        </extensions>
      </trkpt>
      <trkpt lat="49.312542" lon="7.83979">
        <ele>516.5</ele>
      </trkpt>
      <trkpt lat="49.312516" lon="7.839621">
        <ele>517.3</ele>
      </trkpt>
      <trkpt lat="49.31243" lon="7.83936">
        <ele>517.8</ele>
      </trkpt>
      <trkpt lat="49.312228" lon="7.838881">
        <ele>518.1</ele>
      </trkpt>
      <trkpt lat="49.312123" lon="7.839246">
        <ele>516.6</ele>
      </trkpt>
      <trkpt lat="49.312067" lon="7.839414">
        <ele>516.0</ele>
      </trkpt>
      <trkpt lat="49.31192" lon="7.839865">
        <ele>514.8</ele>
      </trkpt>
      <trkpt lat="49.311778" lon="7.840168">
        <ele>513.8</ele>
      </trkpt>
      <trkpt lat="49.311668" lon="7.840327">
        <ele>513.7</ele>
      </trkpt>
      <trkpt lat="49.311538" lon="7.840429">
        <ele>514.2</ele>
      </trkpt>
      <trkpt lat="49.311259" lon="7.840488">
        <ele>516.0</ele>
      </trkpt>
      <trkpt lat="49.310981" lon="7.840546">
        <ele>517.9</ele>
      </trkpt>
      <trkpt lat="49.310915" lon="7.840888">
        <ele>518.7</ele>
      </trkpt>
      <trkpt lat="49.310849" lon="7.841231">
        <ele>520.2</ele>
      </trkpt>
      <trkpt lat="49.310778" lon="7.841438">
        <ele>521.6</ele>
      </trkpt>
      <trkpt lat="49.310968" lon="7.841556">
        <ele>520.2</ele>
      </trkpt>
      <trkpt lat="49.311088" lon="7.841573">
        <ele>519.2</ele>
      </trkpt>
      <trkpt lat="49.311204" lon="7.841608">
        <ele>518.3</ele>
      </trkpt>
      <trkpt lat="49.311324" lon="7.841682">
        <ele>517.5</ele>
      </trkpt>
      <trkpt lat="49.311397" lon="7.841769">
        <ele>517.3</ele>
      </trkpt>
      <trkpt lat="49.311503" lon="7.841956">
        <ele>517.6</ele>
      </trkpt>
      <trkpt lat="49.31159" lon="7.842152">
        <ele>517.9</ele>
      </trkpt>
      <trkpt lat="49.311757" lon="7.842757">
        <ele>515.7</ele>
      </trkpt>
      <trkpt lat="49.311792" lon="7.843242">
        <ele>512.5</ele>
      </trkpt>
      <trkpt lat="49.311826" lon="7.843726">
        <ele>505.9</ele>
      </trkpt>
      <trkpt lat="49.311797" lon="7.844074">
        <ele>502.6</ele>
      </trkpt>
      <trkpt lat="49.311769" lon="7.844422">
        <ele>499.1</ele>
      </trkpt>
      <trkpt lat="49.311626" lon="7.844869">
        <ele>499.1</ele>
      </trkpt>
      <trkpt lat="49.311483" lon="7.845316">
        <ele>499.3</ele>
      </trkpt>
      <trkpt lat="49.311442" lon="7.845571">
        <ele>499.2</ele>
      </trkpt>
      <trkpt lat="49.311468" lon="7.845854">
        <ele>499.5</ele>
      </trkpt>
      <trkpt lat="49.311608" lon="7.846266">
        <ele>503.6</ele>
      </trkpt>
      <trkpt lat="49.311732" lon="7.846452">
        <ele>505.1</ele>
      </trkpt>
      <trkpt lat="49.312038" lon="7.846817">
        <ele>506.3</ele>
      </trkpt>
      <trkpt lat="49.312089" lon="7.846878">
        <ele>506.2</ele>
        <name>49.312089,7.846878</name>
        <extensions>
          <oa:Extension>
            <oa:mapZoom>16</oa:mapZoom>
          </oa:Extension>
        </extensions>
      </trkpt>
      <trkpt lat="49.312344" lon="7.847181">
        <ele>505.4</ele>
      </trkpt>
      <trkpt lat="49.312649" lon="7.847546">
        <ele>501.8</ele>
      </trkpt>
      <trkpt lat="49.312791" lon="7.847832">
        <ele>501.1</ele>
      </trkpt>
      <trkpt lat="49.312932" lon="7.848118">
        <ele>499.1</ele>
      </trkpt>
      <trkpt lat="49.313095" lon="7.848618">
        <ele>497.4</ele>
      </trkpt>
      <trkpt lat="49.313259" lon="7.849119">
        <ele>497.3</ele>
      </trkpt>
      <trkpt lat="49.313399" lon="7.849421">
        <ele>498.9</ele>
      </trkpt>
      <trkpt lat="49.313507" lon="7.84959">
        <ele>499.2</ele>
      </trkpt>
      <trkpt lat="49.313621" lon="7.849729">
        <ele>498.2</ele>
      </trkpt>
      <trkpt lat="49.313706" lon="7.849854">
        <ele>497.6</ele>
      </trkpt>
      <trkpt lat="49.313733" lon="7.850098">
        <ele>501.5</ele>
      </trkpt>
      <trkpt lat="49.313855" lon="7.85074">
        <ele>506.1</ele>
      </trkpt>
      <trkpt lat="49.313975" lon="7.851164">
        <ele>509.2</ele>
      </trkpt>
      <trkpt lat="49.313983" lon="7.851497">
        <ele>516.4</ele>
      </trkpt>
      <trkpt lat="49.314072" lon="7.851769">
        <ele>519.6</ele>
      </trkpt>
      <trkpt lat="49.314154" lon="7.85211">
        <ele>523.8</ele>
      </trkpt>
      <trkpt lat="49.314237" lon="7.852451">
        <ele>527.4</ele>
      </trkpt>
      <trkpt lat="49.314286" lon="7.852675">
        <ele>529.6</ele>
      </trkpt>
      <trkpt lat="49.314388" lon="7.852923">
        <ele>531.3</ele>
      </trkpt>
      <trkpt lat="49.314433" lon="7.853162">
        <ele>533.6</ele>
      </trkpt>
      <trkpt lat="49.314493" lon="7.853412">
        <ele>535.7</ele>
      </trkpt>
      <trkpt lat="49.314522" lon="7.853643">
        <ele>537.9</ele>
      </trkpt>
      <trkpt lat="49.314515" lon="7.85388">
        <ele>540.4</ele>
      </trkpt>
      <trkpt lat="49.314519" lon="7.854362">
        <ele>543.8</ele>
      </trkpt>
      <trkpt lat="49.31452" lon="7.854804">
        <ele>545.9</ele>
      </trkpt>
      <trkpt lat="49.314629" lon="7.855302">
        <ele>546.7</ele>
      </trkpt>
      <trkpt lat="49.314545" lon="7.855316">
        <ele>547.3</ele>
      </trkpt>
      <trkpt lat="49.314576" lon="7.855435">
        <ele>547.2</ele>
      </trkpt>
      <trkpt lat="49.314505" lon="7.855536">
        <ele>548.2</ele>
      </trkpt>
      <trkpt lat="49.314487" lon="7.855624">
        <ele>548.6</ele>
      </trkpt>
      <trkpt lat="49.314481" lon="7.855732">
        <ele>549.0</ele>
      </trkpt>
      <trkpt lat="49.314506" lon="7.855881">
        <ele>549.0</ele>
      </trkpt>
      <trkpt lat="49.314112" lon="7.855894">
        <ele>554.6</ele>
      </trkpt>
      <trkpt lat="49.313719" lon="7.855906">
        <ele>560.3</ele>
      </trkpt>
      <trkpt lat="49.313483" lon="7.855884">
        <ele>563.6</ele>
      </trkpt>
      <trkpt lat="49.313246" lon="7.855862">
        <ele>566.5</ele>
      </trkpt>
      <trkpt lat="49.312954" lon="7.855842">
        <ele>569.4</ele>
      </trkpt>
      <trkpt lat="49.312789" lon="7.855774">
        <ele>571.1</ele>
      </trkpt>
      <trkpt lat="49.312669" lon="7.855661">
        <ele>572.9</ele>
        <name>49.312669,7.855661</name>
        <extensions>
          <oa:Extension>
            <oa:mapZoom>16</oa:mapZoom>
          </oa:Extension>
        </extensions>
      </trkpt>
      <trkpt lat="49.31265" lon="7.855642">
        <ele>573.1</ele>
      </trkpt>
      <trkpt lat="49.312534" lon="7.855454">
        <ele>575.7</ele>
      </trkpt>
      <trkpt lat="49.312293" lon="7.855108">
        <ele>580.9</ele>
      </trkpt>
      <trkpt lat="49.312051" lon="7.854763">
        <ele>587.6</ele>
      </trkpt>
      <trkpt lat="49.311817" lon="7.854448">
        <ele>594.9</ele>
      </trkpt>
      <trkpt lat="49.311584" lon="7.854133">
        <ele>601.1</ele>
      </trkpt>
      <trkpt lat="49.311346" lon="7.853804">
        <ele>605.0</ele>
      </trkpt>
      <trkpt lat="49.311053" lon="7.853848">
        <ele>607.5</ele>
      </trkpt>
      <trkpt lat="49.310776" lon="7.853872">
        <ele>609.1</ele>
      </trkpt>
      <trkpt lat="49.31057" lon="7.853863">
        <ele>609.9</ele>
      </trkpt>
      <trkpt lat="49.310398" lon="7.853861">
        <ele>610.2</ele>
      </trkpt>
      <trkpt lat="49.310202" lon="7.853243">
        <ele>610.7</ele>
      </trkpt>
      <trkpt lat="49.310006" lon="7.852624">
        <ele>598.5</ele>
      </trkpt>
      <trkpt lat="49.309892" lon="7.852237">
        <ele>590.9</ele>
      </trkpt>
      <trkpt lat="49.309626" lon="7.851878">
        <ele>583.7</ele>
      </trkpt>
      <trkpt lat="49.309384" lon="7.851613">
        <ele>579.3</ele>
      </trkpt>
      <trkpt lat="49.309219" lon="7.851224">
        <ele>574.8</ele>
      </trkpt>
      <trkpt lat="49.309066" lon="7.850912">
        <ele>572.0</ele>
      </trkpt>
      <trkpt lat="49.308869" lon="7.850575">
        <ele>569.9</ele>
      </trkpt>
      <trkpt lat="49.308671" lon="7.850238">
        <ele>568.9</ele>
      </trkpt>
      <trkpt lat="49.3085" lon="7.849909">
        <ele>567.9</ele>
      </trkpt>
      <trkpt lat="49.308329" lon="7.84958">
        <ele>566.1</ele>
      </trkpt>
      <trkpt lat="49.308181" lon="7.849259">
        <ele>564.8</ele>
      </trkpt>
      <trkpt lat="49.308033" lon="7.848937">
        <ele>565.4</ele>
      </trkpt>
      <trkpt lat="49.307896" lon="7.848607">
        <ele>567.5</ele>
      </trkpt>
      <trkpt lat="49.307759" lon="7.848277">
        <ele>569.0</ele>
      </trkpt>
      <trkpt lat="49.307623" lon="7.847856">
        <ele>569.1</ele>
      </trkpt>
      <trkpt lat="49.307487" lon="7.847435">
        <ele>568.6</ele>
      </trkpt>
      <trkpt lat="49.307481" lon="7.847416">
        <ele>568.6</ele>
        <name>49.307481,7.847416</name>
        <extensions>
          <oa:Extension>
            <oa:mapZoom>16</oa:mapZoom>
          </oa:Extension>
        </extensions>
      </trkpt>
      <trkpt lat="49.307351" lon="7.847014">
        <ele>568.5</ele>
      </trkpt>
      <trkpt lat="49.307086" lon="7.846792">
        <ele>566.9</ele>
      </trkpt>
      <trkpt lat="49.306829" lon="7.846663">
        <ele>564.6</ele>
      </trkpt>
      <trkpt lat="49.306781" lon="7.846638">
        <ele>564.1</ele>
      </trkpt>
      <trkpt lat="49.306523" lon="7.846587">
        <ele>560.8</ele>
      </trkpt>
      <trkpt lat="49.306298" lon="7.846621">
        <ele>557.1</ele>
      </trkpt>
      <trkpt lat="49.306072" lon="7.846655">
        <ele>553.1</ele>
      </trkpt>
      <trkpt lat="49.305783" lon="7.846708">
        <ele>547.8</ele>
      </trkpt>
      <trkpt lat="49.305494" lon="7.846761">
        <ele>542.9</ele>
      </trkpt>
      <trkpt lat="49.305257" lon="7.846837">
        <ele>540.1</ele>
      </trkpt>
      <trkpt lat="49.305118" lon="7.846916">
        <ele>539.1</ele>
      </trkpt>
      <trkpt lat="49.304963" lon="7.84706">
        <ele>538.7</ele>
      </trkpt>
      <trkpt lat="49.304804" lon="7.847203">
        <ele>539.0</ele>
      </trkpt>
      <trkpt lat="49.30466" lon="7.847267">
        <ele>539.7</ele>
      </trkpt>
      <trkpt lat="49.304501" lon="7.847517">
        <ele>540.7</ele>
      </trkpt>
      <trkpt lat="49.304363" lon="7.847839">
        <ele>541.8</ele>
      </trkpt>
      <trkpt lat="49.304268" lon="7.848091">
        <ele>542.9</ele>
      </trkpt>
      <trkpt lat="49.304199" lon="7.84825">
        <ele>544.1</ele>
      </trkpt>
      <trkpt lat="49.304126" lon="7.848508">
        <ele>545.9</ele>
      </trkpt>
      <trkpt lat="49.30412" lon="7.848557">
        <ele>546.2</ele>
        <name>49.304120,7.848557</name>
        <extensions>
          <oa:Extension>
            <oa:mapZoom>16</oa:mapZoom>
          </oa:Extension>
        </extensions>
      </trkpt>
      <trkpt lat="49.304087" lon="7.848862">
        <ele>547.9</ele>
      </trkpt>
      <trkpt lat="49.30406" lon="7.849427">
        <ele>549.1</ele>
      </trkpt>
      <trkpt lat="49.30404" lon="7.84977">
        <ele>549.3</ele>
      </trkpt>
      <trkpt lat="49.304018" lon="7.850024">
        <ele>549.8</ele>
      </trkpt>
      <trkpt lat="49.304014" lon="7.850326">
        <ele>550.6</ele>
      </trkpt>
      <trkpt lat="49.303991" lon="7.850511">
        <ele>551.4</ele>
      </trkpt>
      <trkpt lat="49.303966" lon="7.850787">
        <ele>552.3</ele>
      </trkpt>
      <trkpt lat="49.303928" lon="7.851185">
        <ele>552.8</ele>
      </trkpt>
      <trkpt lat="49.30387" lon="7.851511">
        <ele>552.8</ele>
      </trkpt>
      <trkpt lat="49.303814" lon="7.851861">
        <ele>551.6</ele>
      </trkpt>
      <trkpt lat="49.303706" lon="7.852446">
        <ele>549.0</ele>
      </trkpt>
      <trkpt lat="49.303551" lon="7.852953">
        <ele>548.4</ele>
      </trkpt>
      <trkpt lat="49.303438" lon="7.853221">
        <ele>548.5</ele>
      </trkpt>
      <trkpt lat="49.303125" lon="7.853596">
        <ele>551.2</ele>
      </trkpt>
      <trkpt lat="49.302884" lon="7.854061">
        <ele>553.6</ele>
      </trkpt>
      <trkpt lat="49.302785" lon="7.854597">
        <ele>554.7</ele>
      </trkpt>
      <trkpt lat="49.30274" lon="7.855032">
        <ele>554.5</ele>
      </trkpt>
      <trkpt lat="49.302705" lon="7.855643">
        <ele>552.8</ele>
      </trkpt>
      <trkpt lat="49.302644" lon="7.856004">
        <ele>551.9</ele>
      </trkpt>
      <trkpt lat="49.302583" lon="7.856365">
        <ele>550.5</ele>
      </trkpt>
      <trkpt lat="49.302465" lon="7.856852">
        <ele>549.5</ele>
      </trkpt>
      <trkpt lat="49.302214" lon="7.857292">
        <ele>552.6</ele>
      </trkpt>
      <trkpt lat="49.302036" lon="7.857571">
        <ele>553.9</ele>
      </trkpt>
      <trkpt lat="49.301858" lon="7.857851">
        <ele>554.1</ele>
      </trkpt>
      <trkpt lat="49.301552" lon="7.858069">
        <ele>555.9</ele>
      </trkpt>
      <trkpt lat="49.301246" lon="7.858286">
        <ele>556.1</ele>
      </trkpt>
      <trkpt lat="49.300892" lon="7.85842">
        <ele>556.8</ele>
      </trkpt>
      <trkpt lat="49.300668" lon="7.858506">
        <ele>557.2</ele>
      </trkpt>
      <trkpt lat="49.300444" lon="7.858592">
        <ele>557.5</ele>
      </trkpt>
      <trkpt lat="49.300198" lon="7.85876">
        <ele>556.7</ele>
      </trkpt>
      <trkpt lat="49.299953" lon="7.858929">
        <ele>555.0</ele>
      </trkpt>
      <trkpt lat="49.299838" lon="7.858883">
        <ele>555.0</ele>
        <name>49.299838,7.858883</name>
        <extensions>
          <oa:Extension>
            <oa:mapZoom>16</oa:mapZoom>
          </oa:Extension>
        </extensions>
      </trkpt>
      <trkpt lat="49.29976" lon="7.858851">
        <ele>555.0</ele>
      </trkpt>
      <trkpt lat="49.299487" lon="7.85869">
        <ele>554.5</ele>
      </trkpt>
      <trkpt lat="49.299323" lon="7.858395">
        <ele>555.0</ele>
      </trkpt>
      <trkpt lat="49.299158" lon="7.8581">
        <ele>555.1</ele>
      </trkpt>
      <trkpt lat="49.298891" lon="7.857565">
        <ele>555.8</ele>
      </trkpt>
      <trkpt lat="49.298623" lon="7.857031">
        <ele>556.8</ele>
      </trkpt>
      <trkpt lat="49.298536" lon="7.856855">
        <ele>556.7</ele>
      </trkpt>
      <trkpt lat="49.29841" lon="7.856383">
        <ele>558.3</ele>
      </trkpt>
      <trkpt lat="49.298284" lon="7.855911">
        <ele>559.5</ele>
      </trkpt>
      <trkpt lat="49.298252" lon="7.855568">
        <ele>560.9</ele>
      </trkpt>
      <trkpt lat="49.298221" lon="7.855225">
        <ele>561.6</ele>
      </trkpt>
      <trkpt lat="49.298252" lon="7.854747">
        <ele>563.1</ele>
      </trkpt>
      <trkpt lat="49.298284" lon="7.85427">
        <ele>563.9</ele>
      </trkpt>
      <trkpt lat="49.298342" lon="7.853762">
        <ele>565.5</ele>
      </trkpt>
      <trkpt lat="49.2984" lon="7.853255">
        <ele>566.9</ele>
      </trkpt>
      <trkpt lat="49.298458" lon="7.852747">
        <ele>567.6</ele>
      </trkpt>
      <trkpt lat="49.298575" lon="7.852084">
        <ele>567.4</ele>
      </trkpt>
      <trkpt lat="49.298693" lon="7.85142">
        <ele>565.5</ele>
      </trkpt>
      <trkpt lat="49.298733" lon="7.85108">
        <ele>563.5</ele>
      </trkpt>
      <trkpt lat="49.298774" lon="7.85074">
        <ele>561.9</ele>
      </trkpt>
      <trkpt lat="49.298767" lon="7.850514">
        <ele>561.1</ele>
      </trkpt>
      <trkpt lat="49.298667" lon="7.850314">
        <ele>559.9</ele>
      </trkpt>
      <trkpt lat="49.298485" lon="7.850154">
        <ele>558.4</ele>
      </trkpt>
      <trkpt lat="49.298233" lon="7.85005">
        <ele>556.1</ele>
      </trkpt>
      <trkpt lat="49.297994" lon="7.850009">
        <ele>553.6</ele>
      </trkpt>
      <trkpt lat="49.297754" lon="7.849968">
        <ele>551.4</ele>
      </trkpt>
      <trkpt lat="49.297358" lon="7.849767">
        <ele>552.5</ele>
      </trkpt>
      <trkpt lat="49.296994" lon="7.849559">
        <ele>556.0</ele>
      </trkpt>
      <trkpt lat="49.296775" lon="7.849329">
        <ele>559.3</ele>
      </trkpt>
      <trkpt lat="49.296579" lon="7.848859">
        <ele>563.5</ele>
      </trkpt>
      <trkpt lat="49.296529" lon="7.849347">
        <ele>558.8</ele>
      </trkpt>
      <trkpt lat="49.29649" lon="7.849645">
        <ele>554.9</ele>
      </trkpt>
      <trkpt lat="49.296416" lon="7.849891">
        <ele>550.7</ele>
      </trkpt>
      <trkpt lat="49.296157" lon="7.850354">
        <ele>541.7</ele>
      </trkpt>
      <trkpt lat="49.295854" lon="7.850808">
        <ele>534.8</ele>
      </trkpt>
      <trkpt lat="49.29563" lon="7.850977">
        <ele>534.1</ele>
      </trkpt>
      <trkpt lat="49.295406" lon="7.851146">
        <ele>532.4</ele>
      </trkpt>
      <trkpt lat="49.295099" lon="7.851232">
        <ele>532.4</ele>
      </trkpt>
      <trkpt lat="49.294816" lon="7.851164">
        <ele>534.1</ele>
      </trkpt>
      <trkpt lat="49.294534" lon="7.851096">
        <ele>532.5</ele>
      </trkpt>
      <trkpt lat="49.294299" lon="7.851047">
        <ele>530.5</ele>
      </trkpt>
      <trkpt lat="49.294064" lon="7.850998">
        <ele>529.8</ele>
      </trkpt>
      <trkpt lat="49.293799" lon="7.851233">
        <ele>523.8</ele>
      </trkpt>
      <trkpt lat="49.293682" lon="7.851367">
        <ele>522.2</ele>
        <name>49.293682,7.851367</name>
        <extensions>
          <oa:Extension>
            <oa:mapZoom>16</oa:mapZoom>
          </oa:Extension>
        </extensions>
      </trkpt>
      <trkpt lat="49.29358" lon="7.851484">
        <ele>520.8</ele>
      </trkpt>
      <trkpt lat="49.29337" lon="7.851999">
        <ele>516.2</ele>
      </trkpt>
      <trkpt lat="49.293262" lon="7.852423">
        <ele>513.2</ele>
      </trkpt>
      <trkpt lat="49.293153" lon="7.852846">
        <ele>512.8</ele>
      </trkpt>
      <trkpt lat="49.293125" lon="7.85315">
        <ele>511.3</ele>
      </trkpt>
      <trkpt lat="49.293061" lon="7.853412">
        <ele>511.9</ele>
      </trkpt>
      <trkpt lat="49.292988" lon="7.853593">
        <ele>513.3</ele>
      </trkpt>
      <trkpt lat="49.292961" lon="7.853729">
        <ele>512.9</ele>
      </trkpt>
      <trkpt lat="49.292948" lon="7.854011">
        <ele>510.3</ele>
      </trkpt>
      <trkpt lat="49.292917" lon="7.854195">
        <ele>509.2</ele>
      </trkpt>
      <trkpt lat="49.292798" lon="7.854688">
        <ele>506.3</ele>
      </trkpt>
      <trkpt lat="49.292711" lon="7.854845">
        <ele>505.9</ele>
      </trkpt>
      <trkpt lat="49.292589" lon="7.854973">
        <ele>506.0</ele>
      </trkpt>
      <trkpt lat="49.292231" lon="7.855268">
        <ele>504.6</ele>
      </trkpt>
      <trkpt lat="49.291909" lon="7.855632">
        <ele>500.7</ele>
      </trkpt>
      <trkpt lat="49.291681" lon="7.85599">
        <ele>497.8</ele>
      </trkpt>
      <trkpt lat="49.291546" lon="7.856227">
        <ele>495.7</ele>
      </trkpt>
      <trkpt lat="49.291432" lon="7.856425">
        <ele>493.5</ele>
      </trkpt>
      <trkpt lat="49.291269" lon="7.856701">
        <ele>490.7</ele>
      </trkpt>
      <trkpt lat="49.291103" lon="7.856877">
        <ele>489.4</ele>
      </trkpt>
      <trkpt lat="49.290846" lon="7.857012">
        <ele>487.2</ele>
      </trkpt>
      <trkpt lat="49.290555" lon="7.857119">
        <ele>483.0</ele>
      </trkpt>
      <trkpt lat="49.290263" lon="7.857226">
        <ele>477.6</ele>
      </trkpt>
      <trkpt lat="49.290036" lon="7.857445">
        <ele>474.5</ele>
      </trkpt>
      <trkpt lat="49.289808" lon="7.857664">
        <ele>471.2</ele>
      </trkpt>
      <trkpt lat="49.289595" lon="7.857907">
        <ele>467.6</ele>
      </trkpt>
      <trkpt lat="49.289445" lon="7.858158">
        <ele>465.0</ele>
      </trkpt>
      <trkpt lat="49.289387" lon="7.858572">
        <ele>466.1</ele>
      </trkpt>
      <trkpt lat="49.289387" lon="7.859039">
        <ele>464.7</ele>
      </trkpt>
      <trkpt lat="49.28945" lon="7.859515">
        <ele>461.0</ele>
      </trkpt>
      <trkpt lat="49.289592" lon="7.860015">
        <ele>456.2</ele>
      </trkpt>
      <trkpt lat="49.289724" lon="7.860348">
        <ele>454.5</ele>
      </trkpt>
      <trkpt lat="49.289856" lon="7.860682">
        <ele>454.4</ele>
      </trkpt>
      <trkpt lat="49.289949" lon="7.861021">
        <ele>455.3</ele>
      </trkpt>
      <trkpt lat="49.289932" lon="7.861088">
        <ele>455.1</ele>
        <name>49.289932,7.861088</name>
        <extensions>
          <oa:Extension>
            <oa:mapZoom>14</oa:mapZoom>
          </oa:Extension>
        </extensions>
      </trkpt>
      <trkpt lat="49.289911" lon="7.861177">
        <ele>454.9</ele>
      </trkpt>
      <trkpt lat="49.289818" lon="7.861236">
        <ele>453.4</ele>
      </trkpt>
      <trkpt lat="49.289699" lon="7.861182">
        <ele>450.7</ele>
      </trkpt>
      <trkpt lat="49.289443" lon="7.860894">
        <ele>444.5</ele>
      </trkpt>
      <trkpt lat="49.289187" lon="7.860606">
        <ele>438.6</ele>
      </trkpt>
      <trkpt lat="49.288914" lon="7.86014">
        <ele>433.0</ele>
      </trkpt>
      <trkpt lat="49.28864" lon="7.859674">
        <ele>426.2</ele>
      </trkpt>
      <trkpt lat="49.288504" lon="7.859326">
        <ele>421.2</ele>
      </trkpt>
      <trkpt lat="49.288367" lon="7.858979">
        <ele>417.4</ele>
      </trkpt>
      <trkpt lat="49.288292" lon="7.858627">
        <ele>420.5</ele>
      </trkpt>
      <trkpt lat="49.2882" lon="7.858459">
        <ele>421.2</ele>
      </trkpt>
      <trkpt lat="49.288124" lon="7.858407">
        <ele>420.6</ele>
      </trkpt>
      <trkpt lat="49.288028" lon="7.858393">
        <ele>419.2</ele>
      </trkpt>
      <trkpt lat="49.287912" lon="7.858501">
        <ele>415.4</ele>
      </trkpt>
      <trkpt lat="49.287664" lon="7.858517">
        <ele>412.1</ele>
      </trkpt>
      <trkpt lat="49.287417" lon="7.858533">
        <ele>409.7</ele>
      </trkpt>
      <trkpt lat="49.287134" lon="7.858613">
        <ele>405.9</ele>
      </trkpt>
      <trkpt lat="49.286782" lon="7.858675">
        <ele>401.8</ele>
      </trkpt>
      <trkpt lat="49.286594" lon="7.858646">
        <ele>399.7</ele>
      </trkpt>
      <trkpt lat="49.28634" lon="7.858301">
        <ele>395.9</ele>
      </trkpt>
      <trkpt lat="49.286086" lon="7.857955">
        <ele>389.6</ele>
      </trkpt>
      <trkpt lat="49.285832" lon="7.85761">
        <ele>382.3</ele>
      </trkpt>
      <trkpt lat="49.285657" lon="7.857379">
        <ele>377.6</ele>
      </trkpt>
      <trkpt lat="49.285483" lon="7.857148">
        <ele>372.7</ele>
      </trkpt>
      <trkpt lat="49.285127" lon="7.856795">
        <ele>363.1</ele>
      </trkpt>
      <trkpt lat="49.285008" lon="7.856779">
        <ele>360.4</ele>
      </trkpt>
      <trkpt lat="49.284887" lon="7.856815">
        <ele>357.8</ele>
      </trkpt>
      <trkpt lat="49.284793" lon="7.856863">
        <ele>355.8</ele>
      </trkpt>
      <trkpt lat="49.284726" lon="7.856955">
        <ele>354.6</ele>
      </trkpt>
      <trkpt lat="49.284665" lon="7.857083">
        <ele>353.9</ele>
      </trkpt>
      <trkpt lat="49.284631" lon="7.857168">
        <ele>353.5</ele>
      </trkpt>
      <trkpt lat="49.284603" lon="7.857192">
        <ele>353.2</ele>
      </trkpt>
      <trkpt lat="49.28457" lon="7.857293">
        <ele>352.6</ele>
      </trkpt>
      <trkpt lat="49.284356" lon="7.857222">
        <ele>355.8</ele>
      </trkpt>
      <trkpt lat="49.28438" lon="7.85689">
        <ele>357.0</ele>
      </trkpt>
      <trkpt lat="49.28438" lon="7.85676">
        <ele>357.9</ele>
      </trkpt>
      <trkpt lat="49.284344" lon="7.856587">
        <ele>360.6</ele>
      </trkpt>
      <trkpt lat="49.28434" lon="7.856501">
        <ele>361.6</ele>
      </trkpt>
      <trkpt lat="49.284368" lon="7.856343">
        <ele>362.2</ele>
      </trkpt>
      <trkpt lat="49.28437" lon="7.856202">
        <ele>363.5</ele>
      </trkpt>
      <trkpt lat="49.284339" lon="7.856126">
        <ele>365.5</ele>
      </trkpt>
      <trkpt lat="49.284313" lon="7.856141">
        <ele>366.6</ele>
      </trkpt>
      <trkpt lat="49.284307" lon="7.85628">
        <ele>365.3</ele>
      </trkpt>
      <trkpt lat="49.284284" lon="7.856371">
        <ele>365.2</ele>
      </trkpt>
      <trkpt lat="49.284266" lon="7.856381">
        <ele>365.9</ele>
      </trkpt>
      <trkpt lat="49.284271" lon="7.8563">
        <ele>366.6</ele>
      </trkpt>
      <trkpt lat="49.284233" lon="7.856005">
        <ele>371.7</ele>
      </trkpt>
      <trkpt lat="49.284166" lon="7.855625">
        <ele>377.8</ele>
      </trkpt>
      <trkpt lat="49.284067" lon="7.855291">
        <ele>383.2</ele>
      </trkpt>
      <trkpt lat="49.284062" lon="7.855665">
        <ele>383.2</ele>
      </trkpt>
      <trkpt lat="49.284004" lon="7.856028">
        <ele>383.1</ele>
      </trkpt>
      <trkpt lat="49.283943" lon="7.85622">
        <ele>383.5</ele>
      </trkpt>
      <trkpt lat="49.283727" lon="7.856809">
        <ele>384.9</ele>
      </trkpt>
      <trkpt lat="49.283593" lon="7.857145">
        <ele>387.3</ele>
      </trkpt>
      <trkpt lat="49.283522" lon="7.857646">
        <ele>391.0</ele>
      </trkpt>
      <trkpt lat="49.28345" lon="7.858147">
        <ele>395.5</ele>
      </trkpt>
      <trkpt lat="49.283426" lon="7.858705">
        <ele>398.9</ele>
      </trkpt>
      <trkpt lat="49.283401" lon="7.859264">
        <ele>402.4</ele>
      </trkpt>
      <trkpt lat="49.283376" lon="7.85962">
        <ele>404.1</ele>
      </trkpt>
      <trkpt lat="49.283307" lon="7.85981">
        <ele>405.3</ele>
      </trkpt>
      <trkpt lat="49.283278" lon="7.859851">
        <ele>405.7</ele>
      </trkpt>
      <trkpt lat="49.283206" lon="7.859905">
        <ele>406.8</ele>
      </trkpt>
      <trkpt lat="49.28289" lon="7.859824">
        <ele>413.3</ele>
      </trkpt>
      <trkpt lat="49.282645" lon="7.859761">
        <ele>417.9</ele>
        <name>49.282645,7.859761</name>
        <extensions>
          <oa:Extension>
            <oa:mapZoom>14</oa:mapZoom>
          </oa:Extension>
        </extensions>
      </trkpt>
      <trkpt lat="49.282575" lon="7.859743">
        <ele>419.3</ele>
      </trkpt>
      <trkpt lat="49.282319" lon="7.859679">
        <ele>423.5</ele>
      </trkpt>
      <trkpt lat="49.282103" lon="7.859737">
        <ele>424.0</ele>
      </trkpt>
      <trkpt lat="49.281972" lon="7.859784">
        <ele>424.0</ele>
      </trkpt>
      <trkpt lat="49.281608" lon="7.860169">
        <ele>420.4</ele>
      </trkpt>
      <trkpt lat="49.281506" lon="7.860182">
        <ele>422.3</ele>
      </trkpt>
      <trkpt lat="49.281322" lon="7.860158">
        <ele>426.6</ele>
      </trkpt>
      <trkpt lat="49.281182" lon="7.860113">
        <ele>430.2</ele>
      </trkpt>
      <trkpt lat="49.281063" lon="7.860078">
        <ele>432.7</ele>
      </trkpt>
      <trkpt lat="49.281007" lon="7.860059">
        <ele>433.8</ele>
      </trkpt>
      <trkpt lat="49.280973" lon="7.860025">
        <ele>434.7</ele>
      </trkpt>
      <trkpt lat="49.280959" lon="7.859977">
        <ele>435.6</ele>
      </trkpt>
      <trkpt lat="49.280987" lon="7.859973">
        <ele>435.4</ele>
      </trkpt>
      <trkpt lat="49.28117" lon="7.859928">
        <ele>433.6</ele>
      </trkpt>
      <trkpt lat="49.281269" lon="7.859868">
        <ele>433.0</ele>
      </trkpt>
      <trkpt lat="49.281358" lon="7.859814">
        <ele>432.5</ele>
      </trkpt>
      <trkpt lat="49.281562" lon="7.859606">
        <ele>433.4</ele>
      </trkpt>
      <trkpt lat="49.281646" lon="7.859497">
        <ele>434.5</ele>
      </trkpt>
      <trkpt lat="49.281704" lon="7.859365">
        <ele>436.4</ele>
      </trkpt>
      <trkpt lat="49.281733" lon="7.859261">
        <ele>438.0</ele>
      </trkpt>
      <trkpt lat="49.281752" lon="7.859059">
        <ele>441.0</ele>
      </trkpt>
      <trkpt lat="49.281741" lon="7.858796">
        <ele>444.3</ele>
      </trkpt>
      <trkpt lat="49.2817" lon="7.858523">
        <ele>447.2</ele>
      </trkpt>
      <trkpt lat="49.281612" lon="7.857975">
        <ele>450.3</ele>
      </trkpt>
      <trkpt lat="49.281572" lon="7.857741">
        <ele>451.0</ele>
      </trkpt>
      <trkpt lat="49.281563" lon="7.857736">
        <ele>451.2</ele>
      </trkpt>
      <trkpt lat="49.281456" lon="7.857673">
        <ele>452.7</ele>
      </trkpt>
      <trkpt lat="49.2812" lon="7.857523">
        <ele>456.1</ele>
      </trkpt>
      <trkpt lat="49.28096" lon="7.857392">
        <ele>458.8</ele>
      </trkpt>
      <trkpt lat="49.280821" lon="7.857276">
        <ele>460.0</ele>
      </trkpt>
      <trkpt lat="49.280745" lon="7.857135">
        <ele>460.7</ele>
      </trkpt>
      <trkpt lat="49.280557" lon="7.85676">
        <ele>462.3</ele>
      </trkpt>
      <trkpt lat="49.280463" lon="7.85665">
        <ele>463.0</ele>
      </trkpt>
      <trkpt lat="49.280132" lon="7.856326">
        <ele>464.8</ele>
      </trkpt>
      <trkpt lat="49.279923" lon="7.855981">
        <ele>465.1</ele>
      </trkpt>
      <trkpt lat="49.279783" lon="7.855806">
        <ele>464.1</ele>
      </trkpt>
      <trkpt lat="49.279694" lon="7.855336">
        <ele>465.0</ele>
      </trkpt>
      <trkpt lat="49.279604" lon="7.854866">
        <ele>467.7</ele>
      </trkpt>
      <trkpt lat="49.279498" lon="7.854402">
        <ele>470.3</ele>
      </trkpt>
      <trkpt lat="49.279391" lon="7.853939">
        <ele>472.9</ele>
      </trkpt>
      <trkpt lat="49.279206" lon="7.853444">
        <ele>475.8</ele>
      </trkpt>
      <trkpt lat="49.279021" lon="7.85295">
        <ele>480.4</ele>
      </trkpt>
      <trkpt lat="49.278973" lon="7.852743">
        <ele>483.2</ele>
      </trkpt>
      <trkpt lat="49.278901" lon="7.852392">
        <ele>488.8</ele>
      </trkpt>
      <trkpt lat="49.278828" lon="7.852041">
        <ele>495.1</ele>
      </trkpt>
      <trkpt lat="49.278966" lon="7.851855">
        <ele>498.1</ele>
      </trkpt>
      <trkpt lat="49.279221" lon="7.851415">
        <ele>500.8</ele>
      </trkpt>
      <trkpt lat="49.279353" lon="7.851047">
        <ele>501.8</ele>
      </trkpt>
      <trkpt lat="49.279494" lon="7.850619">
        <ele>503.1</ele>
      </trkpt>
      <trkpt lat="49.279548" lon="7.850165">
        <ele>505.5</ele>
      </trkpt>
      <trkpt lat="49.279455" lon="7.84963">
        <ele>507.1</ele>
      </trkpt>
      <trkpt lat="49.279361" lon="7.849094">
        <ele>509.7</ele>
      </trkpt>
      <trkpt lat="49.279268" lon="7.848558">
        <ele>516.8</ele>
      </trkpt>
      <trkpt lat="49.279174" lon="7.848023">
        <ele>522.2</ele>
      </trkpt>
      <trkpt lat="49.27908" lon="7.847487">
        <ele>525.9</ele>
      </trkpt>
      <trkpt lat="49.279025" lon="7.846868">
        <ele>527.3</ele>
      </trkpt>
      <trkpt lat="49.279033" lon="7.846231">
        <ele>525.1</ele>
      </trkpt>
      <trkpt lat="49.279089" lon="7.845741">
        <ele>522.8</ele>
      </trkpt>
      <trkpt lat="49.279146" lon="7.845252">
        <ele>523.6</ele>
      </trkpt>
      <trkpt lat="49.279138" lon="7.844591">
        <ele>528.9</ele>
      </trkpt>
      <trkpt lat="49.27903" lon="7.844045">
        <ele>534.0</ele>
      </trkpt>
      <trkpt lat="49.278824" lon="7.843673">
        <ele>537.9</ele>
      </trkpt>
      <trkpt lat="49.27858" lon="7.843393">
        <ele>541.2</ele>
      </trkpt>
      <trkpt lat="49.278323" lon="7.843157">
        <ele>543.0</ele>
      </trkpt>
      <trkpt lat="49.278043" lon="7.842896">
        <ele>543.8</ele>
      </trkpt>
      <trkpt lat="49.277755" lon="7.842679">
        <ele>546.9</ele>
      </trkpt>
      <trkpt lat="49.277449" lon="7.842565">
        <ele>551.6</ele>
      </trkpt>
      <trkpt lat="49.277291" lon="7.842459">
        <ele>551.9</ele>
      </trkpt>
      <trkpt lat="49.277115" lon="7.842424">
        <ele>552.9</ele>
      </trkpt>
      <trkpt lat="49.27698" lon="7.842449">
        <ele>554.0</ele>
      </trkpt>
      <trkpt lat="49.276869" lon="7.842592">
        <ele>556.3</ele>
      </trkpt>
      <trkpt lat="49.276819" lon="7.842717">
        <ele>557.7</ele>
      </trkpt>
      <trkpt lat="49.276758" lon="7.84275">
        <ele>558.0</ele>
      </trkpt>
      <trkpt lat="49.276498" lon="7.842955">
        <ele>558.3</ele>
      </trkpt>
      <trkpt lat="49.276238" lon="7.843161">
        <ele>557.6</ele>
      </trkpt>
      <trkpt lat="49.275935" lon="7.843316">
        <ele>557.2</ele>
      </trkpt>
      <trkpt lat="49.275632" lon="7.843471">
        <ele>558.9</ele>
      </trkpt>
      <trkpt lat="49.27533" lon="7.843626">
        <ele>561.9</ele>
      </trkpt>
      <trkpt lat="49.275274" lon="7.843469">
        <ele>561.2</ele>
      </trkpt>
      <trkpt lat="49.275135" lon="7.84316">
        <ele>560.2</ele>
      </trkpt>
      <trkpt lat="49.274909" lon="7.842628">
        <ele>558.5</ele>
      </trkpt>
      <trkpt lat="49.274683" lon="7.842097">
        <ele>557.5</ele>
      </trkpt>
      <trkpt lat="49.274457" lon="7.841566">
        <ele>558.6</ele>
      </trkpt>
      <trkpt lat="49.274339" lon="7.841496">
        <ele>559.9</ele>
      </trkpt>
      <trkpt lat="49.274079" lon="7.840984">
        <ele>562.6</ele>
      </trkpt>
      <trkpt lat="49.273819" lon="7.840473">
        <ele>564.0</ele>
      </trkpt>
      <trkpt lat="49.273563" lon="7.840003">
        <ele>564.4</ele>
      </trkpt>
      <trkpt lat="49.273308" lon="7.839533">
        <ele>564.0</ele>
      </trkpt>
      <trkpt lat="49.273113" lon="7.83913">
        <ele>563.4</ele>
      </trkpt>
      <trkpt lat="49.272919" lon="7.838726">
        <ele>562.9</ele>
      </trkpt>
      <trkpt lat="49.272699" lon="7.838154">
        <ele>562.5</ele>
      </trkpt>
      <trkpt lat="49.27248" lon="7.837582">
        <ele>562.3</ele>
      </trkpt>
      <trkpt lat="49.272295" lon="7.837028">
        <ele>562.7</ele>
      </trkpt>
      <trkpt lat="49.272184" lon="7.8367">
        <ele>562.6</ele>
      </trkpt>
      <trkpt lat="49.272072" lon="7.836372">
        <ele>561.9</ele>
      </trkpt>
      <trkpt lat="49.272028" lon="7.836031">
        <ele>561.3</ele>
      </trkpt>
      <trkpt lat="49.271911" lon="7.835628">
        <ele>559.9</ele>
      </trkpt>
      <trkpt lat="49.271794" lon="7.835225">
        <ele>558.3</ele>
      </trkpt>
      <trkpt lat="49.271654" lon="7.834916">
        <ele>556.1</ele>
      </trkpt>
      <trkpt lat="49.271573" lon="7.834741">
        <ele>554.8</ele>
      </trkpt>
      <trkpt lat="49.271457" lon="7.834657">
        <ele>552.6</ele>
      </trkpt>
      <trkpt lat="49.271263" lon="7.834338">
        <ele>549.2</ele>
      </trkpt>
      <trkpt lat="49.271072" lon="7.833823">
        <ele>547.4</ele>
      </trkpt>
      <trkpt lat="49.270835" lon="7.833254">
        <ele>546.9</ele>
      </trkpt>
      <trkpt lat="49.270728" lon="7.833027">
        <ele>547.3</ele>
      </trkpt>
      <trkpt lat="49.270661" lon="7.832799">
        <ele>548.6</ele>
      </trkpt>
      <trkpt lat="49.270612" lon="7.83253">
        <ele>550.3</ele>
      </trkpt>
      <trkpt lat="49.270547" lon="7.832434">
        <ele>550.6</ele>
      </trkpt>
      <trkpt lat="49.270493" lon="7.832361">
        <ele>550.9</ele>
      </trkpt>
      <trkpt lat="49.270376" lon="7.832335">
        <ele>550.9</ele>
      </trkpt>
      <trkpt lat="49.270297" lon="7.832338">
        <ele>550.9</ele>
      </trkpt>
      <trkpt lat="49.270174" lon="7.83237">
        <ele>550.7</ele>
      </trkpt>
      <trkpt lat="49.269949" lon="7.832401">
        <ele>550.4</ele>
      </trkpt>
      <trkpt lat="49.26984" lon="7.832321">
        <ele>551.5</ele>
      </trkpt>
      <trkpt lat="49.269614" lon="7.832139">
        <ele>554.3</ele>
      </trkpt>
      <trkpt lat="49.269406" lon="7.832065">
        <ele>556.0</ele>
      </trkpt>
      <trkpt lat="49.269245" lon="7.831994">
        <ele>557.5</ele>
      </trkpt>
      <trkpt lat="49.269073" lon="7.831836">
        <ele>559.9</ele>
      </trkpt>
      <trkpt lat="49.268788" lon="7.831562">
        <ele>562.9</ele>
      </trkpt>
      <trkpt lat="49.268478" lon="7.831383">
        <ele>563.9</ele>
      </trkpt>
      <trkpt lat="49.268169" lon="7.831137">
        <ele>564.3</ele>
      </trkpt>
      <trkpt lat="49.267985" lon="7.831012">
        <ele>564.1</ele>
      </trkpt>
      <trkpt lat="49.267808" lon="7.830951">
        <ele>563.6</ele>
      </trkpt>
      <trkpt lat="49.267808" lon="7.830952">
        <ele>563.6</ele>
        <name>49.267808,7.830951</name>
        <extensions>
          <oa:Extension>
            <oa:mapZoom>15</oa:mapZoom>
          </oa:Extension>
        </extensions>
      </trkpt>
      <trkpt lat="49.267793" lon="7.830943">
        <ele>563.5</ele>
      </trkpt>
      <trkpt lat="49.267572" lon="7.830812">
        <ele>563.0</ele>
      </trkpt>
      <trkpt lat="49.267406" lon="7.830712">
        <ele>562.7</ele>
      </trkpt>
      <trkpt lat="49.267392" lon="7.830703">
        <ele>562.7</ele>
      </trkpt>
      <trkpt lat="49.267261" lon="7.830543">
        <ele>562.5</ele>
      </trkpt>
      <trkpt lat="49.267026" lon="7.830361">
        <ele>561.8</ele>
      </trkpt>
      <trkpt lat="49.266929" lon="7.830231">
        <ele>561.6</ele>
      </trkpt>
      <trkpt lat="49.266817" lon="7.830105">
        <ele>561.3</ele>
      </trkpt>
      <trkpt lat="49.266654" lon="7.829976">
        <ele>561.0</ele>
      </trkpt>
      <trkpt lat="49.266446" lon="7.82989">
        <ele>560.9</ele>
      </trkpt>
      <trkpt lat="49.266248" lon="7.829853">
        <ele>560.8</ele>
      </trkpt>
      <trkpt lat="49.266116" lon="7.82976">
        <ele>560.9</ele>
      </trkpt>
      <trkpt lat="49.266002" lon="7.82968">
        <ele>560.9</ele>
      </trkpt>
      <trkpt lat="49.265758" lon="7.829385">
        <ele>561.1</ele>
      </trkpt>
      <trkpt lat="49.265496" lon="7.829125">
        <ele>561.0</ele>
      </trkpt>
      <trkpt lat="49.265234" lon="7.828866">
        <ele>560.8</ele>
      </trkpt>
      <trkpt lat="49.264972" lon="7.828606">
        <ele>560.5</ele>
      </trkpt>
      <trkpt lat="49.264786" lon="7.828588">
        <ele>559.6</ele>
      </trkpt>
      <trkpt lat="49.26445" lon="7.828623">
        <ele>558.0</ele>
      </trkpt>
      <trkpt lat="49.264298" lon="7.828614">
        <ele>557.5</ele>
      </trkpt>
      <trkpt lat="49.264191" lon="7.82872">
        <ele>556.9</ele>
      </trkpt>
      <trkpt lat="49.263836" lon="7.829028">
        <ele>555.5</ele>
      </trkpt>
      <trkpt lat="49.263605" lon="7.829176">
        <ele>555.5</ele>
      </trkpt>
      <trkpt lat="49.263374" lon="7.829323">
        <ele>556.2</ele>
      </trkpt>
      <trkpt lat="49.263241" lon="7.82933">
        <ele>556.8</ele>
      </trkpt>
      <trkpt lat="49.263006" lon="7.82929">
        <ele>557.9</ele>
      </trkpt>
      <trkpt lat="49.262893" lon="7.829308">
        <ele>558.5</ele>
      </trkpt>
      <trkpt lat="49.262536" lon="7.829524">
        <ele>559.8</ele>
      </trkpt>
      <trkpt lat="49.262192" lon="7.829674">
        <ele>560.1</ele>
      </trkpt>
      <trkpt lat="49.26197" lon="7.829776">
        <ele>560.1</ele>
      </trkpt>
      <trkpt lat="49.261737" lon="7.829931">
        <ele>560.4</ele>
      </trkpt>
      <trkpt lat="49.261683" lon="7.829817">
        <ele>560.4</ele>
      </trkpt>
      <trkpt lat="49.261609" lon="7.82973">
        <ele>560.3</ele>
      </trkpt>
      <trkpt lat="49.261473" lon="7.82966">
        <ele>560.3</ele>
      </trkpt>
      <trkpt lat="49.261367" lon="7.829621">
        <ele>560.3</ele>
      </trkpt>
      <trkpt lat="49.261189" lon="7.829573">
        <ele>560.1</ele>
      </trkpt>
      <trkpt lat="49.260979" lon="7.829546">
        <ele>559.7</ele>
      </trkpt>
      <trkpt lat="49.260965" lon="7.829545">
        <ele>559.6</ele>
      </trkpt>
      <trkpt lat="49.26073" lon="7.82946">
        <ele>558.5</ele>
      </trkpt>
      <trkpt lat="49.260495" lon="7.829374">
        <ele>557.2</ele>
      </trkpt>
      <trkpt lat="49.260295" lon="7.829284">
        <ele>556.0</ele>
      </trkpt>
      <trkpt lat="49.259979" lon="7.829167">
        <ele>554.3</ele>
      </trkpt>
      <trkpt lat="49.259685" lon="7.829082">
        <ele>552.9</ele>
      </trkpt>
      <trkpt lat="49.259384" lon="7.828991">
        <ele>551.5</ele>
      </trkpt>
      <trkpt lat="49.25931" lon="7.828955">
        <ele>551.2</ele>
      </trkpt>
      <trkpt lat="49.259243" lon="7.828914">
        <ele>550.9</ele>
      </trkpt>
      <trkpt lat="49.259196" lon="7.828862">
        <ele>550.7</ele>
      </trkpt>
      <trkpt lat="49.259155" lon="7.828809">
        <ele>550.5</ele>
      </trkpt>
      <trkpt lat="49.259066" lon="7.828797">
        <ele>550.2</ele>
      </trkpt>
      <trkpt lat="49.258874" lon="7.828779">
        <ele>549.7</ele>
      </trkpt>
      <trkpt lat="49.258641" lon="7.828709">
        <ele>549.3</ele>
      </trkpt>
      <trkpt lat="49.258408" lon="7.828638">
        <ele>548.6</ele>
      </trkpt>
      <trkpt lat="49.258193" lon="7.82852">
        <ele>548.1</ele>
      </trkpt>
      <trkpt lat="49.258036" lon="7.828441">
        <ele>547.8</ele>
      </trkpt>
      <trkpt lat="49.257847" lon="7.828356">
        <ele>547.6</ele>
      </trkpt>
      <trkpt lat="49.257617" lon="7.828264">
        <ele>548.1</ele>
      </trkpt>
      <trkpt lat="49.257387" lon="7.828173">
        <ele>549.4</ele>
      </trkpt>
      <trkpt lat="49.257124" lon="7.828107">
        <ele>550.1</ele>
      </trkpt>
      <trkpt lat="49.257099" lon="7.828102">
        <ele>550.2</ele>
      </trkpt>
      <trkpt lat="49.256784" lon="7.828053">
        <ele>551.1</ele>
      </trkpt>
      <trkpt lat="49.256424" lon="7.827997">
        <ele>553.7</ele>
      </trkpt>
      <trkpt lat="49.256277" lon="7.827998">
        <ele>554.5</ele>
      </trkpt>
      <trkpt lat="49.256145" lon="7.828018">
        <ele>554.8</ele>
      </trkpt>
      <trkpt lat="49.25601" lon="7.828053">
        <ele>554.8</ele>
      </trkpt>
      <trkpt lat="49.255929" lon="7.828077">
        <ele>554.8</ele>
      </trkpt>
      <trkpt lat="49.255832" lon="7.828113">
        <ele>554.6</ele>
      </trkpt>
      <trkpt lat="49.255411" lon="7.82821">
        <ele>553.2</ele>
      </trkpt>
      <trkpt lat="49.255277" lon="7.828203">
        <ele>553.4</ele>
      </trkpt>
      <trkpt lat="49.254866" lon="7.828059">
        <ele>557.5</ele>
      </trkpt>
      <trkpt lat="49.254715" lon="7.828027">
        <ele>558.4</ele>
      </trkpt>
      <trkpt lat="49.25437" lon="7.828069">
        <ele>557.5</ele>
      </trkpt>
      <trkpt lat="49.254025" lon="7.82811">
        <ele>556.8</ele>
      </trkpt>
      <trkpt lat="49.253889" lon="7.828089">
        <ele>557.6</ele>
      </trkpt>
      <trkpt lat="49.253618" lon="7.828079">
        <ele>557.7</ele>
      </trkpt>
      <trkpt lat="49.253347" lon="7.828068">
        <ele>558.4</ele>
      </trkpt>
      <trkpt lat="49.25299" lon="7.828082">
        <ele>559.3</ele>
      </trkpt>
      <trkpt lat="49.252634" lon="7.828095">
        <ele>560.1</ele>
      </trkpt>
      <trkpt lat="49.25255" lon="7.828104">
        <ele>560.1</ele>
      </trkpt>
      <trkpt lat="49.252384" lon="7.828088">
        <ele>560.5</ele>
      </trkpt>
      <trkpt lat="49.252224" lon="7.828042">
        <ele>561.0</ele>
      </trkpt>
      <trkpt lat="49.252074" lon="7.827973">
        <ele>561.2</ele>
      </trkpt>
      <trkpt lat="49.251839" lon="7.827788">
        <ele>561.8</ele>
      </trkpt>
      <trkpt lat="49.251799" lon="7.827756">
        <ele>561.9</ele>
        <name>49.251784,7.827802</name>
        <extensions>
          <oa:Extension>
            <oa:mapZoom>15</oa:mapZoom>
          </oa:Extension>
        </extensions>
      </trkpt>
      <trkpt lat="49.251604" lon="7.827603">
        <ele>562.1</ele>
      </trkpt>
      <trkpt lat="49.251308" lon="7.827354">
        <ele>563.1</ele>
      </trkpt>
      <trkpt lat="49.25129" lon="7.827338">
        <ele>563.1</ele>
      </trkpt>
      <trkpt lat="49.251138" lon="7.827216">
        <ele>563.8</ele>
      </trkpt>
      <trkpt lat="49.250852" lon="7.827056">
        <ele>564.0</ele>
      </trkpt>
      <trkpt lat="49.250567" lon="7.826896">
        <ele>564.2</ele>
      </trkpt>
      <trkpt lat="49.250281" lon="7.826736">
        <ele>563.6</ele>
      </trkpt>
      <trkpt lat="49.25004" lon="7.82656">
        <ele>562.2</ele>
      </trkpt>
      <trkpt lat="49.2498" lon="7.826385">
        <ele>560.5</ele>
      </trkpt>
      <trkpt lat="49.249606" lon="7.826207">
        <ele>559.7</ele>
      </trkpt>
      <trkpt lat="49.249325" lon="7.825849">
        <ele>558.6</ele>
      </trkpt>
      <trkpt lat="49.249044" lon="7.82549">
        <ele>557.1</ele>
      </trkpt>
      <trkpt lat="49.249018" lon="7.825433">
        <ele>557.3</ele>
      </trkpt>
      <trkpt lat="49.24891" lon="7.825322">
        <ele>556.7</ele>
      </trkpt>
      <trkpt lat="49.248625" lon="7.825229">
        <ele>553.7</ele>
      </trkpt>
      <trkpt lat="49.248466" lon="7.825283">
        <ele>551.3</ele>
      </trkpt>
      <trkpt lat="49.24838" lon="7.825339">
        <ele>550.2</ele>
      </trkpt>
      <trkpt lat="49.248293" lon="7.825415">
        <ele>549.1</ele>
      </trkpt>
      <trkpt lat="49.247979" lon="7.825777">
        <ele>545.4</ele>
      </trkpt>
      <trkpt lat="49.247666" lon="7.82614">
        <ele>544.5</ele>
      </trkpt>
      <trkpt lat="49.247501" lon="7.826384">
        <ele>543.6</ele>
      </trkpt>
      <trkpt lat="49.247302" lon="7.826792">
        <ele>539.6</ele>
      </trkpt>
      <trkpt lat="49.2472" lon="7.826968">
        <ele>537.9</ele>
      </trkpt>
      <trkpt lat="49.246969" lon="7.827224">
        <ele>536.4</ele>
      </trkpt>
      <trkpt lat="49.246844" lon="7.827299">
        <ele>536.7</ele>
      </trkpt>
      <trkpt lat="49.246756" lon="7.827325">
        <ele>537.1</ele>
      </trkpt>
      <trkpt lat="49.246741" lon="7.827325">
        <ele>537.2</ele>
      </trkpt>
      <trkpt lat="49.246741" lon="7.827323">
        <ele>537.3</ele>
        <name>49.246741,7.827323</name>
        <extensions>
          <oa:Extension>
            <oa:mapZoom>14</oa:mapZoom>
          </oa:Extension>
        </extensions>
      </trkpt>
      <trkpt lat="49.246676" lon="7.827332">
        <ele>537.7</ele>
      </trkpt>
      <trkpt lat="49.246473" lon="7.827324">
        <ele>538.6</ele>
      </trkpt>
      <trkpt lat="49.246419" lon="7.827433">
        <ele>535.7</ele>
      </trkpt>
      <trkpt lat="49.246173" lon="7.827554">
        <ele>532.5</ele>
      </trkpt>
      <trkpt lat="49.245996" lon="7.827584">
        <ele>531.6</ele>
      </trkpt>
      <trkpt lat="49.245858" lon="7.827601">
        <ele>531.2</ele>
      </trkpt>
      <trkpt lat="49.24577" lon="7.827776">
        <ele>529.6</ele>
      </trkpt>
      <trkpt lat="49.2456" lon="7.828038">
        <ele>527.4</ele>
      </trkpt>
      <trkpt lat="49.245452" lon="7.828247">
        <ele>526.5</ele>
      </trkpt>
      <trkpt lat="49.245259" lon="7.828544">
        <ele>526.4</ele>
      </trkpt>
      <trkpt lat="49.24501" lon="7.828646">
        <ele>528.6</ele>
      </trkpt>
      <trkpt lat="49.244818" lon="7.828688">
        <ele>530.1</ele>
      </trkpt>
      <trkpt lat="49.244739" lon="7.828726">
        <ele>530.3</ele>
      </trkpt>
      <trkpt lat="49.244485" lon="7.828739">
        <ele>532.0</ele>
      </trkpt>
      <trkpt lat="49.244177" lon="7.828492">
        <ele>537.2</ele>
      </trkpt>
      <trkpt lat="49.243926" lon="7.828376">
        <ele>540.1</ele>
      </trkpt>
      <trkpt lat="49.243646" lon="7.828293">
        <ele>542.5</ele>
      </trkpt>
      <trkpt lat="49.243547" lon="7.828334">
        <ele>543.0</ele>
      </trkpt>
      <trkpt lat="49.243368" lon="7.828409">
        <ele>543.8</ele>
      </trkpt>
      <trkpt lat="49.243091" lon="7.82857">
        <ele>544.8</ele>
      </trkpt>
      <trkpt lat="49.242815" lon="7.828731">
        <ele>545.5</ele>
      </trkpt>
      <trkpt lat="49.242661" lon="7.828753">
        <ele>546.0</ele>
      </trkpt>
      <trkpt lat="49.242443" lon="7.828764">
        <ele>546.2</ele>
      </trkpt>
      <trkpt lat="49.24217" lon="7.828796">
        <ele>545.3</ele>
      </trkpt>
      <trkpt lat="49.241861" lon="7.828958">
        <ele>543.9</ele>
      </trkpt>
      <trkpt lat="49.241804" lon="7.82906">
        <ele>543.8</ele>
      </trkpt>
      <trkpt lat="49.241761" lon="7.829136">
        <ele>543.6</ele>
      </trkpt>
      <trkpt lat="49.24173" lon="7.829191">
        <ele>543.4</ele>
      </trkpt>
      <trkpt lat="49.241653" lon="7.829333">
        <ele>543.0</ele>
      </trkpt>
      <trkpt lat="49.24159" lon="7.829447">
        <ele>542.7</ele>
      </trkpt>
      <trkpt lat="49.241521" lon="7.829584">
        <ele>542.4</ele>
      </trkpt>
      <trkpt lat="49.241456" lon="7.829744">
        <ele>542.3</ele>
      </trkpt>
      <trkpt lat="49.241422" lon="7.829913">
        <ele>542.2</ele>
      </trkpt>
      <trkpt lat="49.241407" lon="7.83002">
        <ele>542.2</ele>
      </trkpt>
      <trkpt lat="49.241405" lon="7.830143">
        <ele>542.3</ele>
      </trkpt>
      <trkpt lat="49.24142" lon="7.830249">
        <ele>542.3</ele>
      </trkpt>
      <trkpt lat="49.241442" lon="7.830336">
        <ele>542.4</ele>
      </trkpt>
      <trkpt lat="49.241508" lon="7.830554">
        <ele>542.6</ele>
      </trkpt>
      <trkpt lat="49.2416" lon="7.830843">
        <ele>541.8</ele>
      </trkpt>
      <trkpt lat="49.241762" lon="7.831272">
        <ele>540.7</ele>
      </trkpt>
      <trkpt lat="49.241924" lon="7.8317">
        <ele>542.9</ele>
      </trkpt>
      <trkpt lat="49.241969" lon="7.831815">
        <ele>544.0</ele>
      </trkpt>
      <trkpt lat="49.242074" lon="7.832255">
        <ele>546.8</ele>
      </trkpt>
      <trkpt lat="49.242144" lon="7.832587">
        <ele>546.8</ele>
      </trkpt>
      <trkpt lat="49.24216" lon="7.832766">
        <ele>546.4</ele>
      </trkpt>
      <trkpt lat="49.242166" lon="7.832991">
        <ele>545.7</ele>
      </trkpt>
      <trkpt lat="49.242164" lon="7.833225">
        <ele>544.8</ele>
      </trkpt>
      <trkpt lat="49.242156" lon="7.833691">
        <ele>544.3</ele>
      </trkpt>
      <trkpt lat="49.242155" lon="7.834159">
        <ele>543.3</ele>
      </trkpt>
      <trkpt lat="49.242156" lon="7.834218">
        <ele>543.3</ele>
      </trkpt>
      <trkpt lat="49.242157" lon="7.834293">
        <ele>543.2</ele>
      </trkpt>
      <trkpt lat="49.242159" lon="7.834472">
        <ele>543.1</ele>
      </trkpt>
      <trkpt lat="49.242206" lon="7.834871">
        <ele>542.7</ele>
      </trkpt>
      <trkpt lat="49.242291" lon="7.835447">
        <ele>542.6</ele>
      </trkpt>
      <trkpt lat="49.242463" lon="7.835289">
        <ele>542.5</ele>
      </trkpt>
      <trkpt lat="49.242545" lon="7.835517">
        <ele>542.5</ele>
      </trkpt>
      <trkpt lat="49.242614" lon="7.835789">
        <ele>542.8</ele>
      </trkpt>
      <trkpt lat="49.242618" lon="7.835866">
        <ele>542.9</ele>
      </trkpt>
      <trkpt lat="49.242609" lon="7.835934">
        <ele>543.0</ele>
      </trkpt>
      <trkpt lat="49.242595" lon="7.836003">
        <ele>543.1</ele>
      </trkpt>
      <trkpt lat="49.242577" lon="7.836055">
        <ele>543.2</ele>
      </trkpt>
      <trkpt lat="49.242819" lon="7.836073">
        <ele>543.3</ele>
        <name>49.242819,7.836073</name>
        <extensions>
          <oa:Extension>
            <oa:mapZoom>14</oa:mapZoom>
          </oa:Extension>
        </extensions>
      </trkpt>
      <trkpt lat="49.242885" lon="7.836075">
        <ele>543.2</ele>
      </trkpt>
      <trkpt lat="49.242956" lon="7.836068">
        <ele>543.2</ele>
      </trkpt>
      <trkpt lat="49.243023" lon="7.836052">
        <ele>543.1</ele>
      </trkpt>
      <trkpt lat="49.243068" lon="7.83603">
        <ele>543.0</ele>
      </trkpt>
      <trkpt lat="49.243141" lon="7.836005">
        <ele>542.9</ele>
      </trkpt>
      <trkpt lat="49.243212" lon="7.835969">
        <ele>542.7</ele>
      </trkpt>
      <trkpt lat="49.243287" lon="7.835965">
        <ele>542.7</ele>
      </trkpt>
      <trkpt lat="49.243332" lon="7.835962">
        <ele>542.6</ele>
      </trkpt>
      <trkpt lat="49.243355" lon="7.835969">
        <ele>542.6</ele>
      </trkpt>
      <trkpt lat="49.243387" lon="7.835978">
        <ele>542.6</ele>
      </trkpt>
      <trkpt lat="49.243466" lon="7.836035">
        <ele>542.8</ele>
      </trkpt>
      <trkpt lat="49.243559" lon="7.836123">
        <ele>543.1</ele>
      </trkpt>
      <trkpt lat="49.243637" lon="7.836222">
        <ele>543.5</ele>
      </trkpt>
      <trkpt lat="49.24374" lon="7.836379">
        <ele>543.6</ele>
      </trkpt>
      <trkpt lat="49.24382" lon="7.836541">
        <ele>543.4</ele>
      </trkpt>
      <trkpt lat="49.243836" lon="7.836578">
        <ele>543.4</ele>
      </trkpt>
      <trkpt lat="49.243923" lon="7.836784">
        <ele>543.3</ele>
      </trkpt>
      <trkpt lat="49.243934" lon="7.836815">
        <ele>543.3</ele>
      </trkpt>
      <trkpt lat="49.243987" lon="7.836959">
        <ele>543.4</ele>
      </trkpt>
      <trkpt lat="49.244002" lon="7.836998">
        <ele>543.5</ele>
      </trkpt>
      <trkpt lat="49.244084" lon="7.837223">
        <ele>543.8</ele>
      </trkpt>
      <trkpt lat="49.244165" lon="7.83745">
        <ele>544.3</ele>
      </trkpt>
      <trkpt lat="49.244255" lon="7.837709">
        <ele>545.1</ele>
      </trkpt>
      <trkpt lat="49.244307" lon="7.837973">
        <ele>546.0</ele>
      </trkpt>
      <trkpt lat="49.244338" lon="7.83816">
        <ele>545.7</ele>
      </trkpt>
      <trkpt lat="49.244375" lon="7.838385">
        <ele>545.6</ele>
        <name>49.244375,7.838385</name>
        <extensions>
          <oa:Extension>
            <oa:mapZoom>14</oa:mapZoom>
          </oa:Extension>
        </extensions>
      </trkpt>
      <trkpt lat="49.244399" lon="7.838538">
        <ele>545.6</ele>
      </trkpt>
      <trkpt lat="49.244457" lon="7.838953">
        <ele>545.3</ele>
      </trkpt>
      <trkpt lat="49.244505" lon="7.839313">
        <ele>544.7</ele>
      </trkpt>
      <trkpt lat="49.244553" lon="7.839673">
        <ele>544.3</ele>
      </trkpt>
      <trkpt lat="49.244626" lon="7.840252">
        <ele>542.9</ele>
      </trkpt>
      <trkpt lat="49.244682" lon="7.840612">
        <ele>541.9</ele>
      </trkpt>
      <trkpt lat="49.244723" lon="7.840976">
        <ele>540.9</ele>
      </trkpt>
      <trkpt lat="49.24473" lon="7.841162">
        <ele>540.5</ele>
      </trkpt>
      <trkpt lat="49.244718" lon="7.841319">
        <ele>540.4</ele>
      </trkpt>
      <trkpt lat="49.244673" lon="7.841686">
        <ele>540.2</ele>
      </trkpt>
      <trkpt lat="49.244656" lon="7.842039">
        <ele>540.6</ele>
      </trkpt>
      <trkpt lat="49.244664" lon="7.842437">
        <ele>541.2</ele>
      </trkpt>
      <trkpt lat="49.244677" lon="7.842721">
        <ele>541.4</ele>
        <name>49.244677,7.842721</name>
        <extensions>
          <oa:Extension>
            <oa:mapZoom>14</oa:mapZoom>
          </oa:Extension>
        </extensions>
      </trkpt>
      <trkpt lat="49.244679" lon="7.842777">
        <ele>541.4</ele>
      </trkpt>
      <trkpt lat="49.244675" lon="7.843102">
        <ele>541.4</ele>
      </trkpt>
      <trkpt lat="49.244695" lon="7.843549">
        <ele>541.0</ele>
      </trkpt>
      <trkpt lat="49.244737" lon="7.844097">
        <ele>540.6</ele>
      </trkpt>
      <trkpt lat="49.244754" lon="7.844398">
        <ele>540.4</ele>
      </trkpt>
      <trkpt lat="49.244756" lon="7.844647">
        <ele>540.2</ele>
      </trkpt>
      <trkpt lat="49.244754" lon="7.844895">
        <ele>539.8</ele>
      </trkpt>
      <trkpt lat="49.244735" lon="7.845236">
        <ele>538.3</ele>
      </trkpt>
      <trkpt lat="49.244705" lon="7.845515">
        <ele>536.4</ele>
      </trkpt>
      <trkpt lat="49.244656" lon="7.845866">
        <ele>533.4</ele>
      </trkpt>
      <trkpt lat="49.244597" lon="7.846154">
        <ele>530.4</ele>
      </trkpt>
      <trkpt lat="49.244582" lon="7.846288">
        <ele>528.8</ele>
      </trkpt>
      <trkpt lat="49.244589" lon="7.846447">
        <ele>526.4</ele>
      </trkpt>
      <trkpt lat="49.244623" lon="7.846569">
        <ele>524.2</ele>
      </trkpt>
      <trkpt lat="49.244665" lon="7.846672">
        <ele>522.1</ele>
      </trkpt>
      <trkpt lat="49.244784" lon="7.846789">
        <ele>518.7</ele>
      </trkpt>
      <trkpt lat="49.244989" lon="7.846937">
        <ele>514.2</ele>
      </trkpt>
      <trkpt lat="49.245215" lon="7.847123">
        <ele>509.8</ele>
      </trkpt>
      <trkpt lat="49.245409" lon="7.8473">
        <ele>506.5</ele>
      </trkpt>
      <trkpt lat="49.245687" lon="7.847543">
        <ele>503.1</ele>
      </trkpt>
      <trkpt lat="49.245952" lon="7.847761">
        <ele>501.1</ele>
      </trkpt>
      <trkpt lat="49.246329" lon="7.848073">
        <ele>499.6</ele>
      </trkpt>
      <trkpt lat="49.246547" lon="7.848272">
        <ele>498.3</ele>
      </trkpt>
      <trkpt lat="49.246616" lon="7.848335">
        <ele>497.9</ele>
        <name>49.246616,7.848335</name>
        <extensions>
          <oa:Extension>
            <oa:mapZoom>14</oa:mapZoom>
          </oa:Extension>
        </extensions>
      </trkpt>
      <trkpt lat="49.246764" lon="7.848471">
        <ele>496.9</ele>
      </trkpt>
      <trkpt lat="49.247045" lon="7.84874">
        <ele>495.0</ele>
      </trkpt>
      <trkpt lat="49.24729" lon="7.848931">
        <ele>494.4</ele>
      </trkpt>
      <trkpt lat="49.24762" lon="7.849253">
        <ele>491.1</ele>
      </trkpt>
      <trkpt lat="49.247707" lon="7.849344">
        <ele>490.0</ele>
      </trkpt>
      <trkpt lat="49.247783" lon="7.84942">
        <ele>489.3</ele>
      </trkpt>
      <trkpt lat="49.247879" lon="7.849553">
        <ele>487.6</ele>
      </trkpt>
      <trkpt lat="49.247951" lon="7.849714">
        <ele>484.8</ele>
      </trkpt>
      <trkpt lat="49.248009" lon="7.849805">
        <ele>483.9</ele>
      </trkpt>
      <trkpt lat="49.248035" lon="7.849941">
        <ele>481.0</ele>
      </trkpt>
      <trkpt lat="49.248118" lon="7.850173">
        <ele>477.6</ele>
      </trkpt>
      <trkpt lat="49.248194" lon="7.850428">
        <ele>473.9</ele>
      </trkpt>
      <trkpt lat="49.24833" lon="7.850866">
        <ele>468.7</ele>
      </trkpt>
      <trkpt lat="49.248457" lon="7.851275">
        <ele>465.7</ele>
      </trkpt>
      <trkpt lat="49.248579" lon="7.851756">
        <ele>463.8</ele>
      </trkpt>
      <trkpt lat="49.248678" lon="7.852164">
        <ele>463.8</ele>
      </trkpt>
      <trkpt lat="49.248779" lon="7.852645">
        <ele>463.6</ele>
      </trkpt>
      <trkpt lat="49.248839" lon="7.852925">
        <ele>463.1</ele>
      </trkpt>
      <trkpt lat="49.24892" lon="7.853262">
        <ele>462.4</ele>
      </trkpt>
      <trkpt lat="49.249009" lon="7.853619">
        <ele>461.7</ele>
      </trkpt>
      <trkpt lat="49.249116" lon="7.853948">
        <ele>461.7</ele>
      </trkpt>
      <trkpt lat="49.249236" lon="7.854293">
        <ele>461.4</ele>
      </trkpt>
      <trkpt lat="49.249329" lon="7.854513">
        <ele>461.7</ele>
      </trkpt>
      <trkpt lat="49.249444" lon="7.854814">
        <ele>461.3</ele>
      </trkpt>
      <trkpt lat="49.249525" lon="7.855068">
        <ele>460.1</ele>
      </trkpt>
      <trkpt lat="49.249577" lon="7.855258">
        <ele>458.7</ele>
      </trkpt>
      <trkpt lat="49.249626" lon="7.855481">
        <ele>456.7</ele>
      </trkpt>
      <trkpt lat="49.249645" lon="7.855726">
        <ele>453.9</ele>
      </trkpt>
      <trkpt lat="49.249659" lon="7.856061">
        <ele>451.2</ele>
      </trkpt>
      <trkpt lat="49.249684" lon="7.856383">
        <ele>450.0</ele>
      </trkpt>
      <trkpt lat="49.249688" lon="7.856505">
        <ele>449.7</ele>
      </trkpt>
      <trkpt lat="49.249696" lon="7.856656">
        <ele>449.5</ele>
      </trkpt>
      <trkpt lat="49.249784" lon="7.856871">
        <ele>449.7</ele>
      </trkpt>
      <trkpt lat="49.249819" lon="7.85696">
        <ele>449.6</ele>
      </trkpt>
      <trkpt lat="49.249907" lon="7.857051">
        <ele>449.5</ele>
      </trkpt>
      <trkpt lat="49.250006" lon="7.85722">
        <ele>449.2</ele>
      </trkpt>
      <trkpt lat="49.250099" lon="7.857375">
        <ele>448.7</ele>
      </trkpt>
      <trkpt lat="49.250227" lon="7.857657">
        <ele>448.0</ele>
      </trkpt>
      <trkpt lat="49.2503" lon="7.857873">
        <ele>447.9</ele>
      </trkpt>
      <trkpt lat="49.250345" lon="7.858119">
        <ele>448.4</ele>
      </trkpt>
      <trkpt lat="49.250392" lon="7.858357">
        <ele>448.8</ele>
      </trkpt>
      <trkpt lat="49.250488" lon="7.858896">
        <ele>449.0</ele>
      </trkpt>
      <trkpt lat="49.250568" lon="7.859292">
        <ele>448.1</ele>
      </trkpt>
      <trkpt lat="49.250648" lon="7.859688">
        <ele>446.5</ele>
      </trkpt>
      <trkpt lat="49.250733" lon="7.860192">
        <ele>444.3</ele>
      </trkpt>
      <trkpt lat="49.250806" lon="7.86079">
        <ele>442.4</ele>
      </trkpt>
      <trkpt lat="49.250843" lon="7.86122">
        <ele>440.6</ele>
      </trkpt>
      <trkpt lat="49.250819" lon="7.861631">
        <ele>439.5</ele>
      </trkpt>
      <trkpt lat="49.250794" lon="7.862042">
        <ele>436.7</ele>
      </trkpt>
      <trkpt lat="49.250721" lon="7.862518">
        <ele>434.9</ele>
      </trkpt>
      <trkpt lat="49.250648" lon="7.862994">
        <ele>436.0</ele>
      </trkpt>
      <trkpt lat="49.25061" lon="7.863393">
        <ele>436.3</ele>
      </trkpt>
      <trkpt lat="49.250572" lon="7.863791">
        <ele>435.1</ele>
      </trkpt>
      <trkpt lat="49.25053" lon="7.864177">
        <ele>432.7</ele>
      </trkpt>
      <trkpt lat="49.250506" lon="7.864397">
        <ele>431.1</ele>
        <name>49.250506,7.864397</name>
        <extensions>
          <oa:Extension>
            <oa:mapZoom>14</oa:mapZoom>
          </oa:Extension>
        </extensions>
      </trkpt>
      <trkpt lat="49.250488" lon="7.864563">
        <ele>429.8</ele>
      </trkpt>
      <trkpt lat="49.250407" lon="7.864933">
        <ele>429.1</ele>
      </trkpt>
      <trkpt lat="49.250327" lon="7.865304">
        <ele>429.2</ele>
      </trkpt>
      <trkpt lat="49.25016" lon="7.865778">
        <ele>430.6</ele>
      </trkpt>
      <trkpt lat="49.249977" lon="7.86617">
        <ele>431.5</ele>
      </trkpt>
      <trkpt lat="49.249806" lon="7.866432">
        <ele>431.7</ele>
      </trkpt>
      <trkpt lat="49.249599" lon="7.866637">
        <ele>429.1</ele>
      </trkpt>
      <trkpt lat="49.249343" lon="7.866693">
        <ele>423.8</ele>
      </trkpt>
      <trkpt lat="49.248941" lon="7.86673">
        <ele>416.3</ele>
      </trkpt>
      <trkpt lat="49.248758" lon="7.866786">
        <ele>413.6</ele>
      </trkpt>
      <trkpt lat="49.248551" lon="7.866842">
        <ele>411.4</ele>
      </trkpt>
      <trkpt lat="49.248368" lon="7.866955">
        <ele>409.1</ele>
      </trkpt>
      <trkpt lat="49.248112" lon="7.867179">
        <ele>406.9</ele>
      </trkpt>
      <trkpt lat="49.247974" lon="7.867406">
        <ele>406.3</ele>
      </trkpt>
      <trkpt lat="49.247808" lon="7.867561">
        <ele>407.6</ele>
      </trkpt>
      <trkpt lat="49.247674" lon="7.867819">
        <ele>408.2</ele>
      </trkpt>
      <trkpt lat="49.247617" lon="7.868104">
        <ele>406.7</ele>
      </trkpt>
      <trkpt lat="49.247538" lon="7.868561">
        <ele>402.9</ele>
      </trkpt>
      <trkpt lat="49.247441" lon="7.869065">
        <ele>398.3</ele>
      </trkpt>
      <trkpt lat="49.247307" lon="7.869495">
        <ele>395.3</ele>
      </trkpt>
      <trkpt lat="49.247112" lon="7.86985">
        <ele>395.2</ele>
      </trkpt>
      <trkpt lat="49.246929" lon="7.870074">
        <ele>395.8</ele>
      </trkpt>
      <trkpt lat="49.24675" lon="7.870512">
        <ele>392.3</ele>
      </trkpt>
      <trkpt lat="49.246662" lon="7.870984">
        <ele>390.8</ele>
      </trkpt>
      <trkpt lat="49.246782" lon="7.871214">
        <ele>390.8</ele>
      </trkpt>
      <trkpt lat="49.246868" lon="7.871382">
        <ele>390.1</ele>
      </trkpt>
      <trkpt lat="49.247011" lon="7.871505">
        <ele>387.8</ele>
      </trkpt>
      <trkpt lat="49.247116" lon="7.871526">
        <ele>385.8</ele>
      </trkpt>
      <trkpt lat="49.247211" lon="7.871591">
        <ele>384.1</ele>
      </trkpt>
      <trkpt lat="49.247211" lon="7.87159">
        <ele>384.1</ele>
        <name>49.247211,7.871591</name>
        <extensions>
          <oa:Extension>
            <oa:mapZoom>14</oa:mapZoom>
          </oa:Extension>
        </extensions>
      </trkpt>
      <trkpt lat="49.247429" lon="7.871737">
        <ele>380.2</ele>
      </trkpt>
      <trkpt lat="49.247722" lon="7.871864">
        <ele>375.1</ele>
      </trkpt>
      <trkpt lat="49.248068" lon="7.872031">
        <ele>368.7</ele>
      </trkpt>
      <trkpt lat="49.248408" lon="7.872122">
        <ele>361.8</ele>
      </trkpt>
      <trkpt lat="49.248643" lon="7.872283">
        <ele>355.9</ele>
      </trkpt>
      <trkpt lat="49.248746" lon="7.872502">
        <ele>352.6</ele>
      </trkpt>
      <trkpt lat="49.248807" lon="7.872689">
        <ele>350.2</ele>
      </trkpt>
      <trkpt lat="49.248868" lon="7.872932">
        <ele>347.1</ele>
      </trkpt>
      <trkpt lat="49.24888" lon="7.87325">
        <ele>345.2</ele>
      </trkpt>
      <trkpt lat="49.248916" lon="7.873623">
        <ele>340.5</ele>
      </trkpt>
      <trkpt lat="49.248916" lon="7.87409">
        <ele>335.3</ele>
      </trkpt>
      <trkpt lat="49.248941" lon="7.874483">
        <ele>328.6</ele>
      </trkpt>
      <trkpt lat="49.248941" lon="7.87495">
        <ele>321.6</ele>
      </trkpt>
      <trkpt lat="49.248977" lon="7.875454">
        <ele>313.7</ele>
      </trkpt>
      <trkpt lat="49.248953" lon="7.875884">
        <ele>311.5</ele>
      </trkpt>
      <trkpt lat="49.248948" lon="7.876564">
        <ele>302.4</ele>
      </trkpt>
      <trkpt lat="49.248903" lon="7.87686">
        <ele>299.6</ele>
      </trkpt>
      <trkpt lat="49.248821" lon="7.87719">
        <ele>295.5</ele>
      </trkpt>
      <trkpt lat="49.2487" lon="7.877592">
        <ele>287.2</ele>
      </trkpt>
      <trkpt lat="49.248667" lon="7.877662">
        <ele>286.2</ele>
      </trkpt>
      <trkpt lat="49.248671" lon="7.87775">
        <ele>281.9</ele>
      </trkpt>
      <trkpt lat="49.248503" lon="7.877932">
        <ele>284.1</ele>
      </trkpt>
      <trkpt lat="49.248325" lon="7.878126">
        <ele>283.7</ele>
      </trkpt>
      <trkpt lat="49.248313" lon="7.878229">
        <ele>277.6</ele>
      </trkpt>
      <trkpt lat="49.248263" lon="7.878258">
        <ele>278.4</ele>
      </trkpt>
      <trkpt lat="49.247978" lon="7.878499">
        <ele>276.5</ele>
      </trkpt>
      <trkpt lat="49.247734" lon="7.878667">
        <ele>277.5</ele>
      </trkpt>
      <trkpt lat="49.247453" lon="7.879041">
        <ele>270.8</ele>
      </trkpt>
      <trkpt lat="49.247189" lon="7.879578">
        <ele>260.5</ele>
      </trkpt>
      <trkpt lat="49.246965" lon="7.879956">
        <ele>255.2</ele>
      </trkpt>
      <trkpt lat="49.246782" lon="7.880329">
        <ele>247.0</ele>
      </trkpt>
      <trkpt lat="49.24659" lon="7.88078">
        <ele>236.5</ele>
      </trkpt>
      <trkpt lat="49.246384" lon="7.881032">
        <ele>233.6</ele>
      </trkpt>
      <trkpt lat="49.246317" lon="7.88107">
        <ele>233.8</ele>
        <name>49.246317,7.881070</name>
        <extensions>
          <oa:Extension>
            <oa:mapZoom>14</oa:mapZoom>
          </oa:Extension>
        </extensions>
      </trkpt>
      <trkpt lat="49.246162" lon="7.881158">
        <ele>234.2</ele>
      </trkpt>
      <trkpt lat="49.245939" lon="7.881284">
        <ele>234.2</ele>
      </trkpt>
      <trkpt lat="49.245606" lon="7.881531">
        <ele>231.5</ele>
      </trkpt>
      <trkpt lat="49.245389" lon="7.881649">
        <ele>230.2</ele>
      </trkpt>
      <trkpt lat="49.245172" lon="7.881767">
        <ele>228.3</ele>
      </trkpt>
      <trkpt lat="49.245015" lon="7.881896">
        <ele>226.0</ele>
      </trkpt>
      <trkpt lat="49.244909" lon="7.881948">
        <ele>225.1</ele>
      </trkpt>
      <trkpt lat="49.244726" lon="7.882067">
        <ele>223.4</ele>
      </trkpt>
      <trkpt lat="49.244677" lon="7.882179">
        <ele>223.2</ele>
      </trkpt>
      <trkpt lat="49.244587" lon="7.882249">
        <ele>222.9</ele>
      </trkpt>
      <trkpt lat="49.244589" lon="7.882318">
        <ele>223.2</ele>
      </trkpt>
      <trkpt lat="49.244593" lon="7.882409">
        <ele>222.9</ele>
      </trkpt>
      <trkpt lat="49.244596" lon="7.882464">
        <ele>222.5</ele>
      </trkpt>
      <trkpt lat="49.244598" lon="7.882546">
        <ele>222.2</ele>
      </trkpt>
      <trkpt lat="49.244597" lon="7.882618">
        <ele>222.1</ele>
      </trkpt>
      <trkpt lat="49.244576" lon="7.882692">
        <ele>221.9</ele>
      </trkpt>
      <trkpt lat="49.244541" lon="7.882784">
        <ele>221.7</ele>
      </trkpt>
      <trkpt lat="49.24446" lon="7.882985">
        <ele>221.4</ele>
      </trkpt>
      <trkpt lat="49.244412" lon="7.883168">
        <ele>221.3</ele>
      </trkpt>
      <trkpt lat="49.244364" lon="7.883393">
        <ele>220.6</ele>
      </trkpt>
      <trkpt lat="49.24432" lon="7.883665">
        <ele>219.3</ele>
      </trkpt>
      <trkpt lat="49.244309" lon="7.883841">
        <ele>218.3</ele>
      </trkpt>
      <trkpt lat="49.244316" lon="7.884032">
        <ele>217.6</ele>
      </trkpt>
      <trkpt lat="49.24434" lon="7.884071">
        <ele>217.8</ele>
      </trkpt>
      <trkpt lat="49.244323" lon="7.884196">
        <ele>217.3</ele>
      </trkpt>
      <trkpt lat="49.244326" lon="7.884854">
        <ele>216.9</ele>
      </trkpt>
      <trkpt lat="49.244301" lon="7.884858">
        <ele>216.7</ele>
      </trkpt>
      <trkpt lat="49.244248" lon="7.884857">
        <ele>216.7</ele>
      </trkpt>
      <trkpt lat="49.244231" lon="7.884864">
        <ele>216.8</ele>
      </trkpt>
      <trkpt lat="49.244176" lon="7.884829">
        <ele>217.2</ele>
      </trkpt>
      <trkpt lat="49.24414" lon="7.884724">
        <ele>218.0</ele>
      </trkpt>
      <trkpt lat="49.243994" lon="7.884611">
        <ele>222.4</ele>
      </trkpt>
      <trkpt lat="49.24389" lon="7.884985">
        <ele>224.9</ele>
      </trkpt>
      <trkpt lat="49.243878" lon="7.885491">
        <ele>224.8</ele>
      </trkpt>
      <trkpt lat="49.243865" lon="7.885997">
        <ele>225.8</ele>
      </trkpt>
      <trkpt lat="49.243908" lon="7.886362">
        <ele>223.8</ele>
      </trkpt>
      <trkpt lat="49.243917" lon="7.886526">
        <ele>223.3</ele>
      </trkpt>
      <trkpt lat="49.243954" lon="7.886726">
        <ele>222.0</ele>
      </trkpt>
      <trkpt lat="49.244003" lon="7.887006">
        <ele>220.9</ele>
      </trkpt>
      <trkpt lat="49.244084" lon="7.887341">
        <ele>219.2</ele>
      </trkpt>
      <trkpt lat="49.244154" lon="7.887476">
        <ele>217.3</ele>
      </trkpt>
      <trkpt lat="49.24419" lon="7.887591">
        <ele>216.8</ele>
      </trkpt>
      <trkpt lat="49.244204" lon="7.887746">
        <ele>216.5</ele>
      </trkpt>
      <trkpt lat="49.244197" lon="7.887881">
        <ele>216.7</ele>
      </trkpt>
      <trkpt lat="49.244148" lon="7.888066">
        <ele>217.6</ele>
      </trkpt>
      <trkpt lat="49.244102" lon="7.888179">
        <ele>218.6</ele>
      </trkpt>
      <trkpt lat="49.244049" lon="7.888333">
        <ele>219.7</ele>
      </trkpt>
      <trkpt lat="49.24395" lon="7.888666">
        <ele>221.3</ele>
      </trkpt>
      <trkpt lat="49.243864" lon="7.889012">
        <ele>220.7</ele>
      </trkpt>
      <trkpt lat="49.243807" lon="7.889399">
        <ele>218.5</ele>
      </trkpt>
      <trkpt lat="49.243754" lon="7.889925">
        <ele>219.8</ele>
      </trkpt>
      <trkpt lat="49.24377" lon="7.890364">
        <ele>218.2</ele>
      </trkpt>
      <trkpt lat="49.243787" lon="7.890804">
        <ele>214.5</ele>
      </trkpt>
      <trkpt lat="49.243789" lon="7.891246">
        <ele>213.3</ele>
      </trkpt>
      <trkpt lat="49.243767" lon="7.891445">
        <ele>214.5</ele>
      </trkpt>
      <trkpt lat="49.243722" lon="7.891589">
        <ele>215.1</ele>
      </trkpt>
      <trkpt lat="49.243648" lon="7.891716">
        <ele>215.2</ele>
      </trkpt>
      <trkpt lat="49.243536" lon="7.891837">
        <ele>214.6</ele>
      </trkpt>
      <trkpt lat="49.243304" lon="7.89199">
        <ele>212.8</ele>
      </trkpt>
      <trkpt lat="49.24294" lon="7.89219">
        <ele>212.2</ele>
      </trkpt>
      <trkpt lat="49.24283" lon="7.892285">
        <ele>214.1</ele>
      </trkpt>
      <trkpt lat="49.242732" lon="7.892412">
        <ele>215.2</ele>
      </trkpt>
      <trkpt lat="49.242595" lon="7.892781">
        <ele>213.1</ele>
      </trkpt>
      <trkpt lat="49.242522" lon="7.893001">
        <ele>212.3</ele>
      </trkpt>
      <trkpt lat="49.242473" lon="7.893204">
        <ele>210.8</ele>
      </trkpt>
      <trkpt lat="49.242361" lon="7.893476">
        <ele>212.9</ele>
      </trkpt>
      <trkpt lat="49.242296" lon="7.894">
        <ele>212.4</ele>
      </trkpt>
      <trkpt lat="49.242231" lon="7.894525">
        <ele>213.2</ele>
      </trkpt>
      <trkpt lat="49.242151" lon="7.894973">
        <ele>214.1</ele>
      </trkpt>
      <trkpt lat="49.24207" lon="7.895421">
        <ele>215.1</ele>
      </trkpt>
      <trkpt lat="49.242079" lon="7.895662">
        <ele>214.3</ele>
      </trkpt>
      <trkpt lat="49.242098" lon="7.896234">
        <ele>213.2</ele>
      </trkpt>
      <trkpt lat="49.242122" lon="7.896638">
        <ele>212.0</ele>
      </trkpt>
      <trkpt lat="49.242113" lon="7.896889">
        <ele>211.3</ele>
      </trkpt>
      <trkpt lat="49.242078" lon="7.89705">
        <ele>211.1</ele>
      </trkpt>
      <trkpt lat="49.242006" lon="7.897117">
        <ele>211.4</ele>
      </trkpt>
      <trkpt lat="49.241952" lon="7.897113">
        <ele>211.7</ele>
      </trkpt>
      <trkpt lat="49.241825" lon="7.896987">
        <ele>213.9</ele>
      </trkpt>
      <trkpt lat="49.24174" lon="7.896878">
        <ele>216.4</ele>
      </trkpt>
      <trkpt lat="49.24166" lon="7.896772">
        <ele>219.3</ele>
      </trkpt>
      <trkpt lat="49.241532" lon="7.896678">
        <ele>222.8</ele>
      </trkpt>
      <trkpt lat="49.241387" lon="7.896635">
        <ele>226.2</ele>
      </trkpt>
      <trkpt lat="49.241138" lon="7.896673">
        <ele>229.2</ele>
      </trkpt>
      <trkpt lat="49.240902" lon="7.896707">
        <ele>232.0</ele>
      </trkpt>
      <trkpt lat="49.240674" lon="7.896775">
        <ele>232.6</ele>
      </trkpt>
      <trkpt lat="49.240461" lon="7.896908">
        <ele>229.4</ele>
      </trkpt>
      <trkpt lat="49.240193" lon="7.897282">
        <ele>219.5</ele>
      </trkpt>
      <trkpt lat="49.240028" lon="7.897548">
        <ele>217.6</ele>
      </trkpt>
      <trkpt lat="49.2398" lon="7.897834">
        <ele>220.8</ele>
      </trkpt>
      <trkpt lat="49.239764" lon="7.897912">
        <ele>220.7</ele>
        <name>49.239764,7.897912</name>
        <extensions>
          <oa:Extension>
            <oa:mapZoom>14</oa:mapZoom>
          </oa:Extension>
        </extensions>
      </trkpt>
      <trkpt lat="49.239668" lon="7.89812">
        <ele>220.3</ele>
      </trkpt>
      <trkpt lat="49.239527" lon="7.898483">
        <ele>214.9</ele>
      </trkpt>
      <trkpt lat="49.23939" lon="7.898718">
        <ele>214.0</ele>
      </trkpt>
      <trkpt lat="49.239233" lon="7.899025">
        <ele>214.7</ele>
      </trkpt>
      <trkpt lat="49.239045" lon="7.899572">
        <ele>211.1</ele>
      </trkpt>
      <trkpt lat="49.238893" lon="7.899933">
        <ele>207.8</ele>
      </trkpt>
      <trkpt lat="49.238695" lon="7.900119">
        <ele>208.5</ele>
      </trkpt>
      <trkpt lat="49.238472" lon="7.900232">
        <ele>209.3</ele>
      </trkpt>
      <trkpt lat="49.238271" lon="7.900291">
        <ele>207.4</ele>
      </trkpt>
      <trkpt lat="49.238152" lon="7.90031">
        <ele>206.2</ele>
      </trkpt>
      <trkpt lat="49.238097" lon="7.9003">
        <ele>205.7</ele>
      </trkpt>
      <trkpt lat="49.238124" lon="7.899953">
        <ele>209.9</ele>
      </trkpt>
      <trkpt lat="49.238103" lon="7.899645">
        <ele>213.5</ele>
      </trkpt>
      <trkpt lat="49.238077" lon="7.899462">
        <ele>214.8</ele>
      </trkpt>
      <trkpt lat="49.238053" lon="7.899256">
        <ele>216.3</ele>
      </trkpt>
      <trkpt lat="49.237996" lon="7.89892">
        <ele>217.1</ele>
      </trkpt>
      <trkpt lat="49.237906" lon="7.89855">
        <ele>215.0</ele>
      </trkpt>
      <trkpt lat="49.237791" lon="7.898148">
        <ele>210.8</ele>
      </trkpt>
      <trkpt lat="49.237767" lon="7.898059">
        <ele>209.4</ele>
      </trkpt>
      <trkpt lat="49.237724" lon="7.897956">
        <ele>207.6</ele>
      </trkpt>
      <trkpt lat="49.23751" lon="7.897644">
        <ele>208.4</ele>
      </trkpt>
      <trkpt lat="49.237285" lon="7.897214">
        <ele>210.7</ele>
      </trkpt>
      <trkpt lat="49.237147" lon="7.896925">
        <ele>212.6</ele>
      </trkpt>
      <trkpt lat="49.236976" lon="7.896631">
        <ele>213.8</ele>
      </trkpt>
      <trkpt lat="49.2368" lon="7.896423">
        <ele>213.2</ele>
      </trkpt>
      <trkpt lat="49.23659" lon="7.896254">
        <ele>211.6</ele>
      </trkpt>
      <trkpt lat="49.23638" lon="7.896084">
        <ele>210.5</ele>
      </trkpt>
      <trkpt lat="49.236191" lon="7.89593">
        <ele>209.7</ele>
      </trkpt>
      <trkpt lat="49.23599" lon="7.895748">
        <ele>209.0</ele>
      </trkpt>
      <trkpt lat="49.235789" lon="7.895565">
        <ele>208.9</ele>
      </trkpt>
      <trkpt lat="49.235589" lon="7.895426">
        <ele>209.2</ele>
      </trkpt>
      <trkpt lat="49.235235" lon="7.895249">
        <ele>208.8</ele>
      </trkpt>
      <trkpt lat="49.234934" lon="7.895136">
        <ele>208.9</ele>
      </trkpt>
      <trkpt lat="49.234634" lon="7.895023">
        <ele>208.3</ele>
      </trkpt>
      <trkpt lat="49.234454" lon="7.894916">
        <ele>208.0</ele>
      </trkpt>
      <trkpt lat="49.234269" lon="7.894809">
        <ele>207.9</ele>
      </trkpt>
      <trkpt lat="49.234114" lon="7.894637">
        <ele>209.0</ele>
      </trkpt>
      <trkpt lat="49.233995" lon="7.894436">
        <ele>210.9</ele>
      </trkpt>
      <trkpt lat="49.233884" lon="7.894176">
        <ele>213.0</ele>
      </trkpt>
      <trkpt lat="49.233713" lon="7.893843">
        <ele>213.0</ele>
      </trkpt>
      <trkpt lat="49.233508" lon="7.893508">
        <ele>211.0</ele>
      </trkpt>
      <trkpt lat="49.233283" lon="7.893156">
        <ele>210.0</ele>
      </trkpt>
      <trkpt lat="49.233051" lon="7.892848">
        <ele>209.8</ele>
      </trkpt>
      <trkpt lat="49.232838" lon="7.892621">
        <ele>209.3</ele>
      </trkpt>
      <trkpt lat="49.232625" lon="7.892395">
        <ele>209.1</ele>
      </trkpt>
      <trkpt lat="49.232448" lon="7.89216">
        <ele>209.7</ele>
      </trkpt>
      <trkpt lat="49.232271" lon="7.891926">
        <ele>211.5</ele>
      </trkpt>
      <trkpt lat="49.232021" lon="7.891616">
        <ele>216.2</ele>
      </trkpt>
      <trkpt lat="49.231896" lon="7.89146">
        <ele>217.4</ele>
      </trkpt>
      <trkpt lat="49.231561" lon="7.89114">
        <ele>217.6</ele>
      </trkpt>
      <trkpt lat="49.231207" lon="7.890801">
        <ele>216.5</ele>
      </trkpt>
      <trkpt lat="49.230853" lon="7.890462">
        <ele>216.2</ele>
      </trkpt>
      <trkpt lat="49.230642" lon="7.890305">
        <ele>214.9</ele>
      </trkpt>
      <trkpt lat="49.230432" lon="7.890148">
        <ele>213.6</ele>
      </trkpt>
      <trkpt lat="49.230077" lon="7.889899">
        <ele>212.7</ele>
      </trkpt>
      <trkpt lat="49.229723" lon="7.889651">
        <ele>212.9</ele>
      </trkpt>
      <trkpt lat="49.229369" lon="7.889403">
        <ele>213.3</ele>
      </trkpt>
      <trkpt lat="49.229011" lon="7.889071">
        <ele>213.4</ele>
      </trkpt>
      <trkpt lat="49.228653" lon="7.888739">
        <ele>214.1</ele>
      </trkpt>
      <trkpt lat="49.228295" lon="7.888406">
        <ele>214.7</ele>
      </trkpt>
      <trkpt lat="49.228126" lon="7.888102">
        <ele>218.7</ele>
      </trkpt>
      <trkpt lat="49.228027" lon="7.887924">
        <ele>222.0</ele>
      </trkpt>
      <trkpt lat="49.22787" lon="7.887702">
        <ele>217.8</ele>
      </trkpt>
      <trkpt lat="49.227683" lon="7.887444">
        <ele>216.3</ele>
      </trkpt>
      <trkpt lat="49.227496" lon="7.887185">
        <ele>216.9</ele>
      </trkpt>
      <trkpt lat="49.227244" lon="7.88695">
        <ele>217.8</ele>
      </trkpt>
      <trkpt lat="49.226919" lon="7.886478">
        <ele>218.8</ele>
      </trkpt>
      <trkpt lat="49.226594" lon="7.886007">
        <ele>217.0</ele>
      </trkpt>
      <trkpt lat="49.226337" lon="7.885459">
        <ele>220.4</ele>
      </trkpt>
      <trkpt lat="49.226037" lon="7.885141">
        <ele>219.0</ele>
      </trkpt>
      <trkpt lat="49.225737" lon="7.884823">
        <ele>217.3</ele>
      </trkpt>
      <trkpt lat="49.225491" lon="7.884426">
        <ele>218.5</ele>
      </trkpt>
      <trkpt lat="49.225298" lon="7.884115">
        <ele>221.1</ele>
        <name>49.225298,7.884115</name>
        <extensions>
          <oa:Extension>
            <oa:mapZoom>14</oa:mapZoom>
          </oa:Extension>
        </extensions>
      </trkpt>
      <trkpt lat="49.225245" lon="7.884029">
        <ele>221.8</ele>
      </trkpt>
      <trkpt lat="49.224999" lon="7.883632">
        <ele>225.0</ele>
      </trkpt>
      <trkpt lat="49.224665" lon="7.883183">
        <ele>226.4</ele>
      </trkpt>
      <trkpt lat="49.224445" lon="7.882896">
        <ele>225.6</ele>
      </trkpt>
      <trkpt lat="49.224226" lon="7.88261">
        <ele>225.4</ele>
      </trkpt>
      <trkpt lat="49.223969" lon="7.882298">
        <ele>225.6</ele>
      </trkpt>
      <trkpt lat="49.223711" lon="7.881987">
        <ele>223.8</ele>
      </trkpt>
      <trkpt lat="49.223498" lon="7.881664">
        <ele>223.5</ele>
      </trkpt>
      <trkpt lat="49.223285" lon="7.881341">
        <ele>220.0</ele>
      </trkpt>
      <trkpt lat="49.223165" lon="7.881108">
        <ele>220.2</ele>
      </trkpt>
      <trkpt lat="49.223041" lon="7.880578">
        <ele>219.9</ele>
      </trkpt>
      <trkpt lat="49.223034" lon="7.880157">
        <ele>223.5</ele>
      </trkpt>
      <trkpt lat="49.223027" lon="7.879737">
        <ele>223.8</ele>
      </trkpt>
      <trkpt lat="49.223104" lon="7.879332">
        <ele>224.8</ele>
      </trkpt>
      <trkpt lat="49.223153" lon="7.879013">
        <ele>223.2</ele>
      </trkpt>
      <trkpt lat="49.223164" lon="7.878835">
        <ele>223.1</ele>
      </trkpt>
      <trkpt lat="49.22313" lon="7.878701">
        <ele>224.5</ele>
      </trkpt>
      <trkpt lat="49.222968" lon="7.878582">
        <ele>225.9</ele>
      </trkpt>
      <trkpt lat="49.222819" lon="7.878333">
        <ele>225.5</ele>
      </trkpt>
      <trkpt lat="49.22261" lon="7.877974">
        <ele>222.8</ele>
      </trkpt>
      <trkpt lat="49.222528" lon="7.877807">
        <ele>221.9</ele>
      </trkpt>
      <trkpt lat="49.222458" lon="7.877602">
        <ele>222.7</ele>
      </trkpt>
      <trkpt lat="49.222448" lon="7.877579">
        <ele>222.7</ele>
      </trkpt>
      <trkpt lat="49.222395" lon="7.877493">
        <ele>222.0</ele>
      </trkpt>
      <trkpt lat="49.222249" lon="7.877485">
        <ele>220.5</ele>
      </trkpt>
      <trkpt lat="49.222154" lon="7.877468">
        <ele>220.3</ele>
      </trkpt>
      <trkpt lat="49.221949" lon="7.877398">
        <ele>220.2</ele>
      </trkpt>
      <trkpt lat="49.221795" lon="7.877369">
        <ele>220.7</ele>
      </trkpt>
      <trkpt lat="49.221686" lon="7.877369">
        <ele>221.0</ele>
      </trkpt>
      <trkpt lat="49.221582" lon="7.877406">
        <ele>221.3</ele>
      </trkpt>
      <trkpt lat="49.221371" lon="7.877471">
        <ele>222.1</ele>
      </trkpt>
      <trkpt lat="49.22117" lon="7.87757">
        <ele>223.3</ele>
      </trkpt>
      <trkpt lat="49.220929" lon="7.877675">
        <ele>226.5</ele>
      </trkpt>
      <trkpt lat="49.220735" lon="7.877782">
        <ele>231.0</ele>
      </trkpt>
      <trkpt lat="49.220466" lon="7.877846">
        <ele>235.4</ele>
      </trkpt>
      <trkpt lat="49.220217" lon="7.877857">
        <ele>238.2</ele>
      </trkpt>
      <trkpt lat="49.21999" lon="7.877836">
        <ele>240.0</ele>
      </trkpt>
      <trkpt lat="49.219753" lon="7.877753">
        <ele>240.5</ele>
      </trkpt>
      <trkpt lat="49.219368" lon="7.877723">
        <ele>244.8</ele>
      </trkpt>
      <trkpt lat="49.219049" lon="7.877889">
        <ele>252.8</ele>
      </trkpt>
      <trkpt lat="49.218888" lon="7.878098">
        <ele>260.8</ele>
      </trkpt>
      <trkpt lat="49.218874" lon="7.878224">
        <ele>264.1</ele>
      </trkpt>
      <trkpt lat="49.218774" lon="7.878309">
        <ele>268.2</ele>
      </trkpt>
      <trkpt lat="49.218641" lon="7.87827">
        <ele>270.7</ele>
      </trkpt>
      <trkpt lat="49.21839" lon="7.877954">
        <ele>270.5</ele>
      </trkpt>
      <trkpt lat="49.218372" lon="7.877814">
        <ele>268.5</ele>
      </trkpt>
      <trkpt lat="49.218386" lon="7.877651">
        <ele>265.8</ele>
      </trkpt>
      <trkpt lat="49.21838" lon="7.877528">
        <ele>264.7</ele>
      </trkpt>
      <trkpt lat="49.218357" lon="7.877457">
        <ele>264.9</ele>
      </trkpt>
      <trkpt lat="49.218331" lon="7.87741">
        <ele>265.5</ele>
      </trkpt>
      <trkpt lat="49.218285" lon="7.877361">
        <ele>266.7</ele>
      </trkpt>
      <trkpt lat="49.218213" lon="7.877337">
        <ele>268.8</ele>
      </trkpt>
      <trkpt lat="49.218123" lon="7.877319">
        <ele>271.4</ele>
      </trkpt>
      <trkpt lat="49.217986" lon="7.877287">
        <ele>274.7</ele>
      </trkpt>
      <trkpt lat="49.217828" lon="7.877263">
        <ele>277.0</ele>
      </trkpt>
      <trkpt lat="49.217782" lon="7.877246">
        <ele>277.3</ele>
      </trkpt>
      <trkpt lat="49.217683" lon="7.877192">
        <ele>277.0</ele>
      </trkpt>
      <trkpt lat="49.2175" lon="7.877138">
        <ele>275.7</ele>
      </trkpt>
      <trkpt lat="49.217429" lon="7.87712">
        <ele>275.1</ele>
      </trkpt>
      <trkpt lat="49.217324" lon="7.877114">
        <ele>274.4</ele>
      </trkpt>
      <trkpt lat="49.21719" lon="7.877108">
        <ele>273.6</ele>
      </trkpt>
      <trkpt lat="49.217056" lon="7.877076">
        <ele>272.0</ele>
      </trkpt>
      <trkpt lat="49.216833" lon="7.877019">
        <ele>269.1</ele>
      </trkpt>
      <trkpt lat="49.21651" lon="7.876808">
        <ele>263.3</ele>
      </trkpt>
      <trkpt lat="49.216344" lon="7.876673">
        <ele>260.9</ele>
      </trkpt>
      <trkpt lat="49.216198" lon="7.876549">
        <ele>259.0</ele>
      </trkpt>
      <trkpt lat="49.216099" lon="7.876454">
        <ele>257.9</ele>
      </trkpt>
      <trkpt lat="49.216068" lon="7.876419">
        <ele>257.7</ele>
      </trkpt>
      <trkpt lat="49.216013" lon="7.876377">
        <ele>256.9</ele>
      </trkpt>
      <trkpt lat="49.215978" lon="7.876365">
        <ele>256.2</ele>
      </trkpt>
      <trkpt lat="49.215945" lon="7.87638">
        <ele>255.2</ele>
      </trkpt>
      <trkpt lat="49.215912" lon="7.876409">
        <ele>254.0</ele>
      </trkpt>
      <trkpt lat="49.215886" lon="7.876442">
        <ele>253.1</ele>
      </trkpt>
      <trkpt lat="49.215859" lon="7.87651">
        <ele>252.0</ele>
      </trkpt>
      <trkpt lat="49.215831" lon="7.87657">
        <ele>251.4</ele>
      </trkpt>
      <trkpt lat="49.215791" lon="7.876669">
        <ele>251.5</ele>
      </trkpt>
      <trkpt lat="49.2157" lon="7.87684">
        <ele>254.2</ele>
      </trkpt>
      <trkpt lat="49.215661" lon="7.876897">
        <ele>255.5</ele>
      </trkpt>
      <trkpt lat="49.2156" lon="7.87694">
        <ele>256.0</ele>
      </trkpt>
      <trkpt lat="49.215481" lon="7.876986">
        <ele>255.9</ele>
      </trkpt>
      <trkpt lat="49.21533" lon="7.877041">
        <ele>255.2</ele>
      </trkpt>
      <trkpt lat="49.215281" lon="7.877055">
        <ele>254.8</ele>
        <name>49.215281,7.877055</name>
        <extensions>
          <oa:Extension>
            <oa:mapZoom>14</oa:mapZoom>
          </oa:Extension>
        </extensions>
      </trkpt>
      <trkpt lat="49.215179" lon="7.877085">
        <ele>253.8</ele>
      </trkpt>
      <trkpt lat="49.21501" lon="7.877122">
        <ele>251.4</ele>
      </trkpt>
      <trkpt lat="49.214832" lon="7.877176">
        <ele>248.8</ele>
      </trkpt>
      <trkpt lat="49.214659" lon="7.877221">
        <ele>245.8</ele>
      </trkpt>
      <trkpt lat="49.214455" lon="7.877208">
        <ele>240.1</ele>
      </trkpt>
      <trkpt lat="49.214317" lon="7.877278">
        <ele>238.5</ele>
      </trkpt>
      <trkpt lat="49.214184" lon="7.877393">
        <ele>238.3</ele>
      </trkpt>
      <trkpt lat="49.21396" lon="7.877551">
        <ele>236.3</ele>
      </trkpt>
      <trkpt lat="49.213774" lon="7.877642">
        <ele>232.9</ele>
      </trkpt>
      <trkpt lat="49.213644" lon="7.877702">
        <ele>230.3</ele>
      </trkpt>
      <trkpt lat="49.213495" lon="7.877812">
        <ele>228.3</ele>
      </trkpt>
      <trkpt lat="49.213272" lon="7.878013">
        <ele>226.4</ele>
      </trkpt>
      <trkpt lat="49.213107" lon="7.878198">
        <ele>225.7</ele>
      </trkpt>
      <trkpt lat="49.21292" lon="7.878409">
        <ele>224.9</ele>
      </trkpt>
      <trkpt lat="49.212732" lon="7.878597">
        <ele>223.6</ele>
      </trkpt>
      <trkpt lat="49.212552" lon="7.878745">
        <ele>221.1</ele>
      </trkpt>
      <trkpt lat="49.212426" lon="7.878817">
        <ele>218.7</ele>
      </trkpt>
      <trkpt lat="49.212369" lon="7.878831">
        <ele>217.2</ele>
      </trkpt>
      <trkpt lat="49.212277" lon="7.878833">
        <ele>214.8</ele>
      </trkpt>
      <trkpt lat="49.21206" lon="7.878917">
        <ele>211.8</ele>
      </trkpt>
      <trkpt lat="49.211943" lon="7.878934">
        <ele>210.5</ele>
      </trkpt>
      <trkpt lat="49.211839" lon="7.878902">
        <ele>209.5</ele>
      </trkpt>
      <trkpt lat="49.211746" lon="7.878843">
        <ele>208.9</ele>
      </trkpt>
      <trkpt lat="49.211677" lon="7.878757">
        <ele>208.9</ele>
      </trkpt>
      <trkpt lat="49.211398" lon="7.878953">
        <ele>208.1</ele>
      </trkpt>
      <trkpt lat="49.211119" lon="7.879149">
        <ele>207.6</ele>
      </trkpt>
      <trkpt lat="49.21084" lon="7.879345">
        <ele>207.5</ele>
      </trkpt>
      <trkpt lat="49.210682" lon="7.879378">
        <ele>206.9</ele>
      </trkpt>
      <trkpt lat="49.210386" lon="7.879302">
        <ele>206.3</ele>
      </trkpt>
      <trkpt lat="49.210089" lon="7.879227">
        <ele>205.4</ele>
      </trkpt>
      <trkpt lat="49.210038" lon="7.879197">
        <ele>205.2</ele>
      </trkpt>
      <trkpt lat="49.209872" lon="7.87908">
        <ele>204.8</ele>
      </trkpt>
      <trkpt lat="49.209778" lon="7.878996">
        <ele>204.6</ele>
      </trkpt>
      <trkpt lat="49.209727" lon="7.878947">
        <ele>204.5</ele>
      </trkpt>
      <trkpt lat="49.20968" lon="7.879014">
        <ele>204.1</ele>
      </trkpt>
      <trkpt lat="49.209564" lon="7.879141">
        <ele>203.4</ele>
      </trkpt>
      <trkpt lat="49.209497" lon="7.879226">
        <ele>202.9</ele>
      </trkpt>
      <trkpt lat="49.209445" lon="7.879301">
        <ele>202.5</ele>
      </trkpt>
      <trkpt lat="49.209332" lon="7.879455">
        <ele>202.9</ele>
      </trkpt>
      <trkpt lat="49.209302" lon="7.879479">
        <ele>203.1</ele>
      </trkpt>
      <trkpt lat="49.209259" lon="7.879515">
        <ele>203.4</ele>
      </trkpt>
      <trkpt lat="49.209123" lon="7.879584">
        <ele>204.3</ele>
      </trkpt>
      <trkpt lat="49.20898" lon="7.879661">
        <ele>205.4</ele>
      </trkpt>
      <trkpt lat="49.208912" lon="7.879704">
        <ele>205.9</ele>
      </trkpt>
      <trkpt lat="49.208827" lon="7.879761">
        <ele>206.9</ele>
      </trkpt>
      <trkpt lat="49.208791" lon="7.879819">
        <ele>207.5</ele>
      </trkpt>
      <trkpt lat="49.208739" lon="7.880136">
        <ele>209.8</ele>
      </trkpt>
      <trkpt lat="49.208693" lon="7.880266">
        <ele>210.8</ele>
      </trkpt>
      <trkpt lat="49.208586" lon="7.880546">
        <ele>213.6</ele>
      </trkpt>
      <trkpt lat="49.208548" lon="7.880625">
        <ele>214.5</ele>
      </trkpt>
      <trkpt lat="49.208513" lon="7.880707">
        <ele>215.2</ele>
      </trkpt>
      <trkpt lat="49.208439" lon="7.8808">
        <ele>216.4</ele>
      </trkpt>
      <trkpt lat="49.208327" lon="7.880856">
        <ele>215.9</ele>
      </trkpt>
      <trkpt lat="49.208251" lon="7.880777">
        <ele>216.2</ele>
      </trkpt>
      <trkpt lat="49.208178" lon="7.880648">
        <ele>215.7</ele>
      </trkpt>
      <trkpt lat="49.208082" lon="7.880498">
        <ele>215.5</ele>
      </trkpt>
      <trkpt lat="49.208043" lon="7.880441">
        <ele>215.7</ele>
      </trkpt>
      <trkpt lat="49.207966" lon="7.880411">
        <ele>216.9</ele>
      </trkpt>
      <trkpt lat="49.207863" lon="7.880371">
        <ele>218.0</ele>
      </trkpt>
      <trkpt lat="49.207734" lon="7.880342">
        <ele>219.6</ele>
      </trkpt>
      <trkpt lat="49.2076" lon="7.880341">
        <ele>221.5</ele>
      </trkpt>
      <trkpt lat="49.207445" lon="7.880347">
        <ele>223.4</ele>
      </trkpt>
      <trkpt lat="49.207371" lon="7.880366">
        <ele>224.5</ele>
      </trkpt>
      <trkpt lat="49.207047" lon="7.880485">
        <ele>229.3</ele>
      </trkpt>
      <trkpt lat="49.206764" lon="7.880639">
        <ele>233.5</ele>
      </trkpt>
      <trkpt lat="49.206445" lon="7.880803">
        <ele>236.7</ele>
      </trkpt>
      <trkpt lat="49.206289" lon="7.880836">
        <ele>237.3</ele>
      </trkpt>
      <trkpt lat="49.205894" lon="7.880871">
        <ele>237.7</ele>
      </trkpt>
      <trkpt lat="49.205824" lon="7.88087">
        <ele>237.7</ele>
      </trkpt>
      <trkpt lat="49.20557" lon="7.880868">
        <ele>237.7</ele>
      </trkpt>
      <trkpt lat="49.205454" lon="7.880973">
        <ele>238.3</ele>
      </trkpt>
      <trkpt lat="49.205508" lon="7.881031">
        <ele>238.7</ele>
      </trkpt>
      <trkpt lat="49.20535" lon="7.88104">
        <ele>238.0</ele>
      </trkpt>
      <trkpt lat="49.205368" lon="7.881097">
        <ele>238.0</ele>
      </trkpt>
      <trkpt lat="49.205212" lon="7.881079">
        <ele>236.5</ele>
      </trkpt>
      <trkpt lat="49.20523" lon="7.881154">
        <ele>235.7</ele>
      </trkpt>
      <trkpt lat="49.204984" lon="7.881121">
        <ele>232.2</ele>
      </trkpt>
      <trkpt lat="49.204737" lon="7.881088">
        <ele>228.5</ele>
      </trkpt>
      <trkpt lat="49.204446" lon="7.881094">
        <ele>223.4</ele>
      </trkpt>
      <trkpt lat="49.204319" lon="7.881182">
        <ele>219.3</ele>
      </trkpt>
      <trkpt lat="49.204246" lon="7.881275">
        <ele>217.0</ele>
      </trkpt>
      <trkpt lat="49.20423" lon="7.881328">
        <ele>217.3</ele>
      </trkpt>
      <trkpt lat="49.204169" lon="7.881529">
        <ele>220.3</ele>
      </trkpt>
      <trkpt lat="49.203982" lon="7.881355">
        <ele>219.9</ele>
      </trkpt>
      <trkpt lat="49.203819" lon="7.881223">
        <ele>218.6</ele>
      </trkpt>
      <trkpt lat="49.203669" lon="7.88114">
        <ele>218.0</ele>
      </trkpt>
      <trkpt lat="49.203538" lon="7.881106">
        <ele>218.0</ele>
      </trkpt>
      <trkpt lat="49.203402" lon="7.8811">
        <ele>218.1</ele>
      </trkpt>
      <trkpt lat="49.203321" lon="7.881117">
        <ele>218.5</ele>
      </trkpt>
      <trkpt lat="49.203175" lon="7.881168">
        <ele>219.7</ele>
      </trkpt>
      <trkpt lat="49.20301" lon="7.881246">
        <ele>220.1</ele>
      </trkpt>
      <trkpt lat="49.202879" lon="7.881349">
        <ele>219.7</ele>
      </trkpt>
      <trkpt lat="49.202766" lon="7.881475">
        <ele>219.9</ele>
      </trkpt>
      <trkpt lat="49.202635" lon="7.881636">
        <ele>220.1</ele>
      </trkpt>
      <trkpt lat="49.202475" lon="7.881894">
        <ele>220.4</ele>
      </trkpt>
      <trkpt lat="49.202331" lon="7.882224">
        <ele>220.7</ele>
      </trkpt>
      <trkpt lat="49.202225" lon="7.88254">
        <ele>221.6</ele>
      </trkpt>
      <trkpt lat="49.202188" lon="7.882857">
        <ele>223.7</ele>
      </trkpt>
      <trkpt lat="49.202114" lon="7.883162">
        <ele>224.1</ele>
      </trkpt>
      <trkpt lat="49.201957" lon="7.883574">
        <ele>223.0</ele>
      </trkpt>
      <trkpt lat="49.201829" lon="7.884056">
        <ele>222.5</ele>
      </trkpt>
      <trkpt lat="49.201742" lon="7.884239">
        <ele>222.4</ele>
      </trkpt>
      <trkpt lat="49.201641" lon="7.884337">
        <ele>222.5</ele>
      </trkpt>
      <trkpt lat="49.201539" lon="7.884418">
        <ele>223.1</ele>
      </trkpt>
      <trkpt lat="49.20142" lon="7.884471">
        <ele>223.8</ele>
      </trkpt>
      <trkpt lat="49.201275" lon="7.884461">
        <ele>223.9</ele>
      </trkpt>
      <trkpt lat="49.201105" lon="7.884431">
        <ele>224.4</ele>
      </trkpt>
      <trkpt lat="49.200929" lon="7.884376">
        <ele>225.3</ele>
      </trkpt>
      <trkpt lat="49.200709" lon="7.884278">
        <ele>227.1</ele>
      </trkpt>
      <trkpt lat="49.200478" lon="7.884149">
        <ele>229.0</ele>
      </trkpt>
      <trkpt lat="49.200239" lon="7.883989">
        <ele>229.5</ele>
      </trkpt>
      <trkpt lat="49.199996" lon="7.883806">
        <ele>227.6</ele>
      </trkpt>
      <trkpt lat="49.199808" lon="7.883726">
        <ele>226.3</ele>
      </trkpt>
      <trkpt lat="49.199643" lon="7.8837">
        <ele>225.6</ele>
      </trkpt>
      <trkpt lat="49.199592" lon="7.883692">
        <ele>225.4</ele>
      </trkpt>
      <trkpt lat="49.199518" lon="7.883688">
        <ele>225.2</ele>
      </trkpt>
      <trkpt lat="49.199275" lon="7.883747">
        <ele>226.2</ele>
      </trkpt>
      <trkpt lat="49.199176" lon="7.883808">
        <ele>227.1</ele>
      </trkpt>
      <trkpt lat="49.199074" lon="7.883904">
        <ele>228.6</ele>
      </trkpt>
      <trkpt lat="49.198848" lon="7.884109">
        <ele>230.8</ele>
      </trkpt>
      <trkpt lat="49.198623" lon="7.884314">
        <ele>231.4</ele>
      </trkpt>
      <trkpt lat="49.198416" lon="7.884512">
        <ele>230.9</ele>
      </trkpt>
      <trkpt lat="49.198208" lon="7.884757">
        <ele>230.4</ele>
      </trkpt>
      <trkpt lat="49.197991" lon="7.885125">
        <ele>230.5</ele>
      </trkpt>
      <trkpt lat="49.197883" lon="7.885333">
        <ele>229.9</ele>
      </trkpt>
      <trkpt lat="49.197818" lon="7.885402">
        <ele>228.8</ele>
      </trkpt>
      <trkpt lat="49.197794" lon="7.88543">
        <ele>228.3</ele>
      </trkpt>
      <trkpt lat="49.197772" lon="7.885288">
        <ele>227.0</ele>
      </trkpt>
      <trkpt lat="49.197605" lon="7.884851">
        <ele>226.6</ele>
      </trkpt>
      <trkpt lat="49.197588" lon="7.88487">
        <ele>226.6</ele>
      </trkpt>
      <trkpt lat="49.197377" lon="7.885085">
        <ele>226.7</ele>
      </trkpt>
      <trkpt lat="49.197211" lon="7.885258">
        <ele>226.8</ele>
      </trkpt>
      <trkpt lat="49.197197" lon="7.885364">
        <ele>226.5</ele>
      </trkpt>
      <trkpt lat="49.197162" lon="7.885441">
        <ele>226.4</ele>
      </trkpt>
      <trkpt lat="49.197166" lon="7.885495">
        <ele>226.2</ele>
      </trkpt>
      <trkpt lat="49.197168" lon="7.885523">
        <ele>226.1</ele>
      </trkpt>
      <trkpt lat="49.197167" lon="7.885535">
        <ele>226.1</ele>
      </trkpt>
      <trkpt lat="49.197139" lon="7.885555">
        <ele>226.1</ele>
      </trkpt>
      <trkpt lat="49.197018" lon="7.885579">
        <ele>226.6</ele>
      </trkpt>
      <trkpt lat="49.196944" lon="7.885605">
        <ele>226.9</ele>
      </trkpt>
      <trkpt lat="49.196904" lon="7.885613">
        <ele>227.1</ele>
      </trkpt>
      <trkpt lat="49.196899" lon="7.885597">
        <ele>227.2</ele>
      </trkpt>
      <trkpt lat="49.196896" lon="7.88557">
        <ele>227.2</ele>
      </trkpt>
      <trkpt lat="49.196886" lon="7.885551">
        <ele>227.3</ele>
      </trkpt>
      <trkpt lat="49.196847" lon="7.885563">
        <ele>227.6</ele>
      </trkpt>
      <trkpt lat="49.196789" lon="7.885595">
        <ele>227.7</ele>
      </trkpt>
      <trkpt lat="49.196765" lon="7.885639">
        <ele>227.8</ele>
      </trkpt>
      <trkpt lat="49.196632" lon="7.885872">
        <ele>228.1</ele>
      </trkpt>
      <trkpt lat="49.196563" lon="7.885998">
        <ele>228.2</ele>
      </trkpt>
      <trkpt lat="49.196491" lon="7.886088">
        <ele>228.4</ele>
      </trkpt>
      <trkpt lat="49.196434" lon="7.8862">
        <ele>228.5</ele>
      </trkpt>
      <trkpt lat="49.196406" lon="7.886332">
        <ele>228.5</ele>
      </trkpt>
      <trkpt lat="49.196387" lon="7.886456">
        <ele>228.4</ele>
      </trkpt>
      <trkpt lat="49.196365" lon="7.886525">
        <ele>228.5</ele>
        <name>49.196365,7.886525</name>
        <extensions>
          <oa:Extension>
            <oa:mapZoom>15</oa:mapZoom>
          </oa:Extension>
        </extensions>
      </trkpt>
      <trkpt lat="49.196359" lon="7.886544">
        <ele>228.6</ele>
      </trkpt>
      <trkpt lat="49.196257" lon="7.886714">
        <ele>229.1</ele>
      </trkpt>
      <trkpt lat="49.196168" lon="7.886807">
        <ele>229.6</ele>
      </trkpt>
      <trkpt lat="49.195943" lon="7.887226">
        <ele>232.3</ele>
      </trkpt>
      <trkpt lat="49.195914" lon="7.887317">
        <ele>233.0</ele>
      </trkpt>
      <trkpt lat="49.195917" lon="7.887426">
        <ele>233.9</ele>
      </trkpt>
      <trkpt lat="49.195914" lon="7.887527">
        <ele>235.0</ele>
      </trkpt>
      <trkpt lat="49.196041" lon="7.887642">
        <ele>234.6</ele>
      </trkpt>
      <trkpt lat="49.196041" lon="7.887735">
        <ele>235.7</ele>
      </trkpt>
      <trkpt lat="49.19604" lon="7.887776">
        <ele>236.3</ele>
      </trkpt>
      <trkpt lat="49.196051" lon="7.88795">
        <ele>238.7</ele>
      </trkpt>
      <trkpt lat="49.19606" lon="7.888107">
        <ele>241.1</ele>
      </trkpt>
      <trkpt lat="49.196084" lon="7.888245">
        <ele>242.8</ele>
      </trkpt>
      <trkpt lat="49.196106" lon="7.888318">
        <ele>243.4</ele>
      </trkpt>
      <trkpt lat="49.196137" lon="7.888427">
        <ele>244.5</ele>
      </trkpt>
      <trkpt lat="49.196246" lon="7.888626">
        <ele>245.0</ele>
      </trkpt>
      <trkpt lat="49.196367" lon="7.88881">
        <ele>245.2</ele>
      </trkpt>
      <trkpt lat="49.196456" lon="7.889015">
        <ele>246.5</ele>
      </trkpt>
      <trkpt lat="49.19654" lon="7.889202">
        <ele>247.8</ele>
      </trkpt>
      <trkpt lat="49.196645" lon="7.889427">
        <ele>249.2</ele>
      </trkpt>
      <trkpt lat="49.196772" lon="7.889667">
        <ele>250.2</ele>
      </trkpt>
      <trkpt lat="49.196838" lon="7.889771">
        <ele>250.3</ele>
      </trkpt>
      <trkpt lat="49.196984" lon="7.889972">
        <ele>249.9</ele>
      </trkpt>
      <trkpt lat="49.197071" lon="7.890081">
        <ele>249.4</ele>
      </trkpt>
      <trkpt lat="49.197219" lon="7.890161">
        <ele>247.0</ele>
      </trkpt>
      <trkpt lat="49.197294" lon="7.890241">
        <ele>246.2</ele>
      </trkpt>
      <trkpt lat="49.197394" lon="7.890403">
        <ele>245.7</ele>
      </trkpt>
      <trkpt lat="49.197455" lon="7.890529">
        <ele>245.7</ele>
      </trkpt>
      <trkpt lat="49.197552" lon="7.890753">
        <ele>246.1</ele>
      </trkpt>
      <trkpt lat="49.197647" lon="7.890958">
        <ele>246.2</ele>
      </trkpt>
      <trkpt lat="49.197725" lon="7.891123">
        <ele>246.3</ele>
      </trkpt>
      <trkpt lat="49.197793" lon="7.891258">
        <ele>246.4</ele>
      </trkpt>
      <trkpt lat="49.197826" lon="7.891353">
        <ele>247.0</ele>
      </trkpt>
      <trkpt lat="49.197888" lon="7.891503">
        <ele>247.9</ele>
      </trkpt>
      <trkpt lat="49.197952" lon="7.891662">
        <ele>249.4</ele>
      </trkpt>
      <trkpt lat="49.198048" lon="7.891863">
        <ele>251.5</ele>
      </trkpt>
      <trkpt lat="49.198123" lon="7.892043">
        <ele>253.4</ele>
      </trkpt>
      <trkpt lat="49.198212" lon="7.892234">
        <ele>254.8</ele>
      </trkpt>
      <trkpt lat="49.198305" lon="7.892451">
        <ele>255.8</ele>
      </trkpt>
      <trkpt lat="49.198426" lon="7.892741">
        <ele>256.3</ele>
      </trkpt>
      <trkpt lat="49.198433" lon="7.892758">
        <ele>256.3</ele>
      </trkpt>
      <trkpt lat="49.19857" lon="7.893079">
        <ele>256.9</ele>
      </trkpt>
      <trkpt lat="49.198654" lon="7.893287">
        <ele>257.8</ele>
      </trkpt>
      <trkpt lat="49.198709" lon="7.893467">
        <ele>259.0</ele>
      </trkpt>
      <trkpt lat="49.198775" lon="7.893726">
        <ele>260.7</ele>
      </trkpt>
      <trkpt lat="49.19882" lon="7.893886">
        <ele>261.3</ele>
      </trkpt>
      <trkpt lat="49.198845" lon="7.894029">
        <ele>262.1</ele>
      </trkpt>
      <trkpt lat="49.198866" lon="7.894163">
        <ele>262.8</ele>
      </trkpt>
      <trkpt lat="49.198905" lon="7.894336">
        <ele>262.9</ele>
      </trkpt>
      <trkpt lat="49.198948" lon="7.89451">
        <ele>262.7</ele>
      </trkpt>
      <trkpt lat="49.19898" lon="7.894648">
        <ele>262.4</ele>
      </trkpt>
      <trkpt lat="49.198881" lon="7.894523">
        <ele>264.9</ele>
      </trkpt>
      <trkpt lat="49.198768" lon="7.894369">
        <ele>267.7</ele>
      </trkpt>
      <trkpt lat="49.198682" lon="7.894208">
        <ele>269.3</ele>
      </trkpt>
      <trkpt lat="49.198608" lon="7.893965">
        <ele>268.9</ele>
      </trkpt>
      <trkpt lat="49.198497" lon="7.8937">
        <ele>268.3</ele>
      </trkpt>
      <trkpt lat="49.198416" lon="7.893536">
        <ele>267.8</ele>
      </trkpt>
      <trkpt lat="49.19831" lon="7.893386">
        <ele>268.4</ele>
      </trkpt>
      <trkpt lat="49.198167" lon="7.893271">
        <ele>271.1</ele>
      </trkpt>
      <trkpt lat="49.19806" lon="7.893087">
        <ele>271.8</ele>
      </trkpt>
      <trkpt lat="49.197964" lon="7.892933">
        <ele>272.7</ele>
      </trkpt>
      <trkpt lat="49.197814" lon="7.892741">
        <ele>274.3</ele>
      </trkpt>
      <trkpt lat="49.197682" lon="7.892566">
        <ele>274.4</ele>
      </trkpt>
      <trkpt lat="49.19763" lon="7.892524">
        <ele>274.7</ele>
      </trkpt>
      <trkpt lat="49.197586" lon="7.892511">
        <ele>275.4</ele>
      </trkpt>
      <trkpt lat="49.197546" lon="7.89252">
        <ele>276.3</ele>
      </trkpt>
      <trkpt lat="49.197505" lon="7.892544">
        <ele>277.6</ele>
      </trkpt>
      <trkpt lat="49.197464" lon="7.89258">
        <ele>279.2</ele>
      </trkpt>
      <trkpt lat="49.197377" lon="7.892707">
        <ele>283.3</ele>
      </trkpt>
      <trkpt lat="49.197347" lon="7.892719">
        <ele>284.1</ele>
      </trkpt>
      <trkpt lat="49.197314" lon="7.89271">
        <ele>284.5</ele>
      </trkpt>
      <trkpt lat="49.197279" lon="7.892678">
        <ele>284.4</ele>
      </trkpt>
      <trkpt lat="49.197221" lon="7.892595">
        <ele>283.7</ele>
      </trkpt>
      <trkpt lat="49.197164" lon="7.892449">
        <ele>281.8</ele>
      </trkpt>
      <trkpt lat="49.197131" lon="7.892312">
        <ele>279.8</ele>
      </trkpt>
      <trkpt lat="49.197083" lon="7.892131">
        <ele>277.6</ele>
      </trkpt>
      <trkpt lat="49.197009" lon="7.891906">
        <ele>276.2</ele>
      </trkpt>
      <trkpt lat="49.196904" lon="7.891744">
        <ele>277.7</ele>
      </trkpt>
      <trkpt lat="49.196927" lon="7.891931">
        <ele>279.2</ele>
      </trkpt>
      <trkpt lat="49.196958" lon="7.892096">
        <ele>280.6</ele>
      </trkpt>
      <trkpt lat="49.196988" lon="7.892415">
        <ele>285.1</ele>
      </trkpt>
      <trkpt lat="49.197026" lon="7.89272">
        <ele>290.0</ele>
        <name>49.197026,7.892720</name>
        <extensions>
          <oa:Extension>
            <oa:mapZoom>15</oa:mapZoom>
          </oa:Extension>
        </extensions>
      </trkpt>
      <trkpt lat="49.197028" lon="7.892734">
        <ele>290.2</ele>
      </trkpt>
      <trkpt lat="49.197103" lon="7.893109">
        <ele>296.4</ele>
      </trkpt>
      <trkpt lat="49.197176" lon="7.89336">
        <ele>300.1</ele>
      </trkpt>
      <trkpt lat="49.197225" lon="7.893547">
        <ele>302.7</ele>
      </trkpt>
      <trkpt lat="49.197315" lon="7.893934">
        <ele>307.1</ele>
      </trkpt>
      <trkpt lat="49.197038" lon="7.893539">
        <ele>306.5</ele>
      </trkpt>
      <trkpt lat="49.196814" lon="7.89316">
        <ele>303.7</ele>
      </trkpt>
      <trkpt lat="49.196591" lon="7.892782">
        <ele>303.2</ele>
      </trkpt>
      <trkpt lat="49.196367" lon="7.892403">
        <ele>306.3</ele>
      </trkpt>
      <trkpt lat="49.196156" lon="7.892047">
        <ele>309.7</ele>
      </trkpt>
      <trkpt lat="49.195944" lon="7.89169">
        <ele>311.9</ele>
      </trkpt>
      <trkpt lat="49.195684" lon="7.891361">
        <ele>314.8</ele>
      </trkpt>
      <trkpt lat="49.195423" lon="7.891032">
        <ele>316.4</ele>
      </trkpt>
      <trkpt lat="49.19521" lon="7.89072">
        <ele>316.1</ele>
      </trkpt>
      <trkpt lat="49.194996" lon="7.890408">
        <ele>316.2</ele>
      </trkpt>
      <trkpt lat="49.194611" lon="7.890057">
        <ele>321.6</ele>
      </trkpt>
      <trkpt lat="49.194283" lon="7.889799">
        <ele>327.4</ele>
      </trkpt>
      <trkpt lat="49.193954" lon="7.889541">
        <ele>333.2</ele>
      </trkpt>
      <trkpt lat="49.193645" lon="7.88919">
        <ele>335.6</ele>
      </trkpt>
      <trkpt lat="49.193335" lon="7.88884">
        <ele>336.1</ele>
      </trkpt>
      <trkpt lat="49.193025" lon="7.888489">
        <ele>337.0</ele>
      </trkpt>
      <trkpt lat="49.192716" lon="7.888138">
        <ele>338.6</ele>
      </trkpt>
      <trkpt lat="49.192498" lon="7.887892">
        <ele>339.9</ele>
      </trkpt>
      <trkpt lat="49.192498" lon="7.887891">
        <ele>339.9</ele>
        <name>49.192498,7.887892</name>
        <extensions>
          <oa:Extension>
            <oa:mapZoom>15</oa:mapZoom>
          </oa:Extension>
        </extensions>
      </trkpt>
      <trkpt lat="49.192406" lon="7.887787">
        <ele>340.5</ele>
      </trkpt>
      <trkpt lat="49.192093" lon="7.887583">
        <ele>345.5</ele>
      </trkpt>
      <trkpt lat="49.191779" lon="7.887379">
        <ele>349.6</ele>
      </trkpt>
      <trkpt lat="49.191476" lon="7.887186">
        <ele>353.0</ele>
      </trkpt>
      <trkpt lat="49.191173" lon="7.886992">
        <ele>355.9</ele>
      </trkpt>
      <trkpt lat="49.190855" lon="7.886846">
        <ele>359.7</ele>
      </trkpt>
      <trkpt lat="49.190536" lon="7.8867">
        <ele>363.3</ele>
      </trkpt>
      <trkpt lat="49.190419" lon="7.886385">
        <ele>358.5</ele>
      </trkpt>
      <trkpt lat="49.190773" lon="7.88636">
        <ele>349.8</ele>
      </trkpt>
      <trkpt lat="49.190581" lon="7.886047">
        <ele>346.1</ele>
      </trkpt>
      <trkpt lat="49.190899" lon="7.885885">
        <ele>334.6</ele>
      </trkpt>
      <trkpt lat="49.191217" lon="7.885723">
        <ele>324.6</ele>
      </trkpt>
      <trkpt lat="49.191094" lon="7.885556">
        <ele>322.7</ele>
      </trkpt>
      <trkpt lat="49.191321" lon="7.885316">
        <ele>314.6</ele>
      </trkpt>
      <trkpt lat="49.191623" lon="7.885124">
        <ele>307.8</ele>
      </trkpt>
      <trkpt lat="49.192" lon="7.884874">
        <ele>298.0</ele>
      </trkpt>
      <trkpt lat="49.191847" lon="7.884658">
        <ele>295.6</ele>
      </trkpt>
      <trkpt lat="49.191706" lon="7.884579">
        <ele>295.1</ele>
      </trkpt>
      <trkpt lat="49.191444" lon="7.884347">
        <ele>290.3</ele>
      </trkpt>
      <trkpt lat="49.191237" lon="7.8843">
        <ele>289.7</ele>
      </trkpt>
      <trkpt lat="49.190991" lon="7.88438">
        <ele>292.4</ele>
      </trkpt>
      <trkpt lat="49.190876" lon="7.884364">
        <ele>292.1</ele>
      </trkpt>
      <trkpt lat="49.190711" lon="7.884272">
        <ele>289.6</ele>
      </trkpt>
      <trkpt lat="49.190493" lon="7.884203">
        <ele>288.4</ele>
      </trkpt>
      <trkpt lat="49.190228" lon="7.883978">
        <ele>283.6</ele>
      </trkpt>
      <trkpt lat="49.189963" lon="7.883752">
        <ele>280.3</ele>
      </trkpt>
      <trkpt lat="49.189698" lon="7.883526">
        <ele>277.5</ele>
      </trkpt>
      <trkpt lat="49.18941" lon="7.883408">
        <ele>277.4</ele>
      </trkpt>
      <trkpt lat="49.189123" lon="7.88329">
        <ele>275.7</ele>
      </trkpt>
      <trkpt lat="49.188781" lon="7.883359">
        <ele>277.3</ele>
      </trkpt>
      <trkpt lat="49.18851" lon="7.883484">
        <ele>280.5</ele>
      </trkpt>
      <trkpt lat="49.188253" lon="7.883569">
        <ele>283.7</ele>
      </trkpt>
      <trkpt lat="49.188104" lon="7.883546">
        <ele>282.7</ele>
      </trkpt>
      <trkpt lat="49.187959" lon="7.883484">
        <ele>280.2</ele>
      </trkpt>
      <trkpt lat="49.187664" lon="7.883248">
        <ele>270.9</ele>
      </trkpt>
      <trkpt lat="49.187426" lon="7.883183">
        <ele>269.7</ele>
      </trkpt>
      <trkpt lat="49.187187" lon="7.883119">
        <ele>269.7</ele>
      </trkpt>
      <trkpt lat="49.186938" lon="7.883143">
        <ele>273.5</ele>
      </trkpt>
      <trkpt lat="49.186689" lon="7.883168">
        <ele>277.4</ele>
      </trkpt>
      <trkpt lat="49.186591" lon="7.88312">
        <ele>277.1</ele>
      </trkpt>
      <trkpt lat="49.186514" lon="7.88305">
        <ele>275.8</ele>
      </trkpt>
      <trkpt lat="49.186442" lon="7.882861">
        <ele>271.0</ele>
      </trkpt>
      <trkpt lat="49.186342" lon="7.88262">
        <ele>264.8</ele>
      </trkpt>
      <trkpt lat="49.186233" lon="7.882429">
        <ele>260.8</ele>
      </trkpt>
      <trkpt lat="49.186158" lon="7.882475">
        <ele>261.4</ele>
      </trkpt>
      <trkpt lat="49.185878" lon="7.882482">
        <ele>260.2</ele>
      </trkpt>
      <trkpt lat="49.185563" lon="7.882526">
        <ele>258.8</ele>
      </trkpt>
      <trkpt lat="49.185325" lon="7.882624">
        <ele>258.4</ele>
      </trkpt>
      <trkpt lat="49.185072" lon="7.882663">
        <ele>256.8</ele>
      </trkpt>
      <trkpt lat="49.184629" lon="7.882754">
        <ele>254.8</ele>
      </trkpt>
      <trkpt lat="49.184357" lon="7.882797">
        <ele>253.6</ele>
      </trkpt>
      <trkpt lat="49.184085" lon="7.88284">
        <ele>252.3</ele>
      </trkpt>
      <trkpt lat="49.183791" lon="7.882894">
        <ele>250.9</ele>
      </trkpt>
      <trkpt lat="49.183581" lon="7.882969">
        <ele>250.5</ele>
      </trkpt>
      <trkpt lat="49.18342" lon="7.883039">
        <ele>250.3</ele>
      </trkpt>
      <trkpt lat="49.183246" lon="7.883104">
        <ele>250.0</ele>
      </trkpt>
      <trkpt lat="49.183056" lon="7.883245">
        <ele>251.1</ele>
      </trkpt>
      <trkpt lat="49.182988" lon="7.88334">
        <ele>252.2</ele>
      </trkpt>
      <trkpt lat="49.18289" lon="7.883489">
        <ele>252.3</ele>
      </trkpt>
      <trkpt lat="49.18284" lon="7.883645">
        <ele>251.8</ele>
      </trkpt>
      <trkpt lat="49.182753" lon="7.88398">
        <ele>249.3</ele>
      </trkpt>
      <trkpt lat="49.182713" lon="7.884164">
        <ele>247.9</ele>
      </trkpt>
      <trkpt lat="49.18268" lon="7.8844">
        <ele>246.7</ele>
      </trkpt>
      <trkpt lat="49.182659" lon="7.884585">
        <ele>245.8</ele>
        <name>49.182659,7.884585</name>
        <extensions>
          <oa:Extension>
            <oa:mapZoom>15</oa:mapZoom>
          </oa:Extension>
        </extensions>
      </trkpt>
      <trkpt lat="49.182637" lon="7.884784">
        <ele>244.9</ele>
      </trkpt>
      <trkpt lat="49.182594" lon="7.885169">
        <ele>243.2</ele>
      </trkpt>
      <trkpt lat="49.182549" lon="7.885544">
        <ele>242.0</ele>
      </trkpt>
      <trkpt lat="49.182527" lon="7.885924">
        <ele>240.8</ele>
      </trkpt>
      <trkpt lat="49.182504" lon="7.886303">
        <ele>238.8</ele>
      </trkpt>
      <trkpt lat="49.182503" lon="7.886408">
        <ele>238.2</ele>
      </trkpt>
      <trkpt lat="49.182529" lon="7.886759">
        <ele>236.6</ele>
      </trkpt>
      <trkpt lat="49.182539" lon="7.886905">
        <ele>235.7</ele>
      </trkpt>
      <trkpt lat="49.182534" lon="7.88702">
        <ele>234.6</ele>
      </trkpt>
      <trkpt lat="49.182528" lon="7.887125">
        <ele>233.3</ele>
      </trkpt>
      <trkpt lat="49.182507" lon="7.887207">
        <ele>231.9</ele>
      </trkpt>
      <trkpt lat="49.182483" lon="7.88728">
        <ele>230.4</ele>
      </trkpt>
      <trkpt lat="49.182454" lon="7.887331">
        <ele>229.1</ele>
      </trkpt>
      <trkpt lat="49.182473" lon="7.887469">
        <ele>228.4</ele>
      </trkpt>
      <trkpt lat="49.18248" lon="7.887605">
        <ele>227.8</ele>
      </trkpt>
      <trkpt lat="49.18247" lon="7.88777">
        <ele>226.6</ele>
      </trkpt>
      <trkpt lat="49.182454" lon="7.88787">
        <ele>225.6</ele>
      </trkpt>
      <trkpt lat="49.182427" lon="7.888139">
        <ele>224.0</ele>
      </trkpt>
      <trkpt lat="49.182415" lon="7.888619">
        <ele>222.8</ele>
      </trkpt>
      <trkpt lat="49.182415" lon="7.889043">
        <ele>222.3</ele>
      </trkpt>
      <trkpt lat="49.182415" lon="7.889467">
        <ele>222.2</ele>
      </trkpt>
      <trkpt lat="49.182407" lon="7.890092">
        <ele>221.1</ele>
      </trkpt>
      <trkpt lat="49.1824" lon="7.890718">
        <ele>219.6</ele>
      </trkpt>
      <trkpt lat="49.182398" lon="7.891268">
        <ele>217.9</ele>
      </trkpt>
      <trkpt lat="49.182397" lon="7.891818">
        <ele>216.8</ele>
      </trkpt>
      <trkpt lat="49.182395" lon="7.892368">
        <ele>216.2</ele>
      </trkpt>
      <trkpt lat="49.182398" lon="7.892607">
        <ele>215.8</ele>
        <name>49.182398,7.892607</name>
        <extensions>
          <oa:Extension>
            <oa:mapZoom>15</oa:mapZoom>
          </oa:Extension>
        </extensions>
      </trkpt>
      <trkpt lat="49.182399" lon="7.892717">
        <ele>215.6</ele>
      </trkpt>
      <trkpt lat="49.182441" lon="7.893037">
        <ele>215.2</ele>
      </trkpt>
      <trkpt lat="49.182479" lon="7.893304">
        <ele>214.8</ele>
      </trkpt>
      <trkpt lat="49.182484" lon="7.893432">
        <ele>214.5</ele>
      </trkpt>
      <trkpt lat="49.182457" lon="7.893764">
        <ele>214.2</ele>
      </trkpt>
      <trkpt lat="49.182414" lon="7.894088">
        <ele>214.2</ele>
      </trkpt>
      <trkpt lat="49.182356" lon="7.89447">
        <ele>214.1</ele>
      </trkpt>
      <trkpt lat="49.1823" lon="7.894806">
        <ele>214.0</ele>
      </trkpt>
      <trkpt lat="49.182263" lon="7.894959">
        <ele>213.8</ele>
      </trkpt>
      <trkpt lat="49.182063" lon="7.895261">
        <ele>211.2</ele>
      </trkpt>
      <trkpt lat="49.182" lon="7.895345">
        <ele>210.6</ele>
      </trkpt>
      <trkpt lat="49.182003" lon="7.895704">
        <ele>210.5</ele>
      </trkpt>
      <trkpt lat="49.182011" lon="7.896049">
        <ele>210.5</ele>
      </trkpt>
      <trkpt lat="49.182018" lon="7.896394">
        <ele>210.4</ele>
      </trkpt>
      <trkpt lat="49.182024" lon="7.896514">
        <ele>210.4</ele>
      </trkpt>
      <trkpt lat="49.181849" lon="7.896474">
        <ele>210.9</ele>
      </trkpt>
      <trkpt lat="49.181804" lon="7.896466">
        <ele>211.0</ele>
      </trkpt>
      <trkpt lat="49.181531" lon="7.896417">
        <ele>211.8</ele>
      </trkpt>
      <trkpt lat="49.1813" lon="7.896378">
        <ele>211.8</ele>
      </trkpt>
      <trkpt lat="49.18107" lon="7.896338">
        <ele>212.3</ele>
      </trkpt>
      <trkpt lat="49.180892" lon="7.896346">
        <ele>213.5</ele>
      </trkpt>
      <trkpt lat="49.180599" lon="7.896452">
        <ele>213.8</ele>
      </trkpt>
      <trkpt lat="49.180305" lon="7.896557">
        <ele>214.2</ele>
      </trkpt>
      <trkpt lat="49.180036" lon="7.89668">
        <ele>214.4</ele>
      </trkpt>
      <trkpt lat="49.179767" lon="7.896803">
        <ele>215.0</ele>
      </trkpt>
      <trkpt lat="49.179518" lon="7.896879">
        <ele>216.3</ele>
      </trkpt>
      <trkpt lat="49.179269" lon="7.896956">
        <ele>217.9</ele>
      </trkpt>
      <trkpt lat="49.178992" lon="7.897081">
        <ele>219.6</ele>
      </trkpt>
      <trkpt lat="49.178741" lon="7.897245">
        <ele>220.1</ele>
      </trkpt>
      <trkpt lat="49.178491" lon="7.897409">
        <ele>219.7</ele>
      </trkpt>
      <trkpt lat="49.178247" lon="7.897446">
        <ele>220.2</ele>
      </trkpt>
      <trkpt lat="49.178095" lon="7.897396">
        <ele>220.3</ele>
      </trkpt>
      <trkpt lat="49.177989" lon="7.897327">
        <ele>220.8</ele>
      </trkpt>
      <trkpt lat="49.177885" lon="7.89726">
        <ele>221.1</ele>
      </trkpt>
      <trkpt lat="49.177818" lon="7.897399">
        <ele>218.0</ele>
      </trkpt>
      <trkpt lat="49.177735" lon="7.897585">
        <ele>215.3</ele>
      </trkpt>
      <trkpt lat="49.177655" lon="7.897796">
        <ele>215.7</ele>
      </trkpt>
      <trkpt lat="49.177492" lon="7.897701">
        <ele>216.8</ele>
      </trkpt>
      <trkpt lat="49.177295" lon="7.897435">
        <ele>217.8</ele>
      </trkpt>
      <trkpt lat="49.177107" lon="7.897253">
        <ele>219.1</ele>
        <name>49.177107,7.897253</name>
        <extensions>
          <oa:Extension>
            <oa:mapZoom>15</oa:mapZoom>
          </oa:Extension>
        </extensions>
      </trkpt>
      <trkpt lat="49.177082" lon="7.897229">
        <ele>219.2</ele>
      </trkpt>
      <trkpt lat="49.176796" lon="7.897126">
        <ele>221.3</ele>
      </trkpt>
      <trkpt lat="49.17647" lon="7.896989">
        <ele>221.4</ele>
      </trkpt>
      <trkpt lat="49.176126" lon="7.896846">
        <ele>220.8</ele>
      </trkpt>
      <trkpt lat="49.176094" lon="7.896803">
        <ele>220.5</ele>
      </trkpt>
      <trkpt lat="49.176041" lon="7.896541">
        <ele>219.2</ele>
      </trkpt>
      <trkpt lat="49.175992" lon="7.896309">
        <ele>219.7</ele>
      </trkpt>
      <trkpt lat="49.175927" lon="7.896056">
        <ele>221.5</ele>
      </trkpt>
      <trkpt lat="49.175913" lon="7.895915">
        <ele>222.4</ele>
      </trkpt>
      <trkpt lat="49.175908" lon="7.895571">
        <ele>223.2</ele>
      </trkpt>
      <trkpt lat="49.17592" lon="7.895244">
        <ele>222.7</ele>
      </trkpt>
      <trkpt lat="49.175884" lon="7.894912">
        <ele>222.9</ele>
      </trkpt>
      <trkpt lat="49.175812" lon="7.894554">
        <ele>223.5</ele>
      </trkpt>
      <trkpt lat="49.175676" lon="7.893994">
        <ele>224.4</ele>
      </trkpt>
      <trkpt lat="49.175581" lon="7.893637">
        <ele>225.3</ele>
      </trkpt>
      <trkpt lat="49.175486" lon="7.893281">
        <ele>225.8</ele>
      </trkpt>
      <trkpt lat="49.175351" lon="7.892899">
        <ele>226.3</ele>
      </trkpt>
      <trkpt lat="49.175216" lon="7.892517">
        <ele>226.4</ele>
      </trkpt>
      <trkpt lat="49.175073" lon="7.892128">
        <ele>225.9</ele>
      </trkpt>
      <trkpt lat="49.174931" lon="7.89174">
        <ele>225.4</ele>
      </trkpt>
      <trkpt lat="49.174824" lon="7.891431">
        <ele>224.9</ele>
      </trkpt>
      <trkpt lat="49.174655" lon="7.891112">
        <ele>225.7</ele>
      </trkpt>
      <trkpt lat="49.174487" lon="7.890792">
        <ele>226.2</ele>
      </trkpt>
      <trkpt lat="49.174243" lon="7.890276">
        <ele>224.6</ele>
      </trkpt>
      <trkpt lat="49.174174" lon="7.890175">
        <ele>224.5</ele>
      </trkpt>
      <trkpt lat="49.17413" lon="7.890139">
        <ele>224.7</ele>
      </trkpt>
      <trkpt lat="49.174076" lon="7.890119">
        <ele>224.9</ele>
      </trkpt>
      <trkpt lat="49.173971" lon="7.890116">
        <ele>225.6</ele>
      </trkpt>
      <trkpt lat="49.173873" lon="7.890113">
        <ele>226.1</ele>
      </trkpt>
      <trkpt lat="49.173837" lon="7.890099">
        <ele>226.3</ele>
      </trkpt>
      <trkpt lat="49.173815" lon="7.890076">
        <ele>226.3</ele>
      </trkpt>
      <trkpt lat="49.173788" lon="7.89003">
        <ele>226.4</ele>
      </trkpt>
      <trkpt lat="49.173775" lon="7.889883">
        <ele>226.4</ele>
      </trkpt>
      <trkpt lat="49.173778" lon="7.889739">
        <ele>226.2</ele>
      </trkpt>
      <trkpt lat="49.173781" lon="7.889492">
        <ele>226.2</ele>
      </trkpt>
      <trkpt lat="49.17378" lon="7.889334">
        <ele>226.3</ele>
      </trkpt>
      <trkpt lat="49.173767" lon="7.889185">
        <ele>226.1</ele>
      </trkpt>
      <trkpt lat="49.173738" lon="7.889036">
        <ele>225.9</ele>
      </trkpt>
      <trkpt lat="49.173695" lon="7.888932">
        <ele>226.0</ele>
      </trkpt>
      <trkpt lat="49.17358" lon="7.88868">
        <ele>226.3</ele>
      </trkpt>
      <trkpt lat="49.173455" lon="7.888469">
        <ele>227.0</ele>
      </trkpt>
      <trkpt lat="49.173331" lon="7.88828">
        <ele>227.5</ele>
      </trkpt>
      <trkpt lat="49.173206" lon="7.888106">
        <ele>227.5</ele>
      </trkpt>
      <trkpt lat="49.172933" lon="7.887787">
        <ele>228.1</ele>
      </trkpt>
      <trkpt lat="49.172587" lon="7.887397">
        <ele>227.6</ele>
      </trkpt>
      <trkpt lat="49.172352" lon="7.887119">
        <ele>227.5</ele>
      </trkpt>
      <trkpt lat="49.172123" lon="7.886837">
        <ele>227.1</ele>
      </trkpt>
      <trkpt lat="49.171981" lon="7.886681">
        <ele>226.7</ele>
      </trkpt>
      <trkpt lat="49.171704" lon="7.886306">
        <ele>226.1</ele>
      </trkpt>
      <trkpt lat="49.171619" lon="7.886157">
        <ele>226.3</ele>
      </trkpt>
      <trkpt lat="49.171526" lon="7.88599">
        <ele>226.8</ele>
      </trkpt>
      <trkpt lat="49.171328" lon="7.885659">
        <ele>228.0</ele>
      </trkpt>
      <trkpt lat="49.17126" lon="7.885572">
        <ele>228.4</ele>
      </trkpt>
      <trkpt lat="49.17117" lon="7.885432">
        <ele>228.6</ele>
      </trkpt>
      <trkpt lat="49.171076" lon="7.885283">
        <ele>228.6</ele>
      </trkpt>
      <trkpt lat="49.170892" lon="7.88502">
        <ele>228.5</ele>
      </trkpt>
      <trkpt lat="49.170582" lon="7.884725">
        <ele>230.6</ele>
      </trkpt>
      <trkpt lat="49.170409" lon="7.884532">
        <ele>231.4</ele>
      </trkpt>
      <trkpt lat="49.170181" lon="7.884311">
        <ele>231.9</ele>
      </trkpt>
      <trkpt lat="49.170045" lon="7.884199">
        <ele>232.0</ele>
      </trkpt>
      <trkpt lat="49.169897" lon="7.884102">
        <ele>232.2</ele>
      </trkpt>
      <trkpt lat="49.169732" lon="7.884031">
        <ele>232.7</ele>
      </trkpt>
      <trkpt lat="49.169585" lon="7.883999">
        <ele>233.3</ele>
      </trkpt>
      <trkpt lat="49.169371" lon="7.884002">
        <ele>235.0</ele>
      </trkpt>
      <trkpt lat="49.169077" lon="7.884012">
        <ele>237.6</ele>
      </trkpt>
      <trkpt lat="49.168971" lon="7.883978">
        <ele>237.9</ele>
      </trkpt>
      <trkpt lat="49.168823" lon="7.883904">
        <ele>237.8</ele>
      </trkpt>
      <trkpt lat="49.168668" lon="7.883802">
        <ele>237.3</ele>
      </trkpt>
      <trkpt lat="49.168501" lon="7.883699">
        <ele>236.7</ele>
      </trkpt>
      <trkpt lat="49.168442" lon="7.883632">
        <ele>236.1</ele>
      </trkpt>
      <trkpt lat="49.168308" lon="7.88348">
        <ele>235.0</ele>
      </trkpt>
      <trkpt lat="49.168118" lon="7.883303">
        <ele>234.2</ele>
      </trkpt>
      <trkpt lat="49.167885" lon="7.883038">
        <ele>233.1</ele>
      </trkpt>
      <trkpt lat="49.167756" lon="7.88276">
        <ele>232.4</ele>
      </trkpt>
      <trkpt lat="49.167562" lon="7.88239">
        <ele>233.7</ele>
      </trkpt>
      <trkpt lat="49.167511" lon="7.88228">
        <ele>234.3</ele>
        <name>49.167511,7.882280</name>
        <extensions>
          <oa:Extension>
            <oa:mapZoom>15</oa:mapZoom>
          </oa:Extension>
        </extensions>
      </trkpt>
      <trkpt lat="49.167419" lon="7.882081">
        <ele>235.5</ele>
      </trkpt>
      <trkpt lat="49.167392" lon="7.881984">
        <ele>235.3</ele>
      </trkpt>
      <trkpt lat="49.167372" lon="7.881884">
        <ele>234.6</ele>
      </trkpt>
      <trkpt lat="49.167361" lon="7.881778">
        <ele>233.3</ele>
      </trkpt>
      <trkpt lat="49.167354" lon="7.881626">
        <ele>232.0</ele>
      </trkpt>
      <trkpt lat="49.167364" lon="7.881476">
        <ele>231.8</ele>
      </trkpt>
      <trkpt lat="49.167429" lon="7.881239">
        <ele>232.0</ele>
      </trkpt>
      <trkpt lat="49.167533" lon="7.881324">
        <ele>232.7</ele>
      </trkpt>
      <trkpt lat="49.167582" lon="7.881073">
        <ele>233.4</ele>
      </trkpt>
      <trkpt lat="49.167593" lon="7.880976">
        <ele>233.6</ele>
      </trkpt>
      <trkpt lat="49.167597" lon="7.880862">
        <ele>233.6</ele>
      </trkpt>
      <trkpt lat="49.1676" lon="7.880711">
        <ele>233.7</ele>
      </trkpt>
      <trkpt lat="49.167604" lon="7.880547">
        <ele>233.7</ele>
      </trkpt>
      <trkpt lat="49.16765" lon="7.880038">
        <ele>234.4</ele>
      </trkpt>
      <trkpt lat="49.167687" lon="7.879624">
        <ele>235.2</ele>
      </trkpt>
      <trkpt lat="49.167719" lon="7.879217">
        <ele>235.4</ele>
      </trkpt>
      <trkpt lat="49.167729" lon="7.878828">
        <ele>234.8</ele>
      </trkpt>
      <trkpt lat="49.167742" lon="7.878738">
        <ele>234.7</ele>
      </trkpt>
      <trkpt lat="49.167769" lon="7.87868">
        <ele>234.8</ele>
      </trkpt>
      <trkpt lat="49.167652" lon="7.878548">
        <ele>234.3</ele>
      </trkpt>
      <trkpt lat="49.167476" lon="7.878407">
        <ele>234.7</ele>
      </trkpt>
      <trkpt lat="49.167323" lon="7.878357">
        <ele>235.7</ele>
      </trkpt>
      <trkpt lat="49.167255" lon="7.878301">
        <ele>236.5</ele>
      </trkpt>
      <trkpt lat="49.166987" lon="7.877805">
        <ele>239.1</ele>
      </trkpt>
      <trkpt lat="49.166832" lon="7.877477">
        <ele>241.1</ele>
      </trkpt>
      <trkpt lat="49.166804" lon="7.877167">
        <ele>242.4</ele>
      </trkpt>
      <trkpt lat="49.166812" lon="7.876738">
        <ele>243.8</ele>
      </trkpt>
      <trkpt lat="49.166815" lon="7.876087">
        <ele>246.1</ele>
      </trkpt>
      <trkpt lat="49.166772" lon="7.875768">
        <ele>247.0</ele>
      </trkpt>
      <trkpt lat="49.16661" lon="7.875288">
        <ele>249.4</ele>
      </trkpt>
      <trkpt lat="49.16647" lon="7.874894">
        <ele>251.0</ele>
      </trkpt>
      <trkpt lat="49.166315" lon="7.874457">
        <ele>252.1</ele>
      </trkpt>
      <trkpt lat="49.166204" lon="7.874147">
        <ele>253.2</ele>
      </trkpt>
      <trkpt lat="49.166118" lon="7.873902">
        <ele>253.9</ele>
      </trkpt>
      <trkpt lat="49.165943" lon="7.873333">
        <ele>254.4</ele>
      </trkpt>
      <trkpt lat="49.165934" lon="7.873306">
        <ele>254.4</ele>
      </trkpt>
      <trkpt lat="49.165917" lon="7.87328">
        <ele>254.6</ele>
      </trkpt>
      <trkpt lat="49.16588" lon="7.873233">
        <ele>255.1</ele>
      </trkpt>
      <trkpt lat="49.165837" lon="7.873271">
        <ele>256.2</ele>
      </trkpt>
      <trkpt lat="49.165823" lon="7.873285">
        <ele>256.6</ele>
      </trkpt>
      <trkpt lat="49.165811" lon="7.873301">
        <ele>257.0</ele>
      </trkpt>
      <trkpt lat="49.1658" lon="7.873321">
        <ele>257.3</ele>
      </trkpt>
      <trkpt lat="49.165791" lon="7.873346">
        <ele>257.7</ele>
      </trkpt>
      <trkpt lat="49.165783" lon="7.873378">
        <ele>258.1</ele>
      </trkpt>
      <trkpt lat="49.165779" lon="7.873411">
        <ele>258.3</ele>
      </trkpt>
      <trkpt lat="49.165779" lon="7.873445">
        <ele>258.5</ele>
      </trkpt>
      <trkpt lat="49.165781" lon="7.873478">
        <ele>258.5</ele>
      </trkpt>
      <trkpt lat="49.165875" lon="7.87411">
        <ele>260.8</ele>
      </trkpt>
      <trkpt lat="49.165945" lon="7.874618">
        <ele>263.9</ele>
      </trkpt>
      <trkpt lat="49.166001" lon="7.875132">
        <ele>266.6</ele>
      </trkpt>
      <trkpt lat="49.166064" lon="7.875621">
        <ele>266.8</ele>
      </trkpt>
      <trkpt lat="49.166093" lon="7.875961">
        <ele>266.5</ele>
      </trkpt>
      <trkpt lat="49.166027" lon="7.87613">
        <ele>268.1</ele>
      </trkpt>
      <trkpt lat="49.165943" lon="7.876225">
        <ele>269.8</ele>
      </trkpt>
      <trkpt lat="49.165825" lon="7.876194">
        <ele>272.0</ele>
      </trkpt>
      <trkpt lat="49.165645" lon="7.875785">
        <ele>276.3</ele>
      </trkpt>
      <trkpt lat="49.165475" lon="7.875383">
        <ele>280.2</ele>
      </trkpt>
      <trkpt lat="49.165294" lon="7.874962">
        <ele>286.4</ele>
      </trkpt>
      <trkpt lat="49.165112" lon="7.874542">
        <ele>290.4</ele>
      </trkpt>
      <trkpt lat="49.164924" lon="7.874067">
        <ele>291.5</ele>
      </trkpt>
      <trkpt lat="49.16477" lon="7.873662">
        <ele>290.7</ele>
      </trkpt>
      <trkpt lat="49.164615" lon="7.873257">
        <ele>292.9</ele>
      </trkpt>
      <trkpt lat="49.164379" lon="7.872681">
        <ele>300.1</ele>
      </trkpt>
      <trkpt lat="49.164144" lon="7.872106">
        <ele>304.2</ele>
      </trkpt>
      <trkpt lat="49.163914" lon="7.871648">
        <ele>307.6</ele>
      </trkpt>
      <trkpt lat="49.163588" lon="7.871185">
        <ele>313.6</ele>
      </trkpt>
      <trkpt lat="49.16335" lon="7.870908">
        <ele>315.8</ele>
      </trkpt>
      <trkpt lat="49.163316" lon="7.870965">
        <ele>317.2</ele>
      </trkpt>
      <trkpt lat="49.163315" lon="7.871054">
        <ele>318.0</ele>
      </trkpt>
      <trkpt lat="49.162951" lon="7.871256">
        <ele>318.0</ele>
      </trkpt>
      <trkpt lat="49.162588" lon="7.871457">
        <ele>310.2</ele>
      </trkpt>
      <trkpt lat="49.162224" lon="7.871659">
        <ele>303.8</ele>
      </trkpt>
      <trkpt lat="49.162061" lon="7.871261">
        <ele>303.0</ele>
      </trkpt>
      <trkpt lat="49.161872" lon="7.870885">
        <ele>302.1</ele>
      </trkpt>
      <trkpt lat="49.161655" lon="7.870964">
        <ele>297.3</ele>
      </trkpt>
      <trkpt lat="49.161413" lon="7.870954">
        <ele>291.7</ele>
      </trkpt>
      <trkpt lat="49.161286" lon="7.870938">
        <ele>288.7</ele>
      </trkpt>
      <trkpt lat="49.161081" lon="7.871041">
        <ele>283.3</ele>
      </trkpt>
      <trkpt lat="49.160844" lon="7.871141">
        <ele>277.2</ele>
      </trkpt>
      <trkpt lat="49.160608" lon="7.871241">
        <ele>271.1</ele>
      </trkpt>
      <trkpt lat="49.160376" lon="7.871372">
        <ele>265.4</ele>
      </trkpt>
      <trkpt lat="49.160379" lon="7.871698">
        <ele>263.9</ele>
      </trkpt>
      <trkpt lat="49.160404" lon="7.872129">
        <ele>262.9</ele>
      </trkpt>
      <trkpt lat="49.160502" lon="7.87277">
        <ele>263.6</ele>
      </trkpt>
      <trkpt lat="49.16055" lon="7.873042">
        <ele>262.9</ele>
      </trkpt>
      <trkpt lat="49.160651" lon="7.873385">
        <ele>262.8</ele>
      </trkpt>
      <trkpt lat="49.160751" lon="7.873728">
        <ele>263.3</ele>
      </trkpt>
      <trkpt lat="49.160841" lon="7.874102">
        <ele>264.2</ele>
      </trkpt>
      <trkpt lat="49.160848" lon="7.874288">
        <ele>263.9</ele>
      </trkpt>
      <trkpt lat="49.160781" lon="7.874643">
        <ele>262.2</ele>
      </trkpt>
      <trkpt lat="49.160714" lon="7.874997">
        <ele>260.7</ele>
      </trkpt>
      <trkpt lat="49.160691" lon="7.875307">
        <ele>259.2</ele>
      </trkpt>
      <trkpt lat="49.160707" lon="7.875694">
        <ele>257.9</ele>
      </trkpt>
      <trkpt lat="49.160757" lon="7.876058">
        <ele>257.3</ele>
      </trkpt>
      <trkpt lat="49.16076" lon="7.876079">
        <ele>257.2</ele>
        <name>49.160760,7.876079</name>
        <extensions>
          <oa:Extension>
            <oa:mapZoom>15</oa:mapZoom>
          </oa:Extension>
        </extensions>
      </trkpt>
      <trkpt lat="49.160815" lon="7.876383">
        <ele>256.4</ele>
      </trkpt>
      <trkpt lat="49.1609" lon="7.876731">
        <ele>255.4</ele>
      </trkpt>
      <trkpt lat="49.161119" lon="7.877189">
        <ele>254.8</ele>
      </trkpt>
      <trkpt lat="49.161416" lon="7.877574">
        <ele>251.7</ele>
      </trkpt>
      <trkpt lat="49.161556" lon="7.878204">
        <ele>248.8</ele>
      </trkpt>
      <trkpt lat="49.161453" lon="7.878489">
        <ele>246.9</ele>
      </trkpt>
      <trkpt lat="49.161208" lon="7.878366">
        <ele>246.4</ele>
      </trkpt>
      <trkpt lat="49.160967" lon="7.878292">
        <ele>246.1</ele>
      </trkpt>
      <trkpt lat="49.160679" lon="7.878271">
        <ele>247.3</ele>
      </trkpt>
      <trkpt lat="49.160477" lon="7.878302">
        <ele>249.8</ele>
      </trkpt>
      <trkpt lat="49.160289" lon="7.878366">
        <ele>253.0</ele>
      </trkpt>
      <trkpt lat="49.16007" lon="7.878493">
        <ele>254.9</ele>
      </trkpt>
      <trkpt lat="49.159893" lon="7.878643">
        <ele>253.9</ele>
      </trkpt>
      <trkpt lat="49.159712" lon="7.878819">
        <ele>252.6</ele>
      </trkpt>
      <trkpt lat="49.159599" lon="7.878944">
        <ele>252.0</ele>
      </trkpt>
      <trkpt lat="49.159541" lon="7.878877">
        <ele>252.6</ele>
      </trkpt>
      <trkpt lat="49.159239" lon="7.878734">
        <ele>254.1</ele>
      </trkpt>
      <trkpt lat="49.158936" lon="7.878592">
        <ele>255.5</ele>
      </trkpt>
      <trkpt lat="49.158633" lon="7.878449">
        <ele>257.0</ele>
      </trkpt>
      <trkpt lat="49.158275" lon="7.87816">
        <ele>258.8</ele>
      </trkpt>
      <trkpt lat="49.157916" lon="7.877872">
        <ele>260.4</ele>
      </trkpt>
      <trkpt lat="49.157626" lon="7.877524">
        <ele>260.6</ele>
      </trkpt>
      <trkpt lat="49.157335" lon="7.877176">
        <ele>263.1</ele>
      </trkpt>
      <trkpt lat="49.157045" lon="7.876828">
        <ele>266.3</ele>
      </trkpt>
      <trkpt lat="49.156736" lon="7.876527">
        <ele>270.1</ele>
      </trkpt>
      <trkpt lat="49.156426" lon="7.876226">
        <ele>273.4</ele>
      </trkpt>
      <trkpt lat="49.156161" lon="7.875838">
        <ele>276.4</ele>
      </trkpt>
      <trkpt lat="49.155896" lon="7.875451">
        <ele>280.7</ele>
      </trkpt>
      <trkpt lat="49.155628" lon="7.87541">
        <ele>283.7</ele>
      </trkpt>
      <trkpt lat="49.155361" lon="7.875369">
        <ele>286.9</ele>
      </trkpt>
      <trkpt lat="49.154917" lon="7.875278">
        <ele>291.0</ele>
      </trkpt>
      <trkpt lat="49.154543" lon="7.875324">
        <ele>292.9</ele>
      </trkpt>
      <trkpt lat="49.154282" lon="7.875376">
        <ele>292.9</ele>
      </trkpt>
      <trkpt lat="49.154209" lon="7.875434">
        <ele>292.4</ele>
      </trkpt>
      <trkpt lat="49.154156" lon="7.875486">
        <ele>291.9</ele>
      </trkpt>
      <trkpt lat="49.154308" lon="7.875816">
        <ele>291.5</ele>
      </trkpt>
      <trkpt lat="49.15433" lon="7.875894">
        <ele>291.5</ele>
      </trkpt>
      <trkpt lat="49.154402" lon="7.875942">
        <ele>292.0</ele>
      </trkpt>
      <trkpt lat="49.154481" lon="7.875989">
        <ele>292.6</ele>
      </trkpt>
      <trkpt lat="49.154738" lon="7.876086">
        <ele>294.3</ele>
      </trkpt>
      <trkpt lat="49.154995" lon="7.876184">
        <ele>295.1</ele>
      </trkpt>
      <trkpt lat="49.155224" lon="7.876433">
        <ele>295.5</ele>
      </trkpt>
      <trkpt lat="49.155383" lon="7.876796">
        <ele>297.8</ele>
        <name>49.155383,7.876796</name>
        <extensions>
          <oa:Extension>
            <oa:mapZoom>15</oa:mapZoom>
          </oa:Extension>
        </extensions>
      </trkpt>
      <trkpt lat="49.15539" lon="7.876812">
        <ele>297.9</ele>
      </trkpt>
      <trkpt lat="49.155557" lon="7.87719">
        <ele>300.9</ele>
      </trkpt>
      <trkpt lat="49.155783" lon="7.877353">
        <ele>298.2</ele>
      </trkpt>
      <trkpt lat="49.156008" lon="7.877517">
        <ele>295.3</ele>
      </trkpt>
      <trkpt lat="49.156147" lon="7.877898">
        <ele>299.9</ele>
      </trkpt>
      <trkpt lat="49.156285" lon="7.87828">
        <ele>305.7</ele>
      </trkpt>
      <trkpt lat="49.156363" lon="7.878664">
        <ele>306.3</ele>
      </trkpt>
      <trkpt lat="49.156348" lon="7.879063">
        <ele>304.8</ele>
      </trkpt>
      <trkpt lat="49.156212" lon="7.879638">
        <ele>297.0</ele>
      </trkpt>
      <trkpt lat="49.156043" lon="7.879873">
        <ele>301.8</ele>
      </trkpt>
      <trkpt lat="49.156062" lon="7.880003">
        <ele>300.7</ele>
      </trkpt>
      <trkpt lat="49.156127" lon="7.88021">
        <ele>298.6</ele>
      </trkpt>
      <trkpt lat="49.156235" lon="7.880441">
        <ele>296.1</ele>
      </trkpt>
      <trkpt lat="49.156254" lon="7.880488">
        <ele>295.8</ele>
      </trkpt>
      <trkpt lat="49.156295" lon="7.880586">
        <ele>295.2</ele>
      </trkpt>
      <trkpt lat="49.156341" lon="7.8807">
        <ele>294.7</ele>
      </trkpt>
      <trkpt lat="49.156362" lon="7.880771">
        <ele>294.5</ele>
      </trkpt>
      <trkpt lat="49.156411" lon="7.881007">
        <ele>294.5</ele>
      </trkpt>
      <trkpt lat="49.156431" lon="7.881171">
        <ele>294.6</ele>
      </trkpt>
      <trkpt lat="49.15644" lon="7.881354">
        <ele>294.8</ele>
      </trkpt>
      <trkpt lat="49.156426" lon="7.881607">
        <ele>295.2</ele>
      </trkpt>
      <trkpt lat="49.156416" lon="7.881835">
        <ele>295.0</ele>
      </trkpt>
      <trkpt lat="49.156397" lon="7.881901">
        <ele>295.2</ele>
      </trkpt>
      <trkpt lat="49.156379" lon="7.881963">
        <ele>295.3</ele>
      </trkpt>
      <trkpt lat="49.156361" lon="7.882019">
        <ele>295.4</ele>
      </trkpt>
      <trkpt lat="49.15634" lon="7.882116">
        <ele>295.3</ele>
      </trkpt>
      <trkpt lat="49.156267" lon="7.882337">
        <ele>295.2</ele>
      </trkpt>
      <trkpt lat="49.156204" lon="7.88253">
        <ele>294.4</ele>
      </trkpt>
      <trkpt lat="49.156101" lon="7.882814">
        <ele>292.1</ele>
      </trkpt>
      <trkpt lat="49.155992" lon="7.883055">
        <ele>288.7</ele>
      </trkpt>
      <trkpt lat="49.155847" lon="7.883318">
        <ele>284.6</ele>
      </trkpt>
      <trkpt lat="49.155784" lon="7.883439">
        <ele>283.1</ele>
      </trkpt>
      <trkpt lat="49.155697" lon="7.883591">
        <ele>281.7</ele>
      </trkpt>
      <trkpt lat="49.155672" lon="7.883665">
        <ele>281.3</ele>
      </trkpt>
      <trkpt lat="49.155705" lon="7.883759">
        <ele>280.5</ele>
      </trkpt>
      <trkpt lat="49.155647" lon="7.88386">
        <ele>280.5</ele>
      </trkpt>
      <trkpt lat="49.155583" lon="7.883869">
        <ele>281.2</ele>
      </trkpt>
      <trkpt lat="49.155496" lon="7.883862">
        <ele>282.2</ele>
      </trkpt>
      <trkpt lat="49.1554" lon="7.883822">
        <ele>283.5</ele>
      </trkpt>
      <trkpt lat="49.155215" lon="7.883741">
        <ele>285.4</ele>
      </trkpt>
      <trkpt lat="49.155152" lon="7.883727">
        <ele>285.9</ele>
      </trkpt>
      <trkpt lat="49.155074" lon="7.883715">
        <ele>286.5</ele>
      </trkpt>
      <trkpt lat="49.155023" lon="7.883708">
        <ele>286.8</ele>
      </trkpt>
      <trkpt lat="49.154954" lon="7.883718">
        <ele>287.2</ele>
      </trkpt>
      <trkpt lat="49.154858" lon="7.883738">
        <ele>287.6</ele>
      </trkpt>
      <trkpt lat="49.154747" lon="7.883776">
        <ele>287.8</ele>
      </trkpt>
      <trkpt lat="49.154635" lon="7.883856">
        <ele>288.3</ele>
      </trkpt>
      <trkpt lat="49.154514" lon="7.883999">
        <ele>289.4</ele>
      </trkpt>
      <trkpt lat="49.154402" lon="7.884134">
        <ele>290.1</ele>
      </trkpt>
      <trkpt lat="49.154266" lon="7.884321">
        <ele>290.8</ele>
      </trkpt>
      <trkpt lat="49.154136" lon="7.88456">
        <ele>291.9</ele>
      </trkpt>
      <trkpt lat="49.154056" lon="7.884704">
        <ele>292.7</ele>
      </trkpt>
      <trkpt lat="49.154034" lon="7.884775">
        <ele>293.4</ele>
      </trkpt>
      <trkpt lat="49.154023" lon="7.884849">
        <ele>294.3</ele>
      </trkpt>
      <trkpt lat="49.153926" lon="7.884986">
        <ele>295.7</ele>
      </trkpt>
      <trkpt lat="49.153801" lon="7.885194">
        <ele>297.9</ele>
      </trkpt>
      <trkpt lat="49.153708" lon="7.885501">
        <ele>300.8</ele>
      </trkpt>
      <trkpt lat="49.15365" lon="7.885687">
        <ele>301.3</ele>
      </trkpt>
      <trkpt lat="49.153618" lon="7.885934">
        <ele>302.0</ele>
      </trkpt>
      <trkpt lat="49.153626" lon="7.886153">
        <ele>302.8</ele>
      </trkpt>
      <trkpt lat="49.153666" lon="7.886314">
        <ele>304.0</ele>
      </trkpt>
      <trkpt lat="49.153711" lon="7.886435">
        <ele>305.4</ele>
      </trkpt>
      <trkpt lat="49.15381" lon="7.88661">
        <ele>308.6</ele>
      </trkpt>
      <trkpt lat="49.153866" lon="7.886735">
        <ele>310.6</ele>
      </trkpt>
      <trkpt lat="49.153905" lon="7.886834">
        <ele>312.0</ele>
      </trkpt>
      <trkpt lat="49.153915" lon="7.88691">
        <ele>312.4</ele>
      </trkpt>
      <trkpt lat="49.153914" lon="7.887009">
        <ele>312.4</ele>
      </trkpt>
      <trkpt lat="49.153887" lon="7.887172">
        <ele>311.5</ele>
      </trkpt>
      <trkpt lat="49.153837" lon="7.887322">
        <ele>309.8</ele>
      </trkpt>
      <trkpt lat="49.153777" lon="7.887577">
        <ele>308.2</ele>
      </trkpt>
      <trkpt lat="49.153705" lon="7.887901">
        <ele>307.3</ele>
      </trkpt>
      <trkpt lat="49.153663" lon="7.888307">
        <ele>308.9</ele>
      </trkpt>
      <trkpt lat="49.153702" lon="7.888919">
        <ele>313.6</ele>
      </trkpt>
      <trkpt lat="49.153719" lon="7.889566">
        <ele>314.8</ele>
      </trkpt>
      <trkpt lat="49.153767" lon="7.889887">
        <ele>316.3</ele>
      </trkpt>
      <trkpt lat="49.153828" lon="7.890126">
        <ele>318.4</ele>
      </trkpt>
      <trkpt lat="49.15391" lon="7.890302">
        <ele>321.3</ele>
      </trkpt>
      <trkpt lat="49.153999" lon="7.89042">
        <ele>324.5</ele>
      </trkpt>
      <trkpt lat="49.154055" lon="7.890533">
        <ele>326.7</ele>
      </trkpt>
      <trkpt lat="49.154088" lon="7.890624">
        <ele>327.9</ele>
      </trkpt>
      <trkpt lat="49.154096" lon="7.890734">
        <ele>328.2</ele>
      </trkpt>
      <trkpt lat="49.154076" lon="7.890833">
        <ele>327.7</ele>
      </trkpt>
      <trkpt lat="49.154001" lon="7.890917">
        <ele>325.7</ele>
      </trkpt>
      <trkpt lat="49.153937" lon="7.890977">
        <ele>324.4</ele>
      </trkpt>
      <trkpt lat="49.153771" lon="7.891115">
        <ele>322.0</ele>
      </trkpt>
      <trkpt lat="49.153692" lon="7.891232">
        <ele>321.9</ele>
      </trkpt>
      <trkpt lat="49.153627" lon="7.891284">
        <ele>321.5</ele>
      </trkpt>
      <trkpt lat="49.153549" lon="7.891402">
        <ele>321.7</ele>
      </trkpt>
      <trkpt lat="49.153496" lon="7.891526">
        <ele>322.3</ele>
      </trkpt>
      <trkpt lat="49.15344" lon="7.891794">
        <ele>323.5</ele>
      </trkpt>
      <trkpt lat="49.153412" lon="7.891989">
        <ele>323.6</ele>
      </trkpt>
      <trkpt lat="49.153412" lon="7.892266">
        <ele>323.3</ele>
      </trkpt>
      <trkpt lat="49.153424" lon="7.892518">
        <ele>322.3</ele>
      </trkpt>
      <trkpt lat="49.153491" lon="7.8928">
        <ele>322.0</ele>
      </trkpt>
      <trkpt lat="49.153554" lon="7.892958">
        <ele>322.2</ele>
      </trkpt>
      <trkpt lat="49.153642" lon="7.893063">
        <ele>323.8</ele>
      </trkpt>
      <trkpt lat="49.153792" lon="7.893261">
        <ele>326.4</ele>
      </trkpt>
      <trkpt lat="49.153926" lon="7.893479">
        <ele>328.5</ele>
      </trkpt>
      <trkpt lat="49.154091" lon="7.893811">
        <ele>331.0</ele>
      </trkpt>
      <trkpt lat="49.154262" lon="7.894072">
        <ele>334.8</ele>
      </trkpt>
      <trkpt lat="49.154443" lon="7.894342">
        <ele>338.7</ele>
      </trkpt>
      <trkpt lat="49.154536" lon="7.894541">
        <ele>340.2</ele>
        <name>49.154536,7.894541</name>
        <extensions>
          <oa:Extension>
            <oa:mapZoom>15</oa:mapZoom>
          </oa:Extension>
        </extensions>
      </trkpt>
      <trkpt lat="49.154558" lon="7.894587">
        <ele>340.6</ele>
      </trkpt>
      <trkpt lat="49.154634" lon="7.894935">
        <ele>341.0</ele>
      </trkpt>
      <trkpt lat="49.154656" lon="7.895358">
        <ele>342.5</ele>
      </trkpt>
      <trkpt lat="49.15468" lon="7.895783">
        <ele>348.7</ele>
      </trkpt>
      <trkpt lat="49.154662" lon="7.895992">
        <ele>352.3</ele>
      </trkpt>
      <trkpt lat="49.154622" lon="7.896187">
        <ele>356.0</ele>
      </trkpt>
      <trkpt lat="49.154524" lon="7.896351">
        <ele>359.6</ele>
      </trkpt>
      <trkpt lat="49.154439" lon="7.896422">
        <ele>361.8</ele>
      </trkpt>
      <trkpt lat="49.154231" lon="7.896509">
        <ele>366.0</ele>
      </trkpt>
      <trkpt lat="49.154047" lon="7.896528">
        <ele>368.0</ele>
      </trkpt>
      <trkpt lat="49.153766" lon="7.896415">
        <ele>366.2</ele>
      </trkpt>
      <trkpt lat="49.153411" lon="7.896282">
        <ele>363.7</ele>
      </trkpt>
      <trkpt lat="49.153188" lon="7.896222">
        <ele>362.4</ele>
      </trkpt>
      <trkpt lat="49.153112" lon="7.896177">
        <ele>361.5</ele>
      </trkpt>
      <trkpt lat="49.153053" lon="7.896157">
        <ele>360.9</ele>
      </trkpt>
      <trkpt lat="49.152963" lon="7.89615">
        <ele>360.4</ele>
      </trkpt>
      <trkpt lat="49.152869" lon="7.896202">
        <ele>360.4</ele>
      </trkpt>
      <trkpt lat="49.152821" lon="7.89626">
        <ele>360.8</ele>
      </trkpt>
      <trkpt lat="49.152657" lon="7.89631">
        <ele>359.9</ele>
      </trkpt>
      <trkpt lat="49.152369" lon="7.896607">
        <ele>360.3</ele>
      </trkpt>
      <trkpt lat="49.152081" lon="7.896905">
        <ele>360.0</ele>
      </trkpt>
      <trkpt lat="49.151831" lon="7.897016">
        <ele>357.8</ele>
      </trkpt>
      <trkpt lat="49.151582" lon="7.897127">
        <ele>353.9</ele>
      </trkpt>
      <trkpt lat="49.151412" lon="7.897276">
        <ele>350.1</ele>
      </trkpt>
      <trkpt lat="49.151323" lon="7.897469">
        <ele>347.9</ele>
      </trkpt>
      <trkpt lat="49.151289" lon="7.89791">
        <ele>347.4</ele>
      </trkpt>
      <trkpt lat="49.151254" lon="7.898351">
        <ele>346.9</ele>
      </trkpt>
      <trkpt lat="49.151267" lon="7.89877">
        <ele>346.3</ele>
      </trkpt>
      <trkpt lat="49.151113" lon="7.899326">
        <ele>338.9</ele>
      </trkpt>
      <trkpt lat="49.15096" lon="7.899882">
        <ele>330.7</ele>
      </trkpt>
      <trkpt lat="49.150724" lon="7.899812">
        <ele>329.0</ele>
      </trkpt>
      <trkpt lat="49.150489" lon="7.899743">
        <ele>327.8</ele>
      </trkpt>
      <trkpt lat="49.150322" lon="7.899661">
        <ele>326.8</ele>
      </trkpt>
      <trkpt lat="49.150044" lon="7.899442">
        <ele>324.2</ele>
      </trkpt>
      <trkpt lat="49.149758" lon="7.899342">
        <ele>323.4</ele>
      </trkpt>
      <trkpt lat="49.149455" lon="7.899216">
        <ele>323.7</ele>
      </trkpt>
      <trkpt lat="49.149223" lon="7.899111">
        <ele>323.2</ele>
      </trkpt>
      <trkpt lat="49.148921" lon="7.898977">
        <ele>321.7</ele>
      </trkpt>
      <trkpt lat="49.148561" lon="7.898851">
        <ele>320.2</ele>
      </trkpt>
      <trkpt lat="49.148236" lon="7.898743">
        <ele>320.0</ele>
      </trkpt>
      <trkpt lat="49.147912" lon="7.898635">
        <ele>320.6</ele>
      </trkpt>
      <trkpt lat="49.147603" lon="7.898507">
        <ele>321.9</ele>
      </trkpt>
      <trkpt lat="49.14727" lon="7.898395">
        <ele>323.3</ele>
      </trkpt>
      <trkpt lat="49.147123" lon="7.898372">
        <ele>324.7</ele>
      </trkpt>
      <trkpt lat="49.146986" lon="7.898357">
        <ele>326.4</ele>
      </trkpt>
      <trkpt lat="49.146828" lon="7.898392">
        <ele>327.7</ele>
      </trkpt>
      <trkpt lat="49.146557" lon="7.8985">
        <ele>329.5</ele>
      </trkpt>
      <trkpt lat="49.146168" lon="7.89873">
        <ele>331.2</ele>
      </trkpt>
      <trkpt lat="49.145823" lon="7.898989">
        <ele>333.4</ele>
      </trkpt>
      <trkpt lat="49.14554" lon="7.899191">
        <ele>335.5</ele>
      </trkpt>
      <trkpt lat="49.145261" lon="7.899336">
        <ele>337.3</ele>
      </trkpt>
      <trkpt lat="49.144956" lon="7.8994">
        <ele>339.4</ele>
      </trkpt>
      <trkpt lat="49.144527" lon="7.899489">
        <ele>340.8</ele>
      </trkpt>
      <trkpt lat="49.144084" lon="7.899566">
        <ele>340.7</ele>
      </trkpt>
      <trkpt lat="49.143904" lon="7.899591">
        <ele>340.1</ele>
      </trkpt>
      <trkpt lat="49.143751" lon="7.899595">
        <ele>339.8</ele>
      </trkpt>
      <trkpt lat="49.14359" lon="7.899565">
        <ele>339.9</ele>
        <name>49.143590,7.899565</name>
        <extensions>
          <oa:Extension>
            <oa:mapZoom>15</oa:mapZoom>
          </oa:Extension>
        </extensions>
      </trkpt>
      <trkpt lat="49.143489" lon="7.899546">
        <ele>339.9</ele>
      </trkpt>
      <trkpt lat="49.143335" lon="7.899472">
        <ele>340.3</ele>
      </trkpt>
      <trkpt lat="49.143213" lon="7.899387">
        <ele>340.7</ele>
      </trkpt>
      <trkpt lat="49.143015" lon="7.899217">
        <ele>341.2</ele>
      </trkpt>
      <trkpt lat="49.142919" lon="7.899129">
        <ele>341.2</ele>
      </trkpt>
      <trkpt lat="49.142806" lon="7.899002">
        <ele>341.1</ele>
      </trkpt>
      <trkpt lat="49.142772" lon="7.89908">
        <ele>340.7</ele>
      </trkpt>
      <trkpt lat="49.142708" lon="7.899228">
        <ele>340.0</ele>
      </trkpt>
      <trkpt lat="49.142558" lon="7.899578">
        <ele>339.0</ele>
      </trkpt>
      <trkpt lat="49.14246" lon="7.899866">
        <ele>338.8</ele>
      </trkpt>
      <trkpt lat="49.142397" lon="7.900105">
        <ele>339.1</ele>
      </trkpt>
      <trkpt lat="49.142319" lon="7.900468">
        <ele>340.0</ele>
      </trkpt>
      <trkpt lat="49.142281" lon="7.900606">
        <ele>340.5</ele>
      </trkpt>
      <trkpt lat="49.142147" lon="7.90098">
        <ele>342.0</ele>
      </trkpt>
      <trkpt lat="49.142025" lon="7.901325">
        <ele>343.2</ele>
      </trkpt>
      <trkpt lat="49.141898" lon="7.901697">
        <ele>344.2</ele>
      </trkpt>
      <trkpt lat="49.141857" lon="7.901847">
        <ele>344.7</ele>
      </trkpt>
      <trkpt lat="49.141748" lon="7.902303">
        <ele>345.9</ele>
      </trkpt>
      <trkpt lat="49.141621" lon="7.902828">
        <ele>345.8</ele>
      </trkpt>
      <trkpt lat="49.141535" lon="7.903107">
        <ele>345.5</ele>
      </trkpt>
      <trkpt lat="49.14142" lon="7.903397">
        <ele>344.6</ele>
      </trkpt>
      <trkpt lat="49.141302" lon="7.903638">
        <ele>343.4</ele>
      </trkpt>
      <trkpt lat="49.141198" lon="7.903809">
        <ele>342.5</ele>
      </trkpt>
      <trkpt lat="49.141079" lon="7.903986">
        <ele>342.1</ele>
      </trkpt>
      <trkpt lat="49.14113" lon="7.904096">
        <ele>342.6</ele>
      </trkpt>
      <trkpt lat="49.141166" lon="7.90418">
        <ele>342.8</ele>
      </trkpt>
      <trkpt lat="49.141115" lon="7.904356">
        <ele>343.5</ele>
      </trkpt>
      <trkpt lat="49.141043" lon="7.904426">
        <ele>344.1</ele>
      </trkpt>
      <trkpt lat="49.140934" lon="7.904446">
        <ele>344.6</ele>
      </trkpt>
      <trkpt lat="49.140808" lon="7.904486">
        <ele>345.1</ele>
      </trkpt>
      <trkpt lat="49.140785" lon="7.904502">
        <ele>345.3</ele>
      </trkpt>
      <trkpt lat="49.140672" lon="7.90459">
        <ele>346.1</ele>
      </trkpt>
      <trkpt lat="49.1404" lon="7.904839">
        <ele>348.0</ele>
      </trkpt>
      <trkpt lat="49.140307" lon="7.90488">
        <ele>348.0</ele>
      </trkpt>
      <trkpt lat="49.140098" lon="7.905057">
        <ele>348.3</ele>
      </trkpt>
      <trkpt lat="49.139889" lon="7.905234">
        <ele>347.9</ele>
      </trkpt>
      <trkpt lat="49.139699" lon="7.90544">
        <ele>347.6</ele>
      </trkpt>
      <trkpt lat="49.139656" lon="7.905647">
        <ele>349.2</ele>
      </trkpt>
      <trkpt lat="49.139596" lon="7.905987">
        <ele>352.4</ele>
      </trkpt>
      <trkpt lat="49.139536" lon="7.906326">
        <ele>355.9</ele>
      </trkpt>
      <trkpt lat="49.13946" lon="7.906711">
        <ele>359.8</ele>
      </trkpt>
      <trkpt lat="49.139383" lon="7.907097">
        <ele>364.8</ele>
      </trkpt>
      <trkpt lat="49.139271" lon="7.907546">
        <ele>372.9</ele>
      </trkpt>
      <trkpt lat="49.138914" lon="7.907878">
        <ele>373.9</ele>
      </trkpt>
      <trkpt lat="49.138661" lon="7.908172">
        <ele>378.7</ele>
      </trkpt>
      <trkpt lat="49.138444" lon="7.908357">
        <ele>383.6</ele>
      </trkpt>
      <trkpt lat="49.138162" lon="7.908337">
        <ele>387.0</ele>
      </trkpt>
      <trkpt lat="49.137942" lon="7.908132">
        <ele>389.2</ele>
      </trkpt>
      <trkpt lat="49.137723" lon="7.907927">
        <ele>393.5</ele>
      </trkpt>
      <trkpt lat="49.137503" lon="7.907658">
        <ele>397.1</ele>
      </trkpt>
      <trkpt lat="49.137284" lon="7.907389">
        <ele>400.3</ele>
      </trkpt>
      <trkpt lat="49.137083" lon="7.907109">
        <ele>402.5</ele>
      </trkpt>
      <trkpt lat="49.136742" lon="7.906878">
        <ele>405.8</ele>
      </trkpt>
      <trkpt lat="49.136453" lon="7.907149">
        <ele>406.0</ele>
      </trkpt>
      <trkpt lat="49.136319" lon="7.907437">
        <ele>406.2</ele>
      </trkpt>
      <trkpt lat="49.136186" lon="7.907725">
        <ele>405.8</ele>
      </trkpt>
      <trkpt lat="49.135992" lon="7.90829">
        <ele>405.4</ele>
      </trkpt>
      <trkpt lat="49.135823" lon="7.908915">
        <ele>402.9</ele>
      </trkpt>
      <trkpt lat="49.135761" lon="7.909291">
        <ele>400.9</ele>
      </trkpt>
      <trkpt lat="49.135662" lon="7.909407">
        <ele>396.4</ele>
      </trkpt>
      <trkpt lat="49.135552" lon="7.909954">
        <ele>394.9</ele>
      </trkpt>
      <trkpt lat="49.135378" lon="7.910345">
        <ele>393.0</ele>
      </trkpt>
      <trkpt lat="49.135226" lon="7.910631">
        <ele>392.2</ele>
      </trkpt>
      <trkpt lat="49.135113" lon="7.910767">
        <ele>391.4</ele>
      </trkpt>
      <trkpt lat="49.134818" lon="7.910932">
        <ele>389.3</ele>
      </trkpt>
      <trkpt lat="49.134799" lon="7.91104">
        <ele>390.1</ele>
      </trkpt>
      <trkpt lat="49.134833" lon="7.911108">
        <ele>390.7</ele>
      </trkpt>
      <trkpt lat="49.135227" lon="7.91101">
        <ele>394.1</ele>
      </trkpt>
      <trkpt lat="49.135596" lon="7.911054">
        <ele>398.3</ele>
      </trkpt>
      <trkpt lat="49.135966" lon="7.911098">
        <ele>402.2</ele>
      </trkpt>
      <trkpt lat="49.136174" lon="7.911247">
        <ele>401.7</ele>
      </trkpt>
      <trkpt lat="49.136383" lon="7.911396">
        <ele>402.6</ele>
      </trkpt>
      <trkpt lat="49.136672" lon="7.911656">
        <ele>402.5</ele>
      </trkpt>
      <trkpt lat="49.136961" lon="7.911917">
        <ele>403.9</ele>
      </trkpt>
      <trkpt lat="49.137152" lon="7.912293">
        <ele>402.6</ele>
      </trkpt>
      <trkpt lat="49.137343" lon="7.912669">
        <ele>401.9</ele>
      </trkpt>
      <trkpt lat="49.137486" lon="7.91294">
        <ele>400.6</ele>
      </trkpt>
      <trkpt lat="49.137554" lon="7.913134">
        <ele>399.4</ele>
      </trkpt>
      <trkpt lat="49.137605" lon="7.913317">
        <ele>398.8</ele>
      </trkpt>
      <trkpt lat="49.137655" lon="7.913575">
        <ele>398.6</ele>
      </trkpt>
      <trkpt lat="49.137723" lon="7.91402">
        <ele>398.5</ele>
      </trkpt>
      <trkpt lat="49.137741" lon="7.914149">
        <ele>399.2</ele>
      </trkpt>
      <trkpt lat="49.137683" lon="7.914159">
        <ele>398.7</ele>
      </trkpt>
      <trkpt lat="49.137637" lon="7.914193">
        <ele>397.8</ele>
      </trkpt>
      <trkpt lat="49.137645" lon="7.914266">
        <ele>398.2</ele>
      </trkpt>
      <trkpt lat="49.137664" lon="7.914523">
        <ele>398.1</ele>
      </trkpt>
      <trkpt lat="49.13767" lon="7.914685">
        <ele>397.2</ele>
      </trkpt>
      <trkpt lat="49.137668" lon="7.914987">
        <ele>395.1</ele>
      </trkpt>
      <trkpt lat="49.137645" lon="7.915403">
        <ele>392.1</ele>
      </trkpt>
      <trkpt lat="49.137574" lon="7.916001">
        <ele>387.8</ele>
      </trkpt>
      <trkpt lat="49.137486" lon="7.91649">
        <ele>383.7</ele>
      </trkpt>
      <trkpt lat="49.13743" lon="7.916568">
        <ele>381.2</ele>
      </trkpt>
      <trkpt lat="49.137417" lon="7.9164">
        <ele>379.7</ele>
      </trkpt>
      <trkpt lat="49.137375" lon="7.916302">
        <ele>377.5</ele>
      </trkpt>
      <trkpt lat="49.137333" lon="7.916629">
        <ele>376.9</ele>
      </trkpt>
      <trkpt lat="49.137272" lon="7.916801">
        <ele>375.1</ele>
      </trkpt>
      <trkpt lat="49.137263" lon="7.916936">
        <ele>375.4</ele>
      </trkpt>
      <trkpt lat="49.137272" lon="7.917187">
        <ele>376.7</ele>
      </trkpt>
      <trkpt lat="49.13732" lon="7.917323">
        <ele>378.9</ele>
      </trkpt>
      <trkpt lat="49.137257" lon="7.917491">
        <ele>375.3</ele>
      </trkpt>
      <trkpt lat="49.137203" lon="7.918114">
        <ele>369.8</ele>
      </trkpt>
      <trkpt lat="49.137176" lon="7.918424">
        <ele>367.9</ele>
        <name>49.137176,7.918424</name>
        <extensions>
          <oa:Extension>
            <oa:mapZoom>15</oa:mapZoom>
          </oa:Extension>
        </extensions>
      </trkpt>
      <trkpt lat="49.137149" lon="7.918737">
        <ele>366.1</ele>
      </trkpt>
      <trkpt lat="49.137011" lon="7.91936">
        <ele>361.5</ele>
      </trkpt>
      <trkpt lat="49.136874" lon="7.919982">
        <ele>356.5</ele>
      </trkpt>
      <trkpt lat="49.136846" lon="7.920495">
        <ele>353.8</ele>
      </trkpt>
      <trkpt lat="49.136817" lon="7.921008">
        <ele>345.7</ele>
      </trkpt>
      <trkpt lat="49.136818" lon="7.921177">
        <ele>341.7</ele>
      </trkpt>
      <trkpt lat="49.137016" lon="7.921288">
        <ele>339.5</ele>
      </trkpt>
      <trkpt lat="49.137318" lon="7.92135">
        <ele>336.5</ele>
      </trkpt>
      <trkpt lat="49.137705" lon="7.921376">
        <ele>333.5</ele>
      </trkpt>
      <trkpt lat="49.137742" lon="7.921436">
        <ele>331.1</ele>
      </trkpt>
      <trkpt lat="49.137735" lon="7.921578">
        <ele>326.0</ele>
      </trkpt>
      <trkpt lat="49.137694" lon="7.921609">
        <ele>325.1</ele>
      </trkpt>
      <trkpt lat="49.137444" lon="7.921765">
        <ele>321.4</ele>
      </trkpt>
      <trkpt lat="49.137193" lon="7.921921">
        <ele>319.4</ele>
      </trkpt>
      <trkpt lat="49.137132" lon="7.921948">
        <ele>319.4</ele>
      </trkpt>
      <trkpt lat="49.136943" lon="7.921962">
        <ele>321.2</ele>
      </trkpt>
      <trkpt lat="49.136764" lon="7.921907">
        <ele>323.4</ele>
      </trkpt>
      <trkpt lat="49.136603" lon="7.921796">
        <ele>325.4</ele>
      </trkpt>
      <trkpt lat="49.136523" lon="7.92163">
        <ele>327.7</ele>
      </trkpt>
      <trkpt lat="49.136428" lon="7.921307">
        <ele>331.4</ele>
      </trkpt>
      <trkpt lat="49.136398" lon="7.920925">
        <ele>335.2</ele>
      </trkpt>
      <trkpt lat="49.136383" lon="7.920449">
        <ele>335.5</ele>
      </trkpt>
      <trkpt lat="49.136433" lon="7.920151">
        <ele>336.3</ele>
      </trkpt>
      <trkpt lat="49.13649" lon="7.919766">
        <ele>336.4</ele>
      </trkpt>
      <trkpt lat="49.136564" lon="7.919316">
        <ele>336.4</ele>
      </trkpt>
      <trkpt lat="49.136619" lon="7.919015">
        <ele>336.8</ele>
      </trkpt>
      <trkpt lat="49.136648" lon="7.918774">
        <ele>337.3</ele>
      </trkpt>
      <trkpt lat="49.136603" lon="7.918262">
        <ele>337.8</ele>
      </trkpt>
      <trkpt lat="49.136593" lon="7.917834">
        <ele>341.6</ele>
      </trkpt>
      <trkpt lat="49.136573" lon="7.917467">
        <ele>342.0</ele>
      </trkpt>
      <trkpt lat="49.136568" lon="7.917145">
        <ele>341.0</ele>
      </trkpt>
      <trkpt lat="49.136563" lon="7.916786">
        <ele>338.5</ele>
      </trkpt>
      <trkpt lat="49.136598" lon="7.916442">
        <ele>338.2</ele>
      </trkpt>
      <trkpt lat="49.136638" lon="7.916151">
        <ele>339.4</ele>
      </trkpt>
      <trkpt lat="49.136653" lon="7.915799">
        <ele>340.4</ele>
      </trkpt>
      <trkpt lat="49.136673" lon="7.915501">
        <ele>342.9</ele>
      </trkpt>
      <trkpt lat="49.136673" lon="7.915134">
        <ele>345.3</ele>
      </trkpt>
      <trkpt lat="49.136663" lon="7.914706">
        <ele>346.9</ele>
      </trkpt>
      <trkpt lat="49.136662" lon="7.914693">
        <ele>346.9</ele>
        <name>49.136662,7.914693</name>
        <extensions>
          <oa:Extension>
            <oa:mapZoom>15</oa:mapZoom>
          </oa:Extension>
        </extensions>
      </trkpt>
      <trkpt lat="49.136638" lon="7.914415">
        <ele>346.4</ele>
      </trkpt>
      <trkpt lat="49.136583" lon="7.914239">
        <ele>343.7</ele>
      </trkpt>
      <trkpt lat="49.136483" lon="7.91401">
        <ele>339.0</ele>
      </trkpt>
      <trkpt lat="49.136378" lon="7.913757">
        <ele>335.3</ele>
      </trkpt>
      <trkpt lat="49.136243" lon="7.91352">
        <ele>332.3</ele>
      </trkpt>
      <trkpt lat="49.136127" lon="7.913359">
        <ele>331.2</ele>
      </trkpt>
      <trkpt lat="49.13598" lon="7.913151">
        <ele>333.3</ele>
      </trkpt>
      <trkpt lat="49.135802" lon="7.912987">
        <ele>335.4</ele>
      </trkpt>
      <trkpt lat="49.135637" lon="7.913005">
        <ele>331.5</ele>
      </trkpt>
      <trkpt lat="49.135485" lon="7.913083">
        <ele>326.4</ele>
      </trkpt>
      <trkpt lat="49.135229" lon="7.913268">
        <ele>318.7</ele>
      </trkpt>
      <trkpt lat="49.134951" lon="7.913478">
        <ele>314.6</ele>
      </trkpt>
      <trkpt lat="49.134681" lon="7.913874">
        <ele>307.6</ele>
      </trkpt>
      <trkpt lat="49.134503" lon="7.914254">
        <ele>302.7</ele>
      </trkpt>
      <trkpt lat="49.134324" lon="7.914634">
        <ele>301.2</ele>
      </trkpt>
      <trkpt lat="49.134138" lon="7.914983">
        <ele>301.0</ele>
      </trkpt>
      <trkpt lat="49.133956" lon="7.915302">
        <ele>300.3</ele>
      </trkpt>
      <trkpt lat="49.133791" lon="7.915566">
        <ele>300.5</ele>
      </trkpt>
      <trkpt lat="49.133625" lon="7.91583">
        <ele>301.7</ele>
      </trkpt>
      <trkpt lat="49.133415" lon="7.916136">
        <ele>303.0</ele>
      </trkpt>
      <trkpt lat="49.133255" lon="7.916358">
        <ele>302.9</ele>
      </trkpt>
      <trkpt lat="49.133015" lon="7.916579">
        <ele>304.3</ele>
      </trkpt>
      <trkpt lat="49.132968" lon="7.916627">
        <ele>304.3</ele>
        <name>49.132968,7.916627</name>
        <extensions>
          <oa:Extension>
            <oa:mapZoom>15</oa:mapZoom>
          </oa:Extension>
        </extensions>
      </trkpt>
      <trkpt lat="49.132865" lon="7.916732">
        <ele>304.4</ele>
      </trkpt>
      <trkpt lat="49.13273" lon="7.916839">
        <ele>305.0</ele>
      </trkpt>
      <trkpt lat="49.132504" lon="7.916888">
        <ele>308.9</ele>
      </trkpt>
      <trkpt lat="49.132352" lon="7.916871">
        <ele>312.0</ele>
      </trkpt>
      <trkpt lat="49.132196" lon="7.91678">
        <ele>314.9</ele>
      </trkpt>
      <trkpt lat="49.132009" lon="7.916558">
        <ele>315.7</ele>
      </trkpt>
      <trkpt lat="49.131856" lon="7.916217">
        <ele>312.9</ele>
      </trkpt>
      <trkpt lat="49.131779" lon="7.915984">
        <ele>310.8</ele>
      </trkpt>
      <trkpt lat="49.131701" lon="7.915709">
        <ele>309.0</ele>
      </trkpt>
      <trkpt lat="49.131574" lon="7.915177">
        <ele>307.4</ele>
      </trkpt>
      <trkpt lat="49.131518" lon="7.914823">
        <ele>307.7</ele>
      </trkpt>
      <trkpt lat="49.131462" lon="7.914469">
        <ele>308.0</ele>
      </trkpt>
      <trkpt lat="49.131395" lon="7.914056">
        <ele>309.4</ele>
      </trkpt>
      <trkpt lat="49.131328" lon="7.913643">
        <ele>311.8</ele>
      </trkpt>
      <trkpt lat="49.131216" lon="7.91331">
        <ele>311.1</ele>
      </trkpt>
      <trkpt lat="49.131103" lon="7.912977">
        <ele>311.6</ele>
      </trkpt>
      <trkpt lat="49.130912" lon="7.912547">
        <ele>312.7</ele>
      </trkpt>
      <trkpt lat="49.130721" lon="7.912117">
        <ele>314.8</ele>
      </trkpt>
      <trkpt lat="49.13053" lon="7.911687">
        <ele>314.3</ele>
      </trkpt>
      <trkpt lat="49.130494" lon="7.91167">
        <ele>313.2</ele>
      </trkpt>
      <trkpt lat="49.130437" lon="7.911667">
        <ele>311.2</ele>
      </trkpt>
      <trkpt lat="49.130424" lon="7.911783">
        <ele>309.7</ele>
      </trkpt>
      <trkpt lat="49.130243" lon="7.912011">
        <ele>302.2</ele>
      </trkpt>
      <trkpt lat="49.130108" lon="7.912177">
        <ele>297.6</ele>
      </trkpt>
      <trkpt lat="49.129984" lon="7.912249">
        <ele>294.7</ele>
      </trkpt>
      <trkpt lat="49.129819" lon="7.912457">
        <ele>291.7</ele>
      </trkpt>
      <trkpt lat="49.130001" lon="7.912879">
        <ele>290.9</ele>
      </trkpt>
      <trkpt lat="49.130183" lon="7.913301">
        <ele>285.7</ele>
      </trkpt>
      <trkpt lat="49.130311" lon="7.913824">
        <ele>276.8</ele>
      </trkpt>
      <trkpt lat="49.130316" lon="7.914186">
        <ele>271.8</ele>
      </trkpt>
      <trkpt lat="49.130321" lon="7.914548">
        <ele>269.9</ele>
      </trkpt>
      <trkpt lat="49.130239" lon="7.914868">
        <ele>269.0</ele>
      </trkpt>
      <trkpt lat="49.130157" lon="7.915188">
        <ele>267.5</ele>
      </trkpt>
      <trkpt lat="49.130059" lon="7.915572">
        <ele>265.7</ele>
      </trkpt>
      <trkpt lat="49.129961" lon="7.915955">
        <ele>264.9</ele>
      </trkpt>
      <trkpt lat="49.129753" lon="7.91651">
        <ele>264.8</ele>
      </trkpt>
      <trkpt lat="49.129545" lon="7.917064">
        <ele>264.7</ele>
      </trkpt>
      <trkpt lat="49.129337" lon="7.917599">
        <ele>262.5</ele>
      </trkpt>
      <trkpt lat="49.129129" lon="7.918134">
        <ele>258.0</ele>
      </trkpt>
      <trkpt lat="49.128921" lon="7.918669">
        <ele>249.8</ele>
      </trkpt>
      <trkpt lat="49.128807" lon="7.918963">
        <ele>245.5</ele>
        <name>49.128807,7.918963</name>
        <extensions>
          <oa:Extension>
            <oa:mapZoom>15</oa:mapZoom>
          </oa:Extension>
        </extensions>
      </trkpt>
      <trkpt lat="49.128797" lon="7.918988">
        <ele>245.1</ele>
      </trkpt>
      <trkpt lat="49.128701" lon="7.91933">
        <ele>242.3</ele>
      </trkpt>
      <trkpt lat="49.128606" lon="7.919672">
        <ele>245.2</ele>
      </trkpt>
      <trkpt lat="49.128741" lon="7.920155">
        <ele>248.9</ele>
      </trkpt>
      <trkpt lat="49.128749" lon="7.920233">
        <ele>250.0</ele>
      </trkpt>
      <trkpt lat="49.128799" lon="7.920305">
        <ele>249.4</ele>
      </trkpt>
      <trkpt lat="49.128875" lon="7.920673">
        <ele>252.3</ele>
      </trkpt>
      <trkpt lat="49.12895" lon="7.921041">
        <ele>254.0</ele>
      </trkpt>
      <trkpt lat="49.129016" lon="7.921404">
        <ele>255.2</ele>
      </trkpt>
      <trkpt lat="49.129082" lon="7.921768">
        <ele>256.0</ele>
      </trkpt>
      <trkpt lat="49.129147" lon="7.922208">
        <ele>256.0</ele>
      </trkpt>
      <trkpt lat="49.129154" lon="7.92235">
        <ele>255.8</ele>
      </trkpt>
      <trkpt lat="49.129161" lon="7.922551">
        <ele>254.7</ele>
      </trkpt>
      <trkpt lat="49.129178" lon="7.922776">
        <ele>252.6</ele>
      </trkpt>
      <trkpt lat="49.129128" lon="7.92298">
        <ele>251.8</ele>
      </trkpt>
      <trkpt lat="49.128998" lon="7.923073">
        <ele>253.9</ele>
      </trkpt>
      <trkpt lat="49.128909" lon="7.923084">
        <ele>256.1</ele>
      </trkpt>
      <trkpt lat="49.128636" lon="7.923521">
        <ele>254.7</ele>
      </trkpt>
      <trkpt lat="49.128502" lon="7.923658">
        <ele>255.0</ele>
      </trkpt>
      <trkpt lat="49.12833" lon="7.923749">
        <ele>257.2</ele>
      </trkpt>
      <trkpt lat="49.128054" lon="7.923824">
        <ele>262.9</ele>
      </trkpt>
      <trkpt lat="49.127777" lon="7.923899">
        <ele>268.8</ele>
      </trkpt>
      <trkpt lat="49.127491" lon="7.92398">
        <ele>274.2</ele>
      </trkpt>
      <trkpt lat="49.127206" lon="7.924061">
        <ele>278.5</ele>
      </trkpt>
      <trkpt lat="49.126902" lon="7.924249">
        <ele>279.6</ele>
      </trkpt>
      <trkpt lat="49.126643" lon="7.924393">
        <ele>282.8</ele>
      </trkpt>
      <trkpt lat="49.126362" lon="7.924593">
        <ele>288.7</ele>
      </trkpt>
      <trkpt lat="49.126081" lon="7.924792">
        <ele>299.3</ele>
      </trkpt>
      <trkpt lat="49.125965" lon="7.925">
        <ele>303.1</ele>
      </trkpt>
      <trkpt lat="49.125893" lon="7.92528">
        <ele>308.5</ele>
      </trkpt>
      <trkpt lat="49.125863" lon="7.925812">
        <ele>316.5</ele>
      </trkpt>
      <trkpt lat="49.12585" lon="7.926334">
        <ele>316.5</ele>
      </trkpt>
      <trkpt lat="49.12576" lon="7.926701">
        <ele>319.1</ele>
      </trkpt>
      <trkpt lat="49.1257" lon="7.9268">
        <ele>321.4</ele>
        <name>49.125700,7.926800</name>
        <extensions>
          <oa:Extension>
            <oa:mapZoom>15</oa:mapZoom>
          </oa:Extension>
        </extensions>
      </trkpt>
      <trkpt lat="49.125572" lon="7.92701">
        <ele>326.5</ele>
      </trkpt>
      <trkpt lat="49.125364" lon="7.927233">
        <ele>332.8</ele>
      </trkpt>
      <trkpt lat="49.125156" lon="7.927455">
        <ele>338.3</ele>
      </trkpt>
      <trkpt lat="49.125006" lon="7.927763">
        <ele>340.7</ele>
      </trkpt>
      <trkpt lat="49.124856" lon="7.928071">
        <ele>345.1</ele>
      </trkpt>
      <trkpt lat="49.124775" lon="7.928418">
        <ele>348.6</ele>
      </trkpt>
      <trkpt lat="49.124704" lon="7.928781">
        <ele>351.9</ele>
      </trkpt>
      <trkpt lat="49.124659" lon="7.929283">
        <ele>350.6</ele>
      </trkpt>
      <trkpt lat="49.124644" lon="7.929746">
        <ele>344.2</ele>
      </trkpt>
      <trkpt lat="49.124628" lon="7.930209">
        <ele>349.3</ele>
      </trkpt>
      <trkpt lat="49.124612" lon="7.930672">
        <ele>356.2</ele>
      </trkpt>
      <trkpt lat="49.124672" lon="7.931034">
        <ele>355.4</ele>
      </trkpt>
      <trkpt lat="49.124732" lon="7.931397">
        <ele>356.1</ele>
      </trkpt>
      <trkpt lat="49.124924" lon="7.931874">
        <ele>356.3</ele>
      </trkpt>
      <trkpt lat="49.125116" lon="7.932351">
        <ele>360.1</ele>
      </trkpt>
      <trkpt lat="49.125293" lon="7.932844">
        <ele>364.8</ele>
      </trkpt>
      <trkpt lat="49.125333" lon="7.933131">
        <ele>370.2</ele>
      </trkpt>
      <trkpt lat="49.125346" lon="7.933594">
        <ele>378.9</ele>
      </trkpt>
      <trkpt lat="49.125359" lon="7.934056">
        <ele>384.5</ele>
      </trkpt>
      <trkpt lat="49.125439" lon="7.934305">
        <ele>385.4</ele>
      </trkpt>
      <trkpt lat="49.125593" lon="7.934651">
        <ele>385.0</ele>
      </trkpt>
      <trkpt lat="49.125683" lon="7.934733">
        <ele>384.9</ele>
      </trkpt>
      <trkpt lat="49.125728" lon="7.934778">
        <ele>384.9</ele>
      </trkpt>
      <trkpt lat="49.125893" lon="7.934828">
        <ele>384.7</ele>
      </trkpt>
      <trkpt lat="49.126078" lon="7.934932">
        <ele>383.8</ele>
      </trkpt>
      <trkpt lat="49.126196" lon="7.935029">
        <ele>382.6</ele>
      </trkpt>
      <trkpt lat="49.126271" lon="7.93511">
        <ele>381.7</ele>
      </trkpt>
      <trkpt lat="49.12633" lon="7.935174">
        <ele>381.0</ele>
      </trkpt>
      <trkpt lat="49.126369" lon="7.935259">
        <ele>380.4</ele>
      </trkpt>
      <trkpt lat="49.126379" lon="7.935288">
        <ele>380.2</ele>
      </trkpt>
      <trkpt lat="49.126387" lon="7.935337">
        <ele>380.0</ele>
      </trkpt>
      <trkpt lat="49.126413" lon="7.93564">
        <ele>378.2</ele>
      </trkpt>
      <trkpt lat="49.126473" lon="7.935962">
        <ele>374.7</ele>
      </trkpt>
      <trkpt lat="49.126543" lon="7.936307">
        <ele>371.2</ele>
      </trkpt>
      <trkpt lat="49.126637" lon="7.936953">
        <ele>368.8</ele>
      </trkpt>
      <trkpt lat="49.126688" lon="7.937441">
        <ele>370.3</ele>
      </trkpt>
      <trkpt lat="49.126724" lon="7.937843">
        <ele>372.2</ele>
      </trkpt>
      <trkpt lat="49.126746" lon="7.938227">
        <ele>373.8</ele>
      </trkpt>
      <trkpt lat="49.126906" lon="7.938761">
        <ele>378.7</ele>
      </trkpt>
      <trkpt lat="49.127012" lon="7.939114">
        <ele>380.1</ele>
      </trkpt>
      <trkpt lat="49.127112" lon="7.93943">
        <ele>380.0</ele>
      </trkpt>
      <trkpt lat="49.12724" lon="7.939593">
        <ele>380.0</ele>
      </trkpt>
      <trkpt lat="49.127408" lon="7.93967">
        <ele>380.4</ele>
      </trkpt>
      <trkpt lat="49.127582" lon="7.93974">
        <ele>380.6</ele>
      </trkpt>
      <trkpt lat="49.127716" lon="7.939736">
        <ele>382.0</ele>
      </trkpt>
      <trkpt lat="49.127918" lon="7.939762">
        <ele>384.1</ele>
      </trkpt>
      <trkpt lat="49.128021" lon="7.939859">
        <ele>384.1</ele>
      </trkpt>
      <trkpt lat="49.128102" lon="7.94001">
        <ele>383.2</ele>
      </trkpt>
      <trkpt lat="49.128179" lon="7.940237">
        <ele>381.3</ele>
      </trkpt>
      <trkpt lat="49.128255" lon="7.940506">
        <ele>379.2</ele>
      </trkpt>
      <trkpt lat="49.128426" lon="7.941121">
        <ele>375.9</ele>
      </trkpt>
      <trkpt lat="49.128596" lon="7.941736">
        <ele>375.0</ele>
      </trkpt>
      <trkpt lat="49.128777" lon="7.942339">
        <ele>375.1</ele>
      </trkpt>
      <trkpt lat="49.128893" lon="7.94267">
        <ele>374.7</ele>
      </trkpt>
      <trkpt lat="49.129009" lon="7.943002">
        <ele>370.9</ele>
      </trkpt>
      <trkpt lat="49.129135" lon="7.943163">
        <ele>369.0</ele>
      </trkpt>
      <trkpt lat="49.129326" lon="7.943252">
        <ele>369.0</ele>
      </trkpt>
      <trkpt lat="49.129619" lon="7.943314">
        <ele>369.4</ele>
      </trkpt>
      <trkpt lat="49.129951" lon="7.943387">
        <ele>370.8</ele>
      </trkpt>
      <trkpt lat="49.130069" lon="7.943445">
        <ele>371.3</ele>
      </trkpt>
      <trkpt lat="49.130232" lon="7.943589">
        <ele>371.4</ele>
      </trkpt>
      <trkpt lat="49.130412" lon="7.943862">
        <ele>372.5</ele>
      </trkpt>
      <trkpt lat="49.130452" lon="7.944158">
        <ele>371.1</ele>
      </trkpt>
      <trkpt lat="49.130457" lon="7.944604">
        <ele>369.0</ele>
      </trkpt>
      <trkpt lat="49.130449" lon="7.944892">
        <ele>368.7</ele>
      </trkpt>
      <trkpt lat="49.130404" lon="7.945306">
        <ele>372.5</ele>
      </trkpt>
      <trkpt lat="49.130358" lon="7.94572">
        <ele>377.1</ele>
      </trkpt>
      <trkpt lat="49.130325" lon="7.945956">
        <ele>379.7</ele>
      </trkpt>
      <trkpt lat="49.1302" lon="7.946194">
        <ele>379.5</ele>
      </trkpt>
      <trkpt lat="49.129902" lon="7.946558">
        <ele>376.9</ele>
      </trkpt>
      <trkpt lat="49.129716" lon="7.946918">
        <ele>378.4</ele>
      </trkpt>
      <trkpt lat="49.129592" lon="7.947075">
        <ele>379.1</ele>
      </trkpt>
      <trkpt lat="49.129439" lon="7.947142">
        <ele>377.1</ele>
      </trkpt>
      <trkpt lat="49.129328" lon="7.947189">
        <ele>375.4</ele>
      </trkpt>
      <trkpt lat="49.129225" lon="7.94724">
        <ele>374.0</ele>
      </trkpt>
      <trkpt lat="49.129182" lon="7.947276">
        <ele>373.5</ele>
      </trkpt>
      <trkpt lat="49.129003" lon="7.947432">
        <ele>369.1</ele>
      </trkpt>
      <trkpt lat="49.128919" lon="7.947668">
        <ele>364.0</ele>
      </trkpt>
      <trkpt lat="49.128817" lon="7.947979">
        <ele>355.7</ele>
      </trkpt>
      <trkpt lat="49.128793" lon="7.948419">
        <ele>347.8</ele>
      </trkpt>
      <trkpt lat="49.128814" lon="7.949048">
        <ele>338.1</ele>
      </trkpt>
      <trkpt lat="49.128884" lon="7.949614">
        <ele>329.3</ele>
      </trkpt>
      <trkpt lat="49.129036" lon="7.949768">
        <ele>328.5</ele>
      </trkpt>
      <trkpt lat="49.129121" lon="7.949836">
        <ele>328.3</ele>
      </trkpt>
      <trkpt lat="49.129406" lon="7.950158">
        <ele>326.5</ele>
      </trkpt>
      <trkpt lat="49.129614" lon="7.950143">
        <ele>328.7</ele>
      </trkpt>
      <trkpt lat="49.12978" lon="7.950148">
        <ele>330.4</ele>
      </trkpt>
      <trkpt lat="49.129896" lon="7.950238">
        <ele>330.1</ele>
      </trkpt>
      <trkpt lat="49.130074" lon="7.950427">
        <ele>328.4</ele>
      </trkpt>
      <trkpt lat="49.130331" lon="7.950792">
        <ele>324.2</ele>
      </trkpt>
      <trkpt lat="49.13054" lon="7.951026">
        <ele>323.4</ele>
      </trkpt>
      <trkpt lat="49.130662" lon="7.951037">
        <ele>325.9</ele>
      </trkpt>
      <trkpt lat="49.130751" lon="7.95114">
        <ele>325.6</ele>
      </trkpt>
      <trkpt lat="49.131037" lon="7.951166">
        <ele>326.6</ele>
      </trkpt>
      <trkpt lat="49.131034" lon="7.951159">
        <ele>327.8</ele>
        <name>49.131037,7.951166</name>
        <extensions>
          <oa:Extension>
            <oa:mapZoom>16</oa:mapZoom>
          </oa:Extension>
        </extensions>
      </trkpt>
      <trkpt lat="49.131035" lon="7.951158">
        <ele>327.8</ele>
      </trkpt>
      <trkpt lat="49.13136" lon="7.95116">
        <ele>320.3</ele>
      </trkpt>
      <trkpt lat="49.131685" lon="7.951162">
        <ele>311.0</ele>
      </trkpt>
      <trkpt lat="49.131698" lon="7.95102">
        <ele>312.8</ele>
      </trkpt>
      <trkpt lat="49.131733" lon="7.95088">
        <ele>314.1</ele>
      </trkpt>
      <trkpt lat="49.131792" lon="7.950734">
        <ele>315.6</ele>
      </trkpt>
      <trkpt lat="49.131828" lon="7.950662">
        <ele>316.6</ele>
      </trkpt>
      <trkpt lat="49.131875" lon="7.950639">
        <ele>317.2</ele>
      </trkpt>
      <trkpt lat="49.131934" lon="7.950633">
        <ele>318.0</ele>
      </trkpt>
      <trkpt lat="49.132009" lon="7.950684">
        <ele>318.4</ele>
      </trkpt>
      <trkpt lat="49.132053" lon="7.95076">
        <ele>317.9</ele>
      </trkpt>
      <trkpt lat="49.13218" lon="7.951038">
        <ele>315.1</ele>
      </trkpt>
      <trkpt lat="49.132289" lon="7.95124">
        <ele>313.3</ele>
      </trkpt>
      <trkpt lat="49.132434" lon="7.951387">
        <ele>314.0</ele>
      </trkpt>
      <trkpt lat="49.132583" lon="7.951531">
        <ele>315.8</ele>
      </trkpt>
      <trkpt lat="49.132691" lon="7.951681">
        <ele>317.0</ele>
      </trkpt>
      <trkpt lat="49.132781" lon="7.951877">
        <ele>317.7</ele>
      </trkpt>
      <trkpt lat="49.132838" lon="7.952131">
        <ele>316.7</ele>
      </trkpt>
      <trkpt lat="49.132866" lon="7.952451">
        <ele>313.1</ele>
      </trkpt>
      <trkpt lat="49.132892" lon="7.952728">
        <ele>309.4</ele>
      </trkpt>
      <trkpt lat="49.132995" lon="7.952907">
        <ele>309.7</ele>
      </trkpt>
      <trkpt lat="49.133081" lon="7.953002">
        <ele>311.0</ele>
      </trkpt>
      <trkpt lat="49.133176" lon="7.953088">
        <ele>313.0</ele>
      </trkpt>
      <trkpt lat="49.133325" lon="7.953238">
        <ele>316.4</ele>
      </trkpt>
      <trkpt lat="49.13343" lon="7.953461">
        <ele>317.3</ele>
      </trkpt>
      <trkpt lat="49.133525" lon="7.953737">
        <ele>318.0</ele>
      </trkpt>
      <trkpt lat="49.133542" lon="7.953965">
        <ele>318.0</ele>
      </trkpt>
      <trkpt lat="49.133506" lon="7.954167">
        <ele>317.9</ele>
      </trkpt>
      <trkpt lat="49.1334" lon="7.954297">
        <ele>315.5</ele>
      </trkpt>
      <trkpt lat="49.133251" lon="7.954369">
        <ele>311.3</ele>
      </trkpt>
      <trkpt lat="49.133095" lon="7.954473">
        <ele>308.0</ele>
      </trkpt>
      <trkpt lat="49.132974" lon="7.954585">
        <ele>306.3</ele>
      </trkpt>
      <trkpt lat="49.132895" lon="7.954775">
        <ele>307.0</ele>
      </trkpt>
      <trkpt lat="49.132855" lon="7.955026">
        <ele>309.8</ele>
      </trkpt>
      <trkpt lat="49.132856" lon="7.95505">
        <ele>310.2</ele>
        <name>Biosphärenreservat Pfälzerwald-Vosges du Nord, Silz, Annweiler am Trifels</name>
        <extensions>
          <oa:Extension>
            <oa:mapZoom>16</oa:mapZoom>
          </oa:Extension>
        </extensions>
      </trkpt>
      <trkpt lat="49.132864" lon="7.955219">
        <ele>313.1</ele>
      </trkpt>
      <trkpt lat="49.132899" lon="7.955496">
        <ele>318.7</ele>
      </trkpt>
      <trkpt lat="49.132917" lon="7.955675">
        <ele>322.5</ele>
      </trkpt>
      <trkpt lat="49.132878" lon="7.955848">
        <ele>324.9</ele>
      </trkpt>
      <trkpt lat="49.132793" lon="7.955998">
        <ele>325.9</ele>
      </trkpt>
      <trkpt lat="49.1327" lon="7.956053">
        <ele>324.7</ele>
      </trkpt>
      <trkpt lat="49.132614" lon="7.956085">
        <ele>323.2</ele>
      </trkpt>
      <trkpt lat="49.1325" lon="7.956129">
        <ele>321.2</ele>
      </trkpt>
      <trkpt lat="49.132402" lon="7.956167">
        <ele>319.2</ele>
      </trkpt>
      <trkpt lat="49.13229" lon="7.956258">
        <ele>317.4</ele>
      </trkpt>
      <trkpt lat="49.132216" lon="7.956355">
        <ele>316.3</ele>
      </trkpt>
      <trkpt lat="49.13216" lon="7.956485">
        <ele>315.9</ele>
      </trkpt>
      <trkpt lat="49.132121" lon="7.956663">
        <ele>316.3</ele>
      </trkpt>
      <trkpt lat="49.132087" lon="7.957019">
        <ele>318.9</ele>
      </trkpt>
      <trkpt lat="49.132061" lon="7.957412">
        <ele>323.0</ele>
      </trkpt>
      <trkpt lat="49.132036" lon="7.957856">
        <ele>328.3</ele>
      </trkpt>
      <trkpt lat="49.131991" lon="7.958128">
        <ele>330.9</ele>
        <name>Biosphärenreservat Pfälzerwald-Vosges du Nord, Bad Bergzabern</name>
        <extensions>
          <oa:Extension>
            <oa:mapZoom>16</oa:mapZoom>
          </oa:Extension>
        </extensions>
      </trkpt>
      <trkpt lat="49.131988" lon="7.958143">
        <ele>331.0</ele>
      </trkpt>
      <trkpt lat="49.131957" lon="7.95835">
        <ele>332.9</ele>
      </trkpt>
      <trkpt lat="49.131891" lon="7.958516">
        <ele>333.1</ele>
      </trkpt>
      <trkpt lat="49.131735" lon="7.958763">
        <ele>331.1</ele>
      </trkpt>
      <trkpt lat="49.131687" lon="7.958949">
        <ele>329.3</ele>
      </trkpt>
      <trkpt lat="49.131696" lon="7.959128">
        <ele>327.7</ele>
      </trkpt>
      <trkpt lat="49.131751" lon="7.959282">
        <ele>327.2</ele>
      </trkpt>
      <trkpt lat="49.131928" lon="7.9595">
        <ele>330.1</ele>
      </trkpt>
      <trkpt lat="49.132056" lon="7.959751">
        <ele>332.1</ele>
      </trkpt>
      <trkpt lat="49.132139" lon="7.959971">
        <ele>333.2</ele>
      </trkpt>
      <trkpt lat="49.132161" lon="7.960437">
        <ele>332.1</ele>
      </trkpt>
      <trkpt lat="49.1322" lon="7.960865">
        <ele>338.7</ele>
      </trkpt>
      <trkpt lat="49.132169" lon="7.96106">
        <ele>341.1</ele>
      </trkpt>
      <trkpt lat="49.132095" lon="7.9612">
        <ele>341.6</ele>
      </trkpt>
      <trkpt lat="49.131999" lon="7.961221">
        <ele>339.1</ele>
      </trkpt>
      <trkpt lat="49.131628" lon="7.961059">
        <ele>324.6</ele>
      </trkpt>
      <trkpt lat="49.131429" lon="7.961073">
        <ele>320.8</ele>
      </trkpt>
      <trkpt lat="49.131232" lon="7.961162">
        <ele>320.1</ele>
      </trkpt>
      <trkpt lat="49.131123" lon="7.961263">
        <ele>321.6</ele>
      </trkpt>
      <trkpt lat="49.131031" lon="7.961408">
        <ele>324.8</ele>
      </trkpt>
      <trkpt lat="49.130938" lon="7.961559">
        <ele>328.3</ele>
      </trkpt>
      <trkpt lat="49.130829" lon="7.961691">
        <ele>331.2</ele>
      </trkpt>
      <trkpt lat="49.130749" lon="7.961751">
        <ele>332.4</ele>
      </trkpt>
      <trkpt lat="49.13069" lon="7.961746">
        <ele>332.1</ele>
      </trkpt>
      <trkpt lat="49.130636" lon="7.961727">
        <ele>331.4</ele>
      </trkpt>
      <trkpt lat="49.130574" lon="7.96166">
        <ele>329.5</ele>
      </trkpt>
      <trkpt lat="49.130485" lon="7.961526">
        <ele>325.8</ele>
      </trkpt>
      <trkpt lat="49.130319" lon="7.961228">
        <ele>318.5</ele>
      </trkpt>
      <trkpt lat="49.130043" lon="7.960844">
        <ele>312.8</ele>
      </trkpt>
      <trkpt lat="49.129867" lon="7.960606">
        <ele>311.5</ele>
      </trkpt>
      <trkpt lat="49.129692" lon="7.960367">
        <ele>311.3</ele>
      </trkpt>
      <trkpt lat="49.129599" lon="7.960204">
        <ele>310.5</ele>
      </trkpt>
      <trkpt lat="49.129464" lon="7.960015">
        <ele>310.4</ele>
      </trkpt>
      <trkpt lat="49.129297" lon="7.959734">
        <ele>309.0</ele>
      </trkpt>
      <trkpt lat="49.129045" lon="7.959281">
        <ele>306.9</ele>
      </trkpt>
      <trkpt lat="49.128917" lon="7.959072">
        <ele>306.6</ele>
      </trkpt>
      <trkpt lat="49.128779" lon="7.958902">
        <ele>306.9</ele>
      </trkpt>
      <trkpt lat="49.128577" lon="7.958706">
        <ele>306.8</ele>
      </trkpt>
      <trkpt lat="49.128337" lon="7.958582">
        <ele>305.3</ele>
      </trkpt>
      <trkpt lat="49.12814" lon="7.958513">
        <ele>302.4</ele>
      </trkpt>
      <trkpt lat="49.127985" lon="7.958489">
        <ele>299.8</ele>
      </trkpt>
      <trkpt lat="49.127827" lon="7.958566">
        <ele>299.3</ele>
      </trkpt>
      <trkpt lat="49.127621" lon="7.958807">
        <ele>301.6</ele>
      </trkpt>
      <trkpt lat="49.127293" lon="7.959081">
        <ele>299.3</ele>
      </trkpt>
      <trkpt lat="49.127171" lon="7.959271">
        <ele>299.9</ele>
      </trkpt>
      <trkpt lat="49.126948" lon="7.959787">
        <ele>302.6</ele>
      </trkpt>
      <trkpt lat="49.126778" lon="7.96026">
        <ele>302.2</ele>
      </trkpt>
      <trkpt lat="49.12662" lon="7.960823">
        <ele>301.6</ele>
      </trkpt>
      <trkpt lat="49.126555" lon="7.961153">
        <ele>303.4</ele>
      </trkpt>
      <trkpt lat="49.126491" lon="7.961483">
        <ele>306.1</ele>
      </trkpt>
      <trkpt lat="49.126382" lon="7.961816">
        <ele>307.5</ele>
      </trkpt>
      <trkpt lat="49.126264" lon="7.962037">
        <ele>306.9</ele>
      </trkpt>
      <trkpt lat="49.126066" lon="7.962414">
        <ele>305.4</ele>
      </trkpt>
      <trkpt lat="49.125957" lon="7.962508">
        <ele>303.5</ele>
      </trkpt>
      <trkpt lat="49.125852" lon="7.962478">
        <ele>301.2</ele>
      </trkpt>
      <trkpt lat="49.125702" lon="7.963013">
        <ele>302.0</ele>
      </trkpt>
      <trkpt lat="49.125553" lon="7.963548">
        <ele>301.8</ele>
      </trkpt>
      <trkpt lat="49.125403" lon="7.964083">
        <ele>302.0</ele>
      </trkpt>
      <trkpt lat="49.125346" lon="7.964167">
        <ele>302.4</ele>
      </trkpt>
      <trkpt lat="49.125272" lon="7.964219">
        <ele>302.9</ele>
      </trkpt>
      <trkpt lat="49.125013" lon="7.964337">
        <ele>305.9</ele>
      </trkpt>
      <trkpt lat="49.124684" lon="7.964216">
        <ele>309.3</ele>
      </trkpt>
      <trkpt lat="49.12434" lon="7.964194">
        <ele>313.3</ele>
      </trkpt>
      <trkpt lat="49.124094" lon="7.964092">
        <ele>313.9</ele>
      </trkpt>
      <trkpt lat="49.123849" lon="7.96399">
        <ele>312.0</ele>
      </trkpt>
      <trkpt lat="49.123516" lon="7.963949">
        <ele>310.3</ele>
      </trkpt>
      <trkpt lat="49.123247" lon="7.964103">
        <ele>310.2</ele>
      </trkpt>
      <trkpt lat="49.123228" lon="7.964116">
        <ele>310.0</ele>
        <name>49.123228,7.964116</name>
        <extensions>
          <oa:Extension>
            <oa:mapZoom>15</oa:mapZoom>
          </oa:Extension>
        </extensions>
      </trkpt>
      <trkpt lat="49.123113" lon="7.964198">
        <ele>308.7</ele>
      </trkpt>
      <trkpt lat="49.122975" lon="7.964415">
        <ele>307.7</ele>
      </trkpt>
      <trkpt lat="49.12283" lon="7.964829">
        <ele>307.4</ele>
      </trkpt>
      <trkpt lat="49.122734" lon="7.965155">
        <ele>307.1</ele>
      </trkpt>
      <trkpt lat="49.122637" lon="7.96548">
        <ele>304.3</ele>
      </trkpt>
      <trkpt lat="49.122537" lon="7.965889">
        <ele>301.7</ele>
      </trkpt>
      <trkpt lat="49.122487" lon="7.966319">
        <ele>301.4</ele>
      </trkpt>
      <trkpt lat="49.122462" lon="7.96652">
        <ele>301.7</ele>
      </trkpt>
      <trkpt lat="49.122433" lon="7.966628">
        <ele>301.9</ele>
      </trkpt>
      <trkpt lat="49.122406" lon="7.966698">
        <ele>301.9</ele>
      </trkpt>
      <trkpt lat="49.122345" lon="7.966736">
        <ele>301.4</ele>
      </trkpt>
      <trkpt lat="49.122127" lon="7.966696">
        <ele>298.1</ele>
      </trkpt>
      <trkpt lat="49.121733" lon="7.966606">
        <ele>294.3</ele>
      </trkpt>
      <trkpt lat="49.1213" lon="7.966565">
        <ele>295.4</ele>
      </trkpt>
      <trkpt lat="49.120991" lon="7.966351">
        <ele>293.7</ele>
      </trkpt>
      <trkpt lat="49.120682" lon="7.966136">
        <ele>292.2</ele>
      </trkpt>
      <trkpt lat="49.120365" lon="7.965961">
        <ele>292.1</ele>
      </trkpt>
      <trkpt lat="49.120049" lon="7.965785">
        <ele>291.1</ele>
      </trkpt>
      <trkpt lat="49.119702" lon="7.965666">
        <ele>288.9</ele>
      </trkpt>
      <trkpt lat="49.119355" lon="7.965546">
        <ele>286.0</ele>
      </trkpt>
      <trkpt lat="49.119067" lon="7.965541">
        <ele>285.7</ele>
      </trkpt>
      <trkpt lat="49.11877" lon="7.965496">
        <ele>284.4</ele>
      </trkpt>
      <trkpt lat="49.118549" lon="7.965431">
        <ele>281.8</ele>
      </trkpt>
      <trkpt lat="49.118379" lon="7.965414">
        <ele>279.7</ele>
      </trkpt>
      <trkpt lat="49.11857" lon="7.965598">
        <ele>285.1</ele>
      </trkpt>
      <trkpt lat="49.118753" lon="7.965754">
        <ele>289.2</ele>
      </trkpt>
      <trkpt lat="49.118923" lon="7.965855">
        <ele>291.7</ele>
      </trkpt>
      <trkpt lat="49.119053" lon="7.965946">
        <ele>293.8</ele>
      </trkpt>
      <trkpt lat="49.119313" lon="7.966161">
        <ele>298.7</ele>
      </trkpt>
      <trkpt lat="49.119569" lon="7.966391">
        <ele>303.9</ele>
      </trkpt>
      <trkpt lat="49.11985" lon="7.966622">
        <ele>308.8</ele>
      </trkpt>
      <trkpt lat="49.120071" lon="7.966805">
        <ele>312.3</ele>
      </trkpt>
      <trkpt lat="49.120189" lon="7.966919">
        <ele>314.1</ele>
      </trkpt>
      <trkpt lat="49.120325" lon="7.967074">
        <ele>316.3</ele>
      </trkpt>
      <trkpt lat="49.120451" lon="7.967172">
        <ele>316.7</ele>
      </trkpt>
      <trkpt lat="49.120507" lon="7.967258">
        <ele>317.7</ele>
      </trkpt>
      <trkpt lat="49.12051" lon="7.967312">
        <ele>318.8</ele>
      </trkpt>
      <trkpt lat="49.120289" lon="7.967236">
        <ele>320.8</ele>
      </trkpt>
      <trkpt lat="49.120022" lon="7.967156">
        <ele>321.9</ele>
      </trkpt>
      <trkpt lat="49.119721" lon="7.967102">
        <ele>322.7</ele>
      </trkpt>
      <trkpt lat="49.119504" lon="7.966955">
        <ele>319.1</ele>
      </trkpt>
      <trkpt lat="49.11933" lon="7.966866">
        <ele>317.0</ele>
      </trkpt>
      <trkpt lat="49.11913" lon="7.966799">
        <ele>315.4</ele>
      </trkpt>
      <trkpt lat="49.118839" lon="7.966742">
        <ele>313.8</ele>
      </trkpt>
      <trkpt lat="49.118553" lon="7.966761">
        <ele>313.0</ele>
      </trkpt>
      <trkpt lat="49.118229" lon="7.966809">
        <ele>310.4</ele>
      </trkpt>
      <trkpt lat="49.117957" lon="7.966906">
        <ele>309.1</ele>
      </trkpt>
      <trkpt lat="49.117735" lon="7.966983">
        <ele>308.6</ele>
      </trkpt>
      <trkpt lat="49.117528" lon="7.967171">
        <ele>312.5</ele>
      </trkpt>
      <trkpt lat="49.117331" lon="7.967278">
        <ele>314.9</ele>
      </trkpt>
      <trkpt lat="49.117153" lon="7.967238">
        <ele>313.4</ele>
      </trkpt>
      <trkpt lat="49.116857" lon="7.967032">
        <ele>307.0</ele>
      </trkpt>
      <trkpt lat="49.116552" lon="7.967058">
        <ele>306.5</ele>
      </trkpt>
      <trkpt lat="49.116246" lon="7.967083">
        <ele>305.6</ele>
      </trkpt>
      <trkpt lat="49.11594" lon="7.967109">
        <ele>304.4</ele>
      </trkpt>
      <trkpt lat="49.115526" lon="7.967225">
        <ele>303.4</ele>
      </trkpt>
      <trkpt lat="49.115113" lon="7.96734">
        <ele>300.4</ele>
      </trkpt>
      <trkpt lat="49.1148" lon="7.967756">
        <ele>305.3</ele>
      </trkpt>
      <trkpt lat="49.114487" lon="7.968172">
        <ele>306.1</ele>
      </trkpt>
      <trkpt lat="49.1143" lon="7.968512">
        <ele>305.1</ele>
      </trkpt>
      <trkpt lat="49.114112" lon="7.968852">
        <ele>302.5</ele>
      </trkpt>
      <trkpt lat="49.114019" lon="7.969227">
        <ele>303.0</ele>
      </trkpt>
      <trkpt lat="49.113925" lon="7.969601">
        <ele>301.4</ele>
      </trkpt>
      <trkpt lat="49.113939" lon="7.970137">
        <ele>301.5</ele>
      </trkpt>
      <trkpt lat="49.113921" lon="7.970551">
        <ele>297.6</ele>
      </trkpt>
      <trkpt lat="49.11394" lon="7.970922">
        <ele>296.6</ele>
      </trkpt>
      <trkpt lat="49.113958" lon="7.971292">
        <ele>297.8</ele>
      </trkpt>
      <trkpt lat="49.11399" lon="7.971971">
        <ele>302.6</ele>
      </trkpt>
      <trkpt lat="49.113994" lon="7.972492">
        <ele>307.3</ele>
      </trkpt>
      <trkpt lat="49.113854" lon="7.972599">
        <ele>304.0</ele>
      </trkpt>
      <trkpt lat="49.113486" lon="7.972658">
        <ele>297.6</ele>
      </trkpt>
      <trkpt lat="49.113409" lon="7.97252">
        <ele>293.6</ele>
      </trkpt>
      <trkpt lat="49.113073" lon="7.972353">
        <ele>288.9</ele>
      </trkpt>
      <trkpt lat="49.112705" lon="7.971998">
        <ele>282.1</ele>
      </trkpt>
      <trkpt lat="49.112531" lon="7.972037">
        <ele>285.1</ele>
      </trkpt>
      <trkpt lat="49.112324" lon="7.971988">
        <ele>286.5</ele>
      </trkpt>
      <trkpt lat="49.112228" lon="7.971879">
        <ele>285.4</ele>
      </trkpt>
      <trkpt lat="49.112098" lon="7.971534">
        <ele>279.8</ele>
      </trkpt>
      <trkpt lat="49.111981" lon="7.971333">
        <ele>278.0</ele>
        <name>49.111981,7.971333</name>
        <extensions>
          <oa:Extension>
            <oa:mapZoom>15</oa:mapZoom>
          </oa:Extension>
        </extensions>
      </trkpt>
      <trkpt lat="49.111934" lon="7.971253">
        <ele>277.2</ele>
      </trkpt>
      <trkpt lat="49.111769" lon="7.970972">
        <ele>275.2</ele>
      </trkpt>
      <trkpt lat="49.111504" lon="7.970735">
        <ele>276.0</ele>
      </trkpt>
      <trkpt lat="49.111321" lon="7.970528">
        <ele>274.8</ele>
      </trkpt>
      <trkpt lat="49.111137" lon="7.970321">
        <ele>272.4</ele>
      </trkpt>
      <trkpt lat="49.110769" lon="7.970183">
        <ele>269.4</ele>
      </trkpt>
      <trkpt lat="49.110452" lon="7.970223">
        <ele>267.4</ele>
      </trkpt>
      <trkpt lat="49.110104" lon="7.970144">
        <ele>261.7</ele>
      </trkpt>
      <trkpt lat="49.109859" lon="7.970025">
        <ele>257.5</ele>
      </trkpt>
      <trkpt lat="49.109607" lon="7.969833">
        <ele>251.8</ele>
      </trkpt>
      <trkpt lat="49.109355" lon="7.969641">
        <ele>245.8</ele>
      </trkpt>
      <trkpt lat="49.109072" lon="7.969598">
        <ele>242.3</ele>
      </trkpt>
      <trkpt lat="49.10879" lon="7.969555">
        <ele>235.6</ele>
      </trkpt>
      <trkpt lat="49.108575" lon="7.969686">
        <ele>235.8</ele>
      </trkpt>
      <trkpt lat="49.108361" lon="7.969818">
        <ele>235.4</ele>
      </trkpt>
      <trkpt lat="49.108041" lon="7.970025">
        <ele>232.7</ele>
      </trkpt>
      <trkpt lat="49.107722" lon="7.970232">
        <ele>226.1</ele>
      </trkpt>
      <trkpt lat="49.107614" lon="7.970299">
        <ele>223.4</ele>
      </trkpt>
      <trkpt lat="49.107406" lon="7.970576">
        <ele>223.4</ele>
      </trkpt>
      <trkpt lat="49.107201" lon="7.970851">
        <ele>221.2</ele>
        <name>49.107201,7.970851</name>
        <extensions>
          <oa:Extension>
            <oa:mapZoom>16</oa:mapZoom>
          </oa:Extension>
        </extensions>
      </trkpt>
      <trkpt lat="49.107199" lon="7.970854">
        <ele>221.2</ele>
      </trkpt>
      <trkpt lat="49.10707" lon="7.971081">
        <ele>219.7</ele>
      </trkpt>
      <trkpt lat="49.107025" lon="7.971248">
        <ele>220.6</ele>
      </trkpt>
      <trkpt lat="49.106736" lon="7.97162">
        <ele>214.3</ele>
      </trkpt>
      <trkpt lat="49.106608" lon="7.97214">
        <ele>217.4</ele>
      </trkpt>
      <trkpt lat="49.106534" lon="7.972349">
        <ele>217.4</ele>
        <name>49.106534,7.972349</name>
        <extensions>
          <oa:Extension>
            <oa:mapZoom>16</oa:mapZoom>
          </oa:Extension>
        </extensions>
      </trkpt>
      <trkpt lat="49.106502" lon="7.972442">
        <ele>217.4</ele>
      </trkpt>
      <trkpt lat="49.106338" lon="7.972608">
        <ele>213.6</ele>
      </trkpt>
      <trkpt lat="49.106206" lon="7.972667">
        <ele>210.4</ele>
      </trkpt>
      <trkpt lat="49.106112" lon="7.972695">
        <ele>208.2</ele>
      </trkpt>
      <trkpt lat="49.106024" lon="7.972708">
        <ele>206.4</ele>
      </trkpt>
      <trkpt lat="49.105921" lon="7.972797">
        <ele>205.2</ele>
        <name>49.105921,7.972797</name>
        <extensions>
          <oa:Extension>
            <oa:mapZoom>17</oa:mapZoom>
          </oa:Extension>
        </extensions>
      </trkpt>
      <trkpt lat="49.105798" lon="7.972905">
        <ele>203.8</ele>
      </trkpt>
      <trkpt lat="49.105572" lon="7.973082">
        <ele>202.6</ele>
      </trkpt>
      <trkpt lat="49.105343" lon="7.973201">
        <ele>202.3</ele>
      </trkpt>
      <trkpt lat="49.105293" lon="7.973227">
        <ele>202.6</ele>
      </trkpt>
      <trkpt lat="49.105293" lon="7.973226">
        <ele>202.6</ele>
        <name>49.105293,7.973227</name>
        <extensions>
          <oa:Extension>
            <oa:mapZoom>17</oa:mapZoom>
          </oa:Extension>
        </extensions>
      </trkpt>
      <trkpt lat="49.105114" lon="7.973319">
        <ele>203.6</ele>
      </trkpt>
      <trkpt lat="49.104911" lon="7.973369">
        <ele>205.5</ele>
        <name>49.104911,7.973369</name>
        <extensions>
          <oa:Extension>
            <oa:mapZoom>17</oa:mapZoom>
          </oa:Extension>
        </extensions>
      </trkpt>
      <trkpt lat="49.104875" lon="7.973378">
        <ele>205.8</ele>
      </trkpt>
      <trkpt lat="49.104633" lon="7.973334">
        <ele>206.7</ele>
      </trkpt>
      <trkpt lat="49.104391" lon="7.973289">
        <ele>206.4</ele>
      </trkpt>
      <trkpt lat="49.104319" lon="7.973301">
        <ele>206.1</ele>
        <name>49.104319,7.973301</name>
        <extensions>
          <oa:Extension>
            <oa:mapZoom>17</oa:mapZoom>
          </oa:Extension>
        </extensions>
      </trkpt>
      <trkpt lat="49.103977" lon="7.973358">
        <ele>204.7</ele>
      </trkpt>
      <trkpt lat="49.103707" lon="7.973577">
        <ele>204.3</ele>
        <name>49.103707,7.973577</name>
        <extensions>
          <oa:Extension>
            <oa:mapZoom>17</oa:mapZoom>
          </oa:Extension>
        </extensions>
      </trkpt>
      <trkpt lat="49.103661" lon="7.973615">
        <ele>204.2</ele>
      </trkpt>
      <trkpt lat="49.1035" lon="7.97398">
        <ele>207.6</ele>
      </trkpt>
      <trkpt lat="49.103596" lon="7.974236">
        <ele>215.4</ele>
      </trkpt>
      <trkpt lat="49.103558" lon="7.974364">
        <ele>216.8</ele>
      </trkpt>
      <trkpt lat="49.103655" lon="7.974404">
        <ele>220.4</ele>
      </trkpt>
      <trkpt lat="49.103797" lon="7.974335">
        <ele>223.4</ele>
      </trkpt>
      <trkpt lat="49.103832" lon="7.974342">
        <ele>224.5</ele>
        <name>49.103832,7.974342</name>
        <extensions>
          <oa:Extension>
            <oa:mapZoom>17</oa:mapZoom>
          </oa:Extension>
        </extensions>
      </trkpt>
      <trkpt lat="49.103939" lon="7.974364">
        <ele>227.9</ele>
      </trkpt>
      <trkpt lat="49.104184" lon="7.974473">
        <ele>234.4</ele>
      </trkpt>
      <trkpt lat="49.104029" lon="7.974207">
        <ele>227.3</ele>
      </trkpt>
      <trkpt lat="49.104378" lon="7.974295">
        <ele>234.0</ele>
      </trkpt>
      <trkpt lat="49.104561" lon="7.974369">
        <ele>234.7</ele>
        <name>49.104561,7.974369</name>
        <extensions>
          <oa:Extension>
            <oa:mapZoom>17</oa:mapZoom>
          </oa:Extension>
        </extensions>
      </trkpt>
      <trkpt lat="49.104694" lon="7.974423">
        <ele>235.3</ele>
      </trkpt>
      <trkpt lat="49.104933" lon="7.974374">
        <ele>233.3</ele>
      </trkpt>
      <trkpt lat="49.105288" lon="7.974601">
        <ele>239.3</ele>
      </trkpt>
      <trkpt lat="49.105516" lon="7.97473">
        <ele>244.8</ele>
        <name>49.105516,7.974730</name>
        <extensions>
          <oa:Extension>
            <oa:mapZoom>17</oa:mapZoom>
          </oa:Extension>
        </extensions>
      </trkpt>
      <trkpt lat="49.105662" lon="7.974813">
        <ele>248.3</ele>
      </trkpt>
      <trkpt lat="49.106037" lon="7.975025">
        <ele>255.0</ele>
      </trkpt>
      <trkpt lat="49.106411" lon="7.975237">
        <ele>258.7</ele>
      </trkpt>
      <trkpt lat="49.106786" lon="7.975449">
        <ele>261.4</ele>
      </trkpt>
      <trkpt lat="49.107012" lon="7.975563">
        <ele>262.7</ele>
      </trkpt>
      <trkpt lat="49.107332" lon="7.975723">
        <ele>265.7</ele>
      </trkpt>
      <trkpt lat="49.107651" lon="7.975883">
        <ele>270.2</ele>
      </trkpt>
      <trkpt lat="49.107761" lon="7.975936">
        <ele>271.9</ele>
        <name>49.107761,7.975936</name>
        <extensions>
          <oa:Extension>
            <oa:mapZoom>17</oa:mapZoom>
          </oa:Extension>
        </extensions>
      </trkpt>
      <trkpt lat="49.107939" lon="7.976021">
        <ele>274.7</ele>
      </trkpt>
      <trkpt lat="49.108227" lon="7.976159">
        <ele>279.0</ele>
      </trkpt>
      <trkpt lat="49.108516" lon="7.976297">
        <ele>282.8</ele>
      </trkpt>
      <trkpt lat="49.108846" lon="7.976543">
        <ele>287.2</ele>
      </trkpt>
      <trkpt lat="49.108683" lon="7.977173">
        <ele>286.3</ele>
      </trkpt>
      <trkpt lat="49.108684" lon="7.977316">
        <ele>285.6</ele>
      </trkpt>
      <trkpt lat="49.108726" lon="7.977422">
        <ele>285.3</ele>
      </trkpt>
      <trkpt lat="49.108933" lon="7.977628">
        <ele>285.7</ele>
      </trkpt>
      <trkpt lat="49.10914" lon="7.977834">
        <ele>285.6</ele>
      </trkpt>
      <trkpt lat="49.109308" lon="7.97811">
        <ele>284.0</ele>
      </trkpt>
      <trkpt lat="49.109359" lon="7.978317">
        <ele>282.2</ele>
      </trkpt>
      <trkpt lat="49.109383" lon="7.978649">
        <ele>278.9</ele>
      </trkpt>
      <trkpt lat="49.109382" lon="7.979321">
        <ele>273.6</ele>
      </trkpt>
      <trkpt lat="49.109377" lon="7.979668">
        <ele>272.5</ele>
      </trkpt>
      <trkpt lat="49.109316" lon="7.979812">
        <ele>272.2</ele>
      </trkpt>
      <trkpt lat="49.109218" lon="7.979885">
        <ele>271.7</ele>
      </trkpt>
      <trkpt lat="49.109109" lon="7.979952">
        <ele>271.3</ele>
      </trkpt>
      <trkpt lat="49.108941" lon="7.97997">
        <ele>270.7</ele>
      </trkpt>
      <trkpt lat="49.108933" lon="7.980051">
        <ele>271.1</ele>
      </trkpt>
      <trkpt lat="49.108919" lon="7.980119">
        <ele>271.4</ele>
      </trkpt>
      <trkpt lat="49.10888" lon="7.980187">
        <ele>271.6</ele>
      </trkpt>
      <trkpt lat="49.108843" lon="7.980232">
        <ele>271.8</ele>
      </trkpt>
      <trkpt lat="49.108754" lon="7.980332">
        <ele>272.3</ele>
      </trkpt>
      <trkpt lat="49.108659" lon="7.980373">
        <ele>272.5</ele>
      </trkpt>
      <trkpt lat="49.108564" lon="7.980394">
        <ele>272.6</ele>
      </trkpt>
      <trkpt lat="49.108538" lon="7.980393">
        <ele>272.6</ele>
        <name>49.108538,7.980393</name>
        <extensions>
          <oa:Extension>
            <oa:mapZoom>16</oa:mapZoom>
          </oa:Extension>
        </extensions>
      </trkpt>
      <trkpt lat="49.108183" lon="7.980385">
        <ele>272.5</ele>
      </trkpt>
      <trkpt lat="49.107878" lon="7.980317">
        <ele>271.5</ele>
      </trkpt>
      <trkpt lat="49.107741" lon="7.980334">
        <ele>271.2</ele>
      </trkpt>
      <trkpt lat="49.107624" lon="7.980411">
        <ele>271.8</ele>
      </trkpt>
      <trkpt lat="49.107497" lon="7.980532">
        <ele>272.8</ele>
      </trkpt>
      <trkpt lat="49.107387" lon="7.98069">
        <ele>274.2</ele>
      </trkpt>
      <trkpt lat="49.10715" lon="7.98108">
        <ele>277.1</ele>
      </trkpt>
      <trkpt lat="49.106972" lon="7.981503">
        <ele>280.9</ele>
      </trkpt>
      <trkpt lat="49.106812" lon="7.981895">
        <ele>284.4</ele>
      </trkpt>
      <trkpt lat="49.106735" lon="7.982137">
        <ele>287.0</ele>
      </trkpt>
      <trkpt lat="49.106692" lon="7.982316">
        <ele>289.2</ele>
      </trkpt>
      <trkpt lat="49.106701" lon="7.982595">
        <ele>292.9</ele>
      </trkpt>
      <trkpt lat="49.106752" lon="7.982832">
        <ele>295.9</ele>
      </trkpt>
      <trkpt lat="49.106908" lon="7.983129">
        <ele>299.6</ele>
      </trkpt>
      <trkpt lat="49.107065" lon="7.983425">
        <ele>301.9</ele>
      </trkpt>
      <trkpt lat="49.10726" lon="7.983849">
        <ele>302.3</ele>
      </trkpt>
      <trkpt lat="49.107378" lon="7.984238">
        <ele>300.5</ele>
      </trkpt>
      <trkpt lat="49.107452" lon="7.984646">
        <ele>298.3</ele>
      </trkpt>
      <trkpt lat="49.107539" lon="7.984558">
        <ele>299.3</ele>
      </trkpt>
      <trkpt lat="49.107763" lon="7.984668">
        <ele>299.8</ele>
      </trkpt>
      <trkpt lat="49.107988" lon="7.984779">
        <ele>300.3</ele>
      </trkpt>
      <trkpt lat="49.108145" lon="7.984772">
        <ele>300.9</ele>
      </trkpt>
      <trkpt lat="49.10836" lon="7.985025">
        <ele>300.6</ele>
      </trkpt>
      <trkpt lat="49.108692" lon="7.98548">
        <ele>300.4</ele>
      </trkpt>
      <trkpt lat="49.108836" lon="7.985763">
        <ele>300.6</ele>
      </trkpt>
      <trkpt lat="49.10898" lon="7.986046">
        <ele>300.7</ele>
      </trkpt>
      <trkpt lat="49.109314" lon="7.98631">
        <ele>299.8</ele>
      </trkpt>
      <trkpt lat="49.109627" lon="7.986587">
        <ele>297.3</ele>
      </trkpt>
      <trkpt lat="49.10994" lon="7.986864">
        <ele>295.4</ele>
      </trkpt>
      <trkpt lat="49.109682" lon="7.987034">
        <ele>297.7</ele>
      </trkpt>
      <trkpt lat="49.109528" lon="7.987231">
        <ele>299.0</ele>
      </trkpt>
      <trkpt lat="49.109392" lon="7.987344">
        <ele>299.5</ele>
      </trkpt>
      <trkpt lat="49.109285" lon="7.987393">
        <ele>299.7</ele>
      </trkpt>
      <trkpt lat="49.109194" lon="7.987486">
        <ele>299.7</ele>
      </trkpt>
      <trkpt lat="49.109149" lon="7.987599">
        <ele>299.6</ele>
      </trkpt>
      <trkpt lat="49.109003" lon="7.987783">
        <ele>299.2</ele>
      </trkpt>
      <trkpt lat="49.108918" lon="7.987953">
        <ele>298.6</ele>
      </trkpt>
      <trkpt lat="49.108855" lon="7.988152">
        <ele>297.6</ele>
      </trkpt>
      <trkpt lat="49.108674" lon="7.988551">
        <ele>294.4</ele>
      </trkpt>
      <trkpt lat="49.108587" lon="7.988724">
        <ele>293.7</ele>
      </trkpt>
      <trkpt lat="49.108526" lon="7.988825">
        <ele>293.2</ele>
      </trkpt>
      <trkpt lat="49.108415" lon="7.988987">
        <ele>291.6</ele>
      </trkpt>
      <trkpt lat="49.108303" lon="7.989061">
        <ele>290.4</ele>
      </trkpt>
      <trkpt lat="49.108049" lon="7.989186">
        <ele>288.3</ele>
      </trkpt>
      <trkpt lat="49.107905" lon="7.98923">
        <ele>287.8</ele>
      </trkpt>
      <trkpt lat="49.107804" lon="7.989249">
        <ele>287.7</ele>
      </trkpt>
      <trkpt lat="49.10756" lon="7.989287">
        <ele>287.7</ele>
      </trkpt>
      <trkpt lat="49.107419" lon="7.989334">
        <ele>287.7</ele>
      </trkpt>
      <trkpt lat="49.107385" lon="7.989362">
        <ele>287.6</ele>
      </trkpt>
      <trkpt lat="49.107354" lon="7.989394">
        <ele>287.6</ele>
      </trkpt>
      <trkpt lat="49.10736" lon="7.989664">
        <ele>285.7</ele>
      </trkpt>
      <trkpt lat="49.107373" lon="7.990076">
        <ele>283.1</ele>
      </trkpt>
      <trkpt lat="49.10742" lon="7.990395">
        <ele>280.5</ele>
      </trkpt>
      <trkpt lat="49.107434" lon="7.990499">
        <ele>279.7</ele>
      </trkpt>
      <trkpt lat="49.107438" lon="7.990608">
        <ele>279.1</ele>
      </trkpt>
      <trkpt lat="49.107427" lon="7.990818">
        <ele>278.5</ele>
      </trkpt>
      <trkpt lat="49.107431" lon="7.991082">
        <ele>275.7</ele>
      </trkpt>
      <trkpt lat="49.107469" lon="7.99143">
        <ele>271.8</ele>
      </trkpt>
      <trkpt lat="49.107483" lon="7.991565">
        <ele>270.4</ele>
        <name>49.107483,7.991565</name>
        <extensions>
          <oa:Extension>
            <oa:mapZoom>17</oa:mapZoom>
          </oa:Extension>
        </extensions>
      </trkpt>
      <trkpt lat="49.107496" lon="7.991689">
        <ele>269.2</ele>
      </trkpt>
      <trkpt lat="49.107529" lon="7.991898">
        <ele>267.1</ele>
      </trkpt>
      <trkpt lat="49.10757" lon="7.992203">
        <ele>264.1</ele>
      </trkpt>
      <trkpt lat="49.107583" lon="7.992592">
        <ele>260.9</ele>
      </trkpt>
      <trkpt lat="49.107596" lon="7.99298">
        <ele>258.4</ele>
      </trkpt>
      <trkpt lat="49.107597" lon="7.993026">
        <ele>258.1</ele>
        <name>49.107597,7.993026</name>
        <extensions>
          <oa:Extension>
            <oa:mapZoom>17</oa:mapZoom>
          </oa:Extension>
        </extensions>
      </trkpt>
      <trkpt lat="49.1076" lon="7.993128">
        <ele>257.5</ele>
      </trkpt>
      <trkpt lat="49.107609" lon="7.993174">
        <ele>257.2</ele>
      </trkpt>
      <trkpt lat="49.107624" lon="7.993214">
        <ele>256.8</ele>
      </trkpt>
      <trkpt lat="49.107647" lon="7.993244">
        <ele>256.3</ele>
      </trkpt>
      <trkpt lat="49.107674" lon="7.993264">
        <ele>255.9</ele>
      </trkpt>
      <trkpt lat="49.107708" lon="7.993286">
        <ele>255.2</ele>
      </trkpt>
      <trkpt lat="49.107746" lon="7.993297">
        <ele>254.6</ele>
      </trkpt>
      <trkpt lat="49.107796" lon="7.993296">
        <ele>253.7</ele>
      </trkpt>
      <trkpt lat="49.107845" lon="7.993282">
        <ele>252.8</ele>
      </trkpt>
      <trkpt lat="49.1079" lon="7.99325">
        <ele>251.9</ele>
      </trkpt>
      <trkpt lat="49.10795" lon="7.993178">
        <ele>251.3</ele>
      </trkpt>
      <trkpt lat="49.108011" lon="7.993048">
        <ele>250.9</ele>
      </trkpt>
      <trkpt lat="49.10806" lon="7.99291">
        <ele>250.8</ele>
      </trkpt>
      <trkpt lat="49.10825" lon="7.992328">
        <ele>252.3</ele>
      </trkpt>
      <trkpt lat="49.108352" lon="7.992129">
        <ele>253.0</ele>
      </trkpt>
      <trkpt lat="49.108446" lon="7.99198">
        <ele>253.8</ele>
      </trkpt>
      <trkpt lat="49.108474" lon="7.991952">
        <ele>253.9</ele>
      </trkpt>
      <trkpt lat="49.108493" lon="7.99195">
        <ele>253.9</ele>
      </trkpt>
      <trkpt lat="49.108527" lon="7.991965">
        <ele>253.6</ele>
      </trkpt>
      <trkpt lat="49.108566" lon="7.991997">
        <ele>253.2</ele>
      </trkpt>
      <trkpt lat="49.108587" lon="7.992036">
        <ele>252.7</ele>
      </trkpt>
      <trkpt lat="49.108598" lon="7.992086">
        <ele>252.2</ele>
      </trkpt>
      <trkpt lat="49.108604" lon="7.992141">
        <ele>251.5</ele>
      </trkpt>
      <trkpt lat="49.108616" lon="7.992331">
        <ele>249.4</ele>
      </trkpt>
      <trkpt lat="49.10863" lon="7.992523">
        <ele>247.4</ele>
      </trkpt>
      <trkpt lat="49.108654" lon="7.993128">
        <ele>242.2</ele>
      </trkpt>
      <trkpt lat="49.108678" lon="7.993734">
        <ele>237.9</ele>
      </trkpt>
      <trkpt lat="49.108669" lon="7.993978">
        <ele>236.3</ele>
      </trkpt>
      <trkpt lat="49.108642" lon="7.994223">
        <ele>234.8</ele>
      </trkpt>
      <trkpt lat="49.108638" lon="7.994241">
        <ele>234.6</ele>
      </trkpt>
      <trkpt lat="49.10857" lon="7.994558">
        <ele>232.6</ele>
        <name>49.108574,7.994560</name>
        <extensions>
          <oa:Extension>
            <oa:mapZoom>17</oa:mapZoom>
          </oa:Extension>
        </extensions>
      </trkpt>
      <trkpt lat="49.108544" lon="7.994681">
        <ele>231.9</ele>
      </trkpt>
      <trkpt lat="49.108451" lon="7.995122">
        <ele>227.6</ele>
      </trkpt>
      <trkpt lat="49.108394" lon="7.995345">
        <ele>224.8</ele>
      </trkpt>
      <trkpt lat="49.108357" lon="7.995325">
        <ele>224.7</ele>
      </trkpt>
      <trkpt lat="49.108305" lon="7.995263">
        <ele>225.1</ele>
      </trkpt>
      <trkpt lat="49.108243" lon="7.995184">
        <ele>225.8</ele>
      </trkpt>
      <trkpt lat="49.108092" lon="7.995111">
        <ele>226.7</ele>
      </trkpt>
      <trkpt lat="49.107983" lon="7.995058">
        <ele>227.6</ele>
      </trkpt>
      <trkpt lat="49.107747" lon="7.994943">
        <ele>229.6</ele>
      </trkpt>
      <trkpt lat="49.107511" lon="7.994828">
        <ele>231.4</ele>
      </trkpt>
      <trkpt lat="49.107213" lon="7.994684">
        <ele>232.9</ele>
      </trkpt>
      <trkpt lat="49.106915" lon="7.99454">
        <ele>232.9</ele>
      </trkpt>
      <trkpt lat="49.106657" lon="7.994365">
        <ele>232.8</ele>
      </trkpt>
      <trkpt lat="49.10644" lon="7.994161">
        <ele>232.2</ele>
      </trkpt>
      <trkpt lat="49.10644" lon="7.99416">
        <ele>232.2</ele>
        <name>49.106438,7.994163</name>
        <extensions>
          <oa:Extension>
            <oa:mapZoom>17</oa:mapZoom>
          </oa:Extension>
        </extensions>
      </trkpt>
      <trkpt lat="49.106352" lon="7.994078">
        <ele>232.0</ele>
      </trkpt>
      <trkpt lat="49.106206" lon="7.993786">
        <ele>233.2</ele>
      </trkpt>
      <trkpt lat="49.106061" lon="7.993494">
        <ele>232.5</ele>
      </trkpt>
      <trkpt lat="49.105863" lon="7.9931">
        <ele>231.6</ele>
      </trkpt>
      <trkpt lat="49.105665" lon="7.992706">
        <ele>233.0</ele>
      </trkpt>
      <trkpt lat="49.105614" lon="7.992626">
        <ele>233.3</ele>
      </trkpt>
      <trkpt lat="49.105391" lon="7.992418">
        <ele>232.5</ele>
      </trkpt>
      <trkpt lat="49.105167" lon="7.99221">
        <ele>231.7</ele>
      </trkpt>
      <trkpt lat="49.104918" lon="7.991974">
        <ele>230.6</ele>
      </trkpt>
      <trkpt lat="49.104669" lon="7.991778">
        <ele>229.3</ele>
      </trkpt>
      <trkpt lat="49.104501" lon="7.991666">
        <ele>228.1</ele>
      </trkpt>
      <trkpt lat="49.104497" lon="7.991663">
        <ele>228.1</ele>
        <name>49.104497,7.991663</name>
        <extensions>
          <oa:Extension>
            <oa:mapZoom>16</oa:mapZoom>
          </oa:Extension>
        </extensions>
      </trkpt>
      <trkpt lat="49.104441" lon="7.991626">
        <ele>227.8</ele>
      </trkpt>
      <trkpt lat="49.104199" lon="7.991498">
        <ele>225.8</ele>
      </trkpt>
      <trkpt lat="49.103954" lon="7.991423">
        <ele>222.7</ele>
      </trkpt>
      <trkpt lat="49.103708" lon="7.991348">
        <ele>219.4</ele>
      </trkpt>
      <trkpt lat="49.103632" lon="7.991326">
        <ele>218.3</ele>
      </trkpt>
      <trkpt lat="49.103525" lon="7.991284">
        <ele>216.9</ele>
      </trkpt>
      <trkpt lat="49.103418" lon="7.991242">
        <ele>215.4</ele>
      </trkpt>
      <trkpt lat="49.103224" lon="7.99115">
        <ele>212.7</ele>
      </trkpt>
      <trkpt lat="49.103118" lon="7.991095">
        <ele>211.3</ele>
      </trkpt>
      <trkpt lat="49.102844" lon="7.990913">
        <ele>207.8</ele>
      </trkpt>
      <trkpt lat="49.102569" lon="7.990731">
        <ele>205.1</ele>
      </trkpt>
      <trkpt lat="49.102246" lon="7.990495">
        <ele>203.8</ele>
      </trkpt>
      <trkpt lat="49.101923" lon="7.99026">
        <ele>202.9</ele>
      </trkpt>
      <trkpt lat="49.101599" lon="7.990025">
        <ele>200.8</ele>
      </trkpt>
      <trkpt lat="49.101276" lon="7.989789">
        <ele>196.6</ele>
      </trkpt>
      <trkpt lat="49.101068" lon="7.989638">
        <ele>193.5</ele>
      </trkpt>
      <trkpt lat="49.100859" lon="7.989486">
        <ele>190.9</ele>
      </trkpt>
      <trkpt lat="49.10078" lon="7.989495">
        <ele>189.5</ele>
        <name>49.100780,7.989495</name>
        <extensions>
          <oa:Extension>
            <oa:mapZoom>16</oa:mapZoom>
          </oa:Extension>
        </extensions>
      </trkpt>
      <trkpt lat="49.100764" lon="7.989496">
        <ele>189.2</ele>
      </trkpt>
      <trkpt lat="49.100675" lon="7.989541">
        <ele>187.7</ele>
      </trkpt>
      <trkpt lat="49.100868" lon="7.989999">
        <ele>187.0</ele>
      </trkpt>
      <trkpt lat="49.10106" lon="7.990457">
        <ele>187.0</ele>
      </trkpt>
      <trkpt lat="49.101025" lon="7.990439">
        <ele>186.6</ele>
      </trkpt>
      <trkpt lat="49.100996" lon="7.990444">
        <ele>186.2</ele>
      </trkpt>
      <trkpt lat="49.100977" lon="7.990463">
        <ele>185.9</ele>
      </trkpt>
      <trkpt lat="49.100702" lon="7.990835">
        <ele>181.3</ele>
      </trkpt>
      <trkpt lat="49.100545" lon="7.991033">
        <ele>179.7</ele>
      </trkpt>
      <trkpt lat="49.100472" lon="7.991093">
        <ele>179.2</ele>
      </trkpt>
      <trkpt lat="49.100227" lon="7.991308">
        <ele>177.2</ele>
      </trkpt>
      <trkpt lat="49.099982" lon="7.991523">
        <ele>175.4</ele>
      </trkpt>
      <trkpt lat="49.099804" lon="7.991649">
        <ele>174.4</ele>
      </trkpt>
      <trkpt lat="49.099733" lon="7.991691">
        <ele>174.1</ele>
        <name>49.099733,7.991691</name>
        <extensions>
          <oa:Extension>
            <oa:mapZoom>16</oa:mapZoom>
          </oa:Extension>
        </extensions>
      </trkpt>
      <trkpt lat="49.099691" lon="7.991716">
        <ele>173.9</ele>
      </trkpt>
      <trkpt lat="49.099664" lon="7.991733">
        <ele>173.8</ele>
      </trkpt>
      <trkpt lat="49.099677" lon="7.992164">
        <ele>173.9</ele>
      </trkpt>
      <trkpt lat="49.099678" lon="7.99219">
        <ele>174.0</ele>
        <name>49.099678,7.992190</name>
        <extensions>
          <oa:Extension>
            <oa:mapZoom>16</oa:mapZoom>
          </oa:Extension>
        </extensions>
      </trkpt>
      <trkpt lat="49.099696" lon="7.992668">
        <ele>174.9</ele>
      </trkpt>
      <trkpt lat="49.099698" lon="7.992703">
        <ele>175.0</ele>
      </trkpt>
      <trkpt lat="49.0997" lon="7.992721">
        <ele>175.0</ele>
      </trkpt>
      <trkpt lat="49.099702" lon="7.992757">
        <ele>175.1</ele>
      </trkpt>
      <trkpt lat="49.099716" lon="7.992889">
        <ele>175.3</ele>
      </trkpt>
      <trkpt lat="49.0998" lon="7.993179">
        <ele>175.1</ele>
        <name>49.099800,7.993179</name>
        <extensions>
          <oa:Extension>
            <oa:mapZoom>16</oa:mapZoom>
          </oa:Extension>
        </extensions>
      </trkpt>
      <trkpt lat="49.099811" lon="7.993218">
        <ele>175.1</ele>
      </trkpt>
      <trkpt lat="49.099909" lon="7.993484">
        <ele>174.9</ele>
      </trkpt>
      <trkpt lat="49.100005" lon="7.993733">
        <ele>174.7</ele>
        <name>49.100005,7.993733</name>
        <extensions>
          <oa:Extension>
            <oa:mapZoom>16</oa:mapZoom>
          </oa:Extension>
        </extensions>
      </trkpt>
      <trkpt lat="49.100075" lon="7.993918">
        <ele>174.6</ele>
      </trkpt>
      <trkpt lat="49.100106" lon="7.994023">
        <ele>174.5</ele>
      </trkpt>
      <trkpt lat="49.10012" lon="7.994105">
        <ele>174.5</ele>
      </trkpt>
      <trkpt lat="49.100124" lon="7.994191">
        <ele>174.6</ele>
      </trkpt>
      <trkpt lat="49.100122" lon="7.994243">
        <ele>174.6</ele>
      </trkpt>
      <trkpt lat="49.10011" lon="7.994444">
        <ele>174.8</ele>
      </trkpt>
      <trkpt lat="49.100105" lon="7.99453">
        <ele>174.9</ele>
        <name>49.100105,7.994530</name>
        <extensions>
          <oa:Extension>
            <oa:mapZoom>16</oa:mapZoom>
          </oa:Extension>
        </extensions>
      </trkpt>
      <trkpt lat="49.100086" lon="7.994817">
        <ele>175.2</ele>
      </trkpt>
      <trkpt lat="49.100067" lon="7.995102">
        <ele>175.7</ele>
        <name>49.100067,7.995102</name>
        <extensions>
          <oa:Extension>
            <oa:mapZoom>16</oa:mapZoom>
          </oa:Extension>
        </extensions>
      </trkpt>
      <trkpt lat="49.100052" lon="7.995336">
        <ele>176.2</ele>
      </trkpt>
      <trkpt lat="49.100045" lon="7.995447">
        <ele>176.4</ele>
      </trkpt>
      <trkpt lat="49.100043" lon="7.995621">
        <ele>176.7</ele>
        <name>49.100043,7.995621</name>
        <extensions>
          <oa:Extension>
            <oa:mapZoom>16</oa:mapZoom>
          </oa:Extension>
        </extensions>
      </trkpt>
      <trkpt lat="49.100043" lon="7.995632">
        <ele>176.8</ele>
      </trkpt>
      <trkpt lat="49.100049" lon="7.99591">
        <ele>176.9</ele>
      </trkpt>
      <trkpt lat="49.100038" lon="7.996021">
        <ele>176.8</ele>
      </trkpt>
      <trkpt lat="49.100038" lon="7.996079">
        <ele>176.6</ele>
      </trkpt>
      <trkpt lat="49.100082" lon="7.996076">
        <ele>176.5</ele>
      </trkpt>
      <trkpt lat="49.100081" lon="7.996054">
        <ele>176.5</ele>
        <name>49.100081,7.996054</name>
        <extensions>
          <oa:Extension>
            <oa:mapZoom>16</oa:mapZoom>
          </oa:Extension>
        </extensions>
      </trkpt>
      <trkpt lat="49.100082" lon="7.996076">
        <ele>176.5</ele>
      </trkpt>
      <trkpt lat="49.100038" lon="7.996079">
        <ele>176.6</ele>
      </trkpt>
      <trkpt lat="49.100042" lon="7.99623">
        <ele>176.2</ele>
      </trkpt>
      <trkpt lat="49.100062" lon="7.996312">
        <ele>175.8</ele>
      </trkpt>
      <trkpt lat="49.100066" lon="7.99643">
        <ele>175.3</ele>
      </trkpt>
      <trkpt lat="49.100083" lon="7.996682">
        <ele>174.1</ele>
      </trkpt>
      <trkpt lat="49.100088" lon="7.996758">
        <ele>173.8</ele>
      </trkpt>
      <trkpt lat="49.100113" lon="7.997039">
        <ele>173.0</ele>
        <name>49.100113,7.997039</name>
        <extensions>
          <oa:Extension>
            <oa:mapZoom>16</oa:mapZoom>
          </oa:Extension>
        </extensions>
      </trkpt>
      <trkpt lat="49.100116" lon="7.997078">
        <ele>172.9</ele>
      </trkpt>
      <trkpt lat="49.10014" lon="7.997255">
        <ele>172.6</ele>
      </trkpt>
      <trkpt lat="49.100153" lon="7.997347">
        <ele>172.5</ele>
      </trkpt>
      <trkpt lat="49.10018" lon="7.997543">
        <ele>172.3</ele>
      </trkpt>
      <trkpt lat="49.10019" lon="7.997606">
        <ele>172.4</ele>
        <name>49.100190,7.997606</name>
        <extensions>
          <oa:Extension>
            <oa:mapZoom>16</oa:mapZoom>
          </oa:Extension>
        </extensions>
      </trkpt>
      <trkpt lat="49.100209" lon="7.997723">
        <ele>172.4</ele>
      </trkpt>
      <trkpt lat="49.100228" lon="7.997839">
        <ele>172.5</ele>
      </trkpt>
      <trkpt lat="49.100239" lon="7.997897">
        <ele>172.6</ele>
      </trkpt>
      <trkpt lat="49.100281" lon="7.998104">
        <ele>173.1</ele>
      </trkpt>
      <trkpt lat="49.100303" lon="7.998187">
        <ele>173.3</ele>
      </trkpt>
      <trkpt lat="49.100365" lon="7.998427">
        <ele>173.8</ele>
        <name>49.100365,7.998427</name>
        <extensions>
          <oa:Extension>
            <oa:mapZoom>16</oa:mapZoom>
          </oa:Extension>
        </extensions>
      </trkpt>
      <trkpt lat="49.100446" lon="7.998739">
        <ele>174.3</ele>
      </trkpt>
      <trkpt lat="49.100453" lon="7.998766">
        <ele>174.3</ele>
      </trkpt>
      <trkpt lat="49.100485" lon="7.998905">
        <ele>174.3</ele>
      </trkpt>
      <trkpt lat="49.100532" lon="7.999072">
        <ele>173.9</ele>
      </trkpt>
      <trkpt lat="49.100581" lon="7.999277">
        <ele>173.5</ele>
        <name>49.100581,7.999277</name>
        <extensions>
          <oa:Extension>
            <oa:mapZoom>16</oa:mapZoom>
          </oa:Extension>
        </extensions>
      </trkpt>
      <trkpt lat="49.100592" lon="7.999324">
        <ele>173.4</ele>
      </trkpt>
      <trkpt lat="49.100703" lon="7.999736">
        <ele>172.4</ele>
      </trkpt>
      <trkpt lat="49.100814" lon="8.000148">
        <ele>171.7</ele>
      </trkpt>
      <trkpt lat="49.100844" lon="8.000258">
        <ele>171.4</ele>
      </trkpt>
      <trkpt lat="49.100902" lon="8.000472">
        <ele>171.0</ele>
        <name>49.100902,8.000472</name>
        <extensions>
          <oa:Extension>
            <oa:mapZoom>16</oa:mapZoom>
          </oa:Extension>
        </extensions>
      </trkpt>
      <trkpt lat="49.100954" lon="8.00066">
        <ele>170.5</ele>
      </trkpt>
      <trkpt lat="49.100969" lon="8.000707">
        <ele>170.6</ele>
      </trkpt>
      <trkpt lat="49.101003" lon="8.000812">
        <ele>170.6</ele>
      </trkpt>
      <trkpt lat="49.101024" lon="8.000976">
        <ele>171.0</ele>
      </trkpt>
      <trkpt lat="49.101049" lon="8.001087">
        <ele>171.3</ele>
      </trkpt>
      <trkpt lat="49.101084" lon="8.001221">
        <ele>171.6</ele>
      </trkpt>
      <trkpt lat="49.101105" lon="8.001209">
        <ele>171.5</ele>
      </trkpt>
      <trkpt lat="49.101176" lon="8.001173">
        <ele>171.1</ele>
      </trkpt>
      <trkpt lat="49.101205" lon="8.001141">
        <ele>170.9</ele>
      </trkpt>
      <trkpt lat="49.101509" lon="8.001482">
        <ele>170.4</ele>
      </trkpt>
      <trkpt lat="49.101529" lon="8.001495">
        <ele>170.4</ele>
        <name>49.101529,8.001495</name>
        <extensions>
          <oa:Extension>
            <oa:mapZoom>17</oa:mapZoom>
          </oa:Extension>
        </extensions>
      </trkpt>
      <trkpt lat="49.101609" lon="8.001548">
        <ele>170.1</ele>
      </trkpt>
      <trkpt lat="49.101699" lon="8.001568">
        <ele>169.8</ele>
      </trkpt>
      <trkpt lat="49.101841" lon="8.001576">
        <ele>169.3</ele>
      </trkpt>
      <trkpt lat="49.102098" lon="8.001565">
        <ele>168.7</ele>
        <name>49.102098,8.001565</name>
        <extensions>
          <oa:Extension>
            <oa:mapZoom>17</oa:mapZoom>
          </oa:Extension>
        </extensions>
      </trkpt>
      <trkpt lat="49.102142" lon="8.001563">
        <ele>168.5</ele>
      </trkpt>
      <trkpt lat="49.10228" lon="8.00158">
        <ele>168.3</ele>
      </trkpt>
      <trkpt lat="49.102479" lon="8.001633">
        <ele>168.0</ele>
      </trkpt>
      <trkpt lat="49.102606" lon="8.001678">
        <ele>167.9</ele>
      </trkpt>
      <trkpt lat="49.102613" lon="8.001682">
        <ele>167.9</ele>
        <name>49.102613,8.001682</name>
        <extensions>
          <oa:Extension>
            <oa:mapZoom>17</oa:mapZoom>
          </oa:Extension>
        </extensions>
      </trkpt>
      <trkpt lat="49.102707" lon="8.001733">
        <ele>167.8</ele>
      </trkpt>
      <trkpt lat="49.102753" lon="8.001757">
        <ele>167.8</ele>
      </trkpt>
      <trkpt lat="49.102754" lon="8.001799">
        <ele>167.8</ele>
      </trkpt>
      <trkpt lat="49.102784" lon="8.001852">
        <ele>167.8</ele>
      </trkpt>
      <trkpt lat="49.102797" lon="8.001874">
        <ele>167.8</ele>
      </trkpt>
      <trkpt lat="49.10283" lon="8.001937">
        <ele>167.8</ele>
      </trkpt>
      <trkpt lat="49.102847" lon="8.001975">
        <ele>167.8</ele>
      </trkpt>
      <trkpt lat="49.102833" lon="8.002012">
        <ele>167.8</ele>
      </trkpt>
      <trkpt lat="49.102825" lon="8.002054">
        <ele>167.8</ele>
      </trkpt>
      <trkpt lat="49.102825" lon="8.002097">
        <ele>167.9</ele>
      </trkpt>
      <trkpt lat="49.102829" lon="8.002136">
        <ele>167.9</ele>
      </trkpt>
      <trkpt lat="49.102834" lon="8.00216">
        <ele>167.9</ele>
        <name>49.102834,8.002160</name>
        <extensions>
          <oa:Extension>
            <oa:mapZoom>17</oa:mapZoom>
          </oa:Extension>
        </extensions>
      </trkpt>
      <trkpt lat="49.102836" lon="8.002167">
        <ele>167.9</ele>
      </trkpt>
      <trkpt lat="49.102847" lon="8.002196">
        <ele>167.8</ele>
      </trkpt>
      <trkpt lat="49.102873" lon="8.002232">
        <ele>167.8</ele>
      </trkpt>
      <trkpt lat="49.1029" lon="8.002245">
        <ele>167.8</ele>
      </trkpt>
      <trkpt lat="49.102924" lon="8.002254">
        <ele>167.7</ele>
      </trkpt>
      <trkpt lat="49.102949" lon="8.002254">
        <ele>167.7</ele>
      </trkpt>
      <trkpt lat="49.102972" lon="8.002247">
        <ele>167.6</ele>
      </trkpt>
      <trkpt lat="49.102972" lon="8.002289">
        <ele>167.6</ele>
      </trkpt>
      <trkpt lat="49.102975" lon="8.00245">
        <ele>167.6</ele>
      </trkpt>
      <trkpt lat="49.10296" lon="8.002616">
        <ele>167.6</ele>
      </trkpt>
      <trkpt lat="49.102922" lon="8.002793">
        <ele>167.7</ele>
      </trkpt>
      <trkpt lat="49.102918" lon="8.002941">
        <ele>167.6</ele>
      </trkpt>
      <trkpt lat="49.102965" lon="8.00298">
        <ele>167.5</ele>
      </trkpt>
      <trkpt lat="49.103075" lon="8.003154">
        <ele>167.4</ele>
      </trkpt>
      <trkpt lat="49.103096" lon="8.003191">
        <ele>167.4</ele>
      </trkpt>
      <trkpt lat="49.103122" lon="8.003248">
        <ele>167.4</ele>
        <name>49.103122,8.003248</name>
        <extensions>
          <oa:Extension>
            <oa:mapZoom>17</oa:mapZoom>
          </oa:Extension>
        </extensions>
      </trkpt>
    </trkseg>
  </trk>
</gpx>