<?xml version="1.0" encoding="utf-8"?>
<gpx xmlns:xsd="http://www.w3.org/2001/XMLSchema" xmlns:xsi="http://www.w3.org/2001/XMLSchema-instance" creator="eT4 META" version="1.1" xsi:schemaLocation="http://www.topografix.com/GPX/1/1 http://www.topografix.com/GPX/1/1/gpx.xsd" xmlns="http://www.topografix.com/GPX/1/1">
  <trk>
    <name>Green Trails Willingen Gipfel-Runde Hoppecke (GRU)</name>
    <trkseg>
      <trkpt lat="51.289479" lon="8.592651">
        <ele>587.45</ele>
        <time>2026-08-11T00:00:00.0000000+00:00</time>
      </trkpt>
      <trkpt lat="51.289298" lon="8.592372">
        <ele>587.55</ele>
        <time>2026-08-11T00:00:08.8440000+00:00</time>
      </trkpt>
      <trkpt lat="51.289043" lon="8.591886">
        <ele>586.35</ele>
        <time>2026-08-11T00:00:22.8010000+00:00</time>
      </trkpt>
      <trkpt lat="51.28888" lon="8.591593">
        <ele>587.63</ele>
        <time>2026-08-11T00:00:31.4290000+00:00</time>
      </trkpt>
      <trkpt lat="51.288806" lon="8.591516">
        <ele>589.4</ele>
        <time>2026-08-11T00:00:34.5350000+00:00</time>
      </trkpt>
      <trkpt lat="51.288672" lon="8.591337">
        <ele>592.73</ele>
        <time>2026-08-11T00:00:40.6770000+00:00</time>
      </trkpt>
      <trkpt lat="51.288433" lon="8.590915">
        <ele>598.6</ele>
        <time>2026-08-11T00:00:53.2030000+00:00</time>
      </trkpt>
      <trkpt lat="51.288116" lon="8.590256">
        <ele>603.71</ele>
        <time>2026-08-11T00:01:11.4940000+00:00</time>
      </trkpt>
      <trkpt lat="51.287912" lon="8.589817">
        <ele>605.98</ele>
        <time>2026-08-11T00:01:23.5270000+00:00</time>
      </trkpt>
      <trkpt lat="51.287492" lon="8.588794">
        <ele>609.97</ele>
        <time>2026-08-11T00:01:50.4510000+00:00</time>
      </trkpt>
      <trkpt lat="51.287225" lon="8.588242">
        <ele>612.27</ele>
        <time>2026-08-11T00:02:05.8050000+00:00</time>
      </trkpt>
      <trkpt lat="51.287097" lon="8.587914">
        <ele>611.94</ele>
        <time>2026-08-11T00:02:14.3110000+00:00</time>
      </trkpt>
      <trkpt lat="51.287097" lon="8.587914">
        <ele>611.94</ele>
        <time>2026-08-11T00:02:14.3110000+00:00</time>
      </trkpt>
      <trkpt lat="51.287085" lon="8.587474">
        <ele>609.49</ele>
        <time>2026-08-11T00:02:24.0010000+00:00</time>
      </trkpt>
      <trkpt lat="51.287058" lon="8.587114">
        <ele>608.37</ele>
        <time>2026-08-11T00:02:31.9780000+00:00</time>
      </trkpt>
      <trkpt lat="51.28701" lon="8.58677">
        <ele>608.62</ele>
        <time>2026-08-11T00:02:39.7330000+00:00</time>
      </trkpt>
      <trkpt lat="51.28691" lon="8.586463">
        <ele>610.96</ele>
        <time>2026-08-11T00:02:47.3480000+00:00</time>
      </trkpt>
      <trkpt lat="51.286821" lon="8.586316">
        <ele>613.49</ele>
        <time>2026-08-11T00:02:51.8500000+00:00</time>
      </trkpt>
      <trkpt lat="51.286638" lon="8.586091">
        <ele>618.3</ele>
        <time>2026-08-11T00:02:59.9710000+00:00</time>
      </trkpt>
      <trkpt lat="51.286158" lon="8.585643">
        <ele>624.26</ele>
        <time>2026-08-11T00:03:19.5230000+00:00</time>
      </trkpt>
      <trkpt lat="51.285958" lon="8.585526">
        <ele>626.69</ele>
        <time>2026-08-11T00:03:27.0150000+00:00</time>
      </trkpt>
      <trkpt lat="51.285796" lon="8.585493">
        <ele>629.57</ele>
        <time>2026-08-11T00:03:32.7610000+00:00</time>
      </trkpt>
      <trkpt lat="51.285267" lon="8.585658">
        <ele>638.78</ele>
        <time>2026-08-11T00:03:51.7210000+00:00</time>
      </trkpt>
      <trkpt lat="51.284494" lon="8.586098">
        <ele>651.12</ele>
        <time>2026-08-11T00:04:20.5870000+00:00</time>
      </trkpt>
      <trkpt lat="51.284312" lon="8.586225">
        <ele>652.94</ele>
        <time>2026-08-11T00:04:27.5720000+00:00</time>
      </trkpt>
      <trkpt lat="51.284172" lon="8.5862">
        <ele>651.7</ele>
        <time>2026-08-11T00:04:32.5280000+00:00</time>
      </trkpt>
      <trkpt lat="51.284096" lon="8.586158">
        <ele>650.53</ele>
        <time>2026-08-11T00:04:35.3570000+00:00</time>
      </trkpt>
      <trkpt lat="51.284056" lon="8.586095">
        <ele>649.54</ele>
        <time>2026-08-11T00:04:37.3320000+00:00</time>
      </trkpt>
      <trkpt lat="51.284033" lon="8.586011">
        <ele>648.41</ele>
        <time>2026-08-11T00:04:39.3500000+00:00</time>
      </trkpt>
      <trkpt lat="51.284035" lon="8.585874">
        <ele>646.71</ele>
        <time>2026-08-11T00:04:42.3650000+00:00</time>
      </trkpt>
      <trkpt lat="51.284069" lon="8.585675">
        <ele>644.12</ele>
        <time>2026-08-11T00:04:46.9040000+00:00</time>
      </trkpt>
      <trkpt lat="51.284139" lon="8.585556">
        <ele>642.22</ele>
        <time>2026-08-11T00:04:50.4990000+00:00</time>
      </trkpt>
      <trkpt lat="51.284278" lon="8.58535">
        <ele>638.15</ele>
        <time>2026-08-11T00:04:57.1660000+00:00</time>
      </trkpt>
      <trkpt lat="51.284552" lon="8.585014">
        <ele>639.07</ele>
        <time>2026-08-11T00:05:09.3140000+00:00</time>
      </trkpt>
      <trkpt lat="51.284624" lon="8.584954">
        <ele>638.54</ele>
        <time>2026-08-11T00:05:12.1700000+00:00</time>
      </trkpt>
      <trkpt lat="51.284779" lon="8.584825">
        <ele>636.88</ele>
        <time>2026-08-11T00:05:18.3170000+00:00</time>
      </trkpt>
      <trkpt lat="51.284984" lon="8.584646">
        <ele>634.05</ele>
        <time>2026-08-11T00:05:26.5350000+00:00</time>
      </trkpt>
      <trkpt lat="51.285051" lon="8.584571">
        <ele>632.78</ele>
        <time>2026-08-11T00:05:29.4120000+00:00</time>
      </trkpt>
      <trkpt lat="51.285044" lon="8.584536">
        <ele>632.92</ele>
        <time>2026-08-11T00:05:30.2200000+00:00</time>
      </trkpt>
      <trkpt lat="51.285034" lon="8.584524">
        <ele>633.13</ele>
        <time>2026-08-11T00:05:30.6610000+00:00</time>
      </trkpt>
      <trkpt lat="51.285016" lon="8.584532">
        <ele>633.51</ele>
        <time>2026-08-11T00:05:31.3180000+00:00</time>
      </trkpt>
      <trkpt lat="51.284987" lon="8.584549">
        <ele>634.11</ele>
        <time>2026-08-11T00:05:32.4050000+00:00</time>
      </trkpt>
      <trkpt lat="51.28495" lon="8.584558">
        <ele>634.86</ele>
        <time>2026-08-11T00:05:33.7210000+00:00</time>
      </trkpt>
      <trkpt lat="51.284914" lon="8.584567">
        <ele>635.58</ele>
        <time>2026-08-11T00:05:35.0030000+00:00</time>
      </trkpt>
      <trkpt lat="51.284882" lon="8.584594">
        <ele>636.14</ele>
        <time>2026-08-11T00:05:36.2760000+00:00</time>
      </trkpt>
      <trkpt lat="51.28485" lon="8.584621">
        <ele>636.67</ele>
        <time>2026-08-11T00:05:37.5490000+00:00</time>
      </trkpt>
      <trkpt lat="51.284813" lon="8.584645">
        <ele>637.26</ele>
        <time>2026-08-11T00:05:38.9530000+00:00</time>
      </trkpt>
      <trkpt lat="51.284781" lon="8.584667">
        <ele>637.74</ele>
        <time>2026-08-11T00:05:40.1790000+00:00</time>
      </trkpt>
      <trkpt lat="51.28475" lon="8.58469">
        <ele>638.2</ele>
        <time>2026-08-11T00:05:41.3820000+00:00</time>
      </trkpt>
      <trkpt lat="51.284721" lon="8.584715">
        <ele>638.63</ele>
        <time>2026-08-11T00:05:42.5410000+00:00</time>
      </trkpt>
      <trkpt lat="51.284689" lon="8.584747">
        <ele>639.04</ele>
        <time>2026-08-11T00:05:43.8690000+00:00</time>
      </trkpt>
      <trkpt lat="51.284658" lon="8.584777">
        <ele>639.41</ele>
        <time>2026-08-11T00:05:45.1440000+00:00</time>
      </trkpt>
      <trkpt lat="51.284626" lon="8.584806">
        <ele>639.77</ele>
        <time>2026-08-11T00:05:46.4380000+00:00</time>
      </trkpt>
      <trkpt lat="51.284591" lon="8.584833">
        <ele>640.17</ele>
        <time>2026-08-11T00:05:47.8060000+00:00</time>
      </trkpt>
      <trkpt lat="51.284566" lon="8.584848">
        <ele>640.48</ele>
        <time>2026-08-11T00:05:48.7450000+00:00</time>
      </trkpt>
      <trkpt lat="51.284534" lon="8.584867">
        <ele>640.85</ele>
        <time>2026-08-11T00:05:49.9460000+00:00</time>
      </trkpt>
      <trkpt lat="51.2845" lon="8.584886">
        <ele>641.23</ele>
        <time>2026-08-11T00:05:51.2130000+00:00</time>
      </trkpt>
      <trkpt lat="51.284462" lon="8.584901">
        <ele>641.7</ele>
        <time>2026-08-11T00:05:52.5900000+00:00</time>
      </trkpt>
      <trkpt lat="51.284436" lon="8.584912">
        <ele>642.01</ele>
        <time>2026-08-11T00:05:53.5360000+00:00</time>
      </trkpt>
      <trkpt lat="51.284404" lon="8.584933">
        <ele>642.27</ele>
        <time>2026-08-11T00:05:54.7530000+00:00</time>
      </trkpt>
      <trkpt lat="51.284372" lon="8.584948">
        <ele>642.58</ele>
        <time>2026-08-11T00:05:55.9270000+00:00</time>
      </trkpt>
      <trkpt lat="51.284336" lon="8.584958">
        <ele>643.02</ele>
        <time>2026-08-11T00:05:57.2120000+00:00</time>
      </trkpt>
      <trkpt lat="51.284307" lon="8.584977">
        <ele>643.19</ele>
        <time>2026-08-11T00:05:58.3150000+00:00</time>
      </trkpt>
      <trkpt lat="51.284276" lon="8.584995">
        <ele>643.4</ele>
        <time>2026-08-11T00:05:59.4750000+00:00</time>
      </trkpt>
      <trkpt lat="51.284249" lon="8.58501">
        <ele>643.57</ele>
        <time>2026-08-11T00:06:00.4800000+00:00</time>
      </trkpt>
      <trkpt lat="51.284217" lon="8.58503">
        <ele>643.71</ele>
        <time>2026-08-11T00:06:01.6890000+00:00</time>
      </trkpt>
      <trkpt lat="51.284185" lon="8.585043">
        <ele>643.95</ele>
        <time>2026-08-11T00:06:02.8500000+00:00</time>
      </trkpt>
      <trkpt lat="51.284154" lon="8.585057">
        <ele>644.14</ele>
        <time>2026-08-11T00:06:03.9830000+00:00</time>
      </trkpt>
      <trkpt lat="51.284122" lon="8.585068">
        <ele>644.39</ele>
        <time>2026-08-11T00:06:05.1340000+00:00</time>
      </trkpt>
      <trkpt lat="51.284093" lon="8.585073">
        <ele>644.69</ele>
        <time>2026-08-11T00:06:06.1600000+00:00</time>
      </trkpt>
      <trkpt lat="51.284061" lon="8.585077">
        <ele>645.05</ele>
        <time>2026-08-11T00:06:07.2890000+00:00</time>
      </trkpt>
      <trkpt lat="51.284034" lon="8.585085">
        <ele>645.25</ele>
        <time>2026-08-11T00:06:08.2550000+00:00</time>
      </trkpt>
      <trkpt lat="51.283997" lon="8.585096">
        <ele>645.52</ele>
        <time>2026-08-11T00:06:09.5790000+00:00</time>
      </trkpt>
      <trkpt lat="51.283971" lon="8.58511">
        <ele>645.57</ele>
        <time>2026-08-11T00:06:10.5440000+00:00</time>
      </trkpt>
      <trkpt lat="51.283946" lon="8.585132">
        <ele>645.42</ele>
        <time>2026-08-11T00:06:11.5480000+00:00</time>
      </trkpt>
      <trkpt lat="51.283916" lon="8.585139">
        <ele>645.77</ele>
        <time>2026-08-11T00:06:12.6140000+00:00</time>
      </trkpt>
      <trkpt lat="51.283886" lon="8.58515">
        <ele>646.18</ele>
        <time>2026-08-11T00:06:13.6960000+00:00</time>
      </trkpt>
      <trkpt lat="51.283854" lon="8.585176">
        <ele>646.29</ele>
        <time>2026-08-11T00:06:14.9590000+00:00</time>
      </trkpt>
      <trkpt lat="51.283823" lon="8.585192">
        <ele>646.6</ele>
        <time>2026-08-11T00:06:16.1050000+00:00</time>
      </trkpt>
      <trkpt lat="51.283792" lon="8.585203">
        <ele>647.01</ele>
        <time>2026-08-11T00:06:17.2220000+00:00</time>
      </trkpt>
      <trkpt lat="51.283759" lon="8.58522">
        <ele>647.33</ele>
        <time>2026-08-11T00:06:18.4410000+00:00</time>
      </trkpt>
      <trkpt lat="51.283726" lon="8.585237">
        <ele>647.64</ele>
        <time>2026-08-11T00:06:19.6620000+00:00</time>
      </trkpt>
      <trkpt lat="51.283697" lon="8.585247">
        <ele>648.02</ele>
        <time>2026-08-11T00:06:20.7050000+00:00</time>
      </trkpt>
      <trkpt lat="51.28367" lon="8.585257">
        <ele>648.36</ele>
        <time>2026-08-11T00:06:21.6810000+00:00</time>
      </trkpt>
      <trkpt lat="51.283638" lon="8.585261">
        <ele>648.93</ele>
        <time>2026-08-11T00:06:22.8100000+00:00</time>
      </trkpt>
      <trkpt lat="51.283609" lon="8.585279">
        <ele>649.12</ele>
        <time>2026-08-11T00:06:23.9040000+00:00</time>
      </trkpt>
      <trkpt lat="51.283575" lon="8.58529">
        <ele>649.56</ele>
        <time>2026-08-11T00:06:25.1240000+00:00</time>
      </trkpt>
      <trkpt lat="51.283545" lon="8.585293">
        <ele>650.11</ele>
        <time>2026-08-11T00:06:26.1820000+00:00</time>
      </trkpt>
      <trkpt lat="51.283516" lon="8.585275">
        <ele>651.15</ele>
        <time>2026-08-11T00:06:27.2760000+00:00</time>
      </trkpt>
      <trkpt lat="51.283532" lon="8.585237">
        <ele>651.72</ele>
        <time>2026-08-11T00:06:28.2840000+00:00</time>
      </trkpt>
      <trkpt lat="51.283563" lon="8.58522">
        <ele>651.47</ele>
        <time>2026-08-11T00:06:29.4370000+00:00</time>
      </trkpt>
      <trkpt lat="51.28359" lon="8.585193">
        <ele>651.54</ele>
        <time>2026-08-11T00:06:30.5570000+00:00</time>
      </trkpt>
      <trkpt lat="51.283625" lon="8.585186">
        <ele>650.96</ele>
        <time>2026-08-11T00:06:31.7980000+00:00</time>
      </trkpt>
      <trkpt lat="51.283656" lon="8.585169">
        <ele>650.69</ele>
        <time>2026-08-11T00:06:32.9510000+00:00</time>
      </trkpt>
      <trkpt lat="51.283683" lon="8.585154">
        <ele>650.46</ele>
        <time>2026-08-11T00:06:33.9560000+00:00</time>
      </trkpt>
      <trkpt lat="51.283714" lon="8.585139">
        <ele>650.13</ele>
        <time>2026-08-11T00:06:35.0950000+00:00</time>
      </trkpt>
      <trkpt lat="51.28374" lon="8.585111">
        <ele>650.21</ele>
        <time>2026-08-11T00:06:36.1980000+00:00</time>
      </trkpt>
      <trkpt lat="51.28376" lon="8.585081">
        <ele>650.45</ele>
        <time>2026-08-11T00:06:37.1630000+00:00</time>
      </trkpt>
      <trkpt lat="51.283787" lon="8.585059">
        <ele>650.35</ele>
        <time>2026-08-11T00:06:38.2290000+00:00</time>
      </trkpt>
      <trkpt lat="51.283809" lon="8.585033">
        <ele>650.45</ele>
        <time>2026-08-11T00:06:39.1920000+00:00</time>
      </trkpt>
      <trkpt lat="51.283836" lon="8.585008">
        <ele>650.4</ele>
        <time>2026-08-11T00:06:40.2890000+00:00</time>
      </trkpt>
      <trkpt lat="51.283861" lon="8.58498">
        <ele>650.46</ele>
        <time>2026-08-11T00:06:41.3630000+00:00</time>
      </trkpt>
      <trkpt lat="51.283886" lon="8.584957">
        <ele>650.4</ele>
        <time>2026-08-11T00:06:42.3780000+00:00</time>
      </trkpt>
      <trkpt lat="51.283909" lon="8.584931">
        <ele>650.44</ele>
        <time>2026-08-11T00:06:43.3680000+00:00</time>
      </trkpt>
      <trkpt lat="51.283933" lon="8.584902">
        <ele>650.54</ele>
        <time>2026-08-11T00:06:44.4260000+00:00</time>
      </trkpt>
      <trkpt lat="51.28396" lon="8.584875">
        <ele>650.66</ele>
        <time>2026-08-11T00:06:45.5460000+00:00</time>
      </trkpt>
      <trkpt lat="51.283994" lon="8.58485">
        <ele>650.58</ele>
        <time>2026-08-11T00:06:46.8630000+00:00</time>
      </trkpt>
      <trkpt lat="51.284023" lon="8.584837">
        <ele>650.33</ele>
        <time>2026-08-11T00:06:47.9220000+00:00</time>
      </trkpt>
      <trkpt lat="51.284055" lon="8.584817">
        <ele>650.14</ele>
        <time>2026-08-11T00:06:49.1300000+00:00</time>
      </trkpt>
      <trkpt lat="51.284087" lon="8.584801">
        <ele>649.85</ele>
        <time>2026-08-11T00:06:50.3100000+00:00</time>
      </trkpt>
      <trkpt lat="51.284118" lon="8.584779">
        <ele>649.67</ele>
        <time>2026-08-11T00:06:51.5030000+00:00</time>
      </trkpt>
      <trkpt lat="51.28415" lon="8.584746">
        <ele>649.64</ele>
        <time>2026-08-11T00:06:52.8430000+00:00</time>
      </trkpt>
      <trkpt lat="51.284181" lon="8.584725">
        <ele>649.39</ele>
        <time>2026-08-11T00:06:54.0270000+00:00</time>
      </trkpt>
      <trkpt lat="51.284214" lon="8.584714">
        <ele>648.9</ele>
        <time>2026-08-11T00:06:55.2130000+00:00</time>
      </trkpt>
      <trkpt lat="51.284246" lon="8.584687">
        <ele>648.68</ele>
        <time>2026-08-11T00:06:56.4860000+00:00</time>
      </trkpt>
      <trkpt lat="51.284272" lon="8.584663">
        <ele>648.5</ele>
        <time>2026-08-11T00:06:57.5420000+00:00</time>
      </trkpt>
      <trkpt lat="51.284299" lon="8.584651">
        <ele>648.11</ele>
        <time>2026-08-11T00:06:58.5280000+00:00</time>
      </trkpt>
      <trkpt lat="51.284331" lon="8.58464">
        <ele>647.58</ele>
        <time>2026-08-11T00:06:59.6800000+00:00</time>
      </trkpt>
      <trkpt lat="51.284365" lon="8.584631">
        <ele>646.96</ele>
        <time>2026-08-11T00:07:00.8920000+00:00</time>
      </trkpt>
      <trkpt lat="51.2844" lon="8.584617">
        <ele>646.38</ele>
        <time>2026-08-11T00:07:02.1620000+00:00</time>
      </trkpt>
      <trkpt lat="51.28443" lon="8.584605">
        <ele>645.86</ele>
        <time>2026-08-11T00:07:03.2500000+00:00</time>
      </trkpt>
      <trkpt lat="51.284456" lon="8.584576">
        <ele>645.63</ele>
        <time>2026-08-11T00:07:04.3640000+00:00</time>
      </trkpt>
      <trkpt lat="51.284479" lon="8.584552">
        <ele>645.37</ele>
        <time>2026-08-11T00:07:05.3300000+00:00</time>
      </trkpt>
      <trkpt lat="51.284506" lon="8.584537">
        <ele>644.91</ele>
        <time>2026-08-11T00:07:06.3360000+00:00</time>
      </trkpt>
      <trkpt lat="51.284533" lon="8.584514">
        <ele>644.51</ele>
        <time>2026-08-11T00:07:07.4130000+00:00</time>
      </trkpt>
      <trkpt lat="51.284565" lon="8.584485">
        <ele>644.41</ele>
        <time>2026-08-11T00:07:08.7070000+00:00</time>
      </trkpt>
      <trkpt lat="51.284598" lon="8.584468">
        <ele>644.01</ele>
        <time>2026-08-11T00:07:09.9270000+00:00</time>
      </trkpt>
      <trkpt lat="51.284636" lon="8.58446">
        <ele>643.28</ele>
        <time>2026-08-11T00:07:11.2750000+00:00</time>
      </trkpt>
      <trkpt lat="51.284674" lon="8.584448">
        <ele>642.64</ele>
        <time>2026-08-11T00:07:12.6380000+00:00</time>
      </trkpt>
      <trkpt lat="51.284708" lon="8.584418">
        <ele>642.5</ele>
        <time>2026-08-11T00:07:14.0040000+00:00</time>
      </trkpt>
      <trkpt lat="51.284736" lon="8.584382">
        <ele>642.64</ele>
        <time>2026-08-11T00:07:15.2680000+00:00</time>
      </trkpt>
      <trkpt lat="51.284767" lon="8.584348">
        <ele>642.66</ele>
        <time>2026-08-11T00:07:16.5910000+00:00</time>
      </trkpt>
      <trkpt lat="51.284799" lon="8.584319">
        <ele>642.5</ele>
        <time>2026-08-11T00:07:17.8850000+00:00</time>
      </trkpt>
      <trkpt lat="51.28483" lon="8.584284">
        <ele>642.46</ele>
        <time>2026-08-11T00:07:19.2200000+00:00</time>
      </trkpt>
      <trkpt lat="51.284858" lon="8.584243">
        <ele>642.58</ele>
        <time>2026-08-11T00:07:20.5560000+00:00</time>
      </trkpt>
      <trkpt lat="51.284887" lon="8.584204">
        <ele>642.59</ele>
        <time>2026-08-11T00:07:21.8890000+00:00</time>
      </trkpt>
      <trkpt lat="51.284901" lon="8.584163">
        <ele>643.02</ele>
        <time>2026-08-11T00:07:22.9160000+00:00</time>
      </trkpt>
      <trkpt lat="51.284918" lon="8.584113">
        <ele>643.51</ele>
        <time>2026-08-11T00:07:24.1690000+00:00</time>
      </trkpt>
      <trkpt lat="51.284925" lon="8.584061">
        <ele>644.32</ele>
        <time>2026-08-11T00:07:25.3390000+00:00</time>
      </trkpt>
      <trkpt lat="51.284927" lon="8.58401">
        <ele>645.26</ele>
        <time>2026-08-11T00:07:26.4630000+00:00</time>
      </trkpt>
      <trkpt lat="51.284926" lon="8.583983">
        <ele>645.81</ele>
        <time>2026-08-11T00:07:27.0570000+00:00</time>
      </trkpt>
      <trkpt lat="51.284922" lon="8.583957">
        <ele>646.45</ele>
        <time>2026-08-11T00:07:27.6460000+00:00</time>
      </trkpt>
      <trkpt lat="51.284911" lon="8.583941">
        <ele>647.13</ele>
        <time>2026-08-11T00:07:28.1690000+00:00</time>
      </trkpt>
      <trkpt lat="51.284901" lon="8.583938">
        <ele>647.52</ele>
        <time>2026-08-11T00:07:28.5270000+00:00</time>
      </trkpt>
      <trkpt lat="51.284889" lon="8.583946">
        <ele>647.76</ele>
        <time>2026-08-11T00:07:28.9840000+00:00</time>
      </trkpt>
      <trkpt lat="51.284878" lon="8.583968">
        <ele>647.67</ele>
        <time>2026-08-11T00:07:29.6040000+00:00</time>
      </trkpt>
      <trkpt lat="51.284871" lon="8.583996">
        <ele>647.32</ele>
        <time>2026-08-11T00:07:30.2670000+00:00</time>
      </trkpt>
      <trkpt lat="51.284859" lon="8.584044">
        <ele>646.71</ele>
        <time>2026-08-11T00:07:31.4050000+00:00</time>
      </trkpt>
      <trkpt lat="51.284839" lon="8.584089">
        <ele>646.37</ele>
        <time>2026-08-11T00:07:32.6190000+00:00</time>
      </trkpt>
      <trkpt lat="51.284814" lon="8.584109">
        <ele>646.69</ele>
        <time>2026-08-11T00:07:33.6030000+00:00</time>
      </trkpt>
      <trkpt lat="51.284787" lon="8.584147">
        <ele>646.64</ele>
        <time>2026-08-11T00:07:34.8680000+00:00</time>
      </trkpt>
      <trkpt lat="51.284776" lon="8.584191">
        <ele>645.97</ele>
        <time>2026-08-11T00:07:35.9100000+00:00</time>
      </trkpt>
      <trkpt lat="51.284753" lon="8.584237">
        <ele>645.54</ele>
        <time>2026-08-11T00:07:37.2060000+00:00</time>
      </trkpt>
      <trkpt lat="51.284731" lon="8.584267">
        <ele>645.41</ele>
        <time>2026-08-11T00:07:38.2230000+00:00</time>
      </trkpt>
      <trkpt lat="51.284707" lon="8.584289">
        <ele>645.5</ele>
        <time>2026-08-11T00:07:39.1970000+00:00</time>
      </trkpt>
      <trkpt lat="51.284675" lon="8.584312">
        <ele>645.77</ele>
        <time>2026-08-11T00:07:40.4310000+00:00</time>
      </trkpt>
      <trkpt lat="51.284647" lon="8.584326">
        <ele>646.14</ele>
        <time>2026-08-11T00:07:41.4640000+00:00</time>
      </trkpt>
      <trkpt lat="51.284639" lon="8.584329">
        <ele>646.27</ele>
        <time>2026-08-11T00:07:41.7520000+00:00</time>
      </trkpt>
      <trkpt lat="51.284631" lon="8.584328">
        <ele>646.49</ele>
        <time>2026-08-11T00:07:42.0350000+00:00</time>
      </trkpt>
      <trkpt lat="51.284624" lon="8.584325">
        <ele>646.73</ele>
        <time>2026-08-11T00:07:42.2900000+00:00</time>
      </trkpt>
      <trkpt lat="51.28462" lon="8.584319">
        <ele>646.97</ele>
        <time>2026-08-11T00:07:42.4800000+00:00</time>
      </trkpt>
      <trkpt lat="51.284618" lon="8.584307">
        <ele>647.3</ele>
        <time>2026-08-11T00:07:42.7520000+00:00</time>
      </trkpt>
      <trkpt lat="51.284618" lon="8.584294">
        <ele>647.61</ele>
        <time>2026-08-11T00:07:43.0380000+00:00</time>
      </trkpt>
      <trkpt lat="51.284619" lon="8.584284">
        <ele>647.82</ele>
        <time>2026-08-11T00:07:43.2630000+00:00</time>
      </trkpt>
      <trkpt lat="51.284624" lon="8.584273">
        <ele>647.95</ele>
        <time>2026-08-11T00:07:43.5620000+00:00</time>
      </trkpt>
      <trkpt lat="51.284646" lon="8.584238">
        <ele>648.21</ele>
        <time>2026-08-11T00:07:44.6540000+00:00</time>
      </trkpt>
      <trkpt lat="51.284672" lon="8.584203">
        <ele>648.37</ele>
        <time>2026-08-11T00:07:45.8500000+00:00</time>
      </trkpt>
      <trkpt lat="51.284697" lon="8.584161">
        <ele>648.71</ele>
        <time>2026-08-11T00:07:47.1250000+00:00</time>
      </trkpt>
      <trkpt lat="51.284715" lon="8.584113">
        <ele>649.35</ele>
        <time>2026-08-11T00:07:48.3570000+00:00</time>
      </trkpt>
      <trkpt lat="51.284723" lon="8.584069">
        <ele>650.16</ele>
        <time>2026-08-11T00:07:49.3660000+00:00</time>
      </trkpt>
      <trkpt lat="51.284728" lon="8.584021">
        <ele>651.13</ele>
        <time>2026-08-11T00:07:50.4360000+00:00</time>
      </trkpt>
      <trkpt lat="51.284733" lon="8.583963">
        <ele>652.33</ele>
        <time>2026-08-11T00:07:51.7240000+00:00</time>
      </trkpt>
      <trkpt lat="51.284744" lon="8.58391">
        <ele>653.26</ele>
        <time>2026-08-11T00:07:52.9530000+00:00</time>
      </trkpt>
      <trkpt lat="51.284756" lon="8.583854">
        <ele>654.22</ele>
        <time>2026-08-11T00:07:54.2550000+00:00</time>
      </trkpt>
      <trkpt lat="51.284769" lon="8.583809">
        <ele>654.84</ele>
        <time>2026-08-11T00:07:55.3450000+00:00</time>
      </trkpt>
      <trkpt lat="51.284781" lon="8.583766">
        <ele>655.37</ele>
        <time>2026-08-11T00:07:56.3820000+00:00</time>
      </trkpt>
      <trkpt lat="51.284793" lon="8.583721">
        <ele>655.93</ele>
        <time>2026-08-11T00:07:57.4580000+00:00</time>
      </trkpt>
      <trkpt lat="51.28481" lon="8.583673">
        <ele>656.25</ele>
        <time>2026-08-11T00:07:58.6720000+00:00</time>
      </trkpt>
      <trkpt lat="51.284819" lon="8.583611">
        <ele>656.48</ele>
        <time>2026-08-11T00:08:00.0730000+00:00</time>
      </trkpt>
      <trkpt lat="51.284826" lon="8.583558">
        <ele>656.71</ele>
        <time>2026-08-11T00:08:01.2650000+00:00</time>
      </trkpt>
      <trkpt lat="51.28484" lon="8.583504">
        <ele>656.66</ele>
        <time>2026-08-11T00:08:02.5510000+00:00</time>
      </trkpt>
      <trkpt lat="51.284848" lon="8.583448">
        <ele>656.87</ele>
        <time>2026-08-11T00:08:03.8140000+00:00</time>
      </trkpt>
      <trkpt lat="51.284852" lon="8.583395">
        <ele>657.2</ele>
        <time>2026-08-11T00:08:04.9890000+00:00</time>
      </trkpt>
      <trkpt lat="51.284854" lon="8.583348">
        <ele>657.55</ele>
        <time>2026-08-11T00:08:06.0260000+00:00</time>
      </trkpt>
      <trkpt lat="51.284864" lon="8.583294">
        <ele>657.65</ele>
        <time>2026-08-11T00:08:07.2650000+00:00</time>
      </trkpt>
      <trkpt lat="51.284877" lon="8.58324">
        <ele>657.62</ele>
        <time>2026-08-11T00:08:08.5380000+00:00</time>
      </trkpt>
      <trkpt lat="51.284882" lon="8.583189">
        <ele>657.88</ele>
        <time>2026-08-11T00:08:09.6740000+00:00</time>
      </trkpt>
      <trkpt lat="51.284875" lon="8.583133">
        <ele>658.68</ele>
        <time>2026-08-11T00:08:10.9310000+00:00</time>
      </trkpt>
      <trkpt lat="51.284867" lon="8.583083">
        <ele>659.46</ele>
        <time>2026-08-11T00:08:12.0660000+00:00</time>
      </trkpt>
      <trkpt lat="51.284849" lon="8.583032">
        <ele>660.67</ele>
        <time>2026-08-11T00:08:13.3550000+00:00</time>
      </trkpt>
      <trkpt lat="51.284836" lon="8.582987">
        <ele>661.62</ele>
        <time>2026-08-11T00:08:14.4450000+00:00</time>
      </trkpt>
      <trkpt lat="51.284825" lon="8.582939">
        <ele>662.53</ele>
        <time>2026-08-11T00:08:15.5700000+00:00</time>
      </trkpt>
      <trkpt lat="51.284811" lon="8.582884">
        <ele>663.63</ele>
        <time>2026-08-11T00:08:16.8760000+00:00</time>
      </trkpt>
      <trkpt lat="51.284803" lon="8.582831">
        <ele>664.29</ele>
        <time>2026-08-11T00:08:18.0760000+00:00</time>
      </trkpt>
      <trkpt lat="51.284796" lon="8.582773">
        <ele>664.52</ele>
        <time>2026-08-11T00:08:19.3760000+00:00</time>
      </trkpt>
      <trkpt lat="51.284778" lon="8.582725">
        <ele>665.21</ele>
        <time>2026-08-11T00:08:20.6070000+00:00</time>
      </trkpt>
      <trkpt lat="51.284761" lon="8.582682">
        <ele>665.86</ele>
        <time>2026-08-11T00:08:21.7260000+00:00</time>
      </trkpt>
      <trkpt lat="51.284748" lon="8.582625">
        <ele>666.23</ele>
        <time>2026-08-11T00:08:23.0610000+00:00</time>
      </trkpt>
      <trkpt lat="51.284738" lon="8.582568">
        <ele>666.5</ele>
        <time>2026-08-11T00:08:24.3630000+00:00</time>
      </trkpt>
      <trkpt lat="51.284727" lon="8.582515">
        <ele>666.83</ele>
        <time>2026-08-11T00:08:25.5920000+00:00</time>
      </trkpt>
      <trkpt lat="51.284715" lon="8.58246">
        <ele>667.19</ele>
        <time>2026-08-11T00:08:26.8740000+00:00</time>
      </trkpt>
      <trkpt lat="51.284703" lon="8.582406">
        <ele>667.56</ele>
        <time>2026-08-11T00:08:28.1350000+00:00</time>
      </trkpt>
      <trkpt lat="51.284688" lon="8.582349">
        <ele>668.04</ele>
        <time>2026-08-11T00:08:29.4960000+00:00</time>
      </trkpt>
      <trkpt lat="51.284672" lon="8.582298">
        <ele>668.57</ele>
        <time>2026-08-11T00:08:30.7510000+00:00</time>
      </trkpt>
      <trkpt lat="51.284659" lon="8.58225">
        <ele>669</ele>
        <time>2026-08-11T00:08:31.9020000+00:00</time>
      </trkpt>
      <trkpt lat="51.28465" lon="8.582192">
        <ele>669.29</ele>
        <time>2026-08-11T00:08:33.2170000+00:00</time>
      </trkpt>
      <trkpt lat="51.284646" lon="8.582136">
        <ele>669.41</ele>
        <time>2026-08-11T00:08:34.4560000+00:00</time>
      </trkpt>
      <trkpt lat="51.28464" lon="8.582088">
        <ele>669.6</ele>
        <time>2026-08-11T00:08:35.5330000+00:00</time>
      </trkpt>
      <trkpt lat="51.284626" lon="8.582032">
        <ele>670.1</ele>
        <time>2026-08-11T00:08:36.8600000+00:00</time>
      </trkpt>
      <trkpt lat="51.284614" lon="8.581976">
        <ele>670.41</ele>
        <time>2026-08-11T00:08:38.1630000+00:00</time>
      </trkpt>
      <trkpt lat="51.284604" lon="8.581933">
        <ele>670.65</ele>
        <time>2026-08-11T00:08:39.1720000+00:00</time>
      </trkpt>
      <trkpt lat="51.284595" lon="8.581882">
        <ele>670.83</ele>
        <time>2026-08-11T00:08:40.3380000+00:00</time>
      </trkpt>
      <trkpt lat="51.284586" lon="8.581823">
        <ele>670.98</ele>
        <time>2026-08-11T00:08:41.6740000+00:00</time>
      </trkpt>
      <trkpt lat="51.284568" lon="8.581775">
        <ele>671.52</ele>
        <time>2026-08-11T00:08:42.9050000+00:00</time>
      </trkpt>
      <trkpt lat="51.284546" lon="8.581739">
        <ele>672.25</ele>
        <time>2026-08-11T00:08:44.0120000+00:00</time>
      </trkpt>
      <trkpt lat="51.284526" lon="8.581693">
        <ele>672.87</ele>
        <time>2026-08-11T00:08:45.2450000+00:00</time>
      </trkpt>
      <trkpt lat="51.284515" lon="8.581645">
        <ele>673.15</ele>
        <time>2026-08-11T00:08:46.3700000+00:00</time>
      </trkpt>
      <trkpt lat="51.284499" lon="8.581599">
        <ele>673.64</ele>
        <time>2026-08-11T00:08:47.5270000+00:00</time>
      </trkpt>
      <trkpt lat="51.284483" lon="8.581544">
        <ele>674.1</ele>
        <time>2026-08-11T00:08:48.8620000+00:00</time>
      </trkpt>
      <trkpt lat="51.284467" lon="8.581494">
        <ele>674.58</ele>
        <time>2026-08-11T00:08:50.0980000+00:00</time>
      </trkpt>
      <trkpt lat="51.284451" lon="8.581444">
        <ele>675.06</ele>
        <time>2026-08-11T00:08:51.3340000+00:00</time>
      </trkpt>
      <trkpt lat="51.28444" lon="8.581397">
        <ele>675.36</ele>
        <time>2026-08-11T00:08:52.4380000+00:00</time>
      </trkpt>
      <trkpt lat="51.284431" lon="8.581336">
        <ele>675.55</ele>
        <time>2026-08-11T00:08:53.8170000+00:00</time>
      </trkpt>
      <trkpt lat="51.284427" lon="8.581288">
        <ele>675.58</ele>
        <time>2026-08-11T00:08:54.8820000+00:00</time>
      </trkpt>
      <trkpt lat="51.284418" lon="8.581269">
        <ele>675.89</ele>
        <time>2026-08-11T00:08:55.4060000+00:00</time>
      </trkpt>
      <trkpt lat="51.284402" lon="8.581267">
        <ele>676.51</ele>
        <time>2026-08-11T00:08:55.9700000+00:00</time>
      </trkpt>
      <trkpt lat="51.284395" lon="8.581292">
        <ele>676.85</ele>
        <time>2026-08-11T00:08:56.5730000+00:00</time>
      </trkpt>
      <trkpt lat="51.284394" lon="8.581321">
        <ele>676.96</ele>
        <time>2026-08-11T00:08:57.2130000+00:00</time>
      </trkpt>
      <trkpt lat="51.284399" lon="8.581376">
        <ele>676.91</ele>
        <time>2026-08-11T00:08:58.4360000+00:00</time>
      </trkpt>
      <trkpt lat="51.284403" lon="8.581425">
        <ele>676.88</ele>
        <time>2026-08-11T00:08:59.5230000+00:00</time>
      </trkpt>
      <trkpt lat="51.284405" lon="8.581478">
        <ele>676.94</ele>
        <time>2026-08-11T00:09:00.6920000+00:00</time>
      </trkpt>
      <trkpt lat="51.284415" lon="8.581528">
        <ele>676.68</ele>
        <time>2026-08-11T00:09:01.8470000+00:00</time>
      </trkpt>
      <trkpt lat="51.284432" lon="8.581578">
        <ele>676.15</ele>
        <time>2026-08-11T00:09:03.0990000+00:00</time>
      </trkpt>
      <trkpt lat="51.284444" lon="8.581636">
        <ele>675.85</ele>
        <time>2026-08-11T00:09:04.4430000+00:00</time>
      </trkpt>
      <trkpt lat="51.284453" lon="8.581694">
        <ele>675.66</ele>
        <time>2026-08-11T00:09:05.7580000+00:00</time>
      </trkpt>
      <trkpt lat="51.284458" lon="8.581753">
        <ele>675.63</ele>
        <time>2026-08-11T00:09:07.0680000+00:00</time>
      </trkpt>
      <trkpt lat="51.284458" lon="8.581782">
        <ele>675.71</ele>
        <time>2026-08-11T00:09:07.7060000+00:00</time>
      </trkpt>
      <trkpt lat="51.284454" lon="8.581805">
        <ele>675.92</ele>
        <time>2026-08-11T00:09:08.2330000+00:00</time>
      </trkpt>
      <trkpt lat="51.284448" lon="8.581814">
        <ele>676.17</ele>
        <time>2026-08-11T00:09:08.5240000+00:00</time>
      </trkpt>
      <trkpt lat="51.284436" lon="8.581822">
        <ele>676.65</ele>
        <time>2026-08-11T00:09:08.9810000+00:00</time>
      </trkpt>
      <trkpt lat="51.284428" lon="8.581815">
        <ele>676.93</ele>
        <time>2026-08-11T00:09:09.3010000+00:00</time>
      </trkpt>
      <trkpt lat="51.284411" lon="8.581762">
        <ele>677.44</ele>
        <time>2026-08-11T00:09:10.6110000+00:00</time>
      </trkpt>
      <trkpt lat="51.284398" lon="8.581709">
        <ele>677.8</ele>
        <time>2026-08-11T00:09:11.8630000+00:00</time>
      </trkpt>
      <trkpt lat="51.284381" lon="8.581659">
        <ele>678.32</ele>
        <time>2026-08-11T00:09:13.1150000+00:00</time>
      </trkpt>
      <trkpt lat="51.284368" lon="8.581606">
        <ele>678.69</ele>
        <time>2026-08-11T00:09:14.3680000+00:00</time>
      </trkpt>
      <trkpt lat="51.284365" lon="8.58155">
        <ele>678.66</ele>
        <time>2026-08-11T00:09:15.6050000+00:00</time>
      </trkpt>
      <trkpt lat="51.284371" lon="8.581495">
        <ele>678.3</ele>
        <time>2026-08-11T00:09:16.8340000+00:00</time>
      </trkpt>
      <trkpt lat="51.284372" lon="8.581439">
        <ele>678.12</ele>
        <time>2026-08-11T00:09:18.0670000+00:00</time>
      </trkpt>
      <trkpt lat="51.284361" lon="8.581377">
        <ele>678.4</ele>
        <time>2026-08-11T00:09:19.4840000+00:00</time>
      </trkpt>
      <trkpt lat="51.284351" lon="8.581316">
        <ele>678.64</ele>
        <time>2026-08-11T00:09:20.8720000+00:00</time>
      </trkpt>
      <trkpt lat="51.284344" lon="8.581257">
        <ele>678.77</ele>
        <time>2026-08-11T00:09:22.1930000+00:00</time>
      </trkpt>
      <trkpt lat="51.284334" lon="8.5812">
        <ele>679.03</ele>
        <time>2026-08-11T00:09:23.4960000+00:00</time>
      </trkpt>
      <trkpt lat="51.284316" lon="8.581156">
        <ele>679.59</ele>
        <time>2026-08-11T00:09:24.6530000+00:00</time>
      </trkpt>
      <trkpt lat="51.284297" lon="8.581111">
        <ele>680.14</ele>
        <time>2026-08-11T00:09:25.8480000+00:00</time>
      </trkpt>
      <trkpt lat="51.284279" lon="8.581056">
        <ele>680.6</ele>
        <time>2026-08-11T00:09:27.2130000+00:00</time>
      </trkpt>
      <trkpt lat="51.284269" lon="8.580995">
        <ele>680.72</ele>
        <time>2026-08-11T00:09:28.6010000+00:00</time>
      </trkpt>
      <trkpt lat="51.284267" lon="8.580934">
        <ele>680.52</ele>
        <time>2026-08-11T00:09:29.9450000+00:00</time>
      </trkpt>
      <trkpt lat="51.284255" lon="8.580882">
        <ele>680.74</ele>
        <time>2026-08-11T00:09:31.1650000+00:00</time>
      </trkpt>
      <trkpt lat="51.28424" lon="8.580834">
        <ele>681.09</ele>
        <time>2026-08-11T00:09:32.3460000+00:00</time>
      </trkpt>
      <trkpt lat="51.284226" lon="8.580781">
        <ele>681.37</ele>
        <time>2026-08-11T00:09:33.6120000+00:00</time>
      </trkpt>
      <trkpt lat="51.284219" lon="8.580732">
        <ele>681.41</ele>
        <time>2026-08-11T00:09:34.7180000+00:00</time>
      </trkpt>
      <trkpt lat="51.284211" lon="8.580678">
        <ele>681.45</ele>
        <time>2026-08-11T00:09:35.9390000+00:00</time>
      </trkpt>
      <trkpt lat="51.284196" lon="8.580633">
        <ele>681.79</ele>
        <time>2026-08-11T00:09:37.0610000+00:00</time>
      </trkpt>
      <trkpt lat="51.284178" lon="8.58058">
        <ele>682.2</ele>
        <time>2026-08-11T00:09:38.3880000+00:00</time>
      </trkpt>
      <trkpt lat="51.284161" lon="8.580532">
        <ele>682.59</ele>
        <time>2026-08-11T00:09:39.6020000+00:00</time>
      </trkpt>
      <trkpt lat="51.284143" lon="8.580489">
        <ele>683.04</ele>
        <time>2026-08-11T00:09:40.7400000+00:00</time>
      </trkpt>
      <trkpt lat="51.284122" lon="8.580442">
        <ele>683.56</ele>
        <time>2026-08-11T00:09:42.0110000+00:00</time>
      </trkpt>
      <trkpt lat="51.284109" lon="8.580403">
        <ele>683.83</ele>
        <time>2026-08-11T00:09:42.9830000+00:00</time>
      </trkpt>
      <trkpt lat="51.284089" lon="8.580349">
        <ele>684.27</ele>
        <time>2026-08-11T00:09:44.3640000+00:00</time>
      </trkpt>
      <trkpt lat="51.284076" lon="8.580294">
        <ele>684.49</ele>
        <time>2026-08-11T00:09:45.6580000+00:00</time>
      </trkpt>
      <trkpt lat="51.284069" lon="8.580236">
        <ele>684.47</ele>
        <time>2026-08-11T00:09:46.9580000+00:00</time>
      </trkpt>
      <trkpt lat="51.284066" lon="8.580183">
        <ele>684.33</ele>
        <time>2026-08-11T00:09:48.1290000+00:00</time>
      </trkpt>
      <trkpt lat="51.284052" lon="8.580136">
        <ele>684.62</ele>
        <time>2026-08-11T00:09:49.2740000+00:00</time>
      </trkpt>
      <trkpt lat="51.284035" lon="8.580081">
        <ele>684.97</ele>
        <time>2026-08-11T00:09:50.6240000+00:00</time>
      </trkpt>
      <trkpt lat="51.284014" lon="8.580031">
        <ele>685.48</ele>
        <time>2026-08-11T00:09:51.9490000+00:00</time>
      </trkpt>
      <trkpt lat="51.283989" lon="8.579991">
        <ele>686.18</ele>
        <time>2026-08-11T00:09:53.1930000+00:00</time>
      </trkpt>
      <trkpt lat="51.283969" lon="8.579947">
        <ele>686.68</ele>
        <time>2026-08-11T00:09:54.3900000+00:00</time>
      </trkpt>
      <trkpt lat="51.28396" lon="8.579898">
        <ele>686.77</ele>
        <time>2026-08-11T00:09:55.5140000+00:00</time>
      </trkpt>
      <trkpt lat="51.283948" lon="8.579848">
        <ele>686.96</ele>
        <time>2026-08-11T00:09:56.6920000+00:00</time>
      </trkpt>
      <trkpt lat="51.283934" lon="8.579796">
        <ele>687.2</ele>
        <time>2026-08-11T00:09:57.9380000+00:00</time>
      </trkpt>
      <trkpt lat="51.283926" lon="8.579751">
        <ele>687.28</ele>
        <time>2026-08-11T00:09:58.9670000+00:00</time>
      </trkpt>
      <trkpt lat="51.283914" lon="8.579697">
        <ele>687.47</ele>
        <time>2026-08-11T00:10:00.2290000+00:00</time>
      </trkpt>
      <trkpt lat="51.283904" lon="8.57964">
        <ele>687.58</ele>
        <time>2026-08-11T00:10:01.5310000+00:00</time>
      </trkpt>
      <trkpt lat="51.283892" lon="8.579587">
        <ele>687.79</ele>
        <time>2026-08-11T00:10:02.7720000+00:00</time>
      </trkpt>
      <trkpt lat="51.283875" lon="8.579538">
        <ele>688.21</ele>
        <time>2026-08-11T00:10:04.0050000+00:00</time>
      </trkpt>
      <trkpt lat="51.283857" lon="8.579497">
        <ele>688.68</ele>
        <time>2026-08-11T00:10:05.1070000+00:00</time>
      </trkpt>
      <trkpt lat="51.283837" lon="8.579457">
        <ele>689.2</ele>
        <time>2026-08-11T00:10:06.2340000+00:00</time>
      </trkpt>
      <trkpt lat="51.283822" lon="8.579419">
        <ele>689.53</ele>
        <time>2026-08-11T00:10:07.2230000+00:00</time>
      </trkpt>
      <trkpt lat="51.283806" lon="8.579374">
        <ele>689.86</ele>
        <time>2026-08-11T00:10:08.3620000+00:00</time>
      </trkpt>
      <trkpt lat="51.283786" lon="8.579327">
        <ele>690.32</ele>
        <time>2026-08-11T00:10:09.6130000+00:00</time>
      </trkpt>
      <trkpt lat="51.283765" lon="8.579278">
        <ele>690.79</ele>
        <time>2026-08-11T00:10:10.9200000+00:00</time>
      </trkpt>
      <trkpt lat="51.283745" lon="8.579235">
        <ele>691.27</ele>
        <time>2026-08-11T00:10:12.0990000+00:00</time>
      </trkpt>
      <trkpt lat="51.283723" lon="8.57919">
        <ele>691.8</ele>
        <time>2026-08-11T00:10:13.3560000+00:00</time>
      </trkpt>
      <trkpt lat="51.283703" lon="8.579153">
        <ele>692.3</ele>
        <time>2026-08-11T00:10:14.4320000+00:00</time>
      </trkpt>
      <trkpt lat="51.283686" lon="8.579117">
        <ele>692.7</ele>
        <time>2026-08-11T00:10:15.4240000+00:00</time>
      </trkpt>
      <trkpt lat="51.283665" lon="8.579077">
        <ele>693.21</ele>
        <time>2026-08-11T00:10:16.5740000+00:00</time>
      </trkpt>
      <trkpt lat="51.283646" lon="8.579034">
        <ele>693.62</ele>
        <time>2026-08-11T00:10:17.7320000+00:00</time>
      </trkpt>
      <trkpt lat="51.283622" lon="8.579004">
        <ele>694.3</ele>
        <time>2026-08-11T00:10:18.8040000+00:00</time>
      </trkpt>
      <trkpt lat="51.283601" lon="8.578975">
        <ele>694.88</ele>
        <time>2026-08-11T00:10:19.7800000+00:00</time>
      </trkpt>
      <trkpt lat="51.283577" lon="8.578953">
        <ele>695.61</ele>
        <time>2026-08-11T00:10:20.7530000+00:00</time>
      </trkpt>
      <trkpt lat="51.283559" lon="8.578912">
        <ele>695.98</ele>
        <time>2026-08-11T00:10:21.8550000+00:00</time>
      </trkpt>
      <trkpt lat="51.28354" lon="8.578871">
        <ele>696.38</ele>
        <time>2026-08-11T00:10:22.9780000+00:00</time>
      </trkpt>
      <trkpt lat="51.283519" lon="8.578834">
        <ele>696.89</ele>
        <time>2026-08-11T00:10:24.0770000+00:00</time>
      </trkpt>
      <trkpt lat="51.283496" lon="8.578803">
        <ele>697.5</ele>
        <time>2026-08-11T00:10:25.1350000+00:00</time>
      </trkpt>
      <trkpt lat="51.283476" lon="8.578769">
        <ele>697.98</ele>
        <time>2026-08-11T00:10:26.1620000+00:00</time>
      </trkpt>
      <trkpt lat="51.283452" lon="8.578734">
        <ele>698.59</ele>
        <time>2026-08-11T00:10:27.3050000+00:00</time>
      </trkpt>
      <trkpt lat="51.283425" lon="8.578693">
        <ele>699.26</ele>
        <time>2026-08-11T00:10:28.6150000+00:00</time>
      </trkpt>
      <trkpt lat="51.283405" lon="8.578655">
        <ele>699.55</ele>
        <time>2026-08-11T00:10:29.7080000+00:00</time>
      </trkpt>
      <trkpt lat="51.28338" lon="8.578624">
        <ele>700.07</ele>
        <time>2026-08-11T00:10:30.8200000+00:00</time>
      </trkpt>
      <trkpt lat="51.283361" lon="8.57859">
        <ele>700.33</ele>
        <time>2026-08-11T00:10:31.8230000+00:00</time>
      </trkpt>
      <trkpt lat="51.283336" lon="8.578551">
        <ele>700.76</ele>
        <time>2026-08-11T00:10:33.0520000+00:00</time>
      </trkpt>
      <trkpt lat="51.283312" lon="8.578514">
        <ele>701.17</ele>
        <time>2026-08-11T00:10:34.2250000+00:00</time>
      </trkpt>
      <trkpt lat="51.283289" lon="8.578482">
        <ele>701.61</ele>
        <time>2026-08-11T00:10:35.2970000+00:00</time>
      </trkpt>
      <trkpt lat="51.283268" lon="8.578447">
        <ele>701.94</ele>
        <time>2026-08-11T00:10:36.3640000+00:00</time>
      </trkpt>
      <trkpt lat="51.283245" lon="8.578424">
        <ele>702.5</ele>
        <time>2026-08-11T00:10:37.3180000+00:00</time>
      </trkpt>
      <trkpt lat="51.283219" lon="8.578394">
        <ele>703.08</ele>
        <time>2026-08-11T00:10:38.4450000+00:00</time>
      </trkpt>
      <trkpt lat="51.283197" lon="8.578351">
        <ele>703.36</ele>
        <time>2026-08-11T00:10:39.6680000+00:00</time>
      </trkpt>
      <trkpt lat="51.283175" lon="8.57831">
        <ele>703.67</ele>
        <time>2026-08-11T00:10:40.8560000+00:00</time>
      </trkpt>
      <trkpt lat="51.283144" lon="8.578283">
        <ele>704.47</ele>
        <time>2026-08-11T00:10:42.0980000+00:00</time>
      </trkpt>
      <trkpt lat="51.28312" lon="8.578245">
        <ele>704.89</ele>
        <time>2026-08-11T00:10:43.2860000+00:00</time>
      </trkpt>
      <trkpt lat="51.283098" lon="8.578198">
        <ele>705.14</ele>
        <time>2026-08-11T00:10:44.5780000+00:00</time>
      </trkpt>
      <trkpt lat="51.283074" lon="8.578157">
        <ele>705.37</ele>
        <time>2026-08-11T00:10:45.8130000+00:00</time>
      </trkpt>
      <trkpt lat="51.283045" lon="8.578123">
        <ele>705.83</ele>
        <time>2026-08-11T00:10:47.0780000+00:00</time>
      </trkpt>
      <trkpt lat="51.28302" lon="8.578081">
        <ele>706.08</ele>
        <time>2026-08-11T00:10:48.3540000+00:00</time>
      </trkpt>
      <trkpt lat="51.282998" lon="8.578047">
        <ele>706.33</ele>
        <time>2026-08-11T00:10:49.4310000+00:00</time>
      </trkpt>
      <trkpt lat="51.282974" lon="8.578005">
        <ele>706.55</ele>
        <time>2026-08-11T00:10:50.6820000+00:00</time>
      </trkpt>
      <trkpt lat="51.28295" lon="8.577967">
        <ele>706.81</ele>
        <time>2026-08-11T00:10:51.8710000+00:00</time>
      </trkpt>
      <trkpt lat="51.282928" lon="8.577927">
        <ele>706.99</ele>
        <time>2026-08-11T00:10:53.0430000+00:00</time>
      </trkpt>
      <trkpt lat="51.2829" lon="8.577887">
        <ele>707.35</ele>
        <time>2026-08-11T00:10:54.3630000+00:00</time>
      </trkpt>
      <trkpt lat="51.282874" lon="8.577844">
        <ele>707.59</ele>
        <time>2026-08-11T00:10:55.6790000+00:00</time>
      </trkpt>
      <trkpt lat="51.28285" lon="8.577809">
        <ele>707.79</ele>
        <time>2026-08-11T00:10:56.8220000+00:00</time>
      </trkpt>
      <trkpt lat="51.282824" lon="8.577766">
        <ele>707.91</ele>
        <time>2026-08-11T00:10:58.1380000+00:00</time>
      </trkpt>
      <trkpt lat="51.282799" lon="8.57773">
        <ele>708.09</ele>
        <time>2026-08-11T00:10:59.3220000+00:00</time>
      </trkpt>
      <trkpt lat="51.282775" lon="8.577705">
        <ele>708.4</ele>
        <time>2026-08-11T00:11:00.3300000+00:00</time>
      </trkpt>
      <trkpt lat="51.282753" lon="8.577667">
        <ele>708.44</ele>
        <time>2026-08-11T00:11:01.4700000+00:00</time>
      </trkpt>
      <trkpt lat="51.282727" lon="8.577643">
        <ele>708.81</ele>
        <time>2026-08-11T00:11:02.5260000+00:00</time>
      </trkpt>
      <trkpt lat="51.282716" lon="8.577634">
        <ele>708.98</ele>
        <time>2026-08-11T00:11:02.9620000+00:00</time>
      </trkpt>
      <trkpt lat="51.282704" lon="8.577632">
        <ele>709.29</ele>
        <time>2026-08-11T00:11:03.3860000+00:00</time>
      </trkpt>
      <trkpt lat="51.282695" lon="8.577641">
        <ele>709.69</ele>
        <time>2026-08-11T00:11:03.7600000+00:00</time>
      </trkpt>
      <trkpt lat="51.282692" lon="8.577659">
        <ele>710.06</ele>
        <time>2026-08-11T00:11:04.1700000+00:00</time>
      </trkpt>
      <trkpt lat="51.282698" lon="8.577679">
        <ele>710.21</ele>
        <time>2026-08-11T00:11:04.6590000+00:00</time>
      </trkpt>
      <trkpt lat="51.282706" lon="8.577695">
        <ele>710.24</ele>
        <time>2026-08-11T00:11:05.1090000+00:00</time>
      </trkpt>
      <trkpt lat="51.282719" lon="8.577715">
        <ele>710.18</ele>
        <time>2026-08-11T00:11:05.7440000+00:00</time>
      </trkpt>
      <trkpt lat="51.282732" lon="8.577737">
        <ele>710.15</ele>
        <time>2026-08-11T00:11:06.4090000+00:00</time>
      </trkpt>
      <trkpt lat="51.282746" lon="8.577772">
        <ele>710.3</ele>
        <time>2026-08-11T00:11:07.3230000+00:00</time>
      </trkpt>
      <trkpt lat="51.282764" lon="8.577814">
        <ele>710.42</ele>
        <time>2026-08-11T00:11:08.4440000+00:00</time>
      </trkpt>
      <trkpt lat="51.282779" lon="8.577856">
        <ele>710.61</ele>
        <time>2026-08-11T00:11:09.5080000+00:00</time>
      </trkpt>
      <trkpt lat="51.282788" lon="8.577885">
        <ele>710.69</ele>
        <time>2026-08-11T00:11:10.2210000+00:00</time>
      </trkpt>
      <trkpt lat="51.282791" lon="8.577909">
        <ele>710.89</ele>
        <time>2026-08-11T00:11:10.7600000+00:00</time>
      </trkpt>
      <trkpt lat="51.282785" lon="8.577931">
        <ele>711.33</ele>
        <time>2026-08-11T00:11:11.2890000+00:00</time>
      </trkpt>
      <trkpt lat="51.282773" lon="8.577939">
        <ele>711.79</ele>
        <time>2026-08-11T00:11:11.7460000+00:00</time>
      </trkpt>
      <trkpt lat="51.282765" lon="8.577932">
        <ele>711.94</ele>
        <time>2026-08-11T00:11:12.0670000+00:00</time>
      </trkpt>
      <trkpt lat="51.282752" lon="8.57792">
        <ele>712.19</ele>
        <time>2026-08-11T00:11:12.5960000+00:00</time>
      </trkpt>
      <trkpt lat="51.28274" lon="8.577899">
        <ele>712.3</ele>
        <time>2026-08-11T00:11:13.2210000+00:00</time>
      </trkpt>
      <trkpt lat="51.28272" lon="8.577864">
        <ele>712.48</ele>
        <time>2026-08-11T00:11:14.2650000+00:00</time>
      </trkpt>
      <trkpt lat="51.28271" lon="8.577844">
        <ele>712.51</ele>
        <time>2026-08-11T00:11:14.8280000+00:00</time>
      </trkpt>
      <trkpt lat="51.282696" lon="8.577816">
        <ele>712.48</ele>
        <time>2026-08-11T00:11:15.6170000+00:00</time>
      </trkpt>
      <trkpt lat="51.282683" lon="8.577786">
        <ele>712.38</ele>
        <time>2026-08-11T00:11:16.4200000+00:00</time>
      </trkpt>
      <trkpt lat="51.28266" lon="8.577743">
        <ele>712.35</ele>
        <time>2026-08-11T00:11:17.6640000+00:00</time>
      </trkpt>
      <trkpt lat="51.282635" lon="8.577703">
        <ele>712.42</ele>
        <time>2026-08-11T00:11:18.9090000+00:00</time>
      </trkpt>
      <trkpt lat="51.282608" lon="8.577661">
        <ele>712.5</ele>
        <time>2026-08-11T00:11:20.2340000+00:00</time>
      </trkpt>
      <trkpt lat="51.282579" lon="8.577622">
        <ele>712.67</ele>
        <time>2026-08-11T00:11:21.5670000+00:00</time>
      </trkpt>
      <trkpt lat="51.282555" lon="8.57759">
        <ele>712.8</ele>
        <time>2026-08-11T00:11:22.6670000+00:00</time>
      </trkpt>
      <trkpt lat="51.28253" lon="8.577558">
        <ele>712.95</ele>
        <time>2026-08-11T00:11:23.7940000+00:00</time>
      </trkpt>
      <trkpt lat="51.282501" lon="8.577519">
        <ele>713.08</ele>
        <time>2026-08-11T00:11:25.1270000+00:00</time>
      </trkpt>
      <trkpt lat="51.282474" lon="8.577491">
        <ele>713.33</ele>
        <time>2026-08-11T00:11:26.2590000+00:00</time>
      </trkpt>
      <trkpt lat="51.282446" lon="8.577469">
        <ele>713.7</ele>
        <time>2026-08-11T00:11:27.3570000+00:00</time>
      </trkpt>
      <trkpt lat="51.282413" lon="8.577451">
        <ele>714.28</ele>
        <time>2026-08-11T00:11:28.5830000+00:00</time>
      </trkpt>
      <trkpt lat="51.282378" lon="8.577429">
        <ele>714.82</ele>
        <time>2026-08-11T00:11:29.9060000+00:00</time>
      </trkpt>
      <trkpt lat="51.282343" lon="8.577406">
        <ele>715.34</ele>
        <time>2026-08-11T00:11:31.2370000+00:00</time>
      </trkpt>
      <trkpt lat="51.282309" lon="8.577389">
        <ele>715.93</ele>
        <time>2026-08-11T00:11:32.4900000+00:00</time>
      </trkpt>
      <trkpt lat="51.282276" lon="8.577375">
        <ele>716.54</ele>
        <time>2026-08-11T00:11:33.6910000+00:00</time>
      </trkpt>
      <trkpt lat="51.282244" lon="8.577363">
        <ele>716.75</ele>
        <time>2026-08-11T00:11:34.8470000+00:00</time>
      </trkpt>
      <trkpt lat="51.282228" lon="8.577367">
        <ele>716.94</ele>
        <time>2026-08-11T00:11:35.4170000+00:00</time>
      </trkpt>
      <trkpt lat="51.282221" lon="8.577376">
        <ele>717.16</ele>
        <time>2026-08-11T00:11:35.7330000+00:00</time>
      </trkpt>
      <trkpt lat="51.282217" lon="8.577386">
        <ele>717.38</ele>
        <time>2026-08-11T00:11:35.9950000+00:00</time>
      </trkpt>
      <trkpt lat="51.282221" lon="8.577407">
        <ele>717.75</ele>
        <time>2026-08-11T00:11:36.4790000+00:00</time>
      </trkpt>
      <trkpt lat="51.282232" lon="8.577421">
        <ele>717.94</ele>
        <time>2026-08-11T00:11:36.9730000+00:00</time>
      </trkpt>
      <trkpt lat="51.282261" lon="8.577439">
        <ele>718.09</ele>
        <time>2026-08-11T00:11:38.0670000+00:00</time>
      </trkpt>
      <trkpt lat="51.282277" lon="8.577448">
        <ele>717.91</ele>
        <time>2026-08-11T00:11:38.6630000+00:00</time>
      </trkpt>
      <trkpt lat="51.28229" lon="8.577458">
        <ele>717.75</ele>
        <time>2026-08-11T00:11:39.1700000+00:00</time>
      </trkpt>
      <trkpt lat="51.282294" lon="8.577462">
        <ele>717.71</ele>
        <time>2026-08-11T00:11:39.3350000+00:00</time>
      </trkpt>
      <trkpt lat="51.282296" lon="8.57747">
        <ele>717.81</ele>
        <time>2026-08-11T00:11:39.5250000+00:00</time>
      </trkpt>
      <trkpt lat="51.282297" lon="8.577482">
        <ele>718.01</ele>
        <time>2026-08-11T00:11:39.7920000+00:00</time>
      </trkpt>
      <trkpt lat="51.282289" lon="8.577492">
        <ele>718.42</ele>
        <time>2026-08-11T00:11:40.1510000+00:00</time>
      </trkpt>
      <trkpt lat="51.282281" lon="8.577491">
        <ele>718.62</ele>
        <time>2026-08-11T00:11:40.4330000+00:00</time>
      </trkpt>
      <trkpt lat="51.282259" lon="8.577478">
        <ele>718.85</ele>
        <time>2026-08-11T00:11:41.2580000+00:00</time>
      </trkpt>
      <trkpt lat="51.282227" lon="8.57747">
        <ele>718.91</ele>
        <time>2026-08-11T00:11:42.3980000+00:00</time>
      </trkpt>
      <trkpt lat="51.282193" lon="8.577473">
        <ele>719.18</ele>
        <time>2026-08-11T00:11:43.5960000+00:00</time>
      </trkpt>
      <trkpt lat="51.282157" lon="8.577486">
        <ele>719.66</ele>
        <time>2026-08-11T00:11:44.8940000+00:00</time>
      </trkpt>
      <trkpt lat="51.282127" lon="8.5775">
        <ele>720.11</ele>
        <time>2026-08-11T00:11:45.9930000+00:00</time>
      </trkpt>
      <trkpt lat="51.28211" lon="8.577513">
        <ele>720.46</ele>
        <time>2026-08-11T00:11:46.6570000+00:00</time>
      </trkpt>
      <trkpt lat="51.282092" lon="8.577524">
        <ele>720.78</ele>
        <time>2026-08-11T00:11:47.3350000+00:00</time>
      </trkpt>
      <trkpt lat="51.282063" lon="8.577541">
        <ele>721.27</ele>
        <time>2026-08-11T00:11:48.4210000+00:00</time>
      </trkpt>
      <trkpt lat="51.28203" lon="8.577556">
        <ele>721.74</ele>
        <time>2026-08-11T00:11:49.6280000+00:00</time>
      </trkpt>
      <trkpt lat="51.281991" lon="8.577552">
        <ele>721.91</ele>
        <time>2026-08-11T00:11:51.0020000+00:00</time>
      </trkpt>
      <trkpt lat="51.281953" lon="8.577539">
        <ele>721.91</ele>
        <time>2026-08-11T00:11:52.3690000+00:00</time>
      </trkpt>
      <trkpt lat="51.281915" lon="8.577537">
        <ele>722.11</ele>
        <time>2026-08-11T00:11:53.7070000+00:00</time>
      </trkpt>
      <trkpt lat="51.281879" lon="8.577548">
        <ele>722.52</ele>
        <time>2026-08-11T00:11:54.9960000+00:00</time>
      </trkpt>
      <trkpt lat="51.281848" lon="8.577565">
        <ele>723.01</ele>
        <time>2026-08-11T00:11:56.1480000+00:00</time>
      </trkpt>
      <trkpt lat="51.281812" lon="8.57758">
        <ele>723.48</ele>
        <time>2026-08-11T00:11:57.4570000+00:00</time>
      </trkpt>
      <trkpt lat="51.281775" lon="8.577595">
        <ele>723.96</ele>
        <time>2026-08-11T00:11:58.7990000+00:00</time>
      </trkpt>
      <trkpt lat="51.28174" lon="8.577608">
        <ele>724.39</ele>
        <time>2026-08-11T00:12:00.0640000+00:00</time>
      </trkpt>
      <trkpt lat="51.281709" lon="8.577629">
        <ele>724.92</ele>
        <time>2026-08-11T00:12:01.2480000+00:00</time>
      </trkpt>
      <trkpt lat="51.281682" lon="8.577653">
        <ele>725.48</ele>
        <time>2026-08-11T00:12:02.3350000+00:00</time>
      </trkpt>
      <trkpt lat="51.281671" lon="8.577666">
        <ele>725.76</ele>
        <time>2026-08-11T00:12:02.8170000+00:00</time>
      </trkpt>
      <trkpt lat="51.281664" lon="8.577687">
        <ele>726.15</ele>
        <time>2026-08-11T00:12:03.3410000+00:00</time>
      </trkpt>
      <trkpt lat="51.281668" lon="8.57771">
        <ele>726.51</ele>
        <time>2026-08-11T00:12:03.8660000+00:00</time>
      </trkpt>
      <trkpt lat="51.281673" lon="8.577719">
        <ele>726.63</ele>
        <time>2026-08-11T00:12:04.1320000+00:00</time>
      </trkpt>
      <trkpt lat="51.281678" lon="8.577725">
        <ele>726.7</ele>
        <time>2026-08-11T00:12:04.3500000+00:00</time>
      </trkpt>
      <trkpt lat="51.281697" lon="8.577724">
        <ele>726.59</ele>
        <time>2026-08-11T00:12:05.0190000+00:00</time>
      </trkpt>
      <trkpt lat="51.281715" lon="8.57772">
        <ele>726.42</ele>
        <time>2026-08-11T00:12:05.6580000+00:00</time>
      </trkpt>
      <trkpt lat="51.281747" lon="8.577713">
        <ele>726.13</ele>
        <time>2026-08-11T00:12:06.7940000+00:00</time>
      </trkpt>
      <trkpt lat="51.281779" lon="8.577703">
        <ele>725.79</ele>
        <time>2026-08-11T00:12:07.9410000+00:00</time>
      </trkpt>
      <trkpt lat="51.281816" lon="8.577697">
        <ele>725.48</ele>
        <time>2026-08-11T00:12:09.2490000+00:00</time>
      </trkpt>
      <trkpt lat="51.281851" lon="8.577689">
        <ele>725.15</ele>
        <time>2026-08-11T00:12:10.4930000+00:00</time>
      </trkpt>
      <trkpt lat="51.281881" lon="8.577672">
        <ele>724.69</ele>
        <time>2026-08-11T00:12:11.6120000+00:00</time>
      </trkpt>
      <trkpt lat="51.281913" lon="8.577645">
        <ele>724.03</ele>
        <time>2026-08-11T00:12:12.8850000+00:00</time>
      </trkpt>
      <trkpt lat="51.281944" lon="8.577617">
        <ele>723.36</ele>
        <time>2026-08-11T00:12:14.1380000+00:00</time>
      </trkpt>
      <trkpt lat="51.28198" lon="8.577608">
        <ele>722.98</ele>
        <time>2026-08-11T00:12:15.4200000+00:00</time>
      </trkpt>
      <trkpt lat="51.282017" lon="8.577611">
        <ele>722.82</ele>
        <time>2026-08-11T00:12:16.7240000+00:00</time>
      </trkpt>
      <trkpt lat="51.282053" lon="8.577615">
        <ele>722.68</ele>
        <time>2026-08-11T00:12:17.9930000+00:00</time>
      </trkpt>
      <trkpt lat="51.282092" lon="8.577621">
        <ele>722.57</ele>
        <time>2026-08-11T00:12:19.3710000+00:00</time>
      </trkpt>
      <trkpt lat="51.282125" lon="8.577632">
        <ele>722.58</ele>
        <time>2026-08-11T00:12:20.5580000+00:00</time>
      </trkpt>
      <trkpt lat="51.282154" lon="8.577647">
        <ele>722.7</ele>
        <time>2026-08-11T00:12:21.6300000+00:00</time>
      </trkpt>
      <trkpt lat="51.282179" lon="8.577667">
        <ele>722.93</ele>
        <time>2026-08-11T00:12:22.6140000+00:00</time>
      </trkpt>
      <trkpt lat="51.282184" lon="8.577678">
        <ele>723.11</ele>
        <time>2026-08-11T00:12:22.9130000+00:00</time>
      </trkpt>
      <trkpt lat="51.282185" lon="8.577693">
        <ele>723.39</ele>
        <time>2026-08-11T00:12:23.2450000+00:00</time>
      </trkpt>
      <trkpt lat="51.282178" lon="8.577705">
        <ele>723.65</ele>
        <time>2026-08-11T00:12:23.6080000+00:00</time>
      </trkpt>
      <trkpt lat="51.282167" lon="8.577708">
        <ele>723.77</ele>
        <time>2026-08-11T00:12:24.0010000+00:00</time>
      </trkpt>
      <trkpt lat="51.28214" lon="8.577719">
        <ele>724.12</ele>
        <time>2026-08-11T00:12:24.9810000+00:00</time>
      </trkpt>
      <trkpt lat="51.282109" lon="8.577728">
        <ele>724.45</ele>
        <time>2026-08-11T00:12:26.0900000+00:00</time>
      </trkpt>
      <trkpt lat="51.282072" lon="8.57774">
        <ele>724.87</ele>
        <time>2026-08-11T00:12:27.4180000+00:00</time>
      </trkpt>
      <trkpt lat="51.282037" lon="8.577746">
        <ele>725.17</ele>
        <time>2026-08-11T00:12:28.6570000+00:00</time>
      </trkpt>
      <trkpt lat="51.282019" lon="8.577745">
        <ele>725.24</ele>
        <time>2026-08-11T00:12:29.2900000+00:00</time>
      </trkpt>
      <trkpt lat="51.282003" lon="8.577748">
        <ele>725.38</ele>
        <time>2026-08-11T00:12:29.8560000+00:00</time>
      </trkpt>
      <trkpt lat="51.281988" lon="8.577752">
        <ele>725.53</ele>
        <time>2026-08-11T00:12:30.3890000+00:00</time>
      </trkpt>
      <trkpt lat="51.281974" lon="8.577764">
        <ele>725.82</ele>
        <time>2026-08-11T00:12:30.9480000+00:00</time>
      </trkpt>
      <trkpt lat="51.281978" lon="8.577788">
        <ele>726.23</ele>
        <time>2026-08-11T00:12:31.4940000+00:00</time>
      </trkpt>
      <trkpt lat="51.281983" lon="8.5778">
        <ele>726.42</ele>
        <time>2026-08-11T00:12:31.8120000+00:00</time>
      </trkpt>
      <trkpt lat="51.281992" lon="8.577805">
        <ele>726.47</ele>
        <time>2026-08-11T00:12:32.1460000+00:00</time>
      </trkpt>
      <trkpt lat="51.282023" lon="8.577805">
        <ele>726.31</ele>
        <time>2026-08-11T00:12:33.2360000+00:00</time>
      </trkpt>
      <trkpt lat="51.282055" lon="8.577796">
        <ele>725.99</ele>
        <time>2026-08-11T00:12:34.3790000+00:00</time>
      </trkpt>
      <trkpt lat="51.282089" lon="8.577798">
        <ele>725.85</ele>
        <time>2026-08-11T00:12:35.5760000+00:00</time>
      </trkpt>
      <trkpt lat="51.28212" lon="8.577804">
        <ele>725.81</ele>
        <time>2026-08-11T00:12:36.6750000+00:00</time>
      </trkpt>
      <trkpt lat="51.282137" lon="8.57781">
        <ele>725.83</ele>
        <time>2026-08-11T00:12:37.2880000+00:00</time>
      </trkpt>
      <trkpt lat="51.282147" lon="8.577827">
        <ele>726.1</ele>
        <time>2026-08-11T00:12:37.8010000+00:00</time>
      </trkpt>
      <trkpt lat="51.282146" lon="8.577856">
        <ele>726.62</ele>
        <time>2026-08-11T00:12:38.4390000+00:00</time>
      </trkpt>
      <trkpt lat="51.282134" lon="8.577874">
        <ele>726.9</ele>
        <time>2026-08-11T00:12:39.0190000+00:00</time>
      </trkpt>
      <trkpt lat="51.282101" lon="8.577884">
        <ele>727.19</ele>
        <time>2026-08-11T00:12:40.2000000+00:00</time>
      </trkpt>
      <trkpt lat="51.282069" lon="8.57788">
        <ele>727.3</ele>
        <time>2026-08-11T00:12:41.3290000+00:00</time>
      </trkpt>
      <trkpt lat="51.282031" lon="8.577875">
        <ele>727.42</ele>
        <time>2026-08-11T00:12:42.6710000+00:00</time>
      </trkpt>
      <trkpt lat="51.281993" lon="8.577879">
        <ele>727.65</ele>
        <time>2026-08-11T00:12:44.0100000+00:00</time>
      </trkpt>
      <trkpt lat="51.28196" lon="8.577897">
        <ele>728.05</ele>
        <time>2026-08-11T00:12:45.2370000+00:00</time>
      </trkpt>
      <trkpt lat="51.281931" lon="8.577929">
        <ele>728.61</ele>
        <time>2026-08-11T00:12:46.4770000+00:00</time>
      </trkpt>
      <trkpt lat="51.281904" lon="8.577961">
        <ele>729.16</ele>
        <time>2026-08-11T00:12:47.6590000+00:00</time>
      </trkpt>
      <trkpt lat="51.281876" lon="8.577985">
        <ele>729.62</ele>
        <time>2026-08-11T00:12:48.7770000+00:00</time>
      </trkpt>
      <trkpt lat="51.281847" lon="8.578008">
        <ele>730.07</ele>
        <time>2026-08-11T00:12:49.9160000+00:00</time>
      </trkpt>
      <trkpt lat="51.281815" lon="8.578022">
        <ele>730.43</ele>
        <time>2026-08-11T00:12:51.0830000+00:00</time>
      </trkpt>
      <trkpt lat="51.281787" lon="8.578036">
        <ele>730.76</ele>
        <time>2026-08-11T00:12:52.1150000+00:00</time>
      </trkpt>
      <trkpt lat="51.281759" lon="8.578058">
        <ele>731.21</ele>
        <time>2026-08-11T00:12:53.2130000+00:00</time>
      </trkpt>
      <trkpt lat="51.281734" lon="8.578077">
        <ele>731.6</ele>
        <time>2026-08-11T00:12:54.1860000+00:00</time>
      </trkpt>
      <trkpt lat="51.281701" lon="8.578105">
        <ele>732.16</ele>
        <time>2026-08-11T00:12:55.5000000+00:00</time>
      </trkpt>
      <trkpt lat="51.281676" lon="8.578123">
        <ele>732.55</ele>
        <time>2026-08-11T00:12:56.4640000+00:00</time>
      </trkpt>
      <trkpt lat="51.281649" lon="8.578117">
        <ele>732.61</ele>
        <time>2026-08-11T00:12:57.4230000+00:00</time>
      </trkpt>
      <trkpt lat="51.281613" lon="8.578121">
        <ele>732.87</ele>
        <time>2026-08-11T00:12:58.6920000+00:00</time>
      </trkpt>
      <trkpt lat="51.281585" lon="8.578137">
        <ele>733.25</ele>
        <time>2026-08-11T00:12:59.7380000+00:00</time>
      </trkpt>
      <trkpt lat="51.281554" lon="8.578166">
        <ele>733.83</ele>
        <time>2026-08-11T00:13:01.0020000+00:00</time>
      </trkpt>
      <trkpt lat="51.281536" lon="8.578174">
        <ele>734.05</ele>
        <time>2026-08-11T00:13:01.6580000+00:00</time>
      </trkpt>
      <trkpt lat="51.281521" lon="8.578184">
        <ele>734.28</ele>
        <time>2026-08-11T00:13:02.2300000+00:00</time>
      </trkpt>
      <trkpt lat="51.281513" lon="8.5782">
        <ele>734.55</ele>
        <time>2026-08-11T00:13:02.6790000+00:00</time>
      </trkpt>
      <trkpt lat="51.281517" lon="8.578223">
        <ele>734.85</ele>
        <time>2026-08-11T00:13:03.2050000+00:00</time>
      </trkpt>
      <trkpt lat="51.281528" lon="8.578232">
        <ele>734.91</ele>
        <time>2026-08-11T00:13:03.6390000+00:00</time>
      </trkpt>
      <trkpt lat="51.281542" lon="8.578236">
        <ele>734.89</ele>
        <time>2026-08-11T00:13:04.1390000+00:00</time>
      </trkpt>
      <trkpt lat="51.281575" lon="8.578237">
        <ele>734.71</ele>
        <time>2026-08-11T00:13:05.3000000+00:00</time>
      </trkpt>
      <trkpt lat="51.281603" lon="8.578238">
        <ele>734.55</ele>
        <time>2026-08-11T00:13:06.2850000+00:00</time>
      </trkpt>
      <trkpt lat="51.281618" lon="8.578246">
        <ele>734.58</ele>
        <time>2026-08-11T00:13:06.8420000+00:00</time>
      </trkpt>
      <trkpt lat="51.281627" lon="8.578269">
        <ele>734.84</ele>
        <time>2026-08-11T00:13:07.4390000+00:00</time>
      </trkpt>
      <trkpt lat="51.281622" lon="8.57829">
        <ele>735.16</ele>
        <time>2026-08-11T00:13:07.9330000+00:00</time>
      </trkpt>
      <trkpt lat="51.281608" lon="8.578304">
        <ele>735.44</ele>
        <time>2026-08-11T00:13:08.5140000+00:00</time>
      </trkpt>
      <trkpt lat="51.281578" lon="8.57831">
        <ele>735.71</ele>
        <time>2026-08-11T00:13:09.5780000+00:00</time>
      </trkpt>
      <trkpt lat="51.281542" lon="8.578309">
        <ele>735.92</ele>
        <time>2026-08-11T00:13:10.8440000+00:00</time>
      </trkpt>
      <trkpt lat="51.28151" lon="8.578312">
        <ele>736.16</ele>
        <time>2026-08-11T00:13:11.9720000+00:00</time>
      </trkpt>
      <trkpt lat="51.28148" lon="8.578323">
        <ele>736.5</ele>
        <time>2026-08-11T00:13:13.0550000+00:00</time>
      </trkpt>
      <trkpt lat="51.281447" lon="8.578352">
        <ele>737.12</ele>
        <time>2026-08-11T00:13:14.3800000+00:00</time>
      </trkpt>
      <trkpt lat="51.281432" lon="8.578369">
        <ele>737.45</ele>
        <time>2026-08-11T00:13:15.0270000+00:00</time>
      </trkpt>
      <trkpt lat="51.281414" lon="8.57838">
        <ele>737.67</ele>
        <time>2026-08-11T00:13:15.7050000+00:00</time>
      </trkpt>
      <trkpt lat="51.281385" lon="8.578383">
        <ele>737.82</ele>
        <time>2026-08-11T00:13:16.7270000+00:00</time>
      </trkpt>
      <trkpt lat="51.281351" lon="8.578399">
        <ele>738.17</ele>
        <time>2026-08-11T00:13:17.9740000+00:00</time>
      </trkpt>
      <trkpt lat="51.281316" lon="8.578415">
        <ele>738.54</ele>
        <time>2026-08-11T00:13:19.2550000+00:00</time>
      </trkpt>
      <trkpt lat="51.281282" lon="8.578422">
        <ele>738.78</ele>
        <time>2026-08-11T00:13:20.4610000+00:00</time>
      </trkpt>
      <trkpt lat="51.281255" lon="8.578439">
        <ele>739.15</ele>
        <time>2026-08-11T00:13:21.4820000+00:00</time>
      </trkpt>
      <trkpt lat="51.281221" lon="8.578462">
        <ele>739.66</ele>
        <time>2026-08-11T00:13:22.7810000+00:00</time>
      </trkpt>
      <trkpt lat="51.281207" lon="8.578481">
        <ele>740.02</ele>
        <time>2026-08-11T00:13:23.4260000+00:00</time>
      </trkpt>
      <trkpt lat="51.281187" lon="8.578501">
        <ele>740.44</ele>
        <time>2026-08-11T00:13:24.2570000+00:00</time>
      </trkpt>
      <trkpt lat="51.281166" lon="8.57851">
        <ele>740.68</ele>
        <time>2026-08-11T00:13:25.0210000+00:00</time>
      </trkpt>
      <trkpt lat="51.28115" lon="8.578518">
        <ele>740.89</ele>
        <time>2026-08-11T00:13:25.6100000+00:00</time>
      </trkpt>
      <trkpt lat="51.28113" lon="8.578521">
        <ele>741.03</ele>
        <time>2026-08-11T00:13:26.3160000+00:00</time>
      </trkpt>
      <trkpt lat="51.281093" lon="8.578507">
        <ele>740.96</ele>
        <time>2026-08-11T00:13:27.6540000+00:00</time>
      </trkpt>
      <trkpt lat="51.281065" lon="8.578502">
        <ele>741</ele>
        <time>2026-08-11T00:13:28.6460000+00:00</time>
      </trkpt>
      <trkpt lat="51.281027" lon="8.578502">
        <ele>741.16</ele>
        <time>2026-08-11T00:13:29.9820000+00:00</time>
      </trkpt>
      <trkpt lat="51.281012" lon="8.578512">
        <ele>741.41</ele>
        <time>2026-08-11T00:13:30.5550000+00:00</time>
      </trkpt>
      <trkpt lat="51.281002" lon="8.578523">
        <ele>741.66</ele>
        <time>2026-08-11T00:13:30.9830000+00:00</time>
      </trkpt>
      <trkpt lat="51.280998" lon="8.578546">
        <ele>742.09</ele>
        <time>2026-08-11T00:13:31.5080000+00:00</time>
      </trkpt>
      <trkpt lat="51.280999" lon="8.578568">
        <ele>742.49</ele>
        <time>2026-08-11T00:13:31.9940000+00:00</time>
      </trkpt>
      <trkpt lat="51.281006" lon="8.578585">
        <ele>742.76</ele>
        <time>2026-08-11T00:13:32.4430000+00:00</time>
      </trkpt>
      <trkpt lat="51.28102" lon="8.578593">
        <ele>742.83</ele>
        <time>2026-08-11T00:13:32.9660000+00:00</time>
      </trkpt>
      <trkpt lat="51.281049" lon="8.578593">
        <ele>742.68</ele>
        <time>2026-08-11T00:13:33.9870000+00:00</time>
      </trkpt>
      <trkpt lat="51.281081" lon="8.578598">
        <ele>742.6</ele>
        <time>2026-08-11T00:13:35.1180000+00:00</time>
      </trkpt>
      <trkpt lat="51.281112" lon="8.578604">
        <ele>742.54</ele>
        <time>2026-08-11T00:13:36.2160000+00:00</time>
      </trkpt>
      <trkpt lat="51.281139" lon="8.578606">
        <ele>742.43</ele>
        <time>2026-08-11T00:13:37.1670000+00:00</time>
      </trkpt>
      <trkpt lat="51.28117" lon="8.578607">
        <ele>742.28</ele>
        <time>2026-08-11T00:13:38.2580000+00:00</time>
      </trkpt>
      <trkpt lat="51.281199" lon="8.578604">
        <ele>742.08</ele>
        <time>2026-08-11T00:13:39.2800000+00:00</time>
      </trkpt>
      <trkpt lat="51.281233" lon="8.578599">
        <ele>741.82</ele>
        <time>2026-08-11T00:13:40.4810000+00:00</time>
      </trkpt>
      <trkpt lat="51.281254" lon="8.578605">
        <ele>741.8</ele>
        <time>2026-08-11T00:13:41.2320000+00:00</time>
      </trkpt>
      <trkpt lat="51.281268" lon="8.57861">
        <ele>741.81</ele>
        <time>2026-08-11T00:13:41.7360000+00:00</time>
      </trkpt>
      <trkpt lat="51.281276" lon="8.578624">
        <ele>741.99</ele>
        <time>2026-08-11T00:13:42.1520000+00:00</time>
      </trkpt>
      <trkpt lat="51.28128" lon="8.578639">
        <ele>742.2</ele>
        <time>2026-08-11T00:13:42.5100000+00:00</time>
      </trkpt>
      <trkpt lat="51.28128" lon="8.578651">
        <ele>742.39</ele>
        <time>2026-08-11T00:13:42.7740000+00:00</time>
      </trkpt>
      <trkpt lat="51.281276" lon="8.578665">
        <ele>742.63</ele>
        <time>2026-08-11T00:13:43.1110000+00:00</time>
      </trkpt>
      <trkpt lat="51.281269" lon="8.578678">
        <ele>742.88</ele>
        <time>2026-08-11T00:13:43.4880000+00:00</time>
      </trkpt>
      <trkpt lat="51.281255" lon="8.578681">
        <ele>743.01</ele>
        <time>2026-08-11T00:13:43.9850000+00:00</time>
      </trkpt>
      <trkpt lat="51.281236" lon="8.578687">
        <ele>743.21</ele>
        <time>2026-08-11T00:13:44.6670000+00:00</time>
      </trkpt>
      <trkpt lat="51.281197" lon="8.578697">
        <ele>743.55</ele>
        <time>2026-08-11T00:13:46.0560000+00:00</time>
      </trkpt>
      <trkpt lat="51.281167" lon="8.578714">
        <ele>743.93</ele>
        <time>2026-08-11T00:13:47.1760000+00:00</time>
      </trkpt>
      <trkpt lat="51.281142" lon="8.578733">
        <ele>744.31</ele>
        <time>2026-08-11T00:13:48.1490000+00:00</time>
      </trkpt>
      <trkpt lat="51.281113" lon="8.578752">
        <ele>744.73</ele>
        <time>2026-08-11T00:13:49.2510000+00:00</time>
      </trkpt>
      <trkpt lat="51.281083" lon="8.578775">
        <ele>745.22</ele>
        <time>2026-08-11T00:13:50.4220000+00:00</time>
      </trkpt>
      <trkpt lat="51.281047" lon="8.578786">
        <ele>745.62</ele>
        <time>2026-08-11T00:13:51.7110000+00:00</time>
      </trkpt>
      <trkpt lat="51.281012" lon="8.57878">
        <ele>745.79</ele>
        <time>2026-08-11T00:13:52.9490000+00:00</time>
      </trkpt>
      <trkpt lat="51.280978" lon="8.578777">
        <ele>745.99</ele>
        <time>2026-08-11T00:13:54.1470000+00:00</time>
      </trkpt>
      <trkpt lat="51.280943" lon="8.578782">
        <ele>746.31</ele>
        <time>2026-08-11T00:13:55.3830000+00:00</time>
      </trkpt>
      <trkpt lat="51.280916" lon="8.578797">
        <ele>746.72</ele>
        <time>2026-08-11T00:13:56.3890000+00:00</time>
      </trkpt>
      <trkpt lat="51.280889" lon="8.578805">
        <ele>747.03</ele>
        <time>2026-08-11T00:13:57.3550000+00:00</time>
      </trkpt>
      <trkpt lat="51.280862" lon="8.578809">
        <ele>747.29</ele>
        <time>2026-08-11T00:13:58.3090000+00:00</time>
      </trkpt>
      <trkpt lat="51.280831" lon="8.578805">
        <ele>747.46</ele>
        <time>2026-08-11T00:13:59.4030000+00:00</time>
      </trkpt>
      <trkpt lat="51.280808" lon="8.578794">
        <ele>747.46</ele>
        <time>2026-08-11T00:14:00.2490000+00:00</time>
      </trkpt>
      <trkpt lat="51.280784" lon="8.578779">
        <ele>747.39</ele>
        <time>2026-08-11T00:14:01.1560000+00:00</time>
      </trkpt>
      <trkpt lat="51.280751" lon="8.578763">
        <ele>747.37</ele>
        <time>2026-08-11T00:14:02.3690000+00:00</time>
      </trkpt>
      <trkpt lat="51.280718" lon="8.578759">
        <ele>747.53</ele>
        <time>2026-08-11T00:14:03.5330000+00:00</time>
      </trkpt>
      <trkpt lat="51.280686" lon="8.578763">
        <ele>747.82</ele>
        <time>2026-08-11T00:14:04.6620000+00:00</time>
      </trkpt>
      <trkpt lat="51.280649" lon="8.578762">
        <ele>748.06</ele>
        <time>2026-08-11T00:14:05.9640000+00:00</time>
      </trkpt>
      <trkpt lat="51.280609" lon="8.578764">
        <ele>748.37</ele>
        <time>2026-08-11T00:14:07.3720000+00:00</time>
      </trkpt>
      <trkpt lat="51.280577" lon="8.578765">
        <ele>748.51</ele>
        <time>2026-08-11T00:14:08.4980000+00:00</time>
      </trkpt>
      <trkpt lat="51.280545" lon="8.578769">
        <ele>748.67</ele>
        <time>2026-08-11T00:14:09.6270000+00:00</time>
      </trkpt>
      <trkpt lat="51.280517" lon="8.578772">
        <ele>748.8</ele>
        <time>2026-08-11T00:14:10.6140000+00:00</time>
      </trkpt>
      <trkpt lat="51.28049" lon="8.578772">
        <ele>748.87</ele>
        <time>2026-08-11T00:14:11.5640000+00:00</time>
      </trkpt>
      <trkpt lat="51.280452" lon="8.578773">
        <ele>748.99</ele>
        <time>2026-08-11T00:14:12.9010000+00:00</time>
      </trkpt>
      <trkpt lat="51.280436" lon="8.578776">
        <ele>749.09</ele>
        <time>2026-08-11T00:14:13.4670000+00:00</time>
      </trkpt>
      <trkpt lat="51.280417" lon="8.57878">
        <ele>749.21</ele>
        <time>2026-08-11T00:14:14.1410000+00:00</time>
      </trkpt>
      <trkpt lat="51.280403" lon="8.578784">
        <ele>749.32</ele>
        <time>2026-08-11T00:14:14.6410000+00:00</time>
      </trkpt>
      <trkpt lat="51.280392" lon="8.578796">
        <ele>749.58</ele>
        <time>2026-08-11T00:14:15.1090000+00:00</time>
      </trkpt>
      <trkpt lat="51.280393" lon="8.578822">
        <ele>750.06</ele>
        <time>2026-08-11T00:14:15.6820000+00:00</time>
      </trkpt>
      <trkpt lat="51.2804" lon="8.578841">
        <ele>750.39</ele>
        <time>2026-08-11T00:14:16.1680000+00:00</time>
      </trkpt>
      <trkpt lat="51.280413" lon="8.578846">
        <ele>750.45</ele>
        <time>2026-08-11T00:14:16.6390000+00:00</time>
      </trkpt>
      <trkpt lat="51.280428" lon="8.578848">
        <ele>750.44</ele>
        <time>2026-08-11T00:14:17.1690000+00:00</time>
      </trkpt>
      <trkpt lat="51.280466" lon="8.578846">
        <ele>750.29</ele>
        <time>2026-08-11T00:14:18.5060000+00:00</time>
      </trkpt>
      <trkpt lat="51.280495" lon="8.578848">
        <ele>750.25</ele>
        <time>2026-08-11T00:14:19.5280000+00:00</time>
      </trkpt>
      <trkpt lat="51.280533" lon="8.578861">
        <ele>750.37</ele>
        <time>2026-08-11T00:14:20.8940000+00:00</time>
      </trkpt>
      <trkpt lat="51.280559" lon="8.578877">
        <ele>750.59</ele>
        <time>2026-08-11T00:14:21.8740000+00:00</time>
      </trkpt>
      <trkpt lat="51.280575" lon="8.578889">
        <ele>750.76</ele>
        <time>2026-08-11T00:14:22.4950000+00:00</time>
      </trkpt>
      <trkpt lat="51.28059" lon="8.578904">
        <ele>750.98</ele>
        <time>2026-08-11T00:14:23.1180000+00:00</time>
      </trkpt>
      <trkpt lat="51.280616" lon="8.578918">
        <ele>751.06</ele>
        <time>2026-08-11T00:14:24.0840000+00:00</time>
      </trkpt>
      <trkpt lat="51.280646" lon="8.578928">
        <ele>750.98</ele>
        <time>2026-08-11T00:14:25.1620000+00:00</time>
      </trkpt>
      <trkpt lat="51.280678" lon="8.578957">
        <ele>751.19</ele>
        <time>2026-08-11T00:14:26.4560000+00:00</time>
      </trkpt>
      <trkpt lat="51.280703" lon="8.578978">
        <ele>751.32</ele>
        <time>2026-08-11T00:14:27.4490000+00:00</time>
      </trkpt>
      <trkpt lat="51.280732" lon="8.579011">
        <ele>751.59</ele>
        <time>2026-08-11T00:14:28.7010000+00:00</time>
      </trkpt>
      <trkpt lat="51.280758" lon="8.579033">
        <ele>751.69</ele>
        <time>2026-08-11T00:14:29.7360000+00:00</time>
      </trkpt>
      <trkpt lat="51.280792" lon="8.579054">
        <ele>751.68</ele>
        <time>2026-08-11T00:14:31.0180000+00:00</time>
      </trkpt>
      <trkpt lat="51.280813" lon="8.579065">
        <ele>751.64</ele>
        <time>2026-08-11T00:14:31.7960000+00:00</time>
      </trkpt>
      <trkpt lat="51.280826" lon="8.579078">
        <ele>751.7</ele>
        <time>2026-08-11T00:14:32.3360000+00:00</time>
      </trkpt>
      <trkpt lat="51.280829" lon="8.579103">
        <ele>752.05</ele>
        <time>2026-08-11T00:14:32.8970000+00:00</time>
      </trkpt>
      <trkpt lat="51.280826" lon="8.579122">
        <ele>752.38</ele>
        <time>2026-08-11T00:14:33.3280000+00:00</time>
      </trkpt>
      <trkpt lat="51.280814" lon="8.579129">
        <ele>752.62</ele>
        <time>2026-08-11T00:14:33.7770000+00:00</time>
      </trkpt>
      <trkpt lat="51.280786" lon="8.579127">
        <ele>752.9</ele>
        <time>2026-08-11T00:14:34.7630000+00:00</time>
      </trkpt>
      <trkpt lat="51.280765" lon="8.579125">
        <ele>753.1</ele>
        <time>2026-08-11T00:14:35.5040000+00:00</time>
      </trkpt>
      <trkpt lat="51.280746" lon="8.579127">
        <ele>753.35</ele>
        <time>2026-08-11T00:14:36.1740000+00:00</time>
      </trkpt>
      <trkpt lat="51.280712" lon="8.579122">
        <ele>753.64</ele>
        <time>2026-08-11T00:14:37.3760000+00:00</time>
      </trkpt>
      <trkpt lat="51.280685" lon="8.57911">
        <ele>753.73</ele>
        <time>2026-08-11T00:14:38.3610000+00:00</time>
      </trkpt>
      <trkpt lat="51.280651" lon="8.579091">
        <ele>753.77</ele>
        <time>2026-08-11T00:14:39.6290000+00:00</time>
      </trkpt>
      <trkpt lat="51.280614" lon="8.57908">
        <ele>753.97</ele>
        <time>2026-08-11T00:14:40.9520000+00:00</time>
      </trkpt>
      <trkpt lat="51.280576" lon="8.579075">
        <ele>754.12</ele>
        <time>2026-08-11T00:14:42.2930000+00:00</time>
      </trkpt>
      <trkpt lat="51.280548" lon="8.579076">
        <ele>754.24</ele>
        <time>2026-08-11T00:14:43.2790000+00:00</time>
      </trkpt>
      <trkpt lat="51.280516" lon="8.579075">
        <ele>754.33</ele>
        <time>2026-08-11T00:14:44.4050000+00:00</time>
      </trkpt>
      <trkpt lat="51.280489" lon="8.579066">
        <ele>754.26</ele>
        <time>2026-08-11T00:14:45.3750000+00:00</time>
      </trkpt>
      <trkpt lat="51.280461" lon="8.57905">
        <ele>754.06</ele>
        <time>2026-08-11T00:14:46.4210000+00:00</time>
      </trkpt>
      <trkpt lat="51.280433" lon="8.579037">
        <ele>753.92</ele>
        <time>2026-08-11T00:14:47.4460000+00:00</time>
      </trkpt>
      <trkpt lat="51.280397" lon="8.579036">
        <ele>754.03</ele>
        <time>2026-08-11T00:14:48.7130000+00:00</time>
      </trkpt>
      <trkpt lat="51.280385" lon="8.579047">
        <ele>754.27</ele>
        <time>2026-08-11T00:14:49.1990000+00:00</time>
      </trkpt>
      <trkpt lat="51.280376" lon="8.579057">
        <ele>754.49</ele>
        <time>2026-08-11T00:14:49.5840000+00:00</time>
      </trkpt>
      <trkpt lat="51.280369" lon="8.579066">
        <ele>754.68</ele>
        <time>2026-08-11T00:14:49.8990000+00:00</time>
      </trkpt>
      <trkpt lat="51.280356" lon="8.579077">
        <ele>754.93</ele>
        <time>2026-08-11T00:14:50.4160000+00:00</time>
      </trkpt>
      <trkpt lat="51.280341" lon="8.579082">
        <ele>755.08</ele>
        <time>2026-08-11T00:14:50.9550000+00:00</time>
      </trkpt>
      <trkpt lat="51.280314" lon="8.579072">
        <ele>754.99</ele>
        <time>2026-08-11T00:14:51.9300000+00:00</time>
      </trkpt>
      <trkpt lat="51.280283" lon="8.579055">
        <ele>754.77</ele>
        <time>2026-08-11T00:14:53.0840000+00:00</time>
      </trkpt>
      <trkpt lat="51.280248" lon="8.579038">
        <ele>754.57</ele>
        <time>2026-08-11T00:14:54.3700000+00:00</time>
      </trkpt>
      <trkpt lat="51.280209" lon="8.579034">
        <ele>754.63</ele>
        <time>2026-08-11T00:14:55.7450000+00:00</time>
      </trkpt>
      <trkpt lat="51.280181" lon="8.579033">
        <ele>754.71</ele>
        <time>2026-08-11T00:14:56.7300000+00:00</time>
      </trkpt>
      <trkpt lat="51.280155" lon="8.579042">
        <ele>754.97</ele>
        <time>2026-08-11T00:14:57.6670000+00:00</time>
      </trkpt>
      <trkpt lat="51.280126" lon="8.579073">
        <ele>755.67</ele>
        <time>2026-08-11T00:14:58.8940000+00:00</time>
      </trkpt>
      <trkpt lat="51.280104" lon="8.579094">
        <ele>756.15</ele>
        <time>2026-08-11T00:14:59.7950000+00:00</time>
      </trkpt>
      <trkpt lat="51.280087" lon="8.579104">
        <ele>756.41</ele>
        <time>2026-08-11T00:15:00.4320000+00:00</time>
      </trkpt>
      <trkpt lat="51.280064" lon="8.579108">
        <ele>756.57</ele>
        <time>2026-08-11T00:15:01.2460000+00:00</time>
      </trkpt>
      <trkpt lat="51.280039" lon="8.579112">
        <ele>756.74</ele>
        <time>2026-08-11T00:15:02.1300000+00:00</time>
      </trkpt>
      <trkpt lat="51.28" lon="8.579113">
        <ele>756.9</ele>
        <time>2026-08-11T00:15:03.5020000+00:00</time>
      </trkpt>
      <trkpt lat="51.279961" lon="8.579128">
        <ele>757.34</ele>
        <time>2026-08-11T00:15:04.9130000+00:00</time>
      </trkpt>
      <trkpt lat="51.279937" lon="8.579152">
        <ele>757.91</ele>
        <time>2026-08-11T00:15:05.9100000+00:00</time>
      </trkpt>
      <trkpt lat="51.279903" lon="8.579177">
        <ele>758.54</ele>
        <time>2026-08-11T00:15:07.2260000+00:00</time>
      </trkpt>
      <trkpt lat="51.27987" lon="8.579185">
        <ele>758.82</ele>
        <time>2026-08-11T00:15:08.4000000+00:00</time>
      </trkpt>
      <trkpt lat="51.279838" lon="8.579202">
        <ele>759.29</ele>
        <time>2026-08-11T00:15:09.5870000+00:00</time>
      </trkpt>
      <trkpt lat="51.279805" lon="8.579217">
        <ele>759.72</ele>
        <time>2026-08-11T00:15:10.7940000+00:00</time>
      </trkpt>
      <trkpt lat="51.27977" lon="8.579227">
        <ele>760.07</ele>
        <time>2026-08-11T00:15:12.0450000+00:00</time>
      </trkpt>
      <trkpt lat="51.279734" lon="8.579219">
        <ele>759.82</ele>
        <time>2026-08-11T00:15:13.3230000+00:00</time>
      </trkpt>
      <trkpt lat="51.279701" lon="8.579203">
        <ele>759.39</ele>
        <time>2026-08-11T00:15:14.5370000+00:00</time>
      </trkpt>
      <trkpt lat="51.279664" lon="8.579199">
        <ele>759.19</ele>
        <time>2026-08-11T00:15:15.8410000+00:00</time>
      </trkpt>
      <trkpt lat="51.279634" lon="8.579205">
        <ele>759.23</ele>
        <time>2026-08-11T00:15:16.9050000+00:00</time>
      </trkpt>
      <trkpt lat="51.279605" lon="8.57923">
        <ele>759.68</ele>
        <time>2026-08-11T00:15:18.0640000+00:00</time>
      </trkpt>
      <trkpt lat="51.279571" lon="8.579256">
        <ele>760.14</ele>
        <time>2026-08-11T00:15:19.3900000+00:00</time>
      </trkpt>
      <trkpt lat="51.279536" lon="8.579258">
        <ele>760.09</ele>
        <time>2026-08-11T00:15:20.6230000+00:00</time>
      </trkpt>
      <trkpt lat="51.279509" lon="8.579258">
        <ele>760.02</ele>
        <time>2026-08-11T00:15:21.5720000+00:00</time>
      </trkpt>
      <trkpt lat="51.279467" lon="8.579266">
        <ele>760.08</ele>
        <time>2026-08-11T00:15:23.0600000+00:00</time>
      </trkpt>
      <trkpt lat="51.279429" lon="8.579268">
        <ele>760.02</ele>
        <time>2026-08-11T00:15:24.3980000+00:00</time>
      </trkpt>
      <trkpt lat="51.279394" lon="8.57925">
        <ele>759.52</ele>
        <time>2026-08-11T00:15:25.6920000+00:00</time>
      </trkpt>
      <trkpt lat="51.27938" lon="8.579239">
        <ele>759.24</ele>
        <time>2026-08-11T00:15:26.2410000+00:00</time>
      </trkpt>
      <trkpt lat="51.279363" lon="8.579233">
        <ele>759.05</ele>
        <time>2026-08-11T00:15:26.8530000+00:00</time>
      </trkpt>
      <trkpt lat="51.279344" lon="8.579234">
        <ele>759.02</ele>
        <time>2026-08-11T00:15:27.5220000+00:00</time>
      </trkpt>
      <trkpt lat="51.279328" lon="8.579242">
        <ele>759.16</ele>
        <time>2026-08-11T00:15:28.1120000+00:00</time>
      </trkpt>
      <trkpt lat="51.279297" lon="8.579252">
        <ele>759.31</ele>
        <time>2026-08-11T00:15:29.2250000+00:00</time>
      </trkpt>
      <trkpt lat="51.279271" lon="8.57927">
        <ele>759.65</ele>
        <time>2026-08-11T00:15:30.2210000+00:00</time>
      </trkpt>
      <trkpt lat="51.279259" lon="8.579281">
        <ele>759.88</ele>
        <time>2026-08-11T00:15:30.7070000+00:00</time>
      </trkpt>
      <trkpt lat="51.279244" lon="8.57929">
        <ele>760.05</ele>
        <time>2026-08-11T00:15:31.2700000+00:00</time>
      </trkpt>
      <trkpt lat="51.279229" lon="8.57929">
        <ele>760.01</ele>
        <time>2026-08-11T00:15:31.7980000+00:00</time>
      </trkpt>
      <trkpt lat="51.279216" lon="8.579285">
        <ele>759.86</ele>
        <time>2026-08-11T00:15:32.2700000+00:00</time>
      </trkpt>
      <trkpt lat="51.279185" lon="8.57927">
        <ele>759.43</ele>
        <time>2026-08-11T00:15:33.4090000+00:00</time>
      </trkpt>
      <trkpt lat="51.279152" lon="8.579264">
        <ele>759.2</ele>
        <time>2026-08-11T00:15:34.5770000+00:00</time>
      </trkpt>
      <trkpt lat="51.279124" lon="8.579277">
        <ele>759.44</ele>
        <time>2026-08-11T00:15:35.6030000+00:00</time>
      </trkpt>
      <trkpt lat="51.279089" lon="8.579301">
        <ele>759.93</ele>
        <time>2026-08-11T00:15:36.9430000+00:00</time>
      </trkpt>
      <trkpt lat="51.279056" lon="8.579327">
        <ele>760.49</ele>
        <time>2026-08-11T00:15:38.2370000+00:00</time>
      </trkpt>
      <trkpt lat="51.279022" lon="8.579342">
        <ele>760.78</ele>
        <time>2026-08-11T00:15:39.4770000+00:00</time>
      </trkpt>
      <trkpt lat="51.278991" lon="8.579346">
        <ele>760.81</ele>
        <time>2026-08-11T00:15:40.5720000+00:00</time>
      </trkpt>
      <trkpt lat="51.278963" lon="8.579348">
        <ele>760.8</ele>
        <time>2026-08-11T00:15:41.5580000+00:00</time>
      </trkpt>
      <trkpt lat="51.278935" lon="8.579347">
        <ele>760.71</ele>
        <time>2026-08-11T00:15:42.5430000+00:00</time>
      </trkpt>
      <trkpt lat="51.278908" lon="8.579355">
        <ele>761.06</ele>
        <time>2026-08-11T00:15:43.5100000+00:00</time>
      </trkpt>
      <trkpt lat="51.278887" lon="8.579362">
        <ele>761.35</ele>
        <time>2026-08-11T00:15:44.2650000+00:00</time>
      </trkpt>
      <trkpt lat="51.278872" lon="8.579365">
        <ele>761.5</ele>
        <time>2026-08-11T00:15:44.7960000+00:00</time>
      </trkpt>
      <trkpt lat="51.278854" lon="8.579365">
        <ele>761.6</ele>
        <time>2026-08-11T00:15:45.4290000+00:00</time>
      </trkpt>
      <trkpt lat="51.278837" lon="8.579362">
        <ele>761.62</ele>
        <time>2026-08-11T00:15:46.0310000+00:00</time>
      </trkpt>
      <trkpt lat="51.278805" lon="8.579352">
        <ele>761.55</ele>
        <time>2026-08-11T00:15:47.1780000+00:00</time>
      </trkpt>
      <trkpt lat="51.278773" lon="8.579347">
        <ele>761.6</ele>
        <time>2026-08-11T00:15:48.3100000+00:00</time>
      </trkpt>
      <trkpt lat="51.278737" lon="8.579336">
        <ele>761.54</ele>
        <time>2026-08-11T00:15:49.5990000+00:00</time>
      </trkpt>
      <trkpt lat="51.278706" lon="8.579329">
        <ele>761.54</ele>
        <time>2026-08-11T00:15:50.7000000+00:00</time>
      </trkpt>
      <trkpt lat="51.278686" lon="8.579329">
        <ele>761.65</ele>
        <time>2026-08-11T00:15:51.4040000+00:00</time>
      </trkpt>
      <trkpt lat="51.278666" lon="8.579326">
        <ele>761.69</ele>
        <time>2026-08-11T00:15:52.1110000+00:00</time>
      </trkpt>
      <trkpt lat="51.278646" lon="8.579327">
        <ele>761.83</ele>
        <time>2026-08-11T00:15:52.8150000+00:00</time>
      </trkpt>
      <trkpt lat="51.278626" lon="8.579325">
        <ele>761.89</ele>
        <time>2026-08-11T00:15:53.5210000+00:00</time>
      </trkpt>
      <trkpt lat="51.278603" lon="8.579319">
        <ele>761.88</ele>
        <time>2026-08-11T00:15:54.3400000+00:00</time>
      </trkpt>
      <trkpt lat="51.278572" lon="8.579309">
        <ele>761.82</ele>
        <time>2026-08-11T00:15:55.4530000+00:00</time>
      </trkpt>
      <trkpt lat="51.278539" lon="8.579293">
        <ele>761.63</ele>
        <time>2026-08-11T00:15:56.6660000+00:00</time>
      </trkpt>
      <trkpt lat="51.278511" lon="8.579282">
        <ele>761.53</ele>
        <time>2026-08-11T00:15:57.6800000+00:00</time>
      </trkpt>
      <trkpt lat="51.278485" lon="8.579267">
        <ele>761.34</ele>
        <time>2026-08-11T00:15:58.6520000+00:00</time>
      </trkpt>
      <trkpt lat="51.278453" lon="8.579238">
        <ele>760.85</ele>
        <time>2026-08-11T00:15:59.9460000+00:00</time>
      </trkpt>
      <trkpt lat="51.27843" lon="8.579208">
        <ele>760.3</ele>
        <time>2026-08-11T00:16:00.9900000+00:00</time>
      </trkpt>
      <trkpt lat="51.278405" lon="8.579186">
        <ele>759.95</ele>
        <time>2026-08-11T00:16:01.9940000+00:00</time>
      </trkpt>
      <trkpt lat="51.278379" lon="8.579153">
        <ele>759.36</ele>
        <time>2026-08-11T00:16:03.1620000+00:00</time>
      </trkpt>
      <trkpt lat="51.278352" lon="8.579107">
        <ele>758.49</ele>
        <time>2026-08-11T00:16:04.5500000+00:00</time>
      </trkpt>
      <trkpt lat="51.278334" lon="8.579067">
        <ele>757.7</ele>
        <time>2026-08-11T00:16:05.6340000+00:00</time>
      </trkpt>
      <trkpt lat="51.278312" lon="8.57904">
        <ele>757.24</ele>
        <time>2026-08-11T00:16:06.6100000+00:00</time>
      </trkpt>
      <trkpt lat="51.278285" lon="8.579034">
        <ele>757.29</ele>
        <time>2026-08-11T00:16:07.5690000+00:00</time>
      </trkpt>
      <trkpt lat="51.278251" lon="8.579026">
        <ele>757.35</ele>
        <time>2026-08-11T00:16:08.7790000+00:00</time>
      </trkpt>
      <trkpt lat="51.27822" lon="8.579018">
        <ele>757.39</ele>
        <time>2026-08-11T00:16:09.8840000+00:00</time>
      </trkpt>
      <trkpt lat="51.278189" lon="8.579005">
        <ele>757.32</ele>
        <time>2026-08-11T00:16:11.0120000+00:00</time>
      </trkpt>
      <trkpt lat="51.278153" lon="8.578993">
        <ele>757.31</ele>
        <time>2026-08-11T00:16:12.3060000+00:00</time>
      </trkpt>
      <trkpt lat="51.278124" lon="8.578989">
        <ele>757.43</ele>
        <time>2026-08-11T00:16:13.3300000+00:00</time>
      </trkpt>
      <trkpt lat="51.278091" lon="8.578976">
        <ele>757.45</ele>
        <time>2026-08-11T00:16:14.5250000+00:00</time>
      </trkpt>
      <trkpt lat="51.278055" lon="8.578971">
        <ele>757.85</ele>
        <time>2026-08-11T00:16:15.7960000+00:00</time>
      </trkpt>
      <trkpt lat="51.278016" lon="8.57897">
        <ele>758.37</ele>
        <time>2026-08-11T00:16:17.1680000+00:00</time>
      </trkpt>
      <trkpt lat="51.277989" lon="8.578954">
        <ele>758.41</ele>
        <time>2026-08-11T00:16:18.1810000+00:00</time>
      </trkpt>
      <trkpt lat="51.277959" lon="8.578922">
        <ele>758.17</ele>
        <time>2026-08-11T00:16:19.4490000+00:00</time>
      </trkpt>
      <trkpt lat="51.277933" lon="8.57888">
        <ele>757.67</ele>
        <time>2026-08-11T00:16:20.7500000+00:00</time>
      </trkpt>
      <trkpt lat="51.277903" lon="8.578852">
        <ele>757.53</ele>
        <time>2026-08-11T00:16:21.9720000+00:00</time>
      </trkpt>
      <trkpt lat="51.277866" lon="8.578843">
        <ele>757.89</ele>
        <time>2026-08-11T00:16:23.2890000+00:00</time>
      </trkpt>
      <trkpt lat="51.277826" lon="8.578828">
        <ele>758.18</ele>
        <time>2026-08-11T00:16:24.7350000+00:00</time>
      </trkpt>
      <trkpt lat="51.277795" lon="8.578798">
        <ele>758.04</ele>
        <time>2026-08-11T00:16:26.0100000+00:00</time>
      </trkpt>
      <trkpt lat="51.277768" lon="8.578759">
        <ele>757.68</ele>
        <time>2026-08-11T00:16:27.2900000+00:00</time>
      </trkpt>
      <trkpt lat="51.277738" lon="8.57874">
        <ele>757.76</ele>
        <time>2026-08-11T00:16:28.4250000+00:00</time>
      </trkpt>
      <trkpt lat="51.277711" lon="8.578731">
        <ele>758</ele>
        <time>2026-08-11T00:16:29.3960000+00:00</time>
      </trkpt>
      <trkpt lat="51.277683" lon="8.57872">
        <ele>758.22</ele>
        <time>2026-08-11T00:16:30.4100000+00:00</time>
      </trkpt>
      <trkpt lat="51.277644" lon="8.578704">
        <ele>758.52</ele>
        <time>2026-08-11T00:16:31.8260000+00:00</time>
      </trkpt>
      <trkpt lat="51.277618" lon="8.578687">
        <ele>758.6</ele>
        <time>2026-08-11T00:16:32.8150000+00:00</time>
      </trkpt>
      <trkpt lat="51.277585" lon="8.578664">
        <ele>758.57</ele>
        <time>2026-08-11T00:16:34.0820000+00:00</time>
      </trkpt>
      <trkpt lat="51.277551" lon="8.57865">
        <ele>758.77</ele>
        <time>2026-08-11T00:16:35.3170000+00:00</time>
      </trkpt>
      <trkpt lat="51.277524" lon="8.57864">
        <ele>758.95</ele>
        <time>2026-08-11T00:16:36.2920000+00:00</time>
      </trkpt>
      <trkpt lat="51.277498" lon="8.578619">
        <ele>758.85</ele>
        <time>2026-08-11T00:16:37.3170000+00:00</time>
      </trkpt>
      <trkpt lat="51.277473" lon="8.57859">
        <ele>758.55</ele>
        <time>2026-08-11T00:16:38.4030000+00:00</time>
      </trkpt>
      <trkpt lat="51.277447" lon="8.578565">
        <ele>758.35</ele>
        <time>2026-08-11T00:16:39.4700000+00:00</time>
      </trkpt>
      <trkpt lat="51.277421" lon="8.578545">
        <ele>758.28</ele>
        <time>2026-08-11T00:16:40.4850000+00:00</time>
      </trkpt>
      <trkpt lat="51.277396" lon="8.578529">
        <ele>758.28</ele>
        <time>2026-08-11T00:16:41.4320000+00:00</time>
      </trkpt>
      <trkpt lat="51.277369" lon="8.578513">
        <ele>758.32</ele>
        <time>2026-08-11T00:16:42.4440000+00:00</time>
      </trkpt>
      <trkpt lat="51.277334" lon="8.578484">
        <ele>758.17</ele>
        <time>2026-08-11T00:16:43.8310000+00:00</time>
      </trkpt>
      <trkpt lat="51.27732" lon="8.578475">
        <ele>758.17</ele>
        <time>2026-08-11T00:16:44.3610000+00:00</time>
      </trkpt>
      <trkpt lat="51.2773" lon="8.578469">
        <ele>758.34</ele>
        <time>2026-08-11T00:16:45.0770000+00:00</time>
      </trkpt>
      <trkpt lat="51.277272" lon="8.578466">
        <ele>758.71</ele>
        <time>2026-08-11T00:16:46.0650000+00:00</time>
      </trkpt>
      <trkpt lat="51.277246" lon="8.578461">
        <ele>758.88</ele>
        <time>2026-08-11T00:16:46.9860000+00:00</time>
      </trkpt>
      <trkpt lat="51.27722" lon="8.578448">
        <ele>758.85</ele>
        <time>2026-08-11T00:16:47.9440000+00:00</time>
      </trkpt>
      <trkpt lat="51.277192" lon="8.578418">
        <ele>758.43</ele>
        <time>2026-08-11T00:16:49.1300000+00:00</time>
      </trkpt>
      <trkpt lat="51.27716" lon="8.578386">
        <ele>758.01</ele>
        <time>2026-08-11T00:16:50.4580000+00:00</time>
      </trkpt>
      <trkpt lat="51.277134" lon="8.578366">
        <ele>757.81</ele>
        <time>2026-08-11T00:16:51.4730000+00:00</time>
      </trkpt>
      <trkpt lat="51.277098" lon="8.578346">
        <ele>757.72</ele>
        <time>2026-08-11T00:16:52.8140000+00:00</time>
      </trkpt>
      <trkpt lat="51.277063" lon="8.578324">
        <ele>757.57</ele>
        <time>2026-08-11T00:16:54.1370000+00:00</time>
      </trkpt>
      <trkpt lat="51.277024" lon="8.578309">
        <ele>757.63</ele>
        <time>2026-08-11T00:16:55.5480000+00:00</time>
      </trkpt>
      <trkpt lat="51.276997" lon="8.578308">
        <ele>757.9</ele>
        <time>2026-08-11T00:16:56.4980000+00:00</time>
      </trkpt>
      <trkpt lat="51.276961" lon="8.578296">
        <ele>758</ele>
        <time>2026-08-11T00:16:57.7920000+00:00</time>
      </trkpt>
      <trkpt lat="51.276926" lon="8.578274">
        <ele>757.85</ele>
        <time>2026-08-11T00:16:59.1150000+00:00</time>
      </trkpt>
      <trkpt lat="51.276899" lon="8.57827">
        <ele>758.04</ele>
        <time>2026-08-11T00:17:00.0690000+00:00</time>
      </trkpt>
      <trkpt lat="51.276873" lon="8.578287">
        <ele>758.73</ele>
        <time>2026-08-11T00:17:01.0570000+00:00</time>
      </trkpt>
      <trkpt lat="51.276848" lon="8.578305">
        <ele>759.44</ele>
        <time>2026-08-11T00:17:02.0210000+00:00</time>
      </trkpt>
      <trkpt lat="51.27681" lon="8.578316">
        <ele>760.11</ele>
        <time>2026-08-11T00:17:03.3790000+00:00</time>
      </trkpt>
      <trkpt lat="51.276776" lon="8.57831">
        <ele>760.33</ele>
        <time>2026-08-11T00:17:04.5820000+00:00</time>
      </trkpt>
      <trkpt lat="51.276741" lon="8.578295">
        <ele>760.35</ele>
        <time>2026-08-11T00:17:05.8570000+00:00</time>
      </trkpt>
      <trkpt lat="51.276705" lon="8.57828">
        <ele>760.38</ele>
        <time>2026-08-11T00:17:07.1670000+00:00</time>
      </trkpt>
      <trkpt lat="51.276671" lon="8.578263">
        <ele>760.34</ele>
        <time>2026-08-11T00:17:08.4190000+00:00</time>
      </trkpt>
      <trkpt lat="51.276644" lon="8.578255">
        <ele>760.44</ele>
        <time>2026-08-11T00:17:09.3860000+00:00</time>
      </trkpt>
      <trkpt lat="51.276616" lon="8.578243">
        <ele>760.45</ele>
        <time>2026-08-11T00:17:10.4060000+00:00</time>
      </trkpt>
      <trkpt lat="51.276579" lon="8.578229">
        <ele>760.52</ele>
        <time>2026-08-11T00:17:11.7430000+00:00</time>
      </trkpt>
      <trkpt lat="51.276549" lon="8.578209">
        <ele>760.36</ele>
        <time>2026-08-11T00:17:12.8870000+00:00</time>
      </trkpt>
      <trkpt lat="51.276512" lon="8.578196">
        <ele>760.45</ele>
        <time>2026-08-11T00:17:14.2200000+00:00</time>
      </trkpt>
      <trkpt lat="51.276476" lon="8.578177">
        <ele>760.38</ele>
        <time>2026-08-11T00:17:15.5540000+00:00</time>
      </trkpt>
      <trkpt lat="51.276447" lon="8.578171">
        <ele>760.55</ele>
        <time>2026-08-11T00:17:16.5820000+00:00</time>
      </trkpt>
      <trkpt lat="51.27642" lon="8.578164">
        <ele>760.56</ele>
        <time>2026-08-11T00:17:17.5440000+00:00</time>
      </trkpt>
      <trkpt lat="51.276381" lon="8.578153">
        <ele>760.43</ele>
        <time>2026-08-11T00:17:18.9380000+00:00</time>
      </trkpt>
      <trkpt lat="51.276347" lon="8.578146">
        <ele>760.39</ele>
        <time>2026-08-11T00:17:20.1430000+00:00</time>
      </trkpt>
      <trkpt lat="51.276316" lon="8.578156">
        <ele>760.74</ele>
        <time>2026-08-11T00:17:21.2560000+00:00</time>
      </trkpt>
      <trkpt lat="51.276286" lon="8.578164">
        <ele>761.04</ele>
        <time>2026-08-11T00:17:22.3260000+00:00</time>
      </trkpt>
      <trkpt lat="51.276254" lon="8.578181">
        <ele>761.56</ele>
        <time>2026-08-11T00:17:23.5120000+00:00</time>
      </trkpt>
      <trkpt lat="51.276221" lon="8.578201">
        <ele>762.16</ele>
        <time>2026-08-11T00:17:24.7530000+00:00</time>
      </trkpt>
      <trkpt lat="51.276192" lon="8.578196">
        <ele>762.15</ele>
        <time>2026-08-11T00:17:25.7800000+00:00</time>
      </trkpt>
      <trkpt lat="51.276159" lon="8.578184">
        <ele>761.98</ele>
        <time>2026-08-11T00:17:26.9700000+00:00</time>
      </trkpt>
      <trkpt lat="51.27612" lon="8.578175">
        <ele>761.9</ele>
        <time>2026-08-11T00:17:28.3570000+00:00</time>
      </trkpt>
      <trkpt lat="51.276088" lon="8.578166">
        <ele>761.8</ele>
        <time>2026-08-11T00:17:29.5000000+00:00</time>
      </trkpt>
      <trkpt lat="51.276059" lon="8.57816">
        <ele>761.76</ele>
        <time>2026-08-11T00:17:30.5290000+00:00</time>
      </trkpt>
      <trkpt lat="51.276033" lon="8.578156">
        <ele>761.76</ele>
        <time>2026-08-11T00:17:31.4480000+00:00</time>
      </trkpt>
      <trkpt lat="51.276006" lon="8.578161">
        <ele>761.98</ele>
        <time>2026-08-11T00:17:32.4040000+00:00</time>
      </trkpt>
      <trkpt lat="51.275978" lon="8.578159">
        <ele>762.03</ele>
        <time>2026-08-11T00:17:33.3900000+00:00</time>
      </trkpt>
      <trkpt lat="51.275951" lon="8.578155">
        <ele>762.03</ele>
        <time>2026-08-11T00:17:34.3450000+00:00</time>
      </trkpt>
      <trkpt lat="51.275921" lon="8.578151">
        <ele>762.04</ele>
        <time>2026-08-11T00:17:35.4040000+00:00</time>
      </trkpt>
      <trkpt lat="51.275892" lon="8.578156">
        <ele>762.27</ele>
        <time>2026-08-11T00:17:36.4300000+00:00</time>
      </trkpt>
      <trkpt lat="51.275859" lon="8.578159">
        <ele>762.46</ele>
        <time>2026-08-11T00:17:37.5930000+00:00</time>
      </trkpt>
      <trkpt lat="51.275825" lon="8.578157">
        <ele>762.53</ele>
        <time>2026-08-11T00:17:38.7900000+00:00</time>
      </trkpt>
      <trkpt lat="51.275813" lon="8.578159">
        <ele>762.62</ele>
        <time>2026-08-11T00:17:39.2150000+00:00</time>
      </trkpt>
      <trkpt lat="51.275794" lon="8.578164">
        <ele>762.81</ele>
        <time>2026-08-11T00:17:39.8920000+00:00</time>
      </trkpt>
      <trkpt lat="51.275772" lon="8.57817">
        <ele>763.04</ele>
        <time>2026-08-11T00:17:40.6770000+00:00</time>
      </trkpt>
      <trkpt lat="51.275736" lon="8.578178">
        <ele>763.36</ele>
        <time>2026-08-11T00:17:41.9550000+00:00</time>
      </trkpt>
      <trkpt lat="51.27572" lon="8.578178">
        <ele>763.42</ele>
        <time>2026-08-11T00:17:42.5190000+00:00</time>
      </trkpt>
      <trkpt lat="51.275706" lon="8.578175">
        <ele>763.39</ele>
        <time>2026-08-11T00:17:43.0160000+00:00</time>
      </trkpt>
      <trkpt lat="51.275691" lon="8.57817">
        <ele>763.33</ele>
        <time>2026-08-11T00:17:43.5550000+00:00</time>
      </trkpt>
      <trkpt lat="51.275675" lon="8.578162">
        <ele>763.19</ele>
        <time>2026-08-11T00:17:44.1440000+00:00</time>
      </trkpt>
      <trkpt lat="51.275661" lon="8.578149">
        <ele>762.93</ele>
        <time>2026-08-11T00:17:44.7140000+00:00</time>
      </trkpt>
      <trkpt lat="51.275646" lon="8.578136">
        <ele>762.67</ele>
        <time>2026-08-11T00:17:45.3150000+00:00</time>
      </trkpt>
      <trkpt lat="51.27563" lon="8.578121">
        <ele>762.37</ele>
        <time>2026-08-11T00:17:45.9670000+00:00</time>
      </trkpt>
      <trkpt lat="51.275616" lon="8.578109">
        <ele>762.13</ele>
        <time>2026-08-11T00:17:46.5260000+00:00</time>
      </trkpt>
      <trkpt lat="51.275585" lon="8.578085">
        <ele>761.56</ele>
        <time>2026-08-11T00:17:47.7370000+00:00</time>
      </trkpt>
      <trkpt lat="51.275557" lon="8.578073">
        <ele>761.22</ele>
        <time>2026-08-11T00:17:48.7580000+00:00</time>
      </trkpt>
      <trkpt lat="51.275538" lon="8.578072">
        <ele>761.16</ele>
        <time>2026-08-11T00:17:49.4270000+00:00</time>
      </trkpt>
      <trkpt lat="51.275522" lon="8.578072">
        <ele>761.13</ele>
        <time>2026-08-11T00:17:49.9890000+00:00</time>
      </trkpt>
      <trkpt lat="51.275503" lon="8.57807">
        <ele>761.05</ele>
        <time>2026-08-11T00:17:50.6570000+00:00</time>
      </trkpt>
      <trkpt lat="51.275474" lon="8.578061">
        <ele>760.79</ele>
        <time>2026-08-11T00:17:51.6970000+00:00</time>
      </trkpt>
      <trkpt lat="51.27544" lon="8.578062">
        <ele>760.75</ele>
        <time>2026-08-11T00:17:52.8930000+00:00</time>
      </trkpt>
      <trkpt lat="51.275412" lon="8.578067">
        <ele>760.81</ele>
        <time>2026-08-11T00:17:53.8840000+00:00</time>
      </trkpt>
      <trkpt lat="51.275395" lon="8.578068">
        <ele>760.8</ele>
        <time>2026-08-11T00:17:54.4820000+00:00</time>
      </trkpt>
      <trkpt lat="51.275378" lon="8.578062">
        <ele>760.64</ele>
        <time>2026-08-11T00:17:55.0930000+00:00</time>
      </trkpt>
      <trkpt lat="51.275359" lon="8.578048">
        <ele>760.3</ele>
        <time>2026-08-11T00:17:55.8290000+00:00</time>
      </trkpt>
      <trkpt lat="51.275339" lon="8.57803">
        <ele>759.87</ele>
        <time>2026-08-11T00:17:56.6360000+00:00</time>
      </trkpt>
      <trkpt lat="51.275318" lon="8.578014">
        <ele>759.5</ele>
        <time>2026-08-11T00:17:57.4540000+00:00</time>
      </trkpt>
      <trkpt lat="51.275298" lon="8.578003">
        <ele>759.23</ele>
        <time>2026-08-11T00:17:58.1990000+00:00</time>
      </trkpt>
      <trkpt lat="51.27527" lon="8.578">
        <ele>759.13</ele>
        <time>2026-08-11T00:17:59.1860000+00:00</time>
      </trkpt>
      <trkpt lat="51.275242" lon="8.577998">
        <ele>759.05</ele>
        <time>2026-08-11T00:18:00.1710000+00:00</time>
      </trkpt>
      <trkpt lat="51.275214" lon="8.577996">
        <ele>758.98</ele>
        <time>2026-08-11T00:18:01.1570000+00:00</time>
      </trkpt>
      <trkpt lat="51.27518" lon="8.577986">
        <ele>758.73</ele>
        <time>2026-08-11T00:18:02.3740000+00:00</time>
      </trkpt>
      <trkpt lat="51.275152" lon="8.577973">
        <ele>758.44</ele>
        <time>2026-08-11T00:18:03.4000000+00:00</time>
      </trkpt>
      <trkpt lat="51.275126" lon="8.577944">
        <ele>757.83</ele>
        <time>2026-08-11T00:18:04.5150000+00:00</time>
      </trkpt>
      <trkpt lat="51.275091" lon="8.577923">
        <ele>757.39</ele>
        <time>2026-08-11T00:18:05.8300000+00:00</time>
      </trkpt>
      <trkpt lat="51.275075" lon="8.577915">
        <ele>757.23</ele>
        <time>2026-08-11T00:18:06.4200000+00:00</time>
      </trkpt>
      <trkpt lat="51.275056" lon="8.577908">
        <ele>757.08</ele>
        <time>2026-08-11T00:18:07.1060000+00:00</time>
      </trkpt>
      <trkpt lat="51.275029" lon="8.5779">
        <ele>756.92</ele>
        <time>2026-08-11T00:18:08.0720000+00:00</time>
      </trkpt>
      <trkpt lat="51.275008" lon="8.577905">
        <ele>757</ele>
        <time>2026-08-11T00:18:08.8190000+00:00</time>
      </trkpt>
      <trkpt lat="51.274997" lon="8.577918">
        <ele>757.24</ele>
        <time>2026-08-11T00:18:09.2990000+00:00</time>
      </trkpt>
      <trkpt lat="51.274992" lon="8.577938">
        <ele>757.61</ele>
        <time>2026-08-11T00:18:09.7730000+00:00</time>
      </trkpt>
      <trkpt lat="51.274992" lon="8.577958">
        <ele>757.99</ele>
        <time>2026-08-11T00:18:10.2130000+00:00</time>
      </trkpt>
      <trkpt lat="51.274999" lon="8.577973">
        <ele>758.28</ele>
        <time>2026-08-11T00:18:10.6240000+00:00</time>
      </trkpt>
      <trkpt lat="51.275009" lon="8.577986">
        <ele>758.53</ele>
        <time>2026-08-11T00:18:11.0780000+00:00</time>
      </trkpt>
      <trkpt lat="51.275038" lon="8.578012">
        <ele>759.06</ele>
        <time>2026-08-11T00:18:12.2470000+00:00</time>
      </trkpt>
      <trkpt lat="51.27507" lon="8.578049">
        <ele>759.83</ele>
        <time>2026-08-11T00:18:13.6370000+00:00</time>
      </trkpt>
      <trkpt lat="51.275087" lon="8.578082">
        <ele>760.5</ele>
        <time>2026-08-11T00:18:14.5780000+00:00</time>
      </trkpt>
      <trkpt lat="51.275109" lon="8.578113">
        <ele>761.16</ele>
        <time>2026-08-11T00:18:15.6100000+00:00</time>
      </trkpt>
      <trkpt lat="51.275126" lon="8.57812">
        <ele>761.33</ele>
        <time>2026-08-11T00:18:16.2270000+00:00</time>
      </trkpt>
      <trkpt lat="51.275143" lon="8.578125">
        <ele>761.47</ele>
        <time>2026-08-11T00:18:16.8350000+00:00</time>
      </trkpt>
      <trkpt lat="51.275165" lon="8.578125">
        <ele>761.53</ele>
        <time>2026-08-11T00:18:17.6090000+00:00</time>
      </trkpt>
      <trkpt lat="51.275176" lon="8.578129">
        <ele>761.63</ele>
        <time>2026-08-11T00:18:18.0050000+00:00</time>
      </trkpt>
      <trkpt lat="51.275194" lon="8.578135">
        <ele>761.8</ele>
        <time>2026-08-11T00:18:18.6520000+00:00</time>
      </trkpt>
      <trkpt lat="51.275208" lon="8.578148">
        <ele>762.1</ele>
        <time>2026-08-11T00:18:19.2220000+00:00</time>
      </trkpt>
      <trkpt lat="51.275229" lon="8.578171">
        <ele>762.63</ele>
        <time>2026-08-11T00:18:20.1180000+00:00</time>
      </trkpt>
      <trkpt lat="51.275256" lon="8.578198">
        <ele>763.27</ele>
        <time>2026-08-11T00:18:21.2390000+00:00</time>
      </trkpt>
      <trkpt lat="51.275286" lon="8.578222">
        <ele>763.87</ele>
        <time>2026-08-11T00:18:22.4180000+00:00</time>
      </trkpt>
      <trkpt lat="51.275314" lon="8.578244">
        <ele>764.44</ele>
        <time>2026-08-11T00:18:23.5160000+00:00</time>
      </trkpt>
      <trkpt lat="51.275341" lon="8.578266">
        <ele>765.01</ele>
        <time>2026-08-11T00:18:24.5820000+00:00</time>
      </trkpt>
      <trkpt lat="51.275368" lon="8.578292">
        <ele>765.68</ele>
        <time>2026-08-11T00:18:25.6920000+00:00</time>
      </trkpt>
      <trkpt lat="51.275394" lon="8.578314">
        <ele>766.26</ele>
        <time>2026-08-11T00:18:26.7270000+00:00</time>
      </trkpt>
      <trkpt lat="51.275422" lon="8.578336">
        <ele>766.87</ele>
        <time>2026-08-11T00:18:27.8250000+00:00</time>
      </trkpt>
      <trkpt lat="51.275458" lon="8.578362">
        <ele>767.61</ele>
        <time>2026-08-11T00:18:29.2140000+00:00</time>
      </trkpt>
      <trkpt lat="51.275488" lon="8.578383">
        <ele>768.23</ele>
        <time>2026-08-11T00:18:30.3670000+00:00</time>
      </trkpt>
      <trkpt lat="51.275518" lon="8.578411">
        <ele>769.02</ele>
        <time>2026-08-11T00:18:31.5890000+00:00</time>
      </trkpt>
      <trkpt lat="51.27555" lon="8.57843">
        <ele>769.62</ele>
        <time>2026-08-11T00:18:32.7890000+00:00</time>
      </trkpt>
      <trkpt lat="51.275577" lon="8.578435">
        <ele>769.87</ele>
        <time>2026-08-11T00:18:33.7460000+00:00</time>
      </trkpt>
      <trkpt lat="51.275606" lon="8.578439">
        <ele>770.1</ele>
        <time>2026-08-11T00:18:34.7700000+00:00</time>
      </trkpt>
      <trkpt lat="51.275628" lon="8.578448">
        <ele>770.23</ele>
        <time>2026-08-11T00:18:35.5690000+00:00</time>
      </trkpt>
      <trkpt lat="51.275669" lon="8.578459">
        <ele>770.35</ele>
        <time>2026-08-11T00:18:37.0320000+00:00</time>
      </trkpt>
      <trkpt lat="51.275698" lon="8.57847">
        <ele>770.51</ele>
        <time>2026-08-11T00:18:38.0810000+00:00</time>
      </trkpt>
      <trkpt lat="51.27573" lon="8.578481">
        <ele>770.66</ele>
        <time>2026-08-11T00:18:39.2320000+00:00</time>
      </trkpt>
      <trkpt lat="51.27576" lon="8.578502">
        <ele>771.05</ele>
        <time>2026-08-11T00:18:40.3850000+00:00</time>
      </trkpt>
      <trkpt lat="51.27577" lon="8.578512">
        <ele>771.26</ele>
        <time>2026-08-11T00:18:40.7990000+00:00</time>
      </trkpt>
      <trkpt lat="51.275784" lon="8.578518">
        <ele>771.35</ele>
        <time>2026-08-11T00:18:41.3080000+00:00</time>
      </trkpt>
      <trkpt lat="51.275798" lon="8.578517">
        <ele>771.28</ele>
        <time>2026-08-11T00:18:41.8020000+00:00</time>
      </trkpt>
      <trkpt lat="51.275811" lon="8.578512">
        <ele>771.11</ele>
        <time>2026-08-11T00:18:42.2730000+00:00</time>
      </trkpt>
      <trkpt lat="51.275829" lon="8.578509">
        <ele>770.97</ele>
        <time>2026-08-11T00:18:42.9100000+00:00</time>
      </trkpt>
      <trkpt lat="51.275848" lon="8.57851">
        <ele>770.93</ele>
        <time>2026-08-11T00:18:43.5790000+00:00</time>
      </trkpt>
      <trkpt lat="51.275863" lon="8.578514">
        <ele>770.97</ele>
        <time>2026-08-11T00:18:44.1150000+00:00</time>
      </trkpt>
      <trkpt lat="51.275876" lon="8.578529">
        <ele>771.29</ele>
        <time>2026-08-11T00:18:44.6790000+00:00</time>
      </trkpt>
      <trkpt lat="51.275878" lon="8.578551">
        <ele>771.81</ele>
        <time>2026-08-11T00:18:45.1690000+00:00</time>
      </trkpt>
      <trkpt lat="51.275871" lon="8.578566">
        <ele>772.19</ele>
        <time>2026-08-11T00:18:45.5800000+00:00</time>
      </trkpt>
      <trkpt lat="51.275858" lon="8.578575">
        <ele>772.46</ele>
        <time>2026-08-11T00:18:46.0780000+00:00</time>
      </trkpt>
      <trkpt lat="51.275839" lon="8.578579">
        <ele>772.62</ele>
        <time>2026-08-11T00:18:46.7520000+00:00</time>
      </trkpt>
      <trkpt lat="51.275821" lon="8.578579">
        <ele>772.68</ele>
        <time>2026-08-11T00:18:47.3850000+00:00</time>
      </trkpt>
      <trkpt lat="51.275796" lon="8.578575">
        <ele>772.68</ele>
        <time>2026-08-11T00:18:48.2690000+00:00</time>
      </trkpt>
      <trkpt lat="51.275778" lon="8.578575">
        <ele>772.74</ele>
        <time>2026-08-11T00:18:48.9020000+00:00</time>
      </trkpt>
      <trkpt lat="51.275761" lon="8.578583">
        <ele>773</ele>
        <time>2026-08-11T00:18:49.5260000+00:00</time>
      </trkpt>
      <trkpt lat="51.275746" lon="8.578592">
        <ele>773.27</ele>
        <time>2026-08-11T00:18:50.0910000+00:00</time>
      </trkpt>
      <trkpt lat="51.275726" lon="8.578602">
        <ele>773.58</ele>
        <time>2026-08-11T00:18:50.8280000+00:00</time>
      </trkpt>
      <trkpt lat="51.275705" lon="8.578612">
        <ele>773.9</ele>
        <time>2026-08-11T00:18:51.5990000+00:00</time>
      </trkpt>
      <trkpt lat="51.275673" lon="8.578615">
        <ele>774.08</ele>
        <time>2026-08-11T00:18:52.7260000+00:00</time>
      </trkpt>
      <trkpt lat="51.275634" lon="8.578619">
        <ele>774.32</ele>
        <time>2026-08-11T00:18:54.1020000+00:00</time>
      </trkpt>
      <trkpt lat="51.275604" lon="8.57862">
        <ele>774.45</ele>
        <time>2026-08-11T00:18:55.1570000+00:00</time>
      </trkpt>
      <trkpt lat="51.275578" lon="8.578625">
        <ele>774.4</ele>
        <time>2026-08-11T00:18:56.0790000+00:00</time>
      </trkpt>
      <trkpt lat="51.275561" lon="8.578638">
        <ele>774.59</ele>
        <time>2026-08-11T00:18:56.7420000+00:00</time>
      </trkpt>
      <trkpt lat="51.275542" lon="8.578652">
        <ele>774.79</ele>
        <time>2026-08-11T00:18:57.4780000+00:00</time>
      </trkpt>
      <trkpt lat="51.275526" lon="8.578658">
        <ele>774.82</ele>
        <time>2026-08-11T00:18:58.0560000+00:00</time>
      </trkpt>
      <trkpt lat="51.275504" lon="8.578659">
        <ele>774.69</ele>
        <time>2026-08-11T00:18:58.8290000+00:00</time>
      </trkpt>
      <trkpt lat="51.275485" lon="8.578658">
        <ele>774.54</ele>
        <time>2026-08-11T00:18:59.4980000+00:00</time>
      </trkpt>
      <trkpt lat="51.275454" lon="8.57865">
        <ele>774.14</ele>
        <time>2026-08-11T00:19:00.6040000+00:00</time>
      </trkpt>
      <trkpt lat="51.275425" lon="8.57865">
        <ele>773.94</ele>
        <time>2026-08-11T00:19:01.6240000+00:00</time>
      </trkpt>
      <trkpt lat="51.275395" lon="8.578651">
        <ele>773.75</ele>
        <time>2026-08-11T00:19:02.6790000+00:00</time>
      </trkpt>
      <trkpt lat="51.275362" lon="8.578641">
        <ele>773.31</ele>
        <time>2026-08-11T00:19:03.8610000+00:00</time>
      </trkpt>
      <trkpt lat="51.275333" lon="8.578632">
        <ele>772.91</ele>
        <time>2026-08-11T00:19:04.9000000+00:00</time>
      </trkpt>
      <trkpt lat="51.275301" lon="8.578622">
        <ele>772.48</ele>
        <time>2026-08-11T00:19:06.0470000+00:00</time>
      </trkpt>
      <trkpt lat="51.275262" lon="8.578626">
        <ele>772.31</ele>
        <time>2026-08-11T00:19:07.4210000+00:00</time>
      </trkpt>
      <trkpt lat="51.275222" lon="8.578633">
        <ele>772.18</ele>
        <time>2026-08-11T00:19:08.8370000+00:00</time>
      </trkpt>
      <trkpt lat="51.275197" lon="8.578659">
        <ele>772.55</ele>
        <time>2026-08-11T00:19:09.8860000+00:00</time>
      </trkpt>
      <trkpt lat="51.275177" lon="8.578686">
        <ele>772.95</ele>
        <time>2026-08-11T00:19:10.8070000+00:00</time>
      </trkpt>
      <trkpt lat="51.275156" lon="8.578711">
        <ele>773.11</ele>
        <time>2026-08-11T00:19:11.7280000+00:00</time>
      </trkpt>
      <trkpt lat="51.275122" lon="8.578736">
        <ele>773.16</ele>
        <time>2026-08-11T00:19:13.0440000+00:00</time>
      </trkpt>
      <trkpt lat="51.275096" lon="8.578766">
        <ele>773.34</ele>
        <time>2026-08-11T00:19:14.1720000+00:00</time>
      </trkpt>
      <trkpt lat="51.275072" lon="8.578792">
        <ele>773.47</ele>
        <time>2026-08-11T00:19:15.1920000+00:00</time>
      </trkpt>
      <trkpt lat="51.275045" lon="8.578815">
        <ele>773.54</ele>
        <time>2026-08-11T00:19:16.2680000+00:00</time>
      </trkpt>
      <trkpt lat="51.275025" lon="8.578843">
        <ele>773.72</ele>
        <time>2026-08-11T00:19:17.2030000+00:00</time>
      </trkpt>
      <trkpt lat="51.27501" lon="8.578874">
        <ele>773.97</ele>
        <time>2026-08-11T00:19:18.0660000+00:00</time>
      </trkpt>
      <trkpt lat="51.274995" lon="8.578915">
        <ele>774.33</ele>
        <time>2026-08-11T00:19:19.1120000+00:00</time>
      </trkpt>
      <trkpt lat="51.274975" lon="8.578954">
        <ele>774.62</ele>
        <time>2026-08-11T00:19:20.2220000+00:00</time>
      </trkpt>
      <trkpt lat="51.274951" lon="8.578991">
        <ele>774.85</ele>
        <time>2026-08-11T00:19:21.3940000+00:00</time>
      </trkpt>
      <trkpt lat="51.274927" lon="8.579024">
        <ele>775.02</ele>
        <time>2026-08-11T00:19:22.5080000+00:00</time>
      </trkpt>
      <trkpt lat="51.27491" lon="8.579054">
        <ele>775.22</ele>
        <time>2026-08-11T00:19:23.3990000+00:00</time>
      </trkpt>
      <trkpt lat="51.274886" lon="8.579076">
        <ele>775.26</ele>
        <time>2026-08-11T00:19:24.3720000+00:00</time>
      </trkpt>
      <trkpt lat="51.274865" lon="8.579107">
        <ele>775.42</ele>
        <time>2026-08-11T00:19:25.3780000+00:00</time>
      </trkpt>
      <trkpt lat="51.274844" lon="8.579137">
        <ele>775.56</ele>
        <time>2026-08-11T00:19:26.3690000+00:00</time>
      </trkpt>
      <trkpt lat="51.274815" lon="8.579166">
        <ele>775.61</ele>
        <time>2026-08-11T00:19:27.5720000+00:00</time>
      </trkpt>
      <trkpt lat="51.274786" lon="8.579195">
        <ele>775.66</ele>
        <time>2026-08-11T00:19:28.7760000+00:00</time>
      </trkpt>
      <trkpt lat="51.274763" lon="8.579226">
        <ele>775.71</ele>
        <time>2026-08-11T00:19:29.8350000+00:00</time>
      </trkpt>
      <trkpt lat="51.274743" lon="8.579257">
        <ele>775.69</ele>
        <time>2026-08-11T00:19:30.8150000+00:00</time>
      </trkpt>
      <trkpt lat="51.27473" lon="8.579302">
        <ele>775.95</ele>
        <time>2026-08-11T00:19:31.9050000+00:00</time>
      </trkpt>
      <trkpt lat="51.274718" lon="8.579346">
        <ele>776.22</ele>
        <time>2026-08-11T00:19:32.9620000+00:00</time>
      </trkpt>
      <trkpt lat="51.274708" lon="8.579394">
        <ele>776.58</ele>
        <time>2026-08-11T00:19:34.0760000+00:00</time>
      </trkpt>
      <trkpt lat="51.274698" lon="8.57945">
        <ele>777.03</ele>
        <time>2026-08-11T00:19:35.3570000+00:00</time>
      </trkpt>
      <trkpt lat="51.274682" lon="8.579513">
        <ele>777.46</ele>
        <time>2026-08-11T00:19:36.8530000+00:00</time>
      </trkpt>
      <trkpt lat="51.274671" lon="8.579561">
        <ele>777.61</ele>
        <time>2026-08-11T00:19:37.9780000+00:00</time>
      </trkpt>
      <trkpt lat="51.274664" lon="8.579598">
        <ele>777.74</ele>
        <time>2026-08-11T00:19:38.8290000+00:00</time>
      </trkpt>
      <trkpt lat="51.274658" lon="8.579627">
        <ele>777.83</ele>
        <time>2026-08-11T00:19:39.5010000+00:00</time>
      </trkpt>
      <trkpt lat="51.274646" lon="8.579652">
        <ele>777.81</ele>
        <time>2026-08-11T00:19:40.1960000+00:00</time>
      </trkpt>
      <trkpt lat="51.274633" lon="8.579677">
        <ele>777.77</ele>
        <time>2026-08-11T00:19:40.9110000+00:00</time>
      </trkpt>
      <trkpt lat="51.274617" lon="8.579717">
        <ele>777.79</ele>
        <time>2026-08-11T00:19:41.9560000+00:00</time>
      </trkpt>
      <trkpt lat="51.274602" lon="8.579752">
        <ele>777.8</ele>
        <time>2026-08-11T00:19:42.8900000+00:00</time>
      </trkpt>
      <trkpt lat="51.274586" lon="8.579792">
        <ele>777.83</ele>
        <time>2026-08-11T00:19:43.9340000+00:00</time>
      </trkpt>
      <trkpt lat="51.274575" lon="8.57983">
        <ele>777.94</ele>
        <time>2026-08-11T00:19:44.8560000+00:00</time>
      </trkpt>
      <trkpt lat="51.274564" lon="8.579866">
        <ele>778.03</ele>
        <time>2026-08-11T00:19:45.7380000+00:00</time>
      </trkpt>
      <trkpt lat="51.274557" lon="8.579911">
        <ele>778.25</ele>
        <time>2026-08-11T00:19:46.7580000+00:00</time>
      </trkpt>
      <trkpt lat="51.274553" lon="8.579953">
        <ele>778.5</ele>
        <time>2026-08-11T00:19:47.6930000+00:00</time>
      </trkpt>
      <trkpt lat="51.274547" lon="8.579987">
        <ele>778.66</ele>
        <time>2026-08-11T00:19:48.4700000+00:00</time>
      </trkpt>
      <trkpt lat="51.274539" lon="8.580017">
        <ele>778.77</ele>
        <time>2026-08-11T00:19:49.1880000+00:00</time>
      </trkpt>
      <trkpt lat="51.27453" lon="8.580043">
        <ele>778.84</ele>
        <time>2026-08-11T00:19:49.8420000+00:00</time>
      </trkpt>
      <trkpt lat="51.274519" lon="8.580069">
        <ele>778.88</ele>
        <time>2026-08-11T00:19:50.5330000+00:00</time>
      </trkpt>
      <trkpt lat="51.274503" lon="8.580098">
        <ele>778.88</ele>
        <time>2026-08-11T00:19:51.3830000+00:00</time>
      </trkpt>
      <trkpt lat="51.274488" lon="8.580122">
        <ele>778.86</ele>
        <time>2026-08-11T00:19:52.1300000+00:00</time>
      </trkpt>
      <trkpt lat="51.274478" lon="8.580147">
        <ele>778.92</ele>
        <time>2026-08-11T00:19:52.7840000+00:00</time>
      </trkpt>
      <trkpt lat="51.274469" lon="8.580171">
        <ele>778.99</ele>
        <time>2026-08-11T00:19:53.4010000+00:00</time>
      </trkpt>
      <trkpt lat="51.27446" lon="8.580194">
        <ele>779.05</ele>
        <time>2026-08-11T00:19:53.9980000+00:00</time>
      </trkpt>
      <trkpt lat="51.274448" lon="8.580209">
        <ele>779.01</ele>
        <time>2026-08-11T00:19:54.5340000+00:00</time>
      </trkpt>
      <trkpt lat="51.274435" lon="8.580221">
        <ele>778.94</ele>
        <time>2026-08-11T00:19:55.0630000+00:00</time>
      </trkpt>
      <trkpt lat="51.274408" lon="8.580241">
        <ele>778.76</ele>
        <time>2026-08-11T00:19:56.1090000+00:00</time>
      </trkpt>
      <trkpt lat="51.274382" lon="8.580263">
        <ele>778.61</ele>
        <time>2026-08-11T00:19:57.1450000+00:00</time>
      </trkpt>
      <trkpt lat="51.274359" lon="8.580289">
        <ele>778.54</ele>
        <time>2026-08-11T00:19:58.1350000+00:00</time>
      </trkpt>
      <trkpt lat="51.274333" lon="8.580321">
        <ele>778.49</ele>
        <time>2026-08-11T00:19:59.2900000+00:00</time>
      </trkpt>
      <trkpt lat="51.274322" lon="8.580338">
        <ele>778.51</ele>
        <time>2026-08-11T00:19:59.8270000+00:00</time>
      </trkpt>
      <trkpt lat="51.274313" lon="8.580357">
        <ele>778.54</ele>
        <time>2026-08-11T00:20:00.3510000+00:00</time>
      </trkpt>
      <trkpt lat="51.274301" lon="8.58038">
        <ele>778.54</ele>
        <time>2026-08-11T00:20:01.0110000+00:00</time>
      </trkpt>
      <trkpt lat="51.274294" lon="8.580408">
        <ele>778.63</ele>
        <time>2026-08-11T00:20:01.6740000+00:00</time>
      </trkpt>
      <trkpt lat="51.27429" lon="8.580431">
        <ele>778.73</ele>
        <time>2026-08-11T00:20:02.1990000+00:00</time>
      </trkpt>
      <trkpt lat="51.274287" lon="8.58044">
        <ele>778.75</ele>
        <time>2026-08-11T00:20:02.4240000+00:00</time>
      </trkpt>
      <trkpt lat="51.274281" lon="8.580447">
        <ele>778.72</ele>
        <time>2026-08-11T00:20:02.6860000+00:00</time>
      </trkpt>
      <trkpt lat="51.274275" lon="8.580447">
        <ele>778.65</ele>
        <time>2026-08-11T00:20:02.8960000+00:00</time>
      </trkpt>
      <trkpt lat="51.274264" lon="8.580448">
        <ele>778.53</ele>
        <time>2026-08-11T00:20:03.2840000+00:00</time>
      </trkpt>
      <trkpt lat="51.274256" lon="8.58044">
        <ele>778.38</ele>
        <time>2026-08-11T00:20:03.6170000+00:00</time>
      </trkpt>
      <trkpt lat="51.274253" lon="8.580431">
        <ele>778.29</ele>
        <time>2026-08-11T00:20:03.8420000+00:00</time>
      </trkpt>
      <trkpt lat="51.274252" lon="8.580412">
        <ele>778.16</ele>
        <time>2026-08-11T00:20:04.2620000+00:00</time>
      </trkpt>
      <trkpt lat="51.274253" lon="8.580393">
        <ele>778.05</ele>
        <time>2026-08-11T00:20:04.6830000+00:00</time>
      </trkpt>
      <trkpt lat="51.274253" lon="8.580376">
        <ele>777.94</ele>
        <time>2026-08-11T00:20:05.0580000+00:00</time>
      </trkpt>
      <trkpt lat="51.274251" lon="8.580362">
        <ele>777.83</ele>
        <time>2026-08-11T00:20:05.3760000+00:00</time>
      </trkpt>
      <trkpt lat="51.274246" lon="8.580352">
        <ele>777.71</ele>
        <time>2026-08-11T00:20:05.6580000+00:00</time>
      </trkpt>
      <trkpt lat="51.274234" lon="8.580347">
        <ele>777.53</ele>
        <time>2026-08-11T00:20:06.0950000+00:00</time>
      </trkpt>
      <trkpt lat="51.274207" lon="8.580352">
        <ele>777.24</ele>
        <time>2026-08-11T00:20:07.0510000+00:00</time>
      </trkpt>
      <trkpt lat="51.274181" lon="8.580367">
        <ele>777.03</ele>
        <time>2026-08-11T00:20:08.0240000+00:00</time>
      </trkpt>
      <trkpt lat="51.274152" lon="8.580384">
        <ele>776.79</ele>
        <time>2026-08-11T00:20:09.1100000+00:00</time>
      </trkpt>
      <trkpt lat="51.274138" lon="8.580399">
        <ele>776.72</ele>
        <time>2026-08-11T00:20:09.7030000+00:00</time>
      </trkpt>
      <trkpt lat="51.274125" lon="8.58042">
        <ele>776.71</ele>
        <time>2026-08-11T00:20:10.3540000+00:00</time>
      </trkpt>
      <trkpt lat="51.274105" lon="8.580456">
        <ele>776.72</ele>
        <time>2026-08-11T00:20:11.4140000+00:00</time>
      </trkpt>
      <trkpt lat="51.274091" lon="8.58047">
        <ele>776.65</ele>
        <time>2026-08-11T00:20:11.9950000+00:00</time>
      </trkpt>
      <trkpt lat="51.274076" lon="8.580478">
        <ele>776.53</ele>
        <time>2026-08-11T00:20:12.5510000+00:00</time>
      </trkpt>
      <trkpt lat="51.274057" lon="8.58048">
        <ele>776.32</ele>
        <time>2026-08-11T00:20:13.2200000+00:00</time>
      </trkpt>
      <trkpt lat="51.274037" lon="8.580475">
        <ele>776.05</ele>
        <time>2026-08-11T00:20:13.9330000+00:00</time>
      </trkpt>
      <trkpt lat="51.274011" lon="8.580469">
        <ele>775.71</ele>
        <time>2026-08-11T00:20:14.8560000+00:00</time>
      </trkpt>
      <trkpt lat="51.273983" lon="8.5804569999999991">
        <ele>775.3</ele>
        <time>2026-08-11T00:20:15.8770000+00:00</time>
      </trkpt>
      <trkpt lat="51.273957" lon="8.580453">
        <ele>774.96</ele>
        <time>2026-08-11T00:20:16.7960000+00:00</time>
      </trkpt>
      <trkpt lat="51.273935" lon="8.580463">
        <ele>774.76</ele>
        <time>2026-08-11T00:20:17.6010000+00:00</time>
      </trkpt>
      <trkpt lat="51.273918" lon="8.580472">
        <ele>774.56</ele>
        <time>2026-08-11T00:20:18.2310000+00:00</time>
      </trkpt>
      <trkpt lat="51.273892" lon="8.580488">
        <ele>774.27</ele>
        <time>2026-08-11T00:20:19.2100000+00:00</time>
      </trkpt>
      <trkpt lat="51.273869" lon="8.58051">
        <ele>774.08</ele>
        <time>2026-08-11T00:20:20.1530000+00:00</time>
      </trkpt>
      <trkpt lat="51.273851" lon="8.580532">
        <ele>773.98</ele>
        <time>2026-08-11T00:20:20.9500000+00:00</time>
      </trkpt>
      <trkpt lat="51.273835" lon="8.580556">
        <ele>773.93</ele>
        <time>2026-08-11T00:20:21.7220000+00:00</time>
      </trkpt>
      <trkpt lat="51.273821" lon="8.580573">
        <ele>773.86</ele>
        <time>2026-08-11T00:20:22.3400000+00:00</time>
      </trkpt>
      <trkpt lat="51.273808" lon="8.580586">
        <ele>773.78</ele>
        <time>2026-08-11T00:20:22.8790000+00:00</time>
      </trkpt>
      <trkpt lat="51.273796" lon="8.580593">
        <ele>773.66</ele>
        <time>2026-08-11T00:20:23.3290000+00:00</time>
      </trkpt>
      <trkpt lat="51.273777" lon="8.580592">
        <ele>773.37</ele>
        <time>2026-08-11T00:20:23.9980000+00:00</time>
      </trkpt>
      <trkpt lat="51.27376" lon="8.580595">
        <ele>773.15</ele>
        <time>2026-08-11T00:20:24.6000000+00:00</time>
      </trkpt>
      <trkpt lat="51.27374" lon="8.580599">
        <ele>772.89</ele>
        <time>2026-08-11T00:20:25.3100000+00:00</time>
      </trkpt>
      <trkpt lat="51.273719" lon="8.580607">
        <ele>772.65</ele>
        <time>2026-08-11T00:20:26.0690000+00:00</time>
      </trkpt>
      <trkpt lat="51.2737" lon="8.580614">
        <ele>772.44</ele>
        <time>2026-08-11T00:20:26.7550000+00:00</time>
      </trkpt>
      <trkpt lat="51.27367" lon="8.58063">
        <ele>772.16</ele>
        <time>2026-08-11T00:20:27.8670000+00:00</time>
      </trkpt>
      <trkpt lat="51.273637" lon="8.580643">
        <ele>771.81</ele>
        <time>2026-08-11T00:20:29.0630000+00:00</time>
      </trkpt>
      <trkpt lat="51.273616" lon="8.580649">
        <ele>771.57</ele>
        <time>2026-08-11T00:20:29.8130000+00:00</time>
      </trkpt>
      <trkpt lat="51.273593" lon="8.580655">
        <ele>771.31</ele>
        <time>2026-08-11T00:20:30.6330000+00:00</time>
      </trkpt>
      <trkpt lat="51.273571" lon="8.580667">
        <ele>771.12</ele>
        <time>2026-08-11T00:20:31.4510000+00:00</time>
      </trkpt>
      <trkpt lat="51.273549" lon="8.580686">
        <ele>771.01</ele>
        <time>2026-08-11T00:20:32.3310000+00:00</time>
      </trkpt>
      <trkpt lat="51.273526" lon="8.580702">
        <ele>770.86</ele>
        <time>2026-08-11T00:20:33.2140000+00:00</time>
      </trkpt>
      <trkpt lat="51.273506" lon="8.5807">
        <ele>770.56</ele>
        <time>2026-08-11T00:20:33.9190000+00:00</time>
      </trkpt>
      <trkpt lat="51.27349" lon="8.580694">
        <ele>770.28</ele>
        <time>2026-08-11T00:20:34.4970000+00:00</time>
      </trkpt>
      <trkpt lat="51.273459" lon="8.580685">
        <ele>769.75</ele>
        <time>2026-08-11T00:20:35.6060000+00:00</time>
      </trkpt>
      <trkpt lat="51.273425" lon="8.580682">
        <ele>769.24</ele>
        <time>2026-08-11T00:20:36.8030000+00:00</time>
      </trkpt>
      <trkpt lat="51.273394" lon="8.580685">
        <ele>768.84</ele>
        <time>2026-08-11T00:20:37.8950000+00:00</time>
      </trkpt>
      <trkpt lat="51.273362" lon="8.580698">
        <ele>768.56</ele>
        <time>2026-08-11T00:20:39.0570000+00:00</time>
      </trkpt>
      <trkpt lat="51.273337" lon="8.580711">
        <ele>768.37</ele>
        <time>2026-08-11T00:20:39.9820000+00:00</time>
      </trkpt>
      <trkpt lat="51.273313" lon="8.580722">
        <ele>768.18</ele>
        <time>2026-08-11T00:20:40.8610000+00:00</time>
      </trkpt>
      <trkpt lat="51.273287" lon="8.580732">
        <ele>767.96</ele>
        <time>2026-08-11T00:20:41.8010000+00:00</time>
      </trkpt>
      <trkpt lat="51.273266" lon="8.580739">
        <ele>767.77</ele>
        <time>2026-08-11T00:20:42.5560000+00:00</time>
      </trkpt>
      <trkpt lat="51.273243" lon="8.580741">
        <ele>767.48</ele>
        <time>2026-08-11T00:20:43.3660000+00:00</time>
      </trkpt>
      <trkpt lat="51.273222" lon="8.580738">
        <ele>767.16</ele>
        <time>2026-08-11T00:20:44.1070000+00:00</time>
      </trkpt>
      <trkpt lat="51.273191" lon="8.580734">
        <ele>766.69</ele>
        <time>2026-08-11T00:20:45.2000000+00:00</time>
      </trkpt>
      <trkpt lat="51.273161" lon="8.580735">
        <ele>766.3</ele>
        <time>2026-08-11T00:20:46.2560000+00:00</time>
      </trkpt>
      <trkpt lat="51.273129" lon="8.580743">
        <ele>765.98</ele>
        <time>2026-08-11T00:20:47.3960000+00:00</time>
      </trkpt>
      <trkpt lat="51.273102" lon="8.580749">
        <ele>765.75</ele>
        <time>2026-08-11T00:20:48.3550000+00:00</time>
      </trkpt>
      <trkpt lat="51.273084" lon="8.58075">
        <ele>765.73</ele>
        <time>2026-08-11T00:20:48.9880000+00:00</time>
      </trkpt>
      <trkpt lat="51.273064" lon="8.580748">
        <ele>765.66</ele>
        <time>2026-08-11T00:20:49.6920000+00:00</time>
      </trkpt>
      <trkpt lat="51.273034" lon="8.580744">
        <ele>765.54</ele>
        <time>2026-08-11T00:20:50.7510000+00:00</time>
      </trkpt>
      <trkpt lat="51.273002" lon="8.580745">
        <ele>765.49</ele>
        <time>2026-08-11T00:20:51.8780000+00:00</time>
      </trkpt>
      <trkpt lat="51.272973" lon="8.580753">
        <ele>765.56</ele>
        <time>2026-08-11T00:20:52.9130000+00:00</time>
      </trkpt>
      <trkpt lat="51.272946" lon="8.58076">
        <ele>765.62</ele>
        <time>2026-08-11T00:20:53.8760000+00:00</time>
      </trkpt>
      <trkpt lat="51.272926" lon="8.580765">
        <ele>765.66</ele>
        <time>2026-08-11T00:20:54.5880000+00:00</time>
      </trkpt>
      <trkpt lat="51.272901" lon="8.580766">
        <ele>765.63</ele>
        <time>2026-08-11T00:20:55.4680000+00:00</time>
      </trkpt>
      <trkpt lat="51.272876" lon="8.580766">
        <ele>765.59</ele>
        <time>2026-08-11T00:20:56.3470000+00:00</time>
      </trkpt>
      <trkpt lat="51.272857" lon="8.580765">
        <ele>765.53</ele>
        <time>2026-08-11T00:20:57.0160000+00:00</time>
      </trkpt>
      <trkpt lat="51.272838" lon="8.580766">
        <ele>765.52</ele>
        <time>2026-08-11T00:20:57.6850000+00:00</time>
      </trkpt>
      <trkpt lat="51.272812" lon="8.580769">
        <ele>765.52</ele>
        <time>2026-08-11T00:20:58.6020000+00:00</time>
      </trkpt>
      <trkpt lat="51.272777" lon="8.580777">
        <ele>765.6</ele>
        <time>2026-08-11T00:20:59.8450000+00:00</time>
      </trkpt>
      <trkpt lat="51.272747" lon="8.580787">
        <ele>765.73</ele>
        <time>2026-08-11T00:21:00.9230000+00:00</time>
      </trkpt>
      <trkpt lat="51.272718" lon="8.580797">
        <ele>765.87</ele>
        <time>2026-08-11T00:21:01.9670000+00:00</time>
      </trkpt>
      <trkpt lat="51.272686" lon="8.580809">
        <ele>766.05</ele>
        <time>2026-08-11T00:21:03.1230000+00:00</time>
      </trkpt>
      <trkpt lat="51.272662" lon="8.580816">
        <ele>766.14</ele>
        <time>2026-08-11T00:21:03.9820000+00:00</time>
      </trkpt>
      <trkpt lat="51.272642" lon="8.580818">
        <ele>766.16</ele>
        <time>2026-08-11T00:21:04.6860000+00:00</time>
      </trkpt>
      <trkpt lat="51.272613" lon="8.580819">
        <ele>766.14</ele>
        <time>2026-08-11T00:21:05.7060000+00:00</time>
      </trkpt>
      <trkpt lat="51.272585" lon="8.580816">
        <ele>766.04</ele>
        <time>2026-08-11T00:21:06.6930000+00:00</time>
      </trkpt>
      <trkpt lat="51.272547" lon="8.580792">
        <ele>765.51</ele>
        <time>2026-08-11T00:21:08.1310000+00:00</time>
      </trkpt>
      <trkpt lat="51.272523" lon="8.580773">
        <ele>765.09</ele>
        <time>2026-08-11T00:21:09.0720000+00:00</time>
      </trkpt>
      <trkpt lat="51.272492" lon="8.580744">
        <ele>764.44</ele>
        <time>2026-08-11T00:21:10.3360000+00:00</time>
      </trkpt>
      <trkpt lat="51.272466" lon="8.580721">
        <ele>763.91</ele>
        <time>2026-08-11T00:21:11.3820000+00:00</time>
      </trkpt>
      <trkpt lat="51.272434" lon="8.580703">
        <ele>763.45</ele>
        <time>2026-08-11T00:21:12.5750000+00:00</time>
      </trkpt>
      <trkpt lat="51.2724" lon="8.580689">
        <ele>763.07</ele>
        <time>2026-08-11T00:21:13.8110000+00:00</time>
      </trkpt>
      <trkpt lat="51.272369" lon="8.580674">
        <ele>762.66</ele>
        <time>2026-08-11T00:21:14.9500000+00:00</time>
      </trkpt>
      <trkpt lat="51.272341" lon="8.580655">
        <ele>762.16</ele>
        <time>2026-08-11T00:21:16.0210000+00:00</time>
      </trkpt>
      <trkpt lat="51.272331" lon="8.580635">
        <ele>761.69</ele>
        <time>2026-08-11T00:21:16.5840000+00:00</time>
      </trkpt>
      <trkpt lat="51.272317" lon="8.580613">
        <ele>761.15</ele>
        <time>2026-08-11T00:21:17.2760000+00:00</time>
      </trkpt>
      <trkpt lat="51.272298" lon="8.580592">
        <ele>760.62</ele>
        <time>2026-08-11T00:21:18.0890000+00:00</time>
      </trkpt>
      <trkpt lat="51.272275" lon="8.580572">
        <ele>760.08</ele>
        <time>2026-08-11T00:21:19.0100000+00:00</time>
      </trkpt>
      <trkpt lat="51.272237" lon="8.580561">
        <ele>759.93</ele>
        <time>2026-08-11T00:21:20.3690000+00:00</time>
      </trkpt>
      <trkpt lat="51.272213" lon="8.580562">
        <ele>760.02</ele>
        <time>2026-08-11T00:21:21.2130000+00:00</time>
      </trkpt>
      <trkpt lat="51.272184" lon="8.580558">
        <ele>760.02</ele>
        <time>2026-08-11T00:21:22.2370000+00:00</time>
      </trkpt>
      <trkpt lat="51.272166" lon="8.580551">
        <ele>759.92</ele>
        <time>2026-08-11T00:21:22.8880000+00:00</time>
      </trkpt>
      <trkpt lat="51.272157" lon="8.580537">
        <ele>759.63</ele>
        <time>2026-08-11T00:21:23.3290000+00:00</time>
      </trkpt>
      <trkpt lat="51.272152" lon="8.580512">
        <ele>759.08</ele>
        <time>2026-08-11T00:21:23.9070000+00:00</time>
      </trkpt>
      <trkpt lat="51.272149" lon="8.580499">
        <ele>758.8</ele>
        <time>2026-08-11T00:21:24.2130000+00:00</time>
      </trkpt>
      <trkpt lat="51.272142" lon="8.58049">
        <ele>758.62</ele>
        <time>2026-08-11T00:21:24.5280000+00:00</time>
      </trkpt>
      <trkpt lat="51.272112" lon="8.580463">
        <ele>758.11</ele>
        <time>2026-08-11T00:21:25.7400000+00:00</time>
      </trkpt>
      <trkpt lat="51.272081" lon="8.580438">
        <ele>757.66</ele>
        <time>2026-08-11T00:21:26.9610000+00:00</time>
      </trkpt>
      <trkpt lat="51.272052" lon="8.580412">
        <ele>757.18</ele>
        <time>2026-08-11T00:21:28.1310000+00:00</time>
      </trkpt>
      <trkpt lat="51.272021" lon="8.580387">
        <ele>756.73</ele>
        <time>2026-08-11T00:21:29.3520000+00:00</time>
      </trkpt>
      <trkpt lat="51.271985" lon="8.580364">
        <ele>756.35</ele>
        <time>2026-08-11T00:21:30.7160000+00:00</time>
      </trkpt>
      <trkpt lat="51.271947" lon="8.580338">
        <ele>756.01</ele>
        <time>2026-08-11T00:21:32.1700000+00:00</time>
      </trkpt>
      <trkpt lat="51.271915" lon="8.58032">
        <ele>755.88</ele>
        <time>2026-08-11T00:21:33.3630000+00:00</time>
      </trkpt>
      <trkpt lat="51.271881" lon="8.580308">
        <ele>755.84</ele>
        <time>2026-08-11T00:21:34.5880000+00:00</time>
      </trkpt>
      <trkpt lat="51.271849" lon="8.5803">
        <ele>755.84</ele>
        <time>2026-08-11T00:21:35.7270000+00:00</time>
      </trkpt>
      <trkpt lat="51.271815" lon="8.580297">
        <ele>755.92</ele>
        <time>2026-08-11T00:21:36.9250000+00:00</time>
      </trkpt>
      <trkpt lat="51.271782" lon="8.580293">
        <ele>755.98</ele>
        <time>2026-08-11T00:21:38.0900000+00:00</time>
      </trkpt>
      <trkpt lat="51.271749" lon="8.580284">
        <ele>755.97</ele>
        <time>2026-08-11T00:21:39.2680000+00:00</time>
      </trkpt>
      <trkpt lat="51.271711" lon="8.580281">
        <ele>756.06</ele>
        <time>2026-08-11T00:21:40.6060000+00:00</time>
      </trkpt>
      <trkpt lat="51.271679" lon="8.58029">
        <ele>756.3</ele>
        <time>2026-08-11T00:21:41.7490000+00:00</time>
      </trkpt>
      <trkpt lat="51.271642" lon="8.580307">
        <ele>756.67</ele>
        <time>2026-08-11T00:21:43.1030000+00:00</time>
      </trkpt>
      <trkpt lat="51.271611" lon="8.580312">
        <ele>756.85</ele>
        <time>2026-08-11T00:21:44.1990000+00:00</time>
      </trkpt>
      <trkpt lat="51.271583" lon="8.58032">
        <ele>757.06</ele>
        <time>2026-08-11T00:21:45.2000000+00:00</time>
      </trkpt>
      <trkpt lat="51.271548" lon="8.58031">
        <ele>757.05</ele>
        <time>2026-08-11T00:21:46.4510000+00:00</time>
      </trkpt>
      <trkpt lat="51.271517" lon="8.580302">
        <ele>757.04</ele>
        <time>2026-08-11T00:21:47.5560000+00:00</time>
      </trkpt>
      <trkpt lat="51.271486" lon="8.580305">
        <ele>757.19</ele>
        <time>2026-08-11T00:21:48.6480000+00:00</time>
      </trkpt>
      <trkpt lat="51.271453" lon="8.58031">
        <ele>757.38</ele>
        <time>2026-08-11T00:21:49.8140000+00:00</time>
      </trkpt>
      <trkpt lat="51.271414" lon="8.580321">
        <ele>757.46</ele>
        <time>2026-08-11T00:21:51.2070000+00:00</time>
      </trkpt>
      <trkpt lat="51.271378" lon="8.58033">
        <ele>757.42</ele>
        <time>2026-08-11T00:21:52.4890000+00:00</time>
      </trkpt>
      <trkpt lat="51.271345" lon="8.580343">
        <ele>757.45</ele>
        <time>2026-08-11T00:21:53.6850000+00:00</time>
      </trkpt>
      <trkpt lat="51.271315" lon="8.580352">
        <ele>757.44</ele>
        <time>2026-08-11T00:21:54.7580000+00:00</time>
      </trkpt>
      <trkpt lat="51.271288" lon="8.580363">
        <ele>757.53</ele>
        <time>2026-08-11T00:21:55.7390000+00:00</time>
      </trkpt>
      <trkpt lat="51.271259" lon="8.580373">
        <ele>757.59</ele>
        <time>2026-08-11T00:21:56.7820000+00:00</time>
      </trkpt>
      <trkpt lat="51.271236" lon="8.580383">
        <ele>757.67</ele>
        <time>2026-08-11T00:21:57.6210000+00:00</time>
      </trkpt>
      <trkpt lat="51.271221" lon="8.580399">
        <ele>757.91</ele>
        <time>2026-08-11T00:21:58.2560000+00:00</time>
      </trkpt>
      <trkpt lat="51.271205" lon="8.580414">
        <ele>758.12</ele>
        <time>2026-08-11T00:21:58.9080000+00:00</time>
      </trkpt>
      <trkpt lat="51.271191" lon="8.580432">
        <ele>758.39</ele>
        <time>2026-08-11T00:21:59.5400000+00:00</time>
      </trkpt>
      <trkpt lat="51.27116" lon="8.580443">
        <ele>758.44</ele>
        <time>2026-08-11T00:22:00.6570000+00:00</time>
      </trkpt>
      <trkpt lat="51.271122" lon="8.580453">
        <ele>758.44</ele>
        <time>2026-08-11T00:22:02.0120000+00:00</time>
      </trkpt>
      <trkpt lat="51.271091" lon="8.580461">
        <ele>758.43</ele>
        <time>2026-08-11T00:22:03.1160000+00:00</time>
      </trkpt>
      <trkpt lat="51.271066" lon="8.580459">
        <ele>758.26</ele>
        <time>2026-08-11T00:22:03.9970000+00:00</time>
      </trkpt>
      <trkpt lat="51.271037" lon="8.580464">
        <ele>758.2</ele>
        <time>2026-08-11T00:22:05.0230000+00:00</time>
      </trkpt>
      <trkpt lat="51.271008" lon="8.580483">
        <ele>758.39</ele>
        <time>2026-08-11T00:22:06.1260000+00:00</time>
      </trkpt>
      <trkpt lat="51.270984" lon="8.580496">
        <ele>758.51</ele>
        <time>2026-08-11T00:22:07.0180000+00:00</time>
      </trkpt>
      <trkpt lat="51.270947" lon="8.580492">
        <ele>758.23</ele>
        <time>2026-08-11T00:22:08.3230000+00:00</time>
      </trkpt>
      <trkpt lat="51.270915" lon="8.580486">
        <ele>757.95</ele>
        <time>2026-08-11T00:22:09.4560000+00:00</time>
      </trkpt>
      <trkpt lat="51.270888" lon="8.58048">
        <ele>757.69</ele>
        <time>2026-08-11T00:22:10.4160000+00:00</time>
      </trkpt>
      <trkpt lat="51.27086" lon="8.580482">
        <ele>757.58</ele>
        <time>2026-08-11T00:22:11.4020000+00:00</time>
      </trkpt>
      <trkpt lat="51.270828" lon="8.580501">
        <ele>757.75</ele>
        <time>2026-08-11T00:22:12.6030000+00:00</time>
      </trkpt>
      <trkpt lat="51.270802" lon="8.580522">
        <ele>757.97</ele>
        <time>2026-08-11T00:22:13.6280000+00:00</time>
      </trkpt>
      <trkpt lat="51.270773" lon="8.580554">
        <ele>758.37</ele>
        <time>2026-08-11T00:22:14.8670000+00:00</time>
      </trkpt>
      <trkpt lat="51.270748" lon="8.58058">
        <ele>758.69</ele>
        <time>2026-08-11T00:22:15.9160000+00:00</time>
      </trkpt>
      <trkpt lat="51.27072" lon="8.580615">
        <ele>759.13</ele>
        <time>2026-08-11T00:22:17.1670000+00:00</time>
      </trkpt>
      <trkpt lat="51.270697" lon="8.580652">
        <ele>759.63</ele>
        <time>2026-08-11T00:22:18.3150000+00:00</time>
      </trkpt>
      <trkpt lat="51.270684" lon="8.580689">
        <ele>760.18</ele>
        <time>2026-08-11T00:22:19.2490000+00:00</time>
      </trkpt>
      <trkpt lat="51.270673" lon="8.580738">
        <ele>760.95</ele>
        <time>2026-08-11T00:22:20.3950000+00:00</time>
      </trkpt>
      <trkpt lat="51.270659" lon="8.58078">
        <ele>761.58</ele>
        <time>2026-08-11T00:22:21.4430000+00:00</time>
      </trkpt>
      <trkpt lat="51.270641" lon="8.580832">
        <ele>762.34</ele>
        <time>2026-08-11T00:22:22.7510000+00:00</time>
      </trkpt>
      <trkpt lat="51.270622" lon="8.580875">
        <ele>762.93</ele>
        <time>2026-08-11T00:22:23.9100000+00:00</time>
      </trkpt>
      <trkpt lat="51.270606" lon="8.58091">
        <ele>763.4</ele>
        <time>2026-08-11T00:22:24.8640000+00:00</time>
      </trkpt>
      <trkpt lat="51.270592" lon="8.580949">
        <ele>763.91</ele>
        <time>2026-08-11T00:22:25.8550000+00:00</time>
      </trkpt>
      <trkpt lat="51.270574" lon="8.580994">
        <ele>764.47</ele>
        <time>2026-08-11T00:22:27.0300000+00:00</time>
      </trkpt>
      <trkpt lat="51.270547" lon="8.581029">
        <ele>764.76</ele>
        <time>2026-08-11T00:22:28.2530000+00:00</time>
      </trkpt>
      <trkpt lat="51.270517" lon="8.581059">
        <ele>764.94</ele>
        <time>2026-08-11T00:22:29.4980000+00:00</time>
      </trkpt>
      <trkpt lat="51.270486" lon="8.581088">
        <ele>765.1</ele>
        <time>2026-08-11T00:22:30.7620000+00:00</time>
      </trkpt>
      <trkpt lat="51.270462" lon="8.581126">
        <ele>765.48</ele>
        <time>2026-08-11T00:22:31.9500000+00:00</time>
      </trkpt>
      <trkpt lat="51.270446" lon="8.581173">
        <ele>766.09</ele>
        <time>2026-08-11T00:22:33.1270000+00:00</time>
      </trkpt>
      <trkpt lat="51.270432" lon="8.581227">
        <ele>766.9</ele>
        <time>2026-08-11T00:22:34.4130000+00:00</time>
      </trkpt>
      <trkpt lat="51.27041" lon="8.581272">
        <ele>767.47</ele>
        <time>2026-08-11T00:22:35.6700000+00:00</time>
      </trkpt>
      <trkpt lat="51.270383" lon="8.581297">
        <ele>767.65</ele>
        <time>2026-08-11T00:22:36.7670000+00:00</time>
      </trkpt>
      <trkpt lat="51.270353" lon="8.581316">
        <ele>767.69</ele>
        <time>2026-08-11T00:22:37.9020000+00:00</time>
      </trkpt>
      <trkpt lat="51.270324" lon="8.581333">
        <ele>767.71</ele>
        <time>2026-08-11T00:22:38.9890000+00:00</time>
      </trkpt>
      <trkpt lat="51.27029" lon="8.581368">
        <ele>768.03</ele>
        <time>2026-08-11T00:22:40.4110000+00:00</time>
      </trkpt>
      <trkpt lat="51.270266" lon="8.581401">
        <ele>768.41</ele>
        <time>2026-08-11T00:22:41.5260000+00:00</time>
      </trkpt>
      <trkpt lat="51.270246" lon="8.58143">
        <ele>768.77</ele>
        <time>2026-08-11T00:22:42.4760000+00:00</time>
      </trkpt>
      <trkpt lat="51.270216" lon="8.581456">
        <ele>768.98</ele>
        <time>2026-08-11T00:22:43.6760000+00:00</time>
      </trkpt>
      <trkpt lat="51.270189" lon="8.58149">
        <ele>769.39</ele>
        <time>2026-08-11T00:22:44.8850000+00:00</time>
      </trkpt>
      <trkpt lat="51.270163" lon="8.581518">
        <ele>769.7</ele>
        <time>2026-08-11T00:22:45.9880000+00:00</time>
      </trkpt>
      <trkpt lat="51.270135" lon="8.581547">
        <ele>770.02</ele>
        <time>2026-08-11T00:22:47.1610000+00:00</time>
      </trkpt>
      <trkpt lat="51.270118" lon="8.581558">
        <ele>770.08</ele>
        <time>2026-08-11T00:22:47.8060000+00:00</time>
      </trkpt>
      <trkpt lat="51.270101" lon="8.581558">
        <ele>769.94</ele>
        <time>2026-08-11T00:22:48.4040000+00:00</time>
      </trkpt>
      <trkpt lat="51.270068" lon="8.58155">
        <ele>769.49</ele>
        <time>2026-08-11T00:22:49.5780000+00:00</time>
      </trkpt>
      <trkpt lat="51.270031" lon="8.581548">
        <ele>769.13</ele>
        <time>2026-08-11T00:22:50.8800000+00:00</time>
      </trkpt>
      <trkpt lat="51.270003" lon="8.581564">
        <ele>769.21</ele>
        <time>2026-08-11T00:22:51.9260000+00:00</time>
      </trkpt>
      <trkpt lat="51.269971" lon="8.581583">
        <ele>769.33</ele>
        <time>2026-08-11T00:22:53.1270000+00:00</time>
      </trkpt>
      <trkpt lat="51.269938" lon="8.581597">
        <ele>769.33</ele>
        <time>2026-08-11T00:22:54.3280000+00:00</time>
      </trkpt>
      <trkpt lat="51.269911" lon="8.581609">
        <ele>769.36</ele>
        <time>2026-08-11T00:22:55.3150000+00:00</time>
      </trkpt>
      <trkpt lat="51.269874" lon="8.581624">
        <ele>769.36</ele>
        <time>2026-08-11T00:22:56.6580000+00:00</time>
      </trkpt>
      <trkpt lat="51.269847" lon="8.581629">
        <ele>769.25</ele>
        <time>2026-08-11T00:22:57.6140000+00:00</time>
      </trkpt>
      <trkpt lat="51.269807" lon="8.581627">
        <ele>768.87</ele>
        <time>2026-08-11T00:22:59.0210000+00:00</time>
      </trkpt>
      <trkpt lat="51.269778" lon="8.581635">
        <ele>768.81</ele>
        <time>2026-08-11T00:23:00.0560000+00:00</time>
      </trkpt>
      <trkpt lat="51.269742" lon="8.581627">
        <ele>769.13</ele>
        <time>2026-08-11T00:23:01.3350000+00:00</time>
      </trkpt>
      <trkpt lat="51.269715" lon="8.581617">
        <ele>769.34</ele>
        <time>2026-08-11T00:23:02.3100000+00:00</time>
      </trkpt>
      <trkpt lat="51.269685" lon="8.581602">
        <ele>769.48</ele>
        <time>2026-08-11T00:23:03.4160000+00:00</time>
      </trkpt>
      <trkpt lat="51.269651" lon="8.581596">
        <ele>769.88</ele>
        <time>2026-08-11T00:23:04.6200000+00:00</time>
      </trkpt>
      <trkpt lat="51.269617" lon="8.581575">
        <ele>769.96</ele>
        <time>2026-08-11T00:23:05.9020000+00:00</time>
      </trkpt>
      <trkpt lat="51.26959" lon="8.581564">
        <ele>770.14</ele>
        <time>2026-08-11T00:23:06.8830000+00:00</time>
      </trkpt>
      <trkpt lat="51.269557" lon="8.581546">
        <ele>770.27</ele>
        <time>2026-08-11T00:23:08.1090000+00:00</time>
      </trkpt>
      <trkpt lat="51.269526" lon="8.581526">
        <ele>770.32</ele>
        <time>2026-08-11T00:23:09.2860000+00:00</time>
      </trkpt>
      <trkpt lat="51.269492" lon="8.581506">
        <ele>770.42</ele>
        <time>2026-08-11T00:23:10.5600000+00:00</time>
      </trkpt>
      <trkpt lat="51.269458" lon="8.581484">
        <ele>770.47</ele>
        <time>2026-08-11T00:23:11.8510000+00:00</time>
      </trkpt>
      <trkpt lat="51.269425" lon="8.581466">
        <ele>770.6</ele>
        <time>2026-08-11T00:23:13.0780000+00:00</time>
      </trkpt>
      <trkpt lat="51.269395" lon="8.581449">
        <ele>770.7</ele>
        <time>2026-08-11T00:23:14.1970000+00:00</time>
      </trkpt>
      <trkpt lat="51.269362" lon="8.581435">
        <ele>770.91</ele>
        <time>2026-08-11T00:23:15.3970000+00:00</time>
      </trkpt>
      <trkpt lat="51.269336" lon="8.581422">
        <ele>771.04</ele>
        <time>2026-08-11T00:23:16.3560000+00:00</time>
      </trkpt>
      <trkpt lat="51.269311" lon="8.581396">
        <ele>770.87</ele>
        <time>2026-08-11T00:23:17.4050000+00:00</time>
      </trkpt>
      <trkpt lat="51.269282" lon="8.58137">
        <ele>770.76</ele>
        <time>2026-08-11T00:23:18.5750000+00:00</time>
      </trkpt>
      <trkpt lat="51.26925" lon="8.581341">
        <ele>770.63</ele>
        <time>2026-08-11T00:23:19.8700000+00:00</time>
      </trkpt>
      <trkpt lat="51.269225" lon="8.581311">
        <ele>770.37</ele>
        <time>2026-08-11T00:23:20.9700000+00:00</time>
      </trkpt>
      <trkpt lat="51.269193" lon="8.581283">
        <ele>770.27</ele>
        <time>2026-08-11T00:23:22.2530000+00:00</time>
      </trkpt>
      <trkpt lat="51.269159" lon="8.581269">
        <ele>770.49</ele>
        <time>2026-08-11T00:23:23.4880000+00:00</time>
      </trkpt>
      <trkpt lat="51.269127" lon="8.581254">
        <ele>770.67</ele>
        <time>2026-08-11T00:23:24.6620000+00:00</time>
      </trkpt>
      <trkpt lat="51.269095" lon="8.581231">
        <ele>770.67</ele>
        <time>2026-08-11T00:23:25.8960000+00:00</time>
      </trkpt>
      <trkpt lat="51.269068" lon="8.5812">
        <ele>770.42</ele>
        <time>2026-08-11T00:23:27.0650000+00:00</time>
      </trkpt>
      <trkpt lat="51.269038" lon="8.58117">
        <ele>770.26</ele>
        <time>2026-08-11T00:23:28.3100000+00:00</time>
      </trkpt>
      <trkpt lat="51.26901" lon="8.581143">
        <ele>770.15</ele>
        <time>2026-08-11T00:23:29.4600000+00:00</time>
      </trkpt>
      <trkpt lat="51.268978" lon="8.581125">
        <ele>770.28</ele>
        <time>2026-08-11T00:23:30.6540000+00:00</time>
      </trkpt>
      <trkpt lat="51.268948" lon="8.581112">
        <ele>770.48</ele>
        <time>2026-08-11T00:23:31.7470000+00:00</time>
      </trkpt>
      <trkpt lat="51.268917" lon="8.581097">
        <ele>770.71</ele>
        <time>2026-08-11T00:23:32.8870000+00:00</time>
      </trkpt>
      <trkpt lat="51.268884" lon="8.581078">
        <ele>770.91</ele>
        <time>2026-08-11T00:23:34.1200000+00:00</time>
      </trkpt>
      <trkpt lat="51.268858" lon="8.581065">
        <ele>771.1</ele>
        <time>2026-08-11T00:23:35.0780000+00:00</time>
      </trkpt>
      <trkpt lat="51.268822" lon="8.581047">
        <ele>771.36</ele>
        <time>2026-08-11T00:23:36.4050000+00:00</time>
      </trkpt>
      <trkpt lat="51.268796" lon="8.581031">
        <ele>771.49</ele>
        <time>2026-08-11T00:23:37.3860000+00:00</time>
      </trkpt>
      <trkpt lat="51.268763" lon="8.581011">
        <ele>771.65</ele>
        <time>2026-08-11T00:23:38.6280000+00:00</time>
      </trkpt>
      <trkpt lat="51.268734" lon="8.580989">
        <ele>771.69</ele>
        <time>2026-08-11T00:23:39.7570000+00:00</time>
      </trkpt>
      <trkpt lat="51.268701" lon="8.580958">
        <ele>771.61</ele>
        <time>2026-08-11T00:23:41.1030000+00:00</time>
      </trkpt>
      <trkpt lat="51.268671" lon="8.580923">
        <ele>771.39</ele>
        <time>2026-08-11T00:23:42.4100000+00:00</time>
      </trkpt>
      <trkpt lat="51.268647" lon="8.580898">
        <ele>771.28</ele>
        <time>2026-08-11T00:23:43.4170000+00:00</time>
      </trkpt>
      <trkpt lat="51.268621" lon="8.580879">
        <ele>771.32</ele>
        <time>2026-08-11T00:23:44.4230000+00:00</time>
      </trkpt>
      <trkpt lat="51.268592" lon="8.580845">
        <ele>771.09</ele>
        <time>2026-08-11T00:23:45.6890000+00:00</time>
      </trkpt>
      <trkpt lat="51.268562" lon="8.580822">
        <ele>771.1</ele>
        <time>2026-08-11T00:23:46.8590000+00:00</time>
      </trkpt>
      <trkpt lat="51.268532" lon="8.580812">
        <ele>771.4</ele>
        <time>2026-08-11T00:23:47.9370000+00:00</time>
      </trkpt>
      <trkpt lat="51.268504" lon="8.5808">
        <ele>771.61</ele>
        <time>2026-08-11T00:23:48.9570000+00:00</time>
      </trkpt>
      <trkpt lat="51.268472" lon="8.58078">
        <ele>771.72</ele>
        <time>2026-08-11T00:23:50.1660000+00:00</time>
      </trkpt>
      <trkpt lat="51.268444" lon="8.580771">
        <ele>771.99</ele>
        <time>2026-08-11T00:23:51.1700000+00:00</time>
      </trkpt>
      <trkpt lat="51.268416" lon="8.580759">
        <ele>772.2</ele>
        <time>2026-08-11T00:23:52.1900000+00:00</time>
      </trkpt>
      <trkpt lat="51.268386" lon="8.580727">
        <ele>772</ele>
        <time>2026-08-11T00:23:53.4590000+00:00</time>
      </trkpt>
      <trkpt lat="51.268355" lon="8.58071">
        <ele>772.14</ele>
        <time>2026-08-11T00:23:54.6120000+00:00</time>
      </trkpt>
      <trkpt lat="51.268322" lon="8.580695">
        <ele>772.36</ele>
        <time>2026-08-11T00:23:55.8190000+00:00</time>
      </trkpt>
      <trkpt lat="51.268285" lon="8.580683">
        <ele>772.7</ele>
        <time>2026-08-11T00:23:57.1470000+00:00</time>
      </trkpt>
      <trkpt lat="51.26825" lon="8.580666">
        <ele>772.9</ele>
        <time>2026-08-11T00:23:58.4340000+00:00</time>
      </trkpt>
      <trkpt lat="51.26822" lon="8.580645">
        <ele>772.93</ele>
        <time>2026-08-11T00:23:59.5870000+00:00</time>
      </trkpt>
      <trkpt lat="51.268192" lon="8.580624">
        <ele>772.91</ele>
        <time>2026-08-11T00:24:00.6750000+00:00</time>
      </trkpt>
      <trkpt lat="51.26816" lon="8.58061">
        <ele>773.12</ele>
        <time>2026-08-11T00:24:01.8420000+00:00</time>
      </trkpt>
      <trkpt lat="51.268131" lon="8.58061">
        <ele>773.59</ele>
        <time>2026-08-11T00:24:02.8620000+00:00</time>
      </trkpt>
      <trkpt lat="51.268095" lon="8.580614">
        <ele>774.17</ele>
        <time>2026-08-11T00:24:04.1310000+00:00</time>
      </trkpt>
      <trkpt lat="51.268059" lon="8.580616">
        <ele>774.54</ele>
        <time>2026-08-11T00:24:05.3990000+00:00</time>
      </trkpt>
      <trkpt lat="51.268028" lon="8.580618">
        <ele>774.87</ele>
        <time>2026-08-11T00:24:06.4900000+00:00</time>
      </trkpt>
      <trkpt lat="51.267995" lon="8.580622">
        <ele>775.27</ele>
        <time>2026-08-11T00:24:07.6550000+00:00</time>
      </trkpt>
      <trkpt lat="51.267957" lon="8.580621">
        <ele>775.6</ele>
        <time>2026-08-11T00:24:08.9920000+00:00</time>
      </trkpt>
      <trkpt lat="51.267923" lon="8.580619">
        <ele>775.86</ele>
        <time>2026-08-11T00:24:10.1890000+00:00</time>
      </trkpt>
      <trkpt lat="51.267892" lon="8.580624">
        <ele>776.26</ele>
        <time>2026-08-11T00:24:11.2850000+00:00</time>
      </trkpt>
      <trkpt lat="51.267857" lon="8.580603">
        <ele>776.09</ele>
        <time>2026-08-11T00:24:12.6000000+00:00</time>
      </trkpt>
      <trkpt lat="51.267831" lon="8.580573">
        <ele>775.62</ele>
        <time>2026-08-11T00:24:13.7280000+00:00</time>
      </trkpt>
      <trkpt lat="51.267803" lon="8.580549">
        <ele>775.3</ele>
        <time>2026-08-11T00:24:14.8460000+00:00</time>
      </trkpt>
      <trkpt lat="51.267775" lon="8.580537">
        <ele>775.27</ele>
        <time>2026-08-11T00:24:15.8660000+00:00</time>
      </trkpt>
      <trkpt lat="51.267746" lon="8.58053">
        <ele>775.36</ele>
        <time>2026-08-11T00:24:16.8980000+00:00</time>
      </trkpt>
      <trkpt lat="51.267713" lon="8.580525">
        <ele>775.54</ele>
        <time>2026-08-11T00:24:18.0640000+00:00</time>
      </trkpt>
      <trkpt lat="51.267685" lon="8.580529">
        <ele>775.88</ele>
        <time>2026-08-11T00:24:19.0530000+00:00</time>
      </trkpt>
      <trkpt lat="51.267653" lon="8.580539">
        <ele>776.41</ele>
        <time>2026-08-11T00:24:20.2000000+00:00</time>
      </trkpt>
      <trkpt lat="51.267625" lon="8.580541">
        <ele>776.71</ele>
        <time>2026-08-11T00:24:21.1860000+00:00</time>
      </trkpt>
      <trkpt lat="51.26737" lon="8.580611">
        <ele>780.74</ele>
        <time>2026-08-11T00:24:30.2880000+00:00</time>
      </trkpt>
      <trkpt lat="51.267332" lon="8.58063">
        <ele>781.56</ele>
        <time>2026-08-11T00:24:31.6890000+00:00</time>
      </trkpt>
      <trkpt lat="51.26729" lon="8.580631">
        <ele>781.98</ele>
        <time>2026-08-11T00:24:33.1670000+00:00</time>
      </trkpt>
      <trkpt lat="51.267173" lon="8.58064">
        <ele>782.11</ele>
        <time>2026-08-11T00:24:37.2880000+00:00</time>
      </trkpt>
      <trkpt lat="51.267146" lon="8.580641">
        <ele>782.09</ele>
        <time>2026-08-11T00:24:38.2380000+00:00</time>
      </trkpt>
      <trkpt lat="51.267118" lon="8.580649">
        <ele>782.23</ele>
        <time>2026-08-11T00:24:39.2390000+00:00</time>
      </trkpt>
      <trkpt lat="51.267088" lon="8.580664">
        <ele>782.56</ele>
        <time>2026-08-11T00:24:40.3450000+00:00</time>
      </trkpt>
      <trkpt lat="51.26706" lon="8.58068">
        <ele>782.91</ele>
        <time>2026-08-11T00:24:41.3910000+00:00</time>
      </trkpt>
      <trkpt lat="51.267032" lon="8.580695">
        <ele>783.24</ele>
        <time>2026-08-11T00:24:42.4300000+00:00</time>
      </trkpt>
      <trkpt lat="51.267" lon="8.580701">
        <ele>783.33</ele>
        <time>2026-08-11T00:24:43.5630000+00:00</time>
      </trkpt>
      <trkpt lat="51.266972" lon="8.580707">
        <ele>783.44</ele>
        <time>2026-08-11T00:24:44.5570000+00:00</time>
      </trkpt>
      <trkpt lat="51.266942" lon="8.580712">
        <ele>783.51</ele>
        <time>2026-08-11T00:24:45.6180000+00:00</time>
      </trkpt>
      <trkpt lat="51.266909" lon="8.580724">
        <ele>783.75</ele>
        <time>2026-08-11T00:24:46.8080000+00:00</time>
      </trkpt>
      <trkpt lat="51.266881" lon="8.580735">
        <ele>783.99</ele>
        <time>2026-08-11T00:24:47.8220000+00:00</time>
      </trkpt>
      <trkpt lat="51.266846" lon="8.580749">
        <ele>784.28</ele>
        <time>2026-08-11T00:24:49.0910000+00:00</time>
      </trkpt>
      <trkpt lat="51.266812" lon="8.580759">
        <ele>784.48</ele>
        <time>2026-08-11T00:24:50.3070000+00:00</time>
      </trkpt>
      <trkpt lat="51.266779" lon="8.580776">
        <ele>784.86</ele>
        <time>2026-08-11T00:24:51.5260000+00:00</time>
      </trkpt>
      <trkpt lat="51.266755" lon="8.580793">
        <ele>785.26</ele>
        <time>2026-08-11T00:24:52.4500000+00:00</time>
      </trkpt>
      <trkpt lat="51.266733" lon="8.580826">
        <ele>786.08</ele>
        <time>2026-08-11T00:24:53.5120000+00:00</time>
      </trkpt>
      <trkpt lat="51.266706" lon="8.580858">
        <ele>786.87</ele>
        <time>2026-08-11T00:24:54.6940000+00:00</time>
      </trkpt>
      <trkpt lat="51.266673" lon="8.580885">
        <ele>787.52</ele>
        <time>2026-08-11T00:24:55.9990000+00:00</time>
      </trkpt>
      <trkpt lat="51.266639" lon="8.580911">
        <ele>788.14</ele>
        <time>2026-08-11T00:24:57.3240000+00:00</time>
      </trkpt>
      <trkpt lat="51.266611" lon="8.580935">
        <ele>788.72</ele>
        <time>2026-08-11T00:24:58.4420000+00:00</time>
      </trkpt>
      <trkpt lat="51.266579" lon="8.580949">
        <ele>789.04</ele>
        <time>2026-08-11T00:24:59.6100000+00:00</time>
      </trkpt>
      <trkpt lat="51.266544" lon="8.580965">
        <ele>789.41</ele>
        <time>2026-08-11T00:25:00.8910000+00:00</time>
      </trkpt>
      <trkpt lat="51.266523" lon="8.580993">
        <ele>790.11</ele>
        <time>2026-08-11T00:25:01.8530000+00:00</time>
      </trkpt>
      <trkpt lat="51.266498" lon="8.581013">
        <ele>790.6</ele>
        <time>2026-08-11T00:25:02.8360000+00:00</time>
      </trkpt>
      <trkpt lat="51.266474" lon="8.581042">
        <ele>791.33</ele>
        <time>2026-08-11T00:25:03.8950000+00:00</time>
      </trkpt>
      <trkpt lat="51.266442" lon="8.581061">
        <ele>791.76</ele>
        <time>2026-08-11T00:25:05.0960000+00:00</time>
      </trkpt>
      <trkpt lat="51.26642" lon="8.581087">
        <ele>792.2</ele>
        <time>2026-08-11T00:25:06.0580000+00:00</time>
      </trkpt>
      <trkpt lat="51.266392" lon="8.581102">
        <ele>792.28</ele>
        <time>2026-08-11T00:25:07.0980000+00:00</time>
      </trkpt>
      <trkpt lat="51.26636" lon="8.581117">
        <ele>792.3</ele>
        <time>2026-08-11T00:25:08.2710000+00:00</time>
      </trkpt>
      <trkpt lat="51.266328" lon="8.581134">
        <ele>792.36</ele>
        <time>2026-08-11T00:25:09.4570000+00:00</time>
      </trkpt>
      <trkpt lat="51.266304" lon="8.581158">
        <ele>792.69</ele>
        <time>2026-08-11T00:25:10.4530000+00:00</time>
      </trkpt>
      <trkpt lat="51.266276" lon="8.581174">
        <ele>792.76</ele>
        <time>2026-08-11T00:25:11.4990000+00:00</time>
      </trkpt>
      <trkpt lat="51.266248" lon="8.581188">
        <ele>792.75</ele>
        <time>2026-08-11T00:25:12.5320000+00:00</time>
      </trkpt>
      <trkpt lat="51.266219" lon="8.581206">
        <ele>792.77</ele>
        <time>2026-08-11T00:25:13.6270000+00:00</time>
      </trkpt>
      <trkpt lat="51.266189" lon="8.581224">
        <ele>792.76</ele>
        <time>2026-08-11T00:25:14.7540000+00:00</time>
      </trkpt>
      <trkpt lat="51.266158" lon="8.581244">
        <ele>792.79</ele>
        <time>2026-08-11T00:25:15.9300000+00:00</time>
      </trkpt>
      <trkpt lat="51.266123" lon="8.581258">
        <ele>792.65</ele>
        <time>2026-08-11T00:25:17.2000000+00:00</time>
      </trkpt>
      <trkpt lat="51.266095" lon="8.581281">
        <ele>792.77</ele>
        <time>2026-08-11T00:25:18.3070000+00:00</time>
      </trkpt>
      <trkpt lat="51.266062" lon="8.581299">
        <ele>792.72</ele>
        <time>2026-08-11T00:25:19.5340000+00:00</time>
      </trkpt>
      <trkpt lat="51.266029" lon="8.58131">
        <ele>792.54</ele>
        <time>2026-08-11T00:25:20.7200000+00:00</time>
      </trkpt>
      <trkpt lat="51.265997" lon="8.58133">
        <ele>792.54</ele>
        <time>2026-08-11T00:25:21.9290000+00:00</time>
      </trkpt>
      <trkpt lat="51.265961" lon="8.581336">
        <ele>792.22</ele>
        <time>2026-08-11T00:25:23.2020000+00:00</time>
      </trkpt>
      <trkpt lat="51.265931" lon="8.58135">
        <ele>792.13</ele>
        <time>2026-08-11T00:25:24.3010000+00:00</time>
      </trkpt>
      <trkpt lat="51.265906" lon="8.58138">
        <ele>792.41</ele>
        <time>2026-08-11T00:25:25.4010000+00:00</time>
      </trkpt>
      <trkpt lat="51.265881" lon="8.581404">
        <ele>792.58</ele>
        <time>2026-08-11T00:25:26.4270000+00:00</time>
      </trkpt>
      <trkpt lat="51.265855" lon="8.581437">
        <ele>792.9</ele>
        <time>2026-08-11T00:25:27.5950000+00:00</time>
      </trkpt>
      <trkpt lat="51.265829" lon="8.581457">
        <ele>792.97</ele>
        <time>2026-08-11T00:25:28.6100000+00:00</time>
      </trkpt>
      <trkpt lat="51.265802" lon="8.581473">
        <ele>792.95</ele>
        <time>2026-08-11T00:25:29.6230000+00:00</time>
      </trkpt>
      <trkpt lat="51.265772" lon="8.581489">
        <ele>792.89</ele>
        <time>2026-08-11T00:25:30.7360000+00:00</time>
      </trkpt>
      <trkpt lat="51.265738" lon="8.581499">
        <ele>792.66</ele>
        <time>2026-08-11T00:25:31.9520000+00:00</time>
      </trkpt>
      <trkpt lat="51.265705" lon="8.581509">
        <ele>792.44</ele>
        <time>2026-08-11T00:25:33.1340000+00:00</time>
      </trkpt>
      <trkpt lat="51.265677" lon="8.58152">
        <ele>792.3</ele>
        <time>2026-08-11T00:25:34.1480000+00:00</time>
      </trkpt>
      <trkpt lat="51.265649" lon="8.581539">
        <ele>792.32</ele>
        <time>2026-08-11T00:25:35.2180000+00:00</time>
      </trkpt>
      <trkpt lat="51.265616" lon="8.581557">
        <ele>792.25</ele>
        <time>2026-08-11T00:25:36.4450000+00:00</time>
      </trkpt>
      <trkpt lat="51.265589" lon="8.581577">
        <ele>792.32</ele>
        <time>2026-08-11T00:25:37.4920000+00:00</time>
      </trkpt>
      <trkpt lat="51.265561" lon="8.581601">
        <ele>792.46</ele>
        <time>2026-08-11T00:25:38.6110000+00:00</time>
      </trkpt>
      <trkpt lat="51.265528" lon="8.581621">
        <ele>792.46</ele>
        <time>2026-08-11T00:25:39.8530000+00:00</time>
      </trkpt>
      <trkpt lat="51.2655" lon="8.581628">
        <ele>792.27</ele>
        <time>2026-08-11T00:25:40.8500000+00:00</time>
      </trkpt>
      <trkpt lat="51.265469" lon="8.581647">
        <ele>792.27</ele>
        <time>2026-08-11T00:25:42.0180000+00:00</time>
      </trkpt>
      <trkpt lat="51.26544" lon="8.581656">
        <ele>792.1</ele>
        <time>2026-08-11T00:25:43.0570000+00:00</time>
      </trkpt>
      <trkpt lat="51.26541" lon="8.581667">
        <ele>791.95</ele>
        <time>2026-08-11T00:25:44.1400000+00:00</time>
      </trkpt>
      <trkpt lat="51.265385" lon="8.581704">
        <ele>792.33</ele>
        <time>2026-08-11T00:25:45.3380000+00:00</time>
      </trkpt>
      <trkpt lat="51.265366" lon="8.581741">
        <ele>792.78</ele>
        <time>2026-08-11T00:25:46.3920000+00:00</time>
      </trkpt>
      <trkpt lat="51.265343" lon="8.581767">
        <ele>792.97</ele>
        <time>2026-08-11T00:25:47.3830000+00:00</time>
      </trkpt>
      <trkpt lat="51.265314" lon="8.581796">
        <ele>793.14</ele>
        <time>2026-08-11T00:25:48.5870000+00:00</time>
      </trkpt>
      <trkpt lat="51.265287" lon="8.581822">
        <ele>793.27</ele>
        <time>2026-08-11T00:25:49.6950000+00:00</time>
      </trkpt>
      <trkpt lat="51.265259" lon="8.581851">
        <ele>793.44</ele>
        <time>2026-08-11T00:25:50.8690000+00:00</time>
      </trkpt>
      <trkpt lat="51.26523" lon="8.581872">
        <ele>793.44</ele>
        <time>2026-08-11T00:25:51.9900000+00:00</time>
      </trkpt>
      <trkpt lat="51.265206" lon="8.5819">
        <ele>793.63</ele>
        <time>2026-08-11T00:25:53.0360000+00:00</time>
      </trkpt>
      <trkpt lat="51.265175" lon="8.581936">
        <ele>793.86</ele>
        <time>2026-08-11T00:25:54.3840000+00:00</time>
      </trkpt>
      <trkpt lat="51.265143" lon="8.581961">
        <ele>793.88</ele>
        <time>2026-08-11T00:25:55.6360000+00:00</time>
      </trkpt>
      <trkpt lat="51.265104" lon="8.581979">
        <ele>793.68</ele>
        <time>2026-08-11T00:25:57.0640000+00:00</time>
      </trkpt>
      <trkpt lat="51.265072" lon="8.582009">
        <ele>793.77</ele>
        <time>2026-08-11T00:25:58.3690000+00:00</time>
      </trkpt>
      <trkpt lat="51.265043" lon="8.582049">
        <ele>793.96</ele>
        <time>2026-08-11T00:25:59.7170000+00:00</time>
      </trkpt>
      <trkpt lat="51.265018" lon="8.582077">
        <ele>794.01</ele>
        <time>2026-08-11T00:26:00.7900000+00:00</time>
      </trkpt>
      <trkpt lat="51.264989" lon="8.582111">
        <ele>794.1</ele>
        <time>2026-08-11T00:26:02.0560000+00:00</time>
      </trkpt>
      <trkpt lat="51.264964" lon="8.582142">
        <ele>794.19</ele>
        <time>2026-08-11T00:26:03.1690000+00:00</time>
      </trkpt>
      <trkpt lat="51.264935" lon="8.582176">
        <ele>794.26</ele>
        <time>2026-08-11T00:26:04.4340000+00:00</time>
      </trkpt>
      <trkpt lat="51.264909" lon="8.582203">
        <ele>794.27</ele>
        <time>2026-08-11T00:26:05.5250000+00:00</time>
      </trkpt>
      <trkpt lat="51.264887" lon="8.582229">
        <ele>794.32</ele>
        <time>2026-08-11T00:26:06.4870000+00:00</time>
      </trkpt>
      <trkpt lat="51.264859" lon="8.582268">
        <ele>794.45</ele>
        <time>2026-08-11T00:26:07.7930000+00:00</time>
      </trkpt>
      <trkpt lat="51.264829" lon="8.582303">
        <ele>794.5</ele>
        <time>2026-08-11T00:26:09.1000000+00:00</time>
      </trkpt>
      <trkpt lat="51.264803" lon="8.582336">
        <ele>794.58</ele>
        <time>2026-08-11T00:26:10.2690000+00:00</time>
      </trkpt>
      <trkpt lat="51.264796" lon="8.58236">
        <ele>794.79</ele>
        <time>2026-08-11T00:26:10.8520000+00:00</time>
      </trkpt>
      <trkpt lat="51.264798" lon="8.582379">
        <ele>795.07</ele>
        <time>2026-08-11T00:26:11.2760000+00:00</time>
      </trkpt>
      <trkpt lat="51.264806" lon="8.582386">
        <ele>795.28</ele>
        <time>2026-08-11T00:26:11.5970000+00:00</time>
      </trkpt>
      <trkpt lat="51.264818" lon="8.582384">
        <ele>795.43</ele>
        <time>2026-08-11T00:26:12.0220000+00:00</time>
      </trkpt>
      <trkpt lat="51.264831" lon="8.582375">
        <ele>795.49</ele>
        <time>2026-08-11T00:26:12.5190000+00:00</time>
      </trkpt>
      <trkpt lat="51.264857" lon="8.582349">
        <ele>795.51</ele>
        <time>2026-08-11T00:26:13.5980000+00:00</time>
      </trkpt>
      <trkpt lat="51.264879" lon="8.582335">
        <ele>795.64</ele>
        <time>2026-08-11T00:26:14.4310000+00:00</time>
      </trkpt>
      <trkpt lat="51.264888" lon="8.582339">
        <ele>795.82</ele>
        <time>2026-08-11T00:26:14.7600000+00:00</time>
      </trkpt>
      <trkpt lat="51.264895" lon="8.582353">
        <ele>796.11</ele>
        <time>2026-08-11T00:26:15.1560000+00:00</time>
      </trkpt>
      <trkpt lat="51.264893" lon="8.582369">
        <ele>796.29</ele>
        <time>2026-08-11T00:26:15.5160000+00:00</time>
      </trkpt>
      <trkpt lat="51.264885" lon="8.582385">
        <ele>796.4</ele>
        <time>2026-08-11T00:26:15.9650000+00:00</time>
      </trkpt>
      <trkpt lat="51.264862" lon="8.582408">
        <ele>796.38</ele>
        <time>2026-08-11T00:26:16.9190000+00:00</time>
      </trkpt>
      <trkpt lat="51.264835" lon="8.582437">
        <ele>796.38</ele>
        <time>2026-08-11T00:26:18.0630000+00:00</time>
      </trkpt>
      <trkpt lat="51.264808" lon="8.582465">
        <ele>796.36</ele>
        <time>2026-08-11T00:26:19.1960000+00:00</time>
      </trkpt>
      <trkpt lat="51.26478" lon="8.582496">
        <ele>796.36</ele>
        <time>2026-08-11T00:26:20.3940000+00:00</time>
      </trkpt>
      <trkpt lat="51.264757" lon="8.582519">
        <ele>796.21</ele>
        <time>2026-08-11T00:26:21.3490000+00:00</time>
      </trkpt>
      <trkpt lat="51.264734" lon="8.582556">
        <ele>796.24</ele>
        <time>2026-08-11T00:26:22.4970000+00:00</time>
      </trkpt>
      <trkpt lat="51.264719" lon="8.582589">
        <ele>796.38</ele>
        <time>2026-08-11T00:26:23.3950000+00:00</time>
      </trkpt>
      <trkpt lat="51.264702" lon="8.582636">
        <ele>796.67</ele>
        <time>2026-08-11T00:26:24.5900000+00:00</time>
      </trkpt>
      <trkpt lat="51.264684" lon="8.582681">
        <ele>796.92</ele>
        <time>2026-08-11T00:26:25.7650000+00:00</time>
      </trkpt>
      <trkpt lat="51.264665" lon="8.582723">
        <ele>797.12</ele>
        <time>2026-08-11T00:26:26.9060000+00:00</time>
      </trkpt>
      <trkpt lat="51.264644" lon="8.582767">
        <ele>797.3</ele>
        <time>2026-08-11T00:26:28.1250000+00:00</time>
      </trkpt>
      <trkpt lat="51.264624" lon="8.582815">
        <ele>797.57</ele>
        <time>2026-08-11T00:26:29.3940000+00:00</time>
      </trkpt>
      <trkpt lat="51.264608" lon="8.582859">
        <ele>797.79</ele>
        <time>2026-08-11T00:26:30.5140000+00:00</time>
      </trkpt>
      <trkpt lat="51.264589" lon="8.582907">
        <ele>797.77</ele>
        <time>2026-08-11T00:26:31.7640000+00:00</time>
      </trkpt>
      <trkpt lat="51.26457" lon="8.582948">
        <ele>797.7</ele>
        <time>2026-08-11T00:26:32.8870000+00:00</time>
      </trkpt>
      <trkpt lat="51.264546" lon="8.58299">
        <ele>797.54</ele>
        <time>2026-08-11T00:26:34.1390000+00:00</time>
      </trkpt>
      <trkpt lat="51.264518" lon="8.583027">
        <ele>797.27</ele>
        <time>2026-08-11T00:26:35.4170000+00:00</time>
      </trkpt>
      <trkpt lat="51.264505" lon="8.583074">
        <ele>797.36</ele>
        <time>2026-08-11T00:26:36.5480000+00:00</time>
      </trkpt>
      <trkpt lat="51.264494" lon="8.583128">
        <ele>797.54</ele>
        <time>2026-08-11T00:26:37.7980000+00:00</time>
      </trkpt>
      <trkpt lat="51.264484" lon="8.583179">
        <ele>797.71</ele>
        <time>2026-08-11T00:26:38.9740000+00:00</time>
      </trkpt>
      <trkpt lat="51.264483" lon="8.583224">
        <ele>798.02</ele>
        <time>2026-08-11T00:26:39.9660000+00:00</time>
      </trkpt>
      <trkpt lat="51.26449" lon="8.583249">
        <ele>798.33</ele>
        <time>2026-08-11T00:26:40.5690000+00:00</time>
      </trkpt>
      <trkpt lat="51.264503" lon="8.583258">
        <ele>798.65</ele>
        <time>2026-08-11T00:26:41.0680000+00:00</time>
      </trkpt>
      <trkpt lat="51.264517" lon="8.583245">
        <ele>798.82</ele>
        <time>2026-08-11T00:26:41.6380000+00:00</time>
      </trkpt>
      <trkpt lat="51.264529" lon="8.583215">
        <ele>798.84</ele>
        <time>2026-08-11T00:26:42.4220000+00:00</time>
      </trkpt>
      <trkpt lat="51.264544" lon="8.583168">
        <ele>798.79</ele>
        <time>2026-08-11T00:26:43.5830000+00:00</time>
      </trkpt>
      <trkpt lat="51.264563" lon="8.583132">
        <ele>798.89</ele>
        <time>2026-08-11T00:26:44.6200000+00:00</time>
      </trkpt>
      <trkpt lat="51.264585" lon="8.583092">
        <ele>799.03</ele>
        <time>2026-08-11T00:26:45.7920000+00:00</time>
      </trkpt>
      <trkpt lat="51.264606" lon="8.583051">
        <ele>799.13</ele>
        <time>2026-08-11T00:26:46.9590000+00:00</time>
      </trkpt>
      <trkpt lat="51.264625" lon="8.583005">
        <ele>799.17</ele>
        <time>2026-08-11T00:26:48.1720000+00:00</time>
      </trkpt>
      <trkpt lat="51.264644" lon="8.582964">
        <ele>799.24</ele>
        <time>2026-08-11T00:26:49.2950000+00:00</time>
      </trkpt>
      <trkpt lat="51.264665" lon="8.582921">
        <ele>799.33</ele>
        <time>2026-08-11T00:26:50.4960000+00:00</time>
      </trkpt>
      <trkpt lat="51.264684" lon="8.582876">
        <ele>799.37</ele>
        <time>2026-08-11T00:26:51.6900000+00:00</time>
      </trkpt>
      <trkpt lat="51.264702" lon="8.582831">
        <ele>799.29</ele>
        <time>2026-08-11T00:26:52.8660000+00:00</time>
      </trkpt>
      <trkpt lat="51.264715" lon="8.582815">
        <ele>799.33</ele>
        <time>2026-08-11T00:26:53.4440000+00:00</time>
      </trkpt>
      <trkpt lat="51.264727" lon="8.58281">
        <ele>799.49</ele>
        <time>2026-08-11T00:26:53.8790000+00:00</time>
      </trkpt>
      <trkpt lat="51.264741" lon="8.582812">
        <ele>799.79</ele>
        <time>2026-08-11T00:26:54.3720000+00:00</time>
      </trkpt>
      <trkpt lat="51.264749" lon="8.582829">
        <ele>800.17</ele>
        <time>2026-08-11T00:26:54.8400000+00:00</time>
      </trkpt>
      <trkpt lat="51.26475" lon="8.582854">
        <ele>800.48</ele>
        <time>2026-08-11T00:26:55.3900000+00:00</time>
      </trkpt>
      <trkpt lat="51.264747" lon="8.582881">
        <ele>800.62</ele>
        <time>2026-08-11T00:26:55.9940000+00:00</time>
      </trkpt>
      <trkpt lat="51.264742" lon="8.582931">
        <ele>800.88</ele>
        <time>2026-08-11T00:26:57.1090000+00:00</time>
      </trkpt>
      <trkpt lat="51.26473" lon="8.582979">
        <ele>801</ele>
        <time>2026-08-11T00:26:58.2470000+00:00</time>
      </trkpt>
      <trkpt lat="51.264713" lon="8.58302">
        <ele>800.97</ele>
        <time>2026-08-11T00:26:59.3300000+00:00</time>
      </trkpt>
      <trkpt lat="51.264696" lon="8.583064">
        <ele>800.96</ele>
        <time>2026-08-11T00:27:00.4690000+00:00</time>
      </trkpt>
      <trkpt lat="51.264681" lon="8.583113">
        <ele>801.02</ele>
        <time>2026-08-11T00:27:01.6700000+00:00</time>
      </trkpt>
      <trkpt lat="51.264663" lon="8.583152">
        <ele>800.96</ele>
        <time>2026-08-11T00:27:02.7370000+00:00</time>
      </trkpt>
      <trkpt lat="51.264642" lon="8.583195">
        <ele>800.86</ele>
        <time>2026-08-11T00:27:03.9370000+00:00</time>
      </trkpt>
      <trkpt lat="51.264625" lon="8.583241">
        <ele>800.87</ele>
        <time>2026-08-11T00:27:05.1130000+00:00</time>
      </trkpt>
      <trkpt lat="51.264609" lon="8.583283">
        <ele>800.86</ele>
        <time>2026-08-11T00:27:06.1960000+00:00</time>
      </trkpt>
      <trkpt lat="51.264586" lon="8.583314">
        <ele>800.65</ele>
        <time>2026-08-11T00:27:07.2540000+00:00</time>
      </trkpt>
      <trkpt lat="51.264561" lon="8.583348">
        <ele>800.41</ele>
        <time>2026-08-11T00:27:08.4090000+00:00</time>
      </trkpt>
      <trkpt lat="51.264536" lon="8.583385">
        <ele>800.2</ele>
        <time>2026-08-11T00:27:09.6080000+00:00</time>
      </trkpt>
      <trkpt lat="51.264511" lon="8.583424">
        <ele>800</ele>
        <time>2026-08-11T00:27:10.8370000+00:00</time>
      </trkpt>
      <trkpt lat="51.26449" lon="8.583467">
        <ele>799.9</ele>
        <time>2026-08-11T00:27:12.0380000+00:00</time>
      </trkpt>
      <trkpt lat="51.264465" lon="8.583515">
        <ele>799.77</ele>
        <time>2026-08-11T00:27:13.4130000+00:00</time>
      </trkpt>
      <trkpt lat="51.26445" lon="8.58357">
        <ele>799.88</ele>
        <time>2026-08-11T00:27:14.7330000+00:00</time>
      </trkpt>
      <trkpt lat="51.264451" lon="8.583622">
        <ele>800.27</ele>
        <time>2026-08-11T00:27:15.8790000+00:00</time>
      </trkpt>
      <trkpt lat="51.264451" lon="8.583675">
        <ele>800.65</ele>
        <time>2026-08-11T00:27:17.0460000+00:00</time>
      </trkpt>
      <trkpt lat="51.264443" lon="8.583725">
        <ele>800.41</ele>
        <time>2026-08-11T00:27:18.1820000+00:00</time>
      </trkpt>
      <trkpt lat="51.264432" lon="8.583772">
        <ele>800.07</ele>
        <time>2026-08-11T00:27:19.2860000+00:00</time>
      </trkpt>
      <trkpt lat="51.264416" lon="8.583808">
        <ele>799.67</ele>
        <time>2026-08-11T00:27:20.2580000+00:00</time>
      </trkpt>
      <trkpt lat="51.2644" lon="8.583855">
        <ele>799.25</ele>
        <time>2026-08-11T00:27:21.4360000+00:00</time>
      </trkpt>
      <trkpt lat="51.264385" lon="8.583897">
        <ele>798.87</ele>
        <time>2026-08-11T00:27:22.5000000+00:00</time>
      </trkpt>
      <trkpt lat="51.264373" lon="8.583941">
        <ele>798.55</ele>
        <time>2026-08-11T00:27:23.5570000+00:00</time>
      </trkpt>
      <trkpt lat="51.264363" lon="8.583961">
        <ele>798.33</ele>
        <time>2026-08-11T00:27:24.1210000+00:00</time>
      </trkpt>
      <trkpt lat="51.26435" lon="8.583984">
        <ele>798.04</ele>
        <time>2026-08-11T00:27:24.8040000+00:00</time>
      </trkpt>
      <trkpt lat="51.264331" lon="8.584018">
        <ele>797.64</ele>
        <time>2026-08-11T00:27:25.8080000+00:00</time>
      </trkpt>
      <trkpt lat="51.26432" lon="8.584069">
        <ele>797.34</ele>
        <time>2026-08-11T00:27:26.9950000+00:00</time>
      </trkpt>
      <trkpt lat="51.264311" lon="8.584117">
        <ele>797.08</ele>
        <time>2026-08-11T00:27:28.0970000+00:00</time>
      </trkpt>
      <trkpt lat="51.264303" lon="8.584168">
        <ele>796.84</ele>
        <time>2026-08-11T00:27:29.2550000+00:00</time>
      </trkpt>
      <trkpt lat="51.264293" lon="8.584213">
        <ele>796.59</ele>
        <time>2026-08-11T00:27:30.3060000+00:00</time>
      </trkpt>
      <trkpt lat="51.264285" lon="8.584239">
        <ele>796.41</ele>
        <time>2026-08-11T00:27:30.9430000+00:00</time>
      </trkpt>
      <trkpt lat="51.264274" lon="8.584261">
        <ele>796.19</ele>
        <time>2026-08-11T00:27:31.5620000+00:00</time>
      </trkpt>
      <trkpt lat="51.264253" lon="8.584304">
        <ele>795.78</ele>
        <time>2026-08-11T00:27:32.7630000+00:00</time>
      </trkpt>
      <trkpt lat="51.264239" lon="8.584357">
        <ele>795.48</ele>
        <time>2026-08-11T00:27:34.0290000+00:00</time>
      </trkpt>
      <trkpt lat="51.264225" lon="8.584405">
        <ele>795.18</ele>
        <time>2026-08-11T00:27:35.1950000+00:00</time>
      </trkpt>
      <trkpt lat="51.264212" lon="8.584454">
        <ele>794.91</ele>
        <time>2026-08-11T00:27:36.3660000+00:00</time>
      </trkpt>
      <trkpt lat="51.264204" lon="8.584483">
        <ele>794.75</ele>
        <time>2026-08-11T00:27:37.0640000+00:00</time>
      </trkpt>
      <trkpt lat="51.2642" lon="8.584503">
        <ele>794.66</ele>
        <time>2026-08-11T00:27:37.5270000+00:00</time>
      </trkpt>
      <trkpt lat="51.264197" lon="8.584531">
        <ele>794.49</ele>
        <time>2026-08-11T00:27:38.1520000+00:00</time>
      </trkpt>
      <trkpt lat="51.264196" lon="8.584559">
        <ele>794.29</ele>
        <time>2026-08-11T00:27:38.7700000+00:00</time>
      </trkpt>
      <trkpt lat="51.264194" lon="8.584586">
        <ele>794.08</ele>
        <time>2026-08-11T00:27:39.3690000+00:00</time>
      </trkpt>
      <trkpt lat="51.264194" lon="8.584609">
        <ele>793.93</ele>
        <time>2026-08-11T00:27:39.8760000+00:00</time>
      </trkpt>
      <trkpt lat="51.264192" lon="8.58464">
        <ele>793.7</ele>
        <time>2026-08-11T00:27:40.5630000+00:00</time>
      </trkpt>
      <trkpt lat="51.26419" lon="8.58467">
        <ele>793.48</ele>
        <time>2026-08-11T00:27:41.2270000+00:00</time>
      </trkpt>
      <trkpt lat="51.264188" lon="8.584697">
        <ele>793.27</ele>
        <time>2026-08-11T00:27:41.8260000+00:00</time>
      </trkpt>
      <trkpt lat="51.264182" lon="8.584725">
        <ele>793.01</ele>
        <time>2026-08-11T00:27:42.4780000+00:00</time>
      </trkpt>
      <trkpt lat="51.264169" lon="8.584777">
        <ele>792.51</ele>
        <time>2026-08-11T00:27:43.7110000+00:00</time>
      </trkpt>
      <trkpt lat="51.264163" lon="8.584795">
        <ele>792.32</ele>
        <time>2026-08-11T00:27:44.1610000+00:00</time>
      </trkpt>
      <trkpt lat="51.264156" lon="8.584812">
        <ele>792.13</ele>
        <time>2026-08-11T00:27:44.6080000+00:00</time>
      </trkpt>
      <trkpt lat="51.264147" lon="8.584829">
        <ele>791.91</ele>
        <time>2026-08-11T00:27:45.0980000+00:00</time>
      </trkpt>
      <trkpt lat="51.264139" lon="8.584847">
        <ele>791.7</ele>
        <time>2026-08-11T00:27:45.5840000+00:00</time>
      </trkpt>
      <trkpt lat="51.26412" lon="8.584883">
        <ele>791.26</ele>
        <time>2026-08-11T00:27:46.6200000+00:00</time>
      </trkpt>
      <trkpt lat="51.26411" lon="8.584929">
        <ele>790.86</ele>
        <time>2026-08-11T00:27:47.6920000+00:00</time>
      </trkpt>
      <trkpt lat="51.264107" lon="8.58499">
        <ele>790.47</ele>
        <time>2026-08-11T00:27:49.0390000+00:00</time>
      </trkpt>
      <trkpt lat="51.264117" lon="8.585469">
        <ele>788.22</ele>
        <time>2026-08-11T00:27:59.5890000+00:00</time>
      </trkpt>
      <trkpt lat="51.264121" lon="8.585692">
        <ele>787.87</ele>
        <time>2026-08-11T00:28:04.5000000+00:00</time>
      </trkpt>
      <trkpt lat="51.264124" lon="8.585778">
        <ele>787.75</ele>
        <time>2026-08-11T00:28:06.3960000+00:00</time>
      </trkpt>
      <trkpt lat="51.264164" lon="8.585819">
        <ele>787.96</ele>
        <time>2026-08-11T00:28:08.0680000+00:00</time>
      </trkpt>
      <trkpt lat="51.264325" lon="8.586063">
        <ele>788.54</ele>
        <time>2026-08-11T00:28:15.8730000+00:00</time>
      </trkpt>
      <trkpt lat="51.264407" lon="8.586183">
        <ele>788.74</ele>
        <time>2026-08-11T00:28:19.7850000+00:00</time>
      </trkpt>
      <trkpt lat="51.264408" lon="8.586253">
        <ele>788.35</ele>
        <time>2026-08-11T00:28:21.3260000+00:00</time>
      </trkpt>
      <trkpt lat="51.264406" lon="8.586269">
        <ele>788.25</ele>
        <time>2026-08-11T00:28:21.6860000+00:00</time>
      </trkpt>
      <trkpt lat="51.2644" lon="8.58629">
        <ele>788.1</ele>
        <time>2026-08-11T00:28:22.1940000+00:00</time>
      </trkpt>
      <trkpt lat="51.264395" lon="8.586301">
        <ele>788.01</ele>
        <time>2026-08-11T00:28:22.4930000+00:00</time>
      </trkpt>
      <trkpt lat="51.264387" lon="8.586317">
        <ele>787.88</ele>
        <time>2026-08-11T00:28:22.9440000+00:00</time>
      </trkpt>
      <trkpt lat="51.264382" lon="8.586333">
        <ele>787.76</ele>
        <time>2026-08-11T00:28:23.3380000+00:00</time>
      </trkpt>
      <trkpt lat="51.264379" lon="8.586355">
        <ele>787.63</ele>
        <time>2026-08-11T00:28:23.8350000+00:00</time>
      </trkpt>
      <trkpt lat="51.264377" lon="8.586375">
        <ele>787.51</ele>
        <time>2026-08-11T00:28:24.2820000+00:00</time>
      </trkpt>
      <trkpt lat="51.264374" lon="8.586399">
        <ele>787.36</ele>
        <time>2026-08-11T00:28:24.8210000+00:00</time>
      </trkpt>
      <trkpt lat="51.264374" lon="8.586411">
        <ele>787.3</ele>
        <time>2026-08-11T00:28:25.0860000+00:00</time>
      </trkpt>
      <trkpt lat="51.264376" lon="8.586421">
        <ele>787.25</ele>
        <time>2026-08-11T00:28:25.3150000+00:00</time>
      </trkpt>
      <trkpt lat="51.26438" lon="8.586439">
        <ele>787.17</ele>
        <time>2026-08-11T00:28:25.7360000+00:00</time>
      </trkpt>
      <trkpt lat="51.264385" lon="8.586454">
        <ele>787.12</ele>
        <time>2026-08-11T00:28:26.1110000+00:00</time>
      </trkpt>
      <trkpt lat="51.264391" lon="8.586469">
        <ele>787.06</ele>
        <time>2026-08-11T00:28:26.5020000+00:00</time>
      </trkpt>
      <trkpt lat="51.2644" lon="8.586481">
        <ele>787.04</ele>
        <time>2026-08-11T00:28:26.9140000+00:00</time>
      </trkpt>
      <trkpt lat="51.264407" lon="8.586494">
        <ele>787</ele>
        <time>2026-08-11T00:28:27.2920000+00:00</time>
      </trkpt>
      <trkpt lat="51.264413" lon="8.586506">
        <ele>786.96</ele>
        <time>2026-08-11T00:28:27.6290000+00:00</time>
      </trkpt>
      <trkpt lat="51.264421" lon="8.586518">
        <ele>786.93</ele>
        <time>2026-08-11T00:28:28.0150000+00:00</time>
      </trkpt>
      <trkpt lat="51.264428" lon="8.586529">
        <ele>786.9</ele>
        <time>2026-08-11T00:28:28.3580000+00:00</time>
      </trkpt>
      <trkpt lat="51.264435" lon="8.586543">
        <ele>786.85</ele>
        <time>2026-08-11T00:28:28.7520000+00:00</time>
      </trkpt>
      <trkpt lat="51.264443" lon="8.586556">
        <ele>786.81</ele>
        <time>2026-08-11T00:28:29.1540000+00:00</time>
      </trkpt>
      <trkpt lat="51.264451" lon="8.586569">
        <ele>786.77</ele>
        <time>2026-08-11T00:28:29.5550000+00:00</time>
      </trkpt>
      <trkpt lat="51.264457" lon="8.586586">
        <ele>786.69</ele>
        <time>2026-08-11T00:28:29.9840000+00:00</time>
      </trkpt>
      <trkpt lat="51.264461" lon="8.58661">
        <ele>786.57</ele>
        <time>2026-08-11T00:28:30.5310000+00:00</time>
      </trkpt>
      <trkpt lat="51.264466" lon="8.586632">
        <ele>786.46</ele>
        <time>2026-08-11T00:28:31.0470000+00:00</time>
      </trkpt>
      <trkpt lat="51.264471" lon="8.586659">
        <ele>786.33</ele>
        <time>2026-08-11T00:28:31.6670000+00:00</time>
      </trkpt>
      <trkpt lat="51.264475" lon="8.586689">
        <ele>786.16</ele>
        <time>2026-08-11T00:28:32.3420000+00:00</time>
      </trkpt>
      <trkpt lat="51.264483" lon="8.586724">
        <ele>785.99</ele>
        <time>2026-08-11T00:28:33.1620000+00:00</time>
      </trkpt>
      <trkpt lat="51.264495" lon="8.586757">
        <ele>785.83</ele>
        <time>2026-08-11T00:28:34.0020000+00:00</time>
      </trkpt>
      <trkpt lat="51.26451" lon="8.586783">
        <ele>785.73</ele>
        <time>2026-08-11T00:28:34.7810000+00:00</time>
      </trkpt>
      <trkpt lat="51.264527" lon="8.586805">
        <ele>785.65</ele>
        <time>2026-08-11T00:28:35.5500000+00:00</time>
      </trkpt>
      <trkpt lat="51.264544" lon="8.586828">
        <ele>785.57</ele>
        <time>2026-08-11T00:28:36.3340000+00:00</time>
      </trkpt>
      <trkpt lat="51.264559" lon="8.586855">
        <ele>785.45</ele>
        <time>2026-08-11T00:28:37.1290000+00:00</time>
      </trkpt>
      <trkpt lat="51.264567" lon="8.586887">
        <ele>785.27</ele>
        <time>2026-08-11T00:28:37.8870000+00:00</time>
      </trkpt>
      <trkpt lat="51.26458" lon="8.586917">
        <ele>785.12</ele>
        <time>2026-08-11T00:28:38.6910000+00:00</time>
      </trkpt>
      <trkpt lat="51.264594" lon="8.586942">
        <ele>785</ele>
        <time>2026-08-11T00:28:39.4290000+00:00</time>
      </trkpt>
      <trkpt lat="51.264614" lon="8.586967">
        <ele>784.89</ele>
        <time>2026-08-11T00:28:40.3220000+00:00</time>
      </trkpt>
      <trkpt lat="51.264633" lon="8.586994">
        <ele>784.76</ele>
        <time>2026-08-11T00:28:41.2160000+00:00</time>
      </trkpt>
      <trkpt lat="51.264649" lon="8.587023">
        <ele>784.62</ele>
        <time>2026-08-11T00:28:42.0680000+00:00</time>
      </trkpt>
      <trkpt lat="51.264664" lon="8.587056">
        <ele>784.47</ele>
        <time>2026-08-11T00:28:42.9660000+00:00</time>
      </trkpt>
      <trkpt lat="51.264671" lon="8.587096">
        <ele>784.25</ele>
        <time>2026-08-11T00:28:43.8800000+00:00</time>
      </trkpt>
      <trkpt lat="51.264673" lon="8.587138">
        <ele>784.02</ele>
        <time>2026-08-11T00:28:44.8070000+00:00</time>
      </trkpt>
      <trkpt lat="51.264672" lon="8.587179">
        <ele>783.78</ele>
        <time>2026-08-11T00:28:45.7100000+00:00</time>
      </trkpt>
      <trkpt lat="51.26468" lon="8.587218">
        <ele>783.58</ele>
        <time>2026-08-11T00:28:46.6140000+00:00</time>
      </trkpt>
      <trkpt lat="51.264688" lon="8.587261">
        <ele>783.34</ele>
        <time>2026-08-11T00:28:47.6020000+00:00</time>
      </trkpt>
      <trkpt lat="51.264694" lon="8.587304">
        <ele>783.11</ele>
        <time>2026-08-11T00:28:48.5710000+00:00</time>
      </trkpt>
      <trkpt lat="51.264702" lon="8.587347">
        <ele>782.87</ele>
        <time>2026-08-11T00:28:49.5590000+00:00</time>
      </trkpt>
      <trkpt lat="51.264716" lon="8.587381">
        <ele>782.69</ele>
        <time>2026-08-11T00:28:50.4550000+00:00</time>
      </trkpt>
      <trkpt lat="51.264736" lon="8.587411">
        <ele>782.54</ele>
        <time>2026-08-11T00:28:51.4200000+00:00</time>
      </trkpt>
      <trkpt lat="51.264752" lon="8.587441">
        <ele>782.39</ele>
        <time>2026-08-11T00:28:52.2890000+00:00</time>
      </trkpt>
      <trkpt lat="51.264772" lon="8.587475">
        <ele>782.2</ele>
        <time>2026-08-11T00:28:53.3170000+00:00</time>
      </trkpt>
      <trkpt lat="51.264792" lon="8.587511">
        <ele>782.29</ele>
        <time>2026-08-11T00:28:54.3760000+00:00</time>
      </trkpt>
      <trkpt lat="51.264808" lon="8.587554">
        <ele>782.38</ele>
        <time>2026-08-11T00:28:55.4770000+00:00</time>
      </trkpt>
      <trkpt lat="51.26482" lon="8.5876">
        <ele>782.36</ele>
        <time>2026-08-11T00:28:56.5740000+00:00</time>
      </trkpt>
      <trkpt lat="51.264835" lon="8.587633">
        <ele>782.48</ele>
        <time>2026-08-11T00:28:57.4730000+00:00</time>
      </trkpt>
      <trkpt lat="51.264854" lon="8.587663">
        <ele>782.7</ele>
        <time>2026-08-11T00:28:58.4120000+00:00</time>
      </trkpt>
      <trkpt lat="51.264877" lon="8.587698">
        <ele>782.97</ele>
        <time>2026-08-11T00:28:59.5290000+00:00</time>
      </trkpt>
      <trkpt lat="51.264893" lon="8.587727">
        <ele>783.12</ele>
        <time>2026-08-11T00:29:00.3800000+00:00</time>
      </trkpt>
      <trkpt lat="51.264906" lon="8.587751">
        <ele>783.23</ele>
        <time>2026-08-11T00:29:01.0790000+00:00</time>
      </trkpt>
      <trkpt lat="51.264919" lon="8.587781">
        <ele>783.29</ele>
        <time>2026-08-11T00:29:01.8820000+00:00</time>
      </trkpt>
      <trkpt lat="51.26493" lon="8.587822">
        <ele>783.23</ele>
        <time>2026-08-11T00:29:02.8640000+00:00</time>
      </trkpt>
      <trkpt lat="51.264944" lon="8.587855">
        <ele>783.31</ele>
        <time>2026-08-11T00:29:03.7410000+00:00</time>
      </trkpt>
      <trkpt lat="51.264963" lon="8.587886">
        <ele>783.56</ele>
        <time>2026-08-11T00:29:04.6960000+00:00</time>
      </trkpt>
      <trkpt lat="51.264977" lon="8.587917">
        <ele>783.71</ele>
        <time>2026-08-11T00:29:05.5380000+00:00</time>
      </trkpt>
      <trkpt lat="51.264989" lon="8.587958">
        <ele>783.76</ele>
        <time>2026-08-11T00:29:06.5340000+00:00</time>
      </trkpt>
      <trkpt lat="51.264995" lon="8.588009">
        <ele>783.65</ele>
        <time>2026-08-11T00:29:07.6770000+00:00</time>
      </trkpt>
      <trkpt lat="51.265" lon="8.588032">
        <ele>783.65</ele>
        <time>2026-08-11T00:29:08.2130000+00:00</time>
      </trkpt>
      <trkpt lat="51.265009" lon="8.588052">
        <ele>783.73</ele>
        <time>2026-08-11T00:29:08.7550000+00:00</time>
      </trkpt>
      <trkpt lat="51.265031" lon="8.588089">
        <ele>783.99</ele>
        <time>2026-08-11T00:29:09.8780000+00:00</time>
      </trkpt>
      <trkpt lat="51.265048" lon="8.588128">
        <ele>784.13</ele>
        <time>2026-08-11T00:29:10.9250000+00:00</time>
      </trkpt>
      <trkpt lat="51.265066" lon="8.588178">
        <ele>784.23</ele>
        <time>2026-08-11T00:29:12.1950000+00:00</time>
      </trkpt>
      <trkpt lat="51.265075" lon="8.588195">
        <ele>784.32</ele>
        <time>2026-08-11T00:29:12.6850000+00:00</time>
      </trkpt>
      <trkpt lat="51.265083" lon="8.588217">
        <ele>784.36</ele>
        <time>2026-08-11T00:29:13.2450000+00:00</time>
      </trkpt>
      <trkpt lat="51.265088" lon="8.588245">
        <ele>784.32</ele>
        <time>2026-08-11T00:29:13.8860000+00:00</time>
      </trkpt>
      <trkpt lat="51.265096" lon="8.58828">
        <ele>784.29</ele>
        <time>2026-08-11T00:29:14.7060000+00:00</time>
      </trkpt>
      <trkpt lat="51.265105" lon="8.588323">
        <ele>784.25</ele>
        <time>2026-08-11T00:29:15.7040000+00:00</time>
      </trkpt>
      <trkpt lat="51.26512" lon="8.588387">
        <ele>784.2</ele>
        <time>2026-08-11T00:29:17.2080000+00:00</time>
      </trkpt>
      <trkpt lat="51.265139" lon="8.58844">
        <ele>784.27</ele>
        <time>2026-08-11T00:29:18.5530000+00:00</time>
      </trkpt>
      <trkpt lat="51.265157" lon="8.588474">
        <ele>784.41</ele>
        <time>2026-08-11T00:29:19.5330000+00:00</time>
      </trkpt>
      <trkpt lat="51.265168" lon="8.588495">
        <ele>784.49</ele>
        <time>2026-08-11T00:29:20.1360000+00:00</time>
      </trkpt>
      <trkpt lat="51.265178" lon="8.588518">
        <ele>784.55</ele>
        <time>2026-08-11T00:29:20.7520000+00:00</time>
      </trkpt>
      <trkpt lat="51.265186" lon="8.588533">
        <ele>784.6</ele>
        <time>2026-08-11T00:29:21.1850000+00:00</time>
      </trkpt>
      <trkpt lat="51.265193" lon="8.588551">
        <ele>784.63</ele>
        <time>2026-08-11T00:29:21.6520000+00:00</time>
      </trkpt>
      <trkpt lat="51.2652" lon="8.588575">
        <ele>784.62</ele>
        <time>2026-08-11T00:29:22.2350000+00:00</time>
      </trkpt>
      <trkpt lat="51.265205" lon="8.588595">
        <ele>784.6</ele>
        <time>2026-08-11T00:29:22.7080000+00:00</time>
      </trkpt>
      <trkpt lat="51.265215" lon="8.588616">
        <ele>784.65</ele>
        <time>2026-08-11T00:29:23.2890000+00:00</time>
      </trkpt>
      <trkpt lat="51.265222" lon="8.588634">
        <ele>784.68</ele>
        <time>2026-08-11T00:29:23.7560000+00:00</time>
      </trkpt>
      <trkpt lat="51.265228" lon="8.58865">
        <ele>784.69</ele>
        <time>2026-08-11T00:29:24.1650000+00:00</time>
      </trkpt>
      <trkpt lat="51.265236" lon="8.588663">
        <ele>784.75</ele>
        <time>2026-08-11T00:29:24.5670000+00:00</time>
      </trkpt>
      <trkpt lat="51.265245" lon="8.588675">
        <ele>784.84</ele>
        <time>2026-08-11T00:29:24.9800000+00:00</time>
      </trkpt>
      <trkpt lat="51.265258" lon="8.588688">
        <ele>785.01</ele>
        <time>2026-08-11T00:29:25.5190000+00:00</time>
      </trkpt>
      <trkpt lat="51.265272" lon="8.588696">
        <ele>785.21</ele>
        <time>2026-08-11T00:29:26.0420000+00:00</time>
      </trkpt>
      <trkpt lat="51.265283" lon="8.588702">
        <ele>785.37</ele>
        <time>2026-08-11T00:29:26.4520000+00:00</time>
      </trkpt>
      <trkpt lat="51.265291" lon="8.588714">
        <ele>785.46</ele>
        <time>2026-08-11T00:29:26.8390000+00:00</time>
      </trkpt>
      <trkpt lat="51.265302" lon="8.588743">
        <ele>785.54</ele>
        <time>2026-08-11T00:29:27.5850000+00:00</time>
      </trkpt>
      <trkpt lat="51.26531" lon="8.588765">
        <ele>785.58</ele>
        <time>2026-08-11T00:29:28.1460000+00:00</time>
      </trkpt>
      <trkpt lat="51.26532" lon="8.58879">
        <ele>785.65</ele>
        <time>2026-08-11T00:29:28.7990000+00:00</time>
      </trkpt>
      <trkpt lat="51.265338" lon="8.588826">
        <ele>785.79</ele>
        <time>2026-08-11T00:29:29.8140000+00:00</time>
      </trkpt>
      <trkpt lat="51.26535" lon="8.588859">
        <ele>785.84</ele>
        <time>2026-08-11T00:29:30.6540000+00:00</time>
      </trkpt>
      <trkpt lat="51.265361" lon="8.5889">
        <ele>785.84</ele>
        <time>2026-08-11T00:29:31.6370000+00:00</time>
      </trkpt>
      <trkpt lat="51.265375" lon="8.588937">
        <ele>785.89</ele>
        <time>2026-08-11T00:29:32.5890000+00:00</time>
      </trkpt>
      <trkpt lat="51.265389" lon="8.588967">
        <ele>785.97</ele>
        <time>2026-08-11T00:29:33.4120000+00:00</time>
      </trkpt>
      <trkpt lat="51.265398" lon="8.588993">
        <ele>785.99</ele>
        <time>2026-08-11T00:29:34.0660000+00:00</time>
      </trkpt>
      <trkpt lat="51.2654" lon="8.589012">
        <ele>785.93</ele>
        <time>2026-08-11T00:29:34.4910000+00:00</time>
      </trkpt>
      <trkpt lat="51.265399" lon="8.589032">
        <ele>785.83</ele>
        <time>2026-08-11T00:29:34.9330000+00:00</time>
      </trkpt>
      <trkpt lat="51.2654" lon="8.589051">
        <ele>785.76</ele>
        <time>2026-08-11T00:29:35.3530000+00:00</time>
      </trkpt>
      <trkpt lat="51.265402" lon="8.589073">
        <ele>785.69</ele>
        <time>2026-08-11T00:29:35.8430000+00:00</time>
      </trkpt>
      <trkpt lat="51.265408" lon="8.589104">
        <ele>785.63</ele>
        <time>2026-08-11T00:29:36.5570000+00:00</time>
      </trkpt>
      <trkpt lat="51.265423" lon="8.589144">
        <ele>785.65</ele>
        <time>2026-08-11T00:29:37.5840000+00:00</time>
      </trkpt>
      <trkpt lat="51.265431" lon="8.589161">
        <ele>785.68</ele>
        <time>2026-08-11T00:29:38.0510000+00:00</time>
      </trkpt>
      <trkpt lat="51.265443" lon="8.589181">
        <ele>785.74</ele>
        <time>2026-08-11T00:29:38.6610000+00:00</time>
      </trkpt>
      <trkpt lat="51.265455" lon="8.589205">
        <ele>785.78</ele>
        <time>2026-08-11T00:29:39.3370000+00:00</time>
      </trkpt>
      <trkpt lat="51.265466" lon="8.589231">
        <ele>785.8</ele>
        <time>2026-08-11T00:29:40.0290000+00:00</time>
      </trkpt>
      <trkpt lat="51.265474" lon="8.589259">
        <ele>785.76</ele>
        <time>2026-08-11T00:29:40.7070000+00:00</time>
      </trkpt>
      <trkpt lat="51.265477" lon="8.58929">
        <ele>785.64</ele>
        <time>2026-08-11T00:29:41.3970000+00:00</time>
      </trkpt>
      <trkpt lat="51.265474" lon="8.589317">
        <ele>785.47</ele>
        <time>2026-08-11T00:29:42.0000000+00:00</time>
      </trkpt>
      <trkpt lat="51.265474" lon="8.589339">
        <ele>785.36</ele>
        <time>2026-08-11T00:29:42.4840000+00:00</time>
      </trkpt>
      <trkpt lat="51.265475" lon="8.589363">
        <ele>785.25</ele>
        <time>2026-08-11T00:29:43.0130000+00:00</time>
      </trkpt>
      <trkpt lat="51.265482" lon="8.589379">
        <ele>785.25</ele>
        <time>2026-08-11T00:29:43.4420000+00:00</time>
      </trkpt>
      <trkpt lat="51.265489" lon="8.589389">
        <ele>785.28</ele>
        <time>2026-08-11T00:29:43.7710000+00:00</time>
      </trkpt>
      <trkpt lat="51.265518" lon="8.58942">
        <ele>785.46</ele>
        <time>2026-08-11T00:29:44.9980000+00:00</time>
      </trkpt>
      <trkpt lat="51.265542" lon="8.589435">
        <ele>785.65</ele>
        <time>2026-08-11T00:29:45.9050000+00:00</time>
      </trkpt>
      <trkpt lat="51.265566" lon="8.589458">
        <ele>785.79</ele>
        <time>2026-08-11T00:29:46.8890000+00:00</time>
      </trkpt>
      <trkpt lat="51.265578" lon="8.589478">
        <ele>785.81</ele>
        <time>2026-08-11T00:29:47.4990000+00:00</time>
      </trkpt>
      <trkpt lat="51.265588" lon="8.589498">
        <ele>785.8</ele>
        <time>2026-08-11T00:29:48.0620000+00:00</time>
      </trkpt>
      <trkpt lat="51.265603" lon="8.589524">
        <ele>785.79</ele>
        <time>2026-08-11T00:29:48.8410000+00:00</time>
      </trkpt>
      <trkpt lat="51.26563" lon="8.589543">
        <ele>786.22</ele>
        <time>2026-08-11T00:29:49.8790000+00:00</time>
      </trkpt>
      <trkpt lat="51.265648" lon="8.589556">
        <ele>786.6</ele>
        <time>2026-08-11T00:29:50.5740000+00:00</time>
      </trkpt>
      <trkpt lat="51.265669" lon="8.589567">
        <ele>787.06</ele>
        <time>2026-08-11T00:29:51.3520000+00:00</time>
      </trkpt>
      <trkpt lat="51.265689" lon="8.589581">
        <ele>787.47</ele>
        <time>2026-08-11T00:29:52.1200000+00:00</time>
      </trkpt>
      <trkpt lat="51.265707" lon="8.589602">
        <ele>787.76</ele>
        <time>2026-08-11T00:29:52.9040000+00:00</time>
      </trkpt>
      <trkpt lat="51.265719" lon="8.589638">
        <ele>787.78</ele>
        <time>2026-08-11T00:29:53.8020000+00:00</time>
      </trkpt>
      <trkpt lat="51.26573" lon="8.589668">
        <ele>787.81</ele>
        <time>2026-08-11T00:29:54.5670000+00:00</time>
      </trkpt>
      <trkpt lat="51.265734" lon="8.589715">
        <ele>787.52</ele>
        <time>2026-08-11T00:29:55.6120000+00:00</time>
      </trkpt>
      <trkpt lat="51.265743" lon="8.589747">
        <ele>787.47</ele>
        <time>2026-08-11T00:29:56.3840000+00:00</time>
      </trkpt>
      <trkpt lat="51.265756" lon="8.589777">
        <ele>787.54</ele>
        <time>2026-08-11T00:29:57.1870000+00:00</time>
      </trkpt>
      <trkpt lat="51.265776" lon="8.589797">
        <ele>787.85</ele>
        <time>2026-08-11T00:29:58.0160000+00:00</time>
      </trkpt>
      <trkpt lat="51.265795" lon="8.589816">
        <ele>788.13</ele>
        <time>2026-08-11T00:29:58.8050000+00:00</time>
      </trkpt>
      <trkpt lat="51.265819" lon="8.589851">
        <ele>788.39</ele>
        <time>2026-08-11T00:29:59.9480000+00:00</time>
      </trkpt>
      <trkpt lat="51.265837" lon="8.589881">
        <ele>788.54</ele>
        <time>2026-08-11T00:30:00.8630000+00:00</time>
      </trkpt>
      <trkpt lat="51.265855" lon="8.589912">
        <ele>788.67</ele>
        <time>2026-08-11T00:30:01.7940000+00:00</time>
      </trkpt>
      <trkpt lat="51.265867" lon="8.589939">
        <ele>788.69</ele>
        <time>2026-08-11T00:30:02.5230000+00:00</time>
      </trkpt>
      <trkpt lat="51.265877" lon="8.589978">
        <ele>788.54</ele>
        <time>2026-08-11T00:30:03.4500000+00:00</time>
      </trkpt>
      <trkpt lat="51.265889" lon="8.590022">
        <ele>788.39</ele>
        <time>2026-08-11T00:30:04.5070000+00:00</time>
      </trkpt>
      <trkpt lat="51.26591" lon="8.590056">
        <ele>788.52</ele>
        <time>2026-08-11T00:30:05.5590000+00:00</time>
      </trkpt>
      <trkpt lat="51.265942" lon="8.59008">
        <ele>788.97</ele>
        <time>2026-08-11T00:30:06.8030000+00:00</time>
      </trkpt>
      <trkpt lat="51.265969" lon="8.590094">
        <ele>789.41</ele>
        <time>2026-08-11T00:30:07.8010000+00:00</time>
      </trkpt>
      <trkpt lat="51.265987" lon="8.590114">
        <ele>789.58</ele>
        <time>2026-08-11T00:30:08.5720000+00:00</time>
      </trkpt>
      <trkpt lat="51.266004" lon="8.59014">
        <ele>789.67</ele>
        <time>2026-08-11T00:30:09.4000000+00:00</time>
      </trkpt>
      <trkpt lat="51.266018" lon="8.590172">
        <ele>789.62</ele>
        <time>2026-08-11T00:30:10.2600000+00:00</time>
      </trkpt>
      <trkpt lat="51.26603" lon="8.590199">
        <ele>789.57</ele>
        <time>2026-08-11T00:30:10.9900000+00:00</time>
      </trkpt>
      <trkpt lat="51.266037" lon="8.590233">
        <ele>789.35</ele>
        <time>2026-08-11T00:30:11.7780000+00:00</time>
      </trkpt>
      <trkpt lat="51.266046" lon="8.590282">
        <ele>788.99</ele>
        <time>2026-08-11T00:30:12.9030000+00:00</time>
      </trkpt>
      <trkpt lat="51.26606" lon="8.59034">
        <ele>788.62</ele>
        <time>2026-08-11T00:30:14.2710000+00:00</time>
      </trkpt>
      <trkpt lat="51.26608" lon="8.590405">
        <ele>788.17</ele>
        <time>2026-08-11T00:30:15.8650000+00:00</time>
      </trkpt>
      <trkpt lat="51.266102" lon="8.59046">
        <ele>787.86</ele>
        <time>2026-08-11T00:30:17.3020000+00:00</time>
      </trkpt>
      <trkpt lat="51.266124" lon="8.590501">
        <ele>787.72</ele>
        <time>2026-08-11T00:30:18.4910000+00:00</time>
      </trkpt>
      <trkpt lat="51.266146" lon="8.590544">
        <ele>787.53</ele>
        <time>2026-08-11T00:30:19.7130000+00:00</time>
      </trkpt>
      <trkpt lat="51.266169" lon="8.590592">
        <ele>787.29</ele>
        <time>2026-08-11T00:30:21.0440000+00:00</time>
      </trkpt>
      <trkpt lat="51.266192" lon="8.59063">
        <ele>787.17</ele>
        <time>2026-08-11T00:30:22.2080000+00:00</time>
      </trkpt>
      <trkpt lat="51.266214" lon="8.590659">
        <ele>787.14</ele>
        <time>2026-08-11T00:30:23.2110000+00:00</time>
      </trkpt>
      <trkpt lat="51.266235" lon="8.590684">
        <ele>787.14</ele>
        <time>2026-08-11T00:30:24.1320000+00:00</time>
      </trkpt>
      <trkpt lat="51.266252" lon="8.590707">
        <ele>787.1</ele>
        <time>2026-08-11T00:30:24.9160000+00:00</time>
      </trkpt>
      <trkpt lat="51.266273" lon="8.590738">
        <ele>787</ele>
        <time>2026-08-11T00:30:25.9210000+00:00</time>
      </trkpt>
      <trkpt lat="51.266295" lon="8.590772">
        <ele>786.87</ele>
        <time>2026-08-11T00:30:26.9980000+00:00</time>
      </trkpt>
      <trkpt lat="51.266314" lon="8.590796">
        <ele>786.82</ele>
        <time>2026-08-11T00:30:27.8510000+00:00</time>
      </trkpt>
      <trkpt lat="51.26633" lon="8.590825">
        <ele>786.65</ele>
        <time>2026-08-11T00:30:28.7030000+00:00</time>
      </trkpt>
      <trkpt lat="51.266341" lon="8.59086">
        <ele>786.3</ele>
        <time>2026-08-11T00:30:29.5650000+00:00</time>
      </trkpt>
      <trkpt lat="51.266353" lon="8.5909">
        <ele>785.89</ele>
        <time>2026-08-11T00:30:30.5410000+00:00</time>
      </trkpt>
      <trkpt lat="51.266372" lon="8.590943">
        <ele>785.53</ele>
        <time>2026-08-11T00:30:31.6990000+00:00</time>
      </trkpt>
      <trkpt lat="51.266393" lon="8.590986">
        <ele>785.18</ele>
        <time>2026-08-11T00:30:32.9000000+00:00</time>
      </trkpt>
      <trkpt lat="51.266415" lon="8.591023">
        <ele>784.93</ele>
        <time>2026-08-11T00:30:34.0230000+00:00</time>
      </trkpt>
      <trkpt lat="51.266435" lon="8.591055">
        <ele>784.72</ele>
        <time>2026-08-11T00:30:35.0190000+00:00</time>
      </trkpt>
      <trkpt lat="51.266454" lon="8.591088">
        <ele>784.52</ele>
        <time>2026-08-11T00:30:36.0060000+00:00</time>
      </trkpt>
      <trkpt lat="51.26647" lon="8.591125">
        <ele>784.25</ele>
        <time>2026-08-11T00:30:36.9960000+00:00</time>
      </trkpt>
      <trkpt lat="51.266485" lon="8.591167">
        <ele>783.89</ele>
        <time>2026-08-11T00:30:38.0600000+00:00</time>
      </trkpt>
      <trkpt lat="51.266501" lon="8.591215">
        <ele>783.36</ele>
        <time>2026-08-11T00:30:39.2570000+00:00</time>
      </trkpt>
      <trkpt lat="51.266526" lon="8.591252">
        <ele>783.21</ele>
        <time>2026-08-11T00:30:40.4560000+00:00</time>
      </trkpt>
      <trkpt lat="51.26655" lon="8.591278">
        <ele>783.25</ele>
        <time>2026-08-11T00:30:41.4760000+00:00</time>
      </trkpt>
      <trkpt lat="51.266573" lon="8.591303">
        <ele>783.29</ele>
        <time>2026-08-11T00:30:42.4540000+00:00</time>
      </trkpt>
      <trkpt lat="51.266592" lon="8.591331">
        <ele>783.2</ele>
        <time>2026-08-11T00:30:43.3630000+00:00</time>
      </trkpt>
      <trkpt lat="51.26661" lon="8.591362">
        <ele>783.06</ele>
        <time>2026-08-11T00:30:44.2940000+00:00</time>
      </trkpt>
      <trkpt lat="51.266631" lon="8.591397">
        <ele>782.92</ele>
        <time>2026-08-11T00:30:45.3610000+00:00</time>
      </trkpt>
      <trkpt lat="51.266659" lon="8.591437">
        <ele>782.87</ele>
        <time>2026-08-11T00:30:46.6820000+00:00</time>
      </trkpt>
      <trkpt lat="51.266689" lon="8.591485">
        <ele>782.75</ele>
        <time>2026-08-11T00:30:48.1760000+00:00</time>
      </trkpt>
      <trkpt lat="51.26671" lon="8.59153">
        <ele>782.5</ele>
        <time>2026-08-11T00:30:49.4110000+00:00</time>
      </trkpt>
      <trkpt lat="51.266719" lon="8.591577">
        <ele>781.97</ele>
        <time>2026-08-11T00:30:50.4930000+00:00</time>
      </trkpt>
      <trkpt lat="51.266718" lon="8.591623">
        <ele>781.23</ele>
        <time>2026-08-11T00:30:51.5070000+00:00</time>
      </trkpt>
      <trkpt lat="51.266712" lon="8.591672">
        <ele>780.32</ele>
        <time>2026-08-11T00:30:52.6050000+00:00</time>
      </trkpt>
      <trkpt lat="51.266712" lon="8.591722">
        <ele>779.53</ele>
        <time>2026-08-11T00:30:53.7060000+00:00</time>
      </trkpt>
      <trkpt lat="51.266722" lon="8.591773">
        <ele>778.98</ele>
        <time>2026-08-11T00:30:54.8820000+00:00</time>
      </trkpt>
      <trkpt lat="51.266739" lon="8.591819">
        <ele>778.68</ele>
        <time>2026-08-11T00:30:56.0590000+00:00</time>
      </trkpt>
      <trkpt lat="51.266765" lon="8.591848">
        <ele>778.88</ele>
        <time>2026-08-11T00:30:57.1750000+00:00</time>
      </trkpt>
      <trkpt lat="51.266791" lon="8.59187">
        <ele>779.2</ele>
        <time>2026-08-11T00:30:58.2100000+00:00</time>
      </trkpt>
      <trkpt lat="51.266815" lon="8.591892">
        <ele>779.48</ele>
        <time>2026-08-11T00:30:59.1830000+00:00</time>
      </trkpt>
      <trkpt lat="51.266829" lon="8.591921">
        <ele>779.41</ele>
        <time>2026-08-11T00:30:59.9890000+00:00</time>
      </trkpt>
      <trkpt lat="51.266844" lon="8.591948">
        <ele>779.41</ele>
        <time>2026-08-11T00:31:00.7840000+00:00</time>
      </trkpt>
      <trkpt lat="51.266863" lon="8.591976">
        <ele>779.5</ele>
        <time>2026-08-11T00:31:01.6930000+00:00</time>
      </trkpt>
      <trkpt lat="51.266883" lon="8.592">
        <ele>779.68</ele>
        <time>2026-08-11T00:31:02.5730000+00:00</time>
      </trkpt>
      <trkpt lat="51.266905" lon="8.592025">
        <ele>780.04</ele>
        <time>2026-08-11T00:31:03.5230000+00:00</time>
      </trkpt>
      <trkpt lat="51.266926" lon="8.592053">
        <ele>780.4</ele>
        <time>2026-08-11T00:31:04.4850000+00:00</time>
      </trkpt>
      <trkpt lat="51.266946" lon="8.592085">
        <ele>780.72</ele>
        <time>2026-08-11T00:31:05.4800000+00:00</time>
      </trkpt>
      <trkpt lat="51.266967" lon="8.592122">
        <ele>781.04</ele>
        <time>2026-08-11T00:31:06.5800000+00:00</time>
      </trkpt>
      <trkpt lat="51.266986" lon="8.592159">
        <ele>781.32</ele>
        <time>2026-08-11T00:31:07.6330000+00:00</time>
      </trkpt>
      <trkpt lat="51.267009" lon="8.592192">
        <ele>781.73</ele>
        <time>2026-08-11T00:31:08.7200000+00:00</time>
      </trkpt>
      <trkpt lat="51.267027" lon="8.592228">
        <ele>782</ele>
        <time>2026-08-11T00:31:09.7340000+00:00</time>
      </trkpt>
      <trkpt lat="51.26704" lon="8.592272">
        <ele>782.09</ele>
        <time>2026-08-11T00:31:10.8060000+00:00</time>
      </trkpt>
      <trkpt lat="51.267046" lon="8.592322">
        <ele>781.95</ele>
        <time>2026-08-11T00:31:11.9260000+00:00</time>
      </trkpt>
      <trkpt lat="51.267052" lon="8.592371">
        <ele>781.82</ele>
        <time>2026-08-11T00:31:13.0260000+00:00</time>
      </trkpt>
      <trkpt lat="51.267061" lon="8.592419">
        <ele>781.79</ele>
        <time>2026-08-11T00:31:14.1290000+00:00</time>
      </trkpt>
      <trkpt lat="51.267071" lon="8.592483">
        <ele>781.69</ele>
        <time>2026-08-11T00:31:15.5810000+00:00</time>
      </trkpt>
      <trkpt lat="51.26709" lon="8.592536">
        <ele>781.94</ele>
        <time>2026-08-11T00:31:16.9260000+00:00</time>
      </trkpt>
      <trkpt lat="51.267106" lon="8.592579">
        <ele>782.16</ele>
        <time>2026-08-11T00:31:18.0270000+00:00</time>
      </trkpt>
      <trkpt lat="51.267133" lon="8.592614">
        <ele>782.76</ele>
        <time>2026-08-11T00:31:19.2500000+00:00</time>
      </trkpt>
      <trkpt lat="51.267172" lon="8.592649">
        <ele>783.74</ele>
        <time>2026-08-11T00:31:20.8230000+00:00</time>
      </trkpt>
      <trkpt lat="51.267202" lon="8.592673">
        <ele>784.52</ele>
        <time>2026-08-11T00:31:22.0040000+00:00</time>
      </trkpt>
      <trkpt lat="51.267235" lon="8.592698">
        <ele>785.39</ele>
        <time>2026-08-11T00:31:23.2890000+00:00</time>
      </trkpt>
      <trkpt lat="51.267262" lon="8.592727">
        <ele>786.07</ele>
        <time>2026-08-11T00:31:24.4330000+00:00</time>
      </trkpt>
      <trkpt lat="51.26729" lon="8.592751">
        <ele>786.84</ele>
        <time>2026-08-11T00:31:25.5510000+00:00</time>
      </trkpt>
      <trkpt lat="51.267323" lon="8.59278">
        <ele>787.76</ele>
        <time>2026-08-11T00:31:26.8760000+00:00</time>
      </trkpt>
      <trkpt lat="51.267355" lon="8.592803">
        <ele>788.69</ele>
        <time>2026-08-11T00:31:28.1100000+00:00</time>
      </trkpt>
      <trkpt lat="51.26738" lon="8.592817">
        <ele>789.44</ele>
        <time>2026-08-11T00:31:29.0430000+00:00</time>
      </trkpt>
      <trkpt lat="51.267408" lon="8.592839">
        <ele>790.24</ele>
        <time>2026-08-11T00:31:30.1410000+00:00</time>
      </trkpt>
      <trkpt lat="51.267432" lon="8.592873">
        <ele>790.87</ele>
        <time>2026-08-11T00:31:31.2690000+00:00</time>
      </trkpt>
      <trkpt lat="51.267449" lon="8.592905">
        <ele>791.28</ele>
        <time>2026-08-11T00:31:32.1930000+00:00</time>
      </trkpt>
      <trkpt lat="51.267465" lon="8.592946">
        <ele>791.62</ele>
        <time>2026-08-11T00:31:33.2570000+00:00</time>
      </trkpt>
      <trkpt lat="51.26748" lon="8.592985">
        <ele>791.92</ele>
        <time>2026-08-11T00:31:34.2640000+00:00</time>
      </trkpt>
      <trkpt lat="51.267487" lon="8.593019">
        <ele>791.99</ele>
        <time>2026-08-11T00:31:35.0520000+00:00</time>
      </trkpt>
      <trkpt lat="51.267491" lon="8.59306">
        <ele>791.93</ele>
        <time>2026-08-11T00:31:35.9650000+00:00</time>
      </trkpt>
      <trkpt lat="51.267492" lon="8.593097">
        <ele>791.8</ele>
        <time>2026-08-11T00:31:36.7800000+00:00</time>
      </trkpt>
      <trkpt lat="51.267486" lon="8.593152">
        <ele>791.36</ele>
        <time>2026-08-11T00:31:38.0090000+00:00</time>
      </trkpt>
      <trkpt lat="51.26749" lon="8.593209">
        <ele>791.23</ele>
        <time>2026-08-11T00:31:39.2710000+00:00</time>
      </trkpt>
      <trkpt lat="51.267503" lon="8.593264">
        <ele>791.37</ele>
        <time>2026-08-11T00:31:40.5650000+00:00</time>
      </trkpt>
      <trkpt lat="51.267522" lon="8.593318">
        <ele>791.7</ele>
        <time>2026-08-11T00:31:41.9290000+00:00</time>
      </trkpt>
      <trkpt lat="51.267544" lon="8.593359">
        <ele>792.18</ele>
        <time>2026-08-11T00:31:43.1180000+00:00</time>
      </trkpt>
      <trkpt lat="51.267561" lon="8.593392">
        <ele>792.53</ele>
        <time>2026-08-11T00:31:44.0590000+00:00</time>
      </trkpt>
      <trkpt lat="51.26757" lon="8.593424">
        <ele>792.65</ele>
        <time>2026-08-11T00:31:44.8310000+00:00</time>
      </trkpt>
      <trkpt lat="51.267575" lon="8.59345">
        <ele>792.67</ele>
        <time>2026-08-11T00:31:45.4310000+00:00</time>
      </trkpt>
      <trkpt lat="51.267572" lon="8.593472">
        <ele>792.47</ele>
        <time>2026-08-11T00:31:45.9270000+00:00</time>
      </trkpt>
      <trkpt lat="51.267569" lon="8.593497">
        <ele>792.26</ele>
        <time>2026-08-11T00:31:46.4870000+00:00</time>
      </trkpt>
      <trkpt lat="51.267565" lon="8.593543">
        <ele>791.92</ele>
        <time>2026-08-11T00:31:47.5090000+00:00</time>
      </trkpt>
      <trkpt lat="51.267565" lon="8.593597">
        <ele>791.66</ele>
        <time>2026-08-11T00:31:48.6980000+00:00</time>
      </trkpt>
      <trkpt lat="51.267572" lon="8.593651">
        <ele>791.6</ele>
        <time>2026-08-11T00:31:49.9110000+00:00</time>
      </trkpt>
      <trkpt lat="51.267583" lon="8.593702">
        <ele>791.54</ele>
        <time>2026-08-11T00:31:51.0990000+00:00</time>
      </trkpt>
      <trkpt lat="51.267596" lon="8.593741">
        <ele>791.56</ele>
        <time>2026-08-11T00:31:52.0720000+00:00</time>
      </trkpt>
      <trkpt lat="51.267605" lon="8.593786">
        <ele>791.4</ele>
        <time>2026-08-11T00:31:53.1120000+00:00</time>
      </trkpt>
      <trkpt lat="51.267607" lon="8.593821">
        <ele>791.14</ele>
        <time>2026-08-11T00:31:53.8860000+00:00</time>
      </trkpt>
      <trkpt lat="51.267608" lon="8.593857">
        <ele>790.84</ele>
        <time>2026-08-11T00:31:54.6790000+00:00</time>
      </trkpt>
      <trkpt lat="51.267605" lon="8.593899">
        <ele>790.37</ele>
        <time>2026-08-11T00:31:55.6100000+00:00</time>
      </trkpt>
      <trkpt lat="51.267599" lon="8.593945">
        <ele>789.78</ele>
        <time>2026-08-11T00:31:56.6440000+00:00</time>
      </trkpt>
      <trkpt lat="51.267595" lon="8.593993">
        <ele>789.22</ele>
        <time>2026-08-11T00:31:57.7100000+00:00</time>
      </trkpt>
      <trkpt lat="51.267595" lon="8.594037">
        <ele>788.82</ele>
        <time>2026-08-11T00:31:58.6790000+00:00</time>
      </trkpt>
      <trkpt lat="51.267597" lon="8.594066">
        <ele>788.61</ele>
        <time>2026-08-11T00:31:59.3220000+00:00</time>
      </trkpt>
      <trkpt lat="51.267601" lon="8.594094">
        <ele>788.47</ele>
        <time>2026-08-11T00:31:59.9540000+00:00</time>
      </trkpt>
      <trkpt lat="51.267604" lon="8.594126">
        <ele>788.27</ele>
        <time>2026-08-11T00:32:00.6660000+00:00</time>
      </trkpt>
      <trkpt lat="51.267604" lon="8.594157">
        <ele>787.99</ele>
        <time>2026-08-11T00:32:01.3480000+00:00</time>
      </trkpt>
      <trkpt lat="51.267604" lon="8.594188">
        <ele>787.7</ele>
        <time>2026-08-11T00:32:02.0310000+00:00</time>
      </trkpt>
      <trkpt lat="51.267605" lon="8.594224">
        <ele>787.4</ele>
        <time>2026-08-11T00:32:02.8240000+00:00</time>
      </trkpt>
      <trkpt lat="51.267609" lon="8.594262">
        <ele>787.17</ele>
        <time>2026-08-11T00:32:03.6720000+00:00</time>
      </trkpt>
      <trkpt lat="51.267622" lon="8.594292">
        <ele>787.29</ele>
        <time>2026-08-11T00:32:04.4740000+00:00</time>
      </trkpt>
      <trkpt lat="51.26763" lon="8.594321">
        <ele>787.26</ele>
        <time>2026-08-11T00:32:05.1720000+00:00</time>
      </trkpt>
      <trkpt lat="51.267636" lon="8.594355">
        <ele>787.13</ele>
        <time>2026-08-11T00:32:05.9500000+00:00</time>
      </trkpt>
      <trkpt lat="51.267637" lon="8.594401">
        <ele>786.74</ele>
        <time>2026-08-11T00:32:06.9630000+00:00</time>
      </trkpt>
      <trkpt lat="51.267648" lon="8.594448">
        <ele>786.64</ele>
        <time>2026-08-11T00:32:08.0680000+00:00</time>
      </trkpt>
      <trkpt lat="51.267667" lon="8.594498">
        <ele>786.76</ele>
        <time>2026-08-11T00:32:09.3550000+00:00</time>
      </trkpt>
      <trkpt lat="51.267679" lon="8.59454">
        <ele>786.62</ele>
        <time>2026-08-11T00:32:10.3710000+00:00</time>
      </trkpt>
      <trkpt lat="51.267688" lon="8.594589">
        <ele>786.27</ele>
        <time>2026-08-11T00:32:11.4950000+00:00</time>
      </trkpt>
      <trkpt lat="51.2677" lon="8.594639">
        <ele>786</ele>
        <time>2026-08-11T00:32:12.6740000+00:00</time>
      </trkpt>
      <trkpt lat="51.267713" lon="8.594681">
        <ele>785.85</ele>
        <time>2026-08-11T00:32:13.7060000+00:00</time>
      </trkpt>
      <trkpt lat="51.267721" lon="8.59472">
        <ele>785.6</ele>
        <time>2026-08-11T00:32:14.6090000+00:00</time>
      </trkpt>
      <trkpt lat="51.267722" lon="8.59477">
        <ele>785</ele>
        <time>2026-08-11T00:32:15.7100000+00:00</time>
      </trkpt>
      <trkpt lat="51.267726" lon="8.594803">
        <ele>784.7</ele>
        <time>2026-08-11T00:32:16.4500000+00:00</time>
      </trkpt>
      <trkpt lat="51.267733" lon="8.594829">
        <ele>784.57</ele>
        <time>2026-08-11T00:32:17.0730000+00:00</time>
      </trkpt>
      <trkpt lat="51.26774" lon="8.594851">
        <ele>784.5</ele>
        <time>2026-08-11T00:32:17.6170000+00:00</time>
      </trkpt>
      <trkpt lat="51.267758" lon="8.594869">
        <ele>784.8</ele>
        <time>2026-08-11T00:32:18.3640000+00:00</time>
      </trkpt>
      <trkpt lat="51.267785" lon="8.594894">
        <ele>785.28</ele>
        <time>2026-08-11T00:32:19.4620000+00:00</time>
      </trkpt>
      <trkpt lat="51.267809" lon="8.59492">
        <ele>785.66</ele>
        <time>2026-08-11T00:32:20.4810000+00:00</time>
      </trkpt>
      <trkpt lat="51.26783" lon="8.594948">
        <ele>785.92</ele>
        <time>2026-08-11T00:32:21.4430000+00:00</time>
      </trkpt>
      <trkpt lat="51.26784" lon="8.594963">
        <ele>786.02</ele>
        <time>2026-08-11T00:32:21.9260000+00:00</time>
      </trkpt>
      <trkpt lat="51.267847" lon="8.594983">
        <ele>785.97</ele>
        <time>2026-08-11T00:32:22.4300000+00:00</time>
      </trkpt>
      <trkpt lat="51.267858" lon="8.595014">
        <ele>785.89</ele>
        <time>2026-08-11T00:32:23.2150000+00:00</time>
      </trkpt>
      <trkpt lat="51.267861" lon="8.595038">
        <ele>785.67</ele>
        <time>2026-08-11T00:32:23.7540000+00:00</time>
      </trkpt>
      <trkpt lat="51.267863" lon="8.595053">
        <ele>785.54</ele>
        <time>2026-08-11T00:32:24.0910000+00:00</time>
      </trkpt>
      <trkpt lat="51.26787" lon="8.595072">
        <ele>785.5</ele>
        <time>2026-08-11T00:32:24.5760000+00:00</time>
      </trkpt>
      <trkpt lat="51.267878" lon="8.595088">
        <ele>785.52</ele>
        <time>2026-08-11T00:32:25.0270000+00:00</time>
      </trkpt>
      <trkpt lat="51.267886" lon="8.595102">
        <ele>785.58</ele>
        <time>2026-08-11T00:32:25.4450000+00:00</time>
      </trkpt>
      <trkpt lat="51.267899" lon="8.59513">
        <ele>785.6</ele>
        <time>2026-08-11T00:32:26.2130000+00:00</time>
      </trkpt>
      <trkpt lat="51.267909" lon="8.595151">
        <ele>785.62</ele>
        <time>2026-08-11T00:32:26.7950000+00:00</time>
      </trkpt>
      <trkpt lat="51.267916" lon="8.595181">
        <ele>785.43</ele>
        <time>2026-08-11T00:32:27.5000000+00:00</time>
      </trkpt>
      <trkpt lat="51.26792" lon="8.595207">
        <ele>785.21</ele>
        <time>2026-08-11T00:32:28.0900000+00:00</time>
      </trkpt>
      <trkpt lat="51.267927" lon="8.595235">
        <ele>785.05</ele>
        <time>2026-08-11T00:32:28.7540000+00:00</time>
      </trkpt>
      <trkpt lat="51.267933" lon="8.595261">
        <ele>784.89</ele>
        <time>2026-08-11T00:32:29.3630000+00:00</time>
      </trkpt>
      <trkpt lat="51.26794" lon="8.595285">
        <ele>784.78</ele>
        <time>2026-08-11T00:32:29.9470000+00:00</time>
      </trkpt>
      <trkpt lat="51.267946" lon="8.595304">
        <ele>784.71</ele>
        <time>2026-08-11T00:32:30.4170000+00:00</time>
      </trkpt>
      <trkpt lat="51.267951" lon="8.595338">
        <ele>784.41</ele>
        <time>2026-08-11T00:32:31.1850000+00:00</time>
      </trkpt>
      <trkpt lat="51.267955" lon="8.595362">
        <ele>784.15</ele>
        <time>2026-08-11T00:32:31.7320000+00:00</time>
      </trkpt>
      <trkpt lat="51.26796" lon="8.595383">
        <ele>783.96</ele>
        <time>2026-08-11T00:32:32.2260000+00:00</time>
      </trkpt>
      <trkpt lat="51.267966" lon="8.5954">
        <ele>783.86</ele>
        <time>2026-08-11T00:32:32.6550000+00:00</time>
      </trkpt>
      <trkpt lat="51.267973" lon="8.595419">
        <ele>783.76</ele>
        <time>2026-08-11T00:32:33.1390000+00:00</time>
      </trkpt>
      <trkpt lat="51.267977" lon="8.595437">
        <ele>783.59</ele>
        <time>2026-08-11T00:32:33.5600000+00:00</time>
      </trkpt>
      <trkpt lat="51.267981" lon="8.595455">
        <ele>783.41</ele>
        <time>2026-08-11T00:32:33.9800000+00:00</time>
      </trkpt>
      <trkpt lat="51.267985" lon="8.595473">
        <ele>783.24</ele>
        <time>2026-08-11T00:32:34.4010000+00:00</time>
      </trkpt>
      <trkpt lat="51.267991" lon="8.595492">
        <ele>783.1</ele>
        <time>2026-08-11T00:32:34.8700000+00:00</time>
      </trkpt>
      <trkpt lat="51.268002" lon="8.595509">
        <ele>783.14</ele>
        <time>2026-08-11T00:32:35.4080000+00:00</time>
      </trkpt>
      <trkpt lat="51.268023" lon="8.595547">
        <ele>783.1</ele>
        <time>2026-08-11T00:32:36.5240000+00:00</time>
      </trkpt>
      <trkpt lat="51.268043" lon="8.595582">
        <ele>783.07</ele>
        <time>2026-08-11T00:32:37.5670000+00:00</time>
      </trkpt>
      <trkpt lat="51.268064" lon="8.595618">
        <ele>783.05</ele>
        <time>2026-08-11T00:32:38.6510000+00:00</time>
      </trkpt>
      <trkpt lat="51.26808" lon="8.595656">
        <ele>782.85</ele>
        <time>2026-08-11T00:32:39.6600000+00:00</time>
      </trkpt>
      <trkpt lat="51.268095" lon="8.595699">
        <ele>782.53</ele>
        <time>2026-08-11T00:32:40.7430000+00:00</time>
      </trkpt>
      <trkpt lat="51.26811" lon="8.595748">
        <ele>782.09</ele>
        <time>2026-08-11T00:32:41.9440000+00:00</time>
      </trkpt>
      <trkpt lat="51.268131" lon="8.5958">
        <ele>781.64</ele>
        <time>2026-08-11T00:32:43.3060000+00:00</time>
      </trkpt>
      <trkpt lat="51.268155" lon="8.595837">
        <ele>781.51</ele>
        <time>2026-08-11T00:32:44.4790000+00:00</time>
      </trkpt>
      <trkpt lat="51.26818" lon="8.595863">
        <ele>781.58</ele>
        <time>2026-08-11T00:32:45.5280000+00:00</time>
      </trkpt>
      <trkpt lat="51.268207" lon="8.595882">
        <ele>781.82</ele>
        <time>2026-08-11T00:32:46.5660000+00:00</time>
      </trkpt>
      <trkpt lat="51.268235" lon="8.595897">
        <ele>782.14</ele>
        <time>2026-08-11T00:32:47.6050000+00:00</time>
      </trkpt>
      <trkpt lat="51.268249" lon="8.595906">
        <ele>782.28</ele>
        <time>2026-08-11T00:32:48.1350000+00:00</time>
      </trkpt>
      <trkpt lat="51.268262" lon="8.59592">
        <ele>782.32</ele>
        <time>2026-08-11T00:32:48.6870000+00:00</time>
      </trkpt>
      <trkpt lat="51.268273" lon="8.595938">
        <ele>782.26</ele>
        <time>2026-08-11T00:32:49.2410000+00:00</time>
      </trkpt>
      <trkpt lat="51.268279" lon="8.595974">
        <ele>781.81</ele>
        <time>2026-08-11T00:32:50.0600000+00:00</time>
      </trkpt>
      <trkpt lat="51.268283" lon="8.595999">
        <ele>781.49</ele>
        <time>2026-08-11T00:32:50.6280000+00:00</time>
      </trkpt>
      <trkpt lat="51.268292" lon="8.596014">
        <ele>781.43</ele>
        <time>2026-08-11T00:32:51.0850000+00:00</time>
      </trkpt>
      <trkpt lat="51.268311" lon="8.59605">
        <ele>781.26</ele>
        <time>2026-08-11T00:32:52.1220000+00:00</time>
      </trkpt>
      <trkpt lat="51.268339" lon="8.596096">
        <ele>781.12</ele>
        <time>2026-08-11T00:32:53.5350000+00:00</time>
      </trkpt>
      <trkpt lat="51.268366" lon="8.596112">
        <ele>781.44</ele>
        <time>2026-08-11T00:32:54.5480000+00:00</time>
      </trkpt>
      <trkpt lat="51.268387" lon="8.596125">
        <ele>781.69</ele>
        <time>2026-08-11T00:32:55.3400000+00:00</time>
      </trkpt>
      <trkpt lat="51.268412" lon="8.596149">
        <ele>781.85</ele>
        <time>2026-08-11T00:32:56.3670000+00:00</time>
      </trkpt>
      <trkpt lat="51.268435" lon="8.59617">
        <ele>782.03</ele>
        <time>2026-08-11T00:32:57.2980000+00:00</time>
      </trkpt>
      <trkpt lat="51.26845" lon="8.5962">
        <ele>781.9</ele>
        <time>2026-08-11T00:32:58.1430000+00:00</time>
      </trkpt>
      <trkpt lat="51.268459" lon="8.596234">
        <ele>781.6</ele>
        <time>2026-08-11T00:32:58.9560000+00:00</time>
      </trkpt>
      <trkpt lat="51.268464" lon="8.596277">
        <ele>781.07</ele>
        <time>2026-08-11T00:32:59.9190000+00:00</time>
      </trkpt>
      <trkpt lat="51.268477" lon="8.596329">
        <ele>780.6</ele>
        <time>2026-08-11T00:33:01.1510000+00:00</time>
      </trkpt>
      <trkpt lat="51.2685" lon="8.596371">
        <ele>780.5</ele>
        <time>2026-08-11T00:33:02.3800000+00:00</time>
      </trkpt>
      <trkpt lat="51.26852" lon="8.59639">
        <ele>780.68</ele>
        <time>2026-08-11T00:33:03.1990000+00:00</time>
      </trkpt>
      <trkpt lat="51.268534" lon="8.596407">
        <ele>780.76</ele>
        <time>2026-08-11T00:33:03.8180000+00:00</time>
      </trkpt>
      <trkpt lat="51.268549" lon="8.596432">
        <ele>780.75</ele>
        <time>2026-08-11T00:33:04.5810000+00:00</time>
      </trkpt>
      <trkpt lat="51.268562" lon="8.596471">
        <ele>780.5</ele>
        <time>2026-08-11T00:33:05.5540000+00:00</time>
      </trkpt>
      <trkpt lat="51.268576" lon="8.596528">
        <ele>780.02</ele>
        <time>2026-08-11T00:33:06.9010000+00:00</time>
      </trkpt>
      <trkpt lat="51.268599" lon="8.59658">
        <ele>779.83</ele>
        <time>2026-08-11T00:33:08.3030000+00:00</time>
      </trkpt>
      <trkpt lat="51.268625" lon="8.596625">
        <ele>779.84</ele>
        <time>2026-08-11T00:33:09.6510000+00:00</time>
      </trkpt>
      <trkpt lat="51.268646" lon="8.596655">
        <ele>779.93</ele>
        <time>2026-08-11T00:33:10.6420000+00:00</time>
      </trkpt>
      <trkpt lat="51.268661" lon="8.596692">
        <ele>779.79</ele>
        <time>2026-08-11T00:33:11.6120000+00:00</time>
      </trkpt>
      <trkpt lat="51.268669" lon="8.596727">
        <ele>779.52</ele>
        <time>2026-08-11T00:33:12.4330000+00:00</time>
      </trkpt>
      <trkpt lat="51.268676" lon="8.596768">
        <ele>779.13</ele>
        <time>2026-08-11T00:33:13.3680000+00:00</time>
      </trkpt>
      <trkpt lat="51.26868" lon="8.596792">
        <ele>778.91</ele>
        <time>2026-08-11T00:33:13.9150000+00:00</time>
      </trkpt>
      <trkpt lat="51.268687" lon="8.59681">
        <ele>778.84</ele>
        <time>2026-08-11T00:33:14.3810000+00:00</time>
      </trkpt>
      <trkpt lat="51.268699" lon="8.596834">
        <ele>778.83</ele>
        <time>2026-08-11T00:33:15.0570000+00:00</time>
      </trkpt>
      <trkpt lat="51.268715" lon="8.59687">
        <ele>778.75</ele>
        <time>2026-08-11T00:33:16.0290000+00:00</time>
      </trkpt>
      <trkpt lat="51.268736" lon="8.596916">
        <ele>778.68</ele>
        <time>2026-08-11T00:33:17.2830000+00:00</time>
      </trkpt>
      <trkpt lat="51.268754" lon="8.596975">
        <ele>778.38</ele>
        <time>2026-08-11T00:33:18.7270000+00:00</time>
      </trkpt>
      <trkpt lat="51.268778" lon="8.597027">
        <ele>778.31</ele>
        <time>2026-08-11T00:33:20.1500000+00:00</time>
      </trkpt>
      <trkpt lat="51.268801" lon="8.597058">
        <ele>778.48</ele>
        <time>2026-08-11T00:33:21.2080000+00:00</time>
      </trkpt>
      <trkpt lat="51.268821" lon="8.59708">
        <ele>778.7</ele>
        <time>2026-08-11T00:33:22.0620000+00:00</time>
      </trkpt>
      <trkpt lat="51.268842" lon="8.597113">
        <ele>778.78</ele>
        <time>2026-08-11T00:33:23.0980000+00:00</time>
      </trkpt>
      <trkpt lat="51.268863" lon="8.597156">
        <ele>778.72</ele>
        <time>2026-08-11T00:33:24.2990000+00:00</time>
      </trkpt>
      <trkpt lat="51.268887" lon="8.597208">
        <ele>778.6</ele>
        <time>2026-08-11T00:33:25.7210000+00:00</time>
      </trkpt>
      <trkpt lat="51.268911" lon="8.597245">
        <ele>778.69</ele>
        <time>2026-08-11T00:33:26.8940000+00:00</time>
      </trkpt>
      <trkpt lat="51.268932" lon="8.597276">
        <ele>778.79</ele>
        <time>2026-08-11T00:33:27.9000000+00:00</time>
      </trkpt>
      <trkpt lat="51.268954" lon="8.59731">
        <ele>778.82</ele>
        <time>2026-08-11T00:33:28.9770000+00:00</time>
      </trkpt>
      <trkpt lat="51.268973" lon="8.597344">
        <ele>778.75</ele>
        <time>2026-08-11T00:33:29.9810000+00:00</time>
      </trkpt>
      <trkpt lat="51.268991" lon="8.597376">
        <ele>778.7</ele>
        <time>2026-08-11T00:33:30.9280000+00:00</time>
      </trkpt>
      <trkpt lat="51.269008" lon="8.597409">
        <ele>778.63</ele>
        <time>2026-08-11T00:33:31.8680000+00:00</time>
      </trkpt>
      <trkpt lat="51.269023" lon="8.597447">
        <ele>778.45</ele>
        <time>2026-08-11T00:33:32.8570000+00:00</time>
      </trkpt>
      <trkpt lat="51.269042" lon="8.597496">
        <ele>778.22</ele>
        <time>2026-08-11T00:33:34.1260000+00:00</time>
      </trkpt>
      <trkpt lat="51.269069" lon="8.59754">
        <ele>778.27</ele>
        <time>2026-08-11T00:33:35.4820000+00:00</time>
      </trkpt>
      <trkpt lat="51.269097" lon="8.597582">
        <ele>778.39</ele>
        <time>2026-08-11T00:33:36.8340000+00:00</time>
      </trkpt>
      <trkpt lat="51.269123" lon="8.597624">
        <ele>778.48</ele>
        <time>2026-08-11T00:33:38.1350000+00:00</time>
      </trkpt>
      <trkpt lat="51.269149" lon="8.597667">
        <ele>778.58</ele>
        <time>2026-08-11T00:33:39.4510000+00:00</time>
      </trkpt>
      <trkpt lat="51.269179" lon="8.597708">
        <ele>778.82</ele>
        <time>2026-08-11T00:33:40.8390000+00:00</time>
      </trkpt>
      <trkpt lat="51.269209" lon="8.597744">
        <ele>779.14</ele>
        <time>2026-08-11T00:33:42.1590000+00:00</time>
      </trkpt>
      <trkpt lat="51.269236" lon="8.597772">
        <ele>779.5</ele>
        <time>2026-08-11T00:33:43.2910000+00:00</time>
      </trkpt>
      <trkpt lat="51.269263" lon="8.597792">
        <ele>779.97</ele>
        <time>2026-08-11T00:33:44.3380000+00:00</time>
      </trkpt>
      <trkpt lat="51.269287" lon="8.597815">
        <ele>780.33</ele>
        <time>2026-08-11T00:33:45.3220000+00:00</time>
      </trkpt>
      <trkpt lat="51.269311" lon="8.597839">
        <ele>780.7</ele>
        <time>2026-08-11T00:33:46.3180000+00:00</time>
      </trkpt>
      <trkpt lat="51.269331" lon="8.597858">
        <ele>781.08</ele>
        <time>2026-08-11T00:33:47.1370000+00:00</time>
      </trkpt>
      <trkpt lat="51.269346" lon="8.597872">
        <ele>781.37</ele>
        <time>2026-08-11T00:33:47.7480000+00:00</time>
      </trkpt>
      <trkpt lat="51.269354" lon="8.597887">
        <ele>781.47</ele>
        <time>2026-08-11T00:33:48.1810000+00:00</time>
      </trkpt>
      <trkpt lat="51.269365" lon="8.597905">
        <ele>781.62</ele>
        <time>2026-08-11T00:33:48.7350000+00:00</time>
      </trkpt>
      <trkpt lat="51.269372" lon="8.597926">
        <ele>781.64</ele>
        <time>2026-08-11T00:33:49.2590000+00:00</time>
      </trkpt>
      <trkpt lat="51.269374" lon="8.597947">
        <ele>781.53</ele>
        <time>2026-08-11T00:33:49.7260000+00:00</time>
      </trkpt>
      <trkpt lat="51.269374" lon="8.597965">
        <ele>781.39</ele>
        <time>2026-08-11T00:33:50.1230000+00:00</time>
      </trkpt>
      <trkpt lat="51.269373" lon="8.597982">
        <ele>781.24</ele>
        <time>2026-08-11T00:33:50.4980000+00:00</time>
      </trkpt>
      <trkpt lat="51.269371" lon="8.598001">
        <ele>781.03</ele>
        <time>2026-08-11T00:33:50.9220000+00:00</time>
      </trkpt>
      <trkpt lat="51.269369" lon="8.598021">
        <ele>780.82</ele>
        <time>2026-08-11T00:33:51.3680000+00:00</time>
      </trkpt>
      <trkpt lat="51.269366" lon="8.598047">
        <ele>780.54</ele>
        <time>2026-08-11T00:33:51.9500000+00:00</time>
      </trkpt>
      <trkpt lat="51.269364" lon="8.598065">
        <ele>780.35</ele>
        <time>2026-08-11T00:33:52.3530000+00:00</time>
      </trkpt>
      <trkpt lat="51.269363" lon="8.59808">
        <ele>780.2</ele>
        <time>2026-08-11T00:33:52.6860000+00:00</time>
      </trkpt>
      <trkpt lat="51.269362" lon="8.598095">
        <ele>780.06</ele>
        <time>2026-08-11T00:33:53.0180000+00:00</time>
      </trkpt>
      <trkpt lat="51.26936" lon="8.598115">
        <ele>779.85</ele>
        <time>2026-08-11T00:33:53.4630000+00:00</time>
      </trkpt>
      <trkpt lat="51.269362" lon="8.598168">
        <ele>779.49</ele>
        <time>2026-08-11T00:33:54.6320000+00:00</time>
      </trkpt>
      <trkpt lat="51.269568" lon="8.598625">
        <ele>782.07</ele>
        <time>2026-08-11T00:34:07.0290000+00:00</time>
      </trkpt>
      <trkpt lat="51.269614" lon="8.598771">
        <ele>782.66</ele>
        <time>2026-08-11T00:34:10.6270000+00:00</time>
      </trkpt>
      <trkpt lat="51.269632" lon="8.598882">
        <ele>782.67</ele>
        <time>2026-08-11T00:34:13.1510000+00:00</time>
      </trkpt>
      <trkpt lat="51.269659" lon="8.59922">
        <ele>781.86</ele>
        <time>2026-08-11T00:34:20.6510000+00:00</time>
      </trkpt>
      <trkpt lat="51.269693" lon="8.599463">
        <ele>781.71</ele>
        <time>2026-08-11T00:34:26.1320000+00:00</time>
      </trkpt>
      <trkpt lat="51.26974" lon="8.599702">
        <ele>782</ele>
        <time>2026-08-11T00:34:31.6460000+00:00</time>
      </trkpt>
      <trkpt lat="51.269915" lon="8.600467">
        <ele>782.11</ele>
        <time>2026-08-11T00:34:49.5740000+00:00</time>
      </trkpt>
      <trkpt lat="51.270084" lon="8.60099">
        <ele>782.53</ele>
        <time>2026-08-11T00:35:02.5290000+00:00</time>
      </trkpt>
      <trkpt lat="51.270298" lon="8.601594">
        <ele>783.79</ele>
        <time>2026-08-11T00:35:17.8070000+00:00</time>
      </trkpt>
      <trkpt lat="51.270394" lon="8.60211">
        <ele>782.94</ele>
        <time>2026-08-11T00:35:29.6560000+00:00</time>
      </trkpt>
      <trkpt lat="51.270407" lon="8.602227">
        <ele>782.56</ele>
        <time>2026-08-11T00:35:32.2710000+00:00</time>
      </trkpt>
      <trkpt lat="51.27044" lon="8.602303">
        <ele>782.94</ele>
        <time>2026-08-11T00:35:34.3070000+00:00</time>
      </trkpt>
      <trkpt lat="51.270446" lon="8.602313">
        <ele>783.03</ele>
        <time>2026-08-11T00:35:34.6110000+00:00</time>
      </trkpt>
      <trkpt lat="51.270454" lon="8.60233">
        <ele>783.13</ele>
        <time>2026-08-11T00:35:35.0780000+00:00</time>
      </trkpt>
      <trkpt lat="51.270463" lon="8.602354">
        <ele>783.21</ele>
        <time>2026-08-11T00:35:35.6930000+00:00</time>
      </trkpt>
      <trkpt lat="51.270474" lon="8.602382">
        <ele>783.32</ele>
        <time>2026-08-11T00:35:36.4210000+00:00</time>
      </trkpt>
      <trkpt lat="51.270484" lon="8.602409">
        <ele>783.41</ele>
        <time>2026-08-11T00:35:37.1130000+00:00</time>
      </trkpt>
      <trkpt lat="51.270494" lon="8.602436">
        <ele>783.5</ele>
        <time>2026-08-11T00:35:37.8030000+00:00</time>
      </trkpt>
      <trkpt lat="51.270499" lon="8.602458">
        <ele>783.49</ele>
        <time>2026-08-11T00:35:38.3180000+00:00</time>
      </trkpt>
      <trkpt lat="51.270503" lon="8.602472">
        <ele>783.51</ele>
        <time>2026-08-11T00:35:38.6580000+00:00</time>
      </trkpt>
      <trkpt lat="51.270506" lon="8.602487">
        <ele>783.5</ele>
        <time>2026-08-11T00:35:39.0060000+00:00</time>
      </trkpt>
      <trkpt lat="51.270508" lon="8.602496">
        <ele>783.49</ele>
        <time>2026-08-11T00:35:39.2160000+00:00</time>
      </trkpt>
      <trkpt lat="51.27051" lon="8.602507">
        <ele>783.48</ele>
        <time>2026-08-11T00:35:39.4670000+00:00</time>
      </trkpt>
      <trkpt lat="51.270514" lon="8.602521">
        <ele>783.49</ele>
        <time>2026-08-11T00:35:39.8070000+00:00</time>
      </trkpt>
      <trkpt lat="51.270516" lon="8.602531">
        <ele>783.49</ele>
        <time>2026-08-11T00:35:40.0380000+00:00</time>
      </trkpt>
      <trkpt lat="51.27052" lon="8.602543">
        <ele>783.51</ele>
        <time>2026-08-11T00:35:40.3370000+00:00</time>
      </trkpt>
      <trkpt lat="51.270523" lon="8.602554">
        <ele>783.52</ele>
        <time>2026-08-11T00:35:40.6020000+00:00</time>
      </trkpt>
      <trkpt lat="51.270528" lon="8.60256">
        <ele>783.61</ele>
        <time>2026-08-11T00:35:40.8210000+00:00</time>
      </trkpt>
      <trkpt lat="51.270531" lon="8.602563">
        <ele>783.67</ele>
        <time>2026-08-11T00:35:40.9410000+00:00</time>
      </trkpt>
      <trkpt lat="51.270534" lon="8.602565">
        <ele>783.74</ele>
        <time>2026-08-11T00:35:41.0530000+00:00</time>
      </trkpt>
      <trkpt lat="51.270539" lon="8.602563">
        <ele>783.87</ele>
        <time>2026-08-11T00:35:41.2330000+00:00</time>
      </trkpt>
      <trkpt lat="51.270542" lon="8.602561">
        <ele>783.96</ele>
        <time>2026-08-11T00:35:41.3460000+00:00</time>
      </trkpt>
      <trkpt lat="51.270545" lon="8.602556">
        <ele>784.07</ele>
        <time>2026-08-11T00:35:41.5020000+00:00</time>
      </trkpt>
      <trkpt lat="51.270547" lon="8.60255">
        <ele>784.15</ele>
        <time>2026-08-11T00:35:41.6490000+00:00</time>
      </trkpt>
      <trkpt lat="51.270549" lon="8.602541">
        <ele>784.26</ele>
        <time>2026-08-11T00:35:41.8570000+00:00</time>
      </trkpt>
      <trkpt lat="51.27055" lon="8.60253">
        <ele>784.35</ele>
        <time>2026-08-11T00:35:42.1010000+00:00</time>
      </trkpt>
      <trkpt lat="51.27055" lon="8.602521">
        <ele>784.4</ele>
        <time>2026-08-11T00:35:42.2960000+00:00</time>
      </trkpt>
      <trkpt lat="51.270551" lon="8.602506">
        <ele>784.52</ele>
        <time>2026-08-11T00:35:42.6270000+00:00</time>
      </trkpt>
      <trkpt lat="51.270552" lon="8.60249">
        <ele>784.64</ele>
        <time>2026-08-11T00:35:42.9800000+00:00</time>
      </trkpt>
      <trkpt lat="51.270552" lon="8.602478">
        <ele>784.71</ele>
        <time>2026-08-11T00:35:43.2460000+00:00</time>
      </trkpt>
      <trkpt lat="51.270552" lon="8.602463">
        <ele>784.8</ele>
        <time>2026-08-11T00:35:43.5760000+00:00</time>
      </trkpt>
      <trkpt lat="51.270552" lon="8.602446">
        <ele>784.9</ele>
        <time>2026-08-11T00:35:43.9500000+00:00</time>
      </trkpt>
      <trkpt lat="51.270552" lon="8.602434">
        <ele>784.98</ele>
        <time>2026-08-11T00:35:44.2150000+00:00</time>
      </trkpt>
      <trkpt lat="51.270551" lon="8.60242">
        <ele>785.03</ele>
        <time>2026-08-11T00:35:44.5240000+00:00</time>
      </trkpt>
      <trkpt lat="51.270553" lon="8.602405">
        <ele>785.18</ele>
        <time>2026-08-11T00:35:44.8610000+00:00</time>
      </trkpt>
      <trkpt lat="51.270554" lon="8.602392">
        <ele>785.28</ele>
        <time>2026-08-11T00:35:45.1500000+00:00</time>
      </trkpt>
      <trkpt lat="51.270553" lon="8.602377">
        <ele>785.34</ele>
        <time>2026-08-11T00:35:45.4810000+00:00</time>
      </trkpt>
      <trkpt lat="51.270552" lon="8.602361">
        <ele>785.41</ele>
        <time>2026-08-11T00:35:45.8350000+00:00</time>
      </trkpt>
      <trkpt lat="51.270549" lon="8.602336">
        <ele>785.49</ele>
        <time>2026-08-11T00:35:46.3960000+00:00</time>
      </trkpt>
      <trkpt lat="51.270549" lon="8.60232">
        <ele>785.58</ele>
        <time>2026-08-11T00:35:46.7460000+00:00</time>
      </trkpt>
      <trkpt lat="51.270548" lon="8.602307">
        <ele>785.64</ele>
        <time>2026-08-11T00:35:47.0340000+00:00</time>
      </trkpt>
      <trkpt lat="51.270547" lon="8.60229">
        <ele>785.71</ele>
        <time>2026-08-11T00:35:47.4090000+00:00</time>
      </trkpt>
      <trkpt lat="51.270546" lon="8.602267">
        <ele>785.83</ele>
        <time>2026-08-11T00:35:47.9160000+00:00</time>
      </trkpt>
      <trkpt lat="51.270545" lon="8.60225">
        <ele>785.9</ele>
        <time>2026-08-11T00:35:48.2910000+00:00</time>
      </trkpt>
      <trkpt lat="51.270543" lon="8.602224">
        <ele>786.01</ele>
        <time>2026-08-11T00:35:48.8680000+00:00</time>
      </trkpt>
      <trkpt lat="51.270543" lon="8.602203">
        <ele>786.14</ele>
        <time>2026-08-11T00:35:49.3290000+00:00</time>
      </trkpt>
      <trkpt lat="51.270543" lon="8.602203">
        <ele>786.14</ele>
        <time>2026-08-11T00:35:49.3290000+00:00</time>
      </trkpt>
      <trkpt lat="51.270543" lon="8.60218">
        <ele>786.27</ele>
        <time>2026-08-11T00:35:49.8350000+00:00</time>
      </trkpt>
      <trkpt lat="51.270543" lon="8.602163">
        <ele>786.38</ele>
        <time>2026-08-11T00:35:50.2080000+00:00</time>
      </trkpt>
      <trkpt lat="51.270541" lon="8.602133">
        <ele>786.51</ele>
        <time>2026-08-11T00:35:50.8720000+00:00</time>
      </trkpt>
      <trkpt lat="51.270539" lon="8.602113">
        <ele>786.58</ele>
        <time>2026-08-11T00:35:51.3180000+00:00</time>
      </trkpt>
      <trkpt lat="51.270538" lon="8.602099">
        <ele>786.63</ele>
        <time>2026-08-11T00:35:51.6280000+00:00</time>
      </trkpt>
      <trkpt lat="51.270537" lon="8.602084">
        <ele>786.7</ele>
        <time>2026-08-11T00:35:51.9600000+00:00</time>
      </trkpt>
      <trkpt lat="51.270535" lon="8.602066">
        <ele>786.76</ele>
        <time>2026-08-11T00:35:52.3630000+00:00</time>
      </trkpt>
      <trkpt lat="51.270533" lon="8.602053">
        <ele>786.78</ele>
        <time>2026-08-11T00:35:52.6600000+00:00</time>
      </trkpt>
      <trkpt lat="51.270528" lon="8.60203">
        <ele>786.8</ele>
        <time>2026-08-11T00:35:53.1960000+00:00</time>
      </trkpt>
      <trkpt lat="51.270524" lon="8.602007">
        <ele>786.83</ele>
        <time>2026-08-11T00:35:53.7210000+00:00</time>
      </trkpt>
      <trkpt lat="51.27052" lon="8.601985">
        <ele>786.87</ele>
        <time>2026-08-11T00:35:54.2260000+00:00</time>
      </trkpt>
      <trkpt lat="51.270517" lon="8.601964">
        <ele>786.92</ele>
        <time>2026-08-11T00:35:54.7010000+00:00</time>
      </trkpt>
      <trkpt lat="51.270516" lon="8.601953">
        <ele>786.96</ele>
        <time>2026-08-11T00:35:54.9450000+00:00</time>
      </trkpt>
      <trkpt lat="51.270516" lon="8.601939">
        <ele>787.05</ele>
        <time>2026-08-11T00:35:55.2510000+00:00</time>
      </trkpt>
      <trkpt lat="51.270516" lon="8.601927">
        <ele>787.12</ele>
        <time>2026-08-11T00:35:55.5130000+00:00</time>
      </trkpt>
      <trkpt lat="51.270517" lon="8.601919">
        <ele>787.2</ele>
        <time>2026-08-11T00:35:55.6900000+00:00</time>
      </trkpt>
      <trkpt lat="51.270519" lon="8.601916">
        <ele>787.26</ele>
        <time>2026-08-11T00:35:55.7800000+00:00</time>
      </trkpt>
      <trkpt lat="51.270522" lon="8.601913">
        <ele>787.36</ele>
        <time>2026-08-11T00:35:55.9010000+00:00</time>
      </trkpt>
      <trkpt lat="51.270526" lon="8.601912">
        <ele>787.46</ele>
        <time>2026-08-11T00:35:56.0450000+00:00</time>
      </trkpt>
      <trkpt lat="51.270529" lon="8.601912">
        <ele>787.54</ele>
        <time>2026-08-11T00:35:56.1490000+00:00</time>
      </trkpt>
      <trkpt lat="51.270533" lon="8.601916">
        <ele>787.62</ele>
        <time>2026-08-11T00:35:56.3130000+00:00</time>
      </trkpt>
      <trkpt lat="51.270536" lon="8.601925">
        <ele>787.64</ele>
        <time>2026-08-11T00:35:56.5380000+00:00</time>
      </trkpt>
      <trkpt lat="51.270538" lon="8.601937">
        <ele>787.61</ele>
        <time>2026-08-11T00:35:56.8100000+00:00</time>
      </trkpt>
      <trkpt lat="51.270542" lon="8.601955">
        <ele>787.6</ele>
        <time>2026-08-11T00:35:57.2320000+00:00</time>
      </trkpt>
      <trkpt lat="51.270547" lon="8.601971">
        <ele>787.63</ele>
        <time>2026-08-11T00:35:57.6250000+00:00</time>
      </trkpt>
      <trkpt lat="51.270551" lon="8.601984">
        <ele>787.65</ele>
        <time>2026-08-11T00:35:57.9430000+00:00</time>
      </trkpt>
      <trkpt lat="51.270556" lon="8.602">
        <ele>787.68</ele>
        <time>2026-08-11T00:35:58.3370000+00:00</time>
      </trkpt>
      <trkpt lat="51.270563" lon="8.602015">
        <ele>787.77</ele>
        <time>2026-08-11T00:35:58.7490000+00:00</time>
      </trkpt>
      <trkpt lat="51.270568" lon="8.602025">
        <ele>787.84</ele>
        <time>2026-08-11T00:35:59.0310000+00:00</time>
      </trkpt>
      <trkpt lat="51.270572" lon="8.602037">
        <ele>787.86</ele>
        <time>2026-08-11T00:35:59.3310000+00:00</time>
      </trkpt>
      <trkpt lat="51.270576" lon="8.602055">
        <ele>787.86</ele>
        <time>2026-08-11T00:35:59.7520000+00:00</time>
      </trkpt>
      <trkpt lat="51.270578" lon="8.602067">
        <ele>787.84</ele>
        <time>2026-08-11T00:36:00.0270000+00:00</time>
      </trkpt>
      <trkpt lat="51.27058" lon="8.602082">
        <ele>787.8</ele>
        <time>2026-08-11T00:36:00.3640000+00:00</time>
      </trkpt>
      <trkpt lat="51.270582" lon="8.602098">
        <ele>787.75</ele>
        <time>2026-08-11T00:36:00.7230000+00:00</time>
      </trkpt>
      <trkpt lat="51.270587" lon="8.602122">
        <ele>787.73</ele>
        <time>2026-08-11T00:36:01.2800000+00:00</time>
      </trkpt>
      <trkpt lat="51.270591" lon="8.602139">
        <ele>787.73</ele>
        <time>2026-08-11T00:36:01.6800000+00:00</time>
      </trkpt>
      <trkpt lat="51.270594" lon="8.60215">
        <ele>787.74</ele>
        <time>2026-08-11T00:36:01.9430000+00:00</time>
      </trkpt>
      <trkpt lat="51.2706" lon="8.602167">
        <ele>787.79</ele>
        <time>2026-08-11T00:36:02.3720000+00:00</time>
      </trkpt>
      <trkpt lat="51.270606" lon="8.60218">
        <ele>787.86</ele>
        <time>2026-08-11T00:36:02.7300000+00:00</time>
      </trkpt>
      <trkpt lat="51.270612" lon="8.602197">
        <ele>787.93</ele>
        <time>2026-08-11T00:36:03.1590000+00:00</time>
      </trkpt>
      <trkpt lat="51.270616" lon="8.602209">
        <ele>787.97</ele>
        <time>2026-08-11T00:36:03.4600000+00:00</time>
      </trkpt>
      <trkpt lat="51.27062" lon="8.60222">
        <ele>788.02</ele>
        <time>2026-08-11T00:36:03.7410000+00:00</time>
      </trkpt>
      <trkpt lat="51.270624" lon="8.602232">
        <ele>788.06</ele>
        <time>2026-08-11T00:36:04.0420000+00:00</time>
      </trkpt>
      <trkpt lat="51.270628" lon="8.602246">
        <ele>788.09</ele>
        <time>2026-08-11T00:36:04.3800000+00:00</time>
      </trkpt>
      <trkpt lat="51.270633" lon="8.602257">
        <ele>788.17</ele>
        <time>2026-08-11T00:36:04.6780000+00:00</time>
      </trkpt>
      <trkpt lat="51.270636" lon="8.602265">
        <ele>788.21</ele>
        <time>2026-08-11T00:36:04.8810000+00:00</time>
      </trkpt>
      <trkpt lat="51.27064" lon="8.602269">
        <ele>788.3</ele>
        <time>2026-08-11T00:36:05.0510000+00:00</time>
      </trkpt>
      <trkpt lat="51.270644" lon="8.602271">
        <ele>788.41</ele>
        <time>2026-08-11T00:36:05.1980000+00:00</time>
      </trkpt>
      <trkpt lat="51.270648" lon="8.602272">
        <ele>788.51</ele>
        <time>2026-08-11T00:36:05.3390000+00:00</time>
      </trkpt>
      <trkpt lat="51.270652" lon="8.60227">
        <ele>788.64</ele>
        <time>2026-08-11T00:36:05.4860000+00:00</time>
      </trkpt>
      <trkpt lat="51.270657" lon="8.602266">
        <ele>788.81</ele>
        <time>2026-08-11T00:36:05.6810000+00:00</time>
      </trkpt>
      <trkpt lat="51.270659" lon="8.602261">
        <ele>788.9</ele>
        <time>2026-08-11T00:36:05.8120000+00:00</time>
      </trkpt>
      <trkpt lat="51.27066" lon="8.602252">
        <ele>788.98</ele>
        <time>2026-08-11T00:36:06.0130000+00:00</time>
      </trkpt>
      <trkpt lat="51.27066" lon="8.602242">
        <ele>789.04</ele>
        <time>2026-08-11T00:36:06.2340000+00:00</time>
      </trkpt>
      <trkpt lat="51.27066" lon="8.602233">
        <ele>789.09</ele>
        <time>2026-08-11T00:36:06.4330000+00:00</time>
      </trkpt>
      <trkpt lat="51.27066" lon="8.60222">
        <ele>789.17</ele>
        <time>2026-08-11T00:36:06.7200000+00:00</time>
      </trkpt>
      <trkpt lat="51.270658" lon="8.602204">
        <ele>789.21</ele>
        <time>2026-08-11T00:36:07.0790000+00:00</time>
      </trkpt>
      <trkpt lat="51.270654" lon="8.602178">
        <ele>789.25</ele>
        <time>2026-08-11T00:36:07.6680000+00:00</time>
      </trkpt>
      <trkpt lat="51.27065" lon="8.602159">
        <ele>789.25</ele>
        <time>2026-08-11T00:36:08.1100000+00:00</time>
      </trkpt>
      <trkpt lat="51.270643" lon="8.602132">
        <ele>789.21</ele>
        <time>2026-08-11T00:36:08.7530000+00:00</time>
      </trkpt>
      <trkpt lat="51.270637" lon="8.602105">
        <ele>789.2</ele>
        <time>2026-08-11T00:36:09.3840000+00:00</time>
      </trkpt>
      <trkpt lat="51.270632" lon="8.602078">
        <ele>789.22</ele>
        <time>2026-08-11T00:36:10.0040000+00:00</time>
      </trkpt>
      <trkpt lat="51.270629" lon="8.602054">
        <ele>789.28</ele>
        <time>2026-08-11T00:36:10.5430000+00:00</time>
      </trkpt>
      <trkpt lat="51.270625" lon="8.602036">
        <ele>789.27</ele>
        <time>2026-08-11T00:36:10.9630000+00:00</time>
      </trkpt>
      <trkpt lat="51.270623" lon="8.602018">
        <ele>789.32</ele>
        <time>2026-08-11T00:36:11.3660000+00:00</time>
      </trkpt>
      <trkpt lat="51.270622" lon="8.601996">
        <ele>789.42</ele>
        <time>2026-08-11T00:36:11.8520000+00:00</time>
      </trkpt>
      <trkpt lat="51.270623" lon="8.60198">
        <ele>789.55</ele>
        <time>2026-08-11T00:36:12.2070000+00:00</time>
      </trkpt>
      <trkpt lat="51.270621" lon="8.601959">
        <ele>789.61</ele>
        <time>2026-08-11T00:36:12.6760000+00:00</time>
      </trkpt>
      <trkpt lat="51.270619" lon="8.601942">
        <ele>789.66</ele>
        <time>2026-08-11T00:36:13.0560000+00:00</time>
      </trkpt>
      <trkpt lat="51.270617" lon="8.601927">
        <ele>789.69</ele>
        <time>2026-08-11T00:36:13.3930000+00:00</time>
      </trkpt>
      <trkpt lat="51.270615" lon="8.601901">
        <ele>789.79</ele>
        <time>2026-08-11T00:36:13.9690000+00:00</time>
      </trkpt>
      <trkpt lat="51.270613" lon="8.601885">
        <ele>789.83</ele>
        <time>2026-08-11T00:36:14.3280000+00:00</time>
      </trkpt>
      <trkpt lat="51.270612" lon="8.601867">
        <ele>789.91</ele>
        <time>2026-08-11T00:36:14.7270000+00:00</time>
      </trkpt>
      <trkpt lat="51.270613" lon="8.601851">
        <ele>790.03</ele>
        <time>2026-08-11T00:36:15.0810000+00:00</time>
      </trkpt>
      <trkpt lat="51.270614" lon="8.601833">
        <ele>790.16</ele>
        <time>2026-08-11T00:36:15.4790000+00:00</time>
      </trkpt>
      <trkpt lat="51.270615" lon="8.601817">
        <ele>790.29</ele>
        <time>2026-08-11T00:36:15.8330000+00:00</time>
      </trkpt>
      <trkpt lat="51.270615" lon="8.601802">
        <ele>790.38</ele>
        <time>2026-08-11T00:36:16.1640000+00:00</time>
      </trkpt>
      <trkpt lat="51.270616" lon="8.601784">
        <ele>790.51</ele>
        <time>2026-08-11T00:36:16.5620000+00:00</time>
      </trkpt>
      <trkpt lat="51.270615" lon="8.601767">
        <ele>790.59</ele>
        <time>2026-08-11T00:36:16.9380000+00:00</time>
      </trkpt>
      <trkpt lat="51.270613" lon="8.601749">
        <ele>790.64</ele>
        <time>2026-08-11T00:36:17.3410000+00:00</time>
      </trkpt>
      <trkpt lat="51.270611" lon="8.601733">
        <ele>790.68</ele>
        <time>2026-08-11T00:36:17.7020000+00:00</time>
      </trkpt>
      <trkpt lat="51.270607" lon="8.601708">
        <ele>790.72</ele>
        <time>2026-08-11T00:36:18.2700000+00:00</time>
      </trkpt>
      <trkpt lat="51.270604" lon="8.601692">
        <ele>790.74</ele>
        <time>2026-08-11T00:36:18.6380000+00:00</time>
      </trkpt>
      <trkpt lat="51.270601" lon="8.601677">
        <ele>790.76</ele>
        <time>2026-08-11T00:36:18.9860000+00:00</time>
      </trkpt>
      <trkpt lat="51.270599" lon="8.601663">
        <ele>790.8</ele>
        <time>2026-08-11T00:36:19.3040000+00:00</time>
      </trkpt>
      <trkpt lat="51.270598" lon="8.601647">
        <ele>790.87</ele>
        <time>2026-08-11T00:36:19.6590000+00:00</time>
      </trkpt>
      <trkpt lat="51.270598" lon="8.601628">
        <ele>790.98</ele>
        <time>2026-08-11T00:36:20.0770000+00:00</time>
      </trkpt>
      <trkpt lat="51.270599" lon="8.601612">
        <ele>791.1</ele>
        <time>2026-08-11T00:36:20.4330000+00:00</time>
      </trkpt>
      <trkpt lat="51.270599" lon="8.60159">
        <ele>791.23</ele>
        <time>2026-08-11T00:36:20.9180000+00:00</time>
      </trkpt>
      <trkpt lat="51.2706" lon="8.601573">
        <ele>791.36</ele>
        <time>2026-08-11T00:36:21.2950000+00:00</time>
      </trkpt>
      <trkpt lat="51.2706" lon="8.601556">
        <ele>791.46</ele>
        <time>2026-08-11T00:36:21.6710000+00:00</time>
      </trkpt>
      <trkpt lat="51.270601" lon="8.60154">
        <ele>791.58</ele>
        <time>2026-08-11T00:36:22.0260000+00:00</time>
      </trkpt>
      <trkpt lat="51.270604" lon="8.601524">
        <ele>791.75</ele>
        <time>2026-08-11T00:36:22.3940000+00:00</time>
      </trkpt>
      <trkpt lat="51.270607" lon="8.601512">
        <ele>791.9</ele>
        <time>2026-08-11T00:36:22.6790000+00:00</time>
      </trkpt>
      <trkpt lat="51.270613" lon="8.601503">
        <ele>792.11</ele>
        <time>2026-08-11T00:36:22.9700000+00:00</time>
      </trkpt>
      <trkpt lat="51.270617" lon="8.601499">
        <ele>792.24</ele>
        <time>2026-08-11T00:36:23.1340000+00:00</time>
      </trkpt>
      <trkpt lat="51.270624" lon="8.601498">
        <ele>792.42</ele>
        <time>2026-08-11T00:36:23.3820000+00:00</time>
      </trkpt>
      <trkpt lat="51.27063" lon="8.6015">
        <ele>792.57</ele>
        <time>2026-08-11T00:36:23.5990000+00:00</time>
      </trkpt>
      <trkpt lat="51.270634" lon="8.601506">
        <ele>792.64</ele>
        <time>2026-08-11T00:36:23.7930000+00:00</time>
      </trkpt>
      <trkpt lat="51.270639" lon="8.601518">
        <ele>792.7</ele>
        <time>2026-08-11T00:36:24.1110000+00:00</time>
      </trkpt>
      <trkpt lat="51.270641" lon="8.601527">
        <ele>792.7</ele>
        <time>2026-08-11T00:36:24.3240000+00:00</time>
      </trkpt>
      <trkpt lat="51.270643" lon="8.601537">
        <ele>792.69</ele>
        <time>2026-08-11T00:36:24.5540000+00:00</time>
      </trkpt>
      <trkpt lat="51.270644" lon="8.601551">
        <ele>792.64</ele>
        <time>2026-08-11T00:36:24.8660000+00:00</time>
      </trkpt>
      <trkpt lat="51.270645" lon="8.601565">
        <ele>792.58</ele>
        <time>2026-08-11T00:36:25.1760000+00:00</time>
      </trkpt>
      <trkpt lat="51.270647" lon="8.601583">
        <ele>792.53</ele>
        <time>2026-08-11T00:36:25.5770000+00:00</time>
      </trkpt>
      <trkpt lat="51.27065" lon="8.601607">
        <ele>792.47</ele>
        <time>2026-08-11T00:36:26.1150000+00:00</time>
      </trkpt>
      <trkpt lat="51.270654" lon="8.601634">
        <ele>792.42</ele>
        <time>2026-08-11T00:36:26.7260000+00:00</time>
      </trkpt>
      <trkpt lat="51.270657" lon="8.601652">
        <ele>792.4</ele>
        <time>2026-08-11T00:36:27.1360000+00:00</time>
      </trkpt>
      <trkpt lat="51.270659" lon="8.601664">
        <ele>792.38</ele>
        <time>2026-08-11T00:36:27.4090000+00:00</time>
      </trkpt>
      <trkpt lat="51.27066" lon="8.601679">
        <ele>792.33</ele>
        <time>2026-08-11T00:36:27.7410000+00:00</time>
      </trkpt>
      <trkpt lat="51.270661" lon="8.601692">
        <ele>792.28</ele>
        <time>2026-08-11T00:36:28.0290000+00:00</time>
      </trkpt>
      <trkpt lat="51.27066" lon="8.601706">
        <ele>792.17</ele>
        <time>2026-08-11T00:36:28.3400000+00:00</time>
      </trkpt>
      <trkpt lat="51.270661" lon="8.60172">
        <ele>792.12</ele>
        <time>2026-08-11T00:36:28.6500000+00:00</time>
      </trkpt>
      <trkpt lat="51.270659" lon="8.601747">
        <ele>791.91</ele>
        <time>2026-08-11T00:36:29.2500000+00:00</time>
      </trkpt>
      <trkpt lat="51.270657" lon="8.601771">
        <ele>791.72</ele>
        <time>2026-08-11T00:36:29.7820000+00:00</time>
      </trkpt>
      <trkpt lat="51.270657" lon="8.601789">
        <ele>791.62</ele>
        <time>2026-08-11T00:36:30.1780000+00:00</time>
      </trkpt>
      <trkpt lat="51.270658" lon="8.601809">
        <ele>791.53</ele>
        <time>2026-08-11T00:36:30.6190000+00:00</time>
      </trkpt>
      <trkpt lat="51.270659" lon="8.601841">
        <ele>791.37</ele>
        <time>2026-08-11T00:36:31.3250000+00:00</time>
      </trkpt>
      <trkpt lat="51.270663" lon="8.601878">
        <ele>791.27</ele>
        <time>2026-08-11T00:36:32.1520000+00:00</time>
      </trkpt>
      <trkpt lat="51.270666" lon="8.601899">
        <ele>791.24</ele>
        <time>2026-08-11T00:36:32.6270000+00:00</time>
      </trkpt>
      <trkpt lat="51.270669" lon="8.601917">
        <ele>791.22</ele>
        <time>2026-08-11T00:36:33.0360000+00:00</time>
      </trkpt>
      <trkpt lat="51.270674" lon="8.601938">
        <ele>791.25</ele>
        <time>2026-08-11T00:36:33.5320000+00:00</time>
      </trkpt>
      <trkpt lat="51.270678" lon="8.601957">
        <ele>791.25</ele>
        <time>2026-08-11T00:36:33.9730000+00:00</time>
      </trkpt>
      <trkpt lat="51.270684" lon="8.601985">
        <ele>791.27</ele>
        <time>2026-08-11T00:36:34.6240000+00:00</time>
      </trkpt>
      <trkpt lat="51.270689" lon="8.602012">
        <ele>791.26</ele>
        <time>2026-08-11T00:36:35.2440000+00:00</time>
      </trkpt>
      <trkpt lat="51.270693" lon="8.60204">
        <ele>791.2</ele>
        <time>2026-08-11T00:36:35.8760000+00:00</time>
      </trkpt>
      <trkpt lat="51.270698" lon="8.602068">
        <ele>791.18</ele>
        <time>2026-08-11T00:36:36.5160000+00:00</time>
      </trkpt>
      <trkpt lat="51.270702" lon="8.602096">
        <ele>791.13</ele>
        <time>2026-08-11T00:36:37.1470000+00:00</time>
      </trkpt>
      <trkpt lat="51.270705" lon="8.602123">
        <ele>791.05</ele>
        <time>2026-08-11T00:36:37.7510000+00:00</time>
      </trkpt>
      <trkpt lat="51.270709" lon="8.60214">
        <ele>791.07</ele>
        <time>2026-08-11T00:36:38.1520000+00:00</time>
      </trkpt>
      <trkpt lat="51.270713" lon="8.602155">
        <ele>791.09</ele>
        <time>2026-08-11T00:36:38.5110000+00:00</time>
      </trkpt>
      <trkpt lat="51.270718" lon="8.60217">
        <ele>791.14</ele>
        <time>2026-08-11T00:36:38.8850000+00:00</time>
      </trkpt>
      <trkpt lat="51.270723" lon="8.602182">
        <ele>791.22</ele>
        <time>2026-08-11T00:36:39.2010000+00:00</time>
      </trkpt>
      <trkpt lat="51.27073" lon="8.602192">
        <ele>791.36</ele>
        <time>2026-08-11T00:36:39.5300000+00:00</time>
      </trkpt>
      <trkpt lat="51.270735" lon="8.602196">
        <ele>791.48</ele>
        <time>2026-08-11T00:36:39.7250000+00:00</time>
      </trkpt>
      <trkpt lat="51.27074" lon="8.602197">
        <ele>791.62</ele>
        <time>2026-08-11T00:36:39.9030000+00:00</time>
      </trkpt>
      <trkpt lat="51.270744" lon="8.602197">
        <ele>791.73</ele>
        <time>2026-08-11T00:36:40.0430000+00:00</time>
      </trkpt>
      <trkpt lat="51.270748" lon="8.602194">
        <ele>791.87</ele>
        <time>2026-08-11T00:36:40.1970000+00:00</time>
      </trkpt>
      <trkpt lat="51.270751" lon="8.602189">
        <ele>791.98</ele>
        <time>2026-08-11T00:36:40.3530000+00:00</time>
      </trkpt>
      <trkpt lat="51.270754" lon="8.602181">
        <ele>792.12</ele>
        <time>2026-08-11T00:36:40.5610000+00:00</time>
      </trkpt>
      <trkpt lat="51.270756" lon="8.60217">
        <ele>792.24</ele>
        <time>2026-08-11T00:36:40.8120000+00:00</time>
      </trkpt>
      <trkpt lat="51.270755" lon="8.60215">
        <ele>792.33</ele>
        <time>2026-08-11T00:36:41.2530000+00:00</time>
      </trkpt>
      <trkpt lat="51.270753" lon="8.602129">
        <ele>792.4</ele>
        <time>2026-08-11T00:36:41.7210000+00:00</time>
      </trkpt>
      <trkpt lat="51.27075" lon="8.602108">
        <ele>792.44</ele>
        <time>2026-08-11T00:36:42.1960000+00:00</time>
      </trkpt>
      <trkpt lat="51.270745" lon="8.602078">
        <ele>792.48</ele>
        <time>2026-08-11T00:36:42.8790000+00:00</time>
      </trkpt>
      <trkpt lat="51.27074" lon="8.602045">
        <ele>792.53</ele>
        <time>2026-08-11T00:36:43.6270000+00:00</time>
      </trkpt>
      <trkpt lat="51.270734" lon="8.602006">
        <ele>792.59</ele>
        <time>2026-08-11T00:36:44.5110000+00:00</time>
      </trkpt>
      <trkpt lat="51.270731" lon="8.601971">
        <ele>792.7</ele>
        <time>2026-08-11T00:36:45.2890000+00:00</time>
      </trkpt>
      <trkpt lat="51.270729" lon="8.601944">
        <ele>792.78</ele>
        <time>2026-08-11T00:36:45.8860000+00:00</time>
      </trkpt>
      <trkpt lat="51.270727" lon="8.601917">
        <ele>792.87</ele>
        <time>2026-08-11T00:36:46.4840000+00:00</time>
      </trkpt>
      <trkpt lat="51.270726" lon="8.601896">
        <ele>792.95</ele>
        <time>2026-08-11T00:36:46.9490000+00:00</time>
      </trkpt>
      <trkpt lat="51.270723" lon="8.601872">
        <ele>792.99</ele>
        <time>2026-08-11T00:36:47.4870000+00:00</time>
      </trkpt>
      <trkpt lat="51.270721" lon="8.60185">
        <ele>793.06</ele>
        <time>2026-08-11T00:36:47.9770000+00:00</time>
      </trkpt>
      <trkpt lat="51.270716" lon="8.601807">
        <ele>793.15</ele>
        <time>2026-08-11T00:36:48.9400000+00:00</time>
      </trkpt>
      <trkpt lat="51.270714" lon="8.601781">
        <ele>793.23</ele>
        <time>2026-08-11T00:36:49.5170000+00:00</time>
      </trkpt>
      <trkpt lat="51.270711" lon="8.601757">
        <ele>793.28</ele>
        <time>2026-08-11T00:36:50.0540000+00:00</time>
      </trkpt>
      <trkpt lat="51.270708" lon="8.601734">
        <ele>793.32</ele>
        <time>2026-08-11T00:36:50.5710000+00:00</time>
      </trkpt>
      <trkpt lat="51.270703" lon="8.601709">
        <ele>793.32</ele>
        <time>2026-08-11T00:36:51.1480000+00:00</time>
      </trkpt>
      <trkpt lat="51.270697" lon="8.601679">
        <ele>793.32</ele>
        <time>2026-08-11T00:36:51.8410000+00:00</time>
      </trkpt>
      <trkpt lat="51.270694" lon="8.601655">
        <ele>793.37</ele>
        <time>2026-08-11T00:36:52.3790000+00:00</time>
      </trkpt>
      <trkpt lat="51.27069" lon="8.601633">
        <ele>793.39</ele>
        <time>2026-08-11T00:36:52.8830000+00:00</time>
      </trkpt>
      <trkpt lat="51.270689" lon="8.601598">
        <ele>793.56</ele>
        <time>2026-08-11T00:36:53.6530000+00:00</time>
      </trkpt>
      <trkpt lat="51.270689" lon="8.60158">
        <ele>793.66</ele>
        <time>2026-08-11T00:36:54.0490000+00:00</time>
      </trkpt>
      <trkpt lat="51.270691" lon="8.601559">
        <ele>793.82</ele>
        <time>2026-08-11T00:36:54.5180000+00:00</time>
      </trkpt>
      <trkpt lat="51.270691" lon="8.601536">
        <ele>793.95</ele>
        <time>2026-08-11T00:36:55.0250000+00:00</time>
      </trkpt>
      <trkpt lat="51.27069" lon="8.601514">
        <ele>794.05</ele>
        <time>2026-08-11T00:36:55.5120000+00:00</time>
      </trkpt>
      <trkpt lat="51.270688" lon="8.601499">
        <ele>794.08</ele>
        <time>2026-08-11T00:36:55.8490000+00:00</time>
      </trkpt>
      <trkpt lat="51.270684" lon="8.601484">
        <ele>794.06</ele>
        <time>2026-08-11T00:36:56.2070000+00:00</time>
      </trkpt>
      <trkpt lat="51.270679" lon="8.60147">
        <ele>794.01</ele>
        <time>2026-08-11T00:36:56.5620000+00:00</time>
      </trkpt>
      <trkpt lat="51.270673" lon="8.601453">
        <ele>793.95</ele>
        <time>2026-08-11T00:36:56.9910000+00:00</time>
      </trkpt>
      <trkpt lat="51.270667" lon="8.601434">
        <ele>793.9</ele>
        <time>2026-08-11T00:36:57.4600000+00:00</time>
      </trkpt>
      <trkpt lat="51.270662" lon="8.601417">
        <ele>793.87</ele>
        <time>2026-08-11T00:36:57.8740000+00:00</time>
      </trkpt>
      <trkpt lat="51.270657" lon="8.601396">
        <ele>793.86</ele>
        <time>2026-08-11T00:36:58.3690000+00:00</time>
      </trkpt>
      <trkpt lat="51.27065" lon="8.601369">
        <ele>793.84</ele>
        <time>2026-08-11T00:36:59.0110000+00:00</time>
      </trkpt>
      <trkpt lat="51.270646" lon="8.60135">
        <ele>793.85</ele>
        <time>2026-08-11T00:36:59.4520000+00:00</time>
      </trkpt>
      <trkpt lat="51.270644" lon="8.601332">
        <ele>793.9</ele>
        <time>2026-08-11T00:36:59.8540000+00:00</time>
      </trkpt>
      <trkpt lat="51.270641" lon="8.60131">
        <ele>793.96</ele>
        <time>2026-08-11T00:37:00.3490000+00:00</time>
      </trkpt>
      <trkpt lat="51.27064" lon="8.601293">
        <ele>794.03</ele>
        <time>2026-08-11T00:37:00.7240000+00:00</time>
      </trkpt>
      <trkpt lat="51.27064" lon="8.601279">
        <ele>794.11</ele>
        <time>2026-08-11T00:37:01.0330000+00:00</time>
      </trkpt>
      <trkpt lat="51.270641" lon="8.601268">
        <ele>794.2</ele>
        <time>2026-08-11T00:37:01.2770000+00:00</time>
      </trkpt>
      <trkpt lat="51.270643" lon="8.601261">
        <ele>794.29</ele>
        <time>2026-08-11T00:37:01.4470000+00:00</time>
      </trkpt>
      <trkpt lat="51.270646" lon="8.601252">
        <ele>794.42</ele>
        <time>2026-08-11T00:37:01.6720000+00:00</time>
      </trkpt>
      <trkpt lat="51.270649" lon="8.601247">
        <ele>794.52</ele>
        <time>2026-08-11T00:37:01.8250000+00:00</time>
      </trkpt>
      <trkpt lat="51.270655" lon="8.601245">
        <ele>794.68</ele>
        <time>2026-08-11T00:37:02.0420000+00:00</time>
      </trkpt>
      <trkpt lat="51.270661" lon="8.601245">
        <ele>794.83</ele>
        <time>2026-08-11T00:37:02.2520000+00:00</time>
      </trkpt>
      <trkpt lat="51.270667" lon="8.60125">
        <ele>794.94</ele>
        <time>2026-08-11T00:37:02.4890000+00:00</time>
      </trkpt>
      <trkpt lat="51.270671" lon="8.60126">
        <ele>794.99</ele>
        <time>2026-08-11T00:37:02.7500000+00:00</time>
      </trkpt>
      <trkpt lat="51.270675" lon="8.601274">
        <ele>795.01</ele>
        <time>2026-08-11T00:37:03.0900000+00:00</time>
      </trkpt>
      <trkpt lat="51.270678" lon="8.601291">
        <ele>794.98</ele>
        <time>2026-08-11T00:37:03.4800000+00:00</time>
      </trkpt>
      <trkpt lat="51.27068" lon="8.601309">
        <ele>794.93</ele>
        <time>2026-08-11T00:37:03.8820000+00:00</time>
      </trkpt>
      <trkpt lat="51.270683" lon="8.601337">
        <ele>794.85</ele>
        <time>2026-08-11T00:37:04.5070000+00:00</time>
      </trkpt>
      <trkpt lat="51.270686" lon="8.60136">
        <ele>794.8</ele>
        <time>2026-08-11T00:37:05.0250000+00:00</time>
      </trkpt>
      <trkpt lat="51.270693" lon="8.601393">
        <ele>794.79</ele>
        <time>2026-08-11T00:37:05.7920000+00:00</time>
      </trkpt>
      <trkpt lat="51.270699" lon="8.601415">
        <ele>794.82</ele>
        <time>2026-08-11T00:37:06.3200000+00:00</time>
      </trkpt>
      <trkpt lat="51.270709" lon="8.601451">
        <ele>794.88</ele>
        <time>2026-08-11T00:37:07.1870000+00:00</time>
      </trkpt>
      <trkpt lat="51.270714" lon="8.601469">
        <ele>794.91</ele>
        <time>2026-08-11T00:37:07.6210000+00:00</time>
      </trkpt>
      <trkpt lat="51.270717" lon="8.601487">
        <ele>794.9</ele>
        <time>2026-08-11T00:37:08.0300000+00:00</time>
      </trkpt>
      <trkpt lat="51.27072" lon="8.601509">
        <ele>794.86</ele>
        <time>2026-08-11T00:37:08.5250000+00:00</time>
      </trkpt>
      <trkpt lat="51.270722" lon="8.601534">
        <ele>794.77</ele>
        <time>2026-08-11T00:37:09.0810000+00:00</time>
      </trkpt>
      <trkpt lat="51.270723" lon="8.601551">
        <ele>794.71</ele>
        <time>2026-08-11T00:37:09.4560000+00:00</time>
      </trkpt>
      <trkpt lat="51.270723" lon="8.601574">
        <ele>794.59</ele>
        <time>2026-08-11T00:37:09.9620000+00:00</time>
      </trkpt>
      <trkpt lat="51.270725" lon="8.601594">
        <ele>794.53</ele>
        <time>2026-08-11T00:37:10.4080000+00:00</time>
      </trkpt>
      <trkpt lat="51.270727" lon="8.601616">
        <ele>794.47</ele>
        <time>2026-08-11T00:37:10.8980000+00:00</time>
      </trkpt>
      <trkpt lat="51.270731" lon="8.601641">
        <ele>794.44</ele>
        <time>2026-08-11T00:37:11.4650000+00:00</time>
      </trkpt>
      <trkpt lat="51.270734" lon="8.601667">
        <ele>794.39</ele>
        <time>2026-08-11T00:37:12.0470000+00:00</time>
      </trkpt>
      <trkpt lat="51.270736" lon="8.601682">
        <ele>794.36</ele>
        <time>2026-08-11T00:37:12.3850000+00:00</time>
      </trkpt>
      <trkpt lat="51.270738" lon="8.601703">
        <ele>794.3</ele>
        <time>2026-08-11T00:37:12.8520000+00:00</time>
      </trkpt>
      <trkpt lat="51.270741" lon="8.601717">
        <ele>794.31</ele>
        <time>2026-08-11T00:37:13.1790000+00:00</time>
      </trkpt>
      <trkpt lat="51.270743" lon="8.601737">
        <ele>794.26</ele>
        <time>2026-08-11T00:37:13.6240000+00:00</time>
      </trkpt>
      <trkpt lat="51.270747" lon="8.601766">
        <ele>794.22</ele>
        <time>2026-08-11T00:37:14.2780000+00:00</time>
      </trkpt>
      <trkpt lat="51.270752" lon="8.601801">
        <ele>794.18</ele>
        <time>2026-08-11T00:37:15.0680000+00:00</time>
      </trkpt>
      <trkpt lat="51.270756" lon="8.601836">
        <ele>794.11</ele>
        <time>2026-08-11T00:37:15.8510000+00:00</time>
      </trkpt>
      <trkpt lat="51.270764" lon="8.601878">
        <ele>794.12</ele>
        <time>2026-08-11T00:37:16.8170000+00:00</time>
      </trkpt>
      <trkpt lat="51.270767" lon="8.6019">
        <ele>794.09</ele>
        <time>2026-08-11T00:37:17.3120000+00:00</time>
      </trkpt>
      <trkpt lat="51.270771" lon="8.60192">
        <ele>794.1</ele>
        <time>2026-08-11T00:37:17.7740000+00:00</time>
      </trkpt>
      <trkpt lat="51.270775" lon="8.601935">
        <ele>794.14</ele>
        <time>2026-08-11T00:37:18.1320000+00:00</time>
      </trkpt>
      <trkpt lat="51.270778" lon="8.601947">
        <ele>794.16</ele>
        <time>2026-08-11T00:37:18.4150000+00:00</time>
      </trkpt>
      <trkpt lat="51.270781" lon="8.601952">
        <ele>794.22</ele>
        <time>2026-08-11T00:37:18.5650000+00:00</time>
      </trkpt>
      <trkpt lat="51.270785" lon="8.601957">
        <ele>794.31</ele>
        <time>2026-08-11T00:37:18.7400000+00:00</time>
      </trkpt>
      <trkpt lat="51.270788" lon="8.60196">
        <ele>794.38</ele>
        <time>2026-08-11T00:37:18.8610000+00:00</time>
      </trkpt>
      <trkpt lat="51.270792" lon="8.601962">
        <ele>794.49</ele>
        <time>2026-08-11T00:37:19.0080000+00:00</time>
      </trkpt>
      <trkpt lat="51.270795" lon="8.601962">
        <ele>794.57</ele>
        <time>2026-08-11T00:37:19.1160000+00:00</time>
      </trkpt>
      <trkpt lat="51.270798" lon="8.601961">
        <ele>794.66</ele>
        <time>2026-08-11T00:37:19.2280000+00:00</time>
      </trkpt>
      <trkpt lat="51.270802" lon="8.601959">
        <ele>794.79</ele>
        <time>2026-08-11T00:37:19.3760000+00:00</time>
      </trkpt>
      <trkpt lat="51.270804" lon="8.601956">
        <ele>794.86</ele>
        <time>2026-08-11T00:37:19.4710000+00:00</time>
      </trkpt>
      <trkpt lat="51.270805" lon="8.601952">
        <ele>794.91</ele>
        <time>2026-08-11T00:37:19.5650000+00:00</time>
      </trkpt>
      <trkpt lat="51.270806" lon="8.601945">
        <ele>794.97</ele>
        <time>2026-08-11T00:37:19.7240000+00:00</time>
      </trkpt>
      <trkpt lat="51.270805" lon="8.601936">
        <ele>794.99</ele>
        <time>2026-08-11T00:37:19.9260000+00:00</time>
      </trkpt>
      <trkpt lat="51.270804" lon="8.601928">
        <ele>795</ele>
        <time>2026-08-11T00:37:20.1060000+00:00</time>
      </trkpt>
      <trkpt lat="51.270801" lon="8.601916">
        <ele>794.97</ele>
        <time>2026-08-11T00:37:20.3910000+00:00</time>
      </trkpt>
      <trkpt lat="51.270799" lon="8.601903">
        <ele>794.98</ele>
        <time>2026-08-11T00:37:20.6850000+00:00</time>
      </trkpt>
      <trkpt lat="51.270797" lon="8.601889">
        <ele>794.99</ele>
        <time>2026-08-11T00:37:21.0020000+00:00</time>
      </trkpt>
      <trkpt lat="51.270796" lon="8.601876">
        <ele>795.03</ele>
        <time>2026-08-11T00:37:21.2900000+00:00</time>
      </trkpt>
      <trkpt lat="51.270795" lon="8.601865">
        <ele>795.05</ele>
        <time>2026-08-11T00:37:21.5360000+00:00</time>
      </trkpt>
      <trkpt lat="51.270793" lon="8.601851">
        <ele>795.06</ele>
        <time>2026-08-11T00:37:21.8510000+00:00</time>
      </trkpt>
      <trkpt lat="51.270792" lon="8.601841">
        <ele>795.09</ele>
        <time>2026-08-11T00:37:22.0710000+00:00</time>
      </trkpt>
      <trkpt lat="51.27079" lon="8.601823">
        <ele>795.12</ele>
        <time>2026-08-11T00:37:22.4740000+00:00</time>
      </trkpt>
      <trkpt lat="51.270788" lon="8.60181">
        <ele>795.13</ele>
        <time>2026-08-11T00:37:22.7700000+00:00</time>
      </trkpt>
      <trkpt lat="51.270786" lon="8.601794">
        <ele>795.15</ele>
        <time>2026-08-11T00:37:23.1280000+00:00</time>
      </trkpt>
      <trkpt lat="51.270784" lon="8.601776">
        <ele>795.19</ele>
        <time>2026-08-11T00:37:23.5310000+00:00</time>
      </trkpt>
      <trkpt lat="51.270782" lon="8.601767">
        <ele>795.18</ele>
        <time>2026-08-11T00:37:23.7430000+00:00</time>
      </trkpt>
      <trkpt lat="51.27078" lon="8.601751">
        <ele>795.2</ele>
        <time>2026-08-11T00:37:24.1010000+00:00</time>
      </trkpt>
      <trkpt lat="51.270779" lon="8.601736">
        <ele>795.25</ele>
        <time>2026-08-11T00:37:24.4330000+00:00</time>
      </trkpt>
      <trkpt lat="51.270778" lon="8.601725">
        <ele>795.28</ele>
        <time>2026-08-11T00:37:24.6770000+00:00</time>
      </trkpt>
      <trkpt lat="51.270778" lon="8.601708">
        <ele>795.36</ele>
        <time>2026-08-11T00:37:25.0500000+00:00</time>
      </trkpt>
      <trkpt lat="51.270777" lon="8.601696">
        <ele>795.4</ele>
        <time>2026-08-11T00:37:25.3170000+00:00</time>
      </trkpt>
      <trkpt lat="51.270776" lon="8.601679">
        <ele>795.46</ele>
        <time>2026-08-11T00:37:25.6940000+00:00</time>
      </trkpt>
      <trkpt lat="51.270775" lon="8.601667">
        <ele>795.49</ele>
        <time>2026-08-11T00:37:25.9600000+00:00</time>
      </trkpt>
      <trkpt lat="51.270774" lon="8.601656">
        <ele>795.52</ele>
        <time>2026-08-11T00:37:26.2040000+00:00</time>
      </trkpt>
      <trkpt lat="51.270774" lon="8.601646">
        <ele>795.57</ele>
        <time>2026-08-11T00:37:26.4220000+00:00</time>
      </trkpt>
      <trkpt lat="51.270773" lon="8.601631">
        <ele>795.62</ele>
        <time>2026-08-11T00:37:26.7540000+00:00</time>
      </trkpt>
      <trkpt lat="51.270773" lon="8.601621">
        <ele>795.67</ele>
        <time>2026-08-11T00:37:26.9730000+00:00</time>
      </trkpt>
      <trkpt lat="51.270771" lon="8.601605">
        <ele>795.69</ele>
        <time>2026-08-11T00:37:27.3310000+00:00</time>
      </trkpt>
      <trkpt lat="51.270771" lon="8.601593">
        <ele>795.76</ele>
        <time>2026-08-11T00:37:27.5920000+00:00</time>
      </trkpt>
      <trkpt lat="51.270771" lon="8.601578">
        <ele>795.83</ele>
        <time>2026-08-11T00:37:27.9210000+00:00</time>
      </trkpt>
      <trkpt lat="51.270772" lon="8.601564">
        <ele>795.93</ele>
        <time>2026-08-11T00:37:28.2310000+00:00</time>
      </trkpt>
      <trkpt lat="51.270773" lon="8.601556">
        <ele>796</ele>
        <time>2026-08-11T00:37:28.4110000+00:00</time>
      </trkpt>
      <trkpt lat="51.270775" lon="8.601545">
        <ele>796.1</ele>
        <time>2026-08-11T00:37:28.6620000+00:00</time>
      </trkpt>
      <trkpt lat="51.270776" lon="8.601531">
        <ele>796.2</ele>
        <time>2026-08-11T00:37:28.9710000+00:00</time>
      </trkpt>
      <trkpt lat="51.270777" lon="8.601522">
        <ele>796.27</ele>
        <time>2026-08-11T00:37:29.1750000+00:00</time>
      </trkpt>
      <trkpt lat="51.270779" lon="8.601506">
        <ele>796.4</ele>
        <time>2026-08-11T00:37:29.5340000+00:00</time>
      </trkpt>
      <trkpt lat="51.270781" lon="8.601491">
        <ele>796.53</ele>
        <time>2026-08-11T00:37:29.8710000+00:00</time>
      </trkpt>
      <trkpt lat="51.270782" lon="8.601479">
        <ele>796.62</ele>
        <time>2026-08-11T00:37:30.1370000+00:00</time>
      </trkpt>
      <trkpt lat="51.270783" lon="8.601466">
        <ele>796.71</ele>
        <time>2026-08-11T00:37:30.4250000+00:00</time>
      </trkpt>
      <trkpt lat="51.270784" lon="8.601453">
        <ele>796.8</ele>
        <time>2026-08-11T00:37:30.7160000+00:00</time>
      </trkpt>
      <trkpt lat="51.270785" lon="8.601443">
        <ele>796.87</ele>
        <time>2026-08-11T00:37:30.9390000+00:00</time>
      </trkpt>
      <trkpt lat="51.270785" lon="8.601433">
        <ele>796.92</ele>
        <time>2026-08-11T00:37:31.1550000+00:00</time>
      </trkpt>
      <trkpt lat="51.270786" lon="8.601421">
        <ele>797.01</ele>
        <time>2026-08-11T00:37:31.4210000+00:00</time>
      </trkpt>
      <trkpt lat="51.270786" lon="8.601408">
        <ele>797.07</ele>
        <time>2026-08-11T00:37:31.7090000+00:00</time>
      </trkpt>
      <trkpt lat="51.270785" lon="8.601397">
        <ele>797.1</ele>
        <time>2026-08-11T00:37:31.9530000+00:00</time>
      </trkpt>
      <trkpt lat="51.270784" lon="8.601385">
        <ele>797.14</ele>
        <time>2026-08-11T00:37:32.2200000+00:00</time>
      </trkpt>
      <trkpt lat="51.270781" lon="8.601374">
        <ele>797.12</ele>
        <time>2026-08-11T00:37:32.4850000+00:00</time>
      </trkpt>
      <trkpt lat="51.27078" lon="8.601366">
        <ele>797.13</ele>
        <time>2026-08-11T00:37:32.6650000+00:00</time>
      </trkpt>
      <trkpt lat="51.270777" lon="8.601359">
        <ele>797.09</ele>
        <time>2026-08-11T00:37:32.8500000+00:00</time>
      </trkpt>
      <trkpt lat="51.270775" lon="8.601354">
        <ele>797.07</ele>
        <time>2026-08-11T00:37:32.9810000+00:00</time>
      </trkpt>
      <trkpt lat="51.270771" lon="8.601346">
        <ele>797.01</ele>
        <time>2026-08-11T00:37:33.2040000+00:00</time>
      </trkpt>
      <trkpt lat="51.270767" lon="8.601339">
        <ele>796.94</ele>
        <time>2026-08-11T00:37:33.4100000+00:00</time>
      </trkpt>
      <trkpt lat="51.270764" lon="8.601332">
        <ele>796.9</ele>
        <time>2026-08-11T00:37:33.5950000+00:00</time>
      </trkpt>
      <trkpt lat="51.270761" lon="8.601323">
        <ele>796.87</ele>
        <time>2026-08-11T00:37:33.8200000+00:00</time>
      </trkpt>
      <trkpt lat="51.270758" lon="8.601311">
        <ele>796.86</ele>
        <time>2026-08-11T00:37:34.1050000+00:00</time>
      </trkpt>
      <trkpt lat="51.270756" lon="8.601302">
        <ele>796.86</ele>
        <time>2026-08-11T00:37:34.3130000+00:00</time>
      </trkpt>
      <trkpt lat="51.270754" lon="8.601293">
        <ele>796.85</ele>
        <time>2026-08-11T00:37:34.5210000+00:00</time>
      </trkpt>
      <trkpt lat="51.270752" lon="8.60128">
        <ele>796.87</ele>
        <time>2026-08-11T00:37:34.8150000+00:00</time>
      </trkpt>
      <trkpt lat="51.270751" lon="8.601266">
        <ele>796.92</ele>
        <time>2026-08-11T00:37:35.1260000+00:00</time>
      </trkpt>
      <trkpt lat="51.270751" lon="8.60125">
        <ele>797</ele>
        <time>2026-08-11T00:37:35.4790000+00:00</time>
      </trkpt>
      <trkpt lat="51.270751" lon="8.601236">
        <ele>797.07</ele>
        <time>2026-08-11T00:37:35.7880000+00:00</time>
      </trkpt>
      <trkpt lat="51.270752" lon="8.601224">
        <ele>797.16</ele>
        <time>2026-08-11T00:37:36.0550000+00:00</time>
      </trkpt>
      <trkpt lat="51.270752" lon="8.601212">
        <ele>797.22</ele>
        <time>2026-08-11T00:37:36.3200000+00:00</time>
      </trkpt>
      <trkpt lat="51.270753" lon="8.601198">
        <ele>797.32</ele>
        <time>2026-08-11T00:37:36.6290000+00:00</time>
      </trkpt>
      <trkpt lat="51.270752" lon="8.601187">
        <ele>797.35</ele>
        <time>2026-08-11T00:37:36.8730000+00:00</time>
      </trkpt>
      <trkpt lat="51.270752" lon="8.601174">
        <ele>797.42</ele>
        <time>2026-08-11T00:37:37.1600000+00:00</time>
      </trkpt>
      <trkpt lat="51.27075" lon="8.60116">
        <ele>797.44</ele>
        <time>2026-08-11T00:37:37.4760000+00:00</time>
      </trkpt>
      <trkpt lat="51.270749" lon="8.601147">
        <ele>797.46</ele>
        <time>2026-08-11T00:37:37.7640000+00:00</time>
      </trkpt>
      <trkpt lat="51.270747" lon="8.601131">
        <ele>797.47</ele>
        <time>2026-08-11T00:37:38.1240000+00:00</time>
      </trkpt>
      <trkpt lat="51.270745" lon="8.60112">
        <ele>797.47</ele>
        <time>2026-08-11T00:37:38.3750000+00:00</time>
      </trkpt>
      <trkpt lat="51.270743" lon="8.60111">
        <ele>797.46</ele>
        <time>2026-08-11T00:37:38.6040000+00:00</time>
      </trkpt>
      <trkpt lat="51.270741" lon="8.601098">
        <ele>797.46</ele>
        <time>2026-08-11T00:37:38.8770000+00:00</time>
      </trkpt>
      <trkpt lat="51.270738" lon="8.601085">
        <ele>797.44</ele>
        <time>2026-08-11T00:37:39.1830000+00:00</time>
      </trkpt>
      <trkpt lat="51.270735" lon="8.601069">
        <ele>797.43</ele>
        <time>2026-08-11T00:37:39.5510000+00:00</time>
      </trkpt>
      <trkpt lat="51.270732" lon="8.601056">
        <ele>797.41</ele>
        <time>2026-08-11T00:37:39.8550000+00:00</time>
      </trkpt>
      <trkpt lat="51.270729" lon="8.601043">
        <ele>797.39</ele>
        <time>2026-08-11T00:37:40.1600000+00:00</time>
      </trkpt>
      <trkpt lat="51.270727" lon="8.601032">
        <ele>797.39</ele>
        <time>2026-08-11T00:37:40.4110000+00:00</time>
      </trkpt>
      <trkpt lat="51.270724" lon="8.601019">
        <ele>797.37</ele>
        <time>2026-08-11T00:37:40.7170000+00:00</time>
      </trkpt>
      <trkpt lat="51.270721" lon="8.601006">
        <ele>797.36</ele>
        <time>2026-08-11T00:37:41.0230000+00:00</time>
      </trkpt>
      <trkpt lat="51.270718" lon="8.600994">
        <ele>797.33</ele>
        <time>2026-08-11T00:37:41.3080000+00:00</time>
      </trkpt>
      <trkpt lat="51.270716" lon="8.600979">
        <ele>797.35</ele>
        <time>2026-08-11T00:37:41.6450000+00:00</time>
      </trkpt>
      <trkpt lat="51.270714" lon="8.600967">
        <ele>797.35</ele>
        <time>2026-08-11T00:37:41.9170000+00:00</time>
      </trkpt>
      <trkpt lat="51.270713" lon="8.600957">
        <ele>797.37</ele>
        <time>2026-08-11T00:37:42.1380000+00:00</time>
      </trkpt>
      <trkpt lat="51.270712" lon="8.600948">
        <ele>797.38</ele>
        <time>2026-08-11T00:37:42.3370000+00:00</time>
      </trkpt>
      <trkpt lat="51.270712" lon="8.600939">
        <ele>797.42</ele>
        <time>2026-08-11T00:37:42.5340000+00:00</time>
      </trkpt>
      <trkpt lat="51.270713" lon="8.600931">
        <ele>797.48</ele>
        <time>2026-08-11T00:37:42.7150000+00:00</time>
      </trkpt>
      <trkpt lat="51.270713" lon="8.600924">
        <ele>797.5</ele>
        <time>2026-08-11T00:37:42.8680000+00:00</time>
      </trkpt>
      <trkpt lat="51.270714" lon="8.600918">
        <ele>797.55</ele>
        <time>2026-08-11T00:37:43.0020000+00:00</time>
      </trkpt>
      <trkpt lat="51.270716" lon="8.600912">
        <ele>797.62</ele>
        <time>2026-08-11T00:37:43.1490000+00:00</time>
      </trkpt>
      <trkpt lat="51.270719" lon="8.600907">
        <ele>797.71</ele>
        <time>2026-08-11T00:37:43.3020000+00:00</time>
      </trkpt>
      <trkpt lat="51.270722" lon="8.600905">
        <ele>797.78</ele>
        <time>2026-08-11T00:37:43.4150000+00:00</time>
      </trkpt>
      <trkpt lat="51.270726" lon="8.600903">
        <ele>797.88</ele>
        <time>2026-08-11T00:37:43.5620000+00:00</time>
      </trkpt>
      <trkpt lat="51.27073" lon="8.600902">
        <ele>797.97</ele>
        <time>2026-08-11T00:37:43.7060000+00:00</time>
      </trkpt>
      <trkpt lat="51.270734" lon="8.600904">
        <ele>798.05</ele>
        <time>2026-08-11T00:37:43.8530000+00:00</time>
      </trkpt>
      <trkpt lat="51.270738" lon="8.60091">
        <ele>798.12</ele>
        <time>2026-08-11T00:37:44.0480000+00:00</time>
      </trkpt>
      <trkpt lat="51.270741" lon="8.600917">
        <ele>798.15</ele>
        <time>2026-08-11T00:37:44.2350000+00:00</time>
      </trkpt>
      <trkpt lat="51.270744" lon="8.600924">
        <ele>798.19</ele>
        <time>2026-08-11T00:37:44.4200000+00:00</time>
      </trkpt>
      <trkpt lat="51.270746" lon="8.600935">
        <ele>798.2</ele>
        <time>2026-08-11T00:37:44.6730000+00:00</time>
      </trkpt>
      <trkpt lat="51.270749" lon="8.600946">
        <ele>798.22</ele>
        <time>2026-08-11T00:37:44.9390000+00:00</time>
      </trkpt>
      <trkpt lat="51.270759" lon="8.600974">
        <ele>798.34</ele>
        <time>2026-08-11T00:37:45.6480000+00:00</time>
      </trkpt>
      <trkpt lat="51.270763" lon="8.600986">
        <ele>798.39</ele>
        <time>2026-08-11T00:37:45.9470000+00:00</time>
      </trkpt>
      <trkpt lat="51.270768" lon="8.600999">
        <ele>798.46</ele>
        <time>2026-08-11T00:37:46.2820000+00:00</time>
      </trkpt>
      <trkpt lat="51.270775" lon="8.601017">
        <ele>798.55</ele>
        <time>2026-08-11T00:37:46.7480000+00:00</time>
      </trkpt>
      <trkpt lat="51.270783" lon="8.60103">
        <ele>798.69</ele>
        <time>2026-08-11T00:37:47.1500000+00:00</time>
      </trkpt>
      <trkpt lat="51.27079" lon="8.601044">
        <ele>798.8</ele>
        <time>2026-08-11T00:37:47.5450000+00:00</time>
      </trkpt>
      <trkpt lat="51.270797" lon="8.601061">
        <ele>798.9</ele>
        <time>2026-08-11T00:37:47.9930000+00:00</time>
      </trkpt>
      <trkpt lat="51.270804" lon="8.601078">
        <ele>799.01</ele>
        <time>2026-08-11T00:37:48.4420000+00:00</time>
      </trkpt>
      <trkpt lat="51.27081" lon="8.601097">
        <ele>799.09</ele>
        <time>2026-08-11T00:37:48.9110000+00:00</time>
      </trkpt>
      <trkpt lat="51.270815" lon="8.601118">
        <ele>799.13</ele>
        <time>2026-08-11T00:37:49.4050000+00:00</time>
      </trkpt>
      <trkpt lat="51.270819" lon="8.601139">
        <ele>799.16</ele>
        <time>2026-08-11T00:37:49.8890000+00:00</time>
      </trkpt>
      <trkpt lat="51.270822" lon="8.60116">
        <ele>799.16</ele>
        <time>2026-08-11T00:37:50.3640000+00:00</time>
      </trkpt>
      <trkpt lat="51.270824" lon="8.60118">
        <ele>799.12</ele>
        <time>2026-08-11T00:37:50.8100000+00:00</time>
      </trkpt>
      <trkpt lat="51.270825" lon="8.601201">
        <ele>799.05</ele>
        <time>2026-08-11T00:37:51.2740000+00:00</time>
      </trkpt>
      <trkpt lat="51.270827" lon="8.601222">
        <ele>799</ele>
        <time>2026-08-11T00:37:51.7440000+00:00</time>
      </trkpt>
      <trkpt lat="51.270829" lon="8.601252">
        <ele>798.9</ele>
        <time>2026-08-11T00:37:52.4080000+00:00</time>
      </trkpt>
      <trkpt lat="51.27083" lon="8.601272">
        <ele>798.83</ele>
        <time>2026-08-11T00:37:52.8510000+00:00</time>
      </trkpt>
      <trkpt lat="51.27083" lon="8.601291">
        <ele>798.74</ele>
        <time>2026-08-11T00:37:53.2690000+00:00</time>
      </trkpt>
      <trkpt lat="51.270831" lon="8.601321">
        <ele>798.63</ele>
        <time>2026-08-11T00:37:53.9310000+00:00</time>
      </trkpt>
      <trkpt lat="51.270831" lon="8.601336">
        <ele>798.56</ele>
        <time>2026-08-11T00:37:54.2600000+00:00</time>
      </trkpt>
      <trkpt lat="51.270831" lon="8.601356">
        <ele>798.46</ele>
        <time>2026-08-11T00:37:54.6990000+00:00</time>
      </trkpt>
      <trkpt lat="51.270831" lon="8.601375">
        <ele>798.37</ele>
        <time>2026-08-11T00:37:55.1170000+00:00</time>
      </trkpt>
      <trkpt lat="51.270832" lon="8.601407">
        <ele>798.25</ele>
        <time>2026-08-11T00:37:55.8220000+00:00</time>
      </trkpt>
      <trkpt lat="51.270833" lon="8.601427">
        <ele>798.18</ele>
        <time>2026-08-11T00:37:56.2640000+00:00</time>
      </trkpt>
      <trkpt lat="51.270835" lon="8.601445">
        <ele>798.15</ele>
        <time>2026-08-11T00:37:56.6670000+00:00</time>
      </trkpt>
      <trkpt lat="51.270836" lon="8.601458">
        <ele>798.11</ele>
        <time>2026-08-11T00:37:56.9550000+00:00</time>
      </trkpt>
      <trkpt lat="51.270839" lon="8.60147">
        <ele>798.13</ele>
        <time>2026-08-11T00:37:57.2380000+00:00</time>
      </trkpt>
      <trkpt lat="51.270843" lon="8.601478">
        <ele>798.2</ele>
        <time>2026-08-11T00:37:57.4630000+00:00</time>
      </trkpt>
      <trkpt lat="51.270846" lon="8.601484">
        <ele>798.25</ele>
        <time>2026-08-11T00:37:57.6300000+00:00</time>
      </trkpt>
      <trkpt lat="51.270849" lon="8.601485">
        <ele>798.32</ele>
        <time>2026-08-11T00:37:57.7390000+00:00</time>
      </trkpt>
      <trkpt lat="51.270853" lon="8.601485">
        <ele>798.42</ele>
        <time>2026-08-11T00:37:57.8790000+00:00</time>
      </trkpt>
      <trkpt lat="51.270857" lon="8.60148">
        <ele>798.55</ele>
        <time>2026-08-11T00:37:58.0570000+00:00</time>
      </trkpt>
      <trkpt lat="51.27086" lon="8.601471">
        <ele>798.67</ele>
        <time>2026-08-11T00:37:58.2820000+00:00</time>
      </trkpt>
      <trkpt lat="51.270862" lon="8.601457">
        <ele>798.78</ele>
        <time>2026-08-11T00:37:58.5980000+00:00</time>
      </trkpt>
      <trkpt lat="51.270862" lon="8.601441">
        <ele>798.86</ele>
        <time>2026-08-11T00:37:58.9510000+00:00</time>
      </trkpt>
      <trkpt lat="51.270863" lon="8.601423">
        <ele>798.96</ele>
        <time>2026-08-11T00:37:59.3480000+00:00</time>
      </trkpt>
      <trkpt lat="51.270866" lon="8.601409">
        <ele>799.1</ele>
        <time>2026-08-11T00:37:59.6750000+00:00</time>
      </trkpt>
      <trkpt lat="51.27087" lon="8.601393">
        <ele>799.28</ele>
        <time>2026-08-11T00:38:00.0520000+00:00</time>
      </trkpt>
      <trkpt lat="51.270875" lon="8.601377">
        <ele>799.47</ele>
        <time>2026-08-11T00:38:00.4460000+00:00</time>
      </trkpt>
      <trkpt lat="51.270879" lon="8.601355">
        <ele>799.67</ele>
        <time>2026-08-11T00:38:00.9510000+00:00</time>
      </trkpt>
      <trkpt lat="51.27088" lon="8.601345">
        <ele>799.74</ele>
        <time>2026-08-11T00:38:01.1710000+00:00</time>
      </trkpt>
      <trkpt lat="51.270883" lon="8.601327">
        <ele>799.9</ele>
        <time>2026-08-11T00:38:01.5820000+00:00</time>
      </trkpt>
      <trkpt lat="51.270886" lon="8.601309">
        <ele>800.05</ele>
        <time>2026-08-11T00:38:01.9930000+00:00</time>
      </trkpt>
      <trkpt lat="51.270888" lon="8.601296">
        <ele>800.16</ele>
        <time>2026-08-11T00:38:02.2870000+00:00</time>
      </trkpt>
      <trkpt lat="51.270889" lon="8.601281">
        <ele>800.25</ele>
        <time>2026-08-11T00:38:02.6190000+00:00</time>
      </trkpt>
      <trkpt lat="51.270891" lon="8.601264">
        <ele>800.37</ele>
        <time>2026-08-11T00:38:03.0000000+00:00</time>
      </trkpt>
      <trkpt lat="51.270891" lon="8.601252">
        <ele>800.42</ele>
        <time>2026-08-11T00:38:03.2650000+00:00</time>
      </trkpt>
      <trkpt lat="51.270892" lon="8.601231">
        <ele>800.54</ele>
        <time>2026-08-11T00:38:03.7290000+00:00</time>
      </trkpt>
      <trkpt lat="51.270893" lon="8.601213">
        <ele>800.64</ele>
        <time>2026-08-11T00:38:04.1280000+00:00</time>
      </trkpt>
      <trkpt lat="51.270893" lon="8.601198">
        <ele>800.71</ele>
        <time>2026-08-11T00:38:04.4580000+00:00</time>
      </trkpt>
      <trkpt lat="51.270892" lon="8.601166">
        <ele>800.82</ele>
        <time>2026-08-11T00:38:05.1640000+00:00</time>
      </trkpt>
      <trkpt lat="51.270892" lon="8.601143">
        <ele>800.89</ele>
        <time>2026-08-11T00:38:05.6700000+00:00</time>
      </trkpt>
      <trkpt lat="51.270891" lon="8.601124">
        <ele>800.92</ele>
        <time>2026-08-11T00:38:06.0910000+00:00</time>
      </trkpt>
      <trkpt lat="51.27089" lon="8.601098">
        <ele>800.97</ele>
        <time>2026-08-11T00:38:06.6640000+00:00</time>
      </trkpt>
      <trkpt lat="51.270888" lon="8.601071">
        <ele>800.99</ele>
        <time>2026-08-11T00:38:07.2610000+00:00</time>
      </trkpt>
      <trkpt lat="51.270885" lon="8.601049">
        <ele>800.99</ele>
        <time>2026-08-11T00:38:07.7570000+00:00</time>
      </trkpt>
      <trkpt lat="51.27088" lon="8.601028">
        <ele>800.93</ele>
        <time>2026-08-11T00:38:08.2520000+00:00</time>
      </trkpt>
      <trkpt lat="51.270875" lon="8.601003">
        <ele>800.89</ele>
        <time>2026-08-11T00:38:08.8300000+00:00</time>
      </trkpt>
      <trkpt lat="51.270872" lon="8.600982">
        <ele>800.88</ele>
        <time>2026-08-11T00:38:09.3050000+00:00</time>
      </trkpt>
      <trkpt lat="51.270867" lon="8.60096">
        <ele>800.83</ele>
        <time>2026-08-11T00:38:09.8200000+00:00</time>
      </trkpt>
      <trkpt lat="51.270863" lon="8.600938">
        <ele>800.8</ele>
        <time>2026-08-11T00:38:10.3240000+00:00</time>
      </trkpt>
      <trkpt lat="51.270859" lon="8.600912">
        <ele>800.79</ele>
        <time>2026-08-11T00:38:10.9130000+00:00</time>
      </trkpt>
      <trkpt lat="51.270859" lon="8.60089">
        <ele>800.86</ele>
        <time>2026-08-11T00:38:11.3980000+00:00</time>
      </trkpt>
      <trkpt lat="51.270859" lon="8.600861">
        <ele>800.94</ele>
        <time>2026-08-11T00:38:12.0360000+00:00</time>
      </trkpt>
      <trkpt lat="51.270861" lon="8.600833">
        <ele>801.07</ele>
        <time>2026-08-11T00:38:12.6560000+00:00</time>
      </trkpt>
      <trkpt lat="51.270862" lon="8.600805">
        <ele>801.18</ele>
        <time>2026-08-11T00:38:13.2730000+00:00</time>
      </trkpt>
      <trkpt lat="51.270864" lon="8.600782">
        <ele>801.29</ele>
        <time>2026-08-11T00:38:13.7840000+00:00</time>
      </trkpt>
      <trkpt lat="51.270866" lon="8.600769">
        <ele>801.37</ele>
        <time>2026-08-11T00:38:14.0780000+00:00</time>
      </trkpt>
      <trkpt lat="51.270869" lon="8.600752">
        <ele>801.48</ele>
        <time>2026-08-11T00:38:14.4660000+00:00</time>
      </trkpt>
      <trkpt lat="51.27087" lon="8.600742">
        <ele>801.53</ele>
        <time>2026-08-11T00:38:14.6890000+00:00</time>
      </trkpt>
      <trkpt lat="51.270871" lon="8.600731">
        <ele>801.58</ele>
        <time>2026-08-11T00:38:14.9330000+00:00</time>
      </trkpt>
      <trkpt lat="51.270871" lon="8.600715">
        <ele>801.63</ele>
        <time>2026-08-11T00:38:15.2860000+00:00</time>
      </trkpt>
      <trkpt lat="51.270871" lon="8.600703">
        <ele>801.67</ele>
        <time>2026-08-11T00:38:15.5510000+00:00</time>
      </trkpt>
      <trkpt lat="51.27087" lon="8.600687">
        <ele>801.69</ele>
        <time>2026-08-11T00:38:15.9040000+00:00</time>
      </trkpt>
      <trkpt lat="51.270869" lon="8.600667">
        <ele>801.73</ele>
        <time>2026-08-11T00:38:16.3450000+00:00</time>
      </trkpt>
      <trkpt lat="51.270868" lon="8.600652">
        <ele>801.75</ele>
        <time>2026-08-11T00:38:16.6770000+00:00</time>
      </trkpt>
      <trkpt lat="51.270867" lon="8.600639">
        <ele>801.77</ele>
        <time>2026-08-11T00:38:16.9650000+00:00</time>
      </trkpt>
      <trkpt lat="51.270866" lon="8.600624">
        <ele>801.8</ele>
        <time>2026-08-11T00:38:17.2970000+00:00</time>
      </trkpt>
      <trkpt lat="51.270867" lon="8.600609">
        <ele>801.86</ele>
        <time>2026-08-11T00:38:17.6290000+00:00</time>
      </trkpt>
      <trkpt lat="51.270867" lon="8.600597">
        <ele>801.89</ele>
        <time>2026-08-11T00:38:17.8940000+00:00</time>
      </trkpt>
      <trkpt lat="51.27087" lon="8.600582">
        <ele>802</ele>
        <time>2026-08-11T00:38:18.2420000+00:00</time>
      </trkpt>
      <trkpt lat="51.270874" lon="8.600575">
        <ele>802.1</ele>
        <time>2026-08-11T00:38:18.4500000+00:00</time>
      </trkpt>
      <trkpt lat="51.27088" lon="8.60057">
        <ele>802.23</ele>
        <time>2026-08-11T00:38:18.6860000+00:00</time>
      </trkpt>
      <trkpt lat="51.270887" lon="8.600569">
        <ele>802.37</ele>
        <time>2026-08-11T00:38:18.9340000+00:00</time>
      </trkpt>
      <trkpt lat="51.270894" lon="8.60057">
        <ele>802.51</ele>
        <time>2026-08-11T00:38:19.1810000+00:00</time>
      </trkpt>
      <trkpt lat="51.270899" lon="8.600575">
        <ele>802.59</ele>
        <time>2026-08-11T00:38:19.3900000+00:00</time>
      </trkpt>
      <trkpt lat="51.270903" lon="8.600583">
        <ele>802.65</ele>
        <time>2026-08-11T00:38:19.6140000+00:00</time>
      </trkpt>
      <trkpt lat="51.270906" lon="8.600591">
        <ele>802.69</ele>
        <time>2026-08-11T00:38:19.8180000+00:00</time>
      </trkpt>
      <trkpt lat="51.270909" lon="8.600608">
        <ele>802.7</ele>
        <time>2026-08-11T00:38:20.2060000+00:00</time>
      </trkpt>
      <trkpt lat="51.27091" lon="8.600623">
        <ele>802.68</ele>
        <time>2026-08-11T00:38:20.5380000+00:00</time>
      </trkpt>
      <trkpt lat="51.270911" lon="8.600638">
        <ele>802.66</ele>
        <time>2026-08-11T00:38:20.8700000+00:00</time>
      </trkpt>
      <trkpt lat="51.270911" lon="8.600653">
        <ele>802.62</ele>
        <time>2026-08-11T00:38:21.2000000+00:00</time>
      </trkpt>
      <trkpt lat="51.270911" lon="8.60067">
        <ele>802.58</ele>
        <time>2026-08-11T00:38:21.5740000+00:00</time>
      </trkpt>
      <trkpt lat="51.27091" lon="8.60069">
        <ele>802.51</ele>
        <time>2026-08-11T00:38:22.0150000+00:00</time>
      </trkpt>
      <trkpt lat="51.27091" lon="8.600705">
        <ele>802.47</ele>
        <time>2026-08-11T00:38:22.3440000+00:00</time>
      </trkpt>
      <trkpt lat="51.27091" lon="8.600722">
        <ele>802.42</ele>
        <time>2026-08-11T00:38:22.7170000+00:00</time>
      </trkpt>
      <trkpt lat="51.27091" lon="8.600744">
        <ele>802.37</ele>
        <time>2026-08-11T00:38:23.2000000+00:00</time>
      </trkpt>
      <trkpt lat="51.270911" lon="8.600758">
        <ele>802.35</ele>
        <time>2026-08-11T00:38:23.5090000+00:00</time>
      </trkpt>
      <trkpt lat="51.270912" lon="8.60077">
        <ele>802.34</ele>
        <time>2026-08-11T00:38:23.7770000+00:00</time>
      </trkpt>
      <trkpt lat="51.270915" lon="8.600788">
        <ele>802.36</ele>
        <time>2026-08-11T00:38:24.1880000+00:00</time>
      </trkpt>
      <trkpt lat="51.270917" lon="8.600802">
        <ele>802.36</ele>
        <time>2026-08-11T00:38:24.5060000+00:00</time>
      </trkpt>
      <trkpt lat="51.27092" lon="8.600816">
        <ele>802.39</ele>
        <time>2026-08-11T00:38:24.8310000+00:00</time>
      </trkpt>
      <trkpt lat="51.270924" lon="8.600834">
        <ele>802.43</ele>
        <time>2026-08-11T00:38:25.2510000+00:00</time>
      </trkpt>
      <trkpt lat="51.270928" lon="8.600853">
        <ele>802.47</ele>
        <time>2026-08-11T00:38:25.6930000+00:00</time>
      </trkpt>
      <trkpt lat="51.270932" lon="8.600873">
        <ele>802.51</ele>
        <time>2026-08-11T00:38:26.1550000+00:00</time>
      </trkpt>
      <trkpt lat="51.270935" lon="8.600897">
        <ele>802.52</ele>
        <time>2026-08-11T00:38:26.6930000+00:00</time>
      </trkpt>
      <trkpt lat="51.270937" lon="8.600913">
        <ele>802.52</ele>
        <time>2026-08-11T00:38:27.0510000+00:00</time>
      </trkpt>
      <trkpt lat="51.270938" lon="8.600933">
        <ele>802.49</ele>
        <time>2026-08-11T00:38:27.4930000+00:00</time>
      </trkpt>
      <trkpt lat="51.270938" lon="8.600952">
        <ele>802.45</ele>
        <time>2026-08-11T00:38:27.9110000+00:00</time>
      </trkpt>
      <trkpt lat="51.270939" lon="8.600972">
        <ele>802.42</ele>
        <time>2026-08-11T00:38:28.3530000+00:00</time>
      </trkpt>
      <trkpt lat="51.27094" lon="8.600994">
        <ele>802.39</ele>
        <time>2026-08-11T00:38:28.8400000+00:00</time>
      </trkpt>
      <trkpt lat="51.270942" lon="8.601009">
        <ele>802.4</ele>
        <time>2026-08-11T00:38:29.1770000+00:00</time>
      </trkpt>
      <trkpt lat="51.270943" lon="8.60103">
        <ele>802.37</ele>
        <time>2026-08-11T00:38:29.6400000+00:00</time>
      </trkpt>
      <trkpt lat="51.270946" lon="8.60105">
        <ele>802.4</ele>
        <time>2026-08-11T00:38:30.0930000+00:00</time>
      </trkpt>
      <trkpt lat="51.270947" lon="8.601064">
        <ele>802.39</ele>
        <time>2026-08-11T00:38:30.4020000+00:00</time>
      </trkpt>
      <trkpt lat="51.270948" lon="8.60108">
        <ele>802.37</ele>
        <time>2026-08-11T00:38:30.7550000+00:00</time>
      </trkpt>
      <trkpt lat="51.270949" lon="8.601097">
        <ele>802.36</ele>
        <time>2026-08-11T00:38:31.1300000+00:00</time>
      </trkpt>
      <trkpt lat="51.270949" lon="8.601109">
        <ele>802.33</ele>
        <time>2026-08-11T00:38:31.3950000+00:00</time>
      </trkpt>
      <trkpt lat="51.270949" lon="8.601124">
        <ele>802.29</ele>
        <time>2026-08-11T00:38:31.7270000+00:00</time>
      </trkpt>
      <trkpt lat="51.27095" lon="8.601143">
        <ele>802.27</ele>
        <time>2026-08-11T00:38:32.1470000+00:00</time>
      </trkpt>
      <trkpt lat="51.270953" lon="8.601162">
        <ele>802.3</ele>
        <time>2026-08-11T00:38:32.5780000+00:00</time>
      </trkpt>
      <trkpt lat="51.270956" lon="8.601174">
        <ele>802.33</ele>
        <time>2026-08-11T00:38:32.8630000+00:00</time>
      </trkpt>
      <trkpt lat="51.270959" lon="8.601189">
        <ele>802.34</ele>
        <time>2026-08-11T00:38:33.2110000+00:00</time>
      </trkpt>
      <trkpt lat="51.270961" lon="8.601201">
        <ele>802.34</ele>
        <time>2026-08-11T00:38:33.4830000+00:00</time>
      </trkpt>
      <trkpt lat="51.270964" lon="8.601209">
        <ele>802.38</ele>
        <time>2026-08-11T00:38:33.6890000+00:00</time>
      </trkpt>
      <trkpt lat="51.270968" lon="8.601214">
        <ele>802.46</ele>
        <time>2026-08-11T00:38:33.8690000+00:00</time>
      </trkpt>
      <trkpt lat="51.270973" lon="8.601216">
        <ele>802.58</ele>
        <time>2026-08-11T00:38:34.0490000+00:00</time>
      </trkpt>
      <trkpt lat="51.270978" lon="8.601215">
        <ele>802.7</ele>
        <time>2026-08-11T00:38:34.2270000+00:00</time>
      </trkpt>
      <trkpt lat="51.270982" lon="8.601213">
        <ele>802.81</ele>
        <time>2026-08-11T00:38:34.3740000+00:00</time>
      </trkpt>
      <trkpt lat="51.270986" lon="8.601207">
        <ele>802.93</ele>
        <time>2026-08-11T00:38:34.5690000+00:00</time>
      </trkpt>
      <trkpt lat="51.270988" lon="8.601199">
        <ele>803</ele>
        <time>2026-08-11T00:38:34.7590000+00:00</time>
      </trkpt>
      <trkpt lat="51.270989" lon="8.601188">
        <ele>803.07</ele>
        <time>2026-08-11T00:38:35.0030000+00:00</time>
      </trkpt>
      <trkpt lat="51.270991" lon="8.601175">
        <ele>803.17</ele>
        <time>2026-08-11T00:38:35.2970000+00:00</time>
      </trkpt>
      <trkpt lat="51.270992" lon="8.60116">
        <ele>803.24</ele>
        <time>2026-08-11T00:38:35.6290000+00:00</time>
      </trkpt>
      <trkpt lat="51.270994" lon="8.601146">
        <ele>803.32</ele>
        <time>2026-08-11T00:38:35.9470000+00:00</time>
      </trkpt>
      <trkpt lat="51.270996" lon="8.601127">
        <ele>803.4</ele>
        <time>2026-08-11T00:38:36.3710000+00:00</time>
      </trkpt>
      <trkpt lat="51.270998" lon="8.601113">
        <ele>803.48</ele>
        <time>2026-08-11T00:38:36.6880000+00:00</time>
      </trkpt>
      <trkpt lat="51.271002" lon="8.601094">
        <ele>803.61</ele>
        <time>2026-08-11T00:38:37.1290000+00:00</time>
      </trkpt>
      <trkpt lat="51.271005" lon="8.601081">
        <ele>803.7</ele>
        <time>2026-08-11T00:38:37.4330000+00:00</time>
      </trkpt>
      <trkpt lat="51.271007" lon="8.601067">
        <ele>803.78</ele>
        <time>2026-08-11T00:38:37.7510000+00:00</time>
      </trkpt>
      <trkpt lat="51.271008" lon="8.601053">
        <ele>803.83</ele>
        <time>2026-08-11T00:38:38.0630000+00:00</time>
      </trkpt>
      <trkpt lat="51.271008" lon="8.601039">
        <ele>803.86</ele>
        <time>2026-08-11T00:38:38.3700000+00:00</time>
      </trkpt>
      <trkpt lat="51.271007" lon="8.60102">
        <ele>803.87</ele>
        <time>2026-08-11T00:38:38.7910000+00:00</time>
      </trkpt>
      <trkpt lat="51.271006" lon="8.601006">
        <ele>803.87</ele>
        <time>2026-08-11T00:38:39.1020000+00:00</time>
      </trkpt>
      <trkpt lat="51.271004" lon="8.600993">
        <ele>803.85</ele>
        <time>2026-08-11T00:38:39.3960000+00:00</time>
      </trkpt>
      <trkpt lat="51.271003" lon="8.60098">
        <ele>803.85</ele>
        <time>2026-08-11T00:38:39.6840000+00:00</time>
      </trkpt>
      <trkpt lat="51.271002" lon="8.600963">
        <ele>803.87</ele>
        <time>2026-08-11T00:38:40.0590000+00:00</time>
      </trkpt>
      <trkpt lat="51.271" lon="8.600946">
        <ele>803.85</ele>
        <time>2026-08-11T00:38:40.4390000+00:00</time>
      </trkpt>
      <trkpt lat="51.271" lon="8.600926">
        <ele>803.89</ele>
        <time>2026-08-11T00:38:40.8790000+00:00</time>
      </trkpt>
      <trkpt lat="51.271" lon="8.600901">
        <ele>803.94</ele>
        <time>2026-08-11T00:38:41.4300000+00:00</time>
      </trkpt>
      <trkpt lat="51.271" lon="8.600883">
        <ele>803.98</ele>
        <time>2026-08-11T00:38:41.8260000+00:00</time>
      </trkpt>
      <trkpt lat="51.271" lon="8.600865">
        <ele>804.01</ele>
        <time>2026-08-11T00:38:42.2220000+00:00</time>
      </trkpt>
      <trkpt lat="51.271001" lon="8.600846">
        <ele>804.07</ele>
        <time>2026-08-11T00:38:42.6430000+00:00</time>
      </trkpt>
      <trkpt lat="51.271002" lon="8.600832">
        <ele>804.12</ele>
        <time>2026-08-11T00:38:42.9540000+00:00</time>
      </trkpt>
      <trkpt lat="51.271004" lon="8.60081">
        <ele>804.21</ele>
        <time>2026-08-11T00:38:43.4420000+00:00</time>
      </trkpt>
      <trkpt lat="51.271005" lon="8.600791">
        <ele>804.27</ele>
        <time>2026-08-11T00:38:43.8630000+00:00</time>
      </trkpt>
      <trkpt lat="51.271006" lon="8.600776">
        <ele>804.32</ele>
        <time>2026-08-11T00:38:44.1950000+00:00</time>
      </trkpt>
      <trkpt lat="51.271006" lon="8.60076">
        <ele>804.35</ele>
        <time>2026-08-11T00:38:44.5480000+00:00</time>
      </trkpt>
      <trkpt lat="51.271005" lon="8.600743">
        <ele>804.36</ele>
        <time>2026-08-11T00:38:44.9230000+00:00</time>
      </trkpt>
      <trkpt lat="51.271003" lon="8.600728">
        <ele>804.35</ele>
        <time>2026-08-11T00:38:45.2600000+00:00</time>
      </trkpt>
      <trkpt lat="51.271001" lon="8.60071">
        <ele>804.34</ele>
        <time>2026-08-11T00:38:45.6630000+00:00</time>
      </trkpt>
      <trkpt lat="51.271" lon="8.600691">
        <ele>804.36</ele>
        <time>2026-08-11T00:38:46.0830000+00:00</time>
      </trkpt>
      <trkpt lat="51.270999" lon="8.600677">
        <ele>804.36</ele>
        <time>2026-08-11T00:38:46.3930000+00:00</time>
      </trkpt>
      <trkpt lat="51.270999" lon="8.60066">
        <ele>804.4</ele>
        <time>2026-08-11T00:38:46.7660000+00:00</time>
      </trkpt>
      <trkpt lat="51.271" lon="8.600645">
        <ele>804.45</ele>
        <time>2026-08-11T00:38:47.0980000+00:00</time>
      </trkpt>
      <trkpt lat="51.271003" lon="8.600627">
        <ele>804.54</ele>
        <time>2026-08-11T00:38:47.5080000+00:00</time>
      </trkpt>
      <trkpt lat="51.271005" lon="8.600616">
        <ele>804.61</ele>
        <time>2026-08-11T00:38:47.7590000+00:00</time>
      </trkpt>
      <trkpt lat="51.27101" lon="8.600598">
        <ele>804.74</ele>
        <time>2026-08-11T00:38:48.1920000+00:00</time>
      </trkpt>
      <trkpt lat="51.271014" lon="8.600583">
        <ele>804.85</ele>
        <time>2026-08-11T00:38:48.5510000+00:00</time>
      </trkpt>
      <trkpt lat="51.271018" lon="8.600562">
        <ele>804.97</ele>
        <time>2026-08-11T00:38:49.0360000+00:00</time>
      </trkpt>
      <trkpt lat="51.271021" lon="8.600544">
        <ele>805.06</ele>
        <time>2026-08-11T00:38:49.4450000+00:00</time>
      </trkpt>
      <trkpt lat="51.271022" lon="8.600525">
        <ele>805.11</ele>
        <time>2026-08-11T00:38:49.8660000+00:00</time>
      </trkpt>
      <trkpt lat="51.271022" lon="8.600509">
        <ele>805.14</ele>
        <time>2026-08-11T00:38:50.2190000+00:00</time>
      </trkpt>
      <trkpt lat="51.271021" lon="8.600492">
        <ele>805.15</ele>
        <time>2026-08-11T00:38:50.5940000+00:00</time>
      </trkpt>
      <trkpt lat="51.27102" lon="8.600477">
        <ele>805.16</ele>
        <time>2026-08-11T00:38:50.9260000+00:00</time>
      </trkpt>
      <trkpt lat="51.271018" lon="8.600454">
        <ele>805.17</ele>
        <time>2026-08-11T00:38:51.4360000+00:00</time>
      </trkpt>
      <trkpt lat="51.271018" lon="8.600435">
        <ele>805.2</ele>
        <time>2026-08-11T00:38:51.8550000+00:00</time>
      </trkpt>
      <trkpt lat="51.271018" lon="8.600417">
        <ele>805.23</ele>
        <time>2026-08-11T00:38:52.2510000+00:00</time>
      </trkpt>
      <trkpt lat="51.271019" lon="8.6004">
        <ele>805.28</ele>
        <time>2026-08-11T00:38:52.6270000+00:00</time>
      </trkpt>
      <trkpt lat="51.27102" lon="8.600386">
        <ele>805.33</ele>
        <time>2026-08-11T00:38:52.9380000+00:00</time>
      </trkpt>
      <trkpt lat="51.271022" lon="8.600375">
        <ele>805.39</ele>
        <time>2026-08-11T00:38:53.1890000+00:00</time>
      </trkpt>
      <trkpt lat="51.271023" lon="8.600363">
        <ele>805.43</ele>
        <time>2026-08-11T00:38:53.4540000+00:00</time>
      </trkpt>
      <trkpt lat="51.271025" lon="8.600347">
        <ele>805.49</ele>
        <time>2026-08-11T00:38:53.8130000+00:00</time>
      </trkpt>
      <trkpt lat="51.271025" lon="8.600338">
        <ele>805.51</ele>
        <time>2026-08-11T00:38:54.0100000+00:00</time>
      </trkpt>
      <trkpt lat="51.271025" lon="8.600322">
        <ele>805.54</ele>
        <time>2026-08-11T00:38:54.3620000+00:00</time>
      </trkpt>
      <trkpt lat="51.271025" lon="8.600309">
        <ele>805.56</ele>
        <time>2026-08-11T00:38:54.6470000+00:00</time>
      </trkpt>
      <trkpt lat="51.271024" lon="8.600296">
        <ele>805.56</ele>
        <time>2026-08-11T00:38:54.9350000+00:00</time>
      </trkpt>
      <trkpt lat="51.271023" lon="8.60028">
        <ele>805.58</ele>
        <time>2026-08-11T00:38:55.2880000+00:00</time>
      </trkpt>
      <trkpt lat="51.271022" lon="8.600263">
        <ele>805.59</ele>
        <time>2026-08-11T00:38:55.6630000+00:00</time>
      </trkpt>
      <trkpt lat="51.27102" lon="8.600231">
        <ele>805.61</ele>
        <time>2026-08-11T00:38:56.3710000+00:00</time>
      </trkpt>
      <trkpt lat="51.271018" lon="8.600204">
        <ele>805.63</ele>
        <time>2026-08-11T00:38:56.9680000+00:00</time>
      </trkpt>
      <trkpt lat="51.271017" lon="8.600186">
        <ele>805.64</ele>
        <time>2026-08-11T00:38:57.3670000+00:00</time>
      </trkpt>
      <trkpt lat="51.271016" lon="8.600165">
        <ele>805.67</ele>
        <time>2026-08-11T00:38:57.8300000+00:00</time>
      </trkpt>
      <trkpt lat="51.271014" lon="8.60012">
        <ele>805.72</ele>
        <time>2026-08-11T00:38:58.8230000+00:00</time>
      </trkpt>
      <trkpt lat="51.271013" lon="8.600087">
        <ele>805.76</ele>
        <time>2026-08-11T00:38:59.5510000+00:00</time>
      </trkpt>
      <trkpt lat="51.271013" lon="8.600057">
        <ele>805.82</ele>
        <time>2026-08-11T00:39:00.2100000+00:00</time>
      </trkpt>
      <trkpt lat="51.271014" lon="8.600025">
        <ele>805.89</ele>
        <time>2026-08-11T00:39:00.9150000+00:00</time>
      </trkpt>
      <trkpt lat="51.271018" lon="8.599992">
        <ele>806.02</ele>
        <time>2026-08-11T00:39:01.6560000+00:00</time>
      </trkpt>
      <trkpt lat="51.271025" lon="8.599957">
        <ele>806.19</ele>
        <time>2026-08-11T00:39:02.4650000+00:00</time>
      </trkpt>
      <trkpt lat="51.271029" lon="8.599934">
        <ele>806.29</ele>
        <time>2026-08-11T00:39:02.9900000+00:00</time>
      </trkpt>
      <trkpt lat="51.271034" lon="8.599901">
        <ele>806.43</ele>
        <time>2026-08-11T00:39:03.7380000+00:00</time>
      </trkpt>
      <trkpt lat="51.271043" lon="8.599873">
        <ele>806.61</ele>
        <time>2026-08-11T00:39:04.4320000+00:00</time>
      </trkpt>
      <trkpt lat="51.271055" lon="8.599846">
        <ele>806.82</ele>
        <time>2026-08-11T00:39:05.1600000+00:00</time>
      </trkpt>
      <trkpt lat="51.271072" lon="8.599817">
        <ele>807.11</ele>
        <time>2026-08-11T00:39:06.0340000+00:00</time>
      </trkpt>
      <trkpt lat="51.27109" lon="8.599796">
        <ele>807.4</ele>
        <time>2026-08-11T00:39:06.8190000+00:00</time>
      </trkpt>
      <trkpt lat="51.271107" lon="8.599782">
        <ele>807.66</ele>
        <time>2026-08-11T00:39:07.4920000+00:00</time>
      </trkpt>
      <trkpt lat="51.271118" lon="8.59977">
        <ele>807.82</ele>
        <time>2026-08-11T00:39:07.9600000+00:00</time>
      </trkpt>
      <trkpt lat="51.271129" lon="8.599758">
        <ele>807.99</ele>
        <time>2026-08-11T00:39:08.4280000+00:00</time>
      </trkpt>
      <trkpt lat="51.271137" lon="8.59974">
        <ele>808.12</ele>
        <time>2026-08-11T00:39:08.9140000+00:00</time>
      </trkpt>
      <trkpt lat="51.27115" lon="8.599713">
        <ele>808.32</ele>
        <time>2026-08-11T00:39:09.6650000+00:00</time>
      </trkpt>
      <trkpt lat="51.271166" lon="8.599688">
        <ele>808.56</ele>
        <time>2026-08-11T00:39:10.4520000+00:00</time>
      </trkpt>
      <trkpt lat="51.271176" lon="8.599675">
        <ele>808.7</ele>
        <time>2026-08-11T00:39:10.9060000+00:00</time>
      </trkpt>
      <trkpt lat="51.271186" lon="8.599654">
        <ele>808.85</ele>
        <time>2026-08-11T00:39:11.4870000+00:00</time>
      </trkpt>
      <trkpt lat="51.271192" lon="8.599628">
        <ele>808.94</ele>
        <time>2026-08-11T00:39:12.0960000+00:00</time>
      </trkpt>
      <trkpt lat="51.271199" lon="8.599594">
        <ele>809.05</ele>
        <time>2026-08-11T00:39:12.8840000+00:00</time>
      </trkpt>
      <trkpt lat="51.271212" lon="8.599553">
        <ele>809.23</ele>
        <time>2026-08-11T00:39:13.8960000+00:00</time>
      </trkpt>
      <trkpt lat="51.271231" lon="8.599496">
        <ele>809.48</ele>
        <time>2026-08-11T00:39:15.3180000+00:00</time>
      </trkpt>
      <trkpt lat="51.271247" lon="8.599466">
        <ele>809.64</ele>
        <time>2026-08-11T00:39:16.1850000+00:00</time>
      </trkpt>
      <trkpt lat="51.271273" lon="8.599415">
        <ele>809.89</ele>
        <time>2026-08-11T00:39:17.6330000+00:00</time>
      </trkpt>
      <trkpt lat="51.271291" lon="8.599374">
        <ele>810.04</ele>
        <time>2026-08-11T00:39:18.7360000+00:00</time>
      </trkpt>
      <trkpt lat="51.271305" lon="8.599325">
        <ele>810.12</ele>
        <time>2026-08-11T00:39:19.9210000+00:00</time>
      </trkpt>
      <trkpt lat="51.271312" lon="8.599302">
        <ele>810.16</ele>
        <time>2026-08-11T00:39:20.4850000+00:00</time>
      </trkpt>
      <trkpt lat="51.271315" lon="8.599285">
        <ele>810.17</ele>
        <time>2026-08-11T00:39:20.8740000+00:00</time>
      </trkpt>
      <trkpt lat="51.271318" lon="8.599264">
        <ele>810.17</ele>
        <time>2026-08-11T00:39:21.3480000+00:00</time>
      </trkpt>
      <trkpt lat="51.271321" lon="8.599246">
        <ele>810.17</ele>
        <time>2026-08-11T00:39:21.7580000+00:00</time>
      </trkpt>
      <trkpt lat="51.271324" lon="8.599228">
        <ele>810.18</ele>
        <time>2026-08-11T00:39:22.1670000+00:00</time>
      </trkpt>
      <trkpt lat="51.271329" lon="8.59921">
        <ele>810.2</ele>
        <time>2026-08-11T00:39:22.6010000+00:00</time>
      </trkpt>
      <trkpt lat="51.271334" lon="8.599193">
        <ele>810.22</ele>
        <time>2026-08-11T00:39:23.0150000+00:00</time>
      </trkpt>
      <trkpt lat="51.271341" lon="8.599176">
        <ele>810.26</ele>
        <time>2026-08-11T00:39:23.4630000+00:00</time>
      </trkpt>
      <trkpt lat="51.271347" lon="8.599161">
        <ele>810.29</ele>
        <time>2026-08-11T00:39:23.8550000+00:00</time>
      </trkpt>
      <trkpt lat="51.271352" lon="8.599145">
        <ele>810.31</ele>
        <time>2026-08-11T00:39:24.2480000+00:00</time>
      </trkpt>
      <trkpt lat="51.27136" lon="8.59913">
        <ele>810.36</ele>
        <time>2026-08-11T00:39:24.6840000+00:00</time>
      </trkpt>
      <trkpt lat="51.271368" lon="8.599117">
        <ele>810.41</ele>
        <time>2026-08-11T00:39:25.0860000+00:00</time>
      </trkpt>
      <trkpt lat="51.271377" lon="8.599106">
        <ele>810.47</ele>
        <time>2026-08-11T00:39:25.4840000+00:00</time>
      </trkpt>
      <trkpt lat="51.271386" lon="8.599098">
        <ele>810.54</ele>
        <time>2026-08-11T00:39:25.8470000+00:00</time>
      </trkpt>
      <trkpt lat="51.271395" lon="8.599092">
        <ele>810.61</ele>
        <time>2026-08-11T00:39:26.1890000+00:00</time>
      </trkpt>
      <trkpt lat="51.271405" lon="8.599083">
        <ele>810.68</ele>
        <time>2026-08-11T00:39:26.5920000+00:00</time>
      </trkpt>
      <trkpt lat="51.271414" lon="8.599072">
        <ele>810.73</ele>
        <time>2026-08-11T00:39:26.9910000+00:00</time>
      </trkpt>
      <trkpt lat="51.271422" lon="8.599058">
        <ele>810.77</ele>
        <time>2026-08-11T00:39:27.4080000+00:00</time>
      </trkpt>
      <trkpt lat="51.27143" lon="8.599042">
        <ele>810.81</ele>
        <time>2026-08-11T00:39:27.8590000+00:00</time>
      </trkpt>
      <trkpt lat="51.271437" lon="8.599026">
        <ele>810.83</ele>
        <time>2026-08-11T00:39:28.2880000+00:00</time>
      </trkpt>
      <trkpt lat="51.271444" lon="8.59901">
        <ele>810.85</ele>
        <time>2026-08-11T00:39:28.7170000+00:00</time>
      </trkpt>
      <trkpt lat="51.27145" lon="8.598995">
        <ele>810.86</ele>
        <time>2026-08-11T00:39:29.1080000+00:00</time>
      </trkpt>
      <trkpt lat="51.271456" lon="8.59898">
        <ele>810.87</ele>
        <time>2026-08-11T00:39:29.5000000+00:00</time>
      </trkpt>
      <trkpt lat="51.271462" lon="8.598963">
        <ele>810.87</ele>
        <time>2026-08-11T00:39:29.9300000+00:00</time>
      </trkpt>
      <trkpt lat="51.271466" lon="8.598946">
        <ele>810.86</ele>
        <time>2026-08-11T00:39:30.3280000+00:00</time>
      </trkpt>
      <trkpt lat="51.271472" lon="8.598928">
        <ele>810.86</ele>
        <time>2026-08-11T00:39:30.7770000+00:00</time>
      </trkpt>
      <trkpt lat="51.271478" lon="8.598911">
        <ele>810.87</ele>
        <time>2026-08-11T00:39:31.2060000+00:00</time>
      </trkpt>
      <trkpt lat="51.271483" lon="8.598892">
        <ele>810.86</ele>
        <time>2026-08-11T00:39:31.6590000+00:00</time>
      </trkpt>
      <trkpt lat="51.271491" lon="8.598876">
        <ele>810.88</ele>
        <time>2026-08-11T00:39:32.1110000+00:00</time>
      </trkpt>
      <trkpt lat="51.271499" lon="8.598863">
        <ele>810.91</ele>
        <time>2026-08-11T00:39:32.5120000+00:00</time>
      </trkpt>
      <trkpt lat="51.271508" lon="8.598854">
        <ele>810.95</ele>
        <time>2026-08-11T00:39:32.8860000+00:00</time>
      </trkpt>
      <trkpt lat="51.271519" lon="8.598849">
        <ele>811.02</ele>
        <time>2026-08-11T00:39:33.2880000+00:00</time>
      </trkpt>
      <trkpt lat="51.271529" lon="8.598846">
        <ele>811.09</ele>
        <time>2026-08-11T00:39:33.6460000+00:00</time>
      </trkpt>
      <trkpt lat="51.271539" lon="8.598841">
        <ele>811.15</ele>
        <time>2026-08-11T00:39:34.0150000+00:00</time>
      </trkpt>
      <trkpt lat="51.271548" lon="8.598836">
        <ele>811.21</ele>
        <time>2026-08-11T00:39:34.3500000+00:00</time>
      </trkpt>
      <trkpt lat="51.271557" lon="8.598827">
        <ele>811.25</ele>
        <time>2026-08-11T00:39:34.7240000+00:00</time>
      </trkpt>
      <trkpt lat="51.271568" lon="8.598804">
        <ele>811.27</ele>
        <time>2026-08-11T00:39:35.3610000+00:00</time>
      </trkpt>
      <trkpt lat="51.27157" lon="8.598788">
        <ele>811.24</ele>
        <time>2026-08-11T00:39:35.7190000+00:00</time>
      </trkpt>
      <trkpt lat="51.27157" lon="8.598771">
        <ele>811.2</ele>
        <time>2026-08-11T00:39:36.0930000+00:00</time>
      </trkpt>
      <trkpt lat="51.271568" lon="8.598755">
        <ele>811.14</ele>
        <time>2026-08-11T00:39:36.4510000+00:00</time>
      </trkpt>
      <trkpt lat="51.271566" lon="8.598738">
        <ele>811.09</ele>
        <time>2026-08-11T00:39:36.8310000+00:00</time>
      </trkpt>
      <trkpt lat="51.271563" lon="8.598723">
        <ele>811.03</ele>
        <time>2026-08-11T00:39:37.1770000+00:00</time>
      </trkpt>
      <trkpt lat="51.271562" lon="8.598708">
        <ele>810.98</ele>
        <time>2026-08-11T00:39:37.5090000+00:00</time>
      </trkpt>
      <trkpt lat="51.27156" lon="8.598691">
        <ele>810.92</ele>
        <time>2026-08-11T00:39:37.8900000+00:00</time>
      </trkpt>
      <trkpt lat="51.271559" lon="8.598673">
        <ele>810.87</ele>
        <time>2026-08-11T00:39:38.2880000+00:00</time>
      </trkpt>
      <trkpt lat="51.271557" lon="8.598656">
        <ele>810.85</ele>
        <time>2026-08-11T00:39:38.6680000+00:00</time>
      </trkpt>
      <trkpt lat="51.271554" lon="8.598639">
        <ele>810.83</ele>
        <time>2026-08-11T00:39:39.0560000+00:00</time>
      </trkpt>
      <trkpt lat="51.271552" lon="8.598623">
        <ele>810.83</ele>
        <time>2026-08-11T00:39:39.4160000+00:00</time>
      </trkpt>
      <trkpt lat="51.271547" lon="8.5986">
        <ele>810.81</ele>
        <time>2026-08-11T00:39:39.9510000+00:00</time>
      </trkpt>
      <trkpt lat="51.271551" lon="8.598576">
        <ele>810.85</ele>
        <time>2026-08-11T00:39:40.4970000+00:00</time>
      </trkpt>
      <trkpt lat="51.271555" lon="8.598559">
        <ele>810.88</ele>
        <time>2026-08-11T00:39:40.8950000+00:00</time>
      </trkpt>
      <trkpt lat="51.27156" lon="8.598542">
        <ele>810.93</ele>
        <time>2026-08-11T00:39:41.3080000+00:00</time>
      </trkpt>
      <trkpt lat="51.271566" lon="8.598527">
        <ele>810.97</ele>
        <time>2026-08-11T00:39:41.7020000+00:00</time>
      </trkpt>
      <trkpt lat="51.271572" lon="8.598514">
        <ele>811.02</ele>
        <time>2026-08-11T00:39:42.0590000+00:00</time>
      </trkpt>
      <trkpt lat="51.271577" lon="8.5985">
        <ele>811.05</ele>
        <time>2026-08-11T00:39:42.4140000+00:00</time>
      </trkpt>
      <trkpt lat="51.271583" lon="8.598485">
        <ele>811.1</ele>
        <time>2026-08-11T00:39:42.8060000+00:00</time>
      </trkpt>
      <trkpt lat="51.271589" lon="8.59847">
        <ele>811.14</ele>
        <time>2026-08-11T00:39:43.1970000+00:00</time>
      </trkpt>
      <trkpt lat="51.271596" lon="8.598457">
        <ele>811.18</ele>
        <time>2026-08-11T00:39:43.5750000+00:00</time>
      </trkpt>
      <trkpt lat="51.271601" lon="8.598443">
        <ele>811.22</ele>
        <time>2026-08-11T00:39:43.9300000+00:00</time>
      </trkpt>
      <trkpt lat="51.271612" lon="8.598422">
        <ele>811.29</ele>
        <time>2026-08-11T00:39:44.5340000+00:00</time>
      </trkpt>
      <trkpt lat="51.27162" lon="8.598409">
        <ele>811.34</ele>
        <time>2026-08-11T00:39:44.9350000+00:00</time>
      </trkpt>
      <trkpt lat="51.271627" lon="8.598397">
        <ele>811.38</ele>
        <time>2026-08-11T00:39:45.2980000+00:00</time>
      </trkpt>
      <trkpt lat="51.271633" lon="8.598383">
        <ele>811.41</ele>
        <time>2026-08-11T00:39:45.6710000+00:00</time>
      </trkpt>
      <trkpt lat="51.271639" lon="8.598368">
        <ele>811.45</ele>
        <time>2026-08-11T00:39:46.0640000+00:00</time>
      </trkpt>
      <trkpt lat="51.271645" lon="8.598355">
        <ele>811.48</ele>
        <time>2026-08-11T00:39:46.4200000+00:00</time>
      </trkpt>
      <trkpt lat="51.271649" lon="8.598342">
        <ele>811.5</ele>
        <time>2026-08-11T00:39:46.7370000+00:00</time>
      </trkpt>
      <trkpt lat="51.271653" lon="8.598331">
        <ele>811.52</ele>
        <time>2026-08-11T00:39:47.0160000+00:00</time>
      </trkpt>
      <trkpt lat="51.271657" lon="8.598315">
        <ele>811.54</ele>
        <time>2026-08-11T00:39:47.3960000+00:00</time>
      </trkpt>
      <trkpt lat="51.271661" lon="8.598297">
        <ele>811.56</ele>
        <time>2026-08-11T00:39:47.8160000+00:00</time>
      </trkpt>
      <trkpt lat="51.271667" lon="8.598274">
        <ele>811.59</ele>
        <time>2026-08-11T00:39:48.3650000+00:00</time>
      </trkpt>
      <trkpt lat="51.271672" lon="8.598218">
        <ele>811.61</ele>
        <time>2026-08-11T00:39:49.6100000+00:00</time>
      </trkpt>
      <trkpt lat="51.271701" lon="8.598179">
        <ele>811.73</ele>
        <time>2026-08-11T00:39:50.9430000+00:00</time>
      </trkpt>
      <trkpt lat="51.271729" lon="8.598163">
        <ele>811.85</ele>
        <time>2026-08-11T00:39:51.9890000+00:00</time>
      </trkpt>
      <trkpt lat="51.271769" lon="8.598164">
        <ele>812.02</ele>
        <time>2026-08-11T00:39:53.3960000+00:00</time>
      </trkpt>
      <trkpt lat="51.271846" lon="8.598173">
        <ele>812.36</ele>
        <time>2026-08-11T00:39:56.1120000+00:00</time>
      </trkpt>
      <trkpt lat="51.271914" lon="8.598184">
        <ele>812.67</ele>
        <time>2026-08-11T00:39:58.5170000+00:00</time>
      </trkpt>
      <trkpt lat="51.271981" lon="8.598202">
        <ele>813</ele>
        <time>2026-08-11T00:40:00.9070000+00:00</time>
      </trkpt>
      <trkpt lat="51.272044" lon="8.598246">
        <ele>813.39</ele>
        <time>2026-08-11T00:40:03.3260000+00:00</time>
      </trkpt>
      <trkpt lat="51.272107" lon="8.598334">
        <ele>813.92</ele>
        <time>2026-08-11T00:40:06.2690000+00:00</time>
      </trkpt>
      <trkpt lat="51.272232" lon="8.598525">
        <ele>815.22</ele>
        <time>2026-08-11T00:40:12.3530000+00:00</time>
      </trkpt>
      <trkpt lat="51.272341" lon="8.598639">
        <ele>816.29</ele>
        <time>2026-08-11T00:40:16.9350000+00:00</time>
      </trkpt>
      <trkpt lat="51.272381" lon="8.598631">
        <ele>816.49</ele>
        <time>2026-08-11T00:40:18.3530000+00:00</time>
      </trkpt>
      <trkpt lat="51.272396" lon="8.598623">
        <ele>816.54</ele>
        <time>2026-08-11T00:40:18.9100000+00:00</time>
      </trkpt>
      <trkpt lat="51.272407" lon="8.598617">
        <ele>816.58</ele>
        <time>2026-08-11T00:40:19.3170000+00:00</time>
      </trkpt>
      <trkpt lat="51.272418" lon="8.598613">
        <ele>816.63</ele>
        <time>2026-08-11T00:40:19.7130000+00:00</time>
      </trkpt>
      <trkpt lat="51.272428" lon="8.598608">
        <ele>816.66</ele>
        <time>2026-08-11T00:40:20.0840000+00:00</time>
      </trkpt>
      <trkpt lat="51.272443" lon="8.598612">
        <ele>816.76</ele>
        <time>2026-08-11T00:40:20.6180000+00:00</time>
      </trkpt>
      <trkpt lat="51.27246" lon="8.598619">
        <ele>816.89</ele>
        <time>2026-08-11T00:40:21.2360000+00:00</time>
      </trkpt>
      <trkpt lat="51.272469" lon="8.598625">
        <ele>816.97</ele>
        <time>2026-08-11T00:40:21.5790000+00:00</time>
      </trkpt>
      <trkpt lat="51.272479" lon="8.598632">
        <ele>817.06</ele>
        <time>2026-08-11T00:40:21.9620000+00:00</time>
      </trkpt>
      <trkpt lat="51.27249" lon="8.598638">
        <ele>817.16</ele>
        <time>2026-08-11T00:40:22.3710000+00:00</time>
      </trkpt>
      <trkpt lat="51.272499" lon="8.598645">
        <ele>817.24</ele>
        <time>2026-08-11T00:40:22.7220000+00:00</time>
      </trkpt>
      <trkpt lat="51.27251" lon="8.598649">
        <ele>817.33</ele>
        <time>2026-08-11T00:40:23.1180000+00:00</time>
      </trkpt>
      <trkpt lat="51.27252" lon="8.598651">
        <ele>817.4</ele>
        <time>2026-08-11T00:40:23.4740000+00:00</time>
      </trkpt>
      <trkpt lat="51.272532" lon="8.598655">
        <ele>817.49</ele>
        <time>2026-08-11T00:40:23.9050000+00:00</time>
      </trkpt>
      <trkpt lat="51.272541" lon="8.598655">
        <ele>817.54</ele>
        <time>2026-08-11T00:40:24.2210000+00:00</time>
      </trkpt>
      <trkpt lat="51.272552" lon="8.598653">
        <ele>817.6</ele>
        <time>2026-08-11T00:40:24.6100000+00:00</time>
      </trkpt>
      <trkpt lat="51.272571" lon="8.598649">
        <ele>817.69</ele>
        <time>2026-08-11T00:40:25.2850000+00:00</time>
      </trkpt>
      <trkpt lat="51.272581" lon="8.598652">
        <ele>817.76</ele>
        <time>2026-08-11T00:40:25.6430000+00:00</time>
      </trkpt>
      <trkpt lat="51.27259" lon="8.598657">
        <ele>817.84</ele>
        <time>2026-08-11T00:40:25.9770000+00:00</time>
      </trkpt>
      <trkpt lat="51.272597" lon="8.598667">
        <ele>817.94</ele>
        <time>2026-08-11T00:40:26.3060000+00:00</time>
      </trkpt>
      <trkpt lat="51.272602" lon="8.598682">
        <ele>818.03</ele>
        <time>2026-08-11T00:40:26.6810000+00:00</time>
      </trkpt>
      <trkpt lat="51.272607" lon="8.598696">
        <ele>818.11</ele>
        <time>2026-08-11T00:40:27.0350000+00:00</time>
      </trkpt>
      <trkpt lat="51.272611" lon="8.598715">
        <ele>818.2</ele>
        <time>2026-08-11T00:40:27.4770000+00:00</time>
      </trkpt>
      <trkpt lat="51.272615" lon="8.598733">
        <ele>818.29</ele>
        <time>2026-08-11T00:40:27.8970000+00:00</time>
      </trkpt>
      <trkpt lat="51.27262" lon="8.598749">
        <ele>818.38</ele>
        <time>2026-08-11T00:40:28.2910000+00:00</time>
      </trkpt>
      <trkpt lat="51.272624" lon="8.598761">
        <ele>818.44</ele>
        <time>2026-08-11T00:40:28.5920000+00:00</time>
      </trkpt>
      <trkpt lat="51.272632" lon="8.598773">
        <ele>818.53</ele>
        <time>2026-08-11T00:40:28.9790000+00:00</time>
      </trkpt>
      <trkpt lat="51.272643" lon="8.598778">
        <ele>818.62</ele>
        <time>2026-08-11T00:40:29.3800000+00:00</time>
      </trkpt>
      <trkpt lat="51.272654" lon="8.59878">
        <ele>818.69</ele>
        <time>2026-08-11T00:40:29.7700000+00:00</time>
      </trkpt>
      <trkpt lat="51.272665" lon="8.59878">
        <ele>818.76</ele>
        <time>2026-08-11T00:40:30.1570000+00:00</time>
      </trkpt>
      <trkpt lat="51.272676" lon="8.598777">
        <ele>818.81</ele>
        <time>2026-08-11T00:40:30.5480000+00:00</time>
      </trkpt>
      <trkpt lat="51.272687" lon="8.598777">
        <ele>818.88</ele>
        <time>2026-08-11T00:40:30.9350000+00:00</time>
      </trkpt>
      <trkpt lat="51.272698" lon="8.598778">
        <ele>818.95</ele>
        <time>2026-08-11T00:40:31.3220000+00:00</time>
      </trkpt>
      <trkpt lat="51.272709" lon="8.598781">
        <ele>819.03</ele>
        <time>2026-08-11T00:40:31.7150000+00:00</time>
      </trkpt>
      <trkpt lat="51.272719" lon="8.598787">
        <ele>819.11</ele>
        <time>2026-08-11T00:40:32.0900000+00:00</time>
      </trkpt>
      <trkpt lat="51.272728" lon="8.598794">
        <ele>819.19</ele>
        <time>2026-08-11T00:40:32.4430000+00:00</time>
      </trkpt>
      <trkpt lat="51.27274" lon="8.598807">
        <ele>819.31</ele>
        <time>2026-08-11T00:40:32.9530000+00:00</time>
      </trkpt>
      <trkpt lat="51.272748" lon="8.598813">
        <ele>819.37</ele>
        <time>2026-08-11T00:40:33.2650000+00:00</time>
      </trkpt>
      <trkpt lat="51.272749" lon="8.598814">
        <ele>819.38</ele>
        <time>2026-08-11T00:40:33.3070000+00:00</time>
      </trkpt>
      <trkpt lat="51.272759" lon="8.598821">
        <ele>819.47</ele>
        <time>2026-08-11T00:40:33.6920000+00:00</time>
      </trkpt>
      <trkpt lat="51.272769" lon="8.598829">
        <ele>819.56</ele>
        <time>2026-08-11T00:40:34.0850000+00:00</time>
      </trkpt>
      <trkpt lat="51.27278" lon="8.598839">
        <ele>819.66</ele>
        <time>2026-08-11T00:40:34.5290000+00:00</time>
      </trkpt>
      <trkpt lat="51.272789" lon="8.59885">
        <ele>819.75</ele>
        <time>2026-08-11T00:40:34.9280000+00:00</time>
      </trkpt>
      <trkpt lat="51.272798" lon="8.598863">
        <ele>819.86</ele>
        <time>2026-08-11T00:40:35.3540000+00:00</time>
      </trkpt>
      <trkpt lat="51.272806" lon="8.598876">
        <ele>819.95</ele>
        <time>2026-08-11T00:40:35.7570000+00:00</time>
      </trkpt>
      <trkpt lat="51.272814" lon="8.59889">
        <ele>820.05</ele>
        <time>2026-08-11T00:40:36.1760000+00:00</time>
      </trkpt>
      <trkpt lat="51.272822" lon="8.598903">
        <ele>820.14</ele>
        <time>2026-08-11T00:40:36.5770000+00:00</time>
      </trkpt>
      <trkpt lat="51.272829" lon="8.598914">
        <ele>820.23</ele>
        <time>2026-08-11T00:40:36.9200000+00:00</time>
      </trkpt>
      <trkpt lat="51.272836" lon="8.598925">
        <ele>820.31</ele>
        <time>2026-08-11T00:40:37.2650000+00:00</time>
      </trkpt>
      <trkpt lat="51.272837" lon="8.598928">
        <ele>820.32</ele>
        <time>2026-08-11T00:40:37.3390000+00:00</time>
      </trkpt>
      <trkpt lat="51.272846" lon="8.598939">
        <ele>820.42</ele>
        <time>2026-08-11T00:40:37.7370000+00:00</time>
      </trkpt>
      <trkpt lat="51.272857" lon="8.598955">
        <ele>820.54</ele>
        <time>2026-08-11T00:40:38.2610000+00:00</time>
      </trkpt>
      <trkpt lat="51.272868" lon="8.598971">
        <ele>820.66</ele>
        <time>2026-08-11T00:40:38.7850000+00:00</time>
      </trkpt>
      <trkpt lat="51.272877" lon="8.598986">
        <ele>820.77</ele>
        <time>2026-08-11T00:40:39.2420000+00:00</time>
      </trkpt>
      <trkpt lat="51.272886" lon="8.598998">
        <ele>820.87</ele>
        <time>2026-08-11T00:40:39.6540000+00:00</time>
      </trkpt>
      <trkpt lat="51.272897" lon="8.599003">
        <ele>820.95</ele>
        <time>2026-08-11T00:40:40.0550000+00:00</time>
      </trkpt>
      <trkpt lat="51.272908" lon="8.599004">
        <ele>821.02</ele>
        <time>2026-08-11T00:40:40.4420000+00:00</time>
      </trkpt>
      <trkpt lat="51.272918" lon="8.599">
        <ele>821.07</ele>
        <time>2026-08-11T00:40:40.8050000+00:00</time>
      </trkpt>
      <trkpt lat="51.27293" lon="8.598995">
        <ele>821.12</ele>
        <time>2026-08-11T00:40:41.2420000+00:00</time>
      </trkpt>
      <trkpt lat="51.272943" lon="8.598992">
        <ele>821.19</ele>
        <time>2026-08-11T00:40:41.7030000+00:00</time>
      </trkpt>
      <trkpt lat="51.272955" lon="8.598994">
        <ele>821.27</ele>
        <time>2026-08-11T00:40:42.1260000+00:00</time>
      </trkpt>
      <trkpt lat="51.272966" lon="8.598999">
        <ele>821.35</ele>
        <time>2026-08-11T00:40:42.5290000+00:00</time>
      </trkpt>
      <trkpt lat="51.272976" lon="8.599005">
        <ele>821.44</ele>
        <time>2026-08-11T00:40:42.9040000+00:00</time>
      </trkpt>
      <trkpt lat="51.272985" lon="8.599011">
        <ele>821.51</ele>
        <time>2026-08-11T00:40:43.2470000+00:00</time>
      </trkpt>
      <trkpt lat="51.272994" lon="8.599022">
        <ele>821.61</ele>
        <time>2026-08-11T00:40:43.6450000+00:00</time>
      </trkpt>
      <trkpt lat="51.273003" lon="8.59903">
        <ele>821.69</ele>
        <time>2026-08-11T00:40:44.0070000+00:00</time>
      </trkpt>
      <trkpt lat="51.273012" lon="8.599036">
        <ele>821.76</ele>
        <time>2026-08-11T00:40:44.3490000+00:00</time>
      </trkpt>
      <trkpt lat="51.273021" lon="8.59904">
        <ele>821.83</ele>
        <time>2026-08-11T00:40:44.6780000+00:00</time>
      </trkpt>
      <trkpt lat="51.273035" lon="8.599048">
        <ele>821.95</ele>
        <time>2026-08-11T00:40:45.2020000+00:00</time>
      </trkpt>
      <trkpt lat="51.273046" lon="8.599043">
        <ele>821.99</ele>
        <time>2026-08-11T00:40:45.6050000+00:00</time>
      </trkpt>
      <trkpt lat="51.273059" lon="8.599027">
        <ele>822.01</ele>
        <time>2026-08-11T00:40:46.1830000+00:00</time>
      </trkpt>
      <trkpt lat="51.273069" lon="8.599015">
        <ele>822.03</ele>
        <time>2026-08-11T00:40:46.6220000+00:00</time>
      </trkpt>
      <trkpt lat="51.273079" lon="8.599005">
        <ele>822.05</ele>
        <time>2026-08-11T00:40:47.0370000+00:00</time>
      </trkpt>
      <trkpt lat="51.27309" lon="8.598999">
        <ele>822.1</ele>
        <time>2026-08-11T00:40:47.4460000+00:00</time>
      </trkpt>
      <trkpt lat="51.273102" lon="8.598997">
        <ele>822.16</ele>
        <time>2026-08-11T00:40:47.8690000+00:00</time>
      </trkpt>
      <trkpt lat="51.273112" lon="8.598994">
        <ele>822.23</ele>
        <time>2026-08-11T00:40:48.2270000+00:00</time>
      </trkpt>
      <trkpt lat="51.273121" lon="8.598987">
        <ele>822.28</ele>
        <time>2026-08-11T00:40:48.5800000+00:00</time>
      </trkpt>
      <trkpt lat="51.27313" lon="8.598976">
        <ele>822.32</ele>
        <time>2026-08-11T00:40:48.9780000+00:00</time>
      </trkpt>
      <trkpt lat="51.273138" lon="8.598963">
        <ele>822.35</ele>
        <time>2026-08-11T00:40:49.3790000+00:00</time>
      </trkpt>
      <trkpt lat="51.273146" lon="8.59895">
        <ele>822.37</ele>
        <time>2026-08-11T00:40:49.7800000+00:00</time>
      </trkpt>
      <trkpt lat="51.273154" lon="8.598937">
        <ele>822.4</ele>
        <time>2026-08-11T00:40:50.1820000+00:00</time>
      </trkpt>
      <trkpt lat="51.273161" lon="8.598923">
        <ele>822.41</ele>
        <time>2026-08-11T00:40:50.5760000+00:00</time>
      </trkpt>
      <trkpt lat="51.273169" lon="8.598912">
        <ele>822.44</ele>
        <time>2026-08-11T00:40:50.9470000+00:00</time>
      </trkpt>
      <trkpt lat="51.273176" lon="8.598899">
        <ele>822.46</ele>
        <time>2026-08-11T00:40:51.3250000+00:00</time>
      </trkpt>
      <trkpt lat="51.273181" lon="8.598885">
        <ele>822.46</ele>
        <time>2026-08-11T00:40:51.6800000+00:00</time>
      </trkpt>
      <trkpt lat="51.273187" lon="8.598867">
        <ele>822.45</ele>
        <time>2026-08-11T00:40:52.1300000+00:00</time>
      </trkpt>
      <trkpt lat="51.273192" lon="8.598851">
        <ele>822.44</ele>
        <time>2026-08-11T00:40:52.5230000+00:00</time>
      </trkpt>
      <trkpt lat="51.273198" lon="8.598837">
        <ele>822.45</ele>
        <time>2026-08-11T00:40:52.8990000+00:00</time>
      </trkpt>
      <trkpt lat="51.273207" lon="8.598825">
        <ele>822.49</ele>
        <time>2026-08-11T00:40:53.3100000+00:00</time>
      </trkpt>
      <trkpt lat="51.273214" lon="8.598814">
        <ele>822.52</ele>
        <time>2026-08-11T00:40:53.6550000+00:00</time>
      </trkpt>
      <trkpt lat="51.273223" lon="8.598805">
        <ele>822.57</ele>
        <time>2026-08-11T00:40:54.0290000+00:00</time>
      </trkpt>
      <trkpt lat="51.273235" lon="8.598798">
        <ele>822.66</ele>
        <time>2026-08-11T00:40:54.4790000+00:00</time>
      </trkpt>
      <trkpt lat="51.273247" lon="8.598793">
        <ele>822.76</ele>
        <time>2026-08-11T00:40:54.9160000+00:00</time>
      </trkpt>
      <trkpt lat="51.273257" lon="8.598789">
        <ele>822.84</ele>
        <time>2026-08-11T00:40:55.2790000+00:00</time>
      </trkpt>
      <trkpt lat="51.273267" lon="8.598789">
        <ele>822.93</ele>
        <time>2026-08-11T00:40:55.6320000+00:00</time>
      </trkpt>
      <trkpt lat="51.273278" lon="8.598789">
        <ele>823.03</ele>
        <time>2026-08-11T00:40:56.0190000+00:00</time>
      </trkpt>
      <trkpt lat="51.273288" lon="8.598792">
        <ele>823.13</ele>
        <time>2026-08-11T00:40:56.3770000+00:00</time>
      </trkpt>
      <trkpt lat="51.273299" lon="8.598792">
        <ele>823.24</ele>
        <time>2026-08-11T00:40:56.7640000+00:00</time>
      </trkpt>
      <trkpt lat="51.273309" lon="8.598793">
        <ele>823.33</ele>
        <time>2026-08-11T00:40:57.1170000+00:00</time>
      </trkpt>
      <trkpt lat="51.27332" lon="8.598795">
        <ele>823.44</ele>
        <time>2026-08-11T00:40:57.5060000+00:00</time>
      </trkpt>
      <trkpt lat="51.27333" lon="8.598794">
        <ele>823.53</ele>
        <time>2026-08-11T00:40:57.8590000+00:00</time>
      </trkpt>
      <trkpt lat="51.273343" lon="8.598782">
        <ele>823.61</ele>
        <time>2026-08-11T00:40:58.3880000+00:00</time>
      </trkpt>
      <trkpt lat="51.273351" lon="8.598771">
        <ele>823.66</ele>
        <time>2026-08-11T00:40:58.7590000+00:00</time>
      </trkpt>
      <trkpt lat="51.273364" lon="8.598754">
        <ele>823.73</ele>
        <time>2026-08-11T00:40:59.3490000+00:00</time>
      </trkpt>
      <trkpt lat="51.273372" lon="8.598744">
        <ele>823.77</ele>
        <time>2026-08-11T00:40:59.7060000+00:00</time>
      </trkpt>
      <trkpt lat="51.27338" lon="8.598737">
        <ele>823.83</ele>
        <time>2026-08-11T00:41:00.0250000+00:00</time>
      </trkpt>
      <trkpt lat="51.273391" lon="8.598735">
        <ele>823.93</ele>
        <time>2026-08-11T00:41:00.4140000+00:00</time>
      </trkpt>
      <trkpt lat="51.273408" lon="8.598746">
        <ele>824.12</ele>
        <time>2026-08-11T00:41:01.0600000+00:00</time>
      </trkpt>
      <trkpt lat="51.273414" lon="8.598757">
        <ele>824.2</ele>
        <time>2026-08-11T00:41:01.3810000+00:00</time>
      </trkpt>
      <trkpt lat="51.273427" lon="8.598776">
        <ele>824.38</ele>
        <time>2026-08-11T00:41:02.0010000+00:00</time>
      </trkpt>
      <trkpt lat="51.273437" lon="8.598784">
        <ele>824.49</ele>
        <time>2026-08-11T00:41:02.3950000+00:00</time>
      </trkpt>
      <trkpt lat="51.273448" lon="8.59879">
        <ele>824.61</ele>
        <time>2026-08-11T00:41:02.8040000+00:00</time>
      </trkpt>
      <trkpt lat="51.273458" lon="8.598792">
        <ele>824.71</ele>
        <time>2026-08-11T00:41:03.1600000+00:00</time>
      </trkpt>
      <trkpt lat="51.273467" lon="8.598792">
        <ele>824.79</ele>
        <time>2026-08-11T00:41:03.4770000+00:00</time>
      </trkpt>
      <trkpt lat="51.273485" lon="8.598783">
        <ele>824.93</ele>
        <time>2026-08-11T00:41:04.1410000+00:00</time>
      </trkpt>
      <trkpt lat="51.273494" lon="8.598779">
        <ele>825.01</ele>
        <time>2026-08-11T00:41:04.4700000+00:00</time>
      </trkpt>
      <trkpt lat="51.27351" lon="8.598768">
        <ele>825.13</ele>
        <time>2026-08-11T00:41:05.0830000+00:00</time>
      </trkpt>
      <trkpt lat="51.27352" lon="8.598765">
        <ele>825.21</ele>
        <time>2026-08-11T00:41:05.4410000+00:00</time>
      </trkpt>
      <trkpt lat="51.273535" lon="8.598757">
        <ele>825.34</ele>
        <time>2026-08-11T00:41:05.9980000+00:00</time>
      </trkpt>
      <trkpt lat="51.273545" lon="8.598756">
        <ele>825.43</ele>
        <time>2026-08-11T00:41:06.3510000+00:00</time>
      </trkpt>
      <trkpt lat="51.273556" lon="8.598755">
        <ele>825.53</ele>
        <time>2026-08-11T00:41:06.7380000+00:00</time>
      </trkpt>
      <trkpt lat="51.273566" lon="8.598758">
        <ele>825.63</ele>
        <time>2026-08-11T00:41:07.0950000+00:00</time>
      </trkpt>
      <trkpt lat="51.273577" lon="8.598762">
        <ele>825.74</ele>
        <time>2026-08-11T00:41:07.4910000+00:00</time>
      </trkpt>
      <trkpt lat="51.273585" lon="8.598769">
        <ele>825.83</ele>
        <time>2026-08-11T00:41:07.8120000+00:00</time>
      </trkpt>
      <trkpt lat="51.2736" lon="8.598785">
        <ele>826</ele>
        <time>2026-08-11T00:41:08.4460000+00:00</time>
      </trkpt>
      <trkpt lat="51.273616" lon="8.598792">
        <ele>826.17</ele>
        <time>2026-08-11T00:41:09.0280000+00:00</time>
      </trkpt>
      <trkpt lat="51.273627" lon="8.59879">
        <ele>826.26</ele>
        <time>2026-08-11T00:41:09.4180000+00:00</time>
      </trkpt>
      <trkpt lat="51.273637" lon="8.598791">
        <ele>826.36</ele>
        <time>2026-08-11T00:41:09.7700000+00:00</time>
      </trkpt>
      <trkpt lat="51.273645" lon="8.598796">
        <ele>826.44</ele>
        <time>2026-08-11T00:41:10.0740000+00:00</time>
      </trkpt>
      <trkpt lat="51.273656" lon="8.598799">
        <ele>826.55</ele>
        <time>2026-08-11T00:41:10.4670000+00:00</time>
      </trkpt>
      <trkpt lat="51.273673" lon="8.598806">
        <ele>826.72</ele>
        <time>2026-08-11T00:41:11.0840000+00:00</time>
      </trkpt>
      <trkpt lat="51.273688" lon="8.598816">
        <ele>826.88</ele>
        <time>2026-08-11T00:41:11.6560000+00:00</time>
      </trkpt>
      <trkpt lat="51.273698" lon="8.598821">
        <ele>826.98</ele>
        <time>2026-08-11T00:41:12.0250000+00:00</time>
      </trkpt>
      <trkpt lat="51.273708" lon="8.598823">
        <ele>827.08</ele>
        <time>2026-08-11T00:41:12.3790000+00:00</time>
      </trkpt>
      <trkpt lat="51.273718" lon="8.598815">
        <ele>827.15</ele>
        <time>2026-08-11T00:41:12.7730000+00:00</time>
      </trkpt>
      <trkpt lat="51.27373" lon="8.598795">
        <ele>827.23</ele>
        <time>2026-08-11T00:41:13.3830000+00:00</time>
      </trkpt>
      <trkpt lat="51.273742" lon="8.598773">
        <ele>827.3</ele>
        <time>2026-08-11T00:41:14.0260000+00:00</time>
      </trkpt>
      <trkpt lat="51.273752" lon="8.598763">
        <ele>827.37</ele>
        <time>2026-08-11T00:41:14.4400000+00:00</time>
      </trkpt>
      <trkpt lat="51.273761" lon="8.598755">
        <ele>827.45</ele>
        <time>2026-08-11T00:41:14.8030000+00:00</time>
      </trkpt>
      <trkpt lat="51.27377" lon="8.598748">
        <ele>827.52</ele>
        <time>2026-08-11T00:41:15.1560000+00:00</time>
      </trkpt>
      <trkpt lat="51.273779" lon="8.598743">
        <ele>827.59</ele>
        <time>2026-08-11T00:41:15.4900000+00:00</time>
      </trkpt>
      <trkpt lat="51.27379" lon="8.59874">
        <ele>827.69</ele>
        <time>2026-08-11T00:41:15.8820000+00:00</time>
      </trkpt>
      <trkpt lat="51.273799" lon="8.598738">
        <ele>827.77</ele>
        <time>2026-08-11T00:41:16.2010000+00:00</time>
      </trkpt>
      <trkpt lat="51.27381" lon="8.598741">
        <ele>827.88</ele>
        <time>2026-08-11T00:41:16.5930000+00:00</time>
      </trkpt>
      <trkpt lat="51.273818" lon="8.598747">
        <ele>827.97</ele>
        <time>2026-08-11T00:41:16.9030000+00:00</time>
      </trkpt>
      <trkpt lat="51.273828" lon="8.598753">
        <ele>828.07</ele>
        <time>2026-08-11T00:41:17.2790000+00:00</time>
      </trkpt>
      <trkpt lat="51.273836" lon="8.598774">
        <ele>828.18</ele>
        <time>2026-08-11T00:41:17.8200000+00:00</time>
      </trkpt>
      <trkpt lat="51.273847" lon="8.598793">
        <ele>828.31</ele>
        <time>2026-08-11T00:41:18.3890000+00:00</time>
      </trkpt>
      <trkpt lat="51.273856" lon="8.598799">
        <ele>828.4</ele>
        <time>2026-08-11T00:41:18.7330000+00:00</time>
      </trkpt>
      <trkpt lat="51.273868" lon="8.5988">
        <ele>828.51</ele>
        <time>2026-08-11T00:41:19.1560000+00:00</time>
      </trkpt>
      <trkpt lat="51.273878" lon="8.598798">
        <ele>828.6</ele>
        <time>2026-08-11T00:41:19.5110000+00:00</time>
      </trkpt>
      <trkpt lat="51.273896" lon="8.598794">
        <ele>828.76</ele>
        <time>2026-08-11T00:41:20.1510000+00:00</time>
      </trkpt>
      <trkpt lat="51.273906" lon="8.598794">
        <ele>828.85</ele>
        <time>2026-08-11T00:41:20.5040000+00:00</time>
      </trkpt>
      <trkpt lat="51.273916" lon="8.598792">
        <ele>828.94</ele>
        <time>2026-08-11T00:41:20.8580000+00:00</time>
      </trkpt>
      <trkpt lat="51.273927" lon="8.59879">
        <ele>829.04</ele>
        <time>2026-08-11T00:41:21.2470000+00:00</time>
      </trkpt>
      <trkpt lat="51.273943" lon="8.598783">
        <ele>829.19</ele>
        <time>2026-08-11T00:41:21.8310000+00:00</time>
      </trkpt>
      <trkpt lat="51.273952" lon="8.598774">
        <ele>829.27</ele>
        <time>2026-08-11T00:41:22.2040000+00:00</time>
      </trkpt>
      <trkpt lat="51.273959" lon="8.598763">
        <ele>829.33</ele>
        <time>2026-08-11T00:41:22.5480000+00:00</time>
      </trkpt>
      <trkpt lat="51.273964" lon="8.598747">
        <ele>829.37</ele>
        <time>2026-08-11T00:41:22.9410000+00:00</time>
      </trkpt>
      <trkpt lat="51.273969" lon="8.598732">
        <ele>829.4</ele>
        <time>2026-08-11T00:41:23.3150000+00:00</time>
      </trkpt>
      <trkpt lat="51.273974" lon="8.598718">
        <ele>829.44</ele>
        <time>2026-08-11T00:41:23.6710000+00:00</time>
      </trkpt>
      <trkpt lat="51.27398" lon="8.598706">
        <ele>829.49</ele>
        <time>2026-08-11T00:41:24.0090000+00:00</time>
      </trkpt>
      <trkpt lat="51.273986" lon="8.598695">
        <ele>829.54</ele>
        <time>2026-08-11T00:41:24.3300000+00:00</time>
      </trkpt>
      <trkpt lat="51.273999" lon="8.598676">
        <ele>829.66</ele>
        <time>2026-08-11T00:41:24.9490000+00:00</time>
      </trkpt>
      <trkpt lat="51.274008" lon="8.598668">
        <ele>829.75</ele>
        <time>2026-08-11T00:41:25.3120000+00:00</time>
      </trkpt>
      <trkpt lat="51.274019" lon="8.598661">
        <ele>829.82</ele>
        <time>2026-08-11T00:41:25.7280000+00:00</time>
      </trkpt>
      <trkpt lat="51.274028" lon="8.598657">
        <ele>829.89</ele>
        <time>2026-08-11T00:41:26.0570000+00:00</time>
      </trkpt>
      <trkpt lat="51.274041" lon="8.598653">
        <ele>830.01</ele>
        <time>2026-08-11T00:41:26.5230000+00:00</time>
      </trkpt>
      <trkpt lat="51.27405" lon="8.59865">
        <ele>830.08</ele>
        <time>2026-08-11T00:41:26.8460000+00:00</time>
      </trkpt>
      <trkpt lat="51.27407" lon="8.598644">
        <ele>830.26</ele>
        <time>2026-08-11T00:41:27.5620000+00:00</time>
      </trkpt>
      <trkpt lat="51.274081" lon="8.598641">
        <ele>830.36</ele>
        <time>2026-08-11T00:41:27.9520000+00:00</time>
      </trkpt>
      <trkpt lat="51.274092" lon="8.598637">
        <ele>830.45</ele>
        <time>2026-08-11T00:41:28.3480000+00:00</time>
      </trkpt>
      <trkpt lat="51.274102" lon="8.598635">
        <ele>830.55</ele>
        <time>2026-08-11T00:41:28.7040000+00:00</time>
      </trkpt>
      <trkpt lat="51.274112" lon="8.598634">
        <ele>830.65</ele>
        <time>2026-08-11T00:41:29.0570000+00:00</time>
      </trkpt>
      <trkpt lat="51.274131" lon="8.598633">
        <ele>830.85</ele>
        <time>2026-08-11T00:41:29.7260000+00:00</time>
      </trkpt>
      <trkpt lat="51.274142" lon="8.598636">
        <ele>830.99</ele>
        <time>2026-08-11T00:41:30.1170000+00:00</time>
      </trkpt>
      <trkpt lat="51.274153" lon="8.598638">
        <ele>831.12</ele>
        <time>2026-08-11T00:41:30.5070000+00:00</time>
      </trkpt>
      <trkpt lat="51.274158" lon="8.598642">
        <ele>831.2</ele>
        <time>2026-08-11T00:41:30.7060000+00:00</time>
      </trkpt>
      <trkpt lat="51.274162" lon="8.598644">
        <ele>831.26</ele>
        <time>2026-08-11T00:41:30.8530000+00:00</time>
      </trkpt>
      <trkpt lat="51.274172" lon="8.598649">
        <ele>831.4</ele>
        <time>2026-08-11T00:41:31.2220000+00:00</time>
      </trkpt>
      <trkpt lat="51.274182" lon="8.598656">
        <ele>831.56</ele>
        <time>2026-08-11T00:41:31.6070000+00:00</time>
      </trkpt>
      <trkpt lat="51.274194" lon="8.598661">
        <ele>831.72</ele>
        <time>2026-08-11T00:41:32.0440000+00:00</time>
      </trkpt>
      <trkpt lat="51.274205" lon="8.598664">
        <ele>831.86</ele>
        <time>2026-08-11T00:41:32.4360000+00:00</time>
      </trkpt>
      <trkpt lat="51.274215" lon="8.598665">
        <ele>831.97</ele>
        <time>2026-08-11T00:41:32.7880000+00:00</time>
      </trkpt>
      <trkpt lat="51.274226" lon="8.598663">
        <ele>832.08</ele>
        <time>2026-08-11T00:41:33.1780000+00:00</time>
      </trkpt>
      <trkpt lat="51.274237" lon="8.598661">
        <ele>832.18</ele>
        <time>2026-08-11T00:41:33.5670000+00:00</time>
      </trkpt>
      <trkpt lat="51.274246" lon="8.598661">
        <ele>832.28</ele>
        <time>2026-08-11T00:41:33.8850000+00:00</time>
      </trkpt>
      <trkpt lat="51.274256" lon="8.598659">
        <ele>832.38</ele>
        <time>2026-08-11T00:41:34.2390000+00:00</time>
      </trkpt>
      <trkpt lat="51.274265" lon="8.598654">
        <ele>832.44</ele>
        <time>2026-08-11T00:41:34.5750000+00:00</time>
      </trkpt>
      <trkpt lat="51.274277" lon="8.598649">
        <ele>832.54</ele>
        <time>2026-08-11T00:41:35.0110000+00:00</time>
      </trkpt>
      <trkpt lat="51.274288" lon="8.598648">
        <ele>832.66</ele>
        <time>2026-08-11T00:41:35.4000000+00:00</time>
      </trkpt>
      <trkpt lat="51.274298" lon="8.598648">
        <ele>832.77</ele>
        <time>2026-08-11T00:41:35.7530000+00:00</time>
      </trkpt>
      <trkpt lat="51.27431" lon="8.598651">
        <ele>832.91</ele>
        <time>2026-08-11T00:41:36.1800000+00:00</time>
      </trkpt>
      <trkpt lat="51.27432" lon="8.598654">
        <ele>833.04</ele>
        <time>2026-08-11T00:41:36.5380000+00:00</time>
      </trkpt>
      <trkpt lat="51.27433" lon="8.598656">
        <ele>833.16</ele>
        <time>2026-08-11T00:41:36.8920000+00:00</time>
      </trkpt>
      <trkpt lat="51.274345" lon="8.598651">
        <ele>833.29</ele>
        <time>2026-08-11T00:41:37.4310000+00:00</time>
      </trkpt>
      <trkpt lat="51.274355" lon="8.59865">
        <ele>833.4</ele>
        <time>2026-08-11T00:41:37.7840000+00:00</time>
      </trkpt>
      <trkpt lat="51.274358" lon="8.598647">
        <ele>833.41</ele>
        <time>2026-08-11T00:41:37.9110000+00:00</time>
      </trkpt>
      <trkpt lat="51.274366" lon="8.598636">
        <ele>833.43</ele>
        <time>2026-08-11T00:41:38.2830000+00:00</time>
      </trkpt>
      <trkpt lat="51.274375" lon="8.598625">
        <ele>833.47</ele>
        <time>2026-08-11T00:41:38.6810000+00:00</time>
      </trkpt>
      <trkpt lat="51.274383" lon="8.598616">
        <ele>833.5</ele>
        <time>2026-08-11T00:41:39.0260000+00:00</time>
      </trkpt>
      <trkpt lat="51.274394" lon="8.598613">
        <ele>833.6</ele>
        <time>2026-08-11T00:41:39.4190000+00:00</time>
      </trkpt>
      <trkpt lat="51.27441" lon="8.59862">
        <ele>833.82</ele>
        <time>2026-08-11T00:41:40.0030000+00:00</time>
      </trkpt>
      <trkpt lat="51.274421" lon="8.598624">
        <ele>833.96</ele>
        <time>2026-08-11T00:41:40.3990000+00:00</time>
      </trkpt>
      <trkpt lat="51.274432" lon="8.598626">
        <ele>834.09</ele>
        <time>2026-08-11T00:41:40.7880000+00:00</time>
      </trkpt>
      <trkpt lat="51.274443" lon="8.598626">
        <ele>834.21</ele>
        <time>2026-08-11T00:41:41.1750000+00:00</time>
      </trkpt>
      <trkpt lat="51.274461" lon="8.598621">
        <ele>834.38</ele>
        <time>2026-08-11T00:41:41.8180000+00:00</time>
      </trkpt>
      <trkpt lat="51.274473" lon="8.598612">
        <ele>834.46</ele>
        <time>2026-08-11T00:41:42.2850000+00:00</time>
      </trkpt>
      <trkpt lat="51.274483" lon="8.598601">
        <ele>834.51</ele>
        <time>2026-08-11T00:41:42.7110000+00:00</time>
      </trkpt>
      <trkpt lat="51.274489" lon="8.598591">
        <ele>834.52</ele>
        <time>2026-08-11T00:41:43.0180000+00:00</time>
      </trkpt>
      <trkpt lat="51.274494" lon="8.598578">
        <ele>834.5</ele>
        <time>2026-08-11T00:41:43.3540000+00:00</time>
      </trkpt>
      <trkpt lat="51.274497" lon="8.598564">
        <ele>834.46</ele>
        <time>2026-08-11T00:41:43.6800000+00:00</time>
      </trkpt>
      <trkpt lat="51.274497" lon="8.598546">
        <ele>834.36</ele>
        <time>2026-08-11T00:41:44.0760000+00:00</time>
      </trkpt>
      <trkpt lat="51.274497" lon="8.598528">
        <ele>834.26</ele>
        <time>2026-08-11T00:41:44.4720000+00:00</time>
      </trkpt>
      <trkpt lat="51.274497" lon="8.59851">
        <ele>834.16</ele>
        <time>2026-08-11T00:41:44.8680000+00:00</time>
      </trkpt>
      <trkpt lat="51.274498" lon="8.598493">
        <ele>834.07</ele>
        <time>2026-08-11T00:41:45.2430000+00:00</time>
      </trkpt>
      <trkpt lat="51.274501" lon="8.598477">
        <ele>834.02</ele>
        <time>2026-08-11T00:41:45.6110000+00:00</time>
      </trkpt>
      <trkpt lat="51.274503" lon="8.598461">
        <ele>833.95</ele>
        <time>2026-08-11T00:41:45.9690000+00:00</time>
      </trkpt>
      <trkpt lat="51.274504" lon="8.598444">
        <ele>833.87</ele>
        <time>2026-08-11T00:41:46.3460000+00:00</time>
      </trkpt>
      <trkpt lat="51.274503" lon="8.598426">
        <ele>833.75</ele>
        <time>2026-08-11T00:41:46.7440000+00:00</time>
      </trkpt>
      <trkpt lat="51.274502" lon="8.59841">
        <ele>833.65</ele>
        <time>2026-08-11T00:41:47.0970000+00:00</time>
      </trkpt>
      <trkpt lat="51.274502" lon="8.598393">
        <ele>833.56</ele>
        <time>2026-08-11T00:41:47.4700000+00:00</time>
      </trkpt>
      <trkpt lat="51.274502" lon="8.598374">
        <ele>833.45</ele>
        <time>2026-08-11T00:41:47.8870000+00:00</time>
      </trkpt>
      <trkpt lat="51.274502" lon="8.598356">
        <ele>833.35</ele>
        <time>2026-08-11T00:41:48.2830000+00:00</time>
      </trkpt>
      <trkpt lat="51.274503" lon="8.598337">
        <ele>833.26</ele>
        <time>2026-08-11T00:41:48.7010000+00:00</time>
      </trkpt>
      <trkpt lat="51.274504" lon="8.598317">
        <ele>833.16</ele>
        <time>2026-08-11T00:41:49.1440000+00:00</time>
      </trkpt>
      <trkpt lat="51.274509" lon="8.5983">
        <ele>833.12</ele>
        <time>2026-08-11T00:41:49.5580000+00:00</time>
      </trkpt>
      <trkpt lat="51.274516" lon="8.598287">
        <ele>833.13</ele>
        <time>2026-08-11T00:41:49.9350000+00:00</time>
      </trkpt>
      <trkpt lat="51.274527" lon="8.598278">
        <ele>833.22</ele>
        <time>2026-08-11T00:41:50.3710000+00:00</time>
      </trkpt>
      <trkpt lat="51.274536" lon="8.598272">
        <ele>833.29</ele>
        <time>2026-08-11T00:41:50.7130000+00:00</time>
      </trkpt>
      <trkpt lat="51.274547" lon="8.598268">
        <ele>833.4</ele>
        <time>2026-08-11T00:41:51.1090000+00:00</time>
      </trkpt>
      <trkpt lat="51.274557" lon="8.598264">
        <ele>833.5</ele>
        <time>2026-08-11T00:41:51.4720000+00:00</time>
      </trkpt>
      <trkpt lat="51.274569" lon="8.598257">
        <ele>833.6</ele>
        <time>2026-08-11T00:41:51.9220000+00:00</time>
      </trkpt>
      <trkpt lat="51.274578" lon="8.598249">
        <ele>833.67</ele>
        <time>2026-08-11T00:41:52.2850000+00:00</time>
      </trkpt>
      <trkpt lat="51.274589" lon="8.598241">
        <ele>833.76</ele>
        <time>2026-08-11T00:41:52.7090000+00:00</time>
      </trkpt>
      <trkpt lat="51.274597" lon="8.598231">
        <ele>833.8</ele>
        <time>2026-08-11T00:41:53.0650000+00:00</time>
      </trkpt>
      <trkpt lat="51.274604" lon="8.598218">
        <ele>833.82</ele>
        <time>2026-08-11T00:41:53.4420000+00:00</time>
      </trkpt>
      <trkpt lat="51.274611" lon="8.598201">
        <ele>833.81</ele>
        <time>2026-08-11T00:41:53.8900000+00:00</time>
      </trkpt>
      <trkpt lat="51.27462" lon="8.598185">
        <ele>833.84</ele>
        <time>2026-08-11T00:41:54.3630000+00:00</time>
      </trkpt>
      <trkpt lat="51.274629" lon="8.598174">
        <ele>833.89</ele>
        <time>2026-08-11T00:41:54.7610000+00:00</time>
      </trkpt>
      <trkpt lat="51.274638" lon="8.598167">
        <ele>833.96</ele>
        <time>2026-08-11T00:41:55.1140000+00:00</time>
      </trkpt>
      <trkpt lat="51.274648" lon="8.59816">
        <ele>834.05</ele>
        <time>2026-08-11T00:41:55.4990000+00:00</time>
      </trkpt>
      <trkpt lat="51.274657" lon="8.598157">
        <ele>834.15</ele>
        <time>2026-08-11T00:41:55.8220000+00:00</time>
      </trkpt>
      <trkpt lat="51.274667" lon="8.598152">
        <ele>834.24</ele>
        <time>2026-08-11T00:41:56.1910000+00:00</time>
      </trkpt>
      <trkpt lat="51.274674" lon="8.598142">
        <ele>834.28</ele>
        <time>2026-08-11T00:41:56.5200000+00:00</time>
      </trkpt>
      <trkpt lat="51.274681" lon="8.598131">
        <ele>834.31</ele>
        <time>2026-08-11T00:41:56.8650000+00:00</time>
      </trkpt>
      <trkpt lat="51.27469" lon="8.598118">
        <ele>834.35</ele>
        <time>2026-08-11T00:41:57.2920000+00:00</time>
      </trkpt>
      <trkpt lat="51.274697" lon="8.598107">
        <ele>834.39</ele>
        <time>2026-08-11T00:41:57.6370000+00:00</time>
      </trkpt>
      <trkpt lat="51.274706" lon="8.5981">
        <ele>834.46</ele>
        <time>2026-08-11T00:41:57.9880000+00:00</time>
      </trkpt>
      <trkpt lat="51.274718" lon="8.5981">
        <ele>834.61</ele>
        <time>2026-08-11T00:41:58.4100000+00:00</time>
      </trkpt>
      <trkpt lat="51.274726" lon="8.598107">
        <ele>834.75</ele>
        <time>2026-08-11T00:41:58.7310000+00:00</time>
      </trkpt>
      <trkpt lat="51.274732" lon="8.59812">
        <ele>834.89</ele>
        <time>2026-08-11T00:41:59.0860000+00:00</time>
      </trkpt>
      <trkpt lat="51.274735" lon="8.598138">
        <ele>835.01</ele>
        <time>2026-08-11T00:41:59.4960000+00:00</time>
      </trkpt>
      <trkpt lat="51.274736" lon="8.598158">
        <ele>835.12</ele>
        <time>2026-08-11T00:41:59.9360000+00:00</time>
      </trkpt>
      <trkpt lat="51.274736" lon="8.598176">
        <ele>835.21</ele>
        <time>2026-08-11T00:42:00.3330000+00:00</time>
      </trkpt>
      <trkpt lat="51.274736" lon="8.598194">
        <ele>835.3</ele>
        <time>2026-08-11T00:42:00.7290000+00:00</time>
      </trkpt>
      <trkpt lat="51.274735" lon="8.598211">
        <ele>835.37</ele>
        <time>2026-08-11T00:42:01.1030000+00:00</time>
      </trkpt>
      <trkpt lat="51.274736" lon="8.59823">
        <ele>835.47</ele>
        <time>2026-08-11T00:42:01.5210000+00:00</time>
      </trkpt>
      <trkpt lat="51.274741" lon="8.598246">
        <ele>835.61</ele>
        <time>2026-08-11T00:42:01.9150000+00:00</time>
      </trkpt>
      <trkpt lat="51.274755999999996" lon="8.598251">
        <ele>835.82</ele>
        <time>2026-08-11T00:42:02.4550000+00:00</time>
      </trkpt>
      <trkpt lat="51.274766" lon="8.598244">
        <ele>835.9</ele>
        <time>2026-08-11T00:42:02.8390000+00:00</time>
      </trkpt>
      <trkpt lat="51.274773" lon="8.59823">
        <ele>835.9</ele>
        <time>2026-08-11T00:42:03.2340000+00:00</time>
      </trkpt>
      <trkpt lat="51.274781" lon="8.598215">
        <ele>835.85</ele>
        <time>2026-08-11T00:42:03.6680000+00:00</time>
      </trkpt>
      <trkpt lat="51.274788" lon="8.598202">
        <ele>835.81</ele>
        <time>2026-08-11T00:42:04.0450000+00:00</time>
      </trkpt>
      <trkpt lat="51.274795" lon="8.598188">
        <ele>835.76</ele>
        <time>2026-08-11T00:42:04.4410000+00:00</time>
      </trkpt>
      <trkpt lat="51.274804" lon="8.598177">
        <ele>835.73</ele>
        <time>2026-08-11T00:42:04.8400000+00:00</time>
      </trkpt>
      <trkpt lat="51.274814" lon="8.598176">
        <ele>835.75</ele>
        <time>2026-08-11T00:42:05.1930000+00:00</time>
      </trkpt>
      <trkpt lat="51.274824" lon="8.598182">
        <ele>835.8</ele>
        <time>2026-08-11T00:42:05.5680000+00:00</time>
      </trkpt>
      <trkpt lat="51.274831" lon="8.598196">
        <ele>835.89</ele>
        <time>2026-08-11T00:42:05.9620000+00:00</time>
      </trkpt>
      <trkpt lat="51.274836" lon="8.598212">
        <ele>835.97</ele>
        <time>2026-08-11T00:42:06.3560000+00:00</time>
      </trkpt>
      <trkpt lat="51.27484" lon="8.598228">
        <ele>836.06</ele>
        <time>2026-08-11T00:42:06.7350000+00:00</time>
      </trkpt>
      <trkpt lat="51.274844" lon="8.598242">
        <ele>836.13</ele>
        <time>2026-08-11T00:42:07.0750000+00:00</time>
      </trkpt>
      <trkpt lat="51.274853" lon="8.598252">
        <ele>836.2</ele>
        <time>2026-08-11T00:42:07.4600000+00:00</time>
      </trkpt>
      <trkpt lat="51.274863" lon="8.598254">
        <ele>836.23</ele>
        <time>2026-08-11T00:42:07.8130000+00:00</time>
      </trkpt>
      <trkpt lat="51.274873" lon="8.598253">
        <ele>836.25</ele>
        <time>2026-08-11T00:42:08.1660000+00:00</time>
      </trkpt>
      <trkpt lat="51.274883" lon="8.598248">
        <ele>836.25</ele>
        <time>2026-08-11T00:42:08.5350000+00:00</time>
      </trkpt>
      <trkpt lat="51.274893" lon="8.598242">
        <ele>836.25</ele>
        <time>2026-08-11T00:42:08.9100000+00:00</time>
      </trkpt>
      <trkpt lat="51.274902" lon="8.598234">
        <ele>836.24</ele>
        <time>2026-08-11T00:42:09.2730000+00:00</time>
      </trkpt>
      <trkpt lat="51.274916" lon="8.598217">
        <ele>836.2</ele>
        <time>2026-08-11T00:42:09.8910000+00:00</time>
      </trkpt>
      <trkpt lat="51.274923" lon="8.598206">
        <ele>836.17</ele>
        <time>2026-08-11T00:42:10.2360000+00:00</time>
      </trkpt>
      <trkpt lat="51.274929" lon="8.598194">
        <ele>836.13</ele>
        <time>2026-08-11T00:42:10.5730000+00:00</time>
      </trkpt>
      <trkpt lat="51.274932" lon="8.598179">
        <ele>836.07</ele>
        <time>2026-08-11T00:42:10.9200000+00:00</time>
      </trkpt>
      <trkpt lat="51.274932" lon="8.598163">
        <ele>836</ele>
        <time>2026-08-11T00:42:11.2710000+00:00</time>
      </trkpt>
      <trkpt lat="51.274929" lon="8.598148">
        <ele>835.93</ele>
        <time>2026-08-11T00:42:11.6180000+00:00</time>
      </trkpt>
      <trkpt lat="51.274925" lon="8.598133">
        <ele>835.85</ele>
        <time>2026-08-11T00:42:11.9760000+00:00</time>
      </trkpt>
      <trkpt lat="51.27492" lon="8.59812">
        <ele>835.78</ele>
        <time>2026-08-11T00:42:12.3110000+00:00</time>
      </trkpt>
      <trkpt lat="51.274915" lon="8.598107">
        <ele>835.71</ele>
        <time>2026-08-11T00:42:12.6490000+00:00</time>
      </trkpt>
      <trkpt lat="51.274909" lon="8.598088">
        <ele>835.61</ele>
        <time>2026-08-11T00:42:13.1180000+00:00</time>
      </trkpt>
      <trkpt lat="51.274903" lon="8.598061">
        <ele>835.47</ele>
        <time>2026-08-11T00:42:13.7490000+00:00</time>
      </trkpt>
      <trkpt lat="51.274902" lon="8.598045">
        <ele>835.4</ele>
        <time>2026-08-11T00:42:14.1030000+00:00</time>
      </trkpt>
      <trkpt lat="51.274902" lon="8.598027">
        <ele>835.32</ele>
        <time>2026-08-11T00:42:14.4990000+00:00</time>
      </trkpt>
      <trkpt lat="51.274903" lon="8.598009">
        <ele>835.24</ele>
        <time>2026-08-11T00:42:14.8980000+00:00</time>
      </trkpt>
      <trkpt lat="51.274907" lon="8.597991">
        <ele>835.18</ele>
        <time>2026-08-11T00:42:15.3180000+00:00</time>
      </trkpt>
      <trkpt lat="51.274914" lon="8.597974">
        <ele>835.12</ele>
        <time>2026-08-11T00:42:15.7660000+00:00</time>
      </trkpt>
      <trkpt lat="51.274922" lon="8.597957">
        <ele>835.08</ele>
        <time>2026-08-11T00:42:16.2330000+00:00</time>
      </trkpt>
      <trkpt lat="51.274931" lon="8.597943">
        <ele>835.04</ele>
        <time>2026-08-11T00:42:16.6750000+00:00</time>
      </trkpt>
      <trkpt lat="51.274941" lon="8.597932">
        <ele>835.03</ele>
        <time>2026-08-11T00:42:17.1010000+00:00</time>
      </trkpt>
      <trkpt lat="51.274952" lon="8.597925">
        <ele>835.04</ele>
        <time>2026-08-11T00:42:17.5190000+00:00</time>
      </trkpt>
      <trkpt lat="51.274963" lon="8.597922">
        <ele>835.06</ele>
        <time>2026-08-11T00:42:17.9100000+00:00</time>
      </trkpt>
      <trkpt lat="51.274974" lon="8.59792">
        <ele>835.09</ele>
        <time>2026-08-11T00:42:18.3000000+00:00</time>
      </trkpt>
      <trkpt lat="51.274984" lon="8.597923">
        <ele>835.14</ele>
        <time>2026-08-11T00:42:18.6580000+00:00</time>
      </trkpt>
      <trkpt lat="51.274995" lon="8.597923">
        <ele>835.17</ele>
        <time>2026-08-11T00:42:19.0440000+00:00</time>
      </trkpt>
      <trkpt lat="51.275005" lon="8.59792">
        <ele>835.19</ele>
        <time>2026-08-11T00:42:19.4020000+00:00</time>
      </trkpt>
      <trkpt lat="51.275015" lon="8.597916">
        <ele>835.21</ele>
        <time>2026-08-11T00:42:19.7650000+00:00</time>
      </trkpt>
      <trkpt lat="51.275026" lon="8.597908">
        <ele>835.22</ele>
        <time>2026-08-11T00:42:20.1900000+00:00</time>
      </trkpt>
      <trkpt lat="51.275036" lon="8.5979">
        <ele>835.22</ele>
        <time>2026-08-11T00:42:20.5830000+00:00</time>
      </trkpt>
      <trkpt lat="51.275045" lon="8.597893">
        <ele>835.22</ele>
        <time>2026-08-11T00:42:20.9340000+00:00</time>
      </trkpt>
      <trkpt lat="51.275056" lon="8.597885">
        <ele>835.23</ele>
        <time>2026-08-11T00:42:21.3590000+00:00</time>
      </trkpt>
      <trkpt lat="51.275067" lon="8.597876">
        <ele>835.23</ele>
        <time>2026-08-11T00:42:21.7940000+00:00</time>
      </trkpt>
      <trkpt lat="51.275078" lon="8.597869">
        <ele>835.24</ele>
        <time>2026-08-11T00:42:22.2110000+00:00</time>
      </trkpt>
      <trkpt lat="51.275089" lon="8.597862">
        <ele>835.25</ele>
        <time>2026-08-11T00:42:22.6270000+00:00</time>
      </trkpt>
      <trkpt lat="51.275099" lon="8.597858">
        <ele>835.27</ele>
        <time>2026-08-11T00:42:22.9900000+00:00</time>
      </trkpt>
      <trkpt lat="51.27511" lon="8.597853">
        <ele>835.29</ele>
        <time>2026-08-11T00:42:23.3930000+00:00</time>
      </trkpt>
      <trkpt lat="51.275121" lon="8.59785">
        <ele>835.32</ele>
        <time>2026-08-11T00:42:23.7850000+00:00</time>
      </trkpt>
      <trkpt lat="51.275132" lon="8.597847">
        <ele>835.35</ele>
        <time>2026-08-11T00:42:24.1770000+00:00</time>
      </trkpt>
      <trkpt lat="51.275143" lon="8.597844">
        <ele>835.37</ele>
        <time>2026-08-11T00:42:24.5690000+00:00</time>
      </trkpt>
      <trkpt lat="51.275154" lon="8.59784">
        <ele>835.4</ele>
        <time>2026-08-11T00:42:24.9660000+00:00</time>
      </trkpt>
      <trkpt lat="51.275165" lon="8.597839">
        <ele>835.43</ele>
        <time>2026-08-11T00:42:25.3530000+00:00</time>
      </trkpt>
      <trkpt lat="51.275179" lon="8.597837">
        <ele>835.48</ele>
        <time>2026-08-11T00:42:25.8470000+00:00</time>
      </trkpt>
      <trkpt lat="51.27519" lon="8.59784">
        <ele>835.53</ele>
        <time>2026-08-11T00:42:26.2390000+00:00</time>
      </trkpt>
      <trkpt lat="51.275199" lon="8.597849">
        <ele>835.59</ele>
        <time>2026-08-11T00:42:26.6120000+00:00</time>
      </trkpt>
      <trkpt lat="51.275209" lon="8.59786">
        <ele>835.67</ele>
        <time>2026-08-11T00:42:27.0390000+00:00</time>
      </trkpt>
      <trkpt lat="51.275218" lon="8.597869">
        <ele>835.73</ele>
        <time>2026-08-11T00:42:27.4110000+00:00</time>
      </trkpt>
      <trkpt lat="51.275225" lon="8.597881">
        <ele>835.8</ele>
        <time>2026-08-11T00:42:27.7730000+00:00</time>
      </trkpt>
      <trkpt lat="51.275232" lon="8.597895">
        <ele>835.87</ele>
        <time>2026-08-11T00:42:28.1670000+00:00</time>
      </trkpt>
      <trkpt lat="51.275239" lon="8.597908">
        <ele>835.94</ele>
        <time>2026-08-11T00:42:28.5440000+00:00</time>
      </trkpt>
      <trkpt lat="51.275245" lon="8.597923">
        <ele>836.01</ele>
        <time>2026-08-11T00:42:28.9360000+00:00</time>
      </trkpt>
      <trkpt lat="51.275252" lon="8.597936">
        <ele>836.08</ele>
        <time>2026-08-11T00:42:29.3140000+00:00</time>
      </trkpt>
      <trkpt lat="51.275261" lon="8.597947">
        <ele>836.14</ele>
        <time>2026-08-11T00:42:29.7120000+00:00</time>
      </trkpt>
      <trkpt lat="51.27527" lon="8.597958">
        <ele>836.21</ele>
        <time>2026-08-11T00:42:30.1100000+00:00</time>
      </trkpt>
      <trkpt lat="51.27528" lon="8.597966">
        <ele>836.27</ele>
        <time>2026-08-11T00:42:30.5030000+00:00</time>
      </trkpt>
      <trkpt lat="51.27529" lon="8.597973">
        <ele>836.33</ele>
        <time>2026-08-11T00:42:30.8880000+00:00</time>
      </trkpt>
      <trkpt lat="51.275301" lon="8.597979">
        <ele>836.38</ele>
        <time>2026-08-11T00:42:31.2950000+00:00</time>
      </trkpt>
      <trkpt lat="51.275311" lon="8.597988">
        <ele>836.44</ele>
        <time>2026-08-11T00:42:31.6980000+00:00</time>
      </trkpt>
      <trkpt lat="51.275321" lon="8.597997">
        <ele>836.5</ele>
        <time>2026-08-11T00:42:32.1020000+00:00</time>
      </trkpt>
      <trkpt lat="51.27533" lon="8.598006">
        <ele>836.56</ele>
        <time>2026-08-11T00:42:32.4770000+00:00</time>
      </trkpt>
      <trkpt lat="51.275339" lon="8.598017">
        <ele>836.62</ele>
        <time>2026-08-11T00:42:32.8760000+00:00</time>
      </trkpt>
      <trkpt lat="51.27535" lon="8.598025">
        <ele>836.68</ele>
        <time>2026-08-11T00:42:33.3010000+00:00</time>
      </trkpt>
      <trkpt lat="51.275362" lon="8.59803">
        <ele>836.73</ele>
        <time>2026-08-11T00:42:33.7360000+00:00</time>
      </trkpt>
      <trkpt lat="51.275373" lon="8.598035">
        <ele>836.78</ele>
        <time>2026-08-11T00:42:34.1390000+00:00</time>
      </trkpt>
      <trkpt lat="51.275384" lon="8.598039">
        <ele>836.83</ele>
        <time>2026-08-11T00:42:34.5360000+00:00</time>
      </trkpt>
      <trkpt lat="51.275396" lon="8.598045">
        <ele>836.88</ele>
        <time>2026-08-11T00:42:34.9780000+00:00</time>
      </trkpt>
      <trkpt lat="51.275406" lon="8.598055">
        <ele>836.94</ele>
        <time>2026-08-11T00:42:35.3920000+00:00</time>
      </trkpt>
      <trkpt lat="51.275415" lon="8.598066">
        <ele>837</ele>
        <time>2026-08-11T00:42:35.7890000+00:00</time>
      </trkpt>
      <trkpt lat="51.275424" lon="8.598075">
        <ele>837.05</ele>
        <time>2026-08-11T00:42:36.1620000+00:00</time>
      </trkpt>
      <trkpt lat="51.275435" lon="8.598084">
        <ele>837.11</ele>
        <time>2026-08-11T00:42:36.5970000+00:00</time>
      </trkpt>
      <trkpt lat="51.275446" lon="8.598091">
        <ele>837.16</ele>
        <time>2026-08-11T00:42:37.0130000+00:00</time>
      </trkpt>
      <trkpt lat="51.275458" lon="8.598095">
        <ele>837.21</ele>
        <time>2026-08-11T00:42:37.4440000+00:00</time>
      </trkpt>
      <trkpt lat="51.275469" lon="8.598094">
        <ele>837.24</ele>
        <time>2026-08-11T00:42:37.8310000+00:00</time>
      </trkpt>
      <trkpt lat="51.27548" lon="8.598093">
        <ele>837.27</ele>
        <time>2026-08-11T00:42:38.2180000+00:00</time>
      </trkpt>
      <trkpt lat="51.275491" lon="8.598092">
        <ele>837.29</ele>
        <time>2026-08-11T00:42:38.6050000+00:00</time>
      </trkpt>
      <trkpt lat="51.275502" lon="8.598087">
        <ele>837.31</ele>
        <time>2026-08-11T00:42:39.0080000+00:00</time>
      </trkpt>
      <trkpt lat="51.275514" lon="8.598082">
        <ele>837.33</ele>
        <time>2026-08-11T00:42:39.4450000+00:00</time>
      </trkpt>
      <trkpt lat="51.275525" lon="8.598077">
        <ele>837.35</ele>
        <time>2026-08-11T00:42:39.8480000+00:00</time>
      </trkpt>
      <trkpt lat="51.275535" lon="8.598071">
        <ele>837.37</ele>
        <time>2026-08-11T00:42:40.2240000+00:00</time>
      </trkpt>
      <trkpt lat="51.275547" lon="8.598066">
        <ele>837.39</ele>
        <time>2026-08-11T00:42:40.6610000+00:00</time>
      </trkpt>
      <trkpt lat="51.275561" lon="8.598046">
        <ele>837.38</ele>
        <time>2026-08-11T00:42:41.3220000+00:00</time>
      </trkpt>
      <trkpt lat="51.275569" lon="8.598033">
        <ele>837.37</ele>
        <time>2026-08-11T00:42:41.7220000+00:00</time>
      </trkpt>
      <trkpt lat="51.275576" lon="8.59802">
        <ele>837.36</ele>
        <time>2026-08-11T00:42:42.1000000+00:00</time>
      </trkpt>
      <trkpt lat="51.275585" lon="8.598007">
        <ele>837.35</ele>
        <time>2026-08-11T00:42:42.5270000+00:00</time>
      </trkpt>
      <trkpt lat="51.275594" lon="8.597995">
        <ele>837.35</ele>
        <time>2026-08-11T00:42:42.9400000+00:00</time>
      </trkpt>
      <trkpt lat="51.275604" lon="8.597985">
        <ele>837.36</ele>
        <time>2026-08-11T00:42:43.3560000+00:00</time>
      </trkpt>
      <trkpt lat="51.275614" lon="8.597976">
        <ele>837.37</ele>
        <time>2026-08-11T00:42:43.7600000+00:00</time>
      </trkpt>
      <trkpt lat="51.275625" lon="8.597968">
        <ele>837.38</ele>
        <time>2026-08-11T00:42:44.1850000+00:00</time>
      </trkpt>
      <trkpt lat="51.275637" lon="8.597963">
        <ele>837.4</ele>
        <time>2026-08-11T00:42:44.6200000+00:00</time>
      </trkpt>
      <trkpt lat="51.275645" lon="8.597957">
        <ele>837.41</ele>
        <time>2026-08-11T00:42:44.9320000+00:00</time>
      </trkpt>
      <trkpt lat="51.275659" lon="8.597952">
        <ele>837.43</ele>
        <time>2026-08-11T00:42:45.4360000+00:00</time>
      </trkpt>
      <trkpt lat="51.275671" lon="8.59795">
        <ele>837.46</ele>
        <time>2026-08-11T00:42:45.8610000+00:00</time>
      </trkpt>
      <trkpt lat="51.275682" lon="8.59795">
        <ele>837.49</ele>
        <time>2026-08-11T00:42:46.2480000+00:00</time>
      </trkpt>
      <trkpt lat="51.275694" lon="8.597953">
        <ele>837.53</ele>
        <time>2026-08-11T00:42:46.6750000+00:00</time>
      </trkpt>
      <trkpt lat="51.275705" lon="8.597956">
        <ele>837.57</ele>
        <time>2026-08-11T00:42:47.0680000+00:00</time>
      </trkpt>
      <trkpt lat="51.275715" lon="8.59796">
        <ele>837.6</ele>
        <time>2026-08-11T00:42:47.4310000+00:00</time>
      </trkpt>
      <trkpt lat="51.275725" lon="8.597966">
        <ele>837.64</ele>
        <time>2026-08-11T00:42:47.8060000+00:00</time>
      </trkpt>
      <trkpt lat="51.275734" lon="8.597971">
        <ele>837.67</ele>
        <time>2026-08-11T00:42:48.1420000+00:00</time>
      </trkpt>
      <trkpt lat="51.275745" lon="8.597981">
        <ele>837.71</ele>
        <time>2026-08-11T00:42:48.5860000+00:00</time>
      </trkpt>
      <trkpt lat="51.275756" lon="8.597985">
        <ele>837.74</ele>
        <time>2026-08-11T00:42:48.9830000+00:00</time>
      </trkpt>
      <trkpt lat="51.275765" lon="8.597991">
        <ele>837.77</ele>
        <time>2026-08-11T00:42:49.3290000+00:00</time>
      </trkpt>
      <trkpt lat="51.275774" lon="8.597999">
        <ele>837.81</ele>
        <time>2026-08-11T00:42:49.6910000+00:00</time>
      </trkpt>
      <trkpt lat="51.275788" lon="8.598014">
        <ele>837.86</ele>
        <time>2026-08-11T00:42:50.2850000+00:00</time>
      </trkpt>
      <trkpt lat="51.275797" lon="8.598027">
        <ele>837.89</ele>
        <time>2026-08-11T00:42:50.7110000+00:00</time>
      </trkpt>
      <trkpt lat="51.275806" lon="8.59804">
        <ele>837.92</ele>
        <time>2026-08-11T00:42:51.1380000+00:00</time>
      </trkpt>
      <trkpt lat="51.275816" lon="8.598054">
        <ele>837.96</ele>
        <time>2026-08-11T00:42:51.6070000+00:00</time>
      </trkpt>
      <trkpt lat="51.275825" lon="8.598067">
        <ele>837.98</ele>
        <time>2026-08-11T00:42:52.0330000+00:00</time>
      </trkpt>
      <trkpt lat="51.275834" lon="8.598082">
        <ele>838.01</ele>
        <time>2026-08-11T00:42:52.4910000+00:00</time>
      </trkpt>
      <trkpt lat="51.275842" lon="8.598094">
        <ele>838.04</ele>
        <time>2026-08-11T00:42:52.8770000+00:00</time>
      </trkpt>
      <trkpt lat="51.275852" lon="8.598104">
        <ele>838.06</ele>
        <time>2026-08-11T00:42:53.2910000+00:00</time>
      </trkpt>
      <trkpt lat="51.275862" lon="8.598111">
        <ele>838.08</ele>
        <time>2026-08-11T00:42:53.6750000+00:00</time>
      </trkpt>
      <trkpt lat="51.275873" lon="8.598115">
        <ele>838.1</ele>
        <time>2026-08-11T00:42:54.0730000+00:00</time>
      </trkpt>
      <trkpt lat="51.275884" lon="8.598117">
        <ele>838.12</ele>
        <time>2026-08-11T00:42:54.4620000+00:00</time>
      </trkpt>
      <trkpt lat="51.275896" lon="8.598119">
        <ele>838.14</ele>
        <time>2026-08-11T00:42:54.8850000+00:00</time>
      </trkpt>
      <trkpt lat="51.275907" lon="8.598122">
        <ele>838.15</ele>
        <time>2026-08-11T00:42:55.2760000+00:00</time>
      </trkpt>
      <trkpt lat="51.275919" lon="8.598126">
        <ele>838.17</ele>
        <time>2026-08-11T00:42:55.7060000+00:00</time>
      </trkpt>
      <trkpt lat="51.275931" lon="8.598129">
        <ele>838.19</ele>
        <time>2026-08-11T00:42:56.1330000+00:00</time>
      </trkpt>
      <trkpt lat="51.275942" lon="8.598125">
        <ele>838.21</ele>
        <time>2026-08-11T00:42:56.5290000+00:00</time>
      </trkpt>
      <trkpt lat="51.275951" lon="8.598116">
        <ele>838.22</ele>
        <time>2026-08-11T00:42:56.9030000+00:00</time>
      </trkpt>
      <trkpt lat="51.275959" lon="8.598104">
        <ele>838.24</ele>
        <time>2026-08-11T00:42:57.2900000+00:00</time>
      </trkpt>
      <trkpt lat="51.275965" lon="8.598089">
        <ele>838.25</ele>
        <time>2026-08-11T00:42:57.6820000+00:00</time>
      </trkpt>
      <trkpt lat="51.275972" lon="8.598072">
        <ele>838.27</ele>
        <time>2026-08-11T00:42:58.1290000+00:00</time>
      </trkpt>
      <trkpt lat="51.27598" lon="8.598055">
        <ele>838.29</ele>
        <time>2026-08-11T00:42:58.5970000+00:00</time>
      </trkpt>
      <trkpt lat="51.275988" lon="8.59804">
        <ele>838.31</ele>
        <time>2026-08-11T00:42:59.0300000+00:00</time>
      </trkpt>
      <trkpt lat="51.275999" lon="8.59803">
        <ele>838.34</ele>
        <time>2026-08-11T00:42:59.4750000+00:00</time>
      </trkpt>
      <trkpt lat="51.276012" lon="8.598028">
        <ele>838.37</ele>
        <time>2026-08-11T00:42:59.9350000+00:00</time>
      </trkpt>
      <trkpt lat="51.276023" lon="8.598033">
        <ele>838.39</ele>
        <time>2026-08-11T00:43:00.3380000+00:00</time>
      </trkpt>
      <trkpt lat="51.276035" lon="8.598039">
        <ele>838.41</ele>
        <time>2026-08-11T00:43:00.7790000+00:00</time>
      </trkpt>
      <trkpt lat="51.276047" lon="8.598048">
        <ele>838.43</ele>
        <time>2026-08-11T00:43:01.2460000+00:00</time>
      </trkpt>
      <trkpt lat="51.276059" lon="8.598053">
        <ele>838.45</ele>
        <time>2026-08-11T00:43:01.6840000+00:00</time>
      </trkpt>
      <trkpt lat="51.276069" lon="8.598054">
        <ele>838.47</ele>
        <time>2026-08-11T00:43:02.0360000+00:00</time>
      </trkpt>
      <trkpt lat="51.276082" lon="8.598049">
        <ele>838.5</ele>
        <time>2026-08-11T00:43:02.5070000+00:00</time>
      </trkpt>
      <trkpt lat="51.276093" lon="8.598044">
        <ele>838.53</ele>
        <time>2026-08-11T00:43:02.9080000+00:00</time>
      </trkpt>
      <trkpt lat="51.276104" lon="8.598041">
        <ele>838.55</ele>
        <time>2026-08-11T00:43:03.3020000+00:00</time>
      </trkpt>
      <trkpt lat="51.276115" lon="8.598035">
        <ele>838.59</ele>
        <time>2026-08-11T00:43:03.7120000+00:00</time>
      </trkpt>
      <trkpt lat="51.276125" lon="8.598023">
        <ele>838.62</ele>
        <time>2026-08-11T00:43:04.1510000+00:00</time>
      </trkpt>
      <trkpt lat="51.276132" lon="8.598008">
        <ele>838.66</ele>
        <time>2026-08-11T00:43:04.5630000+00:00</time>
      </trkpt>
      <trkpt lat="51.276138" lon="8.597992">
        <ele>838.7</ele>
        <time>2026-08-11T00:43:04.9730000+00:00</time>
      </trkpt>
      <trkpt lat="51.276143" lon="8.597977">
        <ele>838.73</ele>
        <time>2026-08-11T00:43:05.3480000+00:00</time>
      </trkpt>
      <trkpt lat="51.276147" lon="8.59796">
        <ele>838.77</ele>
        <time>2026-08-11T00:43:05.7480000+00:00</time>
      </trkpt>
      <trkpt lat="51.276152" lon="8.597943">
        <ele>838.81</ele>
        <time>2026-08-11T00:43:06.1620000+00:00</time>
      </trkpt>
      <trkpt lat="51.27616" lon="8.597931">
        <ele>838.85</ele>
        <time>2026-08-11T00:43:06.5470000+00:00</time>
      </trkpt>
      <trkpt lat="51.276169" lon="8.597924">
        <ele>838.89</ele>
        <time>2026-08-11T00:43:06.8990000+00:00</time>
      </trkpt>
      <trkpt lat="51.276182" lon="8.597918">
        <ele>838.94</ele>
        <time>2026-08-11T00:43:07.3740000+00:00</time>
      </trkpt>
      <trkpt lat="51.276193" lon="8.597916">
        <ele>838.97</ele>
        <time>2026-08-11T00:43:07.7630000+00:00</time>
      </trkpt>
      <trkpt lat="51.276213" lon="8.597915">
        <ele>839.04</ele>
        <time>2026-08-11T00:43:08.4670000+00:00</time>
      </trkpt>
      <trkpt lat="51.276225" lon="8.597914">
        <ele>839.07</ele>
        <time>2026-08-11T00:43:08.8900000+00:00</time>
      </trkpt>
      <trkpt lat="51.276238" lon="8.597915">
        <ele>839.11</ele>
        <time>2026-08-11T00:43:09.3480000+00:00</time>
      </trkpt>
      <trkpt lat="51.276249" lon="8.597916">
        <ele>839.14</ele>
        <time>2026-08-11T00:43:09.7350000+00:00</time>
      </trkpt>
      <trkpt lat="51.276261" lon="8.597919">
        <ele>839.17</ele>
        <time>2026-08-11T00:43:10.1610000+00:00</time>
      </trkpt>
      <trkpt lat="51.276272" lon="8.597922">
        <ele>839.2</ele>
        <time>2026-08-11T00:43:10.5530000+00:00</time>
      </trkpt>
      <trkpt lat="51.276281" lon="8.597925">
        <ele>839.22</ele>
        <time>2026-08-11T00:43:10.8770000+00:00</time>
      </trkpt>
      <trkpt lat="51.276291" lon="8.597928">
        <ele>839.24</ele>
        <time>2026-08-11T00:43:11.2340000+00:00</time>
      </trkpt>
      <trkpt lat="51.2763" lon="8.597935">
        <ele>839.25</ele>
        <time>2026-08-11T00:43:11.5860000+00:00</time>
      </trkpt>
      <trkpt lat="51.276307" lon="8.597949">
        <ele>839.23</ele>
        <time>2026-08-11T00:43:11.9810000+00:00</time>
      </trkpt>
      <trkpt lat="51.27631" lon="8.597966">
        <ele>839.19</ele>
        <time>2026-08-11T00:43:12.3690000+00:00</time>
      </trkpt>
      <trkpt lat="51.276308" lon="8.597982">
        <ele>839.14</ele>
        <time>2026-08-11T00:43:12.7270000+00:00</time>
      </trkpt>
      <trkpt lat="51.276301" lon="8.598">
        <ele>839.08</ele>
        <time>2026-08-11T00:43:13.1940000+00:00</time>
      </trkpt>
      <trkpt lat="51.276295" lon="8.598016">
        <ele>839.02</ele>
        <time>2026-08-11T00:43:13.6040000+00:00</time>
      </trkpt>
      <trkpt lat="51.276292" lon="8.598032">
        <ele>838.98</ele>
        <time>2026-08-11T00:43:13.9720000+00:00</time>
      </trkpt>
      <trkpt lat="51.276291" lon="8.598051">
        <ele>838.92</ele>
        <time>2026-08-11T00:43:14.3910000+00:00</time>
      </trkpt>
      <trkpt lat="51.276291" lon="8.59807">
        <ele>838.88</ele>
        <time>2026-08-11T00:43:14.8100000+00:00</time>
      </trkpt>
      <trkpt lat="51.276293" lon="8.598089">
        <ele>838.83</ele>
        <time>2026-08-11T00:43:15.2320000+00:00</time>
      </trkpt>
      <trkpt lat="51.276296" lon="8.598108">
        <ele>838.79</ele>
        <time>2026-08-11T00:43:15.6630000+00:00</time>
      </trkpt>
      <trkpt lat="51.276301" lon="8.598125">
        <ele>838.75</ele>
        <time>2026-08-11T00:43:16.0770000+00:00</time>
      </trkpt>
      <trkpt lat="51.276309" lon="8.598141">
        <ele>838.72</ele>
        <time>2026-08-11T00:43:16.5280000+00:00</time>
      </trkpt>
      <trkpt lat="51.276316" lon="8.598155">
        <ele>838.69</ele>
        <time>2026-08-11T00:43:16.9220000+00:00</time>
      </trkpt>
      <trkpt lat="51.276335" lon="8.598178">
        <ele>838.65</ele>
        <time>2026-08-11T00:43:17.7600000+00:00</time>
      </trkpt>
      <trkpt lat="51.276347" lon="8.598184">
        <ele>838.65</ele>
        <time>2026-08-11T00:43:18.2010000+00:00</time>
      </trkpt>
      <trkpt lat="51.276357" lon="8.598185">
        <ele>838.65</ele>
        <time>2026-08-11T00:43:18.5540000+00:00</time>
      </trkpt>
      <trkpt lat="51.276368" lon="8.598183">
        <ele>838.67</ele>
        <time>2026-08-11T00:43:18.9440000+00:00</time>
      </trkpt>
      <trkpt lat="51.276379" lon="8.59818">
        <ele>838.69</ele>
        <time>2026-08-11T00:43:19.3370000+00:00</time>
      </trkpt>
      <trkpt lat="51.276383" lon="8.598178">
        <ele>838.7</ele>
        <time>2026-08-11T00:43:19.4850000+00:00</time>
      </trkpt>
      <trkpt lat="51.276388" lon="8.598175">
        <ele>838.72</ele>
        <time>2026-08-11T00:43:19.6720000+00:00</time>
      </trkpt>
      <trkpt lat="51.276392" lon="8.598173">
        <ele>838.73</ele>
        <time>2026-08-11T00:43:19.8190000+00:00</time>
      </trkpt>
      <trkpt lat="51.276406" lon="8.59817">
        <ele>838.76</ele>
        <time>2026-08-11T00:43:20.3160000+00:00</time>
      </trkpt>
      <trkpt lat="51.276422" lon="8.598164">
        <ele>838.8</ele>
        <time>2026-08-11T00:43:20.8940000+00:00</time>
      </trkpt>
      <trkpt lat="51.276432" lon="8.598157">
        <ele>838.83</ele>
        <time>2026-08-11T00:43:21.2790000+00:00</time>
      </trkpt>
      <trkpt lat="51.276442" lon="8.598152">
        <ele>838.85</ele>
        <time>2026-08-11T00:43:21.6470000+00:00</time>
      </trkpt>
      <trkpt lat="51.276453" lon="8.598147">
        <ele>838.86</ele>
        <time>2026-08-11T00:43:22.0500000+00:00</time>
      </trkpt>
      <trkpt lat="51.276463" lon="8.598143">
        <ele>838.86</ele>
        <time>2026-08-11T00:43:22.4120000+00:00</time>
      </trkpt>
      <trkpt lat="51.276474" lon="8.598141">
        <ele>838.86</ele>
        <time>2026-08-11T00:43:22.8010000+00:00</time>
      </trkpt>
      <trkpt lat="51.276486" lon="8.59814">
        <ele>838.85</ele>
        <time>2026-08-11T00:43:23.2230000+00:00</time>
      </trkpt>
      <trkpt lat="51.276498" lon="8.598142">
        <ele>838.83</ele>
        <time>2026-08-11T00:43:23.6480000+00:00</time>
      </trkpt>
      <trkpt lat="51.276512" lon="8.598147">
        <ele>838.8</ele>
        <time>2026-08-11T00:43:24.1530000+00:00</time>
      </trkpt>
      <trkpt lat="51.276525" lon="8.59815">
        <ele>838.77</ele>
        <time>2026-08-11T00:43:24.6170000+00:00</time>
      </trkpt>
      <trkpt lat="51.276537" lon="8.598149">
        <ele>838.76</ele>
        <time>2026-08-11T00:43:25.0400000+00:00</time>
      </trkpt>
      <trkpt lat="51.276546" lon="8.598141">
        <ele>838.78</ele>
        <time>2026-08-11T00:43:25.4030000+00:00</time>
      </trkpt>
      <trkpt lat="51.276554" lon="8.598128">
        <ele>838.81</ele>
        <time>2026-08-11T00:43:25.8050000+00:00</time>
      </trkpt>
      <trkpt lat="51.27656" lon="8.598113">
        <ele>838.85</ele>
        <time>2026-08-11T00:43:26.1970000+00:00</time>
      </trkpt>
      <trkpt lat="51.276565" lon="8.598097">
        <ele>838.89</ele>
        <time>2026-08-11T00:43:26.5910000+00:00</time>
      </trkpt>
      <trkpt lat="51.276571" lon="8.598082">
        <ele>838.93</ele>
        <time>2026-08-11T00:43:26.9820000+00:00</time>
      </trkpt>
      <trkpt lat="51.276577" lon="8.598067">
        <ele>838.97</ele>
        <time>2026-08-11T00:43:27.3740000+00:00</time>
      </trkpt>
      <trkpt lat="51.27658" lon="8.59805">
        <ele>839.01</ele>
        <time>2026-08-11T00:43:27.7610000+00:00</time>
      </trkpt>
      <trkpt lat="51.276579" lon="8.598032">
        <ele>839.07</ele>
        <time>2026-08-11T00:43:28.1580000+00:00</time>
      </trkpt>
      <trkpt lat="51.276575" lon="8.598016">
        <ele>839.12</ele>
        <time>2026-08-11T00:43:28.5380000+00:00</time>
      </trkpt>
      <trkpt lat="51.276571" lon="8.598002">
        <ele>839.17</ele>
        <time>2026-08-11T00:43:28.8780000+00:00</time>
      </trkpt>
      <trkpt lat="51.276564" lon="8.597989">
        <ele>839.22</ele>
        <time>2026-08-11T00:43:29.2550000+00:00</time>
      </trkpt>
      <trkpt lat="51.276557" lon="8.597976">
        <ele>839.28</ele>
        <time>2026-08-11T00:43:29.6320000+00:00</time>
      </trkpt>
      <trkpt lat="51.276551" lon="8.597962">
        <ele>839.33</ele>
        <time>2026-08-11T00:43:30.0040000+00:00</time>
      </trkpt>
      <trkpt lat="51.276544" lon="8.59795">
        <ele>839.38</ele>
        <time>2026-08-11T00:43:30.3660000+00:00</time>
      </trkpt>
      <trkpt lat="51.276536" lon="8.597938">
        <ele>839.43</ele>
        <time>2026-08-11T00:43:30.7530000+00:00</time>
      </trkpt>
      <trkpt lat="51.276528" lon="8.597927">
        <ele>839.49</ele>
        <time>2026-08-11T00:43:31.1260000+00:00</time>
      </trkpt>
      <trkpt lat="51.276518" lon="8.597915">
        <ele>839.54</ele>
        <time>2026-08-11T00:43:31.5670000+00:00</time>
      </trkpt>
      <trkpt lat="51.276517" lon="8.597908">
        <ele>839.57</ele>
        <time>2026-08-11T00:43:31.7260000+00:00</time>
      </trkpt>
      <trkpt lat="51.276514" lon="8.597891">
        <ele>839.63</ele>
        <time>2026-08-11T00:43:32.1150000+00:00</time>
      </trkpt>
      <trkpt lat="51.276512" lon="8.597874">
        <ele>839.69</ele>
        <time>2026-08-11T00:43:32.4970000+00:00</time>
      </trkpt>
      <trkpt lat="51.27651" lon="8.597858">
        <ele>839.75</ele>
        <time>2026-08-11T00:43:32.8570000+00:00</time>
      </trkpt>
      <trkpt lat="51.276504" lon="8.597842">
        <ele>839.81</ele>
        <time>2026-08-11T00:43:33.2680000+00:00</time>
      </trkpt>
      <trkpt lat="51.276499" lon="8.597824">
        <ele>839.85</ele>
        <time>2026-08-11T00:43:33.7010000+00:00</time>
      </trkpt>
      <trkpt lat="51.276494" lon="8.597802">
        <ele>839.87</ele>
        <time>2026-08-11T00:43:34.2160000+00:00</time>
      </trkpt>
      <trkpt lat="51.276493" lon="8.597781">
        <ele>839.87</ele>
        <time>2026-08-11T00:43:34.6790000+00:00</time>
      </trkpt>
      <trkpt lat="51.276491" lon="8.597759">
        <ele>839.88</ele>
        <time>2026-08-11T00:43:35.1690000+00:00</time>
      </trkpt>
      <trkpt lat="51.276495" lon="8.597742">
        <ele>839.87</ele>
        <time>2026-08-11T00:43:35.5700000+00:00</time>
      </trkpt>
      <trkpt lat="51.276501" lon="8.597726">
        <ele>839.86</ele>
        <time>2026-08-11T00:43:35.9810000+00:00</time>
      </trkpt>
      <trkpt lat="51.276508" lon="8.597712">
        <ele>839.85</ele>
        <time>2026-08-11T00:43:36.3740000+00:00</time>
      </trkpt>
      <trkpt lat="51.276518" lon="8.597701">
        <ele>839.84</ele>
        <time>2026-08-11T00:43:36.8010000+00:00</time>
      </trkpt>
      <trkpt lat="51.276528" lon="8.597694">
        <ele>839.82</ele>
        <time>2026-08-11T00:43:37.1860000+00:00</time>
      </trkpt>
      <trkpt lat="51.276538" lon="8.597685">
        <ele>839.8</ele>
        <time>2026-08-11T00:43:37.5900000+00:00</time>
      </trkpt>
      <trkpt lat="51.27655" lon="8.597678">
        <ele>839.78</ele>
        <time>2026-08-11T00:43:38.0400000+00:00</time>
      </trkpt>
      <trkpt lat="51.27656" lon="8.597671">
        <ele>839.76</ele>
        <time>2026-08-11T00:43:38.4220000+00:00</time>
      </trkpt>
      <trkpt lat="51.27657" lon="8.597667">
        <ele>839.74</ele>
        <time>2026-08-11T00:43:38.7850000+00:00</time>
      </trkpt>
      <trkpt lat="51.276581" lon="8.597664">
        <ele>839.72</ele>
        <time>2026-08-11T00:43:39.1760000+00:00</time>
      </trkpt>
      <trkpt lat="51.276595" lon="8.597664">
        <ele>839.7</ele>
        <time>2026-08-11T00:43:39.6690000+00:00</time>
      </trkpt>
      <trkpt lat="51.276606" lon="8.597674">
        <ele>839.67</ele>
        <time>2026-08-11T00:43:40.1140000+00:00</time>
      </trkpt>
      <trkpt lat="51.276615" lon="8.597685">
        <ele>839.65</ele>
        <time>2026-08-11T00:43:40.5140000+00:00</time>
      </trkpt>
      <trkpt lat="51.276622" lon="8.5977">
        <ele>839.63</ele>
        <time>2026-08-11T00:43:40.9260000+00:00</time>
      </trkpt>
      <trkpt lat="51.276628" lon="8.597717">
        <ele>839.6</ele>
        <time>2026-08-11T00:43:41.3550000+00:00</time>
      </trkpt>
      <trkpt lat="51.276635" lon="8.597731">
        <ele>839.58</ele>
        <time>2026-08-11T00:43:41.7490000+00:00</time>
      </trkpt>
      <trkpt lat="51.276643" lon="8.597744">
        <ele>839.56</ele>
        <time>2026-08-11T00:43:42.1490000+00:00</time>
      </trkpt>
      <trkpt lat="51.276652" lon="8.597757">
        <ele>839.53</ele>
        <time>2026-08-11T00:43:42.5760000+00:00</time>
      </trkpt>
      <trkpt lat="51.276661" lon="8.597767">
        <ele>839.5</ele>
        <time>2026-08-11T00:43:42.9610000+00:00</time>
      </trkpt>
      <trkpt lat="51.276669" lon="8.597776">
        <ele>839.48</ele>
        <time>2026-08-11T00:43:43.3060000+00:00</time>
      </trkpt>
      <trkpt lat="51.276678" lon="8.597786">
        <ele>839.45</ele>
        <time>2026-08-11T00:43:43.6910000+00:00</time>
      </trkpt>
      <trkpt lat="51.276686" lon="8.597796">
        <ele>839.43</ele>
        <time>2026-08-11T00:43:44.0490000+00:00</time>
      </trkpt>
      <trkpt lat="51.276695" lon="8.597806">
        <ele>839.4</ele>
        <time>2026-08-11T00:43:44.4340000+00:00</time>
      </trkpt>
      <trkpt lat="51.276705" lon="8.597815">
        <ele>839.37</ele>
        <time>2026-08-11T00:43:44.8370000+00:00</time>
      </trkpt>
      <trkpt lat="51.276716" lon="8.597823">
        <ele>839.34</ele>
        <time>2026-08-11T00:43:45.2620000+00:00</time>
      </trkpt>
      <trkpt lat="51.276727" lon="8.597822">
        <ele>839.31</ele>
        <time>2026-08-11T00:43:45.6490000+00:00</time>
      </trkpt>
      <trkpt lat="51.276736" lon="8.597814">
        <ele>839.3</ele>
        <time>2026-08-11T00:43:46.0110000+00:00</time>
      </trkpt>
      <trkpt lat="51.276742" lon="8.597799">
        <ele>839.3</ele>
        <time>2026-08-11T00:43:46.4020000+00:00</time>
      </trkpt>
      <trkpt lat="51.276744" lon="8.597782">
        <ele>839.31</ele>
        <time>2026-08-11T00:43:46.7820000+00:00</time>
      </trkpt>
      <trkpt lat="51.276745" lon="8.597764">
        <ele>839.32</ele>
        <time>2026-08-11T00:43:47.1810000+00:00</time>
      </trkpt>
      <trkpt lat="51.276748" lon="8.597743">
        <ele>839.33</ele>
        <time>2026-08-11T00:43:47.6560000+00:00</time>
      </trkpt>
      <trkpt lat="51.276754" lon="8.597726">
        <ele>839.34</ele>
        <time>2026-08-11T00:43:48.0850000+00:00</time>
      </trkpt>
      <trkpt lat="51.276762" lon="8.597713">
        <ele>839.33</ele>
        <time>2026-08-11T00:43:48.4850000+00:00</time>
      </trkpt>
      <trkpt lat="51.276771" lon="8.597703">
        <ele>839.32</ele>
        <time>2026-08-11T00:43:48.8700000+00:00</time>
      </trkpt>
      <trkpt lat="51.276782" lon="8.597695">
        <ele>839.31</ele>
        <time>2026-08-11T00:43:49.2950000+00:00</time>
      </trkpt>
      <trkpt lat="51.276792" lon="8.597686">
        <ele>839.3</ele>
        <time>2026-08-11T00:43:49.7000000+00:00</time>
      </trkpt>
      <trkpt lat="51.276801" lon="8.597676">
        <ele>839.29</ele>
        <time>2026-08-11T00:43:50.0870000+00:00</time>
      </trkpt>
      <trkpt lat="51.276809" lon="8.597664">
        <ele>839.29</ele>
        <time>2026-08-11T00:43:50.4740000+00:00</time>
      </trkpt>
      <trkpt lat="51.276815" lon="8.59765">
        <ele>839.29</ele>
        <time>2026-08-11T00:43:50.8480000+00:00</time>
      </trkpt>
      <trkpt lat="51.276821" lon="8.597636">
        <ele>839.3</ele>
        <time>2026-08-11T00:43:51.2220000+00:00</time>
      </trkpt>
      <trkpt lat="51.276826" lon="8.597621">
        <ele>839.3</ele>
        <time>2026-08-11T00:43:51.5960000+00:00</time>
      </trkpt>
      <trkpt lat="51.276833" lon="8.597605">
        <ele>839.31</ele>
        <time>2026-08-11T00:43:52.0250000+00:00</time>
      </trkpt>
      <trkpt lat="51.276841" lon="8.597593">
        <ele>839.31</ele>
        <time>2026-08-11T00:43:52.4120000+00:00</time>
      </trkpt>
      <trkpt lat="51.27685" lon="8.597583">
        <ele>839.31</ele>
        <time>2026-08-11T00:43:52.7960000+00:00</time>
      </trkpt>
      <trkpt lat="51.27686" lon="8.597573">
        <ele>839.3</ele>
        <time>2026-08-11T00:43:53.2100000+00:00</time>
      </trkpt>
      <trkpt lat="51.27687" lon="8.597564">
        <ele>839.3</ele>
        <time>2026-08-11T00:43:53.6160000+00:00</time>
      </trkpt>
      <trkpt lat="51.276881" lon="8.597557">
        <ele>839.29</ele>
        <time>2026-08-11T00:43:54.0320000+00:00</time>
      </trkpt>
      <trkpt lat="51.276891" lon="8.597548">
        <ele>839.28</ele>
        <time>2026-08-11T00:43:54.4350000+00:00</time>
      </trkpt>
      <trkpt lat="51.2769" lon="8.597536">
        <ele>839.29</ele>
        <time>2026-08-11T00:43:54.8480000+00:00</time>
      </trkpt>
      <trkpt lat="51.276907" lon="8.597523">
        <ele>839.29</ele>
        <time>2026-08-11T00:43:55.2250000+00:00</time>
      </trkpt>
      <trkpt lat="51.276916" lon="8.597512">
        <ele>839.29</ele>
        <time>2026-08-11T00:43:55.6240000+00:00</time>
      </trkpt>
      <trkpt lat="51.276926" lon="8.597503">
        <ele>839.29</ele>
        <time>2026-08-11T00:43:56.0280000+00:00</time>
      </trkpt>
      <trkpt lat="51.276935" lon="8.597492">
        <ele>839.3</ele>
        <time>2026-08-11T00:43:56.4260000+00:00</time>
      </trkpt>
      <trkpt lat="51.276943" lon="8.597479">
        <ele>839.3</ele>
        <time>2026-08-11T00:43:56.8270000+00:00</time>
      </trkpt>
      <trkpt lat="51.276949" lon="8.597463">
        <ele>839.32</ele>
        <time>2026-08-11T00:43:57.2360000+00:00</time>
      </trkpt>
      <trkpt lat="51.27695" lon="8.597444">
        <ele>839.35</ele>
        <time>2026-08-11T00:43:57.6550000+00:00</time>
      </trkpt>
      <trkpt lat="51.27695" lon="8.597426">
        <ele>839.37</ele>
        <time>2026-08-11T00:43:58.0490000+00:00</time>
      </trkpt>
      <trkpt lat="51.276951" lon="8.597407">
        <ele>839.4</ele>
        <time>2026-08-11T00:43:58.4680000+00:00</time>
      </trkpt>
      <trkpt lat="51.276951" lon="8.597387">
        <ele>839.43</ele>
        <time>2026-08-11T00:43:58.9100000+00:00</time>
      </trkpt>
      <trkpt lat="51.276953" lon="8.597367">
        <ele>839.46</ele>
        <time>2026-08-11T00:43:59.3560000+00:00</time>
      </trkpt>
      <trkpt lat="51.276958" lon="8.59735">
        <ele>839.48</ele>
        <time>2026-08-11T00:43:59.7690000+00:00</time>
      </trkpt>
      <trkpt lat="51.276967" lon="8.597338">
        <ele>839.49</ele>
        <time>2026-08-11T00:44:00.1810000+00:00</time>
      </trkpt>
      <trkpt lat="51.276977" lon="8.597331">
        <ele>839.49</ele>
        <time>2026-08-11T00:44:00.5630000+00:00</time>
      </trkpt>
      <trkpt lat="51.276988" lon="8.597327">
        <ele>839.48</ele>
        <time>2026-08-11T00:44:00.9590000+00:00</time>
      </trkpt>
      <trkpt lat="51.276998" lon="8.597327">
        <ele>839.47</ele>
        <time>2026-08-11T00:44:01.3100000+00:00</time>
      </trkpt>
      <trkpt lat="51.277013" lon="8.597328">
        <ele>839.46</ele>
        <time>2026-08-11T00:44:01.8370000+00:00</time>
      </trkpt>
      <trkpt lat="51.277024" lon="8.597327">
        <ele>839.45</ele>
        <time>2026-08-11T00:44:02.2240000+00:00</time>
      </trkpt>
      <trkpt lat="51.277034" lon="8.597325">
        <ele>839.44</ele>
        <time>2026-08-11T00:44:02.5770000+00:00</time>
      </trkpt>
      <trkpt lat="51.277044" lon="8.597322">
        <ele>839.44</ele>
        <time>2026-08-11T00:44:02.9350000+00:00</time>
      </trkpt>
      <trkpt lat="51.277053" lon="8.597316">
        <ele>839.44</ele>
        <time>2026-08-11T00:44:03.2790000+00:00</time>
      </trkpt>
      <trkpt lat="51.277062" lon="8.597309">
        <ele>839.45</ele>
        <time>2026-08-11T00:44:03.6310000+00:00</time>
      </trkpt>
      <trkpt lat="51.277072" lon="8.597292">
        <ele>839.47</ele>
        <time>2026-08-11T00:44:04.1440000+00:00</time>
      </trkpt>
      <trkpt lat="51.277074" lon="8.597277">
        <ele>839.5</ele>
        <time>2026-08-11T00:44:04.4820000+00:00</time>
      </trkpt>
      <trkpt lat="51.277076" lon="8.59726">
        <ele>839.52</ele>
        <time>2026-08-11T00:44:04.8620000+00:00</time>
      </trkpt>
      <trkpt lat="51.277078" lon="8.597241">
        <ele>839.56</ele>
        <time>2026-08-11T00:44:05.2860000+00:00</time>
      </trkpt>
      <trkpt lat="51.277078" lon="8.597223">
        <ele>839.59</ele>
        <time>2026-08-11T00:44:05.6820000+00:00</time>
      </trkpt>
      <trkpt lat="51.277077" lon="8.597205">
        <ele>839.63</ele>
        <time>2026-08-11T00:44:06.0790000+00:00</time>
      </trkpt>
      <trkpt lat="51.277075" lon="8.597188">
        <ele>839.66</ele>
        <time>2026-08-11T00:44:06.4590000+00:00</time>
      </trkpt>
      <trkpt lat="51.277074" lon="8.59717">
        <ele>839.69</ele>
        <time>2026-08-11T00:44:06.8550000+00:00</time>
      </trkpt>
      <trkpt lat="51.277072" lon="8.597153">
        <ele>839.72</ele>
        <time>2026-08-11T00:44:07.2370000+00:00</time>
      </trkpt>
      <trkpt lat="51.277069" lon="8.597137">
        <ele>839.75</ele>
        <time>2026-08-11T00:44:07.6040000+00:00</time>
      </trkpt>
      <trkpt lat="51.277066" lon="8.597121">
        <ele>839.78</ele>
        <time>2026-08-11T00:44:07.9720000+00:00</time>
      </trkpt>
      <trkpt lat="51.277061" lon="8.597097">
        <ele>839.83</ele>
        <time>2026-08-11T00:44:08.5280000+00:00</time>
      </trkpt>
      <trkpt lat="51.277057" lon="8.597083">
        <ele>839.86</ele>
        <time>2026-08-11T00:44:08.8680000+00:00</time>
      </trkpt>
      <trkpt lat="51.277057" lon="8.597076">
        <ele>839.87</ele>
        <time>2026-08-11T00:44:09.0210000+00:00</time>
      </trkpt>
      <trkpt lat="51.277063" lon="8.597053">
        <ele>839.91</ele>
        <time>2026-08-11T00:44:09.5680000+00:00</time>
      </trkpt>
      <trkpt lat="51.277071" lon="8.597031">
        <ele>839.95</ele>
        <time>2026-08-11T00:44:10.1270000+00:00</time>
      </trkpt>
      <trkpt lat="51.277122" lon="8.597004">
        <ele>840</ele>
        <time>2026-08-11T00:44:12.0180000+00:00</time>
      </trkpt>
      <trkpt lat="51.277187" lon="8.597001">
        <ele>840</ele>
        <time>2026-08-11T00:44:14.3050000+00:00</time>
      </trkpt>
      <trkpt lat="51.277218" lon="8.597007">
        <ele>839.99</ele>
        <time>2026-08-11T00:44:15.4040000+00:00</time>
      </trkpt>
      <trkpt lat="51.277248" lon="8.597021">
        <ele>839.96</ele>
        <time>2026-08-11T00:44:16.5040000+00:00</time>
      </trkpt>
      <trkpt lat="51.277257" lon="8.596995">
        <ele>840.02</ele>
        <time>2026-08-11T00:44:17.1580000+00:00</time>
      </trkpt>
      <trkpt lat="51.277257" lon="8.596963">
        <ele>840.09</ele>
        <time>2026-08-11T00:44:17.8620000+00:00</time>
      </trkpt>
      <trkpt lat="51.27725" lon="8.596921">
        <ele>840.18</ele>
        <time>2026-08-11T00:44:18.8180000+00:00</time>
      </trkpt>
      <trkpt lat="51.27723" lon="8.596896">
        <ele>840.22</ele>
        <time>2026-08-11T00:44:19.7110000+00:00</time>
      </trkpt>
      <trkpt lat="51.277209" lon="8.596874">
        <ele>840.24</ele>
        <time>2026-08-11T00:44:20.5950000+00:00</time>
      </trkpt>
      <trkpt lat="51.277191" lon="8.596871">
        <ele>840.23</ele>
        <time>2026-08-11T00:44:21.2320000+00:00</time>
      </trkpt>
      <trkpt lat="51.27718" lon="8.596868">
        <ele>840.22</ele>
        <time>2026-08-11T00:44:21.6230000+00:00</time>
      </trkpt>
      <trkpt lat="51.277164" lon="8.596866">
        <ele>840.2</ele>
        <time>2026-08-11T00:44:22.1870000+00:00</time>
      </trkpt>
      <trkpt lat="51.277155" lon="8.596863">
        <ele>840.2</ele>
        <time>2026-08-11T00:44:22.5090000+00:00</time>
      </trkpt>
      <trkpt lat="51.277146" lon="8.596856">
        <ele>840.2</ele>
        <time>2026-08-11T00:44:22.8620000+00:00</time>
      </trkpt>
      <trkpt lat="51.277136" lon="8.596849">
        <ele>840.19</ele>
        <time>2026-08-11T00:44:23.2470000+00:00</time>
      </trkpt>
      <trkpt lat="51.277128" lon="8.596841">
        <ele>840.19</ele>
        <time>2026-08-11T00:44:23.5780000+00:00</time>
      </trkpt>
      <trkpt lat="51.277113" lon="8.596825">
        <ele>840.19</ele>
        <time>2026-08-11T00:44:24.2130000+00:00</time>
      </trkpt>
      <trkpt lat="51.277102" lon="8.596812">
        <ele>840.18</ele>
        <time>2026-08-11T00:44:24.6950000+00:00</time>
      </trkpt>
      <trkpt lat="51.277084" lon="8.59681">
        <ele>840.15</ele>
        <time>2026-08-11T00:44:25.3310000+00:00</time>
      </trkpt>
      <trkpt lat="51.277073" lon="8.596814">
        <ele>840.13</ele>
        <time>2026-08-11T00:44:25.7280000+00:00</time>
      </trkpt>
      <trkpt lat="51.277061" lon="8.596819">
        <ele>840.11</ele>
        <time>2026-08-11T00:44:26.1640000+00:00</time>
      </trkpt>
      <trkpt lat="51.277049" lon="8.596821">
        <ele>840.09</ele>
        <time>2026-08-11T00:44:26.5890000+00:00</time>
      </trkpt>
      <trkpt lat="51.277038" lon="8.596816">
        <ele>840.08</ele>
        <time>2026-08-11T00:44:26.9920000+00:00</time>
      </trkpt>
      <trkpt lat="51.27703" lon="8.596806">
        <ele>840.07</ele>
        <time>2026-08-11T00:44:27.3490000+00:00</time>
      </trkpt>
      <trkpt lat="51.277025" lon="8.596792">
        <ele>840.06</ele>
        <time>2026-08-11T00:44:27.7040000+00:00</time>
      </trkpt>
      <trkpt lat="51.27702" lon="8.596772">
        <ele>840.06</ele>
        <time>2026-08-11T00:44:28.1790000+00:00</time>
      </trkpt>
      <trkpt lat="51.277021" lon="8.596745">
        <ele>840.07</ele>
        <time>2026-08-11T00:44:28.7740000+00:00</time>
      </trkpt>
      <trkpt lat="51.277023" lon="8.596726">
        <ele>840.08</ele>
        <time>2026-08-11T00:44:29.1980000+00:00</time>
      </trkpt>
      <trkpt lat="51.277022" lon="8.596707">
        <ele>840.08</ele>
        <time>2026-08-11T00:44:29.6170000+00:00</time>
      </trkpt>
      <trkpt lat="51.277019" lon="8.596689">
        <ele>840.07</ele>
        <time>2026-08-11T00:44:30.0260000+00:00</time>
      </trkpt>
      <trkpt lat="51.277011" lon="8.596677">
        <ele>840.06</ele>
        <time>2026-08-11T00:44:30.4130000+00:00</time>
      </trkpt>
      <trkpt lat="51.277" lon="8.596674">
        <ele>840.02</ele>
        <time>2026-08-11T00:44:30.8070000+00:00</time>
      </trkpt>
      <trkpt lat="51.27699" lon="8.59668">
        <ele>840</ele>
        <time>2026-08-11T00:44:31.1820000+00:00</time>
      </trkpt>
      <trkpt lat="51.27698" lon="8.59669">
        <ele>839.97</ele>
        <time>2026-08-11T00:44:31.5960000+00:00</time>
      </trkpt>
      <trkpt lat="51.276972" lon="8.596702">
        <ele>839.95</ele>
        <time>2026-08-11T00:44:31.9830000+00:00</time>
      </trkpt>
      <trkpt lat="51.276963" lon="8.596714">
        <ele>839.93</ele>
        <time>2026-08-11T00:44:32.3970000+00:00</time>
      </trkpt>
      <trkpt lat="51.276954" lon="8.596726">
        <ele>839.91</ele>
        <time>2026-08-11T00:44:32.8090000+00:00</time>
      </trkpt>
      <trkpt lat="51.276945" lon="8.59674">
        <ele>839.89</ele>
        <time>2026-08-11T00:44:33.2530000+00:00</time>
      </trkpt>
      <trkpt lat="51.276936" lon="8.596757">
        <ele>839.88</ele>
        <time>2026-08-11T00:44:33.7430000+00:00</time>
      </trkpt>
      <trkpt lat="51.276927" lon="8.596769">
        <ele>839.87</ele>
        <time>2026-08-11T00:44:34.1570000+00:00</time>
      </trkpt>
      <trkpt lat="51.276917" lon="8.596777">
        <ele>839.85</ele>
        <time>2026-08-11T00:44:34.5510000+00:00</time>
      </trkpt>
      <trkpt lat="51.276906" lon="8.59678">
        <ele>839.84</ele>
        <time>2026-08-11T00:44:34.9430000+00:00</time>
      </trkpt>
      <trkpt lat="51.276894" lon="8.59678">
        <ele>839.81</ele>
        <time>2026-08-11T00:44:35.3660000+00:00</time>
      </trkpt>
      <trkpt lat="51.276881" lon="8.596779">
        <ele>839.79</ele>
        <time>2026-08-11T00:44:35.8230000+00:00</time>
      </trkpt>
      <trkpt lat="51.276869" lon="8.596778">
        <ele>839.76</ele>
        <time>2026-08-11T00:44:36.2460000+00:00</time>
      </trkpt>
      <trkpt lat="51.276855" lon="8.59678">
        <ele>839.74</ele>
        <time>2026-08-11T00:44:36.7410000+00:00</time>
      </trkpt>
      <trkpt lat="51.276842" lon="8.596787">
        <ele>839.72</ele>
        <time>2026-08-11T00:44:37.2230000+00:00</time>
      </trkpt>
      <trkpt lat="51.27683" lon="8.596798">
        <ele>839.71</ele>
        <time>2026-08-11T00:44:37.7100000+00:00</time>
      </trkpt>
      <trkpt lat="51.276821" lon="8.596812">
        <ele>839.72</ele>
        <time>2026-08-11T00:44:38.1520000+00:00</time>
      </trkpt>
      <trkpt lat="51.276811" lon="8.596826">
        <ele>839.72</ele>
        <time>2026-08-11T00:44:38.6190000+00:00</time>
      </trkpt>
      <trkpt lat="51.276801" lon="8.596837">
        <ele>839.73</ele>
        <time>2026-08-11T00:44:39.0460000+00:00</time>
      </trkpt>
      <trkpt lat="51.27679" lon="8.596846">
        <ele>839.73</ele>
        <time>2026-08-11T00:44:39.4810000+00:00</time>
      </trkpt>
      <trkpt lat="51.276779" lon="8.596852">
        <ele>839.72</ele>
        <time>2026-08-11T00:44:39.8890000+00:00</time>
      </trkpt>
      <trkpt lat="51.276768" lon="8.596856">
        <ele>839.72</ele>
        <time>2026-08-11T00:44:40.2860000+00:00</time>
      </trkpt>
      <trkpt lat="51.276756" lon="8.596859">
        <ele>839.71</ele>
        <time>2026-08-11T00:44:40.7130000+00:00</time>
      </trkpt>
      <trkpt lat="51.276744" lon="8.596862">
        <ele>839.7</ele>
        <time>2026-08-11T00:44:41.1400000+00:00</time>
      </trkpt>
      <trkpt lat="51.276733" lon="8.596866">
        <ele>839.69</ele>
        <time>2026-08-11T00:44:41.5360000+00:00</time>
      </trkpt>
      <trkpt lat="51.276722" lon="8.596871">
        <ele>839.69</ele>
        <time>2026-08-11T00:44:41.9380000+00:00</time>
      </trkpt>
      <trkpt lat="51.276711" lon="8.596879">
        <ele>839.7</ele>
        <time>2026-08-11T00:44:42.3640000+00:00</time>
      </trkpt>
      <trkpt lat="51.2767" lon="8.596888">
        <ele>839.71</ele>
        <time>2026-08-11T00:44:42.7980000+00:00</time>
      </trkpt>
      <trkpt lat="51.276688" lon="8.596898">
        <ele>839.73</ele>
        <time>2026-08-11T00:44:43.2740000+00:00</time>
      </trkpt>
      <trkpt lat="51.276677" lon="8.596908">
        <ele>839.74</ele>
        <time>2026-08-11T00:44:43.7190000+00:00</time>
      </trkpt>
      <trkpt lat="51.276665" lon="8.596918">
        <ele>839.76</ele>
        <time>2026-08-11T00:44:44.1950000+00:00</time>
      </trkpt>
      <trkpt lat="51.276654" lon="8.596926">
        <ele>839.78</ele>
        <time>2026-08-11T00:44:44.6220000+00:00</time>
      </trkpt>
      <trkpt lat="51.276643" lon="8.596933">
        <ele>839.79</ele>
        <time>2026-08-11T00:44:45.0380000+00:00</time>
      </trkpt>
      <trkpt lat="51.276632" lon="8.59694">
        <ele>839.81</ele>
        <time>2026-08-11T00:44:45.4540000+00:00</time>
      </trkpt>
      <trkpt lat="51.276621" lon="8.596951">
        <ele>839.83</ele>
        <time>2026-08-11T00:44:45.9120000+00:00</time>
      </trkpt>
      <trkpt lat="51.276609" lon="8.596964">
        <ele>839.87</ele>
        <time>2026-08-11T00:44:46.4220000+00:00</time>
      </trkpt>
      <trkpt lat="51.276599" lon="8.596978">
        <ele>839.92</ele>
        <time>2026-08-11T00:44:46.8900000+00:00</time>
      </trkpt>
      <trkpt lat="51.27659" lon="8.596992">
        <ele>839.96</ele>
        <time>2026-08-11T00:44:47.3310000+00:00</time>
      </trkpt>
      <trkpt lat="51.276581" lon="8.597006">
        <ele>840</ele>
        <time>2026-08-11T00:44:47.7730000+00:00</time>
      </trkpt>
      <trkpt lat="51.276571" lon="8.597021">
        <ele>839.99</ele>
        <time>2026-08-11T00:44:48.2550000+00:00</time>
      </trkpt>
      <trkpt lat="51.276561" lon="8.597032">
        <ele>839.99</ele>
        <time>2026-08-11T00:44:48.6820000+00:00</time>
      </trkpt>
      <trkpt lat="51.27655" lon="8.597038">
        <ele>839.99</ele>
        <time>2026-08-11T00:44:49.0910000+00:00</time>
      </trkpt>
      <trkpt lat="51.276539" lon="8.597043">
        <ele>839.99</ele>
        <time>2026-08-11T00:44:49.4920000+00:00</time>
      </trkpt>
      <trkpt lat="51.276528" lon="8.59705">
        <ele>839.99</ele>
        <time>2026-08-11T00:44:49.9090000+00:00</time>
      </trkpt>
      <trkpt lat="51.276518" lon="8.597061">
        <ele>839.99</ele>
        <time>2026-08-11T00:44:50.3360000+00:00</time>
      </trkpt>
      <trkpt lat="51.27651" lon="8.597076">
        <ele>839.98</ele>
        <time>2026-08-11T00:44:50.7700000+00:00</time>
      </trkpt>
      <trkpt lat="51.276502" lon="8.597093">
        <ele>839.98</ele>
        <time>2026-08-11T00:44:51.2370000+00:00</time>
      </trkpt>
      <trkpt lat="51.276496" lon="8.597109">
        <ele>839.98</ele>
        <time>2026-08-11T00:44:51.6480000+00:00</time>
      </trkpt>
      <trkpt lat="51.276488" lon="8.597124">
        <ele>839.98</ele>
        <time>2026-08-11T00:44:52.0820000+00:00</time>
      </trkpt>
      <trkpt lat="51.276479" lon="8.597134">
        <ele>839.98</ele>
        <time>2026-08-11T00:44:52.4680000+00:00</time>
      </trkpt>
      <trkpt lat="51.276468" lon="8.597142">
        <ele>839.99</ele>
        <time>2026-08-11T00:44:52.8920000+00:00</time>
      </trkpt>
      <trkpt lat="51.276457" lon="8.597146">
        <ele>839.99</ele>
        <time>2026-08-11T00:44:53.2890000+00:00</time>
      </trkpt>
      <trkpt lat="51.276445" lon="8.597147">
        <ele>840</ele>
        <time>2026-08-11T00:44:53.7110000+00:00</time>
      </trkpt>
      <trkpt lat="51.276433" lon="8.597144">
        <ele>839.97</ele>
        <time>2026-08-11T00:44:54.1390000+00:00</time>
      </trkpt>
      <trkpt lat="51.27642" lon="8.597143">
        <ele>839.86</ele>
        <time>2026-08-11T00:44:54.5970000+00:00</time>
      </trkpt>
      <trkpt lat="51.276405" lon="8.597143">
        <ele>839.73</ele>
        <time>2026-08-11T00:44:55.1250000+00:00</time>
      </trkpt>
      <trkpt lat="51.276392" lon="8.597145">
        <ele>839.62</ele>
        <time>2026-08-11T00:44:55.5840000+00:00</time>
      </trkpt>
      <trkpt lat="51.27638" lon="8.597148">
        <ele>839.52</ele>
        <time>2026-08-11T00:44:56.0110000+00:00</time>
      </trkpt>
      <trkpt lat="51.276368" lon="8.597152">
        <ele>839.42</ele>
        <time>2026-08-11T00:44:56.4420000+00:00</time>
      </trkpt>
      <trkpt lat="51.276357" lon="8.597158">
        <ele>839.33</ele>
        <time>2026-08-11T00:44:56.8520000+00:00</time>
      </trkpt>
      <trkpt lat="51.276348" lon="8.59717">
        <ele>839.26</ele>
        <time>2026-08-11T00:44:57.2630000+00:00</time>
      </trkpt>
      <trkpt lat="51.27634" lon="8.597184">
        <ele>839.2</ele>
        <time>2026-08-11T00:44:57.6800000+00:00</time>
      </trkpt>
      <trkpt lat="51.276332" lon="8.597201">
        <ele>839.15</ele>
        <time>2026-08-11T00:44:58.1470000+00:00</time>
      </trkpt>
      <trkpt lat="51.276327" lon="8.597218">
        <ele>839.12</ele>
        <time>2026-08-11T00:44:58.5610000+00:00</time>
      </trkpt>
      <trkpt lat="51.276321" lon="8.597236">
        <ele>839.09</ele>
        <time>2026-08-11T00:44:59.0100000+00:00</time>
      </trkpt>
      <trkpt lat="51.276316" lon="8.597255">
        <ele>839.06</ele>
        <time>2026-08-11T00:44:59.4640000+00:00</time>
      </trkpt>
      <trkpt lat="51.276311" lon="8.597275">
        <ele>839.04</ele>
        <time>2026-08-11T00:44:59.9380000+00:00</time>
      </trkpt>
      <trkpt lat="51.276306" lon="8.597291">
        <ele>839.02</ele>
        <time>2026-08-11T00:45:00.3320000+00:00</time>
      </trkpt>
      <trkpt lat="51.276301" lon="8.597304">
        <ele>838.99</ele>
        <time>2026-08-11T00:45:00.6690000+00:00</time>
      </trkpt>
      <trkpt lat="51.276294" lon="8.597316">
        <ele>838.95</ele>
        <time>2026-08-11T00:45:01.0290000+00:00</time>
      </trkpt>
      <trkpt lat="51.276285" lon="8.597325">
        <ele>838.9</ele>
        <time>2026-08-11T00:45:01.4020000+00:00</time>
      </trkpt>
      <trkpt lat="51.276275" lon="8.597333">
        <ele>838.83</ele>
        <time>2026-08-11T00:45:01.7950000+00:00</time>
      </trkpt>
      <trkpt lat="51.276264" lon="8.597341">
        <ele>838.77</ele>
        <time>2026-08-11T00:45:02.2200000+00:00</time>
      </trkpt>
      <trkpt lat="51.276253" lon="8.59735">
        <ele>838.7</ele>
        <time>2026-08-11T00:45:02.6550000+00:00</time>
      </trkpt>
      <trkpt lat="51.276243" lon="8.597361">
        <ele>838.64</ele>
        <time>2026-08-11T00:45:03.0820000+00:00</time>
      </trkpt>
      <trkpt lat="51.276234" lon="8.597372">
        <ele>838.6</ele>
        <time>2026-08-11T00:45:03.4800000+00:00</time>
      </trkpt>
      <trkpt lat="51.276224" lon="8.597383">
        <ele>838.54</ele>
        <time>2026-08-11T00:45:03.9080000+00:00</time>
      </trkpt>
      <trkpt lat="51.276214" lon="8.597396">
        <ele>838.49</ele>
        <time>2026-08-11T00:45:04.3620000+00:00</time>
      </trkpt>
      <trkpt lat="51.276204" lon="8.597406">
        <ele>838.44</ele>
        <time>2026-08-11T00:45:04.7760000+00:00</time>
      </trkpt>
      <trkpt lat="51.276193" lon="8.597412">
        <ele>838.38</ele>
        <time>2026-08-11T00:45:05.1830000+00:00</time>
      </trkpt>
      <trkpt lat="51.276182" lon="8.597412">
        <ele>838.31</ele>
        <time>2026-08-11T00:45:05.5700000+00:00</time>
      </trkpt>
      <trkpt lat="51.27617" lon="8.59741">
        <ele>838.22</ele>
        <time>2026-08-11T00:45:05.9950000+00:00</time>
      </trkpt>
      <trkpt lat="51.276159" lon="8.597407">
        <ele>838.14</ele>
        <time>2026-08-11T00:45:06.3860000+00:00</time>
      </trkpt>
      <trkpt lat="51.276148" lon="8.597403">
        <ele>838.06</ele>
        <time>2026-08-11T00:45:06.7830000+00:00</time>
      </trkpt>
      <trkpt lat="51.276136" lon="8.597398">
        <ele>837.97</ele>
        <time>2026-08-11T00:45:07.2180000+00:00</time>
      </trkpt>
      <trkpt lat="51.276122" lon="8.59739">
        <ele>837.86</ele>
        <time>2026-08-11T00:45:07.7410000+00:00</time>
      </trkpt>
      <trkpt lat="51.276109" lon="8.597385">
        <ele>837.76</ele>
        <time>2026-08-11T00:45:08.2120000+00:00</time>
      </trkpt>
      <trkpt lat="51.276097" lon="8.597386">
        <ele>837.68</ele>
        <time>2026-08-11T00:45:08.6340000+00:00</time>
      </trkpt>
      <trkpt lat="51.276084" lon="8.597391">
        <ele>837.6</ele>
        <time>2026-08-11T00:45:09.1040000+00:00</time>
      </trkpt>
      <trkpt lat="51.276071" lon="8.597399">
        <ele>837.53</ele>
        <time>2026-08-11T00:45:09.5940000+00:00</time>
      </trkpt>
      <trkpt lat="51.276058" lon="8.597409">
        <ele>837.47</ele>
        <time>2026-08-11T00:45:10.1010000+00:00</time>
      </trkpt>
      <trkpt lat="51.276047" lon="8.59742">
        <ele>837.43</ele>
        <time>2026-08-11T00:45:10.5580000+00:00</time>
      </trkpt>
      <trkpt lat="51.276036" lon="8.597431">
        <ele>837.39</ele>
        <time>2026-08-11T00:45:11.0140000+00:00</time>
      </trkpt>
      <trkpt lat="51.276026" lon="8.597442">
        <ele>837.36</ele>
        <time>2026-08-11T00:45:11.4410000+00:00</time>
      </trkpt>
      <trkpt lat="51.276014" lon="8.597453">
        <ele>837.31</ele>
        <time>2026-08-11T00:45:11.9270000+00:00</time>
      </trkpt>
      <trkpt lat="51.276003" lon="8.597465">
        <ele>837.28</ele>
        <time>2026-08-11T00:45:12.3950000+00:00</time>
      </trkpt>
      <trkpt lat="51.275992" lon="8.597478">
        <ele>837.25</ele>
        <time>2026-08-11T00:45:12.8770000+00:00</time>
      </trkpt>
      <trkpt lat="51.275981" lon="8.59749">
        <ele>837.23</ele>
        <time>2026-08-11T00:45:13.3460000+00:00</time>
      </trkpt>
      <trkpt lat="51.27597" lon="8.5975">
        <ele>837.19</ele>
        <time>2026-08-11T00:45:13.7920000+00:00</time>
      </trkpt>
      <trkpt lat="51.275959" lon="8.59751">
        <ele>837.16</ele>
        <time>2026-08-11T00:45:14.2370000+00:00</time>
      </trkpt>
      <trkpt lat="51.275948" lon="8.59752">
        <ele>837.13</ele>
        <time>2026-08-11T00:45:14.6830000+00:00</time>
      </trkpt>
      <trkpt lat="51.275936" lon="8.597527">
        <ele>837.09</ele>
        <time>2026-08-11T00:45:15.1320000+00:00</time>
      </trkpt>
      <trkpt lat="51.275925" lon="8.597531">
        <ele>837.04</ele>
        <time>2026-08-11T00:45:15.5280000+00:00</time>
      </trkpt>
      <trkpt lat="51.275913" lon="8.597529">
        <ele>836.96</ele>
        <time>2026-08-11T00:45:15.9530000+00:00</time>
      </trkpt>
      <trkpt lat="51.275902" lon="8.597521">
        <ele>836.86</ele>
        <time>2026-08-11T00:45:16.3790000+00:00</time>
      </trkpt>
      <trkpt lat="51.275892" lon="8.597509">
        <ele>836.76</ele>
        <time>2026-08-11T00:45:16.8180000+00:00</time>
      </trkpt>
      <trkpt lat="51.275883" lon="8.597497">
        <ele>836.66</ele>
        <time>2026-08-11T00:45:17.2300000+00:00</time>
      </trkpt>
      <trkpt lat="51.275874" lon="8.597483">
        <ele>836.55</ele>
        <time>2026-08-11T00:45:17.6720000+00:00</time>
      </trkpt>
      <trkpt lat="51.275863" lon="8.59747">
        <ele>836.42</ele>
        <time>2026-08-11T00:45:18.1520000+00:00</time>
      </trkpt>
      <trkpt lat="51.27585" lon="8.597462">
        <ele>836.31</ele>
        <time>2026-08-11T00:45:18.6420000+00:00</time>
      </trkpt>
      <trkpt lat="51.275838" lon="8.597464">
        <ele>836.24</ele>
        <time>2026-08-11T00:45:19.0670000+00:00</time>
      </trkpt>
      <trkpt lat="51.275826" lon="8.597469">
        <ele>836.19</ele>
        <time>2026-08-11T00:45:19.5040000+00:00</time>
      </trkpt>
      <trkpt lat="51.275815" lon="8.597477">
        <ele>836.16</ele>
        <time>2026-08-11T00:45:19.9290000+00:00</time>
      </trkpt>
      <trkpt lat="51.275803" lon="8.597485">
        <ele>836.12</ele>
        <time>2026-08-11T00:45:20.3860000+00:00</time>
      </trkpt>
      <trkpt lat="51.275791" lon="8.597492">
        <ele>836.08</ele>
        <time>2026-08-11T00:45:20.8360000+00:00</time>
      </trkpt>
      <trkpt lat="51.275778" lon="8.597498">
        <ele>836.03</ele>
        <time>2026-08-11T00:45:21.3110000+00:00</time>
      </trkpt>
      <trkpt lat="51.275766" lon="8.597501">
        <ele>835.97</ele>
        <time>2026-08-11T00:45:21.7380000+00:00</time>
      </trkpt>
      <trkpt lat="51.275754" lon="8.597499">
        <ele>835.89</ele>
        <time>2026-08-11T00:45:22.1620000+00:00</time>
      </trkpt>
      <trkpt lat="51.275743" lon="8.597496">
        <ele>835.81</ele>
        <time>2026-08-11T00:45:22.5550000+00:00</time>
      </trkpt>
      <trkpt lat="51.275731" lon="8.597492">
        <ele>835.71</ele>
        <time>2026-08-11T00:45:22.9870000+00:00</time>
      </trkpt>
      <trkpt lat="51.275718" lon="8.597485">
        <ele>835.6</ele>
        <time>2026-08-11T00:45:23.4700000+00:00</time>
      </trkpt>
      <trkpt lat="51.275706" lon="8.597478">
        <ele>835.49</ele>
        <time>2026-08-11T00:45:23.9180000+00:00</time>
      </trkpt>
      <trkpt lat="51.275693" lon="8.597473">
        <ele>835.38</ele>
        <time>2026-08-11T00:45:24.3890000+00:00</time>
      </trkpt>
      <trkpt lat="51.275681" lon="8.597471">
        <ele>835.3</ele>
        <time>2026-08-11T00:45:24.8130000+00:00</time>
      </trkpt>
      <trkpt lat="51.27567" lon="8.597473">
        <ele>835.24</ele>
        <time>2026-08-11T00:45:25.2020000+00:00</time>
      </trkpt>
      <trkpt lat="51.275657" lon="8.597477">
        <ele>835.18</ele>
        <time>2026-08-11T00:45:25.6680000+00:00</time>
      </trkpt>
      <trkpt lat="51.275646" lon="8.597477">
        <ele>835.11</ele>
        <time>2026-08-11T00:45:26.0550000+00:00</time>
      </trkpt>
      <trkpt lat="51.275634" lon="8.597473">
        <ele>835.01</ele>
        <time>2026-08-11T00:45:26.4860000+00:00</time>
      </trkpt>
      <trkpt lat="51.275623" lon="8.597465">
        <ele>834.9</ele>
        <time>2026-08-11T00:45:26.9100000+00:00</time>
      </trkpt>
      <trkpt lat="51.275613" lon="8.597454">
        <ele>834.77</ele>
        <time>2026-08-11T00:45:27.3380000+00:00</time>
      </trkpt>
      <trkpt lat="51.275604" lon="8.597442">
        <ele>834.64</ele>
        <time>2026-08-11T00:45:27.7520000+00:00</time>
      </trkpt>
      <trkpt lat="51.275596" lon="8.59743">
        <ele>834.52</ele>
        <time>2026-08-11T00:45:28.1390000+00:00</time>
      </trkpt>
      <trkpt lat="51.275586" lon="8.597419">
        <ele>834.38</ele>
        <time>2026-08-11T00:45:28.5660000+00:00</time>
      </trkpt>
      <trkpt lat="51.275575" lon="8.597411">
        <ele>834.26</ele>
        <time>2026-08-11T00:45:28.9920000+00:00</time>
      </trkpt>
      <trkpt lat="51.275564" lon="8.597405">
        <ele>834.15</ele>
        <time>2026-08-11T00:45:29.4020000+00:00</time>
      </trkpt>
      <trkpt lat="51.275552" lon="8.597398">
        <ele>834.03</ele>
        <time>2026-08-11T00:45:29.8510000+00:00</time>
      </trkpt>
      <trkpt lat="51.275541" lon="8.597391">
        <ele>833.91</ele>
        <time>2026-08-11T00:45:30.2660000+00:00</time>
      </trkpt>
      <trkpt lat="51.27553" lon="8.597384">
        <ele>833.79</ele>
        <time>2026-08-11T00:45:30.6810000+00:00</time>
      </trkpt>
      <trkpt lat="51.275518" lon="8.597378">
        <ele>833.66</ele>
        <time>2026-08-11T00:45:31.1230000+00:00</time>
      </trkpt>
      <trkpt lat="51.275506" lon="8.597373">
        <ele>833.55</ele>
        <time>2026-08-11T00:45:31.5580000+00:00</time>
      </trkpt>
      <trkpt lat="51.275494" lon="8.597367">
        <ele>833.42</ele>
        <time>2026-08-11T00:45:31.9990000+00:00</time>
      </trkpt>
      <trkpt lat="51.275482" lon="8.597363">
        <ele>833.31</ele>
        <time>2026-08-11T00:45:32.4300000+00:00</time>
      </trkpt>
      <trkpt lat="51.275469" lon="8.597359">
        <ele>833.19</ele>
        <time>2026-08-11T00:45:32.8960000+00:00</time>
      </trkpt>
      <trkpt lat="51.275457" lon="8.597355">
        <ele>833.08</ele>
        <time>2026-08-11T00:45:33.3270000+00:00</time>
      </trkpt>
      <trkpt lat="51.275444" lon="8.597355">
        <ele>832.99</ele>
        <time>2026-08-11T00:45:33.7830000+00:00</time>
      </trkpt>
      <trkpt lat="51.275431" lon="8.597356">
        <ele>832.9</ele>
        <time>2026-08-11T00:45:34.2410000+00:00</time>
      </trkpt>
      <trkpt lat="51.275419" lon="8.597356">
        <ele>832.82</ele>
        <time>2026-08-11T00:45:34.6630000+00:00</time>
      </trkpt>
      <trkpt lat="51.275407" lon="8.597352">
        <ele>832.7</ele>
        <time>2026-08-11T00:45:35.0950000+00:00</time>
      </trkpt>
      <trkpt lat="51.275397" lon="8.597345">
        <ele>832.58</ele>
        <time>2026-08-11T00:45:35.4790000+00:00</time>
      </trkpt>
      <trkpt lat="51.275386" lon="8.597337">
        <ele>832.44</ele>
        <time>2026-08-11T00:45:35.9040000+00:00</time>
      </trkpt>
      <trkpt lat="51.275376" lon="8.597329">
        <ele>832.31</ele>
        <time>2026-08-11T00:45:36.2980000+00:00</time>
      </trkpt>
      <trkpt lat="51.275366" lon="8.597319">
        <ele>832.16</ele>
        <time>2026-08-11T00:45:36.7120000+00:00</time>
      </trkpt>
      <trkpt lat="51.275356" lon="8.597309">
        <ele>832.01</ele>
        <time>2026-08-11T00:45:37.1260000+00:00</time>
      </trkpt>
      <trkpt lat="51.275344" lon="8.597301">
        <ele>831.86</ele>
        <time>2026-08-11T00:45:37.5830000+00:00</time>
      </trkpt>
      <trkpt lat="51.275333" lon="8.597294">
        <ele>831.72</ele>
        <time>2026-08-11T00:45:38.0000000+00:00</time>
      </trkpt>
      <trkpt lat="51.27532" lon="8.597294">
        <ele>831.62</ele>
        <time>2026-08-11T00:45:38.4570000+00:00</time>
      </trkpt>
      <trkpt lat="51.275307" lon="8.597295">
        <ele>831.53</ele>
        <time>2026-08-11T00:45:38.9150000+00:00</time>
      </trkpt>
      <trkpt lat="51.275294" lon="8.597298">
        <ele>831.46</ele>
        <time>2026-08-11T00:45:39.3780000+00:00</time>
      </trkpt>
      <trkpt lat="51.275282" lon="8.5973019999999991">
        <ele>831.4</ele>
        <time>2026-08-11T00:45:39.8090000+00:00</time>
      </trkpt>
      <trkpt lat="51.27527" lon="8.597308">
        <ele>831.36</ele>
        <time>2026-08-11T00:45:40.2500000+00:00</time>
      </trkpt>
      <trkpt lat="51.275257" lon="8.597315">
        <ele>831.33</ele>
        <time>2026-08-11T00:45:40.7330000+00:00</time>
      </trkpt>
      <trkpt lat="51.275245" lon="8.597322">
        <ele>831.3</ele>
        <time>2026-08-11T00:45:41.1820000+00:00</time>
      </trkpt>
      <trkpt lat="51.275233" lon="8.597327">
        <ele>831.25</ele>
        <time>2026-08-11T00:45:41.6190000+00:00</time>
      </trkpt>
      <trkpt lat="51.275222" lon="8.597332">
        <ele>831.22</ele>
        <time>2026-08-11T00:45:42.0220000+00:00</time>
      </trkpt>
      <trkpt lat="51.27521" lon="8.597337">
        <ele>831.18</ele>
        <time>2026-08-11T00:45:42.4590000+00:00</time>
      </trkpt>
      <trkpt lat="51.275198" lon="8.597336">
        <ele>831.08</ele>
        <time>2026-08-11T00:45:42.8830000+00:00</time>
      </trkpt>
      <trkpt lat="51.275187" lon="8.597333">
        <ele>830.97</ele>
        <time>2026-08-11T00:45:43.2750000+00:00</time>
      </trkpt>
      <trkpt lat="51.275176" lon="8.597329">
        <ele>830.86</ele>
        <time>2026-08-11T00:45:43.6730000+00:00</time>
      </trkpt>
      <trkpt lat="51.275164" lon="8.597325">
        <ele>830.73</ele>
        <time>2026-08-11T00:45:44.1040000+00:00</time>
      </trkpt>
      <trkpt lat="51.275152" lon="8.597319">
        <ele>830.59</ele>
        <time>2026-08-11T00:45:44.5450000+00:00</time>
      </trkpt>
      <trkpt lat="51.27514" lon="8.597315">
        <ele>830.47</ele>
        <time>2026-08-11T00:45:44.9760000+00:00</time>
      </trkpt>
      <trkpt lat="51.275128" lon="8.59731">
        <ele>830.33</ele>
        <time>2026-08-11T00:45:45.4140000+00:00</time>
      </trkpt>
      <trkpt lat="51.275116" lon="8.597307">
        <ele>830.21</ele>
        <time>2026-08-11T00:45:45.8400000+00:00</time>
      </trkpt>
      <trkpt lat="51.275104" lon="8.597303">
        <ele>830.09</ele>
        <time>2026-08-11T00:45:46.2720000+00:00</time>
      </trkpt>
      <trkpt lat="51.275092" lon="8.597298">
        <ele>829.95</ele>
        <time>2026-08-11T00:45:46.7090000+00:00</time>
      </trkpt>
      <trkpt lat="51.275081" lon="8.597294">
        <ele>829.83</ele>
        <time>2026-08-11T00:45:47.1060000+00:00</time>
      </trkpt>
      <trkpt lat="51.275068" lon="8.597292">
        <ele>829.71</ele>
        <time>2026-08-11T00:45:47.5660000+00:00</time>
      </trkpt>
      <trkpt lat="51.275055" lon="8.597293">
        <ele>829.62</ele>
        <time>2026-08-11T00:45:48.0230000+00:00</time>
      </trkpt>
      <trkpt lat="51.275043" lon="8.597299">
        <ele>829.59</ele>
        <time>2026-08-11T00:45:48.4650000+00:00</time>
      </trkpt>
      <trkpt lat="51.275032" lon="8.597308">
        <ele>829.6</ele>
        <time>2026-08-11T00:45:48.9000000+00:00</time>
      </trkpt>
      <trkpt lat="51.27502" lon="8.597319">
        <ele>829.63</ele>
        <time>2026-08-11T00:45:49.3860000+00:00</time>
      </trkpt>
      <trkpt lat="51.27501" lon="8.59733">
        <ele>829.66</ele>
        <time>2026-08-11T00:45:49.8130000+00:00</time>
      </trkpt>
      <trkpt lat="51.275001" lon="8.597342">
        <ele>829.72</ele>
        <time>2026-08-11T00:45:50.2250000+00:00</time>
      </trkpt>
      <trkpt lat="51.274991" lon="8.597357">
        <ele>829.81</ele>
        <time>2026-08-11T00:45:50.7060000+00:00</time>
      </trkpt>
      <trkpt lat="51.274983" lon="8.597371">
        <ele>829.9</ele>
        <time>2026-08-11T00:45:51.1220000+00:00</time>
      </trkpt>
      <trkpt lat="51.274975" lon="8.597384">
        <ele>829.98</ele>
        <time>2026-08-11T00:45:51.5230000+00:00</time>
      </trkpt>
      <trkpt lat="51.274966" lon="8.597395">
        <ele>830.04</ele>
        <time>2026-08-11T00:45:51.9220000+00:00</time>
      </trkpt>
      <trkpt lat="51.274956" lon="8.597404">
        <ele>830.06</ele>
        <time>2026-08-11T00:45:52.3240000+00:00</time>
      </trkpt>
      <trkpt lat="51.274945" lon="8.597409">
        <ele>830.04</ele>
        <time>2026-08-11T00:45:52.7270000+00:00</time>
      </trkpt>
      <trkpt lat="51.274934" lon="8.59741">
        <ele>829.98</ele>
        <time>2026-08-11T00:45:53.1160000+00:00</time>
      </trkpt>
      <trkpt lat="51.274923" lon="8.597407">
        <ele>829.87</ele>
        <time>2026-08-11T00:45:53.5080000+00:00</time>
      </trkpt>
      <trkpt lat="51.274912" lon="8.597401">
        <ele>829.74</ele>
        <time>2026-08-11T00:45:53.9160000+00:00</time>
      </trkpt>
      <trkpt lat="51.274898" lon="8.597396">
        <ele>829.59</ele>
        <time>2026-08-11T00:45:54.4200000+00:00</time>
      </trkpt>
      <trkpt lat="51.27488" lon="8.597392">
        <ele>829.42</ele>
        <time>2026-08-11T00:45:55.0590000+00:00</time>
      </trkpt>
      <trkpt lat="51.274866" lon="8.597394">
        <ele>829.35</ele>
        <time>2026-08-11T00:45:55.5530000+00:00</time>
      </trkpt>
      <trkpt lat="51.274853" lon="8.5974">
        <ele>829.33</ele>
        <time>2026-08-11T00:45:56.0280000+00:00</time>
      </trkpt>
      <trkpt lat="51.274842" lon="8.597407">
        <ele>829.33</ele>
        <time>2026-08-11T00:45:56.4440000+00:00</time>
      </trkpt>
      <trkpt lat="51.27483" lon="8.597412">
        <ele>829.31</ele>
        <time>2026-08-11T00:45:56.8800000+00:00</time>
      </trkpt>
      <trkpt lat="51.274819" lon="8.597414">
        <ele>829.26</ele>
        <time>2026-08-11T00:45:57.2700000+00:00</time>
      </trkpt>
      <trkpt lat="51.274808" lon="8.597413">
        <ele>829.18</ele>
        <time>2026-08-11T00:45:57.6570000+00:00</time>
      </trkpt>
      <trkpt lat="51.274798" lon="8.59741">
        <ele>829.07</ele>
        <time>2026-08-11T00:45:58.0150000+00:00</time>
      </trkpt>
      <trkpt lat="51.274787" lon="8.597408">
        <ele>828.98</ele>
        <time>2026-08-11T00:45:58.4040000+00:00</time>
      </trkpt>
      <trkpt lat="51.274776" lon="8.597408">
        <ele>828.9</ele>
        <time>2026-08-11T00:45:58.7910000+00:00</time>
      </trkpt>
      <trkpt lat="51.274763" lon="8.597405">
        <ele>828.74</ele>
        <time>2026-08-11T00:45:59.2530000+00:00</time>
      </trkpt>
      <trkpt lat="51.274748" lon="8.597404">
        <ele>828.55</ele>
        <time>2026-08-11T00:45:59.7810000+00:00</time>
      </trkpt>
      <trkpt lat="51.274734" lon="8.597406">
        <ele>828.4</ele>
        <time>2026-08-11T00:46:00.2770000+00:00</time>
      </trkpt>
      <trkpt lat="51.274722" lon="8.597411">
        <ele>828.32</ele>
        <time>2026-08-11T00:46:00.7140000+00:00</time>
      </trkpt>
      <trkpt lat="51.274711" lon="8.597421">
        <ele>828.3</ele>
        <time>2026-08-11T00:46:01.1590000+00:00</time>
      </trkpt>
      <trkpt lat="51.274701" lon="8.597435">
        <ele>828.35</ele>
        <time>2026-08-11T00:46:01.6280000+00:00</time>
      </trkpt>
      <trkpt lat="51.274692" lon="8.597448">
        <ele>828.39</ele>
        <time>2026-08-11T00:46:02.0550000+00:00</time>
      </trkpt>
      <trkpt lat="51.274682" lon="8.59746">
        <ele>828.41</ele>
        <time>2026-08-11T00:46:02.4940000+00:00</time>
      </trkpt>
      <trkpt lat="51.274671" lon="8.59747">
        <ele>828.4</ele>
        <time>2026-08-11T00:46:02.9370000+00:00</time>
      </trkpt>
      <trkpt lat="51.274661" lon="8.597479">
        <ele>828.38</ele>
        <time>2026-08-11T00:46:03.3400000+00:00</time>
      </trkpt>
      <trkpt lat="51.27465" lon="8.597486">
        <ele>828.33</ele>
        <time>2026-08-11T00:46:03.7570000+00:00</time>
      </trkpt>
      <trkpt lat="51.274637" lon="8.59749">
        <ele>828.22</ele>
        <time>2026-08-11T00:46:04.2220000+00:00</time>
      </trkpt>
      <trkpt lat="51.274625" lon="8.597491">
        <ele>828.08</ele>
        <time>2026-08-11T00:46:04.6440000+00:00</time>
      </trkpt>
      <trkpt lat="51.274612" lon="8.597494">
        <ele>827.96</ele>
        <time>2026-08-11T00:46:05.1060000+00:00</time>
      </trkpt>
      <trkpt lat="51.2746" lon="8.597499">
        <ele>827.87</ele>
        <time>2026-08-11T00:46:05.5430000+00:00</time>
      </trkpt>
      <trkpt lat="51.274588" lon="8.597509">
        <ele>827.84</ele>
        <time>2026-08-11T00:46:06.0180000+00:00</time>
      </trkpt>
      <trkpt lat="51.274577" lon="8.597521">
        <ele>827.84</ele>
        <time>2026-08-11T00:46:06.4870000+00:00</time>
      </trkpt>
      <trkpt lat="51.274567" lon="8.597534">
        <ele>827.87</ele>
        <time>2026-08-11T00:46:06.9410000+00:00</time>
      </trkpt>
      <trkpt lat="51.274558" lon="8.597548">
        <ele>827.91</ele>
        <time>2026-08-11T00:46:07.3820000+00:00</time>
      </trkpt>
      <trkpt lat="51.274548" lon="8.59756">
        <ele>827.93</ele>
        <time>2026-08-11T00:46:07.8220000+00:00</time>
      </trkpt>
      <trkpt lat="51.274537" lon="8.597569">
        <ele>827.89</ele>
        <time>2026-08-11T00:46:08.2550000+00:00</time>
      </trkpt>
      <trkpt lat="51.274525" lon="8.597575">
        <ele>827.81</ele>
        <time>2026-08-11T00:46:08.6960000+00:00</time>
      </trkpt>
      <trkpt lat="51.274512" lon="8.597578">
        <ele>827.68</ele>
        <time>2026-08-11T00:46:09.1580000+00:00</time>
      </trkpt>
      <trkpt lat="51.2745" lon="8.59758">
        <ele>827.55</ele>
        <time>2026-08-11T00:46:09.5820000+00:00</time>
      </trkpt>
      <trkpt lat="51.274487" lon="8.597584">
        <ele>827.44</ele>
        <time>2026-08-11T00:46:10.0480000+00:00</time>
      </trkpt>
      <trkpt lat="51.274474" lon="8.597587">
        <ele>827.31</ele>
        <time>2026-08-11T00:46:10.5090000+00:00</time>
      </trkpt>
      <trkpt lat="51.274462" lon="8.597591">
        <ele>827.2</ele>
        <time>2026-08-11T00:46:10.9400000+00:00</time>
      </trkpt>
      <trkpt lat="51.274449" lon="8.597596">
        <ele>827.1</ele>
        <time>2026-08-11T00:46:11.4110000+00:00</time>
      </trkpt>
      <trkpt lat="51.274437" lon="8.597603">
        <ele>827.02</ele>
        <time>2026-08-11T00:46:11.8610000+00:00</time>
      </trkpt>
      <trkpt lat="51.274425" lon="8.597614">
        <ele>826.99</ele>
        <time>2026-08-11T00:46:12.3480000+00:00</time>
      </trkpt>
      <trkpt lat="51.274415" lon="8.597626">
        <ele>827</ele>
        <time>2026-08-11T00:46:12.7870000+00:00</time>
      </trkpt>
      <trkpt lat="51.274407" lon="8.597639">
        <ele>827.04</ele>
        <time>2026-08-11T00:46:13.1880000+00:00</time>
      </trkpt>
      <trkpt lat="51.274398" lon="8.597653">
        <ele>827.08</ele>
        <time>2026-08-11T00:46:13.6290000+00:00</time>
      </trkpt>
      <trkpt lat="51.274388" lon="8.597667">
        <ele>827.11</ele>
        <time>2026-08-11T00:46:14.0980000+00:00</time>
      </trkpt>
      <trkpt lat="51.274378" lon="8.597679">
        <ele>827.11</ele>
        <time>2026-08-11T00:46:14.5390000+00:00</time>
      </trkpt>
      <trkpt lat="51.274366" lon="8.597689">
        <ele>827.06</ele>
        <time>2026-08-11T00:46:15.0160000+00:00</time>
      </trkpt>
      <trkpt lat="51.274354" lon="8.597697">
        <ele>827</ele>
        <time>2026-08-11T00:46:15.4730000+00:00</time>
      </trkpt>
      <trkpt lat="51.274342" lon="8.597701">
        <ele>826.89</ele>
        <time>2026-08-11T00:46:15.9040000+00:00</time>
      </trkpt>
      <trkpt lat="51.27433" lon="8.597701">
        <ele>826.73</ele>
        <time>2026-08-11T00:46:16.3260000+00:00</time>
      </trkpt>
      <trkpt lat="51.274317" lon="8.597703">
        <ele>826.59</ele>
        <time>2026-08-11T00:46:16.7850000+00:00</time>
      </trkpt>
      <trkpt lat="51.274306" lon="8.597712">
        <ele>826.54</ele>
        <time>2026-08-11T00:46:17.2200000+00:00</time>
      </trkpt>
      <trkpt lat="51.274295" lon="8.597724">
        <ele>826.53</ele>
        <time>2026-08-11T00:46:17.6890000+00:00</time>
      </trkpt>
      <trkpt lat="51.274285" lon="8.597736">
        <ele>826.53</ele>
        <time>2026-08-11T00:46:18.1290000+00:00</time>
      </trkpt>
      <trkpt lat="51.274275" lon="8.597748">
        <ele>826.53</ele>
        <time>2026-08-11T00:46:18.5680000+00:00</time>
      </trkpt>
      <trkpt lat="51.274264" lon="8.597759">
        <ele>826.5</ele>
        <time>2026-08-11T00:46:19.0260000+00:00</time>
      </trkpt>
      <trkpt lat="51.274253" lon="8.597765">
        <ele>826.42</ele>
        <time>2026-08-11T00:46:19.4360000+00:00</time>
      </trkpt>
      <trkpt lat="51.27424" lon="8.59777">
        <ele>826.3</ele>
        <time>2026-08-11T00:46:19.9060000+00:00</time>
      </trkpt>
      <trkpt lat="51.274227" lon="8.597775">
        <ele>826.19</ele>
        <time>2026-08-11T00:46:20.3760000+00:00</time>
      </trkpt>
      <trkpt lat="51.274214" lon="8.59778">
        <ele>826.07</ele>
        <time>2026-08-11T00:46:20.8450000+00:00</time>
      </trkpt>
      <trkpt lat="51.274202" lon="8.597787">
        <ele>825.98</ele>
        <time>2026-08-11T00:46:21.2940000+00:00</time>
      </trkpt>
      <trkpt lat="51.27419" lon="8.597791">
        <ele>825.87</ele>
        <time>2026-08-11T00:46:21.7260000+00:00</time>
      </trkpt>
      <trkpt lat="51.274178" lon="8.597797">
        <ele>825.77</ele>
        <time>2026-08-11T00:46:22.1670000+00:00</time>
      </trkpt>
      <trkpt lat="51.274165" lon="8.597802">
        <ele>825.65</ele>
        <time>2026-08-11T00:46:22.6380000+00:00</time>
      </trkpt>
      <trkpt lat="51.274154" lon="8.597809">
        <ele>825.58</ele>
        <time>2026-08-11T00:46:23.0540000+00:00</time>
      </trkpt>
      <trkpt lat="51.274143" lon="8.597815">
        <ele>825.5</ele>
        <time>2026-08-11T00:46:23.4630000+00:00</time>
      </trkpt>
      <trkpt lat="51.274131" lon="8.597819">
        <ele>825.38</ele>
        <time>2026-08-11T00:46:23.8940000+00:00</time>
      </trkpt>
      <trkpt lat="51.274119" lon="8.597824">
        <ele>825.27</ele>
        <time>2026-08-11T00:46:24.3300000+00:00</time>
      </trkpt>
      <trkpt lat="51.274107" lon="8.597829">
        <ele>825.17</ele>
        <time>2026-08-11T00:46:24.7660000+00:00</time>
      </trkpt>
      <trkpt lat="51.274095" lon="8.597836">
        <ele>825.07</ele>
        <time>2026-08-11T00:46:25.2160000+00:00</time>
      </trkpt>
      <trkpt lat="51.274083" lon="8.597845">
        <ele>824.98</ele>
        <time>2026-08-11T00:46:25.6810000+00:00</time>
      </trkpt>
      <trkpt lat="51.274072" lon="8.597855">
        <ele>824.9</ele>
        <time>2026-08-11T00:46:26.1260000+00:00</time>
      </trkpt>
      <trkpt lat="51.274061" lon="8.597867">
        <ele>824.84</ele>
        <time>2026-08-11T00:46:26.5950000+00:00</time>
      </trkpt>
      <trkpt lat="51.274053" lon="8.597879">
        <ele>824.82</ele>
        <time>2026-08-11T00:46:26.9820000+00:00</time>
      </trkpt>
      <trkpt lat="51.274043" lon="8.597891">
        <ele>824.77</ele>
        <time>2026-08-11T00:46:27.4220000+00:00</time>
      </trkpt>
      <trkpt lat="51.274033" lon="8.597902">
        <ele>824.71</ele>
        <time>2026-08-11T00:46:27.8490000+00:00</time>
      </trkpt>
      <trkpt lat="51.274022" lon="8.597911">
        <ele>824.63</ele>
        <time>2026-08-11T00:46:28.2840000+00:00</time>
      </trkpt>
      <trkpt lat="51.274011" lon="8.597918">
        <ele>824.54</ele>
        <time>2026-08-11T00:46:28.7010000+00:00</time>
      </trkpt>
      <trkpt lat="51.274" lon="8.597923">
        <ele>824.43</ele>
        <time>2026-08-11T00:46:29.1020000+00:00</time>
      </trkpt>
      <trkpt lat="51.273989" lon="8.597927">
        <ele>824.32</ele>
        <time>2026-08-11T00:46:29.4970000+00:00</time>
      </trkpt>
      <trkpt lat="51.27398" lon="8.597934">
        <ele>824.25</ele>
        <time>2026-08-11T00:46:29.8480000+00:00</time>
      </trkpt>
      <trkpt lat="51.273969" lon="8.597934">
        <ele>824.11</ele>
        <time>2026-08-11T00:46:30.2350000+00:00</time>
      </trkpt>
      <trkpt lat="51.27395" lon="8.59794">
        <ele>823.91</ele>
        <time>2026-08-11T00:46:30.9160000+00:00</time>
      </trkpt>
      <trkpt lat="51.27394" lon="8.597944">
        <ele>823.81</ele>
        <time>2026-08-11T00:46:31.2800000+00:00</time>
      </trkpt>
      <trkpt lat="51.273928" lon="8.597946">
        <ele>823.69</ele>
        <time>2026-08-11T00:46:31.7050000+00:00</time>
      </trkpt>
      <trkpt lat="51.273916" lon="8.597948">
        <ele>823.57</ele>
        <time>2026-08-11T00:46:32.1290000+00:00</time>
      </trkpt>
      <trkpt lat="51.273905" lon="8.597949">
        <ele>823.47</ele>
        <time>2026-08-11T00:46:32.5160000+00:00</time>
      </trkpt>
      <trkpt lat="51.273895" lon="8.597952">
        <ele>823.38</ele>
        <time>2026-08-11T00:46:32.8740000+00:00</time>
      </trkpt>
      <trkpt lat="51.273885" lon="8.597955">
        <ele>823.3</ele>
        <time>2026-08-11T00:46:33.2310000+00:00</time>
      </trkpt>
      <trkpt lat="51.273874" lon="8.597959">
        <ele>823.21</ele>
        <time>2026-08-11T00:46:33.6270000+00:00</time>
      </trkpt>
      <trkpt lat="51.273863" lon="8.597962">
        <ele>823.11</ele>
        <time>2026-08-11T00:46:34.0190000+00:00</time>
      </trkpt>
      <trkpt lat="51.273852" lon="8.597967">
        <ele>823.03</ele>
        <time>2026-08-11T00:46:34.4220000+00:00</time>
      </trkpt>
      <trkpt lat="51.273841" lon="8.597974">
        <ele>822.97</ele>
        <time>2026-08-11T00:46:34.8370000+00:00</time>
      </trkpt>
      <trkpt lat="51.27383" lon="8.597982">
        <ele>822.91</ele>
        <time>2026-08-11T00:46:35.2610000+00:00</time>
      </trkpt>
      <trkpt lat="51.273819" lon="8.597988">
        <ele>822.84</ele>
        <time>2026-08-11T00:46:35.6710000+00:00</time>
      </trkpt>
      <trkpt lat="51.273808" lon="8.597992">
        <ele>822.75</ele>
        <time>2026-08-11T00:46:36.0670000+00:00</time>
      </trkpt>
      <trkpt lat="51.273798" lon="8.597996">
        <ele>822.67</ele>
        <time>2026-08-11T00:46:36.4300000+00:00</time>
      </trkpt>
      <trkpt lat="51.273787" lon="8.597993">
        <ele>822.54</ele>
        <time>2026-08-11T00:46:36.8220000+00:00</time>
      </trkpt>
      <trkpt lat="51.273773" lon="8.597994">
        <ele>822.4</ele>
        <time>2026-08-11T00:46:37.3140000+00:00</time>
      </trkpt>
      <trkpt lat="51.273763" lon="8.597994">
        <ele>822.29</ele>
        <time>2026-08-11T00:46:37.6660000+00:00</time>
      </trkpt>
      <trkpt lat="51.273752" lon="8.597993">
        <ele>822.17</ele>
        <time>2026-08-11T00:46:38.0530000+00:00</time>
      </trkpt>
      <trkpt lat="51.273739" lon="8.597992">
        <ele>822.02</ele>
        <time>2026-08-11T00:46:38.5100000+00:00</time>
      </trkpt>
      <trkpt lat="51.273727" lon="8.597992">
        <ele>821.89</ele>
        <time>2026-08-11T00:46:38.9320000+00:00</time>
      </trkpt>
      <trkpt lat="51.273714" lon="8.597995">
        <ele>821.78</ele>
        <time>2026-08-11T00:46:39.3930000+00:00</time>
      </trkpt>
      <trkpt lat="51.273702" lon="8.597999">
        <ele>821.68</ele>
        <time>2026-08-11T00:46:39.8240000+00:00</time>
      </trkpt>
      <trkpt lat="51.273689" lon="8.598003">
        <ele>821.57</ele>
        <time>2026-08-11T00:46:40.2900000+00:00</time>
      </trkpt>
      <trkpt lat="51.273677" lon="8.598007">
        <ele>821.48</ele>
        <time>2026-08-11T00:46:40.7210000+00:00</time>
      </trkpt>
      <trkpt lat="51.273665" lon="8.598013">
        <ele>821.4</ele>
        <time>2026-08-11T00:46:41.1620000+00:00</time>
      </trkpt>
      <trkpt lat="51.273654" lon="8.598021">
        <ele>821.34</ele>
        <time>2026-08-11T00:46:41.5870000+00:00</time>
      </trkpt>
      <trkpt lat="51.273642" lon="8.598029">
        <ele>821.28</ele>
        <time>2026-08-11T00:46:42.0450000+00:00</time>
      </trkpt>
      <trkpt lat="51.27363" lon="8.598039">
        <ele>821.23</ele>
        <time>2026-08-11T00:46:42.5200000+00:00</time>
      </trkpt>
      <trkpt lat="51.27362" lon="8.598052">
        <ele>821.22</ele>
        <time>2026-08-11T00:46:42.9740000+00:00</time>
      </trkpt>
      <trkpt lat="51.273611" lon="8.598066">
        <ele>821.23</ele>
        <time>2026-08-11T00:46:43.4150000+00:00</time>
      </trkpt>
      <trkpt lat="51.273604" lon="8.598082">
        <ele>821.28</ele>
        <time>2026-08-11T00:46:43.8440000+00:00</time>
      </trkpt>
      <trkpt lat="51.273596" lon="8.5981">
        <ele>821.34</ele>
        <time>2026-08-11T00:46:44.3290000+00:00</time>
      </trkpt>
      <trkpt lat="51.273591" lon="8.598117">
        <ele>821.42</ele>
        <time>2026-08-11T00:46:44.7420000+00:00</time>
      </trkpt>
      <trkpt lat="51.273586" lon="8.598134">
        <ele>821.5</ele>
        <time>2026-08-11T00:46:45.1560000+00:00</time>
      </trkpt>
      <trkpt lat="51.273582" lon="8.598152">
        <ele>821.59</ele>
        <time>2026-08-11T00:46:45.5760000+00:00</time>
      </trkpt>
      <trkpt lat="51.273575" lon="8.59817">
        <ele>821.66</ele>
        <time>2026-08-11T00:46:46.0430000+00:00</time>
      </trkpt>
      <trkpt lat="51.273568" lon="8.598184">
        <ele>821.7</ele>
        <time>2026-08-11T00:46:46.4390000+00:00</time>
      </trkpt>
      <trkpt lat="51.27356" lon="8.598196">
        <ele>821.71</ele>
        <time>2026-08-11T00:46:46.8260000+00:00</time>
      </trkpt>
      <trkpt lat="51.273551" lon="8.598207">
        <ele>821.7</ele>
        <time>2026-08-11T00:46:47.2250000+00:00</time>
      </trkpt>
      <trkpt lat="51.27354" lon="8.598213">
        <ele>821.63</ele>
        <time>2026-08-11T00:46:47.6320000+00:00</time>
      </trkpt>
      <trkpt lat="51.273528" lon="8.598219">
        <ele>821.56</ele>
        <time>2026-08-11T00:46:48.0740000+00:00</time>
      </trkpt>
      <trkpt lat="51.273516" lon="8.598224">
        <ele>821.47</ele>
        <time>2026-08-11T00:46:48.5090000+00:00</time>
      </trkpt>
      <trkpt lat="51.273505" lon="8.598229">
        <ele>821.4</ele>
        <time>2026-08-11T00:46:48.9120000+00:00</time>
      </trkpt>
      <trkpt lat="51.273492" lon="8.598234">
        <ele>821.31</ele>
        <time>2026-08-11T00:46:49.3830000+00:00</time>
      </trkpt>
      <trkpt lat="51.273481" lon="8.598238">
        <ele>821.22</ele>
        <time>2026-08-11T00:46:49.7800000+00:00</time>
      </trkpt>
      <trkpt lat="51.27347" lon="8.598243">
        <ele>821.15</ele>
        <time>2026-08-11T00:46:50.1830000+00:00</time>
      </trkpt>
      <trkpt lat="51.273457" lon="8.598246">
        <ele>821.04</ele>
        <time>2026-08-11T00:46:50.6450000+00:00</time>
      </trkpt>
      <trkpt lat="51.273443" lon="8.598248">
        <ele>820.92</ele>
        <time>2026-08-11T00:46:51.1380000+00:00</time>
      </trkpt>
      <trkpt lat="51.27343" lon="8.598252">
        <ele>820.81</ele>
        <time>2026-08-11T00:46:51.6040000+00:00</time>
      </trkpt>
      <trkpt lat="51.273416" lon="8.598254">
        <ele>820.69</ele>
        <time>2026-08-11T00:46:52.0990000+00:00</time>
      </trkpt>
      <trkpt lat="51.273404" lon="8.598259">
        <ele>820.6</ele>
        <time>2026-08-11T00:46:52.5360000+00:00</time>
      </trkpt>
      <trkpt lat="51.273393" lon="8.598265">
        <ele>820.54</ele>
        <time>2026-08-11T00:46:52.9450000+00:00</time>
      </trkpt>
      <trkpt lat="51.273382" lon="8.598273">
        <ele>820.49</ele>
        <time>2026-08-11T00:46:53.3690000+00:00</time>
      </trkpt>
      <trkpt lat="51.273371" lon="8.598281">
        <ele>820.44</ele>
        <time>2026-08-11T00:46:53.7940000+00:00</time>
      </trkpt>
      <trkpt lat="51.27336" lon="8.598288">
        <ele>820.39</ele>
        <time>2026-08-11T00:46:54.2100000+00:00</time>
      </trkpt>
      <trkpt lat="51.273349" lon="8.598296">
        <ele>820.34</ele>
        <time>2026-08-11T00:46:54.6350000+00:00</time>
      </trkpt>
      <trkpt lat="51.273338" lon="8.598305">
        <ele>820.3</ele>
        <time>2026-08-11T00:46:55.0700000+00:00</time>
      </trkpt>
      <trkpt lat="51.273327" lon="8.598312">
        <ele>820.25</ele>
        <time>2026-08-11T00:46:55.4860000+00:00</time>
      </trkpt>
      <trkpt lat="51.273315" lon="8.598318">
        <ele>820.18</ele>
        <time>2026-08-11T00:46:55.9270000+00:00</time>
      </trkpt>
      <trkpt lat="51.273305" lon="8.598324">
        <ele>820.12</ele>
        <time>2026-08-11T00:46:56.3020000+00:00</time>
      </trkpt>
      <trkpt lat="51.273295" lon="8.598332">
        <ele>820.09</ele>
        <time>2026-08-11T00:46:56.6960000+00:00</time>
      </trkpt>
      <trkpt lat="51.273283" lon="8.598341">
        <ele>820.04</ele>
        <time>2026-08-11T00:46:57.1630000+00:00</time>
      </trkpt>
      <trkpt lat="51.273273" lon="8.598348">
        <ele>820</ele>
        <time>2026-08-11T00:46:57.5480000+00:00</time>
      </trkpt>
      <trkpt lat="51.273264" lon="8.598355">
        <ele>819.96</ele>
        <time>2026-08-11T00:46:57.9010000+00:00</time>
      </trkpt>
      <trkpt lat="51.273254" lon="8.598364">
        <ele>819.94</ele>
        <time>2026-08-11T00:46:58.3050000+00:00</time>
      </trkpt>
      <trkpt lat="51.273243" lon="8.598373">
        <ele>819.9</ele>
        <time>2026-08-11T00:46:58.7400000+00:00</time>
      </trkpt>
      <trkpt lat="51.273233" lon="8.598381">
        <ele>819.86</ele>
        <time>2026-08-11T00:46:59.1340000+00:00</time>
      </trkpt>
      <trkpt lat="51.273222" lon="8.59839">
        <ele>819.83</ele>
        <time>2026-08-11T00:46:59.5670000+00:00</time>
      </trkpt>
      <trkpt lat="51.27321" lon="8.598388">
        <ele>819.69</ele>
        <time>2026-08-11T00:46:59.9920000+00:00</time>
      </trkpt>
      <trkpt lat="51.273192" lon="8.598383">
        <ele>819.47</ele>
        <time>2026-08-11T00:47:00.6350000+00:00</time>
      </trkpt>
      <trkpt lat="51.273181" lon="8.59838">
        <ele>819.33</ele>
        <time>2026-08-11T00:47:01.0270000+00:00</time>
      </trkpt>
      <trkpt lat="51.273169" lon="8.598375">
        <ele>819.17</ele>
        <time>2026-08-11T00:47:01.4630000+00:00</time>
      </trkpt>
      <trkpt lat="51.273157" lon="8.598374">
        <ele>819.04</ele>
        <time>2026-08-11T00:47:01.8850000+00:00</time>
      </trkpt>
      <trkpt lat="51.273146" lon="8.598374">
        <ele>818.93</ele>
        <time>2026-08-11T00:47:02.2720000+00:00</time>
      </trkpt>
      <trkpt lat="51.273134" lon="8.598377">
        <ele>818.84</ele>
        <time>2026-08-11T00:47:02.6990000+00:00</time>
      </trkpt>
      <trkpt lat="51.27312" lon="8.598379">
        <ele>818.72</ele>
        <time>2026-08-11T00:47:03.1940000+00:00</time>
      </trkpt>
      <trkpt lat="51.273109" lon="8.598385">
        <ele>818.66</ele>
        <time>2026-08-11T00:47:03.6020000+00:00</time>
      </trkpt>
      <trkpt lat="51.273097" lon="8.598391">
        <ele>818.63</ele>
        <time>2026-08-11T00:47:04.0440000+00:00</time>
      </trkpt>
      <trkpt lat="51.273084" lon="8.598399">
        <ele>818.64</ele>
        <time>2026-08-11T00:47:04.5330000+00:00</time>
      </trkpt>
      <trkpt lat="51.273074" lon="8.598406">
        <ele>818.66</ele>
        <time>2026-08-11T00:47:04.9160000+00:00</time>
      </trkpt>
      <trkpt lat="51.273064" lon="8.598414">
        <ele>818.68</ele>
        <time>2026-08-11T00:47:05.3100000+00:00</time>
      </trkpt>
      <trkpt lat="51.273055" lon="8.598422">
        <ele>818.7</ele>
        <time>2026-08-11T00:47:05.6720000+00:00</time>
      </trkpt>
      <trkpt lat="51.273047" lon="8.598434">
        <ele>818.76</ele>
        <time>2026-08-11T00:47:06.0580000+00:00</time>
      </trkpt>
      <trkpt lat="51.273038" lon="8.598439">
        <ele>818.76</ele>
        <time>2026-08-11T00:47:06.3940000+00:00</time>
      </trkpt>
      <trkpt lat="51.273028" lon="8.598444">
        <ele>818.75</ele>
        <time>2026-08-11T00:47:06.7620000+00:00</time>
      </trkpt>
      <trkpt lat="51.273019" lon="8.598447">
        <ele>818.73</ele>
        <time>2026-08-11T00:47:07.0850000+00:00</time>
      </trkpt>
      <trkpt lat="51.273008" lon="8.598446">
        <ele>818.67</ele>
        <time>2026-08-11T00:47:07.4740000+00:00</time>
      </trkpt>
      <trkpt lat="51.272997" lon="8.598444">
        <ele>818.61</ele>
        <time>2026-08-11T00:47:07.8630000+00:00</time>
      </trkpt>
      <trkpt lat="51.272986" lon="8.59844">
        <ele>818.52</ele>
        <time>2026-08-11T00:47:08.2590000+00:00</time>
      </trkpt>
      <trkpt lat="51.272976" lon="8.598434">
        <ele>818.43</ele>
        <time>2026-08-11T00:47:08.6350000+00:00</time>
      </trkpt>
      <trkpt lat="51.272966" lon="8.598428">
        <ele>818.34</ele>
        <time>2026-08-11T00:47:09.0110000+00:00</time>
      </trkpt>
      <trkpt lat="51.272954" lon="8.59842">
        <ele>818.22</ele>
        <time>2026-08-11T00:47:09.4680000+00:00</time>
      </trkpt>
      <trkpt lat="51.272941" lon="8.598413">
        <ele>818.11</ele>
        <time>2026-08-11T00:47:09.9500000+00:00</time>
      </trkpt>
      <trkpt lat="51.272929" lon="8.598406">
        <ele>818</ele>
        <time>2026-08-11T00:47:10.4000000+00:00</time>
      </trkpt>
      <trkpt lat="51.272918" lon="8.598401">
        <ele>817.92</ele>
        <time>2026-08-11T00:47:10.8030000+00:00</time>
      </trkpt>
      <trkpt lat="51.272908" lon="8.598398">
        <ele>817.85</ele>
        <time>2026-08-11T00:47:11.1610000+00:00</time>
      </trkpt>
      <trkpt lat="51.272896" lon="8.598394">
        <ele>817.77</ele>
        <time>2026-08-11T00:47:11.5920000+00:00</time>
      </trkpt>
      <trkpt lat="51.272883" lon="8.598386">
        <ele>817.66</ele>
        <time>2026-08-11T00:47:12.0820000+00:00</time>
      </trkpt>
      <trkpt lat="51.272871" lon="8.598383">
        <ele>817.58</ele>
        <time>2026-08-11T00:47:12.5090000+00:00</time>
      </trkpt>
      <trkpt lat="51.272861" lon="8.598373">
        <ele>817.47</ele>
        <time>2026-08-11T00:47:12.9240000+00:00</time>
      </trkpt>
      <trkpt lat="51.27285" lon="8.598367">
        <ele>817.38</ele>
        <time>2026-08-11T00:47:13.3310000+00:00</time>
      </trkpt>
      <trkpt lat="51.272839" lon="8.598363">
        <ele>817.3</ele>
        <time>2026-08-11T00:47:13.7270000+00:00</time>
      </trkpt>
      <trkpt lat="51.272826" lon="8.598362">
        <ele>817.24</ele>
        <time>2026-08-11T00:47:14.1860000+00:00</time>
      </trkpt>
      <trkpt lat="51.272814" lon="8.598364">
        <ele>817.21</ele>
        <time>2026-08-11T00:47:14.6110000+00:00</time>
      </trkpt>
      <trkpt lat="51.272803" lon="8.598366">
        <ele>817.17</ele>
        <time>2026-08-11T00:47:15.0000000+00:00</time>
      </trkpt>
      <trkpt lat="51.272793" lon="8.598371">
        <ele>817.16</ele>
        <time>2026-08-11T00:47:15.3700000+00:00</time>
      </trkpt>
      <trkpt lat="51.272782" lon="8.598379">
        <ele>817.17</ele>
        <time>2026-08-11T00:47:15.7950000+00:00</time>
      </trkpt>
      <trkpt lat="51.27277" lon="8.598383">
        <ele>817.14</ele>
        <time>2026-08-11T00:47:16.2260000+00:00</time>
      </trkpt>
      <trkpt lat="51.272759" lon="8.598385">
        <ele>817.11</ele>
        <time>2026-08-11T00:47:16.6150000+00:00</time>
      </trkpt>
      <trkpt lat="51.272747" lon="8.598387">
        <ele>817.07</ele>
        <time>2026-08-11T00:47:17.0400000+00:00</time>
      </trkpt>
      <trkpt lat="51.272735" lon="8.598386">
        <ele>817.01</ele>
        <time>2026-08-11T00:47:17.4630000+00:00</time>
      </trkpt>
      <trkpt lat="51.272723" lon="8.598387">
        <ele>816.96</ele>
        <time>2026-08-11T00:47:17.8850000+00:00</time>
      </trkpt>
      <trkpt lat="51.272711" lon="8.598388">
        <ele>816.91</ele>
        <time>2026-08-11T00:47:18.3080000+00:00</time>
      </trkpt>
      <trkpt lat="51.2727" lon="8.59839">
        <ele>816.88</ele>
        <time>2026-08-11T00:47:18.6970000+00:00</time>
      </trkpt>
      <trkpt lat="51.27269" lon="8.598389">
        <ele>816.83</ele>
        <time>2026-08-11T00:47:19.0500000+00:00</time>
      </trkpt>
      <trkpt lat="51.272679" lon="8.598386">
        <ele>816.76</ele>
        <time>2026-08-11T00:47:19.4420000+00:00</time>
      </trkpt>
      <trkpt lat="51.272669" lon="8.598383">
        <ele>816.7</ele>
        <time>2026-08-11T00:47:19.8000000+00:00</time>
      </trkpt>
      <trkpt lat="51.272657" lon="8.59838">
        <ele>816.63</ele>
        <time>2026-08-11T00:47:20.2270000+00:00</time>
      </trkpt>
      <trkpt lat="51.272644" lon="8.598375">
        <ele>816.55</ele>
        <time>2026-08-11T00:47:20.6970000+00:00</time>
      </trkpt>
      <trkpt lat="51.272633" lon="8.598371">
        <ele>816.48</ele>
        <time>2026-08-11T00:47:21.0930000+00:00</time>
      </trkpt>
      <trkpt lat="51.272624" lon="8.59837">
        <ele>816.43</ele>
        <time>2026-08-11T00:47:21.4110000+00:00</time>
      </trkpt>
      <trkpt lat="51.27261" lon="8.598368">
        <ele>816.36</ele>
        <time>2026-08-11T00:47:21.9050000+00:00</time>
      </trkpt>
      <trkpt lat="51.272595" lon="8.598366">
        <ele>816.29</ele>
        <time>2026-08-11T00:47:22.4360000+00:00</time>
      </trkpt>
      <trkpt lat="51.272584" lon="8.598365">
        <ele>816.23</ele>
        <time>2026-08-11T00:47:22.8230000+00:00</time>
      </trkpt>
      <trkpt lat="51.272572" lon="8.598362">
        <ele>816.17</ele>
        <time>2026-08-11T00:47:23.2500000+00:00</time>
      </trkpt>
      <trkpt lat="51.272559" lon="8.598353">
        <ele>816.06</ele>
        <time>2026-08-11T00:47:23.7480000+00:00</time>
      </trkpt>
      <trkpt lat="51.272548" lon="8.598349">
        <ele>816</ele>
        <time>2026-08-11T00:47:24.1460000+00:00</time>
      </trkpt>
      <trkpt lat="51.272536" lon="8.598348">
        <ele>815.94</ele>
        <time>2026-08-11T00:47:24.5700000+00:00</time>
      </trkpt>
      <trkpt lat="51.272524" lon="8.598346">
        <ele>815.88</ele>
        <time>2026-08-11T00:47:24.9950000+00:00</time>
      </trkpt>
      <trkpt lat="51.272513" lon="8.598344">
        <ele>815.83</ele>
        <time>2026-08-11T00:47:25.3840000+00:00</time>
      </trkpt>
      <trkpt lat="51.272503" lon="8.598345">
        <ele>815.79</ele>
        <time>2026-08-11T00:47:25.7370000+00:00</time>
      </trkpt>
      <trkpt lat="51.272493" lon="8.598348">
        <ele>815.76</ele>
        <time>2026-08-11T00:47:26.0920000+00:00</time>
      </trkpt>
      <trkpt lat="51.272479" lon="8.59835">
        <ele>815.71</ele>
        <time>2026-08-11T00:47:26.5860000+00:00</time>
      </trkpt>
      <trkpt lat="51.272463" lon="8.598358">
        <ele>815.68</ele>
        <time>2026-08-11T00:47:27.1760000+00:00</time>
      </trkpt>
      <trkpt lat="51.272452" lon="8.59836">
        <ele>815.65</ele>
        <time>2026-08-11T00:47:27.5650000+00:00</time>
      </trkpt>
      <trkpt lat="51.27244" lon="8.598364">
        <ele>815.62</ele>
        <time>2026-08-11T00:47:27.9960000+00:00</time>
      </trkpt>
      <trkpt lat="51.272429" lon="8.598371">
        <ele>815.6</ele>
        <time>2026-08-11T00:47:28.4120000+00:00</time>
      </trkpt>
      <trkpt lat="51.272419" lon="8.598375">
        <ele>815.57</ele>
        <time>2026-08-11T00:47:28.7750000+00:00</time>
      </trkpt>
      <trkpt lat="51.272409" lon="8.598382">
        <ele>815.56</ele>
        <time>2026-08-11T00:47:29.1590000+00:00</time>
      </trkpt>
      <trkpt lat="51.272399" lon="8.598388">
        <ele>815.54</ele>
        <time>2026-08-11T00:47:29.5330000+00:00</time>
      </trkpt>
      <trkpt lat="51.27239" lon="8.598395">
        <ele>815.54</ele>
        <time>2026-08-11T00:47:29.8840000+00:00</time>
      </trkpt>
      <trkpt lat="51.272381" lon="8.598402">
        <ele>815.52</ele>
        <time>2026-08-11T00:47:30.2360000+00:00</time>
      </trkpt>
      <trkpt lat="51.272359" lon="8.598402">
        <ele>815.43</ele>
        <time>2026-08-11T00:47:31.0100000+00:00</time>
      </trkpt>
      <trkpt lat="51.272346" lon="8.598383">
        <ele>815.29</ele>
        <time>2026-08-11T00:47:31.6280000+00:00</time>
      </trkpt>
      <trkpt lat="51.272345" lon="8.598357">
        <ele>815.18</ele>
        <time>2026-08-11T00:47:32.2010000+00:00</time>
      </trkpt>
      <trkpt lat="51.272357" lon="8.598345">
        <ele>815.18</ele>
        <time>2026-08-11T00:47:32.6980000+00:00</time>
      </trkpt>
      <trkpt lat="51.272366" lon="8.59834">
        <ele>815.2</ele>
        <time>2026-08-11T00:47:33.0330000+00:00</time>
      </trkpt>
      <trkpt lat="51.272377" lon="8.598338">
        <ele>815.24</ele>
        <time>2026-08-11T00:47:33.4210000+00:00</time>
      </trkpt>
      <trkpt lat="51.272389" lon="8.598338">
        <ele>815.29</ele>
        <time>2026-08-11T00:47:33.8430000+00:00</time>
      </trkpt>
      <trkpt lat="51.272402" lon="8.598334">
        <ele>815.32</ele>
        <time>2026-08-11T00:47:34.3080000+00:00</time>
      </trkpt>
      <trkpt lat="51.272416" lon="8.59833">
        <ele>815.36</ele>
        <time>2026-08-11T00:47:34.8090000+00:00</time>
      </trkpt>
      <trkpt lat="51.27243" lon="8.598325">
        <ele>815.4</ele>
        <time>2026-08-11T00:47:35.3130000+00:00</time>
      </trkpt>
      <trkpt lat="51.272443" lon="8.598319">
        <ele>815.42</ele>
        <time>2026-08-11T00:47:35.7880000+00:00</time>
      </trkpt>
      <trkpt lat="51.272456" lon="8.598314">
        <ele>815.45</ele>
        <time>2026-08-11T00:47:36.2590000+00:00</time>
      </trkpt>
      <trkpt lat="51.27247" lon="8.598311">
        <ele>815.49</ele>
        <time>2026-08-11T00:47:36.7560000+00:00</time>
      </trkpt>
      <trkpt lat="51.272485" lon="8.598308">
        <ele>815.54</ele>
        <time>2026-08-11T00:47:37.2880000+00:00</time>
      </trkpt>
      <trkpt lat="51.272499" lon="8.598305">
        <ele>815.58</ele>
        <time>2026-08-11T00:47:37.7860000+00:00</time>
      </trkpt>
      <trkpt lat="51.272512" lon="8.598301">
        <ele>815.61</ele>
        <time>2026-08-11T00:47:38.2520000+00:00</time>
      </trkpt>
      <trkpt lat="51.272525" lon="8.598297">
        <ele>815.64</ele>
        <time>2026-08-11T00:47:38.7170000+00:00</time>
      </trkpt>
      <trkpt lat="51.272538" lon="8.598291">
        <ele>815.66</ele>
        <time>2026-08-11T00:47:39.1940000+00:00</time>
      </trkpt>
      <trkpt lat="51.27255" lon="8.598285">
        <ele>815.67</ele>
        <time>2026-08-11T00:47:39.6360000+00:00</time>
      </trkpt>
      <trkpt lat="51.272561" lon="8.598276">
        <ele>815.67</ele>
        <time>2026-08-11T00:47:40.0720000+00:00</time>
      </trkpt>
      <trkpt lat="51.272571" lon="8.598267">
        <ele>815.66</ele>
        <time>2026-08-11T00:47:40.4750000+00:00</time>
      </trkpt>
      <trkpt lat="51.272582" lon="8.598256">
        <ele>815.64</ele>
        <time>2026-08-11T00:47:40.9300000+00:00</time>
      </trkpt>
      <trkpt lat="51.272593" lon="8.598243">
        <ele>815.61</ele>
        <time>2026-08-11T00:47:41.4110000+00:00</time>
      </trkpt>
      <trkpt lat="51.272599" lon="8.598232">
        <ele>815.57</ele>
        <time>2026-08-11T00:47:41.7310000+00:00</time>
      </trkpt>
      <trkpt lat="51.272617" lon="8.598223">
        <ele>815.58</ele>
        <time>2026-08-11T00:47:42.3950000+00:00</time>
      </trkpt>
      <trkpt lat="51.272633" lon="8.598219">
        <ele>815.61</ele>
        <time>2026-08-11T00:47:42.9650000+00:00</time>
      </trkpt>
      <trkpt lat="51.272648" lon="8.598215">
        <ele>815.64</ele>
        <time>2026-08-11T00:47:43.4990000+00:00</time>
      </trkpt>
      <trkpt lat="51.272661" lon="8.598207">
        <ele>815.64</ele>
        <time>2026-08-11T00:47:43.9880000+00:00</time>
      </trkpt>
      <trkpt lat="51.272677" lon="8.598194">
        <ele>815.61</ele>
        <time>2026-08-11T00:47:44.6200000+00:00</time>
      </trkpt>
      <trkpt lat="51.272699" lon="8.598187">
        <ele>815.64</ele>
        <time>2026-08-11T00:47:45.4090000+00:00</time>
      </trkpt>
      <trkpt lat="51.272716" lon="8.598182">
        <ele>815.67</ele>
        <time>2026-08-11T00:47:46.0180000+00:00</time>
      </trkpt>
      <trkpt lat="51.272735" lon="8.598174">
        <ele>815.68</ele>
        <time>2026-08-11T00:47:46.7090000+00:00</time>
      </trkpt>
      <trkpt lat="51.272759" lon="8.598168">
        <ele>815.72</ele>
        <time>2026-08-11T00:47:47.5630000+00:00</time>
      </trkpt>
      <trkpt lat="51.272783" lon="8.598165">
        <ele>815.77</ele>
        <time>2026-08-11T00:47:48.4100000+00:00</time>
      </trkpt>
      <trkpt lat="51.272805" lon="8.598169">
        <ele>815.87</ele>
        <time>2026-08-11T00:47:49.1890000+00:00</time>
      </trkpt>
      <trkpt lat="51.272826" lon="8.598171">
        <ele>815.95</ele>
        <time>2026-08-11T00:47:49.9290000+00:00</time>
      </trkpt>
      <trkpt lat="51.27285" lon="8.598169">
        <ele>816.01</ele>
        <time>2026-08-11T00:47:50.7740000+00:00</time>
      </trkpt>
      <trkpt lat="51.272882" lon="8.598171">
        <ele>816.12</ele>
        <time>2026-08-11T00:47:51.9000000+00:00</time>
      </trkpt>
      <trkpt lat="51.272913" lon="8.598186">
        <ele>816.33</ele>
        <time>2026-08-11T00:47:53.0400000+00:00</time>
      </trkpt>
      <trkpt lat="51.27295" lon="8.598207">
        <ele>816.61</ele>
        <time>2026-08-11T00:47:54.4220000+00:00</time>
      </trkpt>
      <trkpt lat="51.272978" lon="8.598218">
        <ele>816.78</ele>
        <time>2026-08-11T00:47:55.4360000+00:00</time>
      </trkpt>
      <trkpt lat="51.272998" lon="8.598215">
        <ele>816.83</ele>
        <time>2026-08-11T00:47:56.1420000+00:00</time>
      </trkpt>
      <trkpt lat="51.273014" lon="8.598205">
        <ele>816.8</ele>
        <time>2026-08-11T00:47:56.7460000+00:00</time>
      </trkpt>
      <trkpt lat="51.273032" lon="8.598195">
        <ele>816.78</ele>
        <time>2026-08-11T00:47:57.4160000+00:00</time>
      </trkpt>
      <trkpt lat="51.273052" lon="8.59818">
        <ele>816.73</ele>
        <time>2026-08-11T00:47:58.1940000+00:00</time>
      </trkpt>
      <trkpt lat="51.273072" lon="8.598161">
        <ele>816.64</ele>
        <time>2026-08-11T00:47:59.0120000+00:00</time>
      </trkpt>
      <trkpt lat="51.273096" lon="8.598139">
        <ele>816.53</ele>
        <time>2026-08-11T00:47:59.9850000+00:00</time>
      </trkpt>
      <trkpt lat="51.273119" lon="8.598121">
        <ele>816.54</ele>
        <time>2026-08-11T00:48:00.8860000+00:00</time>
      </trkpt>
      <trkpt lat="51.273139" lon="8.598102">
        <ele>816.59</ele>
        <time>2026-08-11T00:48:01.7040000+00:00</time>
      </trkpt>
      <trkpt lat="51.27316" lon="8.598074">
        <ele>816.58</ele>
        <time>2026-08-11T00:48:02.6660000+00:00</time>
      </trkpt>
      <trkpt lat="51.27318" lon="8.598045">
        <ele>816.54</ele>
        <time>2026-08-11T00:48:03.6170000+00:00</time>
      </trkpt>
      <trkpt lat="51.273206" lon="8.598017">
        <ele>816.59</ele>
        <time>2026-08-11T00:48:04.7200000+00:00</time>
      </trkpt>
      <trkpt lat="51.273234" lon="8.597998">
        <ele>816.73</ele>
        <time>2026-08-11T00:48:05.7890000+00:00</time>
      </trkpt>
      <trkpt lat="51.273254" lon="8.59798">
        <ele>816.79</ele>
        <time>2026-08-11T00:48:06.5960000+00:00</time>
      </trkpt>
      <trkpt lat="51.273267" lon="8.597955">
        <ele>816.72</ele>
        <time>2026-08-11T00:48:07.3110000+00:00</time>
      </trkpt>
      <trkpt lat="51.273279" lon="8.597926">
        <ele>816.61</ele>
        <time>2026-08-11T00:48:08.0760000+00:00</time>
      </trkpt>
      <trkpt lat="51.273296" lon="8.597888">
        <ele>816.49</ele>
        <time>2026-08-11T00:48:09.1050000+00:00</time>
      </trkpt>
      <trkpt lat="51.273318" lon="8.597853">
        <ele>816.44</ele>
        <time>2026-08-11T00:48:10.1970000+00:00</time>
      </trkpt>
      <trkpt lat="51.273342" lon="8.597829">
        <ele>816.47</ele>
        <time>2026-08-11T00:48:11.1930000+00:00</time>
      </trkpt>
      <trkpt lat="51.273364" lon="8.597804">
        <ele>816.36</ele>
        <time>2026-08-11T00:48:12.1420000+00:00</time>
      </trkpt>
      <trkpt lat="51.273382" lon="8.597779">
        <ele>816.22</ele>
        <time>2026-08-11T00:48:12.9810000+00:00</time>
      </trkpt>
      <trkpt lat="51.273395" lon="8.59775">
        <ele>815.97</ele>
        <time>2026-08-11T00:48:13.7660000+00:00</time>
      </trkpt>
      <trkpt lat="51.2734" lon="8.597712">
        <ele>815.52</ele>
        <time>2026-08-11T00:48:14.6210000+00:00</time>
      </trkpt>
      <trkpt lat="51.273401" lon="8.597675">
        <ele>815.03</ele>
        <time>2026-08-11T00:48:15.4360000+00:00</time>
      </trkpt>
      <trkpt lat="51.27341" lon="8.597633">
        <ele>814.58</ele>
        <time>2026-08-11T00:48:16.4130000+00:00</time>
      </trkpt>
      <trkpt lat="51.273428" lon="8.597589">
        <ele>814.21</ele>
        <time>2026-08-11T00:48:17.5700000+00:00</time>
      </trkpt>
      <trkpt lat="51.273444" lon="8.597552">
        <ele>813.93</ele>
        <time>2026-08-11T00:48:18.5600000+00:00</time>
      </trkpt>
      <trkpt lat="51.27346" lon="8.597511">
        <ele>813.6</ele>
        <time>2026-08-11T00:48:19.6240000+00:00</time>
      </trkpt>
      <trkpt lat="51.273476" lon="8.597471">
        <ele>813.29</ele>
        <time>2026-08-11T00:48:20.6680000+00:00</time>
      </trkpt>
      <trkpt lat="51.273498" lon="8.597429">
        <ele>813.05</ele>
        <time>2026-08-11T00:48:21.8740000+00:00</time>
      </trkpt>
      <trkpt lat="51.273524" lon="8.597396">
        <ele>812.99</ele>
        <time>2026-08-11T00:48:23.0420000+00:00</time>
      </trkpt>
      <trkpt lat="51.273545" lon="8.597371">
        <ele>812.97</ele>
        <time>2026-08-11T00:48:23.9630000+00:00</time>
      </trkpt>
      <trkpt lat="51.273561" lon="8.597338">
        <ele>812.79</ele>
        <time>2026-08-11T00:48:24.8810000+00:00</time>
      </trkpt>
      <trkpt lat="51.273574" lon="8.597295">
        <ele>812.45</ele>
        <time>2026-08-11T00:48:25.9330000+00:00</time>
      </trkpt>
      <trkpt lat="51.27359" lon="8.597251">
        <ele>812.15</ele>
        <time>2026-08-11T00:48:27.0520000+00:00</time>
      </trkpt>
      <trkpt lat="51.273612" lon="8.597216">
        <ele>812.07</ele>
        <time>2026-08-11T00:48:28.1450000+00:00</time>
      </trkpt>
      <trkpt lat="51.273634" lon="8.597191">
        <ele>812.11</ele>
        <time>2026-08-11T00:48:29.0940000+00:00</time>
      </trkpt>
      <trkpt lat="51.273649" lon="8.597166">
        <ele>812.05</ele>
        <time>2026-08-11T00:48:29.8560000+00:00</time>
      </trkpt>
      <trkpt lat="51.273658" lon="8.597132">
        <ele>811.79</ele>
        <time>2026-08-11T00:48:30.6690000+00:00</time>
      </trkpt>
      <trkpt lat="51.273665" lon="8.59709">
        <ele>811.42</ele>
        <time>2026-08-11T00:48:31.6260000+00:00</time>
      </trkpt>
      <trkpt lat="51.273684" lon="8.59705">
        <ele>811.27</ele>
        <time>2026-08-11T00:48:32.7310000+00:00</time>
      </trkpt>
      <trkpt lat="51.273714" lon="8.597021">
        <ele>811.43</ele>
        <time>2026-08-11T00:48:33.9640000+00:00</time>
      </trkpt>
      <trkpt lat="51.273739" lon="8.597008">
        <ele>811.71</ele>
        <time>2026-08-11T00:48:34.8890000+00:00</time>
      </trkpt>
      <trkpt lat="51.273755" lon="8.597">
        <ele>811.87</ele>
        <time>2026-08-11T00:48:35.4790000+00:00</time>
      </trkpt>
      <trkpt lat="51.273766" lon="8.596992">
        <ele>811.9</ele>
        <time>2026-08-11T00:48:35.9040000+00:00</time>
      </trkpt>
      <trkpt lat="51.273776" lon="8.596978">
        <ele>811.81</ele>
        <time>2026-08-11T00:48:36.3720000+00:00</time>
      </trkpt>
      <trkpt lat="51.273787" lon="8.596961">
        <ele>811.68</ele>
        <time>2026-08-11T00:48:36.9110000+00:00</time>
      </trkpt>
      <trkpt lat="51.273796" lon="8.596942">
        <ele>811.48</ele>
        <time>2026-08-11T00:48:37.4340000+00:00</time>
      </trkpt>
      <trkpt lat="51.273806" lon="8.596924">
        <ele>811.31</ele>
        <time>2026-08-11T00:48:37.9650000+00:00</time>
      </trkpt>
      <trkpt lat="51.273817" lon="8.596907">
        <ele>811.19</ele>
        <time>2026-08-11T00:48:38.5030000+00:00</time>
      </trkpt>
      <trkpt lat="51.273828" lon="8.59689">
        <ele>811.06</ele>
        <time>2026-08-11T00:48:39.0410000+00:00</time>
      </trkpt>
      <trkpt lat="51.273841" lon="8.596874">
        <ele>810.99</ele>
        <time>2026-08-11T00:48:39.6170000+00:00</time>
      </trkpt>
      <trkpt lat="51.273852" lon="8.596858">
        <ele>810.89</ele>
        <time>2026-08-11T00:48:40.1390000+00:00</time>
      </trkpt>
      <trkpt lat="51.273862" lon="8.596841">
        <ele>810.75</ele>
        <time>2026-08-11T00:48:40.6520000+00:00</time>
      </trkpt>
      <trkpt lat="51.273872" lon="8.596818">
        <ele>810.51</ele>
        <time>2026-08-11T00:48:41.2670000+00:00</time>
      </trkpt>
      <trkpt lat="51.273882" lon="8.596789">
        <ele>810.15</ele>
        <time>2026-08-11T00:48:41.9960000+00:00</time>
      </trkpt>
      <trkpt lat="51.273891" lon="8.596764">
        <ele>809.86</ele>
        <time>2026-08-11T00:48:42.6300000+00:00</time>
      </trkpt>
      <trkpt lat="51.2739" lon="8.596744">
        <ele>809.65</ele>
        <time>2026-08-11T00:48:43.1720000+00:00</time>
      </trkpt>
      <trkpt lat="51.273913" lon="8.596729">
        <ele>809.62</ele>
        <time>2026-08-11T00:48:43.7370000+00:00</time>
      </trkpt>
      <trkpt lat="51.273927" lon="8.596718">
        <ele>809.67</ele>
        <time>2026-08-11T00:48:44.2860000+00:00</time>
      </trkpt>
      <trkpt lat="51.273943" lon="8.59671">
        <ele>809.79</ele>
        <time>2026-08-11T00:48:44.8760000+00:00</time>
      </trkpt>
      <trkpt lat="51.273958" lon="8.596702">
        <ele>809.83</ele>
        <time>2026-08-11T00:48:45.4330000+00:00</time>
      </trkpt>
      <trkpt lat="51.273973" lon="8.596695">
        <ele>809.9</ele>
        <time>2026-08-11T00:48:45.9840000+00:00</time>
      </trkpt>
      <trkpt lat="51.273987" lon="8.596687">
        <ele>809.93</ele>
        <time>2026-08-11T00:48:46.5080000+00:00</time>
      </trkpt>
      <trkpt lat="51.274004" lon="8.596678">
        <ele>809.99</ele>
        <time>2026-08-11T00:48:47.1380000+00:00</time>
      </trkpt>
      <trkpt lat="51.274018" lon="8.596668">
        <ele>809.99</ele>
        <time>2026-08-11T00:48:47.6780000+00:00</time>
      </trkpt>
      <trkpt lat="51.27403" lon="8.596658">
        <ele>809.97</ele>
        <time>2026-08-11T00:48:48.1530000+00:00</time>
      </trkpt>
      <trkpt lat="51.274045" lon="8.596641">
        <ele>809.86</ele>
        <time>2026-08-11T00:48:48.7990000+00:00</time>
      </trkpt>
      <trkpt lat="51.274061" lon="8.596617">
        <ele>809.65</ele>
        <time>2026-08-11T00:48:49.5710000+00:00</time>
      </trkpt>
      <trkpt lat="51.274078" lon="8.596589">
        <ele>809.39</ele>
        <time>2026-08-11T00:48:50.4300000+00:00</time>
      </trkpt>
      <trkpt lat="51.274096" lon="8.596567">
        <ele>809.25</ele>
        <time>2026-08-11T00:48:51.2280000+00:00</time>
      </trkpt>
      <trkpt lat="51.274113" lon="8.596553">
        <ele>809.24</ele>
        <time>2026-08-11T00:48:51.9010000+00:00</time>
      </trkpt>
      <trkpt lat="51.274127" lon="8.596543">
        <ele>809.26</ele>
        <time>2026-08-11T00:48:52.4400000+00:00</time>
      </trkpt>
      <trkpt lat="51.274141" lon="8.596529">
        <ele>809.21</ele>
        <time>2026-08-11T00:48:53.0210000+00:00</time>
      </trkpt>
      <trkpt lat="51.274155" lon="8.596509">
        <ele>809.07</ele>
        <time>2026-08-11T00:48:53.6810000+00:00</time>
      </trkpt>
      <trkpt lat="51.274171" lon="8.596486">
        <ele>808.9</ele>
        <time>2026-08-11T00:48:54.4380000+00:00</time>
      </trkpt>
      <trkpt lat="51.274187" lon="8.596459">
        <ele>808.68</ele>
        <time>2026-08-11T00:48:55.2560000+00:00</time>
      </trkpt>
      <trkpt lat="51.274204" lon="8.596434">
        <ele>808.5</ele>
        <time>2026-08-11T00:48:56.0680000+00:00</time>
      </trkpt>
      <trkpt lat="51.274218" lon="8.596415">
        <ele>808.39</ele>
        <time>2026-08-11T00:48:56.7140000+00:00</time>
      </trkpt>
      <trkpt lat="51.274229" lon="8.596403">
        <ele>808.35</ele>
        <time>2026-08-11T00:48:57.1830000+00:00</time>
      </trkpt>
      <trkpt lat="51.274241" lon="8.596386">
        <ele>808.24</ele>
        <time>2026-08-11T00:48:57.7470000+00:00</time>
      </trkpt>
      <trkpt lat="51.274253" lon="8.596371">
        <ele>808.17</ele>
        <time>2026-08-11T00:48:58.2820000+00:00</time>
      </trkpt>
      <trkpt lat="51.274265" lon="8.596357">
        <ele>808.12</ele>
        <time>2026-08-11T00:48:58.8060000+00:00</time>
      </trkpt>
      <trkpt lat="51.274277" lon="8.596344">
        <ele>808.08</ele>
        <time>2026-08-11T00:48:59.3160000+00:00</time>
      </trkpt>
      <trkpt lat="51.274288" lon="8.59633">
        <ele>808.02</ele>
        <time>2026-08-11T00:48:59.8110000+00:00</time>
      </trkpt>
      <trkpt lat="51.274302" lon="8.596314">
        <ele>807.97</ele>
        <time>2026-08-11T00:49:00.4160000+00:00</time>
      </trkpt>
      <trkpt lat="51.274315" lon="8.596298">
        <ele>807.91</ele>
        <time>2026-08-11T00:49:00.9940000+00:00</time>
      </trkpt>
      <trkpt lat="51.274329" lon="8.596284">
        <ele>807.9</ele>
        <time>2026-08-11T00:49:01.5750000+00:00</time>
      </trkpt>
      <trkpt lat="51.274343" lon="8.59627">
        <ele>807.89</ele>
        <time>2026-08-11T00:49:02.1560000+00:00</time>
      </trkpt>
      <trkpt lat="51.274355" lon="8.596256">
        <ele>807.85</ele>
        <time>2026-08-11T00:49:02.6790000+00:00</time>
      </trkpt>
      <trkpt lat="51.274371" lon="8.596235">
        <ele>807.77</ele>
        <time>2026-08-11T00:49:03.4080000+00:00</time>
      </trkpt>
      <trkpt lat="51.274393" lon="8.596208">
        <ele>807.68</ele>
        <time>2026-08-11T00:49:04.3830000+00:00</time>
      </trkpt>
      <trkpt lat="51.274411" lon="8.596177">
        <ele>807.49</ele>
        <time>2026-08-11T00:49:05.3140000+00:00</time>
      </trkpt>
      <trkpt lat="51.274426" lon="8.596143">
        <ele>807.09</ele>
        <time>2026-08-11T00:49:06.2300000+00:00</time>
      </trkpt>
      <trkpt lat="51.274445" lon="8.596102">
        <ele>806.61</ele>
        <time>2026-08-11T00:49:07.3520000+00:00</time>
      </trkpt>
      <trkpt lat="51.274466" lon="8.596063">
        <ele>806.21</ele>
        <time>2026-08-11T00:49:08.4850000+00:00</time>
      </trkpt>
      <trkpt lat="51.27449" lon="8.596032">
        <ele>806.02</ele>
        <time>2026-08-11T00:49:09.5700000+00:00</time>
      </trkpt>
      <trkpt lat="51.274517" lon="8.59601">
        <ele>806.05</ele>
        <time>2026-08-11T00:49:10.6370000+00:00</time>
      </trkpt>
      <trkpt lat="51.274542" lon="8.595994">
        <ele>806.18</ele>
        <time>2026-08-11T00:49:11.5840000+00:00</time>
      </trkpt>
      <trkpt lat="51.274567" lon="8.595981">
        <ele>806.36</ele>
        <time>2026-08-11T00:49:12.5090000+00:00</time>
      </trkpt>
      <trkpt lat="51.274591" lon="8.595973">
        <ele>806.62</ele>
        <time>2026-08-11T00:49:13.3720000+00:00</time>
      </trkpt>
      <trkpt lat="51.274613" lon="8.595967">
        <ele>806.89</ele>
        <time>2026-08-11T00:49:14.1570000+00:00</time>
      </trkpt>
      <trkpt lat="51.27463" lon="8.595958">
        <ele>807.02</ele>
        <time>2026-08-11T00:49:14.7870000+00:00</time>
      </trkpt>
      <trkpt lat="51.274644" lon="8.595948">
        <ele>807.08</ele>
        <time>2026-08-11T00:49:15.3270000+00:00</time>
      </trkpt>
      <trkpt lat="51.27466" lon="8.595937">
        <ele>807.16</ele>
        <time>2026-08-11T00:49:15.9400000+00:00</time>
      </trkpt>
      <trkpt lat="51.274676" lon="8.595922">
        <ele>807.18</ele>
        <time>2026-08-11T00:49:16.5930000+00:00</time>
      </trkpt>
      <trkpt lat="51.274692" lon="8.59591">
        <ele>807.25</ele>
        <time>2026-08-11T00:49:17.2140000+00:00</time>
      </trkpt>
      <trkpt lat="51.274706" lon="8.595901">
        <ele>807.34</ele>
        <time>2026-08-11T00:49:17.7440000+00:00</time>
      </trkpt>
      <trkpt lat="51.274721" lon="8.595891">
        <ele>807.43</ele>
        <time>2026-08-11T00:49:18.3160000+00:00</time>
      </trkpt>
      <trkpt lat="51.274735" lon="8.59588">
        <ele>807.49</ele>
        <time>2026-08-11T00:49:18.8650000+00:00</time>
      </trkpt>
      <trkpt lat="51.274747" lon="8.595867">
        <ele>807.48</ele>
        <time>2026-08-11T00:49:19.3750000+00:00</time>
      </trkpt>
      <trkpt lat="51.274757" lon="8.595856">
        <ele>807.47</ele>
        <time>2026-08-11T00:49:19.8010000+00:00</time>
      </trkpt>
      <trkpt lat="51.274769" lon="8.595842">
        <ele>807.45</ele>
        <time>2026-08-11T00:49:20.3250000+00:00</time>
      </trkpt>
      <trkpt lat="51.274782" lon="8.595827">
        <ele>807.39</ele>
        <time>2026-08-11T00:49:20.8890000+00:00</time>
      </trkpt>
      <trkpt lat="51.274793" lon="8.595809">
        <ele>807.24</ele>
        <time>2026-08-11T00:49:21.4430000+00:00</time>
      </trkpt>
      <trkpt lat="51.274803" lon="8.595787">
        <ele>807.02</ele>
        <time>2026-08-11T00:49:22.0410000+00:00</time>
      </trkpt>
      <trkpt lat="51.27481" lon="8.595763">
        <ele>806.72</ele>
        <time>2026-08-11T00:49:22.6230000+00:00</time>
      </trkpt>
      <trkpt lat="51.274816" lon="8.595739">
        <ele>806.41</ele>
        <time>2026-08-11T00:49:23.1920000+00:00</time>
      </trkpt>
      <trkpt lat="51.274822" lon="8.595714">
        <ele>806.08</ele>
        <time>2026-08-11T00:49:23.7820000+00:00</time>
      </trkpt>
      <trkpt lat="51.274829" lon="8.59569">
        <ele>805.79</ele>
        <time>2026-08-11T00:49:24.3640000+00:00</time>
      </trkpt>
      <trkpt lat="51.274836" lon="8.595667">
        <ele>805.51</ele>
        <time>2026-08-11T00:49:24.9280000+00:00</time>
      </trkpt>
      <trkpt lat="51.274843" lon="8.595643">
        <ele>805.22</ele>
        <time>2026-08-11T00:49:25.5110000+00:00</time>
      </trkpt>
      <trkpt lat="51.274852" lon="8.595622">
        <ele>805.02</ele>
        <time>2026-08-11T00:49:26.0720000+00:00</time>
      </trkpt>
      <trkpt lat="51.27486" lon="8.595604">
        <ele>804.84</ele>
        <time>2026-08-11T00:49:26.5580000+00:00</time>
      </trkpt>
      <trkpt lat="51.274866" lon="8.595583">
        <ele>804.59</ele>
        <time>2026-08-11T00:49:27.0660000+00:00</time>
      </trkpt>
      <trkpt lat="51.274876" lon="8.595562">
        <ele>804.41</ele>
        <time>2026-08-11T00:49:27.6470000+00:00</time>
      </trkpt>
      <trkpt lat="51.274886" lon="8.595541">
        <ele>804.22</ele>
        <time>2026-08-11T00:49:28.2280000+00:00</time>
      </trkpt>
      <trkpt lat="51.274895" lon="8.595521">
        <ele>804.04</ele>
        <time>2026-08-11T00:49:28.7700000+00:00</time>
      </trkpt>
      <trkpt lat="51.274902" lon="8.5955">
        <ele>803.82</ele>
        <time>2026-08-11T00:49:29.2950000+00:00</time>
      </trkpt>
      <trkpt lat="51.274909" lon="8.595476">
        <ele>803.54</ele>
        <time>2026-08-11T00:49:29.8780000+00:00</time>
      </trkpt>
      <trkpt lat="51.274916" lon="8.595452">
        <ele>803.27</ele>
        <time>2026-08-11T00:49:30.4600000+00:00</time>
      </trkpt>
      <trkpt lat="51.274923" lon="8.59543">
        <ele>803.03</ele>
        <time>2026-08-11T00:49:31.0040000+00:00</time>
      </trkpt>
      <trkpt lat="51.27493" lon="8.595409">
        <ele>802.81</ele>
        <time>2026-08-11T00:49:31.5280000+00:00</time>
      </trkpt>
      <trkpt lat="51.274939" lon="8.595388">
        <ele>802.63</ele>
        <time>2026-08-11T00:49:32.0880000+00:00</time>
      </trkpt>
      <trkpt lat="51.274949" lon="8.595366">
        <ele>802.45</ele>
        <time>2026-08-11T00:49:32.6870000+00:00</time>
      </trkpt>
      <trkpt lat="51.27496" lon="8.595347">
        <ele>802.33</ele>
        <time>2026-08-11T00:49:33.2560000+00:00</time>
      </trkpt>
      <trkpt lat="51.27497" lon="8.595328">
        <ele>802.2</ele>
        <time>2026-08-11T00:49:33.8010000+00:00</time>
      </trkpt>
      <trkpt lat="51.274981" lon="8.595311">
        <ele>802.13</ele>
        <time>2026-08-11T00:49:34.3400000+00:00</time>
      </trkpt>
      <trkpt lat="51.274993" lon="8.595294">
        <ele>802.07</ele>
        <time>2026-08-11T00:49:34.9040000+00:00</time>
      </trkpt>
      <trkpt lat="51.275005" lon="8.595276">
        <ele>802</ele>
        <time>2026-08-11T00:49:35.4820000+00:00</time>
      </trkpt>
      <trkpt lat="51.275016" lon="8.595255">
        <ele>801.86</ele>
        <time>2026-08-11T00:49:36.0850000+00:00</time>
      </trkpt>
      <trkpt lat="51.275021" lon="8.595231">
        <ele>801.58</ele>
        <time>2026-08-11T00:49:36.6420000+00:00</time>
      </trkpt>
      <trkpt lat="51.275016" lon="8.595208">
        <ele>801.15</ele>
        <time>2026-08-11T00:49:37.1780000+00:00</time>
      </trkpt>
      <trkpt lat="51.275002" lon="8.595191">
        <ele>800.65</ele>
        <time>2026-08-11T00:49:37.7960000+00:00</time>
      </trkpt>
      <trkpt lat="51.274985" lon="8.595186">
        <ele>800.28</ele>
        <time>2026-08-11T00:49:38.4040000+00:00</time>
      </trkpt>
      <trkpt lat="51.274969" lon="8.595188">
        <ele>800.04</ele>
        <time>2026-08-11T00:49:38.9690000+00:00</time>
      </trkpt>
      <trkpt lat="51.274952999999996" lon="8.595195">
        <ele>799.88</ele>
        <time>2026-08-11T00:49:39.5530000+00:00</time>
      </trkpt>
      <trkpt lat="51.274938" lon="8.595204">
        <ele>799.76</ele>
        <time>2026-08-11T00:49:40.1160000+00:00</time>
      </trkpt>
      <trkpt lat="51.274925" lon="8.595214">
        <ele>799.69</ele>
        <time>2026-08-11T00:49:40.6240000+00:00</time>
      </trkpt>
      <trkpt lat="51.274911" lon="8.595225">
        <ele>799.62</ele>
        <time>2026-08-11T00:49:41.1730000+00:00</time>
      </trkpt>
      <trkpt lat="51.274896" lon="8.595235">
        <ele>799.52</ele>
        <time>2026-08-11T00:49:41.7450000+00:00</time>
      </trkpt>
      <trkpt lat="51.274882" lon="8.595242">
        <ele>799.39</ele>
        <time>2026-08-11T00:49:42.2620000+00:00</time>
      </trkpt>
      <trkpt lat="51.274868" lon="8.595251">
        <ele>799.3</ele>
        <time>2026-08-11T00:49:42.7940000+00:00</time>
      </trkpt>
      <trkpt lat="51.274855" lon="8.595259">
        <ele>799.2</ele>
        <time>2026-08-11T00:49:43.2840000+00:00</time>
      </trkpt>
      <trkpt lat="51.274842" lon="8.59527">
        <ele>799.15</ele>
        <time>2026-08-11T00:49:43.8030000+00:00</time>
      </trkpt>
      <trkpt lat="51.274829" lon="8.595283">
        <ele>799.13</ele>
        <time>2026-08-11T00:49:44.3420000+00:00</time>
      </trkpt>
      <trkpt lat="51.274817" lon="8.595295">
        <ele>799.12</ele>
        <time>2026-08-11T00:49:44.8400000+00:00</time>
      </trkpt>
      <trkpt lat="51.274807" lon="8.595306">
        <ele>799.12</ele>
        <time>2026-08-11T00:49:45.2670000+00:00</time>
      </trkpt>
      <trkpt lat="51.274796" lon="8.595316">
        <ele>799.09</ele>
        <time>2026-08-11T00:49:45.7120000+00:00</time>
      </trkpt>
      <trkpt lat="51.274785" lon="8.595329">
        <ele>799.11</ele>
        <time>2026-08-11T00:49:46.1940000+00:00</time>
      </trkpt>
      <trkpt lat="51.274773" lon="8.595344">
        <ele>799.15</ele>
        <time>2026-08-11T00:49:46.7290000+00:00</time>
      </trkpt>
      <trkpt lat="51.274761" lon="8.595358">
        <ele>799.13</ele>
        <time>2026-08-11T00:49:47.2530000+00:00</time>
      </trkpt>
      <trkpt lat="51.274752" lon="8.595369">
        <ele>799.13</ele>
        <time>2026-08-11T00:49:47.6530000+00:00</time>
      </trkpt>
      <trkpt lat="51.274741" lon="8.595382">
        <ele>799.11</ele>
        <time>2026-08-11T00:49:48.1350000+00:00</time>
      </trkpt>
      <trkpt lat="51.274731" lon="8.595393">
        <ele>799.09</ele>
        <time>2026-08-11T00:49:48.5620000+00:00</time>
      </trkpt>
      <trkpt lat="51.274718" lon="8.595401">
        <ele>798.95</ele>
        <time>2026-08-11T00:49:49.0520000+00:00</time>
      </trkpt>
      <trkpt lat="51.274705" lon="8.595396">
        <ele>798.59</ele>
        <time>2026-08-11T00:49:49.5230000+00:00</time>
      </trkpt>
      <trkpt lat="51.274697" lon="8.595381">
        <ele>798.16</ele>
        <time>2026-08-11T00:49:49.9560000+00:00</time>
      </trkpt>
      <trkpt lat="51.274696" lon="8.595361">
        <ele>797.79</ele>
        <time>2026-08-11T00:49:50.3970000+00:00</time>
      </trkpt>
      <trkpt lat="51.274701" lon="8.595342">
        <ele>797.57</ele>
        <time>2026-08-11T00:49:50.8510000+00:00</time>
      </trkpt>
      <trkpt lat="51.274705" lon="8.595322">
        <ele>797.34</ele>
        <time>2026-08-11T00:49:51.3140000+00:00</time>
      </trkpt>
      <trkpt lat="51.274711" lon="8.595306">
        <ele>797.21</ele>
        <time>2026-08-11T00:49:51.7250000+00:00</time>
      </trkpt>
      <trkpt lat="51.274719" lon="8.59529">
        <ele>797.14</ele>
        <time>2026-08-11T00:49:52.1760000+00:00</time>
      </trkpt>
      <trkpt lat="51.274725" lon="8.595276">
        <ele>797.05</ele>
        <time>2026-08-11T00:49:52.5490000+00:00</time>
      </trkpt>
      <trkpt lat="51.274733" lon="8.595263">
        <ele>797.02</ele>
        <time>2026-08-11T00:49:52.9520000+00:00</time>
      </trkpt>
      <trkpt lat="51.274743" lon="8.595247">
        <ele>796.99</ele>
        <time>2026-08-11T00:49:53.4510000+00:00</time>
      </trkpt>
      <trkpt lat="51.274752" lon="8.595235">
        <ele>796.99</ele>
        <time>2026-08-11T00:49:53.8620000+00:00</time>
      </trkpt>
      <trkpt lat="51.27476" lon="8.595223">
        <ele>796.98</ele>
        <time>2026-08-11T00:49:54.2490000+00:00</time>
      </trkpt>
      <trkpt lat="51.274766" lon="8.595213">
        <ele>796.95</ele>
        <time>2026-08-11T00:49:54.5530000+00:00</time>
      </trkpt>
      <trkpt lat="51.274773" lon="8.5952">
        <ele>796.89</ele>
        <time>2026-08-11T00:49:54.9300000+00:00</time>
      </trkpt>
      <trkpt lat="51.27478" lon="8.595177">
        <ele>796.65</ele>
        <time>2026-08-11T00:49:55.4940000+00:00</time>
      </trkpt>
      <trkpt lat="51.274788" lon="8.595154">
        <ele>796.43</ele>
        <time>2026-08-11T00:49:56.0730000+00:00</time>
      </trkpt>
      <trkpt lat="51.274799" lon="8.595122">
        <ele>796.12</ele>
        <time>2026-08-11T00:49:56.8770000+00:00</time>
      </trkpt>
      <trkpt lat="51.274812" lon="8.595091">
        <ele>795.86</ele>
        <time>2026-08-11T00:49:57.6980000+00:00</time>
      </trkpt>
      <trkpt lat="51.274826" lon="8.595056">
        <ele>795.56</ele>
        <time>2026-08-11T00:49:58.6120000+00:00</time>
      </trkpt>
      <trkpt lat="51.27484" lon="8.595011">
        <ele>795.1</ele>
        <time>2026-08-11T00:49:59.7180000+00:00</time>
      </trkpt>
      <trkpt lat="51.274855" lon="8.594963">
        <ele>794.61</ele>
        <time>2026-08-11T00:50:00.8990000+00:00</time>
      </trkpt>
      <trkpt lat="51.27488" lon="8.594921">
        <ele>794.4</ele>
        <time>2026-08-11T00:50:02.1750000+00:00</time>
      </trkpt>
      <trkpt lat="51.274905" lon="8.59489">
        <ele>794.36</ele>
        <time>2026-08-11T00:50:03.2880000+00:00</time>
      </trkpt>
      <trkpt lat="51.274926" lon="8.59486">
        <ele>794.26</ele>
        <time>2026-08-11T00:50:04.2790000+00:00</time>
      </trkpt>
      <trkpt lat="51.27494" lon="8.59483">
        <ele>794.05</ele>
        <time>2026-08-11T00:50:05.1020000+00:00</time>
      </trkpt>
      <trkpt lat="51.274959" lon="8.594798">
        <ele>793.89</ele>
        <time>2026-08-11T00:50:06.0730000+00:00</time>
      </trkpt>
      <trkpt lat="51.274978" lon="8.594768">
        <ele>793.76</ele>
        <time>2026-08-11T00:50:07.0130000+00:00</time>
      </trkpt>
      <trkpt lat="51.274995" lon="8.59474">
        <ele>793.63</ele>
        <time>2026-08-11T00:50:07.8720000+00:00</time>
      </trkpt>
      <trkpt lat="51.275014" lon="8.594701">
        <ele>793.38</ele>
        <time>2026-08-11T00:50:08.9600000+00:00</time>
      </trkpt>
      <trkpt lat="51.275034" lon="8.594656">
        <ele>793.04</ele>
        <time>2026-08-11T00:50:10.1740000+00:00</time>
      </trkpt>
      <trkpt lat="51.275052" lon="8.594615">
        <ele>792.74</ele>
        <time>2026-08-11T00:50:11.2770000+00:00</time>
      </trkpt>
      <trkpt lat="51.275074" lon="8.59457">
        <ele>792.45</ele>
        <time>2026-08-11T00:50:12.5340000+00:00</time>
      </trkpt>
      <trkpt lat="51.275098" lon="8.59453">
        <ele>792.28</ele>
        <time>2026-08-11T00:50:13.7540000+00:00</time>
      </trkpt>
      <trkpt lat="51.275123" lon="8.594495">
        <ele>792.2</ele>
        <time>2026-08-11T00:50:14.9230000+00:00</time>
      </trkpt>
      <trkpt lat="51.275145" lon="8.594458">
        <ele>792.07</ele>
        <time>2026-08-11T00:50:16.0460000+00:00</time>
      </trkpt>
      <trkpt lat="51.275164" lon="8.594418">
        <ele>791.83</ele>
        <time>2026-08-11T00:50:17.1520000+00:00</time>
      </trkpt>
      <trkpt lat="51.275186" lon="8.594377">
        <ele>791.64</ele>
        <time>2026-08-11T00:50:18.3400000+00:00</time>
      </trkpt>
      <trkpt lat="51.27521" lon="8.594342">
        <ele>791.57</ele>
        <time>2026-08-11T00:50:19.4830000+00:00</time>
      </trkpt>
      <trkpt lat="51.27523" lon="8.594307">
        <ele>791.42</ele>
        <time>2026-08-11T00:50:20.5260000+00:00</time>
      </trkpt>
      <trkpt lat="51.275247" lon="8.59427">
        <ele>791.19</ele>
        <time>2026-08-11T00:50:21.5370000+00:00</time>
      </trkpt>
      <trkpt lat="51.275259" lon="8.594226">
        <ele>790.78</ele>
        <time>2026-08-11T00:50:22.5930000+00:00</time>
      </trkpt>
      <trkpt lat="51.275276" lon="8.594174">
        <ele>790.33</ele>
        <time>2026-08-11T00:50:23.8840000+00:00</time>
      </trkpt>
      <trkpt lat="51.275306" lon="8.594123">
        <ele>790.14</ele>
        <time>2026-08-11T00:50:25.4250000+00:00</time>
      </trkpt>
      <trkpt lat="51.275341" lon="8.594087">
        <ele>790.25</ele>
        <time>2026-08-11T00:50:26.8900000+00:00</time>
      </trkpt>
      <trkpt lat="51.27538" lon="8.59406">
        <ele>790.56</ele>
        <time>2026-08-11T00:50:28.3850000+00:00</time>
      </trkpt>
      <trkpt lat="51.275417" lon="8.594035">
        <ele>790.87</ele>
        <time>2026-08-11T00:50:29.7980000+00:00</time>
      </trkpt>
      <trkpt lat="51.275455" lon="8.594012">
        <ele>791.22</ele>
        <time>2026-08-11T00:50:31.2280000+00:00</time>
      </trkpt>
      <trkpt lat="51.27548" lon="8.593988">
        <ele>791.33</ele>
        <time>2026-08-11T00:50:32.2530000+00:00</time>
      </trkpt>
      <trkpt lat="51.275501" lon="8.593955">
        <ele>791.23</ele>
        <time>2026-08-11T00:50:33.2890000+00:00</time>
      </trkpt>
      <trkpt lat="51.275526" lon="8.593913">
        <ele>791.08</ele>
        <time>2026-08-11T00:50:34.5650000+00:00</time>
      </trkpt>
      <trkpt lat="51.275554" lon="8.593875">
        <ele>791.03</ele>
        <time>2026-08-11T00:50:35.8570000+00:00</time>
      </trkpt>
      <trkpt lat="51.275586" lon="8.593836">
        <ele>791.05</ele>
        <time>2026-08-11T00:50:37.2720000+00:00</time>
      </trkpt>
      <trkpt lat="51.275625" lon="8.593804">
        <ele>791.18</ele>
        <time>2026-08-11T00:50:38.8150000+00:00</time>
      </trkpt>
      <trkpt lat="51.275661" lon="8.593781">
        <ele>791.32</ele>
        <time>2026-08-11T00:50:40.1790000+00:00</time>
      </trkpt>
      <trkpt lat="51.275693" lon="8.593756">
        <ele>791.38</ele>
        <time>2026-08-11T00:50:41.4320000+00:00</time>
      </trkpt>
      <trkpt lat="51.275717" lon="8.593723">
        <ele>791.22</ele>
        <time>2026-08-11T00:50:42.5460000+00:00</time>
      </trkpt>
      <trkpt lat="51.275738" lon="8.593682">
        <ele>790.92</ele>
        <time>2026-08-11T00:50:43.7120000+00:00</time>
      </trkpt>
      <trkpt lat="51.275764" lon="8.593641">
        <ele>790.72</ele>
        <time>2026-08-11T00:50:44.9970000+00:00</time>
      </trkpt>
      <trkpt lat="51.275786" lon="8.59361">
        <ele>790.62</ele>
        <time>2026-08-11T00:50:46.0290000+00:00</time>
      </trkpt>
      <trkpt lat="51.275805" lon="8.593577">
        <ele>790.46</ele>
        <time>2026-08-11T00:50:47.0160000+00:00</time>
      </trkpt>
      <trkpt lat="51.275825" lon="8.593532">
        <ele>790.16</ele>
        <time>2026-08-11T00:50:48.2300000+00:00</time>
      </trkpt>
      <trkpt lat="51.275845" lon="8.593494">
        <ele>789.96</ele>
        <time>2026-08-11T00:50:49.3230000+00:00</time>
      </trkpt>
      <trkpt lat="51.275865" lon="8.593467">
        <ele>789.9</ele>
        <time>2026-08-11T00:50:50.2440000+00:00</time>
      </trkpt>
      <trkpt lat="51.275879" lon="8.59344">
        <ele>789.76</ele>
        <time>2026-08-11T00:50:51.0160000+00:00</time>
      </trkpt>
      <trkpt lat="51.275881" lon="8.593412">
        <ele>789.44</ele>
        <time>2026-08-11T00:50:51.6360000+00:00</time>
      </trkpt>
      <trkpt lat="51.275868" lon="8.593391">
        <ele>788.99</ele>
        <time>2026-08-11T00:50:52.2860000+00:00</time>
      </trkpt>
      <trkpt lat="51.275843" lon="8.593391">
        <ele>788.64</ele>
        <time>2026-08-11T00:50:53.1650000+00:00</time>
      </trkpt>
      <trkpt lat="51.275818" lon="8.593408">
        <ele>788.51</ele>
        <time>2026-08-11T00:50:54.1210000+00:00</time>
      </trkpt>
      <trkpt lat="51.275792" lon="8.593426">
        <ele>788.37</ele>
        <time>2026-08-11T00:50:55.1170000+00:00</time>
      </trkpt>
      <trkpt lat="51.275766" lon="8.5934449999999991">
        <ele>788.25</ele>
        <time>2026-08-11T00:50:56.1230000+00:00</time>
      </trkpt>
      <trkpt lat="51.275733" lon="8.593463">
        <ele>788.03</ele>
        <time>2026-08-11T00:50:57.3500000+00:00</time>
      </trkpt>
      <trkpt lat="51.275695" lon="8.593493">
        <ele>787.89</ele>
        <time>2026-08-11T00:50:58.8410000+00:00</time>
      </trkpt>
      <trkpt lat="51.275662" lon="8.593531">
        <ele>787.93</ele>
        <time>2026-08-11T00:51:00.2720000+00:00</time>
      </trkpt>
      <trkpt lat="51.275633" lon="8.59356">
        <ele>787.92</ele>
        <time>2026-08-11T00:51:01.4750000+00:00</time>
      </trkpt>
      <trkpt lat="51.275606" lon="8.593578">
        <ele>787.79</ele>
        <time>2026-08-11T00:51:02.5040000+00:00</time>
      </trkpt>
      <trkpt lat="51.275576" lon="8.593597">
        <ele>787.5</ele>
        <time>2026-08-11T00:51:03.6390000+00:00</time>
      </trkpt>
      <trkpt lat="51.275544" lon="8.593624">
        <ele>787.28</ele>
        <time>2026-08-11T00:51:04.9120000+00:00</time>
      </trkpt>
      <trkpt lat="51.275514" lon="8.59365">
        <ele>787.09</ele>
        <time>2026-08-11T00:51:06.1130000+00:00</time>
      </trkpt>
      <trkpt lat="51.275479" lon="8.593672">
        <ele>786.76</ele>
        <time>2026-08-11T00:51:07.4360000+00:00</time>
      </trkpt>
      <trkpt lat="51.275437" lon="8.5937">
        <ele>786.4</ele>
        <time>2026-08-11T00:51:09.0370000+00:00</time>
      </trkpt>
      <trkpt lat="51.2754" lon="8.593731">
        <ele>786.18</ele>
        <time>2026-08-11T00:51:10.5070000+00:00</time>
      </trkpt>
      <trkpt lat="51.275362" lon="8.593766">
        <ele>786</ele>
        <time>2026-08-11T00:51:12.0490000+00:00</time>
      </trkpt>
      <trkpt lat="51.27533" lon="8.593785">
        <ele>785.7</ele>
        <time>2026-08-11T00:51:13.2500000+00:00</time>
      </trkpt>
      <trkpt lat="51.2753" lon="8.59379">
        <ele>785.23</ele>
        <time>2026-08-11T00:51:14.3110000+00:00</time>
      </trkpt>
      <trkpt lat="51.275268" lon="8.593793">
        <ele>784.7</ele>
        <time>2026-08-11T00:51:15.4390000+00:00</time>
      </trkpt>
      <trkpt lat="51.275233" lon="8.593802">
        <ele>784.2</ele>
        <time>2026-08-11T00:51:16.6860000+00:00</time>
      </trkpt>
      <trkpt lat="51.275209" lon="8.593817">
        <ele>783.98</ele>
        <time>2026-08-11T00:51:17.5920000+00:00</time>
      </trkpt>
      <trkpt lat="51.275189" lon="8.593832">
        <ele>783.84</ele>
        <time>2026-08-11T00:51:18.3700000+00:00</time>
      </trkpt>
      <trkpt lat="51.275173" lon="8.593833">
        <ele>783.56</ele>
        <time>2026-08-11T00:51:18.9320000+00:00</time>
      </trkpt>
      <trkpt lat="51.275165" lon="8.593814">
        <ele>783.14</ele>
        <time>2026-08-11T00:51:19.4350000+00:00</time>
      </trkpt>
      <trkpt lat="51.275167" lon="8.593788">
        <ele>782.81</ele>
        <time>2026-08-11T00:51:20.0110000+00:00</time>
      </trkpt>
      <trkpt lat="51.27518" lon="8.593765">
        <ele>782.71</ele>
        <time>2026-08-11T00:51:20.6940000+00:00</time>
      </trkpt>
      <trkpt lat="51.275198" lon="8.593753">
        <ele>782.86</ele>
        <time>2026-08-11T00:51:21.3800000+00:00</time>
      </trkpt>
      <trkpt lat="51.275219" lon="8.593736">
        <ele>782.99</ele>
        <time>2026-08-11T00:51:22.2080000+00:00</time>
      </trkpt>
      <trkpt lat="51.275242" lon="8.593712">
        <ele>783.06</ele>
        <time>2026-08-11T00:51:23.1740000+00:00</time>
      </trkpt>
      <trkpt lat="51.275269" lon="8.593682">
        <ele>783.12</ele>
        <time>2026-08-11T00:51:24.3310000+00:00</time>
      </trkpt>
      <trkpt lat="51.275299" lon="8.593648">
        <ele>783.16</ele>
        <time>2026-08-11T00:51:25.6250000+00:00</time>
      </trkpt>
      <trkpt lat="51.27533" lon="8.593616">
        <ele>783.26</ele>
        <time>2026-08-11T00:51:26.9230000+00:00</time>
      </trkpt>
      <trkpt lat="51.275352" lon="8.593583">
        <ele>783.19</ele>
        <time>2026-08-11T00:51:27.9850000+00:00</time>
      </trkpt>
      <trkpt lat="51.275368" lon="8.593541">
        <ele>782.89</ele>
        <time>2026-08-11T00:51:29.0670000+00:00</time>
      </trkpt>
      <trkpt lat="51.27539" lon="8.593497">
        <ele>782.68</ele>
        <time>2026-08-11T00:51:30.3070000+00:00</time>
      </trkpt>
      <trkpt lat="51.275414" lon="8.593458">
        <ele>782.58</ele>
        <time>2026-08-11T00:51:31.5100000+00:00</time>
      </trkpt>
      <trkpt lat="51.275434" lon="8.593418">
        <ele>782.4</ele>
        <time>2026-08-11T00:51:32.6370000+00:00</time>
      </trkpt>
      <trkpt lat="51.275459" lon="8.593375">
        <ele>782.29</ele>
        <time>2026-08-11T00:51:33.9290000+00:00</time>
      </trkpt>
      <trkpt lat="51.275489" lon="8.593343">
        <ele>782.43</ele>
        <time>2026-08-11T00:51:35.1970000+00:00</time>
      </trkpt>
      <trkpt lat="51.275516" lon="8.593315">
        <ele>782.57</ele>
        <time>2026-08-11T00:51:36.3300000+00:00</time>
      </trkpt>
      <trkpt lat="51.275537" lon="8.593284">
        <ele>782.56</ele>
        <time>2026-08-11T00:51:37.3350000+00:00</time>
      </trkpt>
      <trkpt lat="51.275557" lon="8.593249">
        <ele>782.49</ele>
        <time>2026-08-11T00:51:38.3780000+00:00</time>
      </trkpt>
      <trkpt lat="51.275579" lon="8.593209">
        <ele>782.39</ele>
        <time>2026-08-11T00:51:39.5500000+00:00</time>
      </trkpt>
      <trkpt lat="51.275597" lon="8.593164">
        <ele>782.15</ele>
        <time>2026-08-11T00:51:40.7250000+00:00</time>
      </trkpt>
      <trkpt lat="51.27561" lon="8.593116">
        <ele>781.75</ele>
        <time>2026-08-11T00:51:41.8760000+00:00</time>
      </trkpt>
      <trkpt lat="51.275623" lon="8.593066">
        <ele>781.28</ele>
        <time>2026-08-11T00:51:43.0680000+00:00</time>
      </trkpt>
      <trkpt lat="51.27564" lon="8.593015">
        <ele>780.87</ele>
        <time>2026-08-11T00:51:44.3390000+00:00</time>
      </trkpt>
      <trkpt lat="51.275661" lon="8.592967">
        <ele>780.56</ele>
        <time>2026-08-11T00:51:45.6290000+00:00</time>
      </trkpt>
      <trkpt lat="51.275677" lon="8.592926">
        <ele>780.27</ele>
        <time>2026-08-11T00:51:46.6920000+00:00</time>
      </trkpt>
      <trkpt lat="51.275692" lon="8.592882">
        <ele>779.93</ele>
        <time>2026-08-11T00:51:47.7950000+00:00</time>
      </trkpt>
      <trkpt lat="51.275716" lon="8.592838">
        <ele>779.74</ele>
        <time>2026-08-11T00:51:49.0800000+00:00</time>
      </trkpt>
      <trkpt lat="51.275745" lon="8.5928">
        <ele>779.66</ele>
        <time>2026-08-11T00:51:50.3990000+00:00</time>
      </trkpt>
      <trkpt lat="51.275775" lon="8.592765">
        <ele>779.64</ele>
        <time>2026-08-11T00:51:51.7060000+00:00</time>
      </trkpt>
      <trkpt lat="51.2758" lon="8.592724">
        <ele>779.47</ele>
        <time>2026-08-11T00:51:52.9660000+00:00</time>
      </trkpt>
      <trkpt lat="51.275822" lon="8.592681">
        <ele>779.23</ele>
        <time>2026-08-11T00:51:54.1890000+00:00</time>
      </trkpt>
      <trkpt lat="51.275845" lon="8.592634">
        <ele>778.95</ele>
        <time>2026-08-11T00:51:55.5010000+00:00</time>
      </trkpt>
      <trkpt lat="51.275868" lon="8.592587">
        <ele>778.68</ele>
        <time>2026-08-11T00:51:56.8150000+00:00</time>
      </trkpt>
      <trkpt lat="51.275883" lon="8.592544">
        <ele>778.34</ele>
        <time>2026-08-11T00:51:57.8980000+00:00</time>
      </trkpt>
      <trkpt lat="51.27589" lon="8.592498">
        <ele>777.83</ele>
        <time>2026-08-11T00:51:58.9390000+00:00</time>
      </trkpt>
      <trkpt lat="51.275906" lon="8.592444">
        <ele>777.37</ele>
        <time>2026-08-11T00:52:00.2550000+00:00</time>
      </trkpt>
      <trkpt lat="51.275932" lon="8.592394">
        <ele>777.13</ele>
        <time>2026-08-11T00:52:01.6860000+00:00</time>
      </trkpt>
      <trkpt lat="51.275964" lon="8.59235">
        <ele>777.08</ele>
        <time>2026-08-11T00:52:03.1710000+00:00</time>
      </trkpt>
      <trkpt lat="51.275991" lon="8.592307">
        <ele>776.97</ele>
        <time>2026-08-11T00:52:04.5120000+00:00</time>
      </trkpt>
      <trkpt lat="51.27601" lon="8.592264">
        <ele>776.73</ele>
        <time>2026-08-11T00:52:05.6700000+00:00</time>
      </trkpt>
      <trkpt lat="51.276026" lon="8.592223">
        <ele>776.46</ele>
        <time>2026-08-11T00:52:06.7340000+00:00</time>
      </trkpt>
      <trkpt lat="51.276045" lon="8.592179">
        <ele>776.22</ele>
        <time>2026-08-11T00:52:07.9100000+00:00</time>
      </trkpt>
      <trkpt lat="51.276071" lon="8.592142">
        <ele>776.19</ele>
        <time>2026-08-11T00:52:09.1340000+00:00</time>
      </trkpt>
      <trkpt lat="51.276097" lon="8.592112">
        <ele>776.26</ele>
        <time>2026-08-11T00:52:10.2620000+00:00</time>
      </trkpt>
      <trkpt lat="51.276116" lon="8.59208">
        <ele>776.18</ele>
        <time>2026-08-11T00:52:11.2330000+00:00</time>
      </trkpt>
      <trkpt lat="51.276126" lon="8.592059">
        <ele>776.09</ele>
        <time>2026-08-11T00:52:11.8140000+00:00</time>
      </trkpt>
      <trkpt lat="51.276137" lon="8.592038">
        <ele>776.01</ele>
        <time>2026-08-11T00:52:12.4180000+00:00</time>
      </trkpt>
      <trkpt lat="51.276151" lon="8.592013">
        <ele>775.94</ele>
        <time>2026-08-11T00:52:13.1560000+00:00</time>
      </trkpt>
      <trkpt lat="51.276165" lon="8.591993">
        <ele>775.85</ele>
        <time>2026-08-11T00:52:13.8170000+00:00</time>
      </trkpt>
      <trkpt lat="51.276174" lon="8.591976">
        <ele>775.68</ele>
        <time>2026-08-11T00:52:14.3070000+00:00</time>
      </trkpt>
      <trkpt lat="51.276183" lon="8.59196">
        <ele>775.54</ele>
        <time>2026-08-11T00:52:14.7800000+00:00</time>
      </trkpt>
      <trkpt lat="51.276187" lon="8.591948">
        <ele>775.37</ele>
        <time>2026-08-11T00:52:15.0810000+00:00</time>
      </trkpt>
      <trkpt lat="51.276188" lon="8.591931">
        <ele>775.06</ele>
        <time>2026-08-11T00:52:15.4560000+00:00</time>
      </trkpt>
      <trkpt lat="51.276183" lon="8.591915">
        <ele>774.67</ele>
        <time>2026-08-11T00:52:15.8500000+00:00</time>
      </trkpt>
      <trkpt lat="51.276174" lon="8.591903">
        <ele>774.28</ele>
        <time>2026-08-11T00:52:16.2630000+00:00</time>
      </trkpt>
      <trkpt lat="51.276164" lon="8.5919">
        <ele>774.04</ele>
        <time>2026-08-11T00:52:16.6210000+00:00</time>
      </trkpt>
      <trkpt lat="51.27615" lon="8.591896">
        <ele>773.72</ele>
        <time>2026-08-11T00:52:17.1210000+00:00</time>
      </trkpt>
      <trkpt lat="51.276123" lon="8.591894">
        <ele>773.21</ele>
        <time>2026-08-11T00:52:18.0720000+00:00</time>
      </trkpt>
      <trkpt lat="51.276089" lon="8.5919">
        <ele>772.73</ele>
        <time>2026-08-11T00:52:19.2750000+00:00</time>
      </trkpt>
      <trkpt lat="51.276053" lon="8.591916">
        <ele>772.39</ele>
        <time>2026-08-11T00:52:20.5900000+00:00</time>
      </trkpt>
      <trkpt lat="51.27602" lon="8.591931">
        <ele>772.09</ele>
        <time>2026-08-11T00:52:21.7970000+00:00</time>
      </trkpt>
      <trkpt lat="51.275986" lon="8.591943">
        <ele>771.71</ele>
        <time>2026-08-11T00:52:23.0210000+00:00</time>
      </trkpt>
      <trkpt lat="51.275952" lon="8.591957">
        <ele>771.37</ele>
        <time>2026-08-11T00:52:24.2560000+00:00</time>
      </trkpt>
      <trkpt lat="51.275916" lon="8.591973">
        <ele>771.02</ele>
        <time>2026-08-11T00:52:25.5710000+00:00</time>
      </trkpt>
      <trkpt lat="51.275881" lon="8.592002">
        <ele>770.91</ele>
        <time>2026-08-11T00:52:26.9580000+00:00</time>
      </trkpt>
      <trkpt lat="51.275849" lon="8.592018">
        <ele>770.58</ele>
        <time>2026-08-11T00:52:28.1370000+00:00</time>
      </trkpt>
      <trkpt lat="51.275819" lon="8.592039">
        <ele>770.33</ele>
        <time>2026-08-11T00:52:29.2890000+00:00</time>
      </trkpt>
      <trkpt lat="51.275791" lon="8.592069">
        <ele>770.24</ele>
        <time>2026-08-11T00:52:30.4750000+00:00</time>
      </trkpt>
      <trkpt lat="51.275764" lon="8.5921">
        <ele>770.19</ele>
        <time>2026-08-11T00:52:31.6440000+00:00</time>
      </trkpt>
      <trkpt lat="51.27574" lon="8.592128">
        <ele>770.16</ele>
        <time>2026-08-11T00:52:32.6900000+00:00</time>
      </trkpt>
      <trkpt lat="51.275716" lon="8.592147">
        <ele>770</ele>
        <time>2026-08-11T00:52:33.6320000+00:00</time>
      </trkpt>
      <trkpt lat="51.275696" lon="8.592138">
        <ele>769.52</ele>
        <time>2026-08-11T00:52:34.3630000+00:00</time>
      </trkpt>
      <trkpt lat="51.275689" lon="8.592109">
        <ele>768.99</ele>
        <time>2026-08-11T00:52:35.0480000+00:00</time>
      </trkpt>
      <trkpt lat="51.275694" lon="8.592075">
        <ele>768.59</ele>
        <time>2026-08-11T00:52:35.8160000+00:00</time>
      </trkpt>
      <trkpt lat="51.275702" lon="8.592043">
        <ele>768.28</ele>
        <time>2026-08-11T00:52:36.5750000+00:00</time>
      </trkpt>
      <trkpt lat="51.275709" lon="8.592004">
        <ele>767.85</ele>
        <time>2026-08-11T00:52:37.4680000+00:00</time>
      </trkpt>
      <trkpt lat="51.275718" lon="8.591961">
        <ele>767.27</ele>
        <time>2026-08-11T00:52:38.4660000+00:00</time>
      </trkpt>
      <trkpt lat="51.275732" lon="8.591919">
        <ele>766.79</ele>
        <time>2026-08-11T00:52:39.5130000+00:00</time>
      </trkpt>
      <trkpt lat="51.275749" lon="8.591878">
        <ele>766.37</ele>
        <time>2026-08-11T00:52:40.5950000+00:00</time>
      </trkpt>
      <trkpt lat="51.275773" lon="8.591842">
        <ele>766.16</ele>
        <time>2026-08-11T00:52:41.7530000+00:00</time>
      </trkpt>
      <trkpt lat="51.275797" lon="8.591804">
        <ele>765.91</ele>
        <time>2026-08-11T00:52:42.9410000+00:00</time>
      </trkpt>
      <trkpt lat="51.27582" lon="8.591768">
        <ele>765.66</ele>
        <time>2026-08-11T00:52:44.0740000+00:00</time>
      </trkpt>
      <trkpt lat="51.275847" lon="8.591723">
        <ele>765.32</ele>
        <time>2026-08-11T00:52:45.4460000+00:00</time>
      </trkpt>
      <trkpt lat="51.275879" lon="8.59169">
        <ele>765.26</ele>
        <time>2026-08-11T00:52:46.7860000+00:00</time>
      </trkpt>
      <trkpt lat="51.275914" lon="8.591653">
        <ele>765.17</ele>
        <time>2026-08-11T00:52:48.2620000+00:00</time>
      </trkpt>
      <trkpt lat="51.275954" lon="8.5916149999999991">
        <ele>765.13</ele>
        <time>2026-08-11T00:52:49.8990000+00:00</time>
      </trkpt>
      <trkpt lat="51.275996" lon="8.591578">
        <ele>765.13</ele>
        <time>2026-08-11T00:52:51.5860000+00:00</time>
      </trkpt>
      <trkpt lat="51.276027" lon="8.591551">
        <ele>765.13</ele>
        <time>2026-08-11T00:52:52.8280000+00:00</time>
      </trkpt>
      <trkpt lat="51.276053" lon="8.591528">
        <ele>765.12</ele>
        <time>2026-08-11T00:52:53.8730000+00:00</time>
      </trkpt>
      <trkpt lat="51.276075" lon="8.591506">
        <ele>765.05</ele>
        <time>2026-08-11T00:52:54.7860000+00:00</time>
      </trkpt>
      <trkpt lat="51.276105" lon="8.591483">
        <ele>765.09</ele>
        <time>2026-08-11T00:52:55.9560000+00:00</time>
      </trkpt>
      <trkpt lat="51.276138" lon="8.591456">
        <ele>765.09</ele>
        <time>2026-08-11T00:52:57.2600000+00:00</time>
      </trkpt>
      <trkpt lat="51.276171" lon="8.591439">
        <ele>765.28</ele>
        <time>2026-08-11T00:52:58.4800000+00:00</time>
      </trkpt>
      <trkpt lat="51.276197" lon="8.591417">
        <ele>765.26</ele>
        <time>2026-08-11T00:52:59.5150000+00:00</time>
      </trkpt>
      <trkpt lat="51.276222" lon="8.591385">
        <ele>765.02</ele>
        <time>2026-08-11T00:53:00.6410000+00:00</time>
      </trkpt>
      <trkpt lat="51.276256" lon="8.591345">
        <ele>764.76</ele>
        <time>2026-08-11T00:53:02.1270000+00:00</time>
      </trkpt>
      <trkpt lat="51.276297" lon="8.591306">
        <ele>764.61</ele>
        <time>2026-08-11T00:53:03.8050000+00:00</time>
      </trkpt>
      <trkpt lat="51.276341" lon="8.591269">
        <ele>764.53</ele>
        <time>2026-08-11T00:53:05.5540000+00:00</time>
      </trkpt>
      <trkpt lat="51.276383" lon="8.591247">
        <ele>764.7</ele>
        <time>2026-08-11T00:53:07.1080000+00:00</time>
      </trkpt>
      <trkpt lat="51.276418" lon="8.591227">
        <ele>764.81</ele>
        <time>2026-08-11T00:53:08.4160000+00:00</time>
      </trkpt>
      <trkpt lat="51.276448" lon="8.591205">
        <ele>764.8</ele>
        <time>2026-08-11T00:53:09.5770000+00:00</time>
      </trkpt>
      <trkpt lat="51.276477" lon="8.591182">
        <ele>764.75</ele>
        <time>2026-08-11T00:53:10.7160000+00:00</time>
      </trkpt>
      <trkpt lat="51.276505" lon="8.591152">
        <ele>764.54</ele>
        <time>2026-08-11T00:53:11.9020000+00:00</time>
      </trkpt>
      <trkpt lat="51.276537" lon="8.591113">
        <ele>764.2</ele>
        <time>2026-08-11T00:53:13.3170000+00:00</time>
      </trkpt>
      <trkpt lat="51.276574" lon="8.591071">
        <ele>763.86</ele>
        <time>2026-08-11T00:53:14.9130000+00:00</time>
      </trkpt>
      <trkpt lat="51.27661" lon="8.591029">
        <ele>763.51</ele>
        <time>2026-08-11T00:53:16.4810000+00:00</time>
      </trkpt>
      <trkpt lat="51.276644" lon="8.59099">
        <ele>763.18</ele>
        <time>2026-08-11T00:53:17.9530000+00:00</time>
      </trkpt>
      <trkpt lat="51.276674" lon="8.590951">
        <ele>762.8</ele>
        <time>2026-08-11T00:53:19.3140000+00:00</time>
      </trkpt>
      <trkpt lat="51.276708" lon="8.590916">
        <ele>762.55</ele>
        <time>2026-08-11T00:53:20.7360000+00:00</time>
      </trkpt>
      <trkpt lat="51.276749" lon="8.590889">
        <ele>762.56</ele>
        <time>2026-08-11T00:53:22.2970000+00:00</time>
      </trkpt>
      <trkpt lat="51.276791" lon="8.590864">
        <ele>762.62</ele>
        <time>2026-08-11T00:53:23.8730000+00:00</time>
      </trkpt>
      <trkpt lat="51.276832" lon="8.590843">
        <ele>762.76</ele>
        <time>2026-08-11T00:53:25.3880000+00:00</time>
      </trkpt>
      <trkpt lat="51.276871" lon="8.590823">
        <ele>762.88</ele>
        <time>2026-08-11T00:53:26.8290000+00:00</time>
      </trkpt>
      <trkpt lat="51.276907" lon="8.590804">
        <ele>762.98</ele>
        <time>2026-08-11T00:53:28.1620000+00:00</time>
      </trkpt>
      <trkpt lat="51.276942" lon="8.590781">
        <ele>762.98</ele>
        <time>2026-08-11T00:53:29.4940000+00:00</time>
      </trkpt>
      <trkpt lat="51.276975" lon="8.590764">
        <ele>763.07</ele>
        <time>2026-08-11T00:53:30.7130000+00:00</time>
      </trkpt>
      <trkpt lat="51.277004" lon="8.590743">
        <ele>763.03</ele>
        <time>2026-08-11T00:53:31.8330000+00:00</time>
      </trkpt>
      <trkpt lat="51.277033" lon="8.590716">
        <ele>762.85</ele>
        <time>2026-08-11T00:53:33.0140000+00:00</time>
      </trkpt>
      <trkpt lat="51.277062" lon="8.590682">
        <ele>762.53</ele>
        <time>2026-08-11T00:53:34.2790000+00:00</time>
      </trkpt>
      <trkpt lat="51.277091" lon="8.590644">
        <ele>762.11</ele>
        <time>2026-08-11T00:53:35.5970000+00:00</time>
      </trkpt>
      <trkpt lat="51.277128" lon="8.590605">
        <ele>761.78</ele>
        <time>2026-08-11T00:53:37.1560000+00:00</time>
      </trkpt>
      <trkpt lat="51.277167" lon="8.590583">
        <ele>761.84</ele>
        <time>2026-08-11T00:53:38.6110000+00:00</time>
      </trkpt>
      <trkpt lat="51.277197" lon="8.590577">
        <ele>762.12</ele>
        <time>2026-08-11T00:53:39.6750000+00:00</time>
      </trkpt>
      <trkpt lat="51.277218" lon="8.590564">
        <ele>762.12</ele>
        <time>2026-08-11T00:53:40.4670000+00:00</time>
      </trkpt>
      <trkpt lat="51.277229" lon="8.590541">
        <ele>761.78</ele>
        <time>2026-08-11T00:53:41.1050000+00:00</time>
      </trkpt>
      <trkpt lat="51.277224" lon="8.590515">
        <ele>761.15</ele>
        <time>2026-08-11T00:53:41.7040000+00:00</time>
      </trkpt>
      <trkpt lat="51.277207" lon="8.590505">
        <ele>760.7</ele>
        <time>2026-08-11T00:53:42.3420000+00:00</time>
      </trkpt>
      <trkpt lat="51.277185" lon="8.59051">
        <ele>760.52</ele>
        <time>2026-08-11T00:53:43.1240000+00:00</time>
      </trkpt>
      <trkpt lat="51.277154" lon="8.59053">
        <ele>760.53</ele>
        <time>2026-08-11T00:53:44.3000000+00:00</time>
      </trkpt>
      <trkpt lat="51.277121" lon="8.590549">
        <ele>760.49</ele>
        <time>2026-08-11T00:53:45.5340000+00:00</time>
      </trkpt>
      <trkpt lat="51.277088" lon="8.590566">
        <ele>760.41</ele>
        <time>2026-08-11T00:53:46.7540000+00:00</time>
      </trkpt>
      <trkpt lat="51.277065" lon="8.590577">
        <ele>760.33</ele>
        <time>2026-08-11T00:53:47.5980000+00:00</time>
      </trkpt>
      <trkpt lat="51.277056" lon="8.590583">
        <ele>760.34</ele>
        <time>2026-08-11T00:53:47.9400000+00:00</time>
      </trkpt>
      <trkpt lat="51.277044" lon="8.590589">
        <ele>760.3</ele>
        <time>2026-08-11T00:53:48.3830000+00:00</time>
      </trkpt>
      <trkpt lat="51.277031" lon="8.590593">
        <ele>760.21</ele>
        <time>2026-08-11T00:53:48.8490000+00:00</time>
      </trkpt>
      <trkpt lat="51.277017" lon="8.590598">
        <ele>760.13</ele>
        <time>2026-08-11T00:53:49.3530000+00:00</time>
      </trkpt>
      <trkpt lat="51.277003" lon="8.590607">
        <ele>760.13</ele>
        <time>2026-08-11T00:53:49.8840000+00:00</time>
      </trkpt>
      <trkpt lat="51.27698" lon="8.590616">
        <ele>760.01</ele>
        <time>2026-08-11T00:53:50.7170000+00:00</time>
      </trkpt>
      <trkpt lat="51.276955" lon="8.590629">
        <ele>759.94</ele>
        <time>2026-08-11T00:53:51.6420000+00:00</time>
      </trkpt>
      <trkpt lat="51.276927" lon="8.590647">
        <ele>759.94</ele>
        <time>2026-08-11T00:53:52.7040000+00:00</time>
      </trkpt>
      <trkpt lat="51.2769" lon="8.590663">
        <ele>759.91</ele>
        <time>2026-08-11T00:53:53.7170000+00:00</time>
      </trkpt>
      <trkpt lat="51.276878" lon="8.590677">
        <ele>759.9</ele>
        <time>2026-08-11T00:53:54.5500000+00:00</time>
      </trkpt>
      <trkpt lat="51.276858" lon="8.590691">
        <ele>759.92</ele>
        <time>2026-08-11T00:53:55.3180000+00:00</time>
      </trkpt>
      <trkpt lat="51.27684" lon="8.5907">
        <ele>759.86</ele>
        <time>2026-08-11T00:53:55.9820000+00:00</time>
      </trkpt>
      <trkpt lat="51.276824" lon="8.590707">
        <ele>759.79</ele>
        <time>2026-08-11T00:53:56.5640000+00:00</time>
      </trkpt>
      <trkpt lat="51.27681" lon="8.590712">
        <ele>759.7</ele>
        <time>2026-08-11T00:53:57.0690000+00:00</time>
      </trkpt>
      <trkpt lat="51.276795" lon="8.590708">
        <ele>759.41</ele>
        <time>2026-08-11T00:53:57.6040000+00:00</time>
      </trkpt>
      <trkpt lat="51.276784" lon="8.590693">
        <ele>758.95</ele>
        <time>2026-08-11T00:53:58.1140000+00:00</time>
      </trkpt>
      <trkpt lat="51.276779" lon="8.59067">
        <ele>758.4</ele>
        <time>2026-08-11T00:53:58.6500000+00:00</time>
      </trkpt>
      <trkpt lat="51.276788" lon="8.590646">
        <ele>758.02</ele>
        <time>2026-08-11T00:53:59.2660000+00:00</time>
      </trkpt>
      <trkpt lat="51.276802" lon="8.590624">
        <ele>757.75</ele>
        <time>2026-08-11T00:53:59.9560000+00:00</time>
      </trkpt>
      <trkpt lat="51.276819" lon="8.590603">
        <ele>757.54</ele>
        <time>2026-08-11T00:54:00.7110000+00:00</time>
      </trkpt>
      <trkpt lat="51.27684" lon="8.590575">
        <ele>757.24</ele>
        <time>2026-08-11T00:54:01.6730000+00:00</time>
      </trkpt>
      <trkpt lat="51.276863" lon="8.590545">
        <ele>756.92</ele>
        <time>2026-08-11T00:54:02.7170000+00:00</time>
      </trkpt>
      <trkpt lat="51.276889" lon="8.590517">
        <ele>756.68</ele>
        <time>2026-08-11T00:54:03.8190000+00:00</time>
      </trkpt>
      <trkpt lat="51.276917" lon="8.590488">
        <ele>756.45</ele>
        <time>2026-08-11T00:54:04.9930000+00:00</time>
      </trkpt>
      <trkpt lat="51.276948" lon="8.590461">
        <ele>756.29</ele>
        <time>2026-08-11T00:54:06.2350000+00:00</time>
      </trkpt>
      <trkpt lat="51.276981" lon="8.59044">
        <ele>756.29</ele>
        <time>2026-08-11T00:54:07.4840000+00:00</time>
      </trkpt>
      <trkpt lat="51.277011" lon="8.590432">
        <ele>756.52</ele>
        <time>2026-08-11T00:54:08.5550000+00:00</time>
      </trkpt>
      <trkpt lat="51.277034" lon="8.590425">
        <ele>756.68</ele>
        <time>2026-08-11T00:54:09.3780000+00:00</time>
      </trkpt>
      <trkpt lat="51.277055" lon="8.590418">
        <ele>756.81</ele>
        <time>2026-08-11T00:54:10.1330000+00:00</time>
      </trkpt>
      <trkpt lat="51.277073" lon="8.590416">
        <ele>757</ele>
        <time>2026-08-11T00:54:10.7680000+00:00</time>
      </trkpt>
      <trkpt lat="51.277086" lon="8.59041">
        <ele>757.05</ele>
        <time>2026-08-11T00:54:11.2440000+00:00</time>
      </trkpt>
      <trkpt lat="51.277099" lon="8.590403">
        <ele>757.07</ele>
        <time>2026-08-11T00:54:11.7260000+00:00</time>
      </trkpt>
      <trkpt lat="51.277112" lon="8.59039">
        <ele>756.97</ele>
        <time>2026-08-11T00:54:12.2650000+00:00</time>
      </trkpt>
      <trkpt lat="51.277127" lon="8.590373">
        <ele>756.8</ele>
        <time>2026-08-11T00:54:12.9120000+00:00</time>
      </trkpt>
      <trkpt lat="51.277144" lon="8.590351">
        <ele>756.56</ele>
        <time>2026-08-11T00:54:13.6810000+00:00</time>
      </trkpt>
      <trkpt lat="51.277161" lon="8.590328">
        <ele>756.22</ele>
        <time>2026-08-11T00:54:14.4650000+00:00</time>
      </trkpt>
      <trkpt lat="51.277178" lon="8.5903">
        <ele>755.72</ele>
        <time>2026-08-11T00:54:15.3240000+00:00</time>
      </trkpt>
      <trkpt lat="51.277201" lon="8.59028">
        <ele>755.49</ele>
        <time>2026-08-11T00:54:16.2440000+00:00</time>
      </trkpt>
      <trkpt lat="51.27723" lon="8.590263">
        <ele>755.42</ele>
        <time>2026-08-11T00:54:17.3320000+00:00</time>
      </trkpt>
      <trkpt lat="51.277259" lon="8.590245">
        <ele>755.32</ele>
        <time>2026-08-11T00:54:18.4260000+00:00</time>
      </trkpt>
      <trkpt lat="51.277285" lon="8.590225">
        <ele>755.04</ele>
        <time>2026-08-11T00:54:19.4410000+00:00</time>
      </trkpt>
      <trkpt lat="51.277316" lon="8.590204">
        <ele>754.71</ele>
        <time>2026-08-11T00:54:20.6250000+00:00</time>
      </trkpt>
      <trkpt lat="51.277346" lon="8.590187">
        <ele>754.48</ele>
        <time>2026-08-11T00:54:21.7450000+00:00</time>
      </trkpt>
      <trkpt lat="51.277372" lon="8.590178">
        <ele>754.43</ele>
        <time>2026-08-11T00:54:22.6820000+00:00</time>
      </trkpt>
      <trkpt lat="51.277392" lon="8.590172">
        <ele>754.41</ele>
        <time>2026-08-11T00:54:23.3970000+00:00</time>
      </trkpt>
      <trkpt lat="51.277408" lon="8.590161">
        <ele>754.24</ele>
        <time>2026-08-11T00:54:24.0100000+00:00</time>
      </trkpt>
      <trkpt lat="51.277424" lon="8.590149">
        <ele>754.03</ele>
        <time>2026-08-11T00:54:24.6330000+00:00</time>
      </trkpt>
      <trkpt lat="51.277441" lon="8.590133">
        <ele>753.73</ele>
        <time>2026-08-11T00:54:25.3270000+00:00</time>
      </trkpt>
      <trkpt lat="51.277462" lon="8.590117">
        <ele>753.46</ele>
        <time>2026-08-11T00:54:26.1450000+00:00</time>
      </trkpt>
      <trkpt lat="51.277485" lon="8.590102">
        <ele>753.23</ele>
        <time>2026-08-11T00:54:27.0190000+00:00</time>
      </trkpt>
      <trkpt lat="51.277514" lon="8.590086">
        <ele>753.02</ele>
        <time>2026-08-11T00:54:28.0980000+00:00</time>
      </trkpt>
      <trkpt lat="51.277546" lon="8.590074">
        <ele>752.93</ele>
        <time>2026-08-11T00:54:29.2550000+00:00</time>
      </trkpt>
      <trkpt lat="51.277574" lon="8.590068">
        <ele>752.97</ele>
        <time>2026-08-11T00:54:30.2490000+00:00</time>
      </trkpt>
      <trkpt lat="51.277603" lon="8.590062">
        <ele>753.03</ele>
        <time>2026-08-11T00:54:31.2770000+00:00</time>
      </trkpt>
      <trkpt lat="51.27763" lon="8.590059">
        <ele>753.14</ele>
        <time>2026-08-11T00:54:32.2290000+00:00</time>
      </trkpt>
      <trkpt lat="51.277654" lon="8.590053">
        <ele>753.16</ele>
        <time>2026-08-11T00:54:33.0830000+00:00</time>
      </trkpt>
      <trkpt lat="51.277677" lon="8.590044">
        <ele>753.08</ele>
        <time>2026-08-11T00:54:33.9160000+00:00</time>
      </trkpt>
      <trkpt lat="51.277703" lon="8.590029">
        <ele>752.87</ele>
        <time>2026-08-11T00:54:34.8880000+00:00</time>
      </trkpt>
      <trkpt lat="51.277731" lon="8.590009">
        <ele>752.55</ele>
        <time>2026-08-11T00:54:35.9680000+00:00</time>
      </trkpt>
      <trkpt lat="51.277757" lon="8.589987">
        <ele>752.15</ele>
        <time>2026-08-11T00:54:37.0030000+00:00</time>
      </trkpt>
      <trkpt lat="51.277787" lon="8.589971">
        <ele>751.95</ele>
        <time>2026-08-11T00:54:38.1150000+00:00</time>
      </trkpt>
      <trkpt lat="51.277821" lon="8.589969">
        <ele>752.14</ele>
        <time>2026-08-11T00:54:39.3120000+00:00</time>
      </trkpt>
      <trkpt lat="51.277854" lon="8.589963">
        <ele>752.22</ele>
        <time>2026-08-11T00:54:40.4800000+00:00</time>
      </trkpt>
      <trkpt lat="51.277883" lon="8.589962">
        <ele>752.4</ele>
        <time>2026-08-11T00:54:41.5010000+00:00</time>
      </trkpt>
      <trkpt lat="51.27791" lon="8.589957">
        <ele>752.46</ele>
        <time>2026-08-11T00:54:42.4570000+00:00</time>
      </trkpt>
      <trkpt lat="51.277933" lon="8.589954">
        <ele>752.55</ele>
        <time>2026-08-11T00:54:43.2690000+00:00</time>
      </trkpt>
      <trkpt lat="51.277951" lon="8.589952">
        <ele>752.63</ele>
        <time>2026-08-11T00:54:43.9030000+00:00</time>
      </trkpt>
      <trkpt lat="51.277978" lon="8.589945">
        <ele>752.64</ele>
        <time>2026-08-11T00:54:44.8650000+00:00</time>
      </trkpt>
      <trkpt lat="51.278004" lon="8.589937">
        <ele>752.61</ele>
        <time>2026-08-11T00:54:45.7970000+00:00</time>
      </trkpt>
      <trkpt lat="51.278028" lon="8.58993">
        <ele>752.6</ele>
        <time>2026-08-11T00:54:46.6550000+00:00</time>
      </trkpt>
      <trkpt lat="51.278054" lon="8.589925">
        <ele>752.66</ele>
        <time>2026-08-11T00:54:47.5760000+00:00</time>
      </trkpt>
      <trkpt lat="51.278085" lon="8.589925">
        <ele>752.88</ele>
        <time>2026-08-11T00:54:48.6660000+00:00</time>
      </trkpt>
      <trkpt lat="51.27811" lon="8.589928">
        <ele>753.02</ele>
        <time>2026-08-11T00:54:49.5480000+00:00</time>
      </trkpt>
      <trkpt lat="51.278132" lon="8.58993">
        <ele>752.93</ele>
        <time>2026-08-11T00:54:50.3230000+00:00</time>
      </trkpt>
      <trkpt lat="51.278154" lon="8.589927">
        <ele>752.71</ele>
        <time>2026-08-11T00:54:51.1000000+00:00</time>
      </trkpt>
      <trkpt lat="51.278179" lon="8.589925">
        <ele>752.49</ele>
        <time>2026-08-11T00:54:51.9800000+00:00</time>
      </trkpt>
      <trkpt lat="51.278203" lon="8.589925">
        <ele>752.33</ele>
        <time>2026-08-11T00:54:52.8250000+00:00</time>
      </trkpt>
      <trkpt lat="51.278229" lon="8.589927">
        <ele>752.21</ele>
        <time>2026-08-11T00:54:53.7400000+00:00</time>
      </trkpt>
      <trkpt lat="51.278258" lon="8.589928">
        <ele>752.05</ele>
        <time>2026-08-11T00:54:54.7600000+00:00</time>
      </trkpt>
      <trkpt lat="51.278286" lon="8.589928">
        <ele>751.86</ele>
        <time>2026-08-11T00:54:55.7460000+00:00</time>
      </trkpt>
      <trkpt lat="51.278316" lon="8.589923">
        <ele>751.53</ele>
        <time>2026-08-11T00:54:56.8070000+00:00</time>
      </trkpt>
      <trkpt lat="51.278347" lon="8.589913">
        <ele>751.05</ele>
        <time>2026-08-11T00:54:57.9190000+00:00</time>
      </trkpt>
      <trkpt lat="51.278383" lon="8.589904">
        <ele>750.56</ele>
        <time>2026-08-11T00:54:59.2010000+00:00</time>
      </trkpt>
      <trkpt lat="51.278422" lon="8.589904">
        <ele>750.3</ele>
        <time>2026-08-11T00:55:00.5730000+00:00</time>
      </trkpt>
      <trkpt lat="51.278459" lon="8.589909">
        <ele>750.19</ele>
        <time>2026-08-11T00:55:01.8800000+00:00</time>
      </trkpt>
      <trkpt lat="51.278492" lon="8.589911">
        <ele>750.03</ele>
        <time>2026-08-11T00:55:03.0410000+00:00</time>
      </trkpt>
      <trkpt lat="51.278525" lon="8.589911">
        <ele>749.81</ele>
        <time>2026-08-11T00:55:04.2030000+00:00</time>
      </trkpt>
      <trkpt lat="51.278559" lon="8.589917">
        <ele>749.75</ele>
        <time>2026-08-11T00:55:05.4060000+00:00</time>
      </trkpt>
      <trkpt lat="51.278588" lon="8.589924">
        <ele>749.76</ele>
        <time>2026-08-11T00:55:06.4370000+00:00</time>
      </trkpt>
      <trkpt lat="51.278613" lon="8.589928">
        <ele>749.71</ele>
        <time>2026-08-11T00:55:07.3200000+00:00</time>
      </trkpt>
      <trkpt lat="51.27864" lon="8.589927">
        <ele>749.5</ele>
        <time>2026-08-11T00:55:08.2700000+00:00</time>
      </trkpt>
      <trkpt lat="51.278677" lon="8.589923">
        <ele>749.14</ele>
        <time>2026-08-11T00:55:09.5740000+00:00</time>
      </trkpt>
      <trkpt lat="51.278723" lon="8.58993">
        <ele>749.04</ele>
        <time>2026-08-11T00:55:11.2000000+00:00</time>
      </trkpt>
      <trkpt lat="51.278769" lon="8.589955">
        <ele>749.47</ele>
        <time>2026-08-11T00:55:12.9090000+00:00</time>
      </trkpt>
      <trkpt lat="51.278805" lon="8.589974">
        <ele>749.8</ele>
        <time>2026-08-11T00:55:14.2430000+00:00</time>
      </trkpt>
      <trkpt lat="51.278836" lon="8.589993">
        <ele>750.16</ele>
        <time>2026-08-11T00:55:15.4110000+00:00</time>
      </trkpt>
      <trkpt lat="51.278859" lon="8.59001">
        <ele>750.52</ele>
        <time>2026-08-11T00:55:16.3020000+00:00</time>
      </trkpt>
      <trkpt lat="51.27888" lon="8.590023">
        <ele>750.78</ele>
        <time>2026-08-11T00:55:17.0950000+00:00</time>
      </trkpt>
      <trkpt lat="51.278896" lon="8.590034">
        <ele>751.01</ele>
        <time>2026-08-11T00:55:17.7070000+00:00</time>
      </trkpt>
      <trkpt lat="51.278918" lon="8.590038">
        <ele>750.99</ele>
        <time>2026-08-11T00:55:18.4860000+00:00</time>
      </trkpt>
      <trkpt lat="51.278942" lon="8.59004">
        <ele>750.91</ele>
        <time>2026-08-11T00:55:19.3310000+00:00</time>
      </trkpt>
      <trkpt lat="51.27897" lon="8.590039">
        <ele>750.75</ele>
        <time>2026-08-11T00:55:20.3160000+00:00</time>
      </trkpt>
      <trkpt lat="51.279005" lon="8.590041">
        <ele>750.64</ele>
        <time>2026-08-11T00:55:21.5480000+00:00</time>
      </trkpt>
      <trkpt lat="51.279038" lon="8.590054">
        <ele>750.87</ele>
        <time>2026-08-11T00:55:22.7440000+00:00</time>
      </trkpt>
      <trkpt lat="51.279062" lon="8.590072">
        <ele>751.3</ele>
        <time>2026-08-11T00:55:23.6770000+00:00</time>
      </trkpt>
      <trkpt lat="51.279081" lon="8.590078">
        <ele>751.39</ele>
        <time>2026-08-11T00:55:24.3580000+00:00</time>
      </trkpt>
      <trkpt lat="51.279094" lon="8.590065">
        <ele>750.93</ele>
        <time>2026-08-11T00:55:24.8980000+00:00</time>
      </trkpt>
      <trkpt lat="51.279095" lon="8.590038">
        <ele>750.12</ele>
        <time>2026-08-11T00:55:25.4940000+00:00</time>
      </trkpt>
      <trkpt lat="51.279081" lon="8.590015">
        <ele>749.5</ele>
        <time>2026-08-11T00:55:26.2010000+00:00</time>
      </trkpt>
      <trkpt lat="51.279063" lon="8.589999">
        <ele>749.1</ele>
        <time>2026-08-11T00:55:26.9250000+00:00</time>
      </trkpt>
      <trkpt lat="51.279044" lon="8.589985">
        <ele>748.77</ele>
        <time>2026-08-11T00:55:27.6620000+00:00</time>
      </trkpt>
      <trkpt lat="51.279019" lon="8.58997">
        <ele>748.44</ele>
        <time>2026-08-11T00:55:28.6010000+00:00</time>
      </trkpt>
      <trkpt lat="51.278988" lon="8.589951">
        <ele>748.02</ele>
        <time>2026-08-11T00:55:29.7690000+00:00</time>
      </trkpt>
      <trkpt lat="51.278956" lon="8.589926">
        <ele>747.42</ele>
        <time>2026-08-11T00:55:31.0220000+00:00</time>
      </trkpt>
      <trkpt lat="51.27892" lon="8.589895">
        <ele>746.69</ele>
        <time>2026-08-11T00:55:32.4610000+00:00</time>
      </trkpt>
      <trkpt lat="51.278875" lon="8.589873">
        <ele>746.34</ele>
        <time>2026-08-11T00:55:34.1160000+00:00</time>
      </trkpt>
      <trkpt lat="51.278834" lon="8.589861">
        <ele>746.27</ele>
        <time>2026-08-11T00:55:35.5820000+00:00</time>
      </trkpt>
      <trkpt lat="51.278802" lon="8.589851">
        <ele>746.19</ele>
        <time>2026-08-11T00:55:36.7290000+00:00</time>
      </trkpt>
      <trkpt lat="51.278774" lon="8.589839">
        <ele>746.03</ele>
        <time>2026-08-11T00:55:37.7490000+00:00</time>
      </trkpt>
      <trkpt lat="51.278743" lon="8.589826">
        <ele>745.87</ele>
        <time>2026-08-11T00:55:38.8760000+00:00</time>
      </trkpt>
      <trkpt lat="51.278714" lon="8.58981">
        <ele>745.61</ele>
        <time>2026-08-11T00:55:39.9550000+00:00</time>
      </trkpt>
      <trkpt lat="51.278682" lon="8.589785">
        <ele>745.11</ele>
        <time>2026-08-11T00:55:41.2080000+00:00</time>
      </trkpt>
      <trkpt lat="51.278647" lon="8.58977">
        <ele>744.93</ele>
        <time>2026-08-11T00:55:42.4820000+00:00</time>
      </trkpt>
      <trkpt lat="51.278613" lon="8.589767">
        <ele>745.1</ele>
        <time>2026-08-11T00:55:43.6800000+00:00</time>
      </trkpt>
      <trkpt lat="51.27858" lon="8.589756">
        <ele>745.02</ele>
        <time>2026-08-11T00:55:44.8660000+00:00</time>
      </trkpt>
      <trkpt lat="51.278544" lon="8.589745">
        <ele>744.98</ele>
        <time>2026-08-11T00:55:46.1560000+00:00</time>
      </trkpt>
      <trkpt lat="51.278509" lon="8.589743">
        <ele>745.18</ele>
        <time>2026-08-11T00:55:47.3880000+00:00</time>
      </trkpt>
      <trkpt lat="51.278477" lon="8.589746">
        <ele>745.5</ele>
        <time>2026-08-11T00:55:48.5160000+00:00</time>
      </trkpt>
      <trkpt lat="51.278449" lon="8.589745">
        <ele>745.68</ele>
        <time>2026-08-11T00:55:49.5010000+00:00</time>
      </trkpt>
      <trkpt lat="51.278423" lon="8.589742">
        <ele>745.79</ele>
        <time>2026-08-11T00:55:50.4180000+00:00</time>
      </trkpt>
      <trkpt lat="51.278395" lon="8.589736">
        <ele>745.83</ele>
        <time>2026-08-11T00:55:51.4120000+00:00</time>
      </trkpt>
      <trkpt lat="51.278366" lon="8.589732">
        <ele>745.93</ele>
        <time>2026-08-11T00:55:52.4360000+00:00</time>
      </trkpt>
      <trkpt lat="51.27834" lon="8.589729">
        <ele>746.04</ele>
        <time>2026-08-11T00:55:53.3530000+00:00</time>
      </trkpt>
      <trkpt lat="51.278312" lon="8.589727">
        <ele>746.2</ele>
        <time>2026-08-11T00:55:54.3390000+00:00</time>
      </trkpt>
      <trkpt lat="51.278284" lon="8.589726">
        <ele>746.38</ele>
        <time>2026-08-11T00:55:55.3240000+00:00</time>
      </trkpt>
      <trkpt lat="51.27826" lon="8.589727">
        <ele>746.58</ele>
        <time>2026-08-11T00:55:56.1690000+00:00</time>
      </trkpt>
      <trkpt lat="51.278238" lon="8.58973">
        <ele>746.83</ele>
        <time>2026-08-11T00:55:56.9450000+00:00</time>
      </trkpt>
      <trkpt lat="51.278215" lon="8.589733">
        <ele>747.08</ele>
        <time>2026-08-11T00:55:57.7570000+00:00</time>
      </trkpt>
      <trkpt lat="51.278195" lon="8.589721">
        <ele>746.91</ele>
        <time>2026-08-11T00:55:58.5080000+00:00</time>
      </trkpt>
      <trkpt lat="51.278187" lon="8.589697">
        <ele>746.33</ele>
        <time>2026-08-11T00:55:59.1060000+00:00</time>
      </trkpt>
      <trkpt lat="51.278191" lon="8.589668">
        <ele>745.52</ele>
        <time>2026-08-11T00:55:59.7590000+00:00</time>
      </trkpt>
      <trkpt lat="51.278208" lon="8.589646">
        <ele>744.8</ele>
        <time>2026-08-11T00:56:00.5290000+00:00</time>
      </trkpt>
      <trkpt lat="51.278232" lon="8.589641">
        <ele>744.47</ele>
        <time>2026-08-11T00:56:01.3800000+00:00</time>
      </trkpt>
      <trkpt lat="51.278256" lon="8.589639">
        <ele>744.23</ele>
        <time>2026-08-11T00:56:02.2250000+00:00</time>
      </trkpt>
      <trkpt lat="51.278283" lon="8.589638">
        <ele>743.99</ele>
        <time>2026-08-11T00:56:03.1750000+00:00</time>
      </trkpt>
      <trkpt lat="51.278309" lon="8.589636">
        <ele>743.73</ele>
        <time>2026-08-11T00:56:04.0910000+00:00</time>
      </trkpt>
      <trkpt lat="51.278332" lon="8.589632">
        <ele>743.44</ele>
        <time>2026-08-11T00:56:04.9040000+00:00</time>
      </trkpt>
      <trkpt lat="51.278358" lon="8.589634">
        <ele>743.29</ele>
        <time>2026-08-11T00:56:05.8200000+00:00</time>
      </trkpt>
      <trkpt lat="51.278382" lon="8.589636">
        <ele>743.16</ele>
        <time>2026-08-11T00:56:06.6650000+00:00</time>
      </trkpt>
      <trkpt lat="51.278406" lon="8.589632">
        <ele>742.86</ele>
        <time>2026-08-11T00:56:07.5140000+00:00</time>
      </trkpt>
      <trkpt lat="51.278433" lon="8.589627">
        <ele>742.51</ele>
        <time>2026-08-11T00:56:08.4700000+00:00</time>
      </trkpt>
      <trkpt lat="51.278463" lon="8.589628">
        <ele>742.3</ele>
        <time>2026-08-11T00:56:09.5260000+00:00</time>
      </trkpt>
      <trkpt lat="51.278493" lon="8.589631">
        <ele>742.15</ele>
        <time>2026-08-11T00:56:10.5840000+00:00</time>
      </trkpt>
      <trkpt lat="51.278526" lon="8.589631">
        <ele>741.89</ele>
        <time>2026-08-11T00:56:11.7450000+00:00</time>
      </trkpt>
      <trkpt lat="51.278565" lon="8.589634">
        <ele>741.66</ele>
        <time>2026-08-11T00:56:13.1180000+00:00</time>
      </trkpt>
      <trkpt lat="51.278604" lon="8.589647">
        <ele>741.73</ele>
        <time>2026-08-11T00:56:14.5190000+00:00</time>
      </trkpt>
      <trkpt lat="51.278638" lon="8.589663">
        <ele>741.92</ele>
        <time>2026-08-11T00:56:15.7660000+00:00</time>
      </trkpt>
      <trkpt lat="51.278668" lon="8.589674">
        <ele>742.01</ele>
        <time>2026-08-11T00:56:16.8490000+00:00</time>
      </trkpt>
      <trkpt lat="51.278696" lon="8.58968">
        <ele>741.97</ele>
        <time>2026-08-11T00:56:17.8420000+00:00</time>
      </trkpt>
      <trkpt lat="51.27873" lon="8.589683">
        <ele>741.79</ele>
        <time>2026-08-11T00:56:19.0400000+00:00</time>
      </trkpt>
      <trkpt lat="51.278771" lon="8.589699">
        <ele>741.95</ele>
        <time>2026-08-11T00:56:20.5250000+00:00</time>
      </trkpt>
      <trkpt lat="51.278808" lon="8.589715">
        <ele>742.14</ele>
        <time>2026-08-11T00:56:21.8730000+00:00</time>
      </trkpt>
      <trkpt lat="51.278843" lon="8.589729">
        <ele>742.29</ele>
        <time>2026-08-11T00:56:23.1430000+00:00</time>
      </trkpt>
      <trkpt lat="51.27888" lon="8.589739">
        <ele>742.32</ele>
        <time>2026-08-11T00:56:24.4630000+00:00</time>
      </trkpt>
      <trkpt lat="51.278921" lon="8.589744">
        <ele>742.16</ele>
        <time>2026-08-11T00:56:25.9100000+00:00</time>
      </trkpt>
      <trkpt lat="51.278963" lon="8.589743">
        <ele>741.9</ele>
        <time>2026-08-11T00:56:27.3870000+00:00</time>
      </trkpt>
      <trkpt lat="51.279004" lon="8.589742">
        <ele>741.67</ele>
        <time>2026-08-11T00:56:28.8290000+00:00</time>
      </trkpt>
      <trkpt lat="51.279042" lon="8.589747">
        <ele>741.64</ele>
        <time>2026-08-11T00:56:30.1710000+00:00</time>
      </trkpt>
      <trkpt lat="51.27908" lon="8.589753">
        <ele>741.63</ele>
        <time>2026-08-11T00:56:31.5140000+00:00</time>
      </trkpt>
      <trkpt lat="51.279118" lon="8.589758">
        <ele>741.6</ele>
        <time>2026-08-11T00:56:32.8550000+00:00</time>
      </trkpt>
      <trkpt lat="51.279157" lon="8.589764">
        <ele>741.59</ele>
        <time>2026-08-11T00:56:34.2340000+00:00</time>
      </trkpt>
      <trkpt lat="51.279195" lon="8.58977">
        <ele>741.59</ele>
        <time>2026-08-11T00:56:35.5770000+00:00</time>
      </trkpt>
      <trkpt lat="51.279235" lon="8.589781">
        <ele>741.73</ele>
        <time>2026-08-11T00:56:37.0050000+00:00</time>
      </trkpt>
      <trkpt lat="51.279273" lon="8.589793">
        <ele>741.91</ele>
        <time>2026-08-11T00:56:38.3670000+00:00</time>
      </trkpt>
      <trkpt lat="51.279314" lon="8.589799">
        <ele>741.89</ele>
        <time>2026-08-11T00:56:39.8160000+00:00</time>
      </trkpt>
      <trkpt lat="51.279357" lon="8.589805">
        <ele>741.86</ele>
        <time>2026-08-11T00:56:41.3340000+00:00</time>
      </trkpt>
      <trkpt lat="51.279395" lon="8.589804">
        <ele>741.65</ele>
        <time>2026-08-11T00:56:42.6710000+00:00</time>
      </trkpt>
      <trkpt lat="51.279428" lon="8.589792">
        <ele>741.13</ele>
        <time>2026-08-11T00:56:43.8620000+00:00</time>
      </trkpt>
      <trkpt lat="51.279455" lon="8.589776">
        <ele>740.52</ele>
        <time>2026-08-11T00:56:44.8750000+00:00</time>
      </trkpt>
      <trkpt lat="51.279482" lon="8.589755">
        <ele>739.76</ele>
        <time>2026-08-11T00:56:45.9320000+00:00</time>
      </trkpt>
      <trkpt lat="51.279515" lon="8.58973">
        <ele>738.85</ele>
        <time>2026-08-11T00:56:47.2160000+00:00</time>
      </trkpt>
      <trkpt lat="51.279551" lon="8.589702">
        <ele>737.84</ele>
        <time>2026-08-11T00:56:48.6250000+00:00</time>
      </trkpt>
      <trkpt lat="51.279595" lon="8.589677">
        <ele>736.88</ele>
        <time>2026-08-11T00:56:50.2680000+00:00</time>
      </trkpt>
      <trkpt lat="51.279632" lon="8.589655">
        <ele>736.04</ele>
        <time>2026-08-11T00:56:51.6560000+00:00</time>
      </trkpt>
      <trkpt lat="51.279664" lon="8.589627">
        <ele>735.04</ele>
        <time>2026-08-11T00:56:52.9390000+00:00</time>
      </trkpt>
      <trkpt lat="51.279697" lon="8.589598">
        <ele>734.02</ele>
        <time>2026-08-11T00:56:54.2640000+00:00</time>
      </trkpt>
      <trkpt lat="51.279731" lon="8.589575">
        <ele>733.16</ele>
        <time>2026-08-11T00:56:55.5630000+00:00</time>
      </trkpt>
      <trkpt lat="51.279762" lon="8.589554">
        <ele>732.38</ele>
        <time>2026-08-11T00:56:56.7470000+00:00</time>
      </trkpt>
      <trkpt lat="51.279793" lon="8.589535">
        <ele>731.66</ele>
        <time>2026-08-11T00:56:57.9150000+00:00</time>
      </trkpt>
      <trkpt lat="51.279819" lon="8.589516">
        <ele>730.97</ele>
        <time>2026-08-11T00:56:58.9210000+00:00</time>
      </trkpt>
      <trkpt lat="51.279845" lon="8.589494">
        <ele>730.17</ele>
        <time>2026-08-11T00:56:59.9560000+00:00</time>
      </trkpt>
      <trkpt lat="51.279873" lon="8.589472">
        <ele>729.37</ele>
        <time>2026-08-11T00:57:01.0540000+00:00</time>
      </trkpt>
      <trkpt lat="51.279902" lon="8.589453">
        <ele>728.65</ele>
        <time>2026-08-11T00:57:02.1560000+00:00</time>
      </trkpt>
      <trkpt lat="51.279935" lon="8.58943">
        <ele>727.81</ele>
        <time>2026-08-11T00:57:03.4220000+00:00</time>
      </trkpt>
      <trkpt lat="51.27997" lon="8.589407">
        <ele>726.97</ele>
        <time>2026-08-11T00:57:04.7530000+00:00</time>
      </trkpt>
      <trkpt lat="51.280005" lon="8.589385">
        <ele>726.16</ele>
        <time>2026-08-11T00:57:06.0760000+00:00</time>
      </trkpt>
      <trkpt lat="51.280044" lon="8.589371">
        <ele>725.59</ele>
        <time>2026-08-11T00:57:07.4820000+00:00</time>
      </trkpt>
      <trkpt lat="51.28008" lon="8.589365">
        <ele>725.27</ele>
        <time>2026-08-11T00:57:08.7560000+00:00</time>
      </trkpt>
      <trkpt lat="51.280118" lon="8.589367">
        <ele>725.17</ele>
        <time>2026-08-11T00:57:10.0930000+00:00</time>
      </trkpt>
      <trkpt lat="51.280157" lon="8.589373">
        <ele>725.19</ele>
        <time>2026-08-11T00:57:11.4710000+00:00</time>
      </trkpt>
      <trkpt lat="51.280193" lon="8.589378">
        <ele>725.19</ele>
        <time>2026-08-11T00:57:12.7430000+00:00</time>
      </trkpt>
      <trkpt lat="51.280229" lon="8.589386">
        <ele>725.27</ele>
        <time>2026-08-11T00:57:14.0220000+00:00</time>
      </trkpt>
      <trkpt lat="51.280267" lon="8.58939">
        <ele>725.23</ele>
        <time>2026-08-11T00:57:15.3620000+00:00</time>
      </trkpt>
      <trkpt lat="51.280306" lon="8.589401">
        <ele>725.38</ele>
        <time>2026-08-11T00:57:16.7550000+00:00</time>
      </trkpt>
      <trkpt lat="51.280337" lon="8.589419">
        <ele>725.75</ele>
        <time>2026-08-11T00:57:17.9150000+00:00</time>
      </trkpt>
      <trkpt lat="51.28036" lon="8.589438">
        <ele>726.18</ele>
        <time>2026-08-11T00:57:18.8250000+00:00</time>
      </trkpt>
      <trkpt lat="51.28038" lon="8.589452">
        <ele>726.48</ele>
        <time>2026-08-11T00:57:19.5930000+00:00</time>
      </trkpt>
      <trkpt lat="51.2804" lon="8.589462">
        <ele>726.67</ele>
        <time>2026-08-11T00:57:20.3300000+00:00</time>
      </trkpt>
      <trkpt lat="51.280422" lon="8.589468">
        <ele>726.73</ele>
        <time>2026-08-11T00:57:21.1150000+00:00</time>
      </trkpt>
      <trkpt lat="51.280437" lon="8.589473">
        <ele>726.8</ele>
        <time>2026-08-11T00:57:21.6540000+00:00</time>
      </trkpt>
      <trkpt lat="51.280458" lon="8.589474">
        <ele>726.73</ele>
        <time>2026-08-11T00:57:22.3930000+00:00</time>
      </trkpt>
      <trkpt lat="51.280481" lon="8.589471">
        <ele>726.55</ele>
        <time>2026-08-11T00:57:23.2050000+00:00</time>
      </trkpt>
      <trkpt lat="51.280511" lon="8.589471">
        <ele>726.41</ele>
        <time>2026-08-11T00:57:24.2600000+00:00</time>
      </trkpt>
      <trkpt lat="51.280543" lon="8.589478">
        <ele>726.45</ele>
        <time>2026-08-11T00:57:25.3960000+00:00</time>
      </trkpt>
      <trkpt lat="51.280573" lon="8.589487">
        <ele>726.55</ele>
        <time>2026-08-11T00:57:26.4700000+00:00</time>
      </trkpt>
      <trkpt lat="51.280597" lon="8.589495">
        <ele>726.65</ele>
        <time>2026-08-11T00:57:27.3320000+00:00</time>
      </trkpt>
      <trkpt lat="51.28062" lon="8.589502">
        <ele>726.72</ele>
        <time>2026-08-11T00:57:28.1560000+00:00</time>
      </trkpt>
      <trkpt lat="51.280641" lon="8.589508">
        <ele>726.78</ele>
        <time>2026-08-11T00:57:28.9060000+00:00</time>
      </trkpt>
      <trkpt lat="51.280662" lon="8.589514">
        <ele>726.84</ele>
        <time>2026-08-11T00:57:29.6560000+00:00</time>
      </trkpt>
      <trkpt lat="51.280673" lon="8.589515">
        <ele>726.81</ele>
        <time>2026-08-11T00:57:30.0430000+00:00</time>
      </trkpt>
      <trkpt lat="51.280684" lon="8.589517">
        <ele>726.81</ele>
        <time>2026-08-11T00:57:30.4330000+00:00</time>
      </trkpt>
      <trkpt lat="51.280694" lon="8.589515">
        <ele>726.71</ele>
        <time>2026-08-11T00:57:30.7850000+00:00</time>
      </trkpt>
      <trkpt lat="51.280703" lon="8.589512">
        <ele>726.59</ele>
        <time>2026-08-11T00:57:31.1060000+00:00</time>
      </trkpt>
      <trkpt lat="51.280722" lon="8.589508">
        <ele>726.39</ele>
        <time>2026-08-11T00:57:31.7800000+00:00</time>
      </trkpt>
      <trkpt lat="51.280743" lon="8.58951">
        <ele>726.34</ele>
        <time>2026-08-11T00:57:32.5190000+00:00</time>
      </trkpt>
      <trkpt lat="51.280768" lon="8.589516">
        <ele>726.38</ele>
        <time>2026-08-11T00:57:33.4080000+00:00</time>
      </trkpt>
      <trkpt lat="51.280793" lon="8.589522">
        <ele>726.41</ele>
        <time>2026-08-11T00:57:34.2970000+00:00</time>
      </trkpt>
      <trkpt lat="51.28082" lon="8.58953">
        <ele>726.48</ele>
        <time>2026-08-11T00:57:35.2630000+00:00</time>
      </trkpt>
      <trkpt lat="51.280853" lon="8.589538">
        <ele>726.51</ele>
        <time>2026-08-11T00:57:36.4370000+00:00</time>
      </trkpt>
      <trkpt lat="51.280883" lon="8.589545">
        <ele>726.54</ele>
        <time>2026-08-11T00:57:37.5030000+00:00</time>
      </trkpt>
      <trkpt lat="51.280918" lon="8.589549">
        <ele>726.46</ele>
        <time>2026-08-11T00:57:38.7370000+00:00</time>
      </trkpt>
      <trkpt lat="51.280953" lon="8.589562">
        <ele>726.6</ele>
        <time>2026-08-11T00:57:40.0010000+00:00</time>
      </trkpt>
      <trkpt lat="51.280987" lon="8.589583">
        <ele>726.93</ele>
        <time>2026-08-11T00:57:41.2830000+00:00</time>
      </trkpt>
      <trkpt lat="51.281011" lon="8.589603">
        <ele>727.29</ele>
        <time>2026-08-11T00:57:42.2360000+00:00</time>
      </trkpt>
      <trkpt lat="51.281032" lon="8.589615">
        <ele>727.46</ele>
        <time>2026-08-11T00:57:43.0200000+00:00</time>
      </trkpt>
      <trkpt lat="51.281054" lon="8.589623">
        <ele>727.54</ele>
        <time>2026-08-11T00:57:43.8140000+00:00</time>
      </trkpt>
      <trkpt lat="51.281075" lon="8.589625">
        <ele>727.47</ele>
        <time>2026-08-11T00:57:44.5540000+00:00</time>
      </trkpt>
      <trkpt lat="51.281097" lon="8.589629">
        <ele>727.44</ele>
        <time>2026-08-11T00:57:45.3330000+00:00</time>
      </trkpt>
      <trkpt lat="51.281123" lon="8.589629">
        <ele>727.3</ele>
        <time>2026-08-11T00:57:46.2480000+00:00</time>
      </trkpt>
      <trkpt lat="51.281158" lon="8.589623">
        <ele>726.97</ele>
        <time>2026-08-11T00:57:47.4860000+00:00</time>
      </trkpt>
      <trkpt lat="51.281194" lon="8.589629">
        <ele>726.91</ele>
        <time>2026-08-11T00:57:48.7590000+00:00</time>
      </trkpt>
      <trkpt lat="51.28123" lon="8.589636">
        <ele>726.87</ele>
        <time>2026-08-11T00:57:50.0350000+00:00</time>
      </trkpt>
      <trkpt lat="51.281262" lon="8.589643">
        <ele>726.85</ele>
        <time>2026-08-11T00:57:51.1710000+00:00</time>
      </trkpt>
      <trkpt lat="51.281294" lon="8.589649">
        <ele>726.81</ele>
        <time>2026-08-11T00:57:52.3050000+00:00</time>
      </trkpt>
      <trkpt lat="51.281328" lon="8.589651">
        <ele>726.66</ele>
        <time>2026-08-11T00:57:53.5010000+00:00</time>
      </trkpt>
      <trkpt lat="51.281367" lon="8.589657">
        <ele>726.57</ele>
        <time>2026-08-11T00:57:54.8790000+00:00</time>
      </trkpt>
      <trkpt lat="51.28141" lon="8.589676">
        <ele>726.74</ele>
        <time>2026-08-11T00:57:56.4490000+00:00</time>
      </trkpt>
      <trkpt lat="51.281446" lon="8.589698">
        <ele>727.2</ele>
        <time>2026-08-11T00:57:57.8050000+00:00</time>
      </trkpt>
      <trkpt lat="51.281474" lon="8.589718">
        <ele>727.84</ele>
        <time>2026-08-11T00:57:58.8830000+00:00</time>
      </trkpt>
      <trkpt lat="51.281497" lon="8.589731">
        <ele>728.29</ele>
        <time>2026-08-11T00:57:59.7410000+00:00</time>
      </trkpt>
      <trkpt lat="51.281519" lon="8.589737">
        <ele>728.58</ele>
        <time>2026-08-11T00:58:00.5260000+00:00</time>
      </trkpt>
      <trkpt lat="51.281543" lon="8.589731">
        <ele>728.63</ele>
        <time>2026-08-11T00:58:01.3800000+00:00</time>
      </trkpt>
      <trkpt lat="51.281571" lon="8.589709">
        <ele>728.38</ele>
        <time>2026-08-11T00:58:02.4780000+00:00</time>
      </trkpt>
      <trkpt lat="51.281606" lon="8.589684">
        <ele>728.12</ele>
        <time>2026-08-11T00:58:03.8260000+00:00</time>
      </trkpt>
      <trkpt lat="51.281637" lon="8.589662">
        <ele>727.9</ele>
        <time>2026-08-11T00:58:05.0200000+00:00</time>
      </trkpt>
      <trkpt lat="51.281661" lon="8.589635">
        <ele>727.53</ele>
        <time>2026-08-11T00:58:06.0510000+00:00</time>
      </trkpt>
      <trkpt lat="51.281682" lon="8.589605">
        <ele>727.08</ele>
        <time>2026-08-11T00:58:07.0420000+00:00</time>
      </trkpt>
      <trkpt lat="51.281703" lon="8.589578">
        <ele>726.69</ele>
        <time>2026-08-11T00:58:07.9900000+00:00</time>
      </trkpt>
      <trkpt lat="51.281714" lon="8.589566">
        <ele>726.54</ele>
        <time>2026-08-11T00:58:08.4590000+00:00</time>
      </trkpt>
      <trkpt lat="51.28173" lon="8.589546">
        <ele>726.26</ele>
        <time>2026-08-11T00:58:09.1740000+00:00</time>
      </trkpt>
      <trkpt lat="51.281744" lon="8.589524">
        <ele>725.93</ele>
        <time>2026-08-11T00:58:09.8640000+00:00</time>
      </trkpt>
      <trkpt lat="51.281756" lon="8.589495">
        <ele>725.45</ele>
        <time>2026-08-11T00:58:10.6290000+00:00</time>
      </trkpt>
      <trkpt lat="51.281776" lon="8.589458">
        <ele>724.89</ele>
        <time>2026-08-11T00:58:11.7050000+00:00</time>
      </trkpt>
      <trkpt lat="51.2818" lon="8.589429">
        <ele>724.52</ele>
        <time>2026-08-11T00:58:12.7640000+00:00</time>
      </trkpt>
      <trkpt lat="51.281824" lon="8.589408">
        <ele>724.3</ele>
        <time>2026-08-11T00:58:13.7260000+00:00</time>
      </trkpt>
      <trkpt lat="51.281842" lon="8.589385">
        <ele>723.99</ele>
        <time>2026-08-11T00:58:14.5360000+00:00</time>
      </trkpt>
      <trkpt lat="51.281861" lon="8.589359">
        <ele>723.64</ele>
        <time>2026-08-11T00:58:15.4160000+00:00</time>
      </trkpt>
      <trkpt lat="51.281878" lon="8.58933">
        <ele>723.2</ele>
        <time>2026-08-11T00:58:16.2910000+00:00</time>
      </trkpt>
      <trkpt lat="51.281896" lon="8.589298">
        <ele>722.71</ele>
        <time>2026-08-11T00:58:17.2370000+00:00</time>
      </trkpt>
      <trkpt lat="51.281916" lon="8.589266">
        <ele>722.23</ele>
        <time>2026-08-11T00:58:18.2330000+00:00</time>
      </trkpt>
      <trkpt lat="51.281935" lon="8.589234">
        <ele>721.75</ele>
        <time>2026-08-11T00:58:19.2040000+00:00</time>
      </trkpt>
      <trkpt lat="51.281954" lon="8.589195">
        <ele>721.12</ele>
        <time>2026-08-11T00:58:20.2920000+00:00</time>
      </trkpt>
      <trkpt lat="51.281981" lon="8.589155">
        <ele>720.54</ele>
        <time>2026-08-11T00:58:21.5870000+00:00</time>
      </trkpt>
      <trkpt lat="51.282008" lon="8.589119">
        <ele>720.03</ele>
        <time>2026-08-11T00:58:22.8240000+00:00</time>
      </trkpt>
      <trkpt lat="51.282039" lon="8.589088">
        <ele>719.65</ele>
        <time>2026-08-11T00:58:24.1100000+00:00</time>
      </trkpt>
      <trkpt lat="51.282075" lon="8.589061">
        <ele>719.39</ele>
        <time>2026-08-11T00:58:25.5080000+00:00</time>
      </trkpt>
      <trkpt lat="51.282105" lon="8.589045">
        <ele>719.3</ele>
        <time>2026-08-11T00:58:26.6220000+00:00</time>
      </trkpt>
      <trkpt lat="51.28213" lon="8.589033">
        <ele>719.25</ele>
        <time>2026-08-11T00:58:27.5410000+00:00</time>
      </trkpt>
      <trkpt lat="51.282156" lon="8.589018">
        <ele>719.14</ele>
        <time>2026-08-11T00:58:28.5130000+00:00</time>
      </trkpt>
      <trkpt lat="51.282185" lon="8.589">
        <ele>719</ele>
        <time>2026-08-11T00:58:29.6070000+00:00</time>
      </trkpt>
      <trkpt lat="51.282215" lon="8.588981">
        <ele>718.84</ele>
        <time>2026-08-11T00:58:30.7430000+00:00</time>
      </trkpt>
      <trkpt lat="51.282243" lon="8.588964">
        <ele>718.71</ele>
        <time>2026-08-11T00:58:31.7970000+00:00</time>
      </trkpt>
      <trkpt lat="51.282271" lon="8.588951">
        <ele>718.55</ele>
        <time>2026-08-11T00:58:32.8230000+00:00</time>
      </trkpt>
      <trkpt lat="51.282296" lon="8.588942">
        <ele>718.09</ele>
        <time>2026-08-11T00:58:33.7240000+00:00</time>
      </trkpt>
      <trkpt lat="51.282318" lon="8.588933">
        <ele>717.67</ele>
        <time>2026-08-11T00:58:34.5230000+00:00</time>
      </trkpt>
      <trkpt lat="51.282339" lon="8.588919">
        <ele>717.17</ele>
        <time>2026-08-11T00:58:35.3240000+00:00</time>
      </trkpt>
      <trkpt lat="51.28236" lon="8.588905">
        <ele>716.66</ele>
        <time>2026-08-11T00:58:36.1240000+00:00</time>
      </trkpt>
      <trkpt lat="51.282393" lon="8.588888">
        <ele>715.98</ele>
        <time>2026-08-11T00:58:37.3430000+00:00</time>
      </trkpt>
      <trkpt lat="51.28243" lon="8.588881">
        <ele>715.45</ele>
        <time>2026-08-11T00:58:38.6540000+00:00</time>
      </trkpt>
      <trkpt lat="51.282471" lon="8.588875">
        <ele>714.9</ele>
        <time>2026-08-11T00:58:40.1020000+00:00</time>
      </trkpt>
      <trkpt lat="51.282504" lon="8.588857">
        <ele>714.21</ele>
        <time>2026-08-11T00:58:41.3290000+00:00</time>
      </trkpt>
      <trkpt lat="51.282537" lon="8.588835">
        <ele>713.44</ele>
        <time>2026-08-11T00:58:42.5870000+00:00</time>
      </trkpt>
      <trkpt lat="51.282576" lon="8.588822">
        <ele>712.79</ele>
        <time>2026-08-11T00:58:43.9880000+00:00</time>
      </trkpt>
      <trkpt lat="51.282605" lon="8.588826">
        <ele>712.57</ele>
        <time>2026-08-11T00:58:45.0120000+00:00</time>
      </trkpt>
      <trkpt lat="51.28263" lon="8.588829">
        <ele>712.37</ele>
        <time>2026-08-11T00:58:45.8940000+00:00</time>
      </trkpt>
      <trkpt lat="51.282654" lon="8.58883">
        <ele>712.14</ele>
        <time>2026-08-11T00:58:46.7380000+00:00</time>
      </trkpt>
      <trkpt lat="51.282676" lon="8.588829">
        <ele>711.9</ele>
        <time>2026-08-11T00:58:47.5120000+00:00</time>
      </trkpt>
      <trkpt lat="51.282704" lon="8.588829">
        <ele>711.61</ele>
        <time>2026-08-11T00:58:48.4970000+00:00</time>
      </trkpt>
      <trkpt lat="51.282739" lon="8.588834">
        <ele>711.34</ele>
        <time>2026-08-11T00:58:49.7340000+00:00</time>
      </trkpt>
      <trkpt lat="51.282772" lon="8.588843">
        <ele>711.17</ele>
        <time>2026-08-11T00:58:50.9110000+00:00</time>
      </trkpt>
      <trkpt lat="51.282802" lon="8.588849">
        <ele>710.97</ele>
        <time>2026-08-11T00:58:51.9750000+00:00</time>
      </trkpt>
      <trkpt lat="51.282836" lon="8.588857">
        <ele>710.76</ele>
        <time>2026-08-11T00:58:53.1840000+00:00</time>
      </trkpt>
      <trkpt lat="51.282872" lon="8.588869">
        <ele>710.6</ele>
        <time>2026-08-11T00:58:54.4780000+00:00</time>
      </trkpt>
      <trkpt lat="51.282906" lon="8.588884">
        <ele>710.51</ele>
        <time>2026-08-11T00:58:55.7180000+00:00</time>
      </trkpt>
      <trkpt lat="51.282929" lon="8.588904">
        <ele>710.62</ele>
        <time>2026-08-11T00:58:56.6390000+00:00</time>
      </trkpt>
      <trkpt lat="51.282957" lon="8.58892">
        <ele>710.6</ele>
        <time>2026-08-11T00:58:57.6860000+00:00</time>
      </trkpt>
      <trkpt lat="51.282989" lon="8.588937">
        <ele>710.55</ele>
        <time>2026-08-11T00:58:58.8720000+00:00</time>
      </trkpt>
      <trkpt lat="51.283014" lon="8.588944">
        <ele>710.4</ele>
        <time>2026-08-11T00:58:59.7650000+00:00</time>
      </trkpt>
      <trkpt lat="51.283035" lon="8.588942">
        <ele>710.14</ele>
        <time>2026-08-11T00:59:00.5040000+00:00</time>
      </trkpt>
      <trkpt lat="51.28306" lon="8.588931">
        <ele>709.69</ele>
        <time>2026-08-11T00:59:01.4160000+00:00</time>
      </trkpt>
      <trkpt lat="51.283094" lon="8.588935">
        <ele>709.39</ele>
        <time>2026-08-11T00:59:02.6160000+00:00</time>
      </trkpt>
      <trkpt lat="51.28312" lon="8.588956">
        <ele>709.24</ele>
        <time>2026-08-11T00:59:03.6400000+00:00</time>
      </trkpt>
      <trkpt lat="51.28314" lon="8.588976">
        <ele>709.17</ele>
        <time>2026-08-11T00:59:04.4700000+00:00</time>
      </trkpt>
      <trkpt lat="51.283151" lon="8.588982">
        <ele>709.04</ele>
        <time>2026-08-11T00:59:04.8800000+00:00</time>
      </trkpt>
      <trkpt lat="51.283164" lon="8.588984">
        <ele>708.81</ele>
        <time>2026-08-11T00:59:05.3390000+00:00</time>
      </trkpt>
      <trkpt lat="51.283171" lon="8.588983">
        <ele>708.65</ele>
        <time>2026-08-11T00:59:05.5870000+00:00</time>
      </trkpt>
      <trkpt lat="51.283178" lon="8.588977">
        <ele>708.41</ele>
        <time>2026-08-11T00:59:05.8670000+00:00</time>
      </trkpt>
      <trkpt lat="51.283181" lon="8.588966">
        <ele>708.16</ele>
        <time>2026-08-11T00:59:06.1290000+00:00</time>
      </trkpt>
      <trkpt lat="51.283183" lon="8.588953">
        <ele>707.91</ele>
        <time>2026-08-11T00:59:06.4230000+00:00</time>
      </trkpt>
      <trkpt lat="51.28318" lon="8.588938">
        <ele>707.72</ele>
        <time>2026-08-11T00:59:06.7710000+00:00</time>
      </trkpt>
      <trkpt lat="51.283173" lon="8.588926">
        <ele>707.67</ele>
        <time>2026-08-11T00:59:07.1320000+00:00</time>
      </trkpt>
      <trkpt lat="51.283154" lon="8.588906">
        <ele>707.72</ele>
        <time>2026-08-11T00:59:07.9330000+00:00</time>
      </trkpt>
      <trkpt lat="51.283135" lon="8.588887">
        <ele>707.79</ele>
        <time>2026-08-11T00:59:08.7210000+00:00</time>
      </trkpt>
      <trkpt lat="51.283116" lon="8.588867">
        <ele>707.84</ele>
        <time>2026-08-11T00:59:09.5210000+00:00</time>
      </trkpt>
      <trkpt lat="51.283096" lon="8.588846">
        <ele>707.87</ele>
        <time>2026-08-11T00:59:10.3630000+00:00</time>
      </trkpt>
      <trkpt lat="51.28308" lon="8.588832">
        <ele>707.8</ele>
        <time>2026-08-11T00:59:11.0040000+00:00</time>
      </trkpt>
      <trkpt lat="51.283064" lon="8.58882">
        <ele>707.76</ele>
        <time>2026-08-11T00:59:11.6260000+00:00</time>
      </trkpt>
      <trkpt lat="51.283053" lon="8.588801">
        <ele>707.55</ele>
        <time>2026-08-11T00:59:12.1950000+00:00</time>
      </trkpt>
      <trkpt lat="51.283043" lon="8.588782">
        <ele>707.33</ele>
        <time>2026-08-11T00:59:12.7400000+00:00</time>
      </trkpt>
      <trkpt lat="51.283036" lon="8.588762">
        <ele>707.06</ele>
        <time>2026-08-11T00:59:13.2450000+00:00</time>
      </trkpt>
      <trkpt lat="51.283038" lon="8.588745">
        <ele>706.75</ele>
        <time>2026-08-11T00:59:13.6270000+00:00</time>
      </trkpt>
      <trkpt lat="51.283044" lon="8.588733">
        <ele>706.48</ele>
        <time>2026-08-11T00:59:13.9670000+00:00</time>
      </trkpt>
      <trkpt lat="51.283052" lon="8.588729">
        <ele>706.34</ele>
        <time>2026-08-11T00:59:14.2610000+00:00</time>
      </trkpt>
      <trkpt lat="51.28306" lon="8.588728">
        <ele>706.24</ele>
        <time>2026-08-11T00:59:14.5430000+00:00</time>
      </trkpt>
      <trkpt lat="51.283079" lon="8.588728">
        <ele>706.05</ele>
        <time>2026-08-11T00:59:15.2110000+00:00</time>
      </trkpt>
      <trkpt lat="51.2831" lon="8.588731">
        <ele>705.87</ele>
        <time>2026-08-11T00:59:15.9530000+00:00</time>
      </trkpt>
      <trkpt lat="51.283118" lon="8.588739">
        <ele>705.66</ele>
        <time>2026-08-11T00:59:16.6100000+00:00</time>
      </trkpt>
      <trkpt lat="51.283127" lon="8.588743">
        <ele>705.55</ele>
        <time>2026-08-11T00:59:16.9400000+00:00</time>
      </trkpt>
      <trkpt lat="51.283138" lon="8.588748">
        <ele>705.42</ele>
        <time>2026-08-11T00:59:17.3430000+00:00</time>
      </trkpt>
      <trkpt lat="51.283149" lon="8.588756">
        <ele>705.33</ele>
        <time>2026-08-11T00:59:17.7680000+00:00</time>
      </trkpt>
      <trkpt lat="51.283165" lon="8.588764">
        <ele>705.15</ele>
        <time>2026-08-11T00:59:18.3570000+00:00</time>
      </trkpt>
      <trkpt lat="51.283178" lon="8.588769">
        <ele>704.98</ele>
        <time>2026-08-11T00:59:18.8270000+00:00</time>
      </trkpt>
      <trkpt lat="51.283191" lon="8.588773">
        <ele>704.79</ele>
        <time>2026-08-11T00:59:19.2920000+00:00</time>
      </trkpt>
      <trkpt lat="51.283201" lon="8.588772">
        <ele>704.58</ele>
        <time>2026-08-11T00:59:19.6450000+00:00</time>
      </trkpt>
      <trkpt lat="51.283222" lon="8.58876">
        <ele>703.97</ele>
        <time>2026-08-11T00:59:20.4300000+00:00</time>
      </trkpt>
      <trkpt lat="51.283246" lon="8.588751">
        <ele>703.36</ele>
        <time>2026-08-11T00:59:21.2970000+00:00</time>
      </trkpt>
      <trkpt lat="51.28328" lon="8.588755">
        <ele>702.76</ele>
        <time>2026-08-11T00:59:22.4960000+00:00</time>
      </trkpt>
      <trkpt lat="51.283317" lon="8.588767">
        <ele>702.22</ele>
        <time>2026-08-11T00:59:23.8240000+00:00</time>
      </trkpt>
      <trkpt lat="51.283352" lon="8.58878">
        <ele>701.74</ele>
        <time>2026-08-11T00:59:25.0880000+00:00</time>
      </trkpt>
      <trkpt lat="51.283388" lon="8.588796">
        <ele>701.28</ele>
        <time>2026-08-11T00:59:26.4030000+00:00</time>
      </trkpt>
      <trkpt lat="51.283421" lon="8.588819">
        <ele>700.98</ele>
        <time>2026-08-11T00:59:27.6690000+00:00</time>
      </trkpt>
      <trkpt lat="51.283455" lon="8.588842">
        <ele>700.66</ele>
        <time>2026-08-11T00:59:28.9680000+00:00</time>
      </trkpt>
      <trkpt lat="51.283485" lon="8.588863">
        <ele>700.38</ele>
        <time>2026-08-11T00:59:30.1200000+00:00</time>
      </trkpt>
      <trkpt lat="51.283511" lon="8.588875">
        <ele>700.04</ele>
        <time>2026-08-11T00:59:31.0730000+00:00</time>
      </trkpt>
      <trkpt lat="51.283537" lon="8.588884">
        <ele>699.65</ele>
        <time>2026-08-11T00:59:32.0090000+00:00</time>
      </trkpt>
      <trkpt lat="51.283565" lon="8.588891">
        <ele>699.19</ele>
        <time>2026-08-11T00:59:33.0050000+00:00</time>
      </trkpt>
      <trkpt lat="51.283597" lon="8.588903">
        <ele>698.72</ele>
        <time>2026-08-11T00:59:34.1610000+00:00</time>
      </trkpt>
      <trkpt lat="51.283626" lon="8.588936">
        <ele>698.62</ele>
        <time>2026-08-11T00:59:35.4140000+00:00</time>
      </trkpt>
      <trkpt lat="51.283644" lon="8.588981">
        <ele>698.9</ele>
        <time>2026-08-11T00:59:36.5890000+00:00</time>
      </trkpt>
      <trkpt lat="51.283651" lon="8.589026">
        <ele>699.41</ele>
        <time>2026-08-11T00:59:37.6090000+00:00</time>
      </trkpt>
      <trkpt lat="51.283664" lon="8.589052">
        <ele>699.51</ele>
        <time>2026-08-11T00:59:38.3410000+00:00</time>
      </trkpt>
      <trkpt lat="51.283683" lon="8.589059">
        <ele>699.22</ele>
        <time>2026-08-11T00:59:39.0280000+00:00</time>
      </trkpt>
      <trkpt lat="51.283701" lon="8.589042">
        <ele>698.6</ele>
        <time>2026-08-11T00:59:39.7630000+00:00</time>
      </trkpt>
      <trkpt lat="51.283705" lon="8.589004">
        <ele>697.98</ele>
        <time>2026-08-11T00:59:40.6110000+00:00</time>
      </trkpt>
      <trkpt lat="51.283695" lon="8.588964">
        <ele>697.61</ele>
        <time>2026-08-11T00:59:41.5590000+00:00</time>
      </trkpt>
      <trkpt lat="51.283674" lon="8.588922">
        <ele>697.44</ele>
        <time>2026-08-11T00:59:42.7420000+00:00</time>
      </trkpt>
      <trkpt lat="51.28365" lon="8.588884">
        <ele>697.38</ele>
        <time>2026-08-11T00:59:43.9300000+00:00</time>
      </trkpt>
      <trkpt lat="51.283626" lon="8.588849">
        <ele>697.35</ele>
        <time>2026-08-11T00:59:45.0730000+00:00</time>
      </trkpt>
      <trkpt lat="51.2836" lon="8.588814">
        <ele>697.36</ele>
        <time>2026-08-11T00:59:46.2680000+00:00</time>
      </trkpt>
      <trkpt lat="51.283574" lon="8.588784">
        <ele>697.43</ele>
        <time>2026-08-11T00:59:47.3960000+00:00</time>
      </trkpt>
      <trkpt lat="51.283552" lon="8.58876">
        <ele>697.51</ele>
        <time>2026-08-11T00:59:48.3330000+00:00</time>
      </trkpt>
      <trkpt lat="51.283532" lon="8.588736">
        <ele>697.54</ele>
        <time>2026-08-11T00:59:49.2110000+00:00</time>
      </trkpt>
      <trkpt lat="51.283513" lon="8.58871">
        <ele>697.52</ele>
        <time>2026-08-11T00:59:50.0910000+00:00</time>
      </trkpt>
      <trkpt lat="51.283494" lon="8.58868">
        <ele>697.44</ele>
        <time>2026-08-11T00:59:51.0300000+00:00</time>
      </trkpt>
      <trkpt lat="51.283471" lon="8.588649">
        <ele>697.43</ele>
        <time>2026-08-11T00:59:52.0880000+00:00</time>
      </trkpt>
      <trkpt lat="51.283442" lon="8.58862">
        <ele>697.55</ele>
        <time>2026-08-11T00:59:53.2920000+00:00</time>
      </trkpt>
      <trkpt lat="51.283415" lon="8.588599">
        <ele>697.73</ele>
        <time>2026-08-11T00:59:54.3480000+00:00</time>
      </trkpt>
      <trkpt lat="51.283388" lon="8.588587">
        <ele>698.04</ele>
        <time>2026-08-11T00:59:55.3340000+00:00</time>
      </trkpt>
      <trkpt lat="51.283362" lon="8.588576">
        <ele>698.34</ele>
        <time>2026-08-11T00:59:56.2800000+00:00</time>
      </trkpt>
      <trkpt lat="51.283337" lon="8.588567">
        <ele>698.64</ele>
        <time>2026-08-11T00:59:57.1820000+00:00</time>
      </trkpt>
      <trkpt lat="51.283317" lon="8.588559">
        <ele>698.86</ele>
        <time>2026-08-11T00:59:57.9080000+00:00</time>
      </trkpt>
      <trkpt lat="51.2833" lon="8.588552">
        <ele>699.05</ele>
        <time>2026-08-11T00:59:58.5250000+00:00</time>
      </trkpt>
      <trkpt lat="51.283284" lon="8.588543">
        <ele>699.18</ele>
        <time>2026-08-11T00:59:59.1220000+00:00</time>
      </trkpt>
      <trkpt lat="51.283262" lon="8.58853">
        <ele>699.34</ele>
        <time>2026-08-11T00:59:59.9470000+00:00</time>
      </trkpt>
      <trkpt lat="51.283233" lon="8.588512">
        <ele>699.53</ele>
        <time>2026-08-11T01:00:01.0410000+00:00</time>
      </trkpt>
      <trkpt lat="51.283203" lon="8.588502">
        <ele>699.86</ele>
        <time>2026-08-11T01:00:02.1190000+00:00</time>
      </trkpt>
      <trkpt lat="51.28318" lon="8.5885">
        <ele>700.22</ele>
        <time>2026-08-11T01:00:02.9290000+00:00</time>
      </trkpt>
      <trkpt lat="51.283168" lon="8.588498">
        <ele>700.38</ele>
        <time>2026-08-11T01:00:03.3540000+00:00</time>
      </trkpt>
      <trkpt lat="51.283156" lon="8.588503">
        <ele>700.68</ele>
        <time>2026-08-11T01:00:03.7890000+00:00</time>
      </trkpt>
      <trkpt lat="51.283147" lon="8.588504">
        <ele>700.85</ele>
        <time>2026-08-11T01:00:04.1070000+00:00</time>
      </trkpt>
      <trkpt lat="51.283133" lon="8.588503">
        <ele>701.07</ele>
        <time>2026-08-11T01:00:04.6010000+00:00</time>
      </trkpt>
      <trkpt lat="51.283119" lon="8.588498">
        <ele>701.21</ele>
        <time>2026-08-11T01:00:05.1070000+00:00</time>
      </trkpt>
      <trkpt lat="51.283108" lon="8.588483">
        <ele>701.11</ele>
        <time>2026-08-11T01:00:05.6170000+00:00</time>
      </trkpt>
      <trkpt lat="51.283104" lon="8.588464">
        <ele>700.82</ele>
        <time>2026-08-11T01:00:06.0580000+00:00</time>
      </trkpt>
      <trkpt lat="51.283112" lon="8.588448">
        <ele>700.38</ele>
        <time>2026-08-11T01:00:06.5090000+00:00</time>
      </trkpt>
      <trkpt lat="51.283128" lon="8.588441">
        <ele>699.99</ele>
        <time>2026-08-11T01:00:07.0920000+00:00</time>
      </trkpt>
      <trkpt lat="51.28315" lon="8.58844">
        <ele>699.61</ele>
        <time>2026-08-11T01:00:07.8670000+00:00</time>
      </trkpt>
      <trkpt lat="51.283179" lon="8.588444">
        <ele>699.22</ele>
        <time>2026-08-11T01:00:08.8910000+00:00</time>
      </trkpt>
      <trkpt lat="51.283213" lon="8.588453">
        <ele>698.83</ele>
        <time>2026-08-11T01:00:10.1030000+00:00</time>
      </trkpt>
      <trkpt lat="51.283244" lon="8.588464">
        <ele>698.51</ele>
        <time>2026-08-11T01:00:11.2210000+00:00</time>
      </trkpt>
      <trkpt lat="51.283275" lon="8.588469">
        <ele>698.09</ele>
        <time>2026-08-11T01:00:12.3170000+00:00</time>
      </trkpt>
      <trkpt lat="51.283307" lon="8.588468">
        <ele>697.54</ele>
        <time>2026-08-11T01:00:13.4430000+00:00</time>
      </trkpt>
      <trkpt lat="51.283341" lon="8.588472">
        <ele>697.04</ele>
        <time>2026-08-11T01:00:14.6420000+00:00</time>
      </trkpt>
      <trkpt lat="51.283373" lon="8.588483">
        <ele>696.68</ele>
        <time>2026-08-11T01:00:15.7940000+00:00</time>
      </trkpt>
      <trkpt lat="51.283405" lon="8.588496">
        <ele>696.35</ele>
        <time>2026-08-11T01:00:16.9550000+00:00</time>
      </trkpt>
      <trkpt lat="51.283434" lon="8.588509">
        <ele>696.05</ele>
        <time>2026-08-11T01:00:18.0150000+00:00</time>
      </trkpt>
      <trkpt lat="51.283464" lon="8.588521">
        <ele>695.71</ele>
        <time>2026-08-11T01:00:19.1030000+00:00</time>
      </trkpt>
      <trkpt lat="51.283495" lon="8.588536">
        <ele>695.39</ele>
        <time>2026-08-11T01:00:20.2430000+00:00</time>
      </trkpt>
      <trkpt lat="51.28352" lon="8.588549">
        <ele>695.13</ele>
        <time>2026-08-11T01:00:21.1680000+00:00</time>
      </trkpt>
      <trkpt lat="51.283537" lon="8.588555">
        <ele>694.92</ele>
        <time>2026-08-11T01:00:21.7800000+00:00</time>
      </trkpt>
      <trkpt lat="51.283546" lon="8.588556">
        <ele>694.77</ele>
        <time>2026-08-11T01:00:22.0960000+00:00</time>
      </trkpt>
      <trkpt lat="51.283554" lon="8.588556">
        <ele>694.63</ele>
        <time>2026-08-11T01:00:22.3760000+00:00</time>
      </trkpt>
      <trkpt lat="51.283565" lon="8.588553">
        <ele>694.4</ele>
        <time>2026-08-11T01:00:22.7680000+00:00</time>
      </trkpt>
      <trkpt lat="51.283589" lon="8.588545">
        <ele>693.87</ele>
        <time>2026-08-11T01:00:23.6300000+00:00</time>
      </trkpt>
      <trkpt lat="51.283613" lon="8.588538">
        <ele>693.36</ele>
        <time>2026-08-11T01:00:24.4880000+00:00</time>
      </trkpt>
      <trkpt lat="51.283643" lon="8.588535">
        <ele>692.8</ele>
        <time>2026-08-11T01:00:25.5460000+00:00</time>
      </trkpt>
      <trkpt lat="51.283669" lon="8.588543">
        <ele>692.45</ele>
        <time>2026-08-11T01:00:26.4770000+00:00</time>
      </trkpt>
      <trkpt lat="51.283695" lon="8.588562">
        <ele>692.21</ele>
        <time>2026-08-11T01:00:27.4830000+00:00</time>
      </trkpt>
      <trkpt lat="51.283721" lon="8.588579">
        <ele>691.94</ele>
        <time>2026-08-11T01:00:28.4710000+00:00</time>
      </trkpt>
      <trkpt lat="51.283744" lon="8.588585">
        <ele>691.59</ele>
        <time>2026-08-11T01:00:29.2910000+00:00</time>
      </trkpt>
      <trkpt lat="51.283767" lon="8.588583">
        <ele>691.15</ele>
        <time>2026-08-11T01:00:30.1010000+00:00</time>
      </trkpt>
      <trkpt lat="51.283791" lon="8.588594">
        <ele>690.83</ele>
        <time>2026-08-11T01:00:30.9800000+00:00</time>
      </trkpt>
      <trkpt lat="51.283813" lon="8.588616">
        <ele>690.65</ele>
        <time>2026-08-11T01:00:31.8930000+00:00</time>
      </trkpt>
      <trkpt lat="51.283834" lon="8.588624">
        <ele>690.34</ele>
        <time>2026-08-11T01:00:32.6520000+00:00</time>
      </trkpt>
      <trkpt lat="51.28385" lon="8.588608">
        <ele>689.9</ele>
        <time>2026-08-11T01:00:33.3170000+00:00</time>
      </trkpt>
      <trkpt lat="51.28385" lon="8.588579">
        <ele>689.62</ele>
        <time>2026-08-11T01:00:33.9540000+00:00</time>
      </trkpt>
      <trkpt lat="51.283833" lon="8.588556">
        <ele>689.7</ele>
        <time>2026-08-11T01:00:34.7380000+00:00</time>
      </trkpt>
      <trkpt lat="51.28381" lon="8.588537">
        <ele>689.92</ele>
        <time>2026-08-11T01:00:35.6480000+00:00</time>
      </trkpt>
      <trkpt lat="51.283788" lon="8.588515">
        <ele>690.08</ele>
        <time>2026-08-11T01:00:36.5610000+00:00</time>
      </trkpt>
      <trkpt lat="51.283772" lon="8.588487">
        <ele>690.06</ele>
        <time>2026-08-11T01:00:37.3960000+00:00</time>
      </trkpt>
      <trkpt lat="51.283749" lon="8.588456">
        <ele>690.11</ele>
        <time>2026-08-11T01:00:38.4540000+00:00</time>
      </trkpt>
      <trkpt lat="51.283717" lon="8.588442">
        <ele>690.48</ele>
        <time>2026-08-11T01:00:39.6210000+00:00</time>
      </trkpt>
      <trkpt lat="51.283684" lon="8.588434">
        <ele>690.92</ele>
        <time>2026-08-11T01:00:40.7960000+00:00</time>
      </trkpt>
      <trkpt lat="51.283659" lon="8.588426">
        <ele>691.23</ele>
        <time>2026-08-11T01:00:41.6930000+00:00</time>
      </trkpt>
      <trkpt lat="51.283637" lon="8.588417">
        <ele>691.47</ele>
        <time>2026-08-11T01:00:42.4920000+00:00</time>
      </trkpt>
      <trkpt lat="51.283617" lon="8.588407">
        <ele>691.66</ele>
        <time>2026-08-11T01:00:43.2290000+00:00</time>
      </trkpt>
      <trkpt lat="51.283595" lon="8.588397">
        <ele>691.88</ele>
        <time>2026-08-11T01:00:44.0330000+00:00</time>
      </trkpt>
      <trkpt lat="51.283575" lon="8.588399">
        <ele>692.22</ele>
        <time>2026-08-11T01:00:44.7390000+00:00</time>
      </trkpt>
      <trkpt lat="51.283552" lon="8.588402">
        <ele>692.62</ele>
        <time>2026-08-11T01:00:45.5500000+00:00</time>
      </trkpt>
      <trkpt lat="51.283536" lon="8.58839">
        <ele>692.7</ele>
        <time>2026-08-11T01:00:46.1710000+00:00</time>
      </trkpt>
      <trkpt lat="51.283532" lon="8.588364">
        <ele>692.41</ele>
        <time>2026-08-11T01:00:46.7600000+00:00</time>
      </trkpt>
      <trkpt lat="51.283539" lon="8.588333">
        <ele>691.89</ele>
        <time>2026-08-11T01:00:47.4850000+00:00</time>
      </trkpt>
      <trkpt lat="51.283558" lon="8.588313">
        <ele>691.34</ele>
        <time>2026-08-11T01:00:48.2850000+00:00</time>
      </trkpt>
      <trkpt lat="51.283585" lon="8.588309">
        <ele>690.9</ele>
        <time>2026-08-11T01:00:49.2380000+00:00</time>
      </trkpt>
      <trkpt lat="51.283617" lon="8.588315">
        <ele>690.51</ele>
        <time>2026-08-11T01:00:50.3720000+00:00</time>
      </trkpt>
      <trkpt lat="51.283652" lon="8.588331">
        <ele>690.2</ele>
        <time>2026-08-11T01:00:51.6520000+00:00</time>
      </trkpt>
      <trkpt lat="51.283681" lon="8.588338">
        <ele>689.85</ele>
        <time>2026-08-11T01:00:52.6840000+00:00</time>
      </trkpt>
      <trkpt lat="51.283711" lon="8.588334">
        <ele>689.36</ele>
        <time>2026-08-11T01:00:53.7430000+00:00</time>
      </trkpt>
      <trkpt lat="51.283744" lon="8.588324">
        <ele>688.76</ele>
        <time>2026-08-11T01:00:54.9250000+00:00</time>
      </trkpt>
      <trkpt lat="51.283788" lon="8.588329">
        <ele>688.17</ele>
        <time>2026-08-11T01:00:56.4770000+00:00</time>
      </trkpt>
      <trkpt lat="51.283827" lon="8.588354">
        <ele>687.84</ele>
        <time>2026-08-11T01:00:57.9550000+00:00</time>
      </trkpt>
      <trkpt lat="51.28386" lon="8.588384">
        <ele>687.62</ele>
        <time>2026-08-11T01:00:59.2900000+00:00</time>
      </trkpt>
      <trkpt lat="51.283886" lon="8.588403">
        <ele>687.39</ele>
        <time>2026-08-11T01:01:00.2950000+00:00</time>
      </trkpt>
      <trkpt lat="51.283911" lon="8.588414">
        <ele>687.1</ele>
        <time>2026-08-11T01:01:01.2070000+00:00</time>
      </trkpt>
      <trkpt lat="51.283939" lon="8.588428">
        <ele>686.82</ele>
        <time>2026-08-11T01:01:02.2400000+00:00</time>
      </trkpt>
      <trkpt lat="51.283968" lon="8.588442">
        <ele>686.65</ele>
        <time>2026-08-11T01:01:03.3060000+00:00</time>
      </trkpt>
      <trkpt lat="51.28399" lon="8.588447">
        <ele>686.47</ele>
        <time>2026-08-11T01:01:04.0880000+00:00</time>
      </trkpt>
      <trkpt lat="51.284009" lon="8.588452">
        <ele>686.31</ele>
        <time>2026-08-11T01:01:04.7660000+00:00</time>
      </trkpt>
      <trkpt lat="51.284031" lon="8.588455">
        <ele>686.11</ele>
        <time>2026-08-11T01:01:05.5420000+00:00</time>
      </trkpt>
      <trkpt lat="51.284057" lon="8.588461">
        <ele>685.9</ele>
        <time>2026-08-11T01:01:06.4660000+00:00</time>
      </trkpt>
      <trkpt lat="51.284081" lon="8.588463">
        <ele>685.67</ele>
        <time>2026-08-11T01:01:07.3110000+00:00</time>
      </trkpt>
      <trkpt lat="51.284103" lon="8.588465">
        <ele>685.46</ele>
        <time>2026-08-11T01:01:08.0860000+00:00</time>
      </trkpt>
      <trkpt lat="51.284122" lon="8.588466">
        <ele>685.28</ele>
        <time>2026-08-11T01:01:08.7550000+00:00</time>
      </trkpt>
      <trkpt lat="51.284138" lon="8.588464">
        <ele>685.1</ele>
        <time>2026-08-11T01:01:09.3200000+00:00</time>
      </trkpt>
      <trkpt lat="51.284152" lon="8.588459">
        <ele>684.91</ele>
        <time>2026-08-11T01:01:09.8250000+00:00</time>
      </trkpt>
      <trkpt lat="51.284169" lon="8.58845">
        <ele>684.67</ele>
        <time>2026-08-11T01:01:10.4550000+00:00</time>
      </trkpt>
      <trkpt lat="51.284189" lon="8.588439">
        <ele>684.38</ele>
        <time>2026-08-11T01:01:11.1990000+00:00</time>
      </trkpt>
      <trkpt lat="51.284211" lon="8.588431">
        <ele>684.1</ele>
        <time>2026-08-11T01:01:11.9930000+00:00</time>
      </trkpt>
      <trkpt lat="51.284229" lon="8.588428">
        <ele>683.9</ele>
        <time>2026-08-11T01:01:12.6300000+00:00</time>
      </trkpt>
      <trkpt lat="51.284242" lon="8.588426">
        <ele>683.75</ele>
        <time>2026-08-11T01:01:13.0900000+00:00</time>
      </trkpt>
      <trkpt lat="51.284254" lon="8.58842">
        <ele>683.58</ele>
        <time>2026-08-11T01:01:13.5310000+00:00</time>
      </trkpt>
      <trkpt lat="51.284268" lon="8.588415">
        <ele>683.41</ele>
        <time>2026-08-11T01:01:14.0350000+00:00</time>
      </trkpt>
      <trkpt lat="51.284285" lon="8.588402">
        <ele>683.14</ele>
        <time>2026-08-11T01:01:14.6990000+00:00</time>
      </trkpt>
      <trkpt lat="51.284302" lon="8.588376">
        <ele>682.78</ele>
        <time>2026-08-11T01:01:15.5260000+00:00</time>
      </trkpt>
      <trkpt lat="51.28432" lon="8.588349">
        <ele>682.4</ele>
        <time>2026-08-11T01:01:16.3940000+00:00</time>
      </trkpt>
      <trkpt lat="51.284335" lon="8.58832">
        <ele>682.05</ele>
        <time>2026-08-11T01:01:17.2220000+00:00</time>
      </trkpt>
      <trkpt lat="51.284347" lon="8.588289">
        <ele>681.7</ele>
        <time>2026-08-11T01:01:18.0240000+00:00</time>
      </trkpt>
      <trkpt lat="51.284363" lon="8.588258">
        <ele>681.33</ele>
        <time>2026-08-11T01:01:18.9080000+00:00</time>
      </trkpt>
      <trkpt lat="51.284383" lon="8.588227">
        <ele>680.92</ele>
        <time>2026-08-11T01:01:19.8880000+00:00</time>
      </trkpt>
      <trkpt lat="51.284408" lon="8.588201">
        <ele>680.49</ele>
        <time>2026-08-11T01:01:20.9370000+00:00</time>
      </trkpt>
      <trkpt lat="51.284433" lon="8.58818">
        <ele>680.11</ele>
        <time>2026-08-11T01:01:21.9300000+00:00</time>
      </trkpt>
      <trkpt lat="51.28446" lon="8.588156">
        <ele>679.69</ele>
        <time>2026-08-11T01:01:23.0170000+00:00</time>
      </trkpt>
      <trkpt lat="51.284485" lon="8.588121">
        <ele>679.22</ele>
        <time>2026-08-11T01:01:24.1860000+00:00</time>
      </trkpt>
      <trkpt lat="51.284504" lon="8.588078">
        <ele>678.76</ele>
        <time>2026-08-11T01:01:25.3450000+00:00</time>
      </trkpt>
      <trkpt lat="51.284516" lon="8.588031">
        <ele>678.33</ele>
        <time>2026-08-11T01:01:26.4620000+00:00</time>
      </trkpt>
      <trkpt lat="51.28453" lon="8.587983">
        <ele>677.89</ele>
        <time>2026-08-11T01:01:27.6270000+00:00</time>
      </trkpt>
      <trkpt lat="51.284551" lon="8.587938">
        <ele>677.41</ele>
        <time>2026-08-11T01:01:28.8620000+00:00</time>
      </trkpt>
      <trkpt lat="51.284573" lon="8.5879">
        <ele>676.97</ele>
        <time>2026-08-11T01:01:30.0020000+00:00</time>
      </trkpt>
      <trkpt lat="51.2846" lon="8.587869">
        <ele>676.53</ele>
        <time>2026-08-11T01:01:31.1710000+00:00</time>
      </trkpt>
      <trkpt lat="51.284633" lon="8.587856">
        <ele>676.17</ele>
        <time>2026-08-11T01:01:32.3670000+00:00</time>
      </trkpt>
      <trkpt lat="51.284662" lon="8.587855">
        <ele>675.92</ele>
        <time>2026-08-11T01:01:33.3870000+00:00</time>
      </trkpt>
      <trkpt lat="51.284683" lon="8.587853">
        <ele>675.73</ele>
        <time>2026-08-11T01:01:34.1270000+00:00</time>
      </trkpt>
      <trkpt lat="51.284702" lon="8.587849">
        <ele>675.54</ele>
        <time>2026-08-11T01:01:34.8000000+00:00</time>
      </trkpt>
      <trkpt lat="51.284716" lon="8.587837">
        <ele>675.36</ele>
        <time>2026-08-11T01:01:35.3590000+00:00</time>
      </trkpt>
      <trkpt lat="51.28472" lon="8.587813">
        <ele>675.2</ele>
        <time>2026-08-11T01:01:35.9050000+00:00</time>
      </trkpt>
      <trkpt lat="51.28471" lon="8.587792">
        <ele>675.17</ele>
        <time>2026-08-11T01:01:36.4850000+00:00</time>
      </trkpt>
      <trkpt lat="51.284692" lon="8.587783">
        <ele>675.27</ele>
        <time>2026-08-11T01:01:37.1490000+00:00</time>
      </trkpt>
      <trkpt lat="51.28467" lon="8.587778">
        <ele>675.41</ele>
        <time>2026-08-11T01:01:37.9300000+00:00</time>
      </trkpt>
      <trkpt lat="51.284642" lon="8.587775">
        <ele>675.61</ele>
        <time>2026-08-11T01:01:38.9170000+00:00</time>
      </trkpt>
      <trkpt lat="51.284609" lon="8.587775">
        <ele>675.87</ele>
        <time>2026-08-11T01:01:40.0780000+00:00</time>
      </trkpt>
      <trkpt lat="51.284581" lon="8.587777">
        <ele>676.1</ele>
        <time>2026-08-11T01:01:41.0650000+00:00</time>
      </trkpt>
      <trkpt lat="51.284559" lon="8.587782">
        <ele>676.31</ele>
        <time>2026-08-11T01:01:41.8470000+00:00</time>
      </trkpt>
      <trkpt lat="51.284548" lon="8.587785">
        <ele>676.42</ele>
        <time>2026-08-11T01:01:42.2390000+00:00</time>
      </trkpt>
      <trkpt lat="51.284537" lon="8.587788">
        <ele>676.52</ele>
        <time>2026-08-11T01:01:42.6310000+00:00</time>
      </trkpt>
      <trkpt lat="51.284526" lon="8.58779">
        <ele>676.62</ele>
        <time>2026-08-11T01:01:43.0200000+00:00</time>
      </trkpt>
      <trkpt lat="51.284507" lon="8.587793">
        <ele>676.8</ele>
        <time>2026-08-11T01:01:43.6920000+00:00</time>
      </trkpt>
      <trkpt lat="51.284487" lon="8.587795">
        <ele>676.97</ele>
        <time>2026-08-11T01:01:44.3960000+00:00</time>
      </trkpt>
      <trkpt lat="51.284466" lon="8.587796">
        <ele>677.14</ele>
        <time>2026-08-11T01:01:45.1360000+00:00</time>
      </trkpt>
      <trkpt lat="51.284445" lon="8.5878">
        <ele>677.34</ele>
        <time>2026-08-11T01:01:45.8790000+00:00</time>
      </trkpt>
      <trkpt lat="51.28443" lon="8.587801">
        <ele>677.47</ele>
        <time>2026-08-11T01:01:46.4060000+00:00</time>
      </trkpt>
      <trkpt lat="51.284421" lon="8.587802">
        <ele>677.55</ele>
        <time>2026-08-11T01:01:46.7230000+00:00</time>
      </trkpt>
      <trkpt lat="51.28441" lon="8.587804">
        <ele>677.66</ele>
        <time>2026-08-11T01:01:47.1120000+00:00</time>
      </trkpt>
      <trkpt lat="51.284393" lon="8.587809">
        <ele>677.83</ele>
        <time>2026-08-11T01:01:47.7200000+00:00</time>
      </trkpt>
      <trkpt lat="51.284373" lon="8.587807">
        <ele>677.98</ele>
        <time>2026-08-11T01:01:48.4250000+00:00</time>
      </trkpt>
      <trkpt lat="51.284353" lon="8.587804">
        <ele>678.11</ele>
        <time>2026-08-11T01:01:49.1320000+00:00</time>
      </trkpt>
      <trkpt lat="51.284331" lon="8.587802">
        <ele>678.28</ele>
        <time>2026-08-11T01:01:49.9070000+00:00</time>
      </trkpt>
      <trkpt lat="51.284306" lon="8.587809">
        <ele>678.54</ele>
        <time>2026-08-11T01:01:50.8000000+00:00</time>
      </trkpt>
      <trkpt lat="51.284281" lon="8.58783">
        <ele>678.93</ele>
        <time>2026-08-11T01:01:51.7940000+00:00</time>
      </trkpt>
      <trkpt lat="51.284263" lon="8.587854">
        <ele>679.28</ele>
        <time>2026-08-11T01:01:52.6180000+00:00</time>
      </trkpt>
      <trkpt lat="51.28425" lon="8.58788">
        <ele>679.58</ele>
        <time>2026-08-11T01:01:53.3490000+00:00</time>
      </trkpt>
      <trkpt lat="51.284234" lon="8.587899">
        <ele>679.86</ele>
        <time>2026-08-11T01:01:54.0500000+00:00</time>
      </trkpt>
      <trkpt lat="51.284216" lon="8.587903">
        <ele>680.05</ele>
        <time>2026-08-11T01:01:54.6890000+00:00</time>
      </trkpt>
      <trkpt lat="51.284199" lon="8.587884">
        <ele>680.05</ele>
        <time>2026-08-11T01:01:55.4190000+00:00</time>
      </trkpt>
      <trkpt lat="51.284196" lon="8.58785">
        <ele>679.81</ele>
        <time>2026-08-11T01:01:56.1740000+00:00</time>
      </trkpt>
      <trkpt lat="51.284209" lon="8.587816">
        <ele>679.39</ele>
        <time>2026-08-11T01:01:57.0510000+00:00</time>
      </trkpt>
      <trkpt lat="51.284228" lon="8.587786">
        <ele>678.95</ele>
        <time>2026-08-11T01:01:57.9910000+00:00</time>
      </trkpt>
      <trkpt lat="51.284253" lon="8.587753">
        <ele>678.45</ele>
        <time>2026-08-11T01:01:59.1310000+00:00</time>
      </trkpt>
      <trkpt lat="51.284281" lon="8.587722">
        <ele>677.96</ele>
        <time>2026-08-11T01:02:00.3290000+00:00</time>
      </trkpt>
      <trkpt lat="51.284298" lon="8.587698">
        <ele>677.62</ele>
        <time>2026-08-11T01:02:01.1270000+00:00</time>
      </trkpt>
      <trkpt lat="51.284307" lon="8.587669">
        <ele>677.3</ele>
        <time>2026-08-11T01:02:01.8390000+00:00</time>
      </trkpt>
      <trkpt lat="51.284311" lon="8.587632">
        <ele>676.95</ele>
        <time>2026-08-11T01:02:02.6650000+00:00</time>
      </trkpt>
      <trkpt lat="51.284321" lon="8.587589">
        <ele>676.52</ele>
        <time>2026-08-11T01:02:03.6750000+00:00</time>
      </trkpt>
      <trkpt lat="51.284338" lon="8.587547">
        <ele>676.06</ele>
        <time>2026-08-11T01:02:04.7760000+00:00</time>
      </trkpt>
      <trkpt lat="51.284358" lon="8.587508">
        <ele>675.62</ele>
        <time>2026-08-11T01:02:05.8860000+00:00</time>
      </trkpt>
      <trkpt lat="51.284381" lon="8.587469">
        <ele>675.17</ele>
        <time>2026-08-11T01:02:07.0650000+00:00</time>
      </trkpt>
      <trkpt lat="51.284408" lon="8.587434">
        <ele>674.76</ele>
        <time>2026-08-11T01:02:08.2880000+00:00</time>
      </trkpt>
      <trkpt lat="51.284433" lon="8.587406">
        <ele>674.42</ele>
        <time>2026-08-11T01:02:09.3620000+00:00</time>
      </trkpt>
      <trkpt lat="51.284461" lon="8.58738">
        <ele>674.1</ele>
        <time>2026-08-11T01:02:10.5010000+00:00</time>
      </trkpt>
      <trkpt lat="51.284493" lon="8.587363">
        <ele>673.84</ele>
        <time>2026-08-11T01:02:11.6870000+00:00</time>
      </trkpt>
      <trkpt lat="51.284519" lon="8.587355">
        <ele>673.67</ele>
        <time>2026-08-11T01:02:12.6180000+00:00</time>
      </trkpt>
      <trkpt lat="51.284544" lon="8.587347">
        <ele>673.51</ele>
        <time>2026-08-11T01:02:13.5150000+00:00</time>
      </trkpt>
      <trkpt lat="51.284574" lon="8.58733">
        <ele>673.28</ele>
        <time>2026-08-11T01:02:14.6350000+00:00</time>
      </trkpt>
      <trkpt lat="51.284606" lon="8.587305">
        <ele>673</ele>
        <time>2026-08-11T01:02:15.8880000+00:00</time>
      </trkpt>
      <trkpt lat="51.284645" lon="8.587279">
        <ele>672.7</ele>
        <time>2026-08-11T01:02:17.3740000+00:00</time>
      </trkpt>
      <trkpt lat="51.284686" lon="8.587265">
        <ele>672.48</ele>
        <time>2026-08-11T01:02:18.8490000+00:00</time>
      </trkpt>
      <trkpt lat="51.284725" lon="8.587274">
        <ele>672.4</ele>
        <time>2026-08-11T01:02:20.2350000+00:00</time>
      </trkpt>
      <trkpt lat="51.284755" lon="8.587295">
        <ele>672.39</ele>
        <time>2026-08-11T01:02:21.3870000+00:00</time>
      </trkpt>
      <trkpt lat="51.28478" lon="8.587318">
        <ele>672.03</ele>
        <time>2026-08-11T01:02:22.4020000+00:00</time>
      </trkpt>
      <trkpt lat="51.284808" lon="8.587335">
        <ele>671.38</ele>
        <time>2026-08-11T01:02:23.4550000+00:00</time>
      </trkpt>
      <trkpt lat="51.284836" lon="8.587342">
        <ele>670.69</ele>
        <time>2026-08-11T01:02:24.4510000+00:00</time>
      </trkpt>
      <trkpt lat="51.284864" lon="8.587344">
        <ele>669.97</ele>
        <time>2026-08-11T01:02:25.4370000+00:00</time>
      </trkpt>
      <trkpt lat="51.284896" lon="8.587358">
        <ele>669.2</ele>
        <time>2026-08-11T01:02:26.6040000+00:00</time>
      </trkpt>
      <trkpt lat="51.284926" lon="8.587381">
        <ele>668.51</ele>
        <time>2026-08-11T01:02:27.7740000+00:00</time>
      </trkpt>
      <trkpt lat="51.284951" lon="8.587403">
        <ele>667.93</ele>
        <time>2026-08-11T01:02:28.7780000+00:00</time>
      </trkpt>
      <trkpt lat="51.284975" lon="8.587428">
        <ele>667.39</ele>
        <time>2026-08-11T01:02:29.7850000+00:00</time>
      </trkpt>
      <trkpt lat="51.284993" lon="8.587454">
        <ele>667.01</ele>
        <time>2026-08-11T01:02:30.6380000+00:00</time>
      </trkpt>
      <trkpt lat="51.285009" lon="8.587483">
        <ele>666.68</ele>
        <time>2026-08-11T01:02:31.4890000+00:00</time>
      </trkpt>
      <trkpt lat="51.285026" lon="8.587504">
        <ele>666.3</ele>
        <time>2026-08-11T01:02:32.2450000+00:00</time>
      </trkpt>
      <trkpt lat="51.285044" lon="8.58751">
        <ele>665.83</ele>
        <time>2026-08-11T01:02:32.8920000+00:00</time>
      </trkpt>
      <trkpt lat="51.285062" lon="8.58749">
        <ele>665.29</ele>
        <time>2026-08-11T01:02:33.6630000+00:00</time>
      </trkpt>
      <trkpt lat="51.285064" lon="8.587449">
        <ele>665.11</ele>
        <time>2026-08-11T01:02:34.5680000+00:00</time>
      </trkpt>
      <trkpt lat="51.285048" lon="8.587414">
        <ele>665.42</ele>
        <time>2026-08-11T01:02:35.5220000+00:00</time>
      </trkpt>
      <trkpt lat="51.285022" lon="8.587385">
        <ele>666.01</ele>
        <time>2026-08-11T01:02:36.6370000+00:00</time>
      </trkpt>
      <trkpt lat="51.284994" lon="8.587358">
        <ele>666.65</ele>
        <time>2026-08-11T01:02:37.7870000+00:00</time>
      </trkpt>
      <trkpt lat="51.284971" lon="8.58733">
        <ele>667.15</ele>
        <time>2026-08-11T01:02:38.8040000+00:00</time>
      </trkpt>
      <trkpt lat="51.284947" lon="8.587298">
        <ele>667.65</ele>
        <time>2026-08-11T01:02:39.9040000+00:00</time>
      </trkpt>
      <trkpt lat="51.284917" lon="8.587265">
        <ele>668.29</ele>
        <time>2026-08-11T01:02:41.1850000+00:00</time>
      </trkpt>
      <trkpt lat="51.284879" lon="8.587248">
        <ele>669.19</ele>
        <time>2026-08-11T01:02:42.5730000+00:00</time>
      </trkpt>
      <trkpt lat="51.284846" lon="8.587245">
        <ele>670.01</ele>
        <time>2026-08-11T01:02:43.7350000+00:00</time>
      </trkpt>
      <trkpt lat="51.284817" lon="8.587231">
        <ele>670.68</ele>
        <time>2026-08-11T01:02:44.8010000+00:00</time>
      </trkpt>
      <trkpt lat="51.284788" lon="8.587212">
        <ele>671.33</ele>
        <time>2026-08-11T01:02:45.9040000+00:00</time>
      </trkpt>
      <trkpt lat="51.284751" lon="8.58719">
        <ele>671.89</ele>
        <time>2026-08-11T01:02:47.2920000+00:00</time>
      </trkpt>
      <trkpt lat="51.284711" lon="8.587178">
        <ele>671.94</ele>
        <time>2026-08-11T01:02:48.7240000+00:00</time>
      </trkpt>
      <trkpt lat="51.284672" lon="8.587175">
        <ele>672.03</ele>
        <time>2026-08-11T01:02:50.0970000+00:00</time>
      </trkpt>
      <trkpt lat="51.284638" lon="8.587169">
        <ele>672.08</ele>
        <time>2026-08-11T01:02:51.3010000+00:00</time>
      </trkpt>
      <trkpt lat="51.284606" lon="8.587157">
        <ele>672.09</ele>
        <time>2026-08-11T01:02:52.4570000+00:00</time>
      </trkpt>
      <trkpt lat="51.284572" lon="8.587151">
        <ele>672.13</ele>
        <time>2026-08-11T01:02:53.6600000+00:00</time>
      </trkpt>
      <trkpt lat="51.284533" lon="8.587162">
        <ele>672.3</ele>
        <time>2026-08-11T01:02:55.0540000+00:00</time>
      </trkpt>
      <trkpt lat="51.284504" lon="8.58719">
        <ele>672.57</ele>
        <time>2026-08-11T01:02:56.2460000+00:00</time>
      </trkpt>
      <trkpt lat="51.284479" lon="8.587209">
        <ele>672.78</ele>
        <time>2026-08-11T01:02:57.2200000+00:00</time>
      </trkpt>
      <trkpt lat="51.284454" lon="8.587213">
        <ele>672.88</ele>
        <time>2026-08-11T01:02:58.1030000+00:00</time>
      </trkpt>
      <trkpt lat="51.284428" lon="8.587208">
        <ele>672.92</ele>
        <time>2026-08-11T01:02:59.0240000+00:00</time>
      </trkpt>
      <trkpt lat="51.284397" lon="8.587204">
        <ele>672.98</ele>
        <time>2026-08-11T01:03:00.1180000+00:00</time>
      </trkpt>
      <trkpt lat="51.284365" lon="8.587207">
        <ele>673.1</ele>
        <time>2026-08-11T01:03:01.2460000+00:00</time>
      </trkpt>
      <trkpt lat="51.284334" lon="8.587218">
        <ele>673.28</ele>
        <time>2026-08-11T01:03:02.3630000+00:00</time>
      </trkpt>
      <trkpt lat="51.284312" lon="8.587236">
        <ele>673.5</ele>
        <time>2026-08-11T01:03:03.2320000+00:00</time>
      </trkpt>
      <trkpt lat="51.284294" lon="8.587254">
        <ele>673.72</ele>
        <time>2026-08-11T01:03:03.9780000+00:00</time>
      </trkpt>
      <trkpt lat="51.284277" lon="8.587265">
        <ele>673.87</ele>
        <time>2026-08-11T01:03:04.6230000+00:00</time>
      </trkpt>
      <trkpt lat="51.284257" lon="8.587271">
        <ele>674</ele>
        <time>2026-08-11T01:03:05.3380000+00:00</time>
      </trkpt>
      <trkpt lat="51.284233" lon="8.587284">
        <ele>674.2</ele>
        <time>2026-08-11T01:03:06.2300000+00:00</time>
      </trkpt>
      <trkpt lat="51.284207" lon="8.587303">
        <ele>674.48</ele>
        <time>2026-08-11T01:03:07.2360000+00:00</time>
      </trkpt>
      <trkpt lat="51.284179" lon="8.587325">
        <ele>674.8</ele>
        <time>2026-08-11T01:03:08.3340000+00:00</time>
      </trkpt>
      <trkpt lat="51.284153" lon="8.587347">
        <ele>675.12</ele>
        <time>2026-08-11T01:03:09.3680000+00:00</time>
      </trkpt>
      <trkpt lat="51.284133" lon="8.587369">
        <ele>675.43</ele>
        <time>2026-08-11T01:03:10.2230000+00:00</time>
      </trkpt>
      <trkpt lat="51.284116" lon="8.58739">
        <ele>675.72</ele>
        <time>2026-08-11T01:03:10.9780000+00:00</time>
      </trkpt>
      <trkpt lat="51.284094" lon="8.587414">
        <ele>676.07</ele>
        <time>2026-08-11T01:03:11.9150000+00:00</time>
      </trkpt>
      <trkpt lat="51.284075" lon="8.587439">
        <ele>676.43</ele>
        <time>2026-08-11T01:03:12.7800000+00:00</time>
      </trkpt>
      <trkpt lat="51.284063" lon="8.587463">
        <ele>676.75</ele>
        <time>2026-08-11T01:03:13.4560000+00:00</time>
      </trkpt>
      <trkpt lat="51.28405" lon="8.587482">
        <ele>677.03</ele>
        <time>2026-08-11T01:03:14.0750000+00:00</time>
      </trkpt>
      <trkpt lat="51.284035" lon="8.587497">
        <ele>677.27</ele>
        <time>2026-08-11T01:03:14.6980000+00:00</time>
      </trkpt>
      <trkpt lat="51.284017" lon="8.587508">
        <ele>677.49</ele>
        <time>2026-08-11T01:03:15.3770000+00:00</time>
      </trkpt>
      <trkpt lat="51.283994" lon="8.587516">
        <ele>677.71</ele>
        <time>2026-08-11T01:03:16.2040000+00:00</time>
      </trkpt>
      <trkpt lat="51.283966" lon="8.587526">
        <ele>677.98</ele>
        <time>2026-08-11T01:03:17.2130000+00:00</time>
      </trkpt>
      <trkpt lat="51.283938" lon="8.587546">
        <ele>678.38</ele>
        <time>2026-08-11T01:03:18.2920000+00:00</time>
      </trkpt>
      <trkpt lat="51.28392" lon="8.587562">
        <ele>678.66</ele>
        <time>2026-08-11T01:03:19.0160000+00:00</time>
      </trkpt>
      <trkpt lat="51.283911" lon="8.587567">
        <ele>678.75</ele>
        <time>2026-08-11T01:03:19.3530000+00:00</time>
      </trkpt>
      <trkpt lat="51.283899" lon="8.587577">
        <ele>678.92</ele>
        <time>2026-08-11T01:03:19.8300000+00:00</time>
      </trkpt>
      <trkpt lat="51.283886" lon="8.587584">
        <ele>679.06</ele>
        <time>2026-08-11T01:03:20.3120000+00:00</time>
      </trkpt>
      <trkpt lat="51.283866" lon="8.587593">
        <ele>679.25</ele>
        <time>2026-08-11T01:03:21.0430000+00:00</time>
      </trkpt>
      <trkpt lat="51.28385" lon="8.587609">
        <ele>679.53</ele>
        <time>2026-08-11T01:03:21.7070000+00:00</time>
      </trkpt>
      <trkpt lat="51.283834" lon="8.587624">
        <ele>679.81</ele>
        <time>2026-08-11T01:03:22.3600000+00:00</time>
      </trkpt>
      <trkpt lat="51.283817" lon="8.587632">
        <ele>680</ele>
        <time>2026-08-11T01:03:22.9830000+00:00</time>
      </trkpt>
      <trkpt lat="51.283797" lon="8.587629">
        <ele>680.05</ele>
        <time>2026-08-11T01:03:23.6880000+00:00</time>
      </trkpt>
      <trkpt lat="51.283785" lon="8.587605">
        <ele>679.76</ele>
        <time>2026-08-11T01:03:24.3650000+00:00</time>
      </trkpt>
      <trkpt lat="51.283788" lon="8.587574">
        <ele>679.3</ele>
        <time>2026-08-11T01:03:25.0550000+00:00</time>
      </trkpt>
      <trkpt lat="51.283804" lon="8.587558">
        <ele>679.01</ele>
        <time>2026-08-11T01:03:25.7190000+00:00</time>
      </trkpt>
      <trkpt lat="51.283823" lon="8.587547">
        <ele>678.79</ele>
        <time>2026-08-11T01:03:26.4300000+00:00</time>
      </trkpt>
      <trkpt lat="51.283845" lon="8.587534">
        <ele>678.54</ele>
        <time>2026-08-11T01:03:27.2550000+00:00</time>
      </trkpt>
      <trkpt lat="51.283871" lon="8.587517">
        <ele>678.24</ele>
        <time>2026-08-11T01:03:28.2430000+00:00</time>
      </trkpt>
      <trkpt lat="51.2839" lon="8.587495">
        <ele>677.89</ele>
        <time>2026-08-11T01:03:29.3720000+00:00</time>
      </trkpt>
      <trkpt lat="51.283932" lon="8.587473">
        <ele>677.54</ele>
        <time>2026-08-11T01:03:30.5970000+00:00</time>
      </trkpt>
      <trkpt lat="51.283963" lon="8.587453">
        <ele>677.14</ele>
        <time>2026-08-11T01:03:31.7720000+00:00</time>
      </trkpt>
      <trkpt lat="51.28399" lon="8.587423">
        <ele>676.66</ele>
        <time>2026-08-11T01:03:32.9290000+00:00</time>
      </trkpt>
      <trkpt lat="51.284018" lon="8.587387">
        <ele>676.13</ele>
        <time>2026-08-11T01:03:34.1930000+00:00</time>
      </trkpt>
      <trkpt lat="51.284049" lon="8.58735">
        <ele>675.58</ele>
        <time>2026-08-11T01:03:35.5530000+00:00</time>
      </trkpt>
      <trkpt lat="51.284084" lon="8.58733">
        <ele>675.22</ele>
        <time>2026-08-11T01:03:36.8610000+00:00</time>
      </trkpt>
      <trkpt lat="51.284116" lon="8.587317">
        <ele>674.96</ele>
        <time>2026-08-11T01:03:38.0230000+00:00</time>
      </trkpt>
      <trkpt lat="51.284141" lon="8.587298">
        <ele>674.67</ele>
        <time>2026-08-11T01:03:38.9960000+00:00</time>
      </trkpt>
      <trkpt lat="51.284162" lon="8.587273">
        <ele>674.34</ele>
        <time>2026-08-11T01:03:39.9170000+00:00</time>
      </trkpt>
      <trkpt lat="51.284187" lon="8.587244">
        <ele>673.97</ele>
        <time>2026-08-11T01:03:41.0030000+00:00</time>
      </trkpt>
      <trkpt lat="51.284214" lon="8.587217">
        <ele>673.63</ele>
        <time>2026-08-11T01:03:42.1240000+00:00</time>
      </trkpt>
      <trkpt lat="51.284239" lon="8.587193">
        <ele>673.33</ele>
        <time>2026-08-11T01:03:43.1500000+00:00</time>
      </trkpt>
      <trkpt lat="51.284264" lon="8.587163">
        <ele>672.99</ele>
        <time>2026-08-11T01:03:44.2500000+00:00</time>
      </trkpt>
      <trkpt lat="51.284291" lon="8.587136">
        <ele>672.68</ele>
        <time>2026-08-11T01:03:45.3700000+00:00</time>
      </trkpt>
      <trkpt lat="51.284316" lon="8.587111">
        <ele>672.4</ele>
        <time>2026-08-11T01:03:46.4070000+00:00</time>
      </trkpt>
      <trkpt lat="51.284343" lon="8.587092">
        <ele>672.19</ele>
        <time>2026-08-11T01:03:47.4450000+00:00</time>
      </trkpt>
      <trkpt lat="51.284369" lon="8.587082">
        <ele>672.06</ele>
        <time>2026-08-11T01:03:48.3850000+00:00</time>
      </trkpt>
      <trkpt lat="51.284399" lon="8.587072">
        <ele>671.92</ele>
        <time>2026-08-11T01:03:49.4630000+00:00</time>
      </trkpt>
      <trkpt lat="51.284432" lon="8.587061">
        <ele>671.78</ele>
        <time>2026-08-11T01:03:50.6490000+00:00</time>
      </trkpt>
      <trkpt lat="51.284464" lon="8.587051">
        <ele>671.66</ele>
        <time>2026-08-11T01:03:51.7950000+00:00</time>
      </trkpt>
      <trkpt lat="51.284493" lon="8.587033">
        <ele>671.48</ele>
        <time>2026-08-11T01:03:52.8890000+00:00</time>
      </trkpt>
      <trkpt lat="51.284523" lon="8.587018">
        <ele>671.34</ele>
        <time>2026-08-11T01:03:53.9940000+00:00</time>
      </trkpt>
      <trkpt lat="51.284554" lon="8.587013">
        <ele>671.27</ele>
        <time>2026-08-11T01:03:55.0910000+00:00</time>
      </trkpt>
      <trkpt lat="51.284585" lon="8.587012">
        <ele>671.22</ele>
        <time>2026-08-11T01:03:56.1810000+00:00</time>
      </trkpt>
      <trkpt lat="51.284615" lon="8.587">
        <ele>670.94</ele>
        <time>2026-08-11T01:03:57.2700000+00:00</time>
      </trkpt>
      <trkpt lat="51.284646" lon="8.586978">
        <ele>670.44</ele>
        <time>2026-08-11T01:03:58.4630000+00:00</time>
      </trkpt>
      <trkpt lat="51.284687" lon="8.586961">
        <ele>670.05</ele>
        <time>2026-08-11T01:03:59.9530000+00:00</time>
      </trkpt>
      <trkpt lat="51.284733" lon="8.586958">
        <ele>669.95</ele>
        <time>2026-08-11T01:04:01.5720000+00:00</time>
      </trkpt>
      <trkpt lat="51.284776" lon="8.586964">
        <ele>669.74</ele>
        <time>2026-08-11T01:04:03.0910000+00:00</time>
      </trkpt>
      <trkpt lat="51.284814" lon="8.586975">
        <ele>669.07</ele>
        <time>2026-08-11T01:04:04.4490000+00:00</time>
      </trkpt>
      <trkpt lat="51.284846" lon="8.586982">
        <ele>668.46</ele>
        <time>2026-08-11T01:04:05.5860000+00:00</time>
      </trkpt>
      <trkpt lat="51.284877" lon="8.586989">
        <ele>667.86</ele>
        <time>2026-08-11T01:04:06.6870000+00:00</time>
      </trkpt>
      <trkpt lat="51.284904" lon="8.586995">
        <ele>667.32</ele>
        <time>2026-08-11T01:04:07.6450000+00:00</time>
      </trkpt>
      <trkpt lat="51.284931" lon="8.587002">
        <ele>666.81</ele>
        <time>2026-08-11T01:04:08.6070000+00:00</time>
      </trkpt>
      <trkpt lat="51.284965" lon="8.58701">
        <ele>666.13</ele>
        <time>2026-08-11T01:04:09.8160000+00:00</time>
      </trkpt>
      <trkpt lat="51.285006" lon="8.587027">
        <ele>665.21</ele>
        <time>2026-08-11T01:04:11.3060000+00:00</time>
      </trkpt>
      <trkpt lat="51.285041" lon="8.587055">
        <ele>664.46</ele>
        <time>2026-08-11T01:04:12.6830000+00:00</time>
      </trkpt>
      <trkpt lat="51.285073" lon="8.587074">
        <ele>663.74</ele>
        <time>2026-08-11T01:04:13.8840000+00:00</time>
      </trkpt>
      <trkpt lat="51.285106" lon="8.587092">
        <ele>662.98</ele>
        <time>2026-08-11T01:04:15.1110000+00:00</time>
      </trkpt>
      <trkpt lat="51.285136" lon="8.587128">
        <ele>662.34</ele>
        <time>2026-08-11T01:04:16.4300000+00:00</time>
      </trkpt>
      <trkpt lat="51.285154" lon="8.587174">
        <ele>662.02</ele>
        <time>2026-08-11T01:04:17.6240000+00:00</time>
      </trkpt>
      <trkpt lat="51.285159" lon="8.587218">
        <ele>662</ele>
        <time>2026-08-11T01:04:18.6080000+00:00</time>
      </trkpt>
      <trkpt lat="51.285168" lon="8.587247">
        <ele>661.85</ele>
        <time>2026-08-11T01:04:19.3210000+00:00</time>
      </trkpt>
      <trkpt lat="51.285184" lon="8.587261">
        <ele>661.47</ele>
        <time>2026-08-11T01:04:19.9620000+00:00</time>
      </trkpt>
      <trkpt lat="51.285202" lon="8.587241">
        <ele>660.97</ele>
        <time>2026-08-11T01:04:20.7330000+00:00</time>
      </trkpt>
      <trkpt lat="51.285205" lon="8.587205">
        <ele>660.81</ele>
        <time>2026-08-11T01:04:21.5330000+00:00</time>
      </trkpt>
      <trkpt lat="51.285195" lon="8.587165">
        <ele>660.97</ele>
        <time>2026-08-11T01:04:22.4810000+00:00</time>
      </trkpt>
      <trkpt lat="51.285181" lon="8.587121">
        <ele>661.22</ele>
        <time>2026-08-11T01:04:23.5670000+00:00</time>
      </trkpt>
      <trkpt lat="51.285162" lon="8.587078">
        <ele>661.58</ele>
        <time>2026-08-11T01:04:24.7250000+00:00</time>
      </trkpt>
      <trkpt lat="51.285141" lon="8.587036">
        <ele>661.98</ele>
        <time>2026-08-11T01:04:25.9090000+00:00</time>
      </trkpt>
      <trkpt lat="51.285121" lon="8.586994">
        <ele>662.16</ele>
        <time>2026-08-11T01:04:27.0700000+00:00</time>
      </trkpt>
      <trkpt lat="51.285096" lon="8.586959">
        <ele>662.26</ele>
        <time>2026-08-11T01:04:28.2390000+00:00</time>
      </trkpt>
      <trkpt lat="51.285065" lon="8.586933">
        <ele>662.59</ele>
        <time>2026-08-11T01:04:29.4700000+00:00</time>
      </trkpt>
      <trkpt lat="51.285035" lon="8.586921">
        <ele>663.08</ele>
        <time>2026-08-11T01:04:30.5580000+00:00</time>
      </trkpt>
      <trkpt lat="51.285008" lon="8.586912">
        <ele>663.54</ele>
        <time>2026-08-11T01:04:31.5290000+00:00</time>
      </trkpt>
      <trkpt lat="51.284986" lon="8.586912">
        <ele>664.03</ele>
        <time>2026-08-11T01:04:32.3030000+00:00</time>
      </trkpt>
      <trkpt lat="51.284964" lon="8.586914">
        <ele>664.55</ele>
        <time>2026-08-11T01:04:33.0790000+00:00</time>
      </trkpt>
      <trkpt lat="51.284951" lon="8.586912">
        <ele>664.81</ele>
        <time>2026-08-11T01:04:33.5380000+00:00</time>
      </trkpt>
      <trkpt lat="51.284941" lon="8.586906">
        <ele>664.93</ele>
        <time>2026-08-11T01:04:33.9130000+00:00</time>
      </trkpt>
      <trkpt lat="51.284934" lon="8.586894">
        <ele>664.88</ele>
        <time>2026-08-11T01:04:34.2740000+00:00</time>
      </trkpt>
      <trkpt lat="51.28493" lon="8.586877">
        <ele>664.67</ele>
        <time>2026-08-11T01:04:34.6720000+00:00</time>
      </trkpt>
      <trkpt lat="51.284932" lon="8.586863">
        <ele>664.38</ele>
        <time>2026-08-11T01:04:34.9870000+00:00</time>
      </trkpt>
      <trkpt lat="51.284939" lon="8.586849">
        <ele>664</ele>
        <time>2026-08-11T01:04:35.3810000+00:00</time>
      </trkpt>
      <trkpt lat="51.284948" lon="8.586839">
        <ele>663.64</ele>
        <time>2026-08-11T01:04:35.7660000+00:00</time>
      </trkpt>
      <trkpt lat="51.284958" lon="8.586832">
        <ele>663.31</ele>
        <time>2026-08-11T01:04:36.1480000+00:00</time>
      </trkpt>
      <trkpt lat="51.284981" lon="8.586817">
        <ele>662.59</ele>
        <time>2026-08-11T01:04:37.0220000+00:00</time>
      </trkpt>
      <trkpt lat="51.285016" lon="8.5868">
        <ele>661.61</ele>
        <time>2026-08-11T01:04:38.3090000+00:00</time>
      </trkpt>
      <trkpt lat="51.285057" lon="8.586795">
        <ele>660.72</ele>
        <time>2026-08-11T01:04:39.7550000+00:00</time>
      </trkpt>
      <trkpt lat="51.285096" lon="8.586803">
        <ele>660.05</ele>
        <time>2026-08-11T01:04:41.1390000+00:00</time>
      </trkpt>
      <trkpt lat="51.285129" lon="8.586821">
        <ele>659.63</ele>
        <time>2026-08-11T01:04:42.3660000+00:00</time>
      </trkpt>
      <trkpt lat="51.285152" lon="8.586835">
        <ele>659.34</ele>
        <time>2026-08-11T01:04:43.2310000+00:00</time>
      </trkpt>
      <trkpt lat="51.285163" lon="8.586838">
        <ele>659.15</ele>
        <time>2026-08-11T01:04:43.6220000+00:00</time>
      </trkpt>
      <trkpt lat="51.285173" lon="8.586834">
        <ele>658.89</ele>
        <time>2026-08-11T01:04:43.9850000+00:00</time>
      </trkpt>
      <trkpt lat="51.285184" lon="8.586827">
        <ele>658.58</ele>
        <time>2026-08-11T01:04:44.4020000+00:00</time>
      </trkpt>
      <trkpt lat="51.285192" lon="8.586812">
        <ele>658.23</ele>
        <time>2026-08-11T01:04:44.8350000+00:00</time>
      </trkpt>
      <trkpt lat="51.285195" lon="8.586793">
        <ele>657.93</ele>
        <time>2026-08-11T01:04:45.2660000+00:00</time>
      </trkpt>
      <trkpt lat="51.285195" lon="8.586773">
        <ele>657.69</ele>
        <time>2026-08-11T01:04:45.7050000+00:00</time>
      </trkpt>
      <trkpt lat="51.285188" lon="8.586755">
        <ele>657.6</ele>
        <time>2026-08-11T01:04:46.1700000+00:00</time>
      </trkpt>
      <trkpt lat="51.285178" lon="8.586742">
        <ele>657.63</ele>
        <time>2026-08-11T01:04:46.6240000+00:00</time>
      </trkpt>
      <trkpt lat="51.28515" lon="8.586718">
        <ele>657.85</ele>
        <time>2026-08-11T01:04:47.7410000+00:00</time>
      </trkpt>
      <trkpt lat="51.28511" lon="8.586698">
        <ele>658.31</ele>
        <time>2026-08-11T01:04:49.2160000+00:00</time>
      </trkpt>
      <trkpt lat="51.285063" lon="8.586689">
        <ele>659.03</ele>
        <time>2026-08-11T01:04:50.8810000+00:00</time>
      </trkpt>
      <trkpt lat="51.28502" lon="8.586693">
        <ele>659.86</ele>
        <time>2026-08-11T01:04:52.3960000+00:00</time>
      </trkpt>
      <trkpt lat="51.284985" lon="8.586699">
        <ele>660.59</ele>
        <time>2026-08-11T01:04:53.6350000+00:00</time>
      </trkpt>
      <trkpt lat="51.284955" lon="8.586709">
        <ele>661.31</ele>
        <time>2026-08-11T01:04:54.7130000+00:00</time>
      </trkpt>
      <trkpt lat="51.284932" lon="8.586717">
        <ele>661.87</ele>
        <time>2026-08-11T01:04:55.5410000+00:00</time>
      </trkpt>
      <trkpt lat="51.284916" lon="8.586721">
        <ele>662.23</ele>
        <time>2026-08-11T01:04:56.1110000+00:00</time>
      </trkpt>
      <trkpt lat="51.284907" lon="8.586723">
        <ele>662.44</ele>
        <time>2026-08-11T01:04:56.4310000+00:00</time>
      </trkpt>
      <trkpt lat="51.284895" lon="8.586726">
        <ele>662.71</ele>
        <time>2026-08-11T01:04:56.8580000+00:00</time>
      </trkpt>
      <trkpt lat="51.28488" lon="8.586726">
        <ele>662.99</ele>
        <time>2026-08-11T01:04:57.3850000+00:00</time>
      </trkpt>
      <trkpt lat="51.284862" lon="8.586732">
        <ele>663.44</ele>
        <time>2026-08-11T01:04:58.0320000+00:00</time>
      </trkpt>
      <trkpt lat="51.284841" lon="8.586742">
        <ele>664.03</ele>
        <time>2026-08-11T01:04:58.8030000+00:00</time>
      </trkpt>
      <trkpt lat="51.284819" lon="8.586753">
        <ele>664.66</ele>
        <time>2026-08-11T01:04:59.6140000+00:00</time>
      </trkpt>
      <trkpt lat="51.284797" lon="8.586758">
        <ele>665.18</ele>
        <time>2026-08-11T01:05:00.3960000+00:00</time>
      </trkpt>
      <trkpt lat="51.284785" lon="8.586758">
        <ele>665.41</ele>
        <time>2026-08-11T01:05:00.8180000+00:00</time>
      </trkpt>
      <trkpt lat="51.284775" lon="8.586755">
        <ele>665.54</ele>
        <time>2026-08-11T01:05:01.1760000+00:00</time>
      </trkpt>
      <trkpt lat="51.284766" lon="8.586743">
        <ele>665.47</ele>
        <time>2026-08-11T01:05:01.5880000+00:00</time>
      </trkpt>
      <trkpt lat="51.284761" lon="8.586727">
        <ele>665.2</ele>
        <time>2026-08-11T01:05:01.9820000+00:00</time>
      </trkpt>
      <trkpt lat="51.28476" lon="8.586711">
        <ele>664.88</ele>
        <time>2026-08-11T01:05:02.3370000+00:00</time>
      </trkpt>
      <trkpt lat="51.284763" lon="8.586694">
        <ele>664.53</ele>
        <time>2026-08-11T01:05:02.7270000+00:00</time>
      </trkpt>
      <trkpt lat="51.284771" lon="8.586682">
        <ele>664.14</ele>
        <time>2026-08-11T01:05:03.1120000+00:00</time>
      </trkpt>
      <trkpt lat="51.284782" lon="8.586673">
        <ele>663.76</ele>
        <time>2026-08-11T01:05:03.5480000+00:00</time>
      </trkpt>
      <trkpt lat="51.284805" lon="8.586665">
        <ele>663.2</ele>
        <time>2026-08-11T01:05:04.3760000+00:00</time>
      </trkpt>
      <trkpt lat="51.284834" lon="8.586666">
        <ele>662.71</ele>
        <time>2026-08-11T01:05:05.3960000+00:00</time>
      </trkpt>
      <trkpt lat="51.284867" lon="8.586666">
        <ele>662.13</ele>
        <time>2026-08-11T01:05:06.5570000+00:00</time>
      </trkpt>
      <trkpt lat="51.284893" lon="8.586664">
        <ele>661.64</ele>
        <time>2026-08-11T01:05:07.4730000+00:00</time>
      </trkpt>
      <trkpt lat="51.284916" lon="8.586657">
        <ele>661.11</ele>
        <time>2026-08-11T01:05:08.2960000+00:00</time>
      </trkpt>
      <trkpt lat="51.284938" lon="8.586644">
        <ele>660.51</ele>
        <time>2026-08-11T01:05:09.1220000+00:00</time>
      </trkpt>
      <trkpt lat="51.284965" lon="8.586625">
        <ele>659.73</ele>
        <time>2026-08-11T01:05:10.1600000+00:00</time>
      </trkpt>
      <trkpt lat="51.284991" lon="8.586606">
        <ele>658.98</ele>
        <time>2026-08-11T01:05:11.1660000+00:00</time>
      </trkpt>
      <trkpt lat="51.285024" lon="8.586579">
        <ele>658.02</ele>
        <time>2026-08-11T01:05:12.4700000+00:00</time>
      </trkpt>
      <trkpt lat="51.285062" lon="8.586554">
        <ele>657.05</ele>
        <time>2026-08-11T01:05:13.9150000+00:00</time>
      </trkpt>
      <trkpt lat="51.285103" lon="8.586537">
        <ele>656.18</ele>
        <time>2026-08-11T01:05:15.4060000+00:00</time>
      </trkpt>
      <trkpt lat="51.285144" lon="8.586532">
        <ele>655.49</ele>
        <time>2026-08-11T01:05:16.8520000+00:00</time>
      </trkpt>
      <trkpt lat="51.285182" lon="8.586537">
        <ele>654.98</ele>
        <time>2026-08-11T01:05:18.1940000+00:00</time>
      </trkpt>
      <trkpt lat="51.285214" lon="8.586548">
        <ele>654.63</ele>
        <time>2026-08-11T01:05:19.3450000+00:00</time>
      </trkpt>
      <trkpt lat="51.285238" lon="8.586557">
        <ele>654.36</ele>
        <time>2026-08-11T01:05:20.2130000+00:00</time>
      </trkpt>
      <trkpt lat="51.285258" lon="8.586562">
        <ele>654.11</ele>
        <time>2026-08-11T01:05:20.9250000+00:00</time>
      </trkpt>
      <trkpt lat="51.285279" lon="8.586564">
        <ele>653.8</ele>
        <time>2026-08-11T01:05:21.6650000+00:00</time>
      </trkpt>
      <trkpt lat="51.285296" lon="8.586557">
        <ele>653.46</ele>
        <time>2026-08-11T01:05:22.2830000+00:00</time>
      </trkpt>
      <trkpt lat="51.285316" lon="8.58654">
        <ele>652.98</ele>
        <time>2026-08-11T01:05:23.0800000+00:00</time>
      </trkpt>
      <trkpt lat="51.285338" lon="8.586523">
        <ele>652.48</ele>
        <time>2026-08-11T01:05:23.9390000+00:00</time>
      </trkpt>
      <trkpt lat="51.285363" lon="8.586505">
        <ele>651.95</ele>
        <time>2026-08-11T01:05:24.9040000+00:00</time>
      </trkpt>
      <trkpt lat="51.285389" lon="8.586488">
        <ele>651.42</ele>
        <time>2026-08-11T01:05:25.8920000+00:00</time>
      </trkpt>
      <trkpt lat="51.285415" lon="8.586479">
        <ele>650.98</ele>
        <time>2026-08-11T01:05:26.8280000+00:00</time>
      </trkpt>
      <trkpt lat="51.285438" lon="8.586474">
        <ele>650.62</ele>
        <time>2026-08-11T01:05:27.6440000+00:00</time>
      </trkpt>
      <trkpt lat="51.285457" lon="8.586471">
        <ele>650.33</ele>
        <time>2026-08-11T01:05:28.3150000+00:00</time>
      </trkpt>
      <trkpt lat="51.285468" lon="8.58647">
        <ele>650.17</ele>
        <time>2026-08-11T01:05:28.7020000+00:00</time>
      </trkpt>
      <trkpt lat="51.285482" lon="8.586458">
        <ele>649.89</ele>
        <time>2026-08-11T01:05:29.2610000+00:00</time>
      </trkpt>
      <trkpt lat="51.285491" lon="8.58645">
        <ele>649.71</ele>
        <time>2026-08-11T01:05:29.6240000+00:00</time>
      </trkpt>
      <trkpt lat="51.2855" lon="8.586441">
        <ele>649.53</ele>
        <time>2026-08-11T01:05:29.9970000+00:00</time>
      </trkpt>
      <trkpt lat="51.285509" lon="8.58643">
        <ele>649.34</ele>
        <time>2026-08-11T01:05:30.3950000+00:00</time>
      </trkpt>
      <trkpt lat="51.285517" lon="8.586421">
        <ele>649.18</ele>
        <time>2026-08-11T01:05:30.7400000+00:00</time>
      </trkpt>
      <trkpt lat="51.285526" lon="8.586408">
        <ele>648.99</ele>
        <time>2026-08-11T01:05:31.1690000+00:00</time>
      </trkpt>
      <trkpt lat="51.285534" lon="8.586397">
        <ele>648.82</ele>
        <time>2026-08-11T01:05:31.5410000+00:00</time>
      </trkpt>
      <trkpt lat="51.285544" lon="8.586383">
        <ele>648.61</ele>
        <time>2026-08-11T01:05:32.0080000+00:00</time>
      </trkpt>
      <trkpt lat="51.285559" lon="8.586369">
        <ele>648.35</ele>
        <time>2026-08-11T01:05:32.6190000+00:00</time>
      </trkpt>
      <trkpt lat="51.285567" lon="8.586358">
        <ele>648.2</ele>
        <time>2026-08-11T01:05:32.9910000+00:00</time>
      </trkpt>
      <trkpt lat="51.285578" lon="8.586351">
        <ele>648.03</ele>
        <time>2026-08-11T01:05:33.4070000+00:00</time>
      </trkpt>
      <trkpt lat="51.285594" lon="8.586335">
        <ele>647.77</ele>
        <time>2026-08-11T01:05:34.0700000+00:00</time>
      </trkpt>
      <trkpt lat="51.28561" lon="8.586323">
        <ele>647.31</ele>
        <time>2026-08-11T01:05:34.6920000+00:00</time>
      </trkpt>
      <trkpt lat="51.285619" lon="8.586319">
        <ele>647.06</ele>
        <time>2026-08-11T01:05:35.0210000+00:00</time>
      </trkpt>
      <trkpt lat="51.285636" lon="8.586311">
        <ele>646.58</ele>
        <time>2026-08-11T01:05:35.6440000+00:00</time>
      </trkpt>
      <trkpt lat="51.285651" lon="8.58631">
        <ele>646.19</ele>
        <time>2026-08-11T01:05:36.1710000+00:00</time>
      </trkpt>
      <trkpt lat="51.285663" lon="8.586314">
        <ele>645.89</ele>
        <time>2026-08-11T01:05:36.6020000+00:00</time>
      </trkpt>
      <trkpt lat="51.285679" lon="8.586317">
        <ele>645.49</ele>
        <time>2026-08-11T01:05:37.1690000+00:00</time>
      </trkpt>
      <trkpt lat="51.285694" lon="8.586322">
        <ele>645.12</ele>
        <time>2026-08-11T01:05:37.7100000+00:00</time>
      </trkpt>
      <trkpt lat="51.285708" lon="8.586327">
        <ele>644.78</ele>
        <time>2026-08-11T01:05:38.2150000+00:00</time>
      </trkpt>
      <trkpt lat="51.285723" lon="8.586335">
        <ele>644.42</ele>
        <time>2026-08-11T01:05:38.7720000+00:00</time>
      </trkpt>
      <trkpt lat="51.285739" lon="8.586342">
        <ele>644.03</ele>
        <time>2026-08-11T01:05:39.3560000+00:00</time>
      </trkpt>
      <trkpt lat="51.285754" lon="8.586349">
        <ele>643.66</ele>
        <time>2026-08-11T01:05:39.9060000+00:00</time>
      </trkpt>
      <trkpt lat="51.28577" lon="8.586357">
        <ele>643.27</ele>
        <time>2026-08-11T01:05:40.4960000+00:00</time>
      </trkpt>
      <trkpt lat="51.285789" lon="8.586365">
        <ele>642.8</ele>
        <time>2026-08-11T01:05:41.1870000+00:00</time>
      </trkpt>
      <trkpt lat="51.285803" lon="8.586368">
        <ele>642.45</ele>
        <time>2026-08-11T01:05:41.6840000+00:00</time>
      </trkpt>
      <trkpt lat="51.285816" lon="8.586372">
        <ele>642.12</ele>
        <time>2026-08-11T01:05:42.1490000+00:00</time>
      </trkpt>
      <trkpt lat="51.285831" lon="8.586379">
        <ele>641.75</ele>
        <time>2026-08-11T01:05:42.6980000+00:00</time>
      </trkpt>
      <trkpt lat="51.285846" lon="8.586389">
        <ele>641.39</ele>
        <time>2026-08-11T01:05:43.2690000+00:00</time>
      </trkpt>
      <trkpt lat="51.285859" lon="8.586403">
        <ele>641.09</ele>
        <time>2026-08-11T01:05:43.8210000+00:00</time>
      </trkpt>
      <trkpt lat="51.28587" lon="8.586417">
        <ele>640.84</ele>
        <time>2026-08-11T01:05:44.3150000+00:00</time>
      </trkpt>
      <trkpt lat="51.285879" lon="8.586433">
        <ele>640.65</ele>
        <time>2026-08-11T01:05:44.7890000+00:00</time>
      </trkpt>
      <trkpt lat="51.285886" lon="8.586451">
        <ele>640.52</ele>
        <time>2026-08-11T01:05:45.2540000+00:00</time>
      </trkpt>
      <trkpt lat="51.285894" lon="8.58647">
        <ele>640.37</ele>
        <time>2026-08-11T01:05:45.7580000+00:00</time>
      </trkpt>
      <trkpt lat="51.285904" lon="8.586487">
        <ele>640.15</ele>
        <time>2026-08-11T01:05:46.2710000+00:00</time>
      </trkpt>
      <trkpt lat="51.285915" lon="8.586502">
        <ele>639.9</ele>
        <time>2026-08-11T01:05:46.7790000+00:00</time>
      </trkpt>
      <trkpt lat="51.285926" lon="8.586511">
        <ele>639.62</ele>
        <time>2026-08-11T01:05:47.2140000+00:00</time>
      </trkpt>
      <trkpt lat="51.285937" lon="8.586511">
        <ele>639.33</ele>
        <time>2026-08-11T01:05:47.6010000+00:00</time>
      </trkpt>
      <trkpt lat="51.285946" lon="8.586501">
        <ele>639.05</ele>
        <time>2026-08-11T01:05:47.9870000+00:00</time>
      </trkpt>
      <trkpt lat="51.285952" lon="8.586487">
        <ele>638.85</ele>
        <time>2026-08-11T01:05:48.3600000+00:00</time>
      </trkpt>
      <trkpt lat="51.285955" lon="8.58646">
        <ele>638.7</ele>
        <time>2026-08-11T01:05:48.9630000+00:00</time>
      </trkpt>
      <trkpt lat="51.285952" lon="8.586444">
        <ele>638.73</ele>
        <time>2026-08-11T01:05:49.3300000+00:00</time>
      </trkpt>
      <trkpt lat="51.285951" lon="8.586427">
        <ele>638.71</ele>
        <time>2026-08-11T01:05:49.7060000+00:00</time>
      </trkpt>
      <trkpt lat="51.285952" lon="8.586405">
        <ele>638.63</ele>
        <time>2026-08-11T01:05:50.1900000+00:00</time>
      </trkpt>
      <trkpt lat="51.28595" lon="8.586382">
        <ele>638.62</ele>
        <time>2026-08-11T01:05:50.7010000+00:00</time>
      </trkpt>
      <trkpt lat="51.285947" lon="8.586364">
        <ele>638.65</ele>
        <time>2026-08-11T01:05:51.1100000+00:00</time>
      </trkpt>
      <trkpt lat="51.285944" lon="8.586348">
        <ele>638.68</ele>
        <time>2026-08-11T01:05:51.4780000+00:00</time>
      </trkpt>
      <trkpt lat="51.28594" lon="8.586333">
        <ele>638.74</ele>
        <time>2026-08-11T01:05:51.8370000+00:00</time>
      </trkpt>
      <trkpt lat="51.285937" lon="8.58632">
        <ele>638.78</ele>
        <time>2026-08-11T01:05:52.1430000+00:00</time>
      </trkpt>
      <trkpt lat="51.285934" lon="8.586309">
        <ele>638.83</ele>
        <time>2026-08-11T01:05:52.4090000+00:00</time>
      </trkpt>
      <trkpt lat="51.285931" lon="8.586295">
        <ele>638.87</ele>
        <time>2026-08-11T01:05:52.7350000+00:00</time>
      </trkpt>
      <trkpt lat="51.285926" lon="8.586276">
        <ele>638.94</ele>
        <time>2026-08-11T01:05:53.1890000+00:00</time>
      </trkpt>
      <trkpt lat="51.28592" lon="8.586256">
        <ele>639.04</ele>
        <time>2026-08-11T01:05:53.6770000+00:00</time>
      </trkpt>
      <trkpt lat="51.285917" lon="8.586234">
        <ele>639.05</ele>
        <time>2026-08-11T01:05:54.1730000+00:00</time>
      </trkpt>
      <trkpt lat="51.285917" lon="8.586214">
        <ele>638.99</ele>
        <time>2026-08-11T01:05:54.6130000+00:00</time>
      </trkpt>
      <trkpt lat="51.285921" lon="8.586196">
        <ele>638.84</ele>
        <time>2026-08-11T01:05:55.0340000+00:00</time>
      </trkpt>
      <trkpt lat="51.285931" lon="8.586181">
        <ele>638.54</ele>
        <time>2026-08-11T01:05:55.5160000+00:00</time>
      </trkpt>
      <trkpt lat="51.285943" lon="8.586177">
        <ele>638.21</ele>
        <time>2026-08-11T01:05:55.9470000+00:00</time>
      </trkpt>
      <trkpt lat="51.285957" lon="8.586181">
        <ele>637.89</ele>
        <time>2026-08-11T01:05:56.4480000+00:00</time>
      </trkpt>
      <trkpt lat="51.285969" lon="8.586191">
        <ele>637.61</ele>
        <time>2026-08-11T01:05:56.9230000+00:00</time>
      </trkpt>
      <trkpt lat="51.28598" lon="8.586204">
        <ele>637.37</ele>
        <time>2026-08-11T01:05:57.4040000+00:00</time>
      </trkpt>
      <trkpt lat="51.285991" lon="8.58622">
        <ele>637.13</ele>
        <time>2026-08-11T01:05:57.9280000+00:00</time>
      </trkpt>
      <trkpt lat="51.286003" lon="8.586237">
        <ele>636.86</ele>
        <time>2026-08-11T01:05:58.4920000+00:00</time>
      </trkpt>
      <trkpt lat="51.286014" lon="8.586253">
        <ele>636.62</ele>
        <time>2026-08-11T01:05:59.0150000+00:00</time>
      </trkpt>
      <trkpt lat="51.286027" lon="8.586269">
        <ele>636.32</ele>
        <time>2026-08-11T01:05:59.5920000+00:00</time>
      </trkpt>
      <trkpt lat="51.286036" lon="8.586285">
        <ele>636.13</ele>
        <time>2026-08-11T01:06:00.0650000+00:00</time>
      </trkpt>
      <trkpt lat="51.286043" lon="8.586302">
        <ele>635.98</ele>
        <time>2026-08-11T01:06:00.5130000+00:00</time>
      </trkpt>
      <trkpt lat="51.286046" lon="8.586322">
        <ele>635.95</ele>
        <time>2026-08-11T01:06:00.9660000+00:00</time>
      </trkpt>
      <trkpt lat="51.286049" lon="8.586342">
        <ele>635.92</ele>
        <time>2026-08-11T01:06:01.4200000+00:00</time>
      </trkpt>
      <trkpt lat="51.286052" lon="8.586362">
        <ele>635.88</ele>
        <time>2026-08-11T01:06:01.8730000+00:00</time>
      </trkpt>
      <trkpt lat="51.286058" lon="8.58638">
        <ele>635.76</ele>
        <time>2026-08-11T01:06:02.3230000+00:00</time>
      </trkpt>
      <trkpt lat="51.286065" lon="8.586397">
        <ele>635.61</ele>
        <time>2026-08-11T01:06:02.7700000+00:00</time>
      </trkpt>
      <trkpt lat="51.286074" lon="8.586413">
        <ele>635.41</ele>
        <time>2026-08-11T01:06:03.2430000+00:00</time>
      </trkpt>
      <trkpt lat="51.286085" lon="8.586428">
        <ele>635.14</ele>
        <time>2026-08-11T01:06:03.7510000+00:00</time>
      </trkpt>
      <trkpt lat="51.286096" lon="8.586442">
        <ele>634.88</ele>
        <time>2026-08-11T01:06:04.2450000+00:00</time>
      </trkpt>
      <trkpt lat="51.286106" lon="8.586457">
        <ele>634.64</ele>
        <time>2026-08-11T01:06:04.7270000+00:00</time>
      </trkpt>
      <trkpt lat="51.286115" lon="8.586473">
        <ele>634.43</ele>
        <time>2026-08-11T01:06:05.2010000+00:00</time>
      </trkpt>
      <trkpt lat="51.286124" lon="8.586489">
        <ele>634.21</ele>
        <time>2026-08-11T01:06:05.6740000+00:00</time>
      </trkpt>
      <trkpt lat="51.286133" lon="8.586504">
        <ele>633.99</ele>
        <time>2026-08-11T01:06:06.1310000+00:00</time>
      </trkpt>
      <trkpt lat="51.286139" lon="8.586518">
        <ele>633.85</ele>
        <time>2026-08-11T01:06:06.5030000+00:00</time>
      </trkpt>
      <trkpt lat="51.286144" lon="8.586534">
        <ele>633.75</ele>
        <time>2026-08-11T01:06:06.8970000+00:00</time>
      </trkpt>
      <trkpt lat="51.286149" lon="8.586551">
        <ele>633.64</ele>
        <time>2026-08-11T01:06:07.3110000+00:00</time>
      </trkpt>
      <trkpt lat="51.286155" lon="8.586565">
        <ele>633.49</ele>
        <time>2026-08-11T01:06:07.6840000+00:00</time>
      </trkpt>
      <trkpt lat="51.286162" lon="8.58658">
        <ele>633.32</ele>
        <time>2026-08-11T01:06:08.0960000+00:00</time>
      </trkpt>
      <trkpt lat="51.28617" lon="8.586594">
        <ele>633.13</ele>
        <time>2026-08-11T01:06:08.5130000+00:00</time>
      </trkpt>
      <trkpt lat="51.286179" lon="8.586606">
        <ele>632.89</ele>
        <time>2026-08-11T01:06:08.9250000+00:00</time>
      </trkpt>
      <trkpt lat="51.286187" lon="8.586624">
        <ele>632.7</ele>
        <time>2026-08-11T01:06:09.4100000+00:00</time>
      </trkpt>
      <trkpt lat="51.286195" lon="8.586638">
        <ele>632.49</ele>
        <time>2026-08-11T01:06:09.8260000+00:00</time>
      </trkpt>
      <trkpt lat="51.286201" lon="8.586649">
        <ele>632.34</ele>
        <time>2026-08-11T01:06:10.1470000+00:00</time>
      </trkpt>
      <trkpt lat="51.286207" lon="8.586664">
        <ele>632.19</ele>
        <time>2026-08-11T01:06:10.5390000+00:00</time>
      </trkpt>
      <trkpt lat="51.286211" lon="8.586681">
        <ele>632.1</ele>
        <time>2026-08-11T01:06:10.9380000+00:00</time>
      </trkpt>
      <trkpt lat="51.286214" lon="8.586697">
        <ele>632.04</ele>
        <time>2026-08-11T01:06:11.3060000+00:00</time>
      </trkpt>
      <trkpt lat="51.286215" lon="8.586716">
        <ele>632.03</ele>
        <time>2026-08-11T01:06:11.7270000+00:00</time>
      </trkpt>
      <trkpt lat="51.286214" lon="8.586738">
        <ele>632.09</ele>
        <time>2026-08-11T01:06:12.2130000+00:00</time>
      </trkpt>
      <trkpt lat="51.286216" lon="8.586752">
        <ele>632.05</ele>
        <time>2026-08-11T01:06:12.5290000+00:00</time>
      </trkpt>
      <trkpt lat="51.286222" lon="8.586765">
        <ele>631.89</ele>
        <time>2026-08-11T01:06:12.8850000+00:00</time>
      </trkpt>
      <trkpt lat="51.286231" lon="8.586778">
        <ele>631.65</ele>
        <time>2026-08-11T01:06:13.3110000+00:00</time>
      </trkpt>
      <trkpt lat="51.286242" lon="8.586775">
        <ele>631.33</ele>
        <time>2026-08-11T01:06:13.7040000+00:00</time>
      </trkpt>
      <trkpt lat="51.286254" lon="8.586765">
        <ele>630.98</ele>
        <time>2026-08-11T01:06:14.1810000+00:00</time>
      </trkpt>
      <trkpt lat="51.286261" lon="8.586747">
        <ele>630.76</ele>
        <time>2026-08-11T01:06:14.6460000+00:00</time>
      </trkpt>
      <trkpt lat="51.286264" lon="8.586725">
        <ele>630.65</ele>
        <time>2026-08-11T01:06:15.1400000+00:00</time>
      </trkpt>
      <trkpt lat="51.286265" lon="8.586702">
        <ele>630.6</ele>
        <time>2026-08-11T01:06:15.6480000+00:00</time>
      </trkpt>
      <trkpt lat="51.286266" lon="8.586676">
        <ele>630.55</ele>
        <time>2026-08-11T01:06:16.2210000+00:00</time>
      </trkpt>
      <trkpt lat="51.286266" lon="8.586653">
        <ele>630.53</ele>
        <time>2026-08-11T01:06:16.7260000+00:00</time>
      </trkpt>
      <trkpt lat="51.286266" lon="8.586633">
        <ele>630.51</ele>
        <time>2026-08-11T01:06:17.1650000+00:00</time>
      </trkpt>
      <trkpt lat="51.286264" lon="8.586615">
        <ele>630.55</ele>
        <time>2026-08-11T01:06:17.5660000+00:00</time>
      </trkpt>
      <trkpt lat="51.286261" lon="8.586595">
        <ele>630.61</ele>
        <time>2026-08-11T01:06:18.0180000+00:00</time>
      </trkpt>
      <trkpt lat="51.286257" lon="8.586577">
        <ele>630.71</ele>
        <time>2026-08-11T01:06:18.4370000+00:00</time>
      </trkpt>
      <trkpt lat="51.286255" lon="8.586559">
        <ele>630.74</ele>
        <time>2026-08-11T01:06:18.8390000+00:00</time>
      </trkpt>
      <trkpt lat="51.286251" lon="8.586538">
        <ele>630.83</ele>
        <time>2026-08-11T01:06:19.3210000+00:00</time>
      </trkpt>
      <trkpt lat="51.286247" lon="8.586517">
        <ele>630.92</ele>
        <time>2026-08-11T01:06:19.8050000+00:00</time>
      </trkpt>
      <trkpt lat="51.286245" lon="8.586497">
        <ele>630.95</ele>
        <time>2026-08-11T01:06:20.2500000+00:00</time>
      </trkpt>
      <trkpt lat="51.286241" lon="8.586475">
        <ele>631.04</ele>
        <time>2026-08-11T01:06:20.7550000+00:00</time>
      </trkpt>
      <trkpt lat="51.286239" lon="8.586454">
        <ele>631.07</ele>
        <time>2026-08-11T01:06:21.2220000+00:00</time>
      </trkpt>
      <trkpt lat="51.286234" lon="8.586434">
        <ele>631.18</ele>
        <time>2026-08-11T01:06:21.6950000+00:00</time>
      </trkpt>
      <trkpt lat="51.286231" lon="8.586414">
        <ele>631.24</ele>
        <time>2026-08-11T01:06:22.1460000+00:00</time>
      </trkpt>
      <trkpt lat="51.286226" lon="8.586391">
        <ele>631.34</ele>
        <time>2026-08-11T01:06:22.6830000+00:00</time>
      </trkpt>
      <trkpt lat="51.28622" lon="8.586368">
        <ele>631.47</ele>
        <time>2026-08-11T01:06:23.2310000+00:00</time>
      </trkpt>
      <trkpt lat="51.286214" lon="8.586345">
        <ele>631.6</ele>
        <time>2026-08-11T01:06:23.7800000+00:00</time>
      </trkpt>
      <trkpt lat="51.286208" lon="8.586323">
        <ele>631.73</ele>
        <time>2026-08-11T01:06:24.3090000+00:00</time>
      </trkpt>
      <trkpt lat="51.286201" lon="8.586302">
        <ele>631.89</ele>
        <time>2026-08-11T01:06:24.8320000+00:00</time>
      </trkpt>
      <trkpt lat="51.286192" lon="8.586285">
        <ele>632.1</ele>
        <time>2026-08-11T01:06:25.3220000+00:00</time>
      </trkpt>
      <trkpt lat="51.286183" lon="8.586268">
        <ele>632.31</ele>
        <time>2026-08-11T01:06:25.8120000+00:00</time>
      </trkpt>
      <trkpt lat="51.286175" lon="8.586247">
        <ele>632.48</ele>
        <time>2026-08-11T01:06:26.3530000+00:00</time>
      </trkpt>
      <trkpt lat="51.286165" lon="8.586232">
        <ele>632.71</ele>
        <time>2026-08-11T01:06:26.8350000+00:00</time>
      </trkpt>
      <trkpt lat="51.286155" lon="8.586215">
        <ele>632.94</ele>
        <time>2026-08-11T01:06:27.3480000+00:00</time>
      </trkpt>
      <trkpt lat="51.286147" lon="8.586196">
        <ele>633.12</ele>
        <time>2026-08-11T01:06:27.8510000+00:00</time>
      </trkpt>
      <trkpt lat="51.286146" lon="8.586174">
        <ele>633.04</ele>
        <time>2026-08-11T01:06:28.3360000+00:00</time>
      </trkpt>
      <trkpt lat="51.28615" lon="8.586153">
        <ele>632.61</ele>
        <time>2026-08-11T01:06:28.8190000+00:00</time>
      </trkpt>
      <trkpt lat="51.28616" lon="8.586139">
        <ele>632.13</ele>
        <time>2026-08-11T01:06:29.2870000+00:00</time>
      </trkpt>
      <trkpt lat="51.286173" lon="8.586137">
        <ele>631.78</ele>
        <time>2026-08-11T01:06:29.7460000+00:00</time>
      </trkpt>
      <trkpt lat="51.286185" lon="8.586147">
        <ele>631.63</ele>
        <time>2026-08-11T01:06:30.2220000+00:00</time>
      </trkpt>
      <trkpt lat="51.286193" lon="8.58616">
        <ele>631.64</ele>
        <time>2026-08-11T01:06:30.6230000+00:00</time>
      </trkpt>
      <trkpt lat="51.286199" lon="8.586171">
        <ele>631.66</ele>
        <time>2026-08-11T01:06:30.9420000+00:00</time>
      </trkpt>
      <trkpt lat="51.286204" lon="8.586191">
        <ele>631.67</ele>
        <time>2026-08-11T01:06:31.4150000+00:00</time>
      </trkpt>
      <trkpt lat="51.286214" lon="8.586212">
        <ele>631.44</ele>
        <time>2026-08-11T01:06:31.9950000+00:00</time>
      </trkpt>
      <trkpt lat="51.286233" lon="8.586236">
        <ele>630.98</ele>
        <time>2026-08-11T01:06:32.8470000+00:00</time>
      </trkpt>
      <trkpt lat="51.286254" lon="8.586257">
        <ele>630.47</ele>
        <time>2026-08-11T01:06:33.7180000+00:00</time>
      </trkpt>
      <trkpt lat="51.286275" lon="8.586274">
        <ele>629.94</ele>
        <time>2026-08-11T01:06:34.5460000+00:00</time>
      </trkpt>
      <trkpt lat="51.286301" lon="8.586291">
        <ele>629.29</ele>
        <time>2026-08-11T01:06:35.5340000+00:00</time>
      </trkpt>
      <trkpt lat="51.286329" lon="8.586319">
        <ele>628.58</ele>
        <time>2026-08-11T01:06:36.6960000+00:00</time>
      </trkpt>
      <trkpt lat="51.286347" lon="8.586361">
        <ele>628.13</ele>
        <time>2026-08-11T01:06:37.8170000+00:00</time>
      </trkpt>
      <trkpt lat="51.286356" lon="8.586402">
        <ele>627.91</ele>
        <time>2026-08-11T01:06:38.7720000+00:00</time>
      </trkpt>
      <trkpt lat="51.286367" lon="8.586433">
        <ele>627.63</ele>
        <time>2026-08-11T01:06:39.5560000+00:00</time>
      </trkpt>
      <trkpt lat="51.286383" lon="8.586461">
        <ele>627.21</ele>
        <time>2026-08-11T01:06:40.3900000+00:00</time>
      </trkpt>
      <trkpt lat="51.286405" lon="8.586484">
        <ele>626.62</ele>
        <time>2026-08-11T01:06:41.3160000+00:00</time>
      </trkpt>
      <trkpt lat="51.286431" lon="8.586507">
        <ele>625.91</ele>
        <time>2026-08-11T01:06:42.3620000+00:00</time>
      </trkpt>
      <trkpt lat="51.28645" lon="8.586544">
        <ele>625.32</ele>
        <time>2026-08-11T01:06:43.4150000+00:00</time>
      </trkpt>
      <trkpt lat="51.286466" lon="8.586583">
        <ele>624.83</ele>
        <time>2026-08-11T01:06:44.4410000+00:00</time>
      </trkpt>
      <trkpt lat="51.286477" lon="8.586611">
        <ele>624.5</ele>
        <time>2026-08-11T01:06:45.1690000+00:00</time>
      </trkpt>
      <trkpt lat="51.286482" lon="8.586631">
        <ele>624.35</ele>
        <time>2026-08-11T01:06:45.6420000+00:00</time>
      </trkpt>
      <trkpt lat="51.286484" lon="8.586652">
        <ele>624.3</ele>
        <time>2026-08-11T01:06:46.1090000+00:00</time>
      </trkpt>
      <trkpt lat="51.286485" lon="8.58667">
        <ele>624.27</ele>
        <time>2026-08-11T01:06:46.5070000+00:00</time>
      </trkpt>
      <trkpt lat="51.286488" lon="8.586691">
        <ele>624.19</ele>
        <time>2026-08-11T01:06:46.9800000+00:00</time>
      </trkpt>
      <trkpt lat="51.286492" lon="8.58671">
        <ele>624.07</ele>
        <time>2026-08-11T01:06:47.4210000+00:00</time>
      </trkpt>
      <trkpt lat="51.286495" lon="8.58673">
        <ele>623.99</ele>
        <time>2026-08-11T01:06:47.8730000+00:00</time>
      </trkpt>
      <trkpt lat="51.286497" lon="8.58675">
        <ele>623.93</ele>
        <time>2026-08-11T01:06:48.3180000+00:00</time>
      </trkpt>
      <trkpt lat="51.286501" lon="8.586767">
        <ele>623.82</ele>
        <time>2026-08-11T01:06:48.7190000+00:00</time>
      </trkpt>
      <trkpt lat="51.286502" lon="8.586793">
        <ele>623.8</ele>
        <time>2026-08-11T01:06:49.2920000+00:00</time>
      </trkpt>
      <trkpt lat="51.2865" lon="8.586814">
        <ele>623.86</ele>
        <time>2026-08-11T01:06:49.7590000+00:00</time>
      </trkpt>
      <trkpt lat="51.286501" lon="8.586832">
        <ele>623.84</ele>
        <time>2026-08-11T01:06:50.1580000+00:00</time>
      </trkpt>
      <trkpt lat="51.286503" lon="8.586851">
        <ele>623.79</ele>
        <time>2026-08-11T01:06:50.5820000+00:00</time>
      </trkpt>
      <trkpt lat="51.286506" lon="8.586869">
        <ele>623.7</ele>
        <time>2026-08-11T01:06:50.9920000+00:00</time>
      </trkpt>
      <trkpt lat="51.286509" lon="8.586887">
        <ele>623.62</ele>
        <time>2026-08-11T01:06:51.4020000+00:00</time>
      </trkpt>
      <trkpt lat="51.286512" lon="8.586905">
        <ele>623.54</ele>
        <time>2026-08-11T01:06:51.8110000+00:00</time>
      </trkpt>
      <trkpt lat="51.286518" lon="8.586935">
        <ele>623.38</ele>
        <time>2026-08-11T01:06:52.5040000+00:00</time>
      </trkpt>
      <trkpt lat="51.286519" lon="8.586963">
        <ele>623.36</ele>
        <time>2026-08-11T01:06:53.1210000+00:00</time>
      </trkpt>
      <trkpt lat="51.286518" lon="8.586998">
        <ele>623.4</ele>
        <time>2026-08-11T01:06:53.8920000+00:00</time>
      </trkpt>
      <trkpt lat="51.286515" lon="8.587033">
        <ele>623.55</ele>
        <time>2026-08-11T01:06:54.6690000+00:00</time>
      </trkpt>
      <trkpt lat="51.286512" lon="8.587066">
        <ele>623.73</ele>
        <time>2026-08-11T01:06:55.4030000+00:00</time>
      </trkpt>
      <trkpt lat="51.286511" lon="8.587095">
        <ele>623.84</ele>
        <time>2026-08-11T01:06:56.0420000+00:00</time>
      </trkpt>
      <trkpt lat="51.286513" lon="8.587112">
        <ele>623.83</ele>
        <time>2026-08-11T01:06:56.4220000+00:00</time>
      </trkpt>
      <trkpt lat="51.286519" lon="8.587124">
        <ele>623.69</ele>
        <time>2026-08-11T01:06:56.7590000+00:00</time>
      </trkpt>
      <trkpt lat="51.286527" lon="8.587133">
        <ele>623.49</ele>
        <time>2026-08-11T01:06:57.1030000+00:00</time>
      </trkpt>
      <trkpt lat="51.286537" lon="8.587139">
        <ele>623.23</ele>
        <time>2026-08-11T01:06:57.4780000+00:00</time>
      </trkpt>
      <trkpt lat="51.286547" lon="8.587138">
        <ele>622.94</ele>
        <time>2026-08-11T01:06:57.8290000+00:00</time>
      </trkpt>
      <trkpt lat="51.286556" lon="8.587134">
        <ele>622.67</ele>
        <time>2026-08-11T01:06:58.1580000+00:00</time>
      </trkpt>
      <trkpt lat="51.286567" lon="8.587123">
        <ele>622.33</ele>
        <time>2026-08-11T01:06:58.6160000+00:00</time>
      </trkpt>
      <trkpt lat="51.286576" lon="8.58711">
        <ele>622.04</ele>
        <time>2026-08-11T01:06:59.0430000+00:00</time>
      </trkpt>
      <trkpt lat="51.286593" lon="8.587073">
        <ele>621.44</ele>
        <time>2026-08-11T01:07:00.0530000+00:00</time>
      </trkpt>
      <trkpt lat="51.286605" lon="8.587027">
        <ele>620.95</ele>
        <time>2026-08-11T01:07:01.1500000+00:00</time>
      </trkpt>
      <trkpt lat="51.286614" lon="8.586981">
        <ele>620.61</ele>
        <time>2026-08-11T01:07:02.2100000+00:00</time>
      </trkpt>
      <trkpt lat="51.28662" lon="8.586944">
        <ele>620.41</ele>
        <time>2026-08-11T01:07:03.0510000+00:00</time>
      </trkpt>
      <trkpt lat="51.286626" lon="8.586916">
        <ele>620.21</ele>
        <time>2026-08-11T01:07:03.7030000+00:00</time>
      </trkpt>
      <trkpt lat="51.286631" lon="8.586892">
        <ele>620.04</ele>
        <time>2026-08-11T01:07:04.2600000+00:00</time>
      </trkpt>
      <trkpt lat="51.286635" lon="8.58687">
        <ele>619.91</ele>
        <time>2026-08-11T01:07:04.7650000+00:00</time>
      </trkpt>
      <trkpt lat="51.286639" lon="8.586853">
        <ele>619.77</ele>
        <time>2026-08-11T01:07:05.1640000+00:00</time>
      </trkpt>
      <trkpt lat="51.286646" lon="8.586837">
        <ele>619.55</ele>
        <time>2026-08-11T01:07:05.5940000+00:00</time>
      </trkpt>
      <trkpt lat="51.286651" lon="8.586822">
        <ele>619.39</ele>
        <time>2026-08-11T01:07:05.9690000+00:00</time>
      </trkpt>
      <trkpt lat="51.286656" lon="8.5868">
        <ele>619.22</ele>
        <time>2026-08-11T01:07:06.4840000+00:00</time>
      </trkpt>
      <trkpt lat="51.28666" lon="8.586773">
        <ele>619.07</ele>
        <time>2026-08-11T01:07:07.0960000+00:00</time>
      </trkpt>
      <trkpt lat="51.286666" lon="8.586752">
        <ele>618.87</ele>
        <time>2026-08-11T01:07:07.6040000+00:00</time>
      </trkpt>
      <trkpt lat="51.286669" lon="8.586738">
        <ele>618.77</ele>
        <time>2026-08-11T01:07:07.9280000+00:00</time>
      </trkpt>
      <trkpt lat="51.286671" lon="8.58671">
        <ele>618.68</ele>
        <time>2026-08-11T01:07:08.5480000+00:00</time>
      </trkpt>
      <trkpt lat="51.286672" lon="8.58669">
        <ele>618.63</ele>
        <time>2026-08-11T01:07:08.9900000+00:00</time>
      </trkpt>
      <trkpt lat="51.286671" lon="8.586669">
        <ele>618.64</ele>
        <time>2026-08-11T01:07:09.4530000+00:00</time>
      </trkpt>
      <trkpt lat="51.286669" lon="8.586649">
        <ele>618.68</ele>
        <time>2026-08-11T01:07:09.8990000+00:00</time>
      </trkpt>
      <trkpt lat="51.286664" lon="8.58663">
        <ele>618.81</ele>
        <time>2026-08-11T01:07:10.3520000+00:00</time>
      </trkpt>
      <trkpt lat="51.286658" lon="8.586611">
        <ele>618.97</ele>
        <time>2026-08-11T01:07:10.8210000+00:00</time>
      </trkpt>
      <trkpt lat="51.286653" lon="8.586592">
        <ele>619.11</ele>
        <time>2026-08-11T01:07:11.2750000+00:00</time>
      </trkpt>
      <trkpt lat="51.286649" lon="8.586575">
        <ele>619.21</ele>
        <time>2026-08-11T01:07:11.6750000+00:00</time>
      </trkpt>
      <trkpt lat="51.286648" lon="8.586557">
        <ele>619.23</ele>
        <time>2026-08-11T01:07:12.0740000+00:00</time>
      </trkpt>
      <trkpt lat="51.286646" lon="8.58654">
        <ele>619.27</ele>
        <time>2026-08-11T01:07:12.4540000+00:00</time>
      </trkpt>
      <trkpt lat="51.286645" lon="8.586519">
        <ele>619.28</ele>
        <time>2026-08-11T01:07:12.9170000+00:00</time>
      </trkpt>
      <trkpt lat="51.286639" lon="8.586491">
        <ele>619.44</ele>
        <time>2026-08-11T01:07:13.5680000+00:00</time>
      </trkpt>
      <trkpt lat="51.28663" lon="8.586458">
        <ele>619.69</ele>
        <time>2026-08-11T01:07:14.3610000+00:00</time>
      </trkpt>
      <trkpt lat="51.286617" lon="8.58643">
        <ele>620.08</ele>
        <time>2026-08-11T01:07:15.1280000+00:00</time>
      </trkpt>
      <trkpt lat="51.286602" lon="8.586403">
        <ele>620.53</ele>
        <time>2026-08-11T01:07:15.9230000+00:00</time>
      </trkpt>
      <trkpt lat="51.286598" lon="8.586388">
        <ele>620.64</ele>
        <time>2026-08-11T01:07:16.2810000+00:00</time>
      </trkpt>
      <trkpt lat="51.286597" lon="8.586372">
        <ele>620.66</ele>
        <time>2026-08-11T01:07:16.6340000+00:00</time>
      </trkpt>
      <trkpt lat="51.2866" lon="8.586357">
        <ele>620.55</ele>
        <time>2026-08-11T01:07:16.9800000+00:00</time>
      </trkpt>
      <trkpt lat="51.286606" lon="8.586346">
        <ele>620.36</ele>
        <time>2026-08-11T01:07:17.3010000+00:00</time>
      </trkpt>
      <trkpt lat="51.286614" lon="8.586342">
        <ele>620.1</ele>
        <time>2026-08-11T01:07:17.5950000+00:00</time>
      </trkpt>
      <trkpt lat="51.286624" lon="8.586344">
        <ele>619.78</ele>
        <time>2026-08-11T01:07:17.9490000+00:00</time>
      </trkpt>
      <trkpt lat="51.286633" lon="8.586354">
        <ele>619.51</ele>
        <time>2026-08-11T01:07:18.3350000+00:00</time>
      </trkpt>
      <trkpt lat="51.286641" lon="8.586368">
        <ele>619.27</ele>
        <time>2026-08-11T01:07:18.7520000+00:00</time>
      </trkpt>
      <trkpt lat="51.286658" lon="8.586403">
        <ele>618.76</ele>
        <time>2026-08-11T01:07:19.7270000+00:00</time>
      </trkpt>
      <trkpt lat="51.286673" lon="8.586438">
        <ele>618.33</ele>
        <time>2026-08-11T01:07:20.6610000+00:00</time>
      </trkpt>
      <trkpt lat="51.286692" lon="8.58647">
        <ele>617.77</ele>
        <time>2026-08-11T01:07:21.6310000+00:00</time>
      </trkpt>
      <trkpt lat="51.28671" lon="8.586504">
        <ele>617.25</ele>
        <time>2026-08-11T01:07:22.6120000+00:00</time>
      </trkpt>
      <trkpt lat="51.286722" lon="8.586531">
        <ele>616.91</ele>
        <time>2026-08-11T01:07:23.3400000+00:00</time>
      </trkpt>
      <trkpt lat="51.286728" lon="8.586545">
        <ele>616.75</ele>
        <time>2026-08-11T01:07:23.7130000+00:00</time>
      </trkpt>
      <trkpt lat="51.286733" lon="8.586559">
        <ele>616.61</ele>
        <time>2026-08-11T01:07:24.0670000+00:00</time>
      </trkpt>
      <trkpt lat="51.286738" lon="8.586571">
        <ele>616.47</ele>
        <time>2026-08-11T01:07:24.3850000+00:00</time>
      </trkpt>
      <trkpt lat="51.286746" lon="8.586584">
        <ele>616.25</ele>
        <time>2026-08-11T01:07:24.7870000+00:00</time>
      </trkpt>
      <trkpt lat="51.286763" lon="8.5866">
        <ele>615.75</ele>
        <time>2026-08-11T01:07:25.4810000+00:00</time>
      </trkpt>
      <trkpt lat="51.286783" lon="8.58662">
        <ele>615.17</ele>
        <time>2026-08-11T01:07:26.3110000+00:00</time>
      </trkpt>
      <trkpt lat="51.286808" lon="8.586646">
        <ele>614.45</ele>
        <time>2026-08-11T01:07:27.3600000+00:00</time>
      </trkpt>
      <trkpt lat="51.286833" lon="8.58667">
        <ele>613.73</ele>
        <time>2026-08-11T01:07:28.3860000+00:00</time>
      </trkpt>
      <trkpt lat="51.28686" lon="8.586695">
        <ele>612.96</ele>
        <time>2026-08-11T01:07:29.4830000+00:00</time>
      </trkpt>
      <trkpt lat="51.286887" lon="8.586732">
        <ele>612.22</ele>
        <time>2026-08-11T01:07:30.7350000+00:00</time>
      </trkpt>
      <trkpt lat="51.286912" lon="8.586772">
        <ele>611.55</ele>
        <time>2026-08-11T01:07:31.9790000+00:00</time>
      </trkpt>
      <trkpt lat="51.286935" lon="8.586814">
        <ele>610.95</ele>
        <time>2026-08-11T01:07:33.2080000+00:00</time>
      </trkpt>
      <trkpt lat="51.286953" lon="8.586863">
        <ele>610.53</ele>
        <time>2026-08-11T01:07:34.4580000+00:00</time>
      </trkpt>
      <trkpt lat="51.286966" lon="8.586911">
        <ele>610.26</ele>
        <time>2026-08-11T01:07:35.6090000+00:00</time>
      </trkpt>
      <trkpt lat="51.286976" lon="8.58696">
        <ele>610.08</ele>
        <time>2026-08-11T01:07:36.7430000+00:00</time>
      </trkpt>
      <trkpt lat="51.286984" lon="8.586988">
        <ele>609.92</ele>
        <time>2026-08-11T01:07:37.4200000+00:00</time>
      </trkpt>
      <trkpt lat="51.286986" lon="8.58701">
        <ele>609.91</ele>
        <time>2026-08-11T01:07:37.9080000+00:00</time>
      </trkpt>
      <trkpt lat="51.286987" lon="8.587026">
        <ele>609.96</ele>
        <time>2026-08-11T01:07:38.2640000+00:00</time>
      </trkpt>
      <trkpt lat="51.286987" lon="8.587042">
        <ele>610.04</ele>
        <time>2026-08-11T01:07:38.6160000+00:00</time>
      </trkpt>
      <trkpt lat="51.286986" lon="8.58706">
        <ele>610.15</ele>
        <time>2026-08-11T01:07:39.0150000+00:00</time>
      </trkpt>
      <trkpt lat="51.286985" lon="8.58708">
        <ele>610.28</ele>
        <time>2026-08-11T01:07:39.4560000+00:00</time>
      </trkpt>
      <trkpt lat="51.286985" lon="8.5871">
        <ele>610.37</ele>
        <time>2026-08-11T01:07:39.8960000+00:00</time>
      </trkpt>
      <trkpt lat="51.286985" lon="8.587112">
        <ele>610.43</ele>
        <time>2026-08-11T01:07:40.1590000+00:00</time>
      </trkpt>
      <trkpt lat="51.286987" lon="8.587121">
        <ele>610.42</ele>
        <time>2026-08-11T01:07:40.3700000+00:00</time>
      </trkpt>
      <trkpt lat="51.286987" lon="8.587127">
        <ele>610.45</ele>
        <time>2026-08-11T01:07:40.5040000+00:00</time>
      </trkpt>
      <trkpt lat="51.286989" lon="8.587133">
        <ele>610.42</ele>
        <time>2026-08-11T01:07:40.6510000+00:00</time>
      </trkpt>
      <trkpt lat="51.28699" lon="8.587145">
        <ele>610.45</ele>
        <time>2026-08-11T01:07:40.9180000+00:00</time>
      </trkpt>
      <trkpt lat="51.28699" lon="8.587156">
        <ele>610.5</ele>
        <time>2026-08-11T01:07:41.1600000+00:00</time>
      </trkpt>
      <trkpt lat="51.286989" lon="8.587166">
        <ele>610.58</ele>
        <time>2026-08-11T01:07:41.3830000+00:00</time>
      </trkpt>
      <trkpt lat="51.286987" lon="8.587185">
        <ele>610.73</ele>
        <time>2026-08-11T01:07:41.8050000+00:00</time>
      </trkpt>
      <trkpt lat="51.286983" lon="8.587202">
        <ele>610.92</ele>
        <time>2026-08-11T01:07:42.2050000+00:00</time>
      </trkpt>
      <trkpt lat="51.286979" lon="8.587218">
        <ele>611.11</ele>
        <time>2026-08-11T01:07:42.5830000+00:00</time>
      </trkpt>
      <trkpt lat="51.286975" lon="8.587236">
        <ele>611.31</ele>
        <time>2026-08-11T01:07:43.0020000+00:00</time>
      </trkpt>
      <trkpt lat="51.286974" lon="8.587262">
        <ele>611.46</ele>
        <time>2026-08-11T01:07:43.5750000+00:00</time>
      </trkpt>
      <trkpt lat="51.286972" lon="8.5873">
        <ele>611.69</ele>
        <time>2026-08-11T01:07:44.4140000+00:00</time>
      </trkpt>
      <trkpt lat="51.286964" lon="8.587341">
        <ele>612.11</ele>
        <time>2026-08-11T01:07:45.3590000+00:00</time>
      </trkpt>
      <trkpt lat="51.286952" lon="8.58738">
        <ele>612.62</ele>
        <time>2026-08-11T01:07:46.3150000+00:00</time>
      </trkpt>
      <trkpt lat="51.286946" lon="8.587422">
        <ele>612.98</ele>
        <time>2026-08-11T01:07:47.2630000+00:00</time>
      </trkpt>
      <trkpt lat="51.28695" lon="8.587468">
        <ele>613.08</ele>
        <time>2026-08-11T01:07:48.2850000+00:00</time>
      </trkpt>
      <trkpt lat="51.286962" lon="8.587512">
        <ele>612.97</ele>
        <time>2026-08-11T01:07:49.3420000+00:00</time>
      </trkpt>
      <trkpt lat="51.28698" lon="8.587561">
        <ele>612.72</ele>
        <time>2026-08-11T01:07:50.5920000+00:00</time>
      </trkpt>
      <trkpt lat="51.286993" lon="8.587608">
        <ele>612.61</ele>
        <time>2026-08-11T01:07:51.7230000+00:00</time>
      </trkpt>
      <trkpt lat="51.287003" lon="8.58765">
        <ele>612.55</ele>
        <time>2026-08-11T01:07:52.7110000+00:00</time>
      </trkpt>
      <trkpt lat="51.287012" lon="8.587692">
        <ele>612.52</ele>
        <time>2026-08-11T01:07:53.6880000+00:00</time>
      </trkpt>
      <trkpt lat="51.287022" lon="8.587734">
        <ele>612.47</ele>
        <time>2026-08-11T01:07:54.6770000+00:00</time>
      </trkpt>
      <trkpt lat="51.28703" lon="8.58777">
        <ele>612.45</ele>
        <time>2026-08-11T01:07:55.5170000+00:00</time>
      </trkpt>
      <trkpt lat="51.287037" lon="8.587799">
        <ele>612.42</ele>
        <time>2026-08-11T01:07:56.2010000+00:00</time>
      </trkpt>
      <trkpt lat="51.287041" lon="8.587826">
        <ele>612.45</ele>
        <time>2026-08-11T01:07:56.8100000+00:00</time>
      </trkpt>
      <trkpt lat="51.287046" lon="8.587851">
        <ele>612.5</ele>
        <time>2026-08-11T01:07:57.3870000+00:00</time>
      </trkpt>
      <trkpt lat="51.287049" lon="8.587876">
        <ele>612.72</ele>
        <time>2026-08-11T01:07:57.9460000+00:00</time>
      </trkpt>
      <trkpt lat="51.287051" lon="8.587887">
        <ele>612.8</ele>
        <time>2026-08-11T01:07:58.1970000+00:00</time>
      </trkpt>
      <trkpt lat="51.287055" lon="8.587896">
        <ele>612.8</ele>
        <time>2026-08-11T01:07:58.4410000+00:00</time>
      </trkpt>
      <trkpt lat="51.287059" lon="8.587902">
        <ele>612.77</ele>
        <time>2026-08-11T01:07:58.6310000+00:00</time>
      </trkpt>
      <trkpt lat="51.287064" lon="8.587906">
        <ele>612.69</ele>
        <time>2026-08-11T01:07:58.8260000+00:00</time>
      </trkpt>
      <trkpt lat="51.287097" lon="8.587914">
        <ele>611.94</ele>
        <time>2026-08-11T01:08:00.0000000+00:00</time>
      </trkpt>
    </trkseg>
  </trk>
</gpx>