<?xml version="1.0" encoding="UTF-8" standalone="yes"?>
<gpx version="1.1" creator="outdooractive - http://www.outdooractive.com" xmlns="http://www.topografix.com/GPX/1/1" xmlns:oa="http://www.outdooractive.com/GPX/Extensions/1" xmlns:xsi="http://www.w3.org/2001/XMLSchema-instance" xsi:schemaLocation="http://www.topografix.com/GPX/1/1 http://www.topografix.com/GPX/1/1/gpx.xsd http://www.outdooractive.com/GPX/Extensions/1 https://www.outdooractive.com/schema/gpx_extensions.xsd">
  <metadata>
    <name>Biketicket 2 RIDE black</name>
    <author>
      <name>Ferienregion Lenzerheide - Arosa Lenzerheide</name>
    </author>
    <link href="https://www.outdooractive.com/r/3508125"/>
    <time>2026-06-29T06:10:16.794Z</time>
    <extensions>
      <oa:oaCategory>mountainbiking</oa:oaCategory>
    </extensions>
  </metadata>
  <trk>
    <name>Biketicket 2 RIDE black</name>
    <desc>The mother of all enduro tours! Pedal almost 700 metres uphill and 6,000 metres downhill. A special bike experience with 10 different mountain railways.</desc>
    <type>mountainbiking</type>
    <trkseg>
      <trkpt lat="46.73985" lon="9.556527">
        <ele>1489.2</ele>
        <name>46.739858,9.556532</name>
        <extensions>
          <oa:Extension>
            <oa:mapZoom>17</oa:mapZoom>
          </oa:Extension>
        </extensions>
      </trkpt>
      <trkpt lat="46.739866" lon="9.556474">
        <ele>1489.2</ele>
      </trkpt>
      <trkpt lat="46.739881" lon="9.556423">
        <ele>1489.5</ele>
      </trkpt>
      <trkpt lat="46.739909" lon="9.556328">
        <ele>1489.0</ele>
      </trkpt>
      <trkpt lat="46.739988" lon="9.556321">
        <ele>1489.1</ele>
      </trkpt>
      <trkpt lat="46.740022" lon="9.556316">
        <ele>1489.0</ele>
      </trkpt>
      <trkpt lat="46.740047" lon="9.556303">
        <ele>1489.2</ele>
      </trkpt>
      <trkpt lat="46.740072" lon="9.556268">
        <ele>1489.2</ele>
      </trkpt>
      <trkpt lat="46.740095" lon="9.55628">
        <ele>1489.33964</ele>
        <name>46.740081,9.556282</name>
        <extensions>
          <oa:Extension>
            <oa:mapZoom>16</oa:mapZoom>
          </oa:Extension>
        </extensions>
      </trkpt>
      <trkpt lat="46.742838" lon="9.572997">
        <ele>1898.83268</ele>
      </trkpt>
      <trkpt lat="46.743094" lon="9.573265">
        <ele>1903.2</ele>
      </trkpt>
      <trkpt lat="46.743086" lon="9.573248">
        <ele>1903.6</ele>
        <name>46.743094,9.573265</name>
        <extensions>
          <oa:Extension>
            <oa:mapZoom>15</oa:mapZoom>
          </oa:Extension>
        </extensions>
      </trkpt>
      <trkpt lat="46.743265" lon="9.57306">
        <ele>1901.7</ele>
      </trkpt>
      <trkpt lat="46.743493" lon="9.572895">
        <ele>1901.1</ele>
      </trkpt>
      <trkpt lat="46.743583" lon="9.572839">
        <ele>1900.5</ele>
      </trkpt>
      <trkpt lat="46.743661" lon="9.572826">
        <ele>1900.3</ele>
      </trkpt>
      <trkpt lat="46.743848" lon="9.572897">
        <ele>1900.4</ele>
      </trkpt>
      <trkpt lat="46.744096" lon="9.573043">
        <ele>1899.9</ele>
      </trkpt>
      <trkpt lat="46.744345" lon="9.573188">
        <ele>1900.0</ele>
      </trkpt>
      <trkpt lat="46.744468" lon="9.573207">
        <ele>1900.0</ele>
      </trkpt>
      <trkpt lat="46.744843" lon="9.57321">
        <ele>1899.9</ele>
      </trkpt>
      <trkpt lat="46.744895" lon="9.573183">
        <ele>1899.8</ele>
      </trkpt>
      <trkpt lat="46.744956" lon="9.5731">
        <ele>1899.4</ele>
      </trkpt>
      <trkpt lat="46.74483" lon="9.572977">
        <ele>1897.6</ele>
      </trkpt>
      <trkpt lat="46.744754" lon="9.572928">
        <ele>1896.8</ele>
      </trkpt>
      <trkpt lat="46.744932" lon="9.572861">
        <ele>1895.6</ele>
      </trkpt>
      <trkpt lat="46.744979" lon="9.572864">
        <ele>1895.3</ele>
      </trkpt>
      <trkpt lat="46.745023" lon="9.572863">
        <ele>1894.8</ele>
      </trkpt>
      <trkpt lat="46.745087" lon="9.57285">
        <ele>1893.7</ele>
      </trkpt>
      <trkpt lat="46.74515" lon="9.572861">
        <ele>1893.1</ele>
      </trkpt>
      <trkpt lat="46.745213" lon="9.572854">
        <ele>1892.2</ele>
      </trkpt>
      <trkpt lat="46.745263" lon="9.57285">
        <ele>1891.3</ele>
      </trkpt>
      <trkpt lat="46.745307" lon="9.57286">
        <ele>1891.0</ele>
      </trkpt>
      <trkpt lat="46.745353" lon="9.572856">
        <ele>1890.4</ele>
      </trkpt>
      <trkpt lat="46.745405" lon="9.572868">
        <ele>1889.8</ele>
      </trkpt>
      <trkpt lat="46.745445" lon="9.572865">
        <ele>1889.2</ele>
      </trkpt>
      <trkpt lat="46.745473" lon="9.572856">
        <ele>1888.9</ele>
      </trkpt>
      <trkpt lat="46.745495" lon="9.572862">
        <ele>1888.5</ele>
      </trkpt>
      <trkpt lat="46.745519" lon="9.572882">
        <ele>1888.6</ele>
      </trkpt>
      <trkpt lat="46.745544" lon="9.572893">
        <ele>1888.4</ele>
      </trkpt>
      <trkpt lat="46.745575" lon="9.572894">
        <ele>1888.1</ele>
      </trkpt>
      <trkpt lat="46.745596" lon="9.572897">
        <ele>1888.0</ele>
      </trkpt>
      <trkpt lat="46.745625" lon="9.572917">
        <ele>1887.8</ele>
      </trkpt>
      <trkpt lat="46.745669" lon="9.572935">
        <ele>1887.5</ele>
      </trkpt>
      <trkpt lat="46.745727" lon="9.572951">
        <ele>1887.1</ele>
      </trkpt>
      <trkpt lat="46.745752" lon="9.57295">
        <ele>1886.8</ele>
      </trkpt>
      <trkpt lat="46.745769" lon="9.572946">
        <ele>1886.6</ele>
      </trkpt>
      <trkpt lat="46.7458" lon="9.572955">
        <ele>1886.3</ele>
      </trkpt>
      <trkpt lat="46.745844" lon="9.572954">
        <ele>1886.0</ele>
      </trkpt>
      <trkpt lat="46.745879" lon="9.572958">
        <ele>1885.8</ele>
      </trkpt>
      <trkpt lat="46.745907" lon="9.572963">
        <ele>1885.6</ele>
      </trkpt>
      <trkpt lat="46.74593" lon="9.572973">
        <ele>1885.5</ele>
      </trkpt>
      <trkpt lat="46.745989" lon="9.572976">
        <ele>1885.1</ele>
      </trkpt>
      <trkpt lat="46.745997" lon="9.572974">
        <ele>1885.0</ele>
      </trkpt>
      <trkpt lat="46.746016" lon="9.572986">
        <ele>1884.9</ele>
      </trkpt>
      <trkpt lat="46.746035" lon="9.572998">
        <ele>1884.9</ele>
      </trkpt>
      <trkpt lat="46.746095" lon="9.573012">
        <ele>1884.6</ele>
      </trkpt>
      <trkpt lat="46.746133" lon="9.57302">
        <ele>1884.3</ele>
      </trkpt>
      <trkpt lat="46.746161" lon="9.573024">
        <ele>1884.2</ele>
      </trkpt>
      <trkpt lat="46.746186" lon="9.573017">
        <ele>1883.9</ele>
      </trkpt>
      <trkpt lat="46.746208" lon="9.573006">
        <ele>1883.5</ele>
      </trkpt>
      <trkpt lat="46.746232" lon="9.573003">
        <ele>1883.1</ele>
      </trkpt>
      <trkpt lat="46.746264" lon="9.572981">
        <ele>1882.5</ele>
      </trkpt>
      <trkpt lat="46.746281" lon="9.572974">
        <ele>1882.4</ele>
      </trkpt>
      <trkpt lat="46.746304" lon="9.572969">
        <ele>1882.3</ele>
      </trkpt>
      <trkpt lat="46.746327" lon="9.572977">
        <ele>1882.3</ele>
      </trkpt>
      <trkpt lat="46.746344" lon="9.572982">
        <ele>1882.2</ele>
      </trkpt>
      <trkpt lat="46.746376" lon="9.572978">
        <ele>1881.9</ele>
      </trkpt>
      <trkpt lat="46.746411" lon="9.57297">
        <ele>1881.6</ele>
      </trkpt>
      <trkpt lat="46.746426" lon="9.572961">
        <ele>1881.2</ele>
      </trkpt>
      <trkpt lat="46.74644" lon="9.57295">
        <ele>1880.6</ele>
      </trkpt>
      <trkpt lat="46.746458" lon="9.572956">
        <ele>1880.4</ele>
      </trkpt>
      <trkpt lat="46.746471" lon="9.572967">
        <ele>1880.4</ele>
      </trkpt>
      <trkpt lat="46.746494" lon="9.57297">
        <ele>1880.3</ele>
      </trkpt>
      <trkpt lat="46.746545" lon="9.572976">
        <ele>1880.1</ele>
      </trkpt>
      <trkpt lat="46.746576" lon="9.57299">
        <ele>1879.9</ele>
      </trkpt>
      <trkpt lat="46.746576" lon="9.572993">
        <ele>1879.7</ele>
        <name>46.746536,9.573169</name>
        <extensions>
          <oa:Extension>
            <oa:mapZoom>17</oa:mapZoom>
          </oa:Extension>
        </extensions>
      </trkpt>
      <trkpt lat="46.746852" lon="9.573035">
        <ele>1876.7</ele>
      </trkpt>
      <trkpt lat="46.74709" lon="9.57303">
        <ele>1874.2</ele>
      </trkpt>
      <trkpt lat="46.747148" lon="9.572933">
        <ele>1872.5</ele>
      </trkpt>
      <trkpt lat="46.747306" lon="9.572879">
        <ele>1869.9</ele>
      </trkpt>
      <trkpt lat="46.747605" lon="9.572839">
        <ele>1865.9</ele>
      </trkpt>
      <trkpt lat="46.747692" lon="9.572754">
        <ele>1864.7</ele>
      </trkpt>
      <trkpt lat="46.747775" lon="9.572567">
        <ele>1862.2</ele>
      </trkpt>
      <trkpt lat="46.747901" lon="9.572155">
        <ele>1850.5</ele>
      </trkpt>
      <trkpt lat="46.747931" lon="9.571938">
        <ele>1845.8</ele>
      </trkpt>
      <trkpt lat="46.748038" lon="9.571675">
        <ele>1838.1</ele>
      </trkpt>
      <trkpt lat="46.748069" lon="9.571598">
        <ele>1836.4</ele>
      </trkpt>
      <trkpt lat="46.748143" lon="9.571546">
        <ele>1834.3</ele>
      </trkpt>
      <trkpt lat="46.748189" lon="9.571541">
        <ele>1834.2</ele>
      </trkpt>
      <trkpt lat="46.748261" lon="9.571582">
        <ele>1834.4</ele>
      </trkpt>
      <trkpt lat="46.748429" lon="9.571829">
        <ele>1835.6</ele>
      </trkpt>
      <trkpt lat="46.748479" lon="9.571901">
        <ele>1836.6</ele>
      </trkpt>
      <trkpt lat="46.748536" lon="9.571961">
        <ele>1837.2</ele>
      </trkpt>
      <trkpt lat="46.748652" lon="9.571989">
        <ele>1838.7</ele>
      </trkpt>
      <trkpt lat="46.748723" lon="9.572051">
        <ele>1838.9</ele>
      </trkpt>
      <trkpt lat="46.748732" lon="9.572098">
        <ele>1838.9</ele>
      </trkpt>
      <trkpt lat="46.74876" lon="9.572242">
        <ele>1838.6</ele>
        <name>46.748760,9.572242</name>
        <extensions>
          <oa:Extension>
            <oa:mapZoom>19</oa:mapZoom>
          </oa:Extension>
        </extensions>
      </trkpt>
      <trkpt lat="46.757987" lon="9.598156">
        <ele>2573.1301</ele>
      </trkpt>
      <trkpt lat="46.757996" lon="9.598162">
        <ele>2572.9</ele>
        <name>46.757987,9.598156</name>
        <extensions>
          <oa:Extension>
            <oa:mapZoom>18</oa:mapZoom>
          </oa:Extension>
        </extensions>
      </trkpt>
      <trkpt lat="46.75801" lon="9.598118">
        <ele>2572.8</ele>
      </trkpt>
      <trkpt lat="46.758162" lon="9.598045">
        <ele>2570.0</ele>
      </trkpt>
      <trkpt lat="46.75819" lon="9.59784">
        <ele>2568.1</ele>
      </trkpt>
      <trkpt lat="46.758134" lon="9.597423">
        <ele>2564.8</ele>
      </trkpt>
      <trkpt lat="46.758073" lon="9.597307">
        <ele>2565.7</ele>
      </trkpt>
      <trkpt lat="46.758054" lon="9.597239">
        <ele>2565.0</ele>
      </trkpt>
      <trkpt lat="46.75811" lon="9.597232">
        <ele>2561.8</ele>
      </trkpt>
      <trkpt lat="46.758157" lon="9.597258">
        <ele>2560.8</ele>
      </trkpt>
      <trkpt lat="46.758242" lon="9.597329">
        <ele>2560.0</ele>
      </trkpt>
      <trkpt lat="46.758319" lon="9.597383">
        <ele>2558.5</ele>
      </trkpt>
      <trkpt lat="46.758379" lon="9.597505">
        <ele>2559.1</ele>
      </trkpt>
      <trkpt lat="46.758499" lon="9.597567">
        <ele>2556.6</ele>
      </trkpt>
      <trkpt lat="46.758585" lon="9.597652">
        <ele>2556.6</ele>
      </trkpt>
      <trkpt lat="46.758632" lon="9.597681">
        <ele>2556.3</ele>
      </trkpt>
      <trkpt lat="46.758665" lon="9.597631">
        <ele>2554.1</ele>
      </trkpt>
      <trkpt lat="46.758645" lon="9.597521">
        <ele>2551.8</ele>
      </trkpt>
      <trkpt lat="46.758523" lon="9.597425">
        <ele>2552.2</ele>
      </trkpt>
      <trkpt lat="46.758442" lon="9.597299">
        <ele>2551.7</ele>
      </trkpt>
      <trkpt lat="46.758285" lon="9.597">
        <ele>2546.9</ele>
      </trkpt>
      <trkpt lat="46.758392" lon="9.597015">
        <ele>2543.5</ele>
      </trkpt>
      <trkpt lat="46.758539" lon="9.597148">
        <ele>2542.1</ele>
      </trkpt>
      <trkpt lat="46.758666" lon="9.597184">
        <ele>2539.6</ele>
      </trkpt>
      <trkpt lat="46.758772" lon="9.597121">
        <ele>2536.1</ele>
      </trkpt>
      <trkpt lat="46.758763" lon="9.597004">
        <ele>2533.0</ele>
      </trkpt>
      <trkpt lat="46.758695" lon="9.596928">
        <ele>2532.0</ele>
      </trkpt>
      <trkpt lat="46.758737" lon="9.596782">
        <ele>2529.1</ele>
      </trkpt>
      <trkpt lat="46.75871" lon="9.596746">
        <ele>2528.2</ele>
      </trkpt>
      <trkpt lat="46.758636" lon="9.596724">
        <ele>2526.5</ele>
      </trkpt>
      <trkpt lat="46.758624" lon="9.59666">
        <ele>2524.8</ele>
      </trkpt>
      <trkpt lat="46.75869" lon="9.596499">
        <ele>2522.6</ele>
      </trkpt>
      <trkpt lat="46.758728" lon="9.596487">
        <ele>2522.1</ele>
        <name>46.758728,9.596487</name>
        <extensions>
          <oa:Extension>
            <oa:mapZoom>17</oa:mapZoom>
          </oa:Extension>
        </extensions>
      </trkpt>
      <trkpt lat="46.758808" lon="9.596462">
        <ele>2521.1</ele>
      </trkpt>
      <trkpt lat="46.758819" lon="9.596386">
        <ele>2519.2</ele>
      </trkpt>
      <trkpt lat="46.758709" lon="9.596306">
        <ele>2516.4</ele>
      </trkpt>
      <trkpt lat="46.758565" lon="9.59618">
        <ele>2513.5</ele>
      </trkpt>
      <trkpt lat="46.75848" lon="9.596073">
        <ele>2512.0</ele>
      </trkpt>
      <trkpt lat="46.758393" lon="9.596048">
        <ele>2512.9</ele>
      </trkpt>
      <trkpt lat="46.758344" lon="9.595923">
        <ele>2511.4</ele>
      </trkpt>
      <trkpt lat="46.758273" lon="9.595802">
        <ele>2509.9</ele>
      </trkpt>
      <trkpt lat="46.7582" lon="9.595706">
        <ele>2508.2</ele>
      </trkpt>
      <trkpt lat="46.758083" lon="9.59563">
        <ele>2507.1</ele>
      </trkpt>
      <trkpt lat="46.757991" lon="9.595556">
        <ele>2504.9</ele>
      </trkpt>
      <trkpt lat="46.7579" lon="9.595521">
        <ele>2504.5</ele>
      </trkpt>
      <trkpt lat="46.757824" lon="9.595534">
        <ele>2505.1</ele>
      </trkpt>
      <trkpt lat="46.757735" lon="9.595488">
        <ele>2505.4</ele>
      </trkpt>
      <trkpt lat="46.757654" lon="9.595484">
        <ele>2505.0</ele>
      </trkpt>
      <trkpt lat="46.757345" lon="9.595261">
        <ele>2500.1</ele>
      </trkpt>
      <trkpt lat="46.757248" lon="9.595308">
        <ele>2499.7</ele>
      </trkpt>
      <trkpt lat="46.757182" lon="9.595231">
        <ele>2499.5</ele>
      </trkpt>
      <trkpt lat="46.757033" lon="9.595127">
        <ele>2495.4</ele>
      </trkpt>
      <trkpt lat="46.756806" lon="9.595179">
        <ele>2492.8</ele>
      </trkpt>
      <trkpt lat="46.756744" lon="9.595249">
        <ele>2492.8</ele>
        <name>46.756744,9.595249</name>
        <extensions>
          <oa:Extension>
            <oa:mapZoom>16</oa:mapZoom>
          </oa:Extension>
        </extensions>
      </trkpt>
      <trkpt lat="46.756581" lon="9.595167">
        <ele>2489.1</ele>
      </trkpt>
      <trkpt lat="46.756535" lon="9.595193">
        <ele>2488.7</ele>
      </trkpt>
      <trkpt lat="46.756489" lon="9.595311">
        <ele>2489.9</ele>
      </trkpt>
      <trkpt lat="46.756451" lon="9.59532">
        <ele>2489.4</ele>
      </trkpt>
      <trkpt lat="46.756414" lon="9.595308">
        <ele>2488.5</ele>
      </trkpt>
      <trkpt lat="46.756405" lon="9.595254">
        <ele>2487.6</ele>
      </trkpt>
      <trkpt lat="46.756437" lon="9.59516">
        <ele>2486.4</ele>
      </trkpt>
      <trkpt lat="46.756442" lon="9.595049">
        <ele>2484.7</ele>
      </trkpt>
      <trkpt lat="46.756402" lon="9.595025">
        <ele>2483.9</ele>
      </trkpt>
      <trkpt lat="46.756304" lon="9.595048">
        <ele>2482.6</ele>
      </trkpt>
      <trkpt lat="46.756196" lon="9.595144">
        <ele>2481.4</ele>
      </trkpt>
      <trkpt lat="46.756137" lon="9.595256">
        <ele>2482.1</ele>
      </trkpt>
      <trkpt lat="46.75604" lon="9.595258">
        <ele>2479.7</ele>
      </trkpt>
      <trkpt lat="46.755927" lon="9.59532">
        <ele>2478.8</ele>
      </trkpt>
      <trkpt lat="46.755844" lon="9.595359">
        <ele>2478.3</ele>
      </trkpt>
      <trkpt lat="46.755694" lon="9.595503">
        <ele>2476.8</ele>
      </trkpt>
      <trkpt lat="46.755559" lon="9.595436">
        <ele>2472.2</ele>
      </trkpt>
      <trkpt lat="46.755437" lon="9.595483">
        <ele>2470.4</ele>
      </trkpt>
      <trkpt lat="46.755397" lon="9.595443">
        <ele>2469.3</ele>
      </trkpt>
      <trkpt lat="46.755388" lon="9.595355">
        <ele>2468.0</ele>
      </trkpt>
      <trkpt lat="46.755352" lon="9.59531">
        <ele>2466.9</ele>
      </trkpt>
      <trkpt lat="46.755222" lon="9.595339">
        <ele>2465.4</ele>
      </trkpt>
      <trkpt lat="46.755155" lon="9.595273">
        <ele>2462.2</ele>
      </trkpt>
      <trkpt lat="46.755066" lon="9.595297">
        <ele>2461.3</ele>
      </trkpt>
      <trkpt lat="46.755032" lon="9.595343">
        <ele>2461.6</ele>
      </trkpt>
      <trkpt lat="46.755007" lon="9.595304">
        <ele>2460.3</ele>
      </trkpt>
      <trkpt lat="46.755027" lon="9.595248">
        <ele>2459.3</ele>
      </trkpt>
      <trkpt lat="46.755091" lon="9.595223">
        <ele>2459.5</ele>
      </trkpt>
      <trkpt lat="46.755146" lon="9.595167">
        <ele>2457.9</ele>
      </trkpt>
      <trkpt lat="46.755272" lon="9.595147">
        <ele>2457.8</ele>
      </trkpt>
      <trkpt lat="46.755385" lon="9.595028">
        <ele>2455.5</ele>
      </trkpt>
      <trkpt lat="46.755467" lon="9.594972">
        <ele>2454.7</ele>
      </trkpt>
      <trkpt lat="46.755592" lon="9.594859">
        <ele>2452.7</ele>
      </trkpt>
      <trkpt lat="46.755771" lon="9.594517">
        <ele>2446.2</ele>
      </trkpt>
      <trkpt lat="46.755838" lon="9.594458">
        <ele>2446.3</ele>
      </trkpt>
      <trkpt lat="46.755937" lon="9.594336">
        <ele>2444.7</ele>
      </trkpt>
      <trkpt lat="46.755997" lon="9.594199">
        <ele>2441.3</ele>
      </trkpt>
      <trkpt lat="46.756104" lon="9.594108">
        <ele>2440.1</ele>
      </trkpt>
      <trkpt lat="46.756167" lon="9.593983">
        <ele>2437.8</ele>
      </trkpt>
      <trkpt lat="46.756246" lon="9.593909">
        <ele>2438.6</ele>
      </trkpt>
      <trkpt lat="46.756247" lon="9.593868">
        <ele>2437.8</ele>
      </trkpt>
      <trkpt lat="46.756207" lon="9.593861">
        <ele>2436.0</ele>
      </trkpt>
      <trkpt lat="46.756052" lon="9.594012">
        <ele>2435.2</ele>
      </trkpt>
      <trkpt lat="46.755969" lon="9.59403">
        <ele>2433.1</ele>
      </trkpt>
      <trkpt lat="46.755853" lon="9.594113">
        <ele>2433.6</ele>
      </trkpt>
      <trkpt lat="46.755683" lon="9.594155">
        <ele>2430.1</ele>
      </trkpt>
      <trkpt lat="46.755646" lon="9.5942">
        <ele>2430.5</ele>
      </trkpt>
      <trkpt lat="46.755633" lon="9.594222">
        <ele>2430.8</ele>
      </trkpt>
      <trkpt lat="46.75562" lon="9.594229">
        <ele>2430.7</ele>
      </trkpt>
      <trkpt lat="46.755601" lon="9.594215">
        <ele>2429.8</ele>
      </trkpt>
      <trkpt lat="46.755594" lon="9.594197">
        <ele>2429.0</ele>
      </trkpt>
      <trkpt lat="46.7556" lon="9.594156">
        <ele>2428.2</ele>
      </trkpt>
      <trkpt lat="46.755619" lon="9.594112">
        <ele>2427.5</ele>
      </trkpt>
      <trkpt lat="46.755685" lon="9.594048">
        <ele>2426.6</ele>
      </trkpt>
      <trkpt lat="46.75576" lon="9.593949">
        <ele>2424.3</ele>
      </trkpt>
      <trkpt lat="46.755889" lon="9.593822">
        <ele>2424.3</ele>
      </trkpt>
      <trkpt lat="46.755957" lon="9.593653">
        <ele>2423.3</ele>
      </trkpt>
      <trkpt lat="46.755961" lon="9.593617">
        <ele>2422.5</ele>
      </trkpt>
      <trkpt lat="46.755934" lon="9.593607">
        <ele>2421.7</ele>
      </trkpt>
      <trkpt lat="46.755905" lon="9.593608">
        <ele>2420.8</ele>
      </trkpt>
      <trkpt lat="46.755834" lon="9.593671">
        <ele>2419.3</ele>
      </trkpt>
      <trkpt lat="46.755798" lon="9.593732">
        <ele>2418.8</ele>
      </trkpt>
      <trkpt lat="46.755775" lon="9.593739">
        <ele>2418.2</ele>
      </trkpt>
      <trkpt lat="46.755755" lon="9.593706">
        <ele>2417.5</ele>
      </trkpt>
      <trkpt lat="46.755742" lon="9.593589">
        <ele>2415.8</ele>
      </trkpt>
      <trkpt lat="46.755712" lon="9.593562">
        <ele>2415.3</ele>
      </trkpt>
      <trkpt lat="46.755668" lon="9.593561">
        <ele>2414.7</ele>
      </trkpt>
      <trkpt lat="46.755631" lon="9.593634">
        <ele>2413.8</ele>
      </trkpt>
      <trkpt lat="46.755594" lon="9.593644">
        <ele>2413.2</ele>
      </trkpt>
      <trkpt lat="46.755521" lon="9.593599">
        <ele>2412.4</ele>
      </trkpt>
      <trkpt lat="46.755469" lon="9.593593">
        <ele>2410.8</ele>
      </trkpt>
      <trkpt lat="46.755448" lon="9.593553">
        <ele>2410.3</ele>
      </trkpt>
      <trkpt lat="46.755438" lon="9.593488">
        <ele>2409.5</ele>
      </trkpt>
      <trkpt lat="46.755495" lon="9.59334">
        <ele>2408.4</ele>
      </trkpt>
      <trkpt lat="46.755558" lon="9.593298">
        <ele>2408.6</ele>
      </trkpt>
      <trkpt lat="46.755582" lon="9.593257">
        <ele>2408.1</ele>
      </trkpt>
      <trkpt lat="46.755572" lon="9.59322">
        <ele>2407.2</ele>
      </trkpt>
      <trkpt lat="46.755491" lon="9.593196">
        <ele>2405.6</ele>
      </trkpt>
      <trkpt lat="46.755354" lon="9.593227">
        <ele>2402.9</ele>
      </trkpt>
      <trkpt lat="46.755282" lon="9.593303">
        <ele>2401.5</ele>
      </trkpt>
      <trkpt lat="46.755256" lon="9.593379">
        <ele>2400.9</ele>
      </trkpt>
      <trkpt lat="46.755227" lon="9.593451">
        <ele>2400.4</ele>
      </trkpt>
      <trkpt lat="46.755216" lon="9.593551">
        <ele>2400.4</ele>
      </trkpt>
      <trkpt lat="46.755187" lon="9.593581">
        <ele>2400.1</ele>
      </trkpt>
      <trkpt lat="46.755125" lon="9.593597">
        <ele>2399.1</ele>
      </trkpt>
      <trkpt lat="46.754974" lon="9.593711">
        <ele>2396.7</ele>
      </trkpt>
      <trkpt lat="46.754944" lon="9.59364">
        <ele>2394.7</ele>
      </trkpt>
      <trkpt lat="46.754952" lon="9.593521">
        <ele>2392.6</ele>
      </trkpt>
      <trkpt lat="46.754998" lon="9.593365">
        <ele>2392.0</ele>
      </trkpt>
      <trkpt lat="46.755056" lon="9.59319">
        <ele>2392.3</ele>
      </trkpt>
      <trkpt lat="46.755031" lon="9.593076">
        <ele>2390.0</ele>
      </trkpt>
      <trkpt lat="46.754982" lon="9.593037">
        <ele>2387.9</ele>
      </trkpt>
      <trkpt lat="46.754942" lon="9.593005">
        <ele>2386.7</ele>
      </trkpt>
      <trkpt lat="46.754896" lon="9.593004">
        <ele>2386.1</ele>
      </trkpt>
      <trkpt lat="46.7548" lon="9.593066">
        <ele>2384.7</ele>
      </trkpt>
      <trkpt lat="46.754731" lon="9.593255">
        <ele>2383.4</ele>
      </trkpt>
      <trkpt lat="46.754694" lon="9.59326">
        <ele>2382.8</ele>
      </trkpt>
      <trkpt lat="46.754597" lon="9.593149">
        <ele>2380.4</ele>
      </trkpt>
      <trkpt lat="46.754506" lon="9.59308">
        <ele>2378.5</ele>
      </trkpt>
      <trkpt lat="46.754502" lon="9.592992">
        <ele>2377.4</ele>
      </trkpt>
      <trkpt lat="46.754535" lon="9.59289">
        <ele>2376.3</ele>
      </trkpt>
      <trkpt lat="46.754612" lon="9.592792">
        <ele>2376.4</ele>
      </trkpt>
      <trkpt lat="46.754626" lon="9.592752">
        <ele>2376.0</ele>
      </trkpt>
      <trkpt lat="46.754618" lon="9.592719">
        <ele>2375.5</ele>
      </trkpt>
      <trkpt lat="46.75459" lon="9.59271">
        <ele>2375.0</ele>
      </trkpt>
      <trkpt lat="46.754495" lon="9.592761">
        <ele>2374.1</ele>
      </trkpt>
      <trkpt lat="46.754402" lon="9.592751">
        <ele>2372.1</ele>
      </trkpt>
      <trkpt lat="46.754324" lon="9.592746">
        <ele>2371.1</ele>
      </trkpt>
      <trkpt lat="46.754272" lon="9.592764">
        <ele>2371.0</ele>
      </trkpt>
      <trkpt lat="46.754214" lon="9.592848">
        <ele>2370.6</ele>
      </trkpt>
      <trkpt lat="46.754173" lon="9.592892">
        <ele>2370.3</ele>
      </trkpt>
      <trkpt lat="46.754131" lon="9.592883">
        <ele>2370.3</ele>
      </trkpt>
      <trkpt lat="46.754111" lon="9.592844">
        <ele>2369.3</ele>
      </trkpt>
      <trkpt lat="46.754241" lon="9.592623">
        <ele>2365.8</ele>
      </trkpt>
      <trkpt lat="46.754425" lon="9.592548">
        <ele>2365.7</ele>
      </trkpt>
      <trkpt lat="46.754428" lon="9.592522">
        <ele>2364.8</ele>
      </trkpt>
      <trkpt lat="46.754416" lon="9.592502">
        <ele>2363.9</ele>
      </trkpt>
      <trkpt lat="46.75424" lon="9.592492">
        <ele>2361.1</ele>
      </trkpt>
      <trkpt lat="46.754085" lon="9.592515">
        <ele>2359.5</ele>
      </trkpt>
      <trkpt lat="46.754036" lon="9.592482">
        <ele>2360.1</ele>
      </trkpt>
      <trkpt lat="46.754004" lon="9.592365">
        <ele>2358.3</ele>
      </trkpt>
      <trkpt lat="46.753969" lon="9.592338">
        <ele>2358.4</ele>
      </trkpt>
      <trkpt lat="46.753935" lon="9.592358">
        <ele>2358.7</ele>
      </trkpt>
      <trkpt lat="46.753873" lon="9.592421">
        <ele>2356.1</ele>
      </trkpt>
      <trkpt lat="46.753814" lon="9.592431">
        <ele>2355.0</ele>
      </trkpt>
      <trkpt lat="46.753754" lon="9.592435">
        <ele>2354.3</ele>
      </trkpt>
      <trkpt lat="46.753623" lon="9.592499">
        <ele>2354.2</ele>
      </trkpt>
      <trkpt lat="46.75352" lon="9.592564">
        <ele>2354.9</ele>
      </trkpt>
      <trkpt lat="46.75343" lon="9.592572">
        <ele>2353.7</ele>
      </trkpt>
      <trkpt lat="46.753346" lon="9.592615">
        <ele>2352.9</ele>
      </trkpt>
      <trkpt lat="46.753241" lon="9.592685">
        <ele>2352.7</ele>
      </trkpt>
      <trkpt lat="46.753118" lon="9.592733">
        <ele>2351.5</ele>
      </trkpt>
      <trkpt lat="46.752925" lon="9.592829">
        <ele>2350.6</ele>
      </trkpt>
      <trkpt lat="46.752794" lon="9.592858">
        <ele>2350.5</ele>
      </trkpt>
      <trkpt lat="46.752714" lon="9.592837">
        <ele>2350.2</ele>
      </trkpt>
      <trkpt lat="46.752626" lon="9.592775">
        <ele>2351.8</ele>
      </trkpt>
      <trkpt lat="46.7526" lon="9.592681">
        <ele>2350.8</ele>
      </trkpt>
      <trkpt lat="46.752585" lon="9.592582">
        <ele>2349.6</ele>
      </trkpt>
      <trkpt lat="46.752555" lon="9.592492">
        <ele>2349.4</ele>
      </trkpt>
      <trkpt lat="46.752552" lon="9.592431">
        <ele>2348.1</ele>
      </trkpt>
      <trkpt lat="46.752529" lon="9.592326">
        <ele>2346.8</ele>
      </trkpt>
      <trkpt lat="46.752496" lon="9.592248">
        <ele>2346.5</ele>
      </trkpt>
      <trkpt lat="46.752451" lon="9.59218">
        <ele>2345.5</ele>
      </trkpt>
      <trkpt lat="46.752396" lon="9.592129">
        <ele>2345.1</ele>
      </trkpt>
      <trkpt lat="46.752302" lon="9.592078">
        <ele>2344.6</ele>
      </trkpt>
      <trkpt lat="46.752239" lon="9.592083">
        <ele>2343.9</ele>
      </trkpt>
      <trkpt lat="46.752176" lon="9.592098">
        <ele>2342.8</ele>
      </trkpt>
      <trkpt lat="46.752113" lon="9.592167">
        <ele>2342.2</ele>
      </trkpt>
      <trkpt lat="46.752097" lon="9.592228">
        <ele>2342.2</ele>
      </trkpt>
      <trkpt lat="46.752019" lon="9.592347">
        <ele>2340.6</ele>
      </trkpt>
      <trkpt lat="46.751972" lon="9.592397">
        <ele>2340.3</ele>
      </trkpt>
      <trkpt lat="46.751854" lon="9.592617">
        <ele>2339.0</ele>
      </trkpt>
      <trkpt lat="46.751804" lon="9.592693">
        <ele>2337.6</ele>
      </trkpt>
      <trkpt lat="46.751762" lon="9.59281">
        <ele>2337.9</ele>
      </trkpt>
      <trkpt lat="46.751743" lon="9.592835">
        <ele>2337.6</ele>
      </trkpt>
      <trkpt lat="46.751592" lon="9.592846">
        <ele>2332.9</ele>
      </trkpt>
      <trkpt lat="46.751266" lon="9.592884">
        <ele>2331.7</ele>
      </trkpt>
      <trkpt lat="46.751218" lon="9.592915">
        <ele>2331.7</ele>
      </trkpt>
      <trkpt lat="46.75118" lon="9.59297">
        <ele>2332.3</ele>
      </trkpt>
      <trkpt lat="46.751144" lon="9.592981">
        <ele>2332.1</ele>
      </trkpt>
      <trkpt lat="46.751128" lon="9.592934">
        <ele>2331.2</ele>
      </trkpt>
      <trkpt lat="46.751159" lon="9.59279">
        <ele>2329.0</ele>
      </trkpt>
      <trkpt lat="46.751169" lon="9.592702">
        <ele>2327.5</ele>
      </trkpt>
      <trkpt lat="46.751152" lon="9.592631">
        <ele>2326.4</ele>
      </trkpt>
      <trkpt lat="46.751102" lon="9.592587">
        <ele>2325.2</ele>
      </trkpt>
      <trkpt lat="46.751026" lon="9.592603">
        <ele>2324.4</ele>
      </trkpt>
      <trkpt lat="46.750987" lon="9.592638">
        <ele>2323.8</ele>
      </trkpt>
      <trkpt lat="46.750915" lon="9.592739">
        <ele>2322.5</ele>
      </trkpt>
      <trkpt lat="46.750878" lon="9.592757">
        <ele>2322.1</ele>
      </trkpt>
      <trkpt lat="46.750831" lon="9.592756">
        <ele>2321.6</ele>
      </trkpt>
      <trkpt lat="46.750734" lon="9.59281">
        <ele>2322.0</ele>
      </trkpt>
      <trkpt lat="46.750697" lon="9.592812">
        <ele>2321.7</ele>
      </trkpt>
      <trkpt lat="46.750673" lon="9.592788">
        <ele>2320.9</ele>
      </trkpt>
      <trkpt lat="46.750676" lon="9.592748">
        <ele>2319.7</ele>
      </trkpt>
      <trkpt lat="46.750725" lon="9.592714">
        <ele>2319.2</ele>
      </trkpt>
      <trkpt lat="46.750781" lon="9.592654">
        <ele>2318.1</ele>
      </trkpt>
      <trkpt lat="46.750878" lon="9.592603">
        <ele>2317.8</ele>
      </trkpt>
      <trkpt lat="46.750883" lon="9.592567">
        <ele>2316.9</ele>
      </trkpt>
      <trkpt lat="46.750861" lon="9.592547">
        <ele>2315.8</ele>
      </trkpt>
      <trkpt lat="46.750772" lon="9.592563">
        <ele>2315.1</ele>
      </trkpt>
      <trkpt lat="46.750754" lon="9.592534">
        <ele>2314.1</ele>
      </trkpt>
      <trkpt lat="46.750814" lon="9.592455">
        <ele>2312.4</ele>
      </trkpt>
      <trkpt lat="46.75079" lon="9.59242">
        <ele>2311.2</ele>
      </trkpt>
      <trkpt lat="46.75075" lon="9.592407">
        <ele>2310.3</ele>
      </trkpt>
      <trkpt lat="46.750705" lon="9.592414">
        <ele>2309.9</ele>
      </trkpt>
      <trkpt lat="46.750639" lon="9.592416">
        <ele>2309.3</ele>
      </trkpt>
      <trkpt lat="46.750568" lon="9.592357">
        <ele>2306.6</ele>
      </trkpt>
      <trkpt lat="46.750468" lon="9.592332">
        <ele>2304.7</ele>
      </trkpt>
      <trkpt lat="46.750395" lon="9.592336">
        <ele>2304.4</ele>
      </trkpt>
      <trkpt lat="46.750306" lon="9.592372">
        <ele>2305.1</ele>
      </trkpt>
      <trkpt lat="46.750254" lon="9.592316">
        <ele>2303.2</ele>
      </trkpt>
      <trkpt lat="46.75028" lon="9.592247">
        <ele>2301.4</ele>
      </trkpt>
      <trkpt lat="46.750348" lon="9.592175">
        <ele>2299.0</ele>
      </trkpt>
      <trkpt lat="46.750502" lon="9.59213">
        <ele>2298.5</ele>
      </trkpt>
      <trkpt lat="46.750565" lon="9.592106">
        <ele>2298.5</ele>
      </trkpt>
      <trkpt lat="46.750561" lon="9.592043">
        <ele>2296.5</ele>
      </trkpt>
      <trkpt lat="46.750521" lon="9.591998">
        <ele>2294.5</ele>
      </trkpt>
      <trkpt lat="46.750463" lon="9.591974">
        <ele>2293.3</ele>
      </trkpt>
      <trkpt lat="46.750405" lon="9.591978">
        <ele>2293.3</ele>
      </trkpt>
      <trkpt lat="46.750364" lon="9.591987">
        <ele>2293.3</ele>
      </trkpt>
      <trkpt lat="46.750328" lon="9.59198">
        <ele>2293.0</ele>
      </trkpt>
      <trkpt lat="46.750317" lon="9.591959">
        <ele>2292.3</ele>
      </trkpt>
      <trkpt lat="46.75031" lon="9.591913">
        <ele>2290.8</ele>
      </trkpt>
      <trkpt lat="46.750327" lon="9.59188">
        <ele>2289.9</ele>
      </trkpt>
      <trkpt lat="46.750369" lon="9.591849">
        <ele>2288.9</ele>
      </trkpt>
      <trkpt lat="46.750419" lon="9.591831">
        <ele>2288.2</ele>
      </trkpt>
      <trkpt lat="46.750479" lon="9.591759">
        <ele>2287.5</ele>
      </trkpt>
      <trkpt lat="46.750534" lon="9.591719">
        <ele>2286.7</ele>
      </trkpt>
      <trkpt lat="46.750648" lon="9.591662">
        <ele>2286.9</ele>
      </trkpt>
      <trkpt lat="46.750675" lon="9.591648">
        <ele>2286.9</ele>
      </trkpt>
      <trkpt lat="46.750719" lon="9.591573">
        <ele>2285.4</ele>
      </trkpt>
      <trkpt lat="46.750776" lon="9.591521">
        <ele>2286.4</ele>
      </trkpt>
      <trkpt lat="46.750862" lon="9.591304">
        <ele>2283.7</ele>
      </trkpt>
      <trkpt lat="46.750918" lon="9.591206">
        <ele>2284.1</ele>
      </trkpt>
      <trkpt lat="46.750962" lon="9.591099">
        <ele>2283.4</ele>
      </trkpt>
      <trkpt lat="46.751002" lon="9.591051">
        <ele>2283.6</ele>
      </trkpt>
      <trkpt lat="46.751104" lon="9.590981">
        <ele>2283.0</ele>
      </trkpt>
      <trkpt lat="46.751128" lon="9.59097">
        <ele>2282.7</ele>
      </trkpt>
      <trkpt lat="46.751145" lon="9.590929">
        <ele>2281.3</ele>
      </trkpt>
      <trkpt lat="46.751144" lon="9.590887">
        <ele>2279.8</ele>
      </trkpt>
      <trkpt lat="46.751126" lon="9.590857">
        <ele>2279.0</ele>
      </trkpt>
      <trkpt lat="46.751078" lon="9.59085">
        <ele>2278.3</ele>
      </trkpt>
      <trkpt lat="46.751007" lon="9.590876">
        <ele>2278.1</ele>
      </trkpt>
      <trkpt lat="46.750948" lon="9.59092">
        <ele>2277.4</ele>
      </trkpt>
      <trkpt lat="46.750899" lon="9.590981">
        <ele>2276.9</ele>
      </trkpt>
      <trkpt lat="46.750862" lon="9.591069">
        <ele>2276.9</ele>
      </trkpt>
      <trkpt lat="46.750846" lon="9.591113">
        <ele>2276.9</ele>
      </trkpt>
      <trkpt lat="46.750735" lon="9.591207">
        <ele>2273.7</ele>
      </trkpt>
      <trkpt lat="46.750589" lon="9.591277">
        <ele>2274.1</ele>
      </trkpt>
      <trkpt lat="46.750476" lon="9.591301">
        <ele>2274.1</ele>
      </trkpt>
      <trkpt lat="46.750451" lon="9.591277">
        <ele>2273.4</ele>
      </trkpt>
      <trkpt lat="46.750405" lon="9.591172">
        <ele>2270.4</ele>
      </trkpt>
      <trkpt lat="46.750322" lon="9.591102">
        <ele>2268.9</ele>
      </trkpt>
      <trkpt lat="46.750251" lon="9.591005">
        <ele>2267.3</ele>
      </trkpt>
      <trkpt lat="46.750208" lon="9.590988">
        <ele>2267.0</ele>
      </trkpt>
      <trkpt lat="46.750089" lon="9.590946">
        <ele>2266.7</ele>
      </trkpt>
      <trkpt lat="46.749991" lon="9.590878">
        <ele>2265.6</ele>
      </trkpt>
      <trkpt lat="46.749953" lon="9.59088">
        <ele>2265.8</ele>
      </trkpt>
      <trkpt lat="46.749891" lon="9.590829">
        <ele>2265.2</ele>
      </trkpt>
      <trkpt lat="46.749774" lon="9.590665">
        <ele>2262.7</ele>
      </trkpt>
      <trkpt lat="46.749724" lon="9.590533">
        <ele>2260.7</ele>
      </trkpt>
      <trkpt lat="46.749691" lon="9.590488">
        <ele>2260.0</ele>
      </trkpt>
      <trkpt lat="46.749585" lon="9.59044">
        <ele>2261.1</ele>
      </trkpt>
      <trkpt lat="46.74956" lon="9.590401">
        <ele>2260.2</ele>
      </trkpt>
      <trkpt lat="46.749559" lon="9.590362">
        <ele>2259.1</ele>
      </trkpt>
      <trkpt lat="46.749575" lon="9.590317">
        <ele>2258.1</ele>
      </trkpt>
      <trkpt lat="46.749625" lon="9.590295">
        <ele>2256.4</ele>
      </trkpt>
      <trkpt lat="46.749683" lon="9.59031">
        <ele>2255.7</ele>
      </trkpt>
      <trkpt lat="46.749737" lon="9.590276">
        <ele>2254.8</ele>
      </trkpt>
      <trkpt lat="46.749788" lon="9.590223">
        <ele>2253.2</ele>
      </trkpt>
      <trkpt lat="46.749834" lon="9.590214">
        <ele>2252.7</ele>
      </trkpt>
      <trkpt lat="46.749873" lon="9.590216">
        <ele>2252.0</ele>
      </trkpt>
      <trkpt lat="46.749904" lon="9.590182">
        <ele>2250.8</ele>
      </trkpt>
      <trkpt lat="46.749906" lon="9.59015">
        <ele>2250.3</ele>
      </trkpt>
      <trkpt lat="46.749894" lon="9.590088">
        <ele>2249.3</ele>
      </trkpt>
      <trkpt lat="46.749842" lon="9.590007">
        <ele>2247.9</ele>
      </trkpt>
      <trkpt lat="46.749734" lon="9.58978">
        <ele>2243.6</ele>
      </trkpt>
      <trkpt lat="46.749642" lon="9.589709">
        <ele>2242.8</ele>
      </trkpt>
      <trkpt lat="46.749601" lon="9.589605">
        <ele>2241.7</ele>
      </trkpt>
      <trkpt lat="46.749606" lon="9.589485">
        <ele>2239.2</ele>
      </trkpt>
      <trkpt lat="46.749525" lon="9.589398">
        <ele>2238.6</ele>
      </trkpt>
      <trkpt lat="46.749485" lon="9.589335">
        <ele>2237.6</ele>
      </trkpt>
      <trkpt lat="46.749342" lon="9.589243">
        <ele>2236.5</ele>
      </trkpt>
      <trkpt lat="46.749295" lon="9.589124">
        <ele>2234.0</ele>
      </trkpt>
      <trkpt lat="46.749197" lon="9.589006">
        <ele>2232.5</ele>
      </trkpt>
      <trkpt lat="46.749148" lon="9.588888">
        <ele>2230.8</ele>
      </trkpt>
      <trkpt lat="46.749073" lon="9.588828">
        <ele>2230.8</ele>
      </trkpt>
      <trkpt lat="46.749024" lon="9.588783">
        <ele>2230.3</ele>
      </trkpt>
      <trkpt lat="46.748947" lon="9.588739">
        <ele>2229.7</ele>
      </trkpt>
      <trkpt lat="46.748905" lon="9.588668">
        <ele>2228.3</ele>
      </trkpt>
      <trkpt lat="46.748851" lon="9.588563">
        <ele>2226.7</ele>
      </trkpt>
      <trkpt lat="46.748785" lon="9.588486">
        <ele>2225.6</ele>
      </trkpt>
      <trkpt lat="46.748709" lon="9.588383">
        <ele>2224.8</ele>
      </trkpt>
      <trkpt lat="46.748638" lon="9.588309">
        <ele>2224.7</ele>
      </trkpt>
      <trkpt lat="46.748621" lon="9.588246">
        <ele>2224.8</ele>
      </trkpt>
      <trkpt lat="46.748613" lon="9.588094">
        <ele>2223.5</ele>
      </trkpt>
      <trkpt lat="46.748637" lon="9.588068">
        <ele>2222.7</ele>
      </trkpt>
      <trkpt lat="46.748687" lon="9.588074">
        <ele>2221.2</ele>
      </trkpt>
      <trkpt lat="46.748703" lon="9.588056">
        <ele>2220.5</ele>
      </trkpt>
      <trkpt lat="46.748702" lon="9.587924">
        <ele>2219.2</ele>
      </trkpt>
      <trkpt lat="46.74873" lon="9.587856">
        <ele>2218.1</ele>
      </trkpt>
      <trkpt lat="46.748749" lon="9.587842">
        <ele>2217.5</ele>
        <name>46.748749,9.587842</name>
        <extensions>
          <oa:Extension>
            <oa:mapZoom>16</oa:mapZoom>
          </oa:Extension>
        </extensions>
      </trkpt>
      <trkpt lat="46.748778" lon="9.587819">
        <ele>2216.6</ele>
      </trkpt>
      <trkpt lat="46.748809" lon="9.587753">
        <ele>2216.2</ele>
      </trkpt>
      <trkpt lat="46.748871" lon="9.587708">
        <ele>2214.7</ele>
      </trkpt>
      <trkpt lat="46.748931" lon="9.587734">
        <ele>2213.2</ele>
      </trkpt>
      <trkpt lat="46.748967" lon="9.587778">
        <ele>2212.9</ele>
      </trkpt>
      <trkpt lat="46.748998" lon="9.587759">
        <ele>2212.1</ele>
      </trkpt>
      <trkpt lat="46.749014" lon="9.587716">
        <ele>2211.1</ele>
      </trkpt>
      <trkpt lat="46.749023" lon="9.587646">
        <ele>2210.3</ele>
      </trkpt>
      <trkpt lat="46.749004" lon="9.587521">
        <ele>2209.9</ele>
      </trkpt>
      <trkpt lat="46.749007" lon="9.587374">
        <ele>2207.0</ele>
      </trkpt>
      <trkpt lat="46.748999" lon="9.587298">
        <ele>2205.9</ele>
      </trkpt>
      <trkpt lat="46.749022" lon="9.587261">
        <ele>2204.7</ele>
      </trkpt>
      <trkpt lat="46.749063" lon="9.58727">
        <ele>2203.7</ele>
      </trkpt>
      <trkpt lat="46.749106" lon="9.587284">
        <ele>2203.0</ele>
      </trkpt>
      <trkpt lat="46.749182" lon="9.587278">
        <ele>2201.7</ele>
      </trkpt>
      <trkpt lat="46.749559" lon="9.587576">
        <ele>2198.8</ele>
      </trkpt>
      <trkpt lat="46.749748" lon="9.587579">
        <ele>2197.2</ele>
      </trkpt>
      <trkpt lat="46.74993" lon="9.587647">
        <ele>2197.1</ele>
      </trkpt>
      <trkpt lat="46.750119" lon="9.587681">
        <ele>2197.6</ele>
      </trkpt>
      <trkpt lat="46.750336" lon="9.587769">
        <ele>2195.8</ele>
      </trkpt>
      <trkpt lat="46.750598" lon="9.587824">
        <ele>2190.6</ele>
      </trkpt>
      <trkpt lat="46.750821" lon="9.587842">
        <ele>2188.1</ele>
      </trkpt>
      <trkpt lat="46.750936" lon="9.587875">
        <ele>2188.1</ele>
      </trkpt>
      <trkpt lat="46.751027" lon="9.587964">
        <ele>2187.3</ele>
      </trkpt>
      <trkpt lat="46.751159" lon="9.588056">
        <ele>2184.7</ele>
      </trkpt>
      <trkpt lat="46.751307" lon="9.588116">
        <ele>2182.2</ele>
      </trkpt>
      <trkpt lat="46.751454" lon="9.58816">
        <ele>2179.4</ele>
      </trkpt>
      <trkpt lat="46.751575" lon="9.588252">
        <ele>2175.5</ele>
      </trkpt>
      <trkpt lat="46.751739" lon="9.588351">
        <ele>2172.6</ele>
      </trkpt>
      <trkpt lat="46.75181" lon="9.588344">
        <ele>2171.1</ele>
      </trkpt>
      <trkpt lat="46.751843" lon="9.588271">
        <ele>2169.9</ele>
      </trkpt>
      <trkpt lat="46.751853" lon="9.588201">
        <ele>2168.0</ele>
      </trkpt>
      <trkpt lat="46.751848" lon="9.588063">
        <ele>2163.9</ele>
      </trkpt>
      <trkpt lat="46.751808" lon="9.587864">
        <ele>2158.8</ele>
      </trkpt>
      <trkpt lat="46.75167" lon="9.587402">
        <ele>2152.0</ele>
      </trkpt>
      <trkpt lat="46.751611" lon="9.587182">
        <ele>2145.8</ele>
      </trkpt>
      <trkpt lat="46.751593" lon="9.587111">
        <ele>2144.0</ele>
      </trkpt>
      <trkpt lat="46.75159" lon="9.587035">
        <ele>2142.4</ele>
      </trkpt>
      <trkpt lat="46.751594" lon="9.587005">
        <ele>2141.8</ele>
      </trkpt>
      <trkpt lat="46.751608" lon="9.586968">
        <ele>2140.9</ele>
      </trkpt>
      <trkpt lat="46.751644" lon="9.586919">
        <ele>2139.7</ele>
      </trkpt>
      <trkpt lat="46.751716" lon="9.586879">
        <ele>2137.8</ele>
      </trkpt>
      <trkpt lat="46.751773" lon="9.586828">
        <ele>2136.7</ele>
      </trkpt>
      <trkpt lat="46.751784" lon="9.586731">
        <ele>2135.1</ele>
      </trkpt>
      <trkpt lat="46.75175" lon="9.586585">
        <ele>2132.3</ele>
      </trkpt>
      <trkpt lat="46.751667" lon="9.586469">
        <ele>2127.7</ele>
      </trkpt>
      <trkpt lat="46.751555" lon="9.586344">
        <ele>2123.0</ele>
      </trkpt>
      <trkpt lat="46.751455" lon="9.58619">
        <ele>2118.1</ele>
      </trkpt>
      <trkpt lat="46.751392" lon="9.586084">
        <ele>2115.2</ele>
      </trkpt>
      <trkpt lat="46.751339" lon="9.585978">
        <ele>2112.8</ele>
      </trkpt>
      <trkpt lat="46.751243" lon="9.585842">
        <ele>2110.5</ele>
      </trkpt>
      <trkpt lat="46.751134" lon="9.585732">
        <ele>2108.5</ele>
      </trkpt>
      <trkpt lat="46.750969" lon="9.585604">
        <ele>2106.1</ele>
      </trkpt>
      <trkpt lat="46.750812" lon="9.585502">
        <ele>2104.1</ele>
      </trkpt>
      <trkpt lat="46.750727" lon="9.58544">
        <ele>2102.7</ele>
      </trkpt>
      <trkpt lat="46.750651" lon="9.585362">
        <ele>2101.0</ele>
      </trkpt>
      <trkpt lat="46.750659" lon="9.585327">
        <ele>2100.3</ele>
      </trkpt>
      <trkpt lat="46.750683" lon="9.585219">
        <ele>2098.3</ele>
      </trkpt>
      <trkpt lat="46.750693" lon="9.585181">
        <ele>2097.2</ele>
      </trkpt>
      <trkpt lat="46.750652" lon="9.585155">
        <ele>2097.2</ele>
      </trkpt>
      <trkpt lat="46.750564" lon="9.585103">
        <ele>2095.9</ele>
      </trkpt>
      <trkpt lat="46.750325" lon="9.584973">
        <ele>2088.6</ele>
      </trkpt>
      <trkpt lat="46.750051" lon="9.584731">
        <ele>2080.2</ele>
      </trkpt>
      <trkpt lat="46.749911" lon="9.584579">
        <ele>2078.9</ele>
      </trkpt>
      <trkpt lat="46.749782" lon="9.584288">
        <ele>2078.8</ele>
      </trkpt>
      <trkpt lat="46.749729" lon="9.584054">
        <ele>2078.6</ele>
      </trkpt>
      <trkpt lat="46.749693" lon="9.58395">
        <ele>2078.3</ele>
      </trkpt>
      <trkpt lat="46.749543" lon="9.583711">
        <ele>2076.6</ele>
      </trkpt>
      <trkpt lat="46.749446" lon="9.583612">
        <ele>2075.0</ele>
      </trkpt>
      <trkpt lat="46.749125" lon="9.583337">
        <ele>2067.5</ele>
      </trkpt>
      <trkpt lat="46.748805" lon="9.583061">
        <ele>2060.7</ele>
      </trkpt>
      <trkpt lat="46.748484" lon="9.582786">
        <ele>2058.8</ele>
      </trkpt>
      <trkpt lat="46.748326" lon="9.582661">
        <ele>2056.6</ele>
      </trkpt>
      <trkpt lat="46.748165" lon="9.582623">
        <ele>2055.8</ele>
      </trkpt>
      <trkpt lat="46.748092" lon="9.582586">
        <ele>2055.1</ele>
      </trkpt>
      <trkpt lat="46.747962" lon="9.582454">
        <ele>2054.5</ele>
      </trkpt>
      <trkpt lat="46.747894" lon="9.582376">
        <ele>2054.0</ele>
      </trkpt>
      <trkpt lat="46.747782" lon="9.582294">
        <ele>2052.8</ele>
      </trkpt>
      <trkpt lat="46.747705" lon="9.582285">
        <ele>2053.2</ele>
      </trkpt>
      <trkpt lat="46.747635" lon="9.582257">
        <ele>2053.3</ele>
      </trkpt>
      <trkpt lat="46.747456" lon="9.582024">
        <ele>2051.2</ele>
      </trkpt>
      <trkpt lat="46.747278" lon="9.581698">
        <ele>2049.6</ele>
      </trkpt>
      <trkpt lat="46.74723" lon="9.581617">
        <ele>2050.4</ele>
      </trkpt>
      <trkpt lat="46.747148" lon="9.581263">
        <ele>2050.3</ele>
      </trkpt>
      <trkpt lat="46.747129" lon="9.581098">
        <ele>2048.5</ele>
      </trkpt>
      <trkpt lat="46.747115" lon="9.581032">
        <ele>2048.4</ele>
      </trkpt>
      <trkpt lat="46.74705" lon="9.580945">
        <ele>2049.1</ele>
      </trkpt>
      <trkpt lat="46.746962" lon="9.580874">
        <ele>2050.1</ele>
      </trkpt>
      <trkpt lat="46.746926" lon="9.580835">
        <ele>2049.8</ele>
      </trkpt>
      <trkpt lat="46.746837" lon="9.580645">
        <ele>2048.1</ele>
      </trkpt>
      <trkpt lat="46.746778" lon="9.580522">
        <ele>2046.9</ele>
      </trkpt>
      <trkpt lat="46.746706" lon="9.580425">
        <ele>2046.9</ele>
      </trkpt>
      <trkpt lat="46.746615" lon="9.580318">
        <ele>2046.7</ele>
      </trkpt>
      <trkpt lat="46.746526" lon="9.580162">
        <ele>2045.6</ele>
      </trkpt>
      <trkpt lat="46.746359" lon="9.579976">
        <ele>2045.0</ele>
      </trkpt>
      <trkpt lat="46.746245" lon="9.579833">
        <ele>2043.9</ele>
      </trkpt>
      <trkpt lat="46.746118" lon="9.579664">
        <ele>2042.7</ele>
      </trkpt>
      <trkpt lat="46.745971" lon="9.579512">
        <ele>2043.1</ele>
      </trkpt>
      <trkpt lat="46.745721" lon="9.579279">
        <ele>2042.7</ele>
      </trkpt>
      <trkpt lat="46.745634" lon="9.57917">
        <ele>2042.1</ele>
      </trkpt>
      <trkpt lat="46.745573" lon="9.579117">
        <ele>2042.2</ele>
      </trkpt>
      <trkpt lat="46.745511" lon="9.579113">
        <ele>2043.0</ele>
      </trkpt>
      <trkpt lat="46.745411" lon="9.579011">
        <ele>2040.8</ele>
      </trkpt>
      <trkpt lat="46.745271" lon="9.578934">
        <ele>2041.3</ele>
      </trkpt>
      <trkpt lat="46.744991" lon="9.578647">
        <ele>2039.6</ele>
      </trkpt>
      <trkpt lat="46.744884" lon="9.578555">
        <ele>2039.8</ele>
      </trkpt>
      <trkpt lat="46.74476" lon="9.578434">
        <ele>2038.7</ele>
      </trkpt>
      <trkpt lat="46.744693" lon="9.578402">
        <ele>2038.4</ele>
      </trkpt>
      <trkpt lat="46.744653" lon="9.578355">
        <ele>2037.4</ele>
      </trkpt>
      <trkpt lat="46.744621" lon="9.578314">
        <ele>2036.4</ele>
      </trkpt>
      <trkpt lat="46.744635" lon="9.578287">
        <ele>2035.3</ele>
      </trkpt>
      <trkpt lat="46.744691" lon="9.578292">
        <ele>2034.7</ele>
      </trkpt>
      <trkpt lat="46.744813" lon="9.578341">
        <ele>2034.0</ele>
      </trkpt>
      <trkpt lat="46.744955" lon="9.578389">
        <ele>2032.5</ele>
      </trkpt>
      <trkpt lat="46.744973" lon="9.57839">
        <ele>2032.0</ele>
      </trkpt>
      <trkpt lat="46.744979" lon="9.578374">
        <ele>2031.3</ele>
      </trkpt>
      <trkpt lat="46.744923" lon="9.578249">
        <ele>2028.7</ele>
      </trkpt>
      <trkpt lat="46.744801" lon="9.578158">
        <ele>2027.9</ele>
      </trkpt>
      <trkpt lat="46.744662" lon="9.578012">
        <ele>2025.9</ele>
      </trkpt>
      <trkpt lat="46.744676" lon="9.577988">
        <ele>2025.1</ele>
      </trkpt>
      <trkpt lat="46.744702" lon="9.577979">
        <ele>2024.7</ele>
      </trkpt>
      <trkpt lat="46.744801" lon="9.57798">
        <ele>2022.8</ele>
      </trkpt>
      <trkpt lat="46.744882" lon="9.577991">
        <ele>2021.7</ele>
      </trkpt>
      <trkpt lat="46.744945" lon="9.578044">
        <ele>2021.9</ele>
      </trkpt>
      <trkpt lat="46.745014" lon="9.577991">
        <ele>2020.2</ele>
      </trkpt>
      <trkpt lat="46.745062" lon="9.578015">
        <ele>2020.0</ele>
      </trkpt>
      <trkpt lat="46.745075" lon="9.577991">
        <ele>2019.6</ele>
      </trkpt>
      <trkpt lat="46.745083" lon="9.577944">
        <ele>2018.4</ele>
      </trkpt>
      <trkpt lat="46.745049" lon="9.577871">
        <ele>2017.5</ele>
      </trkpt>
      <trkpt lat="46.744994" lon="9.57784">
        <ele>2017.6</ele>
      </trkpt>
      <trkpt lat="46.744947" lon="9.577784">
        <ele>2017.4</ele>
      </trkpt>
      <trkpt lat="46.74494" lon="9.577705">
        <ele>2016.6</ele>
      </trkpt>
      <trkpt lat="46.74496" lon="9.577669">
        <ele>2016.0</ele>
      </trkpt>
      <trkpt lat="46.74503" lon="9.577754">
        <ele>2015.6</ele>
      </trkpt>
      <trkpt lat="46.745105" lon="9.577792">
        <ele>2014.8</ele>
      </trkpt>
      <trkpt lat="46.745192" lon="9.577886">
        <ele>2015.1</ele>
      </trkpt>
      <trkpt lat="46.745225" lon="9.577888">
        <ele>2014.7</ele>
      </trkpt>
      <trkpt lat="46.745242" lon="9.577797">
        <ele>2013.3</ele>
      </trkpt>
      <trkpt lat="46.745323" lon="9.577741">
        <ele>2011.6</ele>
      </trkpt>
      <trkpt lat="46.745351" lon="9.577736">
        <ele>2011.3</ele>
      </trkpt>
      <trkpt lat="46.745389" lon="9.577786">
        <ele>2011.3</ele>
      </trkpt>
      <trkpt lat="46.745429" lon="9.577787">
        <ele>2010.5</ele>
      </trkpt>
      <trkpt lat="46.745436" lon="9.577729">
        <ele>2009.6</ele>
      </trkpt>
      <trkpt lat="46.74542" lon="9.577682">
        <ele>2009.2</ele>
      </trkpt>
      <trkpt lat="46.745396" lon="9.577646">
        <ele>2009.0</ele>
      </trkpt>
      <trkpt lat="46.745332" lon="9.577558">
        <ele>2008.5</ele>
      </trkpt>
      <trkpt lat="46.745412" lon="9.577465">
        <ele>2005.7</ele>
      </trkpt>
      <trkpt lat="46.745492" lon="9.57749">
        <ele>2004.8</ele>
      </trkpt>
      <trkpt lat="46.745555" lon="9.577562">
        <ele>2004.6</ele>
      </trkpt>
      <trkpt lat="46.745586" lon="9.577521">
        <ele>2003.6</ele>
      </trkpt>
      <trkpt lat="46.745584" lon="9.577497">
        <ele>2003.4</ele>
      </trkpt>
      <trkpt lat="46.745572" lon="9.577469">
        <ele>2003.2</ele>
      </trkpt>
      <trkpt lat="46.745505" lon="9.577396">
        <ele>2003.1</ele>
      </trkpt>
      <trkpt lat="46.745521" lon="9.577332">
        <ele>2002.2</ele>
      </trkpt>
      <trkpt lat="46.745601" lon="9.577317">
        <ele>2001.5</ele>
      </trkpt>
      <trkpt lat="46.745708" lon="9.577247">
        <ele>2000.4</ele>
      </trkpt>
      <trkpt lat="46.745736" lon="9.577188">
        <ele>1999.2</ele>
      </trkpt>
      <trkpt lat="46.74573" lon="9.57715">
        <ele>1998.8</ele>
      </trkpt>
      <trkpt lat="46.745706" lon="9.57711">
        <ele>1998.4</ele>
      </trkpt>
      <trkpt lat="46.745656" lon="9.577063">
        <ele>1997.9</ele>
      </trkpt>
      <trkpt lat="46.745597" lon="9.577029">
        <ele>1997.4</ele>
      </trkpt>
      <trkpt lat="46.745496" lon="9.57701">
        <ele>1997.6</ele>
      </trkpt>
      <trkpt lat="46.745484" lon="9.576957">
        <ele>1996.4</ele>
      </trkpt>
      <trkpt lat="46.745522" lon="9.57692">
        <ele>1995.0</ele>
      </trkpt>
      <trkpt lat="46.745652" lon="9.576943">
        <ele>1994.3</ele>
      </trkpt>
      <trkpt lat="46.745793" lon="9.57697">
        <ele>1992.9</ele>
      </trkpt>
      <trkpt lat="46.745894" lon="9.57702">
        <ele>1991.8</ele>
      </trkpt>
      <trkpt lat="46.745989" lon="9.577118">
        <ele>1991.3</ele>
      </trkpt>
      <trkpt lat="46.746057" lon="9.577139">
        <ele>1989.9</ele>
      </trkpt>
      <trkpt lat="46.746115" lon="9.577142">
        <ele>1989.0</ele>
      </trkpt>
      <trkpt lat="46.746198" lon="9.577227">
        <ele>1988.8</ele>
      </trkpt>
      <trkpt lat="46.746213" lon="9.577206">
        <ele>1987.2</ele>
        <name>46.746272,9.577331</name>
        <extensions>
          <oa:Extension>
            <oa:mapZoom>17</oa:mapZoom>
          </oa:Extension>
        </extensions>
      </trkpt>
      <trkpt lat="46.746195" lon="9.577146">
        <ele>1986.4</ele>
      </trkpt>
      <trkpt lat="46.746139" lon="9.577037">
        <ele>1986.2</ele>
      </trkpt>
      <trkpt lat="46.746119" lon="9.576932">
        <ele>1984.3</ele>
      </trkpt>
      <trkpt lat="46.746077" lon="9.576844">
        <ele>1983.5</ele>
      </trkpt>
      <trkpt lat="46.746072" lon="9.576775">
        <ele>1981.7</ele>
      </trkpt>
      <trkpt lat="46.746043" lon="9.576719">
        <ele>1981.2</ele>
      </trkpt>
      <trkpt lat="46.746032" lon="9.576643">
        <ele>1979.6</ele>
      </trkpt>
      <trkpt lat="46.745982" lon="9.576583">
        <ele>1979.8</ele>
      </trkpt>
      <trkpt lat="46.745967" lon="9.576519">
        <ele>1978.4</ele>
      </trkpt>
      <trkpt lat="46.745936" lon="9.57649">
        <ele>1978.5</ele>
      </trkpt>
      <trkpt lat="46.745912" lon="9.57641">
        <ele>1976.7</ele>
      </trkpt>
      <trkpt lat="46.745885" lon="9.576361">
        <ele>1976.3</ele>
      </trkpt>
      <trkpt lat="46.745859" lon="9.576336">
        <ele>1976.4</ele>
      </trkpt>
      <trkpt lat="46.745838" lon="9.576292">
        <ele>1975.6</ele>
      </trkpt>
      <trkpt lat="46.745793" lon="9.576271">
        <ele>1975.8</ele>
      </trkpt>
      <trkpt lat="46.745765" lon="9.576242">
        <ele>1975.1</ele>
      </trkpt>
      <trkpt lat="46.745735" lon="9.57619">
        <ele>1973.9</ele>
      </trkpt>
      <trkpt lat="46.745638" lon="9.576108">
        <ele>1972.3</ele>
      </trkpt>
      <trkpt lat="46.745579" lon="9.576075">
        <ele>1972.0</ele>
      </trkpt>
      <trkpt lat="46.745486" lon="9.575977">
        <ele>1970.8</ele>
      </trkpt>
      <trkpt lat="46.745373" lon="9.57585">
        <ele>1968.7</ele>
      </trkpt>
      <trkpt lat="46.74533" lon="9.575805">
        <ele>1967.8</ele>
      </trkpt>
      <trkpt lat="46.745229" lon="9.575775">
        <ele>1968.0</ele>
      </trkpt>
      <trkpt lat="46.745194" lon="9.575741">
        <ele>1967.6</ele>
      </trkpt>
      <trkpt lat="46.745106" lon="9.575655">
        <ele>1966.4</ele>
      </trkpt>
      <trkpt lat="46.745048" lon="9.575618">
        <ele>1966.0</ele>
      </trkpt>
      <trkpt lat="46.744965" lon="9.575518">
        <ele>1963.7</ele>
      </trkpt>
      <trkpt lat="46.744883" lon="9.575486">
        <ele>1963.0</ele>
      </trkpt>
      <trkpt lat="46.744833" lon="9.575473">
        <ele>1962.9</ele>
      </trkpt>
      <trkpt lat="46.744791" lon="9.575425">
        <ele>1961.3</ele>
      </trkpt>
      <trkpt lat="46.744723" lon="9.575402">
        <ele>1960.7</ele>
      </trkpt>
      <trkpt lat="46.744629" lon="9.575326">
        <ele>1958.5</ele>
      </trkpt>
      <trkpt lat="46.744557" lon="9.575277">
        <ele>1957.6</ele>
      </trkpt>
      <trkpt lat="46.744493" lon="9.57524">
        <ele>1957.0</ele>
      </trkpt>
      <trkpt lat="46.74441" lon="9.575215">
        <ele>1956.4</ele>
      </trkpt>
      <trkpt lat="46.744255" lon="9.575125">
        <ele>1954.1</ele>
      </trkpt>
      <trkpt lat="46.744174" lon="9.575087">
        <ele>1953.2</ele>
      </trkpt>
      <trkpt lat="46.744143" lon="9.575082">
        <ele>1953.0</ele>
      </trkpt>
      <trkpt lat="46.744062" lon="9.575016">
        <ele>1950.6</ele>
      </trkpt>
      <trkpt lat="46.743988" lon="9.575033">
        <ele>1950.9</ele>
      </trkpt>
      <trkpt lat="46.743755" lon="9.575021">
        <ele>1948.5</ele>
      </trkpt>
      <trkpt lat="46.743536" lon="9.574985">
        <ele>1944.9</ele>
      </trkpt>
      <trkpt lat="46.74344" lon="9.574939">
        <ele>1942.7</ele>
      </trkpt>
      <trkpt lat="46.743302" lon="9.574948">
        <ele>1941.9</ele>
      </trkpt>
      <trkpt lat="46.743245" lon="9.574924">
        <ele>1940.2</ele>
      </trkpt>
      <trkpt lat="46.743213" lon="9.574909">
        <ele>1939.3</ele>
      </trkpt>
      <trkpt lat="46.74319" lon="9.574875">
        <ele>1938.8</ele>
      </trkpt>
      <trkpt lat="46.743181" lon="9.574832">
        <ele>1938.3</ele>
      </trkpt>
      <trkpt lat="46.743192" lon="9.574786">
        <ele>1937.6</ele>
      </trkpt>
      <trkpt lat="46.743226" lon="9.574741">
        <ele>1936.3</ele>
      </trkpt>
      <trkpt lat="46.743254" lon="9.574728">
        <ele>1935.8</ele>
      </trkpt>
      <trkpt lat="46.74333" lon="9.574704">
        <ele>1935.9</ele>
      </trkpt>
      <trkpt lat="46.743394" lon="9.574717">
        <ele>1935.9</ele>
      </trkpt>
      <trkpt lat="46.743431" lon="9.574683">
        <ele>1935.2</ele>
      </trkpt>
      <trkpt lat="46.743521" lon="9.574647">
        <ele>1933.9</ele>
      </trkpt>
      <trkpt lat="46.74354" lon="9.574628">
        <ele>1933.2</ele>
      </trkpt>
      <trkpt lat="46.743528" lon="9.57461">
        <ele>1931.9</ele>
      </trkpt>
      <trkpt lat="46.743416" lon="9.574575">
        <ele>1932.0</ele>
      </trkpt>
      <trkpt lat="46.743301" lon="9.57454">
        <ele>1928.8</ele>
      </trkpt>
      <trkpt lat="46.743246" lon="9.57455">
        <ele>1928.9</ele>
      </trkpt>
      <trkpt lat="46.743143" lon="9.574552">
        <ele>1927.6</ele>
      </trkpt>
      <trkpt lat="46.743081" lon="9.574541">
        <ele>1926.1</ele>
      </trkpt>
      <trkpt lat="46.742819" lon="9.574444">
        <ele>1923.0</ele>
      </trkpt>
      <trkpt lat="46.742745" lon="9.574438">
        <ele>1922.3</ele>
      </trkpt>
      <trkpt lat="46.742697" lon="9.574428">
        <ele>1922.2</ele>
      </trkpt>
      <trkpt lat="46.742624" lon="9.574418">
        <ele>1922.4</ele>
      </trkpt>
      <trkpt lat="46.742578" lon="9.574394">
        <ele>1921.2</ele>
      </trkpt>
      <trkpt lat="46.742508" lon="9.574375">
        <ele>1920.2</ele>
      </trkpt>
      <trkpt lat="46.742481" lon="9.574322">
        <ele>1918.7</ele>
      </trkpt>
      <trkpt lat="46.742397" lon="9.574169">
        <ele>1915.5</ele>
      </trkpt>
      <trkpt lat="46.74234" lon="9.574136">
        <ele>1915.6</ele>
      </trkpt>
      <trkpt lat="46.742312" lon="9.574092">
        <ele>1915.2</ele>
      </trkpt>
      <trkpt lat="46.742316" lon="9.574046">
        <ele>1914.0</ele>
      </trkpt>
      <trkpt lat="46.742521" lon="9.573854">
        <ele>1907.9</ele>
      </trkpt>
      <trkpt lat="46.742846" lon="9.573588">
        <ele>1904.9</ele>
      </trkpt>
      <trkpt lat="46.742843" lon="9.57347">
        <ele>1904.4</ele>
      </trkpt>
      <trkpt lat="46.743163" lon="9.573233">
        <ele>1902.3</ele>
      </trkpt>
      <trkpt lat="46.743265" lon="9.57306">
        <ele>1901.7</ele>
      </trkpt>
      <trkpt lat="46.743583" lon="9.572839">
        <ele>1900.5</ele>
      </trkpt>
      <trkpt lat="46.743661" lon="9.572826">
        <ele>1900.3</ele>
      </trkpt>
      <trkpt lat="46.743848" lon="9.572897">
        <ele>1900.4</ele>
      </trkpt>
      <trkpt lat="46.744096" lon="9.573043">
        <ele>1899.9</ele>
      </trkpt>
      <trkpt lat="46.744344" lon="9.573188">
        <ele>1900.0</ele>
      </trkpt>
      <trkpt lat="46.744468" lon="9.573207">
        <ele>1900.0</ele>
      </trkpt>
      <trkpt lat="46.744843" lon="9.57321">
        <ele>1899.9</ele>
      </trkpt>
      <trkpt lat="46.744895" lon="9.573183">
        <ele>1899.8</ele>
      </trkpt>
      <trkpt lat="46.744956" lon="9.5731">
        <ele>1899.4</ele>
      </trkpt>
      <trkpt lat="46.744843" lon="9.572982">
        <ele>1897.7</ele>
      </trkpt>
      <trkpt lat="46.744767" lon="9.572927">
        <ele>1897.0</ele>
      </trkpt>
      <trkpt lat="46.74491" lon="9.572872">
        <ele>1895.8</ele>
      </trkpt>
      <trkpt lat="46.745071" lon="9.572843">
        <ele>1893.8</ele>
      </trkpt>
      <trkpt lat="46.74533" lon="9.572875">
        <ele>1891.0</ele>
      </trkpt>
      <trkpt lat="46.745588" lon="9.572906">
        <ele>1888.1</ele>
      </trkpt>
      <trkpt lat="46.745857" lon="9.572962">
        <ele>1886.0</ele>
      </trkpt>
      <trkpt lat="46.746125" lon="9.573017">
        <ele>1884.4</ele>
      </trkpt>
      <trkpt lat="46.746428" lon="9.572971">
        <ele>1881.3</ele>
      </trkpt>
      <trkpt lat="46.746852" lon="9.573035">
        <ele>1876.7</ele>
      </trkpt>
      <trkpt lat="46.74709" lon="9.57303">
        <ele>1874.2</ele>
      </trkpt>
      <trkpt lat="46.747148" lon="9.572933">
        <ele>1872.5</ele>
      </trkpt>
      <trkpt lat="46.747306" lon="9.572879">
        <ele>1869.9</ele>
      </trkpt>
      <trkpt lat="46.747605" lon="9.572839">
        <ele>1865.9</ele>
      </trkpt>
      <trkpt lat="46.747692" lon="9.572754">
        <ele>1864.7</ele>
      </trkpt>
      <trkpt lat="46.747775" lon="9.572567">
        <ele>1862.2</ele>
      </trkpt>
      <trkpt lat="46.747901" lon="9.572155">
        <ele>1850.5</ele>
      </trkpt>
      <trkpt lat="46.747931" lon="9.571938">
        <ele>1845.8</ele>
      </trkpt>
      <trkpt lat="46.748038" lon="9.571675">
        <ele>1838.1</ele>
      </trkpt>
      <trkpt lat="46.748069" lon="9.571598">
        <ele>1836.4</ele>
      </trkpt>
      <trkpt lat="46.748143" lon="9.571546">
        <ele>1834.3</ele>
      </trkpt>
      <trkpt lat="46.748189" lon="9.571541">
        <ele>1834.2</ele>
      </trkpt>
      <trkpt lat="46.748261" lon="9.571582">
        <ele>1834.4</ele>
      </trkpt>
      <trkpt lat="46.748429" lon="9.571829">
        <ele>1835.6</ele>
      </trkpt>
      <trkpt lat="46.748479" lon="9.571901">
        <ele>1836.6</ele>
      </trkpt>
      <trkpt lat="46.748536" lon="9.571961">
        <ele>1837.2</ele>
      </trkpt>
      <trkpt lat="46.748652" lon="9.571989">
        <ele>1838.7</ele>
      </trkpt>
      <trkpt lat="46.748723" lon="9.572051">
        <ele>1838.9</ele>
      </trkpt>
      <trkpt lat="46.748732" lon="9.572098">
        <ele>1838.9</ele>
      </trkpt>
      <trkpt lat="46.74878" lon="9.572348">
        <ele>1838.4</ele>
        <name>46.748780,9.572348</name>
        <extensions>
          <oa:Extension>
            <oa:mapZoom>17</oa:mapZoom>
          </oa:Extension>
        </extensions>
      </trkpt>
      <trkpt lat="46.758002" lon="9.598529">
        <ele>2574.1</ele>
      </trkpt>
      <trkpt lat="46.758008" lon="9.598527">
        <ele>2574.2</ele>
        <name>46.758002,9.598529</name>
        <extensions>
          <oa:Extension>
            <oa:mapZoom>16</oa:mapZoom>
          </oa:Extension>
        </extensions>
      </trkpt>
      <trkpt lat="46.758021" lon="9.598617">
        <ele>2574.3</ele>
      </trkpt>
      <trkpt lat="46.758031" lon="9.59886">
        <ele>2574.7</ele>
      </trkpt>
      <trkpt lat="46.758021" lon="9.599008">
        <ele>2575.3</ele>
      </trkpt>
      <trkpt lat="46.757974" lon="9.599169">
        <ele>2576.7</ele>
      </trkpt>
      <trkpt lat="46.757921" lon="9.599373">
        <ele>2578.1</ele>
      </trkpt>
      <trkpt lat="46.757862" lon="9.599491">
        <ele>2580.0</ele>
      </trkpt>
      <trkpt lat="46.757792" lon="9.599585">
        <ele>2582.1</ele>
      </trkpt>
      <trkpt lat="46.757694" lon="9.599669">
        <ele>2584.7</ele>
      </trkpt>
      <trkpt lat="46.757607" lon="9.599708">
        <ele>2585.8</ele>
      </trkpt>
      <trkpt lat="46.75755" lon="9.599747">
        <ele>2586.7</ele>
      </trkpt>
      <trkpt lat="46.757525" lon="9.599771">
        <ele>2586.8</ele>
      </trkpt>
      <trkpt lat="46.757421" lon="9.599781">
        <ele>2588.9</ele>
      </trkpt>
      <trkpt lat="46.757272" lon="9.599766">
        <ele>2592.9</ele>
      </trkpt>
      <trkpt lat="46.757163" lon="9.599743">
        <ele>2595.4</ele>
      </trkpt>
      <trkpt lat="46.756992" lon="9.599678">
        <ele>2598.2</ele>
      </trkpt>
      <trkpt lat="46.756787" lon="9.599563">
        <ele>2601.8</ele>
      </trkpt>
      <trkpt lat="46.756595" lon="9.599436">
        <ele>2604.8</ele>
      </trkpt>
      <trkpt lat="46.756499" lon="9.599332">
        <ele>2606.6</ele>
      </trkpt>
      <trkpt lat="46.756405" lon="9.59921">
        <ele>2608.5</ele>
      </trkpt>
      <trkpt lat="46.756342" lon="9.599158">
        <ele>2609.4</ele>
      </trkpt>
      <trkpt lat="46.756245" lon="9.599106">
        <ele>2609.8</ele>
      </trkpt>
      <trkpt lat="46.75616" lon="9.599075">
        <ele>2610.4</ele>
      </trkpt>
      <trkpt lat="46.756083" lon="9.599089">
        <ele>2610.7</ele>
      </trkpt>
      <trkpt lat="46.756018" lon="9.599084">
        <ele>2611.0</ele>
      </trkpt>
      <trkpt lat="46.755895" lon="9.599042">
        <ele>2611.3</ele>
      </trkpt>
      <trkpt lat="46.755803" lon="9.59901">
        <ele>2611.7</ele>
      </trkpt>
      <trkpt lat="46.755705" lon="9.598997">
        <ele>2612.3</ele>
      </trkpt>
      <trkpt lat="46.755637" lon="9.599006">
        <ele>2612.4</ele>
      </trkpt>
      <trkpt lat="46.755579" lon="9.599046">
        <ele>2613.1</ele>
      </trkpt>
      <trkpt lat="46.755531" lon="9.59912">
        <ele>2613.6</ele>
      </trkpt>
      <trkpt lat="46.755449" lon="9.599268">
        <ele>2614.3</ele>
      </trkpt>
      <trkpt lat="46.755413" lon="9.599342">
        <ele>2614.5</ele>
      </trkpt>
      <trkpt lat="46.755377" lon="9.599412">
        <ele>2614.4</ele>
      </trkpt>
      <trkpt lat="46.755436" lon="9.599535">
        <ele>2614.9</ele>
      </trkpt>
      <trkpt lat="46.755473" lon="9.599522">
        <ele>2615.7</ele>
      </trkpt>
      <trkpt lat="46.755538" lon="9.599482">
        <ele>2617.0</ele>
      </trkpt>
      <trkpt lat="46.755598" lon="9.599416">
        <ele>2618.6</ele>
      </trkpt>
      <trkpt lat="46.75557" lon="9.599595">
        <ele>2612.3</ele>
      </trkpt>
      <trkpt lat="46.755626" lon="9.599646">
        <ele>2610.3</ele>
      </trkpt>
      <trkpt lat="46.755697" lon="9.599679">
        <ele>2608.8</ele>
      </trkpt>
      <trkpt lat="46.755836" lon="9.599722">
        <ele>2609.0</ele>
      </trkpt>
      <trkpt lat="46.755909" lon="9.599761">
        <ele>2607.2</ele>
      </trkpt>
      <trkpt lat="46.756011" lon="9.599862">
        <ele>2605.1</ele>
      </trkpt>
      <trkpt lat="46.75606" lon="9.599955">
        <ele>2603.8</ele>
      </trkpt>
      <trkpt lat="46.756135" lon="9.600099">
        <ele>2601.7</ele>
      </trkpt>
      <trkpt lat="46.756163" lon="9.600233">
        <ele>2598.0</ele>
      </trkpt>
      <trkpt lat="46.756202" lon="9.600338">
        <ele>2596.2</ele>
      </trkpt>
      <trkpt lat="46.756252" lon="9.600518">
        <ele>2592.6</ele>
      </trkpt>
      <trkpt lat="46.756253" lon="9.600729">
        <ele>2589.1</ele>
      </trkpt>
      <trkpt lat="46.756234" lon="9.600803">
        <ele>2587.8</ele>
      </trkpt>
      <trkpt lat="46.756233" lon="9.60093">
        <ele>2586.1</ele>
      </trkpt>
      <trkpt lat="46.756178" lon="9.601114">
        <ele>2585.1</ele>
      </trkpt>
      <trkpt lat="46.756144" lon="9.601258">
        <ele>2584.5</ele>
      </trkpt>
      <trkpt lat="46.756083" lon="9.601369">
        <ele>2583.5</ele>
      </trkpt>
      <trkpt lat="46.756048" lon="9.601479">
        <ele>2584.3</ele>
      </trkpt>
      <trkpt lat="46.756028" lon="9.601551">
        <ele>2584.4</ele>
      </trkpt>
      <trkpt lat="46.756034" lon="9.601626">
        <ele>2583.9</ele>
      </trkpt>
      <trkpt lat="46.756054" lon="9.601766">
        <ele>2582.6</ele>
      </trkpt>
      <trkpt lat="46.756056" lon="9.601857">
        <ele>2582.0</ele>
      </trkpt>
      <trkpt lat="46.756059" lon="9.601942">
        <ele>2581.3</ele>
      </trkpt>
      <trkpt lat="46.756075" lon="9.602032">
        <ele>2580.0</ele>
      </trkpt>
      <trkpt lat="46.756077" lon="9.602136">
        <ele>2577.6</ele>
      </trkpt>
      <trkpt lat="46.756102" lon="9.602188">
        <ele>2576.5</ele>
      </trkpt>
      <trkpt lat="46.756117" lon="9.60223">
        <ele>2575.6</ele>
      </trkpt>
      <trkpt lat="46.756124" lon="9.602294">
        <ele>2575.1</ele>
      </trkpt>
      <trkpt lat="46.756106" lon="9.60236">
        <ele>2574.6</ele>
      </trkpt>
      <trkpt lat="46.756083" lon="9.602435">
        <ele>2573.5</ele>
      </trkpt>
      <trkpt lat="46.756083" lon="9.602491">
        <ele>2572.4</ele>
      </trkpt>
      <trkpt lat="46.756091" lon="9.602551">
        <ele>2571.2</ele>
      </trkpt>
      <trkpt lat="46.756113" lon="9.602595">
        <ele>2570.6</ele>
      </trkpt>
      <trkpt lat="46.75619" lon="9.60271">
        <ele>2567.9</ele>
      </trkpt>
      <trkpt lat="46.756211" lon="9.602804">
        <ele>2565.5</ele>
      </trkpt>
      <trkpt lat="46.756196" lon="9.602942">
        <ele>2561.9</ele>
      </trkpt>
      <trkpt lat="46.756188" lon="9.603113">
        <ele>2558.0</ele>
      </trkpt>
      <trkpt lat="46.756166" lon="9.603384">
        <ele>2553.7</ele>
      </trkpt>
      <trkpt lat="46.756115" lon="9.603484">
        <ele>2550.8</ele>
      </trkpt>
      <trkpt lat="46.756081" lon="9.603642">
        <ele>2548.5</ele>
      </trkpt>
      <trkpt lat="46.756059" lon="9.603738">
        <ele>2546.9</ele>
      </trkpt>
      <trkpt lat="46.755964" lon="9.604047">
        <ele>2541.9</ele>
      </trkpt>
      <trkpt lat="46.75588" lon="9.604248">
        <ele>2538.2</ele>
      </trkpt>
      <trkpt lat="46.755809" lon="9.604441">
        <ele>2535.3</ele>
      </trkpt>
      <trkpt lat="46.755726" lon="9.604567">
        <ele>2532.2</ele>
      </trkpt>
      <trkpt lat="46.755575" lon="9.604732">
        <ele>2527.7</ele>
      </trkpt>
      <trkpt lat="46.755522" lon="9.604848">
        <ele>2526.7</ele>
      </trkpt>
      <trkpt lat="46.755469" lon="9.604936">
        <ele>2524.9</ele>
      </trkpt>
      <trkpt lat="46.755399" lon="9.605041">
        <ele>2521.9</ele>
      </trkpt>
      <trkpt lat="46.755364" lon="9.605139">
        <ele>2520.2</ele>
      </trkpt>
      <trkpt lat="46.755336" lon="9.60524">
        <ele>2518.8</ele>
      </trkpt>
      <trkpt lat="46.755329" lon="9.605358">
        <ele>2518.4</ele>
      </trkpt>
      <trkpt lat="46.755341" lon="9.605581">
        <ele>2517.8</ele>
      </trkpt>
      <trkpt lat="46.755339" lon="9.605771">
        <ele>2517.9</ele>
      </trkpt>
      <trkpt lat="46.755313" lon="9.605924">
        <ele>2517.3</ele>
      </trkpt>
      <trkpt lat="46.75531" lon="9.606107">
        <ele>2516.5</ele>
      </trkpt>
      <trkpt lat="46.755312" lon="9.60631">
        <ele>2514.3</ele>
      </trkpt>
      <trkpt lat="46.755334" lon="9.606425">
        <ele>2513.7</ele>
      </trkpt>
      <trkpt lat="46.75535" lon="9.606543">
        <ele>2512.0</ele>
      </trkpt>
      <trkpt lat="46.755366" lon="9.606671">
        <ele>2510.7</ele>
      </trkpt>
      <trkpt lat="46.755369" lon="9.606819">
        <ele>2507.0</ele>
      </trkpt>
      <trkpt lat="46.755401" lon="9.607028">
        <ele>2504.3</ele>
      </trkpt>
      <trkpt lat="46.755416" lon="9.607206">
        <ele>2500.9</ele>
      </trkpt>
      <trkpt lat="46.755466" lon="9.607489">
        <ele>2497.6</ele>
      </trkpt>
      <trkpt lat="46.755461" lon="9.607591">
        <ele>2496.5</ele>
      </trkpt>
      <trkpt lat="46.755429" lon="9.607692">
        <ele>2494.1</ele>
      </trkpt>
      <trkpt lat="46.755388" lon="9.60776">
        <ele>2491.9</ele>
      </trkpt>
      <trkpt lat="46.75538" lon="9.607871">
        <ele>2491.6</ele>
      </trkpt>
      <trkpt lat="46.755396" lon="9.607977">
        <ele>2492.6</ele>
      </trkpt>
      <trkpt lat="46.755395" lon="9.608258">
        <ele>2489.6</ele>
      </trkpt>
      <trkpt lat="46.755394" lon="9.608469">
        <ele>2488.0</ele>
      </trkpt>
      <trkpt lat="46.755421" lon="9.608871">
        <ele>2485.3</ele>
      </trkpt>
      <trkpt lat="46.755428" lon="9.609112">
        <ele>2485.1</ele>
      </trkpt>
      <trkpt lat="46.755393" lon="9.609252">
        <ele>2483.0</ele>
      </trkpt>
      <trkpt lat="46.755403" lon="9.609464">
        <ele>2481.6</ele>
      </trkpt>
      <trkpt lat="46.755433" lon="9.609673">
        <ele>2481.1</ele>
      </trkpt>
      <trkpt lat="46.755453" lon="9.609876">
        <ele>2479.9</ele>
      </trkpt>
      <trkpt lat="46.75542" lon="9.610001">
        <ele>2478.0</ele>
      </trkpt>
      <trkpt lat="46.755407" lon="9.610353">
        <ele>2475.5</ele>
      </trkpt>
      <trkpt lat="46.755416" lon="9.610526">
        <ele>2473.6</ele>
      </trkpt>
      <trkpt lat="46.755393" lon="9.610736">
        <ele>2472.0</ele>
      </trkpt>
      <trkpt lat="46.755382" lon="9.61097">
        <ele>2470.4</ele>
      </trkpt>
      <trkpt lat="46.755406" lon="9.61111">
        <ele>2469.6</ele>
      </trkpt>
      <trkpt lat="46.755458" lon="9.611239">
        <ele>2468.8</ele>
      </trkpt>
      <trkpt lat="46.755452" lon="9.611335">
        <ele>2465.9</ele>
      </trkpt>
      <trkpt lat="46.7555" lon="9.611572">
        <ele>2463.1</ele>
      </trkpt>
      <trkpt lat="46.755465" lon="9.611824">
        <ele>2461.4</ele>
      </trkpt>
      <trkpt lat="46.755455" lon="9.61201">
        <ele>2459.7</ele>
      </trkpt>
      <trkpt lat="46.75546" lon="9.612228">
        <ele>2456.9</ele>
      </trkpt>
      <trkpt lat="46.755537" lon="9.612493">
        <ele>2453.2</ele>
      </trkpt>
      <trkpt lat="46.755581" lon="9.61274">
        <ele>2449.9</ele>
      </trkpt>
      <trkpt lat="46.7556" lon="9.613021">
        <ele>2445.7</ele>
      </trkpt>
      <trkpt lat="46.755593" lon="9.613232">
        <ele>2441.6</ele>
      </trkpt>
      <trkpt lat="46.755615" lon="9.613371">
        <ele>2439.8</ele>
      </trkpt>
      <trkpt lat="46.755621" lon="9.613601">
        <ele>2435.9</ele>
      </trkpt>
      <trkpt lat="46.755604" lon="9.613898">
        <ele>2428.7</ele>
      </trkpt>
      <trkpt lat="46.755608" lon="9.614085">
        <ele>2424.0</ele>
      </trkpt>
      <trkpt lat="46.755625" lon="9.614372">
        <ele>2419.2</ele>
      </trkpt>
      <trkpt lat="46.755613" lon="9.614486">
        <ele>2416.8</ele>
      </trkpt>
      <trkpt lat="46.755634" lon="9.614647">
        <ele>2414.7</ele>
      </trkpt>
      <trkpt lat="46.755651" lon="9.61491">
        <ele>2409.9</ele>
      </trkpt>
      <trkpt lat="46.755695" lon="9.615036">
        <ele>2407.6</ele>
      </trkpt>
      <trkpt lat="46.755728" lon="9.615146">
        <ele>2404.5</ele>
      </trkpt>
      <trkpt lat="46.755795" lon="9.615248">
        <ele>2402.2</ele>
      </trkpt>
      <trkpt lat="46.7558" lon="9.615402">
        <ele>2398.8</ele>
      </trkpt>
      <trkpt lat="46.755809" lon="9.615496">
        <ele>2396.1</ele>
      </trkpt>
      <trkpt lat="46.755828" lon="9.615657">
        <ele>2391.5</ele>
      </trkpt>
      <trkpt lat="46.755837" lon="9.615904">
        <ele>2384.4</ele>
      </trkpt>
      <trkpt lat="46.755798" lon="9.616108">
        <ele>2380.1</ele>
      </trkpt>
      <trkpt lat="46.755754" lon="9.616166">
        <ele>2378.3</ele>
      </trkpt>
      <trkpt lat="46.755683" lon="9.616322">
        <ele>2374.5</ele>
      </trkpt>
      <trkpt lat="46.755635" lon="9.616462">
        <ele>2372.4</ele>
      </trkpt>
      <trkpt lat="46.755613" lon="9.61657">
        <ele>2369.9</ele>
      </trkpt>
      <trkpt lat="46.755624" lon="9.616703">
        <ele>2366.8</ele>
      </trkpt>
      <trkpt lat="46.755632" lon="9.616818">
        <ele>2364.2</ele>
      </trkpt>
      <trkpt lat="46.755615" lon="9.616956">
        <ele>2362.0</ele>
      </trkpt>
      <trkpt lat="46.755579" lon="9.617108">
        <ele>2360.8</ele>
      </trkpt>
      <trkpt lat="46.755526" lon="9.617274">
        <ele>2359.9</ele>
      </trkpt>
      <trkpt lat="46.755456" lon="9.617434">
        <ele>2359.0</ele>
      </trkpt>
      <trkpt lat="46.755408" lon="9.617526">
        <ele>2358.2</ele>
      </trkpt>
      <trkpt lat="46.755339" lon="9.617606">
        <ele>2357.2</ele>
      </trkpt>
      <trkpt lat="46.755277" lon="9.617732">
        <ele>2356.2</ele>
      </trkpt>
      <trkpt lat="46.755246" lon="9.617798">
        <ele>2355.1</ele>
      </trkpt>
      <trkpt lat="46.755226" lon="9.617798">
        <ele>2354.9</ele>
      </trkpt>
      <trkpt lat="46.755211" lon="9.617836">
        <ele>2354.2</ele>
      </trkpt>
      <trkpt lat="46.755197" lon="9.617893">
        <ele>2353.3</ele>
      </trkpt>
      <trkpt lat="46.75515" lon="9.618013">
        <ele>2351.0</ele>
      </trkpt>
      <trkpt lat="46.755117" lon="9.618076">
        <ele>2350.0</ele>
      </trkpt>
      <trkpt lat="46.755068" lon="9.61815">
        <ele>2349.1</ele>
      </trkpt>
      <trkpt lat="46.755031" lon="9.618203">
        <ele>2348.4</ele>
      </trkpt>
      <trkpt lat="46.754992" lon="9.618288">
        <ele>2348.1</ele>
      </trkpt>
      <trkpt lat="46.754938" lon="9.618407">
        <ele>2348.2</ele>
      </trkpt>
      <trkpt lat="46.754897" lon="9.618501">
        <ele>2348.2</ele>
      </trkpt>
      <trkpt lat="46.754884" lon="9.618617">
        <ele>2348.3</ele>
      </trkpt>
      <trkpt lat="46.754845" lon="9.618914">
        <ele>2347.7</ele>
      </trkpt>
      <trkpt lat="46.75485" lon="9.618999">
        <ele>2348.0</ele>
      </trkpt>
      <trkpt lat="46.754749" lon="9.61922">
        <ele>2346.1</ele>
      </trkpt>
      <trkpt lat="46.754696" lon="9.619327">
        <ele>2344.7</ele>
      </trkpt>
      <trkpt lat="46.754639" lon="9.619369">
        <ele>2343.1</ele>
      </trkpt>
      <trkpt lat="46.754552" lon="9.619459">
        <ele>2340.6</ele>
      </trkpt>
      <trkpt lat="46.754457" lon="9.619657">
        <ele>2339.0</ele>
      </trkpt>
      <trkpt lat="46.7544" lon="9.619738">
        <ele>2338.2</ele>
      </trkpt>
      <trkpt lat="46.754311" lon="9.619918">
        <ele>2336.2</ele>
      </trkpt>
      <trkpt lat="46.754207" lon="9.620065">
        <ele>2334.1</ele>
      </trkpt>
      <trkpt lat="46.754153" lon="9.620201">
        <ele>2333.1</ele>
      </trkpt>
      <trkpt lat="46.754108" lon="9.620401">
        <ele>2331.5</ele>
      </trkpt>
      <trkpt lat="46.754069" lon="9.62061">
        <ele>2330.1</ele>
      </trkpt>
      <trkpt lat="46.754066" lon="9.620661">
        <ele>2329.6</ele>
      </trkpt>
      <trkpt lat="46.754091" lon="9.620735">
        <ele>2328.8</ele>
      </trkpt>
      <trkpt lat="46.754086" lon="9.620804">
        <ele>2328.3</ele>
      </trkpt>
      <trkpt lat="46.754053" lon="9.620908">
        <ele>2327.7</ele>
      </trkpt>
      <trkpt lat="46.754042" lon="9.621052">
        <ele>2327.5</ele>
      </trkpt>
      <trkpt lat="46.754021" lon="9.621133">
        <ele>2326.8</ele>
      </trkpt>
      <trkpt lat="46.75401" lon="9.621304">
        <ele>2325.9</ele>
      </trkpt>
      <trkpt lat="46.753992" lon="9.621562">
        <ele>2324.3</ele>
      </trkpt>
      <trkpt lat="46.753989" lon="9.621689">
        <ele>2322.8</ele>
      </trkpt>
      <trkpt lat="46.753981" lon="9.621911">
        <ele>2320.1</ele>
      </trkpt>
      <trkpt lat="46.754005" lon="9.622223">
        <ele>2317.4</ele>
      </trkpt>
      <trkpt lat="46.753975" lon="9.622385">
        <ele>2314.5</ele>
      </trkpt>
      <trkpt lat="46.753948" lon="9.622609">
        <ele>2311.8</ele>
      </trkpt>
      <trkpt lat="46.75393" lon="9.622783">
        <ele>2309.9</ele>
      </trkpt>
      <trkpt lat="46.753945" lon="9.622932">
        <ele>2309.9</ele>
      </trkpt>
      <trkpt lat="46.75394" lon="9.62301">
        <ele>2308.9</ele>
      </trkpt>
      <trkpt lat="46.753916" lon="9.623145">
        <ele>2306.9</ele>
      </trkpt>
      <trkpt lat="46.753917" lon="9.623313">
        <ele>2305.4</ele>
      </trkpt>
      <trkpt lat="46.753965" lon="9.623563">
        <ele>2304.1</ele>
      </trkpt>
      <trkpt lat="46.754002" lon="9.623751">
        <ele>2302.8</ele>
      </trkpt>
      <trkpt lat="46.753984" lon="9.623841">
        <ele>2301.5</ele>
      </trkpt>
      <trkpt lat="46.754004" lon="9.623974">
        <ele>2298.5</ele>
      </trkpt>
      <trkpt lat="46.754029" lon="9.624057">
        <ele>2296.9</ele>
      </trkpt>
      <trkpt lat="46.754086" lon="9.624153">
        <ele>2294.8</ele>
      </trkpt>
      <trkpt lat="46.754089" lon="9.62418">
        <ele>2294.0</ele>
      </trkpt>
      <trkpt lat="46.754062" lon="9.624227">
        <ele>2293.1</ele>
      </trkpt>
      <trkpt lat="46.754025" lon="9.62434">
        <ele>2291.6</ele>
      </trkpt>
      <trkpt lat="46.754004" lon="9.624445">
        <ele>2290.1</ele>
      </trkpt>
      <trkpt lat="46.753978" lon="9.624522">
        <ele>2289.3</ele>
      </trkpt>
      <trkpt lat="46.753928" lon="9.624586">
        <ele>2288.0</ele>
      </trkpt>
      <trkpt lat="46.75391" lon="9.624742">
        <ele>2284.0</ele>
      </trkpt>
      <trkpt lat="46.75391" lon="9.62486">
        <ele>2281.4</ele>
      </trkpt>
      <trkpt lat="46.753909" lon="9.624995">
        <ele>2278.7</ele>
      </trkpt>
      <trkpt lat="46.753871" lon="9.625051">
        <ele>2276.8</ele>
      </trkpt>
      <trkpt lat="46.753847" lon="9.625131">
        <ele>2275.1</ele>
      </trkpt>
      <trkpt lat="46.753845" lon="9.625297">
        <ele>2273.2</ele>
      </trkpt>
      <trkpt lat="46.753865" lon="9.625352">
        <ele>2272.5</ele>
      </trkpt>
      <trkpt lat="46.753863" lon="9.625442">
        <ele>2272.0</ele>
      </trkpt>
      <trkpt lat="46.753838" lon="9.625565">
        <ele>2271.4</ele>
      </trkpt>
      <trkpt lat="46.753852" lon="9.625674">
        <ele>2270.0</ele>
      </trkpt>
      <trkpt lat="46.753842" lon="9.625836">
        <ele>2269.4</ele>
      </trkpt>
      <trkpt lat="46.753879" lon="9.626058">
        <ele>2269.1</ele>
      </trkpt>
      <trkpt lat="46.753861" lon="9.626319">
        <ele>2267.7</ele>
      </trkpt>
      <trkpt lat="46.753885" lon="9.626562">
        <ele>2266.4</ele>
      </trkpt>
      <trkpt lat="46.753869" lon="9.626715">
        <ele>2265.7</ele>
      </trkpt>
      <trkpt lat="46.753835" lon="9.626876">
        <ele>2264.5</ele>
      </trkpt>
      <trkpt lat="46.75383" lon="9.62693">
        <ele>2264.4</ele>
      </trkpt>
      <trkpt lat="46.753827" lon="9.627075">
        <ele>2263.2</ele>
      </trkpt>
      <trkpt lat="46.753813" lon="9.627173">
        <ele>2262.0</ele>
      </trkpt>
      <trkpt lat="46.753783" lon="9.62729">
        <ele>2260.9</ele>
      </trkpt>
      <trkpt lat="46.753752" lon="9.627415">
        <ele>2258.9</ele>
      </trkpt>
      <trkpt lat="46.753685" lon="9.627614">
        <ele>2256.6</ele>
      </trkpt>
      <trkpt lat="46.753651" lon="9.627766">
        <ele>2254.4</ele>
      </trkpt>
      <trkpt lat="46.753615" lon="9.627918">
        <ele>2250.9</ele>
      </trkpt>
      <trkpt lat="46.753595" lon="9.62802">
        <ele>2248.5</ele>
      </trkpt>
      <trkpt lat="46.753539" lon="9.628221">
        <ele>2244.9</ele>
      </trkpt>
      <trkpt lat="46.753527" lon="9.628326">
        <ele>2243.2</ele>
      </trkpt>
      <trkpt lat="46.753543" lon="9.62837">
        <ele>2242.6</ele>
      </trkpt>
      <trkpt lat="46.753581" lon="9.628438">
        <ele>2241.6</ele>
      </trkpt>
      <trkpt lat="46.753603" lon="9.628475">
        <ele>2241.7</ele>
      </trkpt>
      <trkpt lat="46.753587" lon="9.628577">
        <ele>2240.5</ele>
      </trkpt>
      <trkpt lat="46.753573" lon="9.628673">
        <ele>2240.2</ele>
      </trkpt>
      <trkpt lat="46.75354" lon="9.628771">
        <ele>2239.5</ele>
      </trkpt>
      <trkpt lat="46.753536" lon="9.628852">
        <ele>2239.0</ele>
      </trkpt>
      <trkpt lat="46.753537" lon="9.628997">
        <ele>2237.4</ele>
      </trkpt>
      <trkpt lat="46.753542" lon="9.629082">
        <ele>2235.7</ele>
      </trkpt>
      <trkpt lat="46.753533" lon="9.629214">
        <ele>2232.9</ele>
      </trkpt>
      <trkpt lat="46.753516" lon="9.629328">
        <ele>2230.3</ele>
      </trkpt>
      <trkpt lat="46.753457" lon="9.629428">
        <ele>2228.6</ele>
      </trkpt>
      <trkpt lat="46.753407" lon="9.629534">
        <ele>2227.7</ele>
      </trkpt>
      <trkpt lat="46.753368" lon="9.629656">
        <ele>2226.6</ele>
      </trkpt>
      <trkpt lat="46.753349" lon="9.629754">
        <ele>2225.7</ele>
      </trkpt>
      <trkpt lat="46.753286" lon="9.629926">
        <ele>2224.2</ele>
      </trkpt>
      <trkpt lat="46.753276" lon="9.630047">
        <ele>2223.6</ele>
      </trkpt>
      <trkpt lat="46.753261" lon="9.630272">
        <ele>2221.8</ele>
      </trkpt>
      <trkpt lat="46.753271" lon="9.630372">
        <ele>2221.3</ele>
      </trkpt>
      <trkpt lat="46.753269" lon="9.630483">
        <ele>2220.5</ele>
      </trkpt>
      <trkpt lat="46.753275" lon="9.630565">
        <ele>2219.6</ele>
      </trkpt>
      <trkpt lat="46.753268" lon="9.630637">
        <ele>2218.3</ele>
      </trkpt>
      <trkpt lat="46.753237" lon="9.630726">
        <ele>2216.6</ele>
      </trkpt>
      <trkpt lat="46.753224" lon="9.630852">
        <ele>2214.7</ele>
      </trkpt>
      <trkpt lat="46.753228" lon="9.630946">
        <ele>2213.8</ele>
      </trkpt>
      <trkpt lat="46.7532" lon="9.631137">
        <ele>2211.7</ele>
      </trkpt>
      <trkpt lat="46.753196" lon="9.631243">
        <ele>2212.4</ele>
      </trkpt>
      <trkpt lat="46.753159" lon="9.631326">
        <ele>2211.6</ele>
      </trkpt>
      <trkpt lat="46.753164" lon="9.631395">
        <ele>2211.1</ele>
      </trkpt>
      <trkpt lat="46.753169" lon="9.631555">
        <ele>2210.6</ele>
      </trkpt>
      <trkpt lat="46.753139" lon="9.631683">
        <ele>2210.4</ele>
      </trkpt>
      <trkpt lat="46.753127" lon="9.631782">
        <ele>2210.9</ele>
      </trkpt>
      <trkpt lat="46.753106" lon="9.631818">
        <ele>2211.0</ele>
      </trkpt>
      <trkpt lat="46.753082" lon="9.631868">
        <ele>2210.8</ele>
      </trkpt>
      <trkpt lat="46.75304" lon="9.632056">
        <ele>2211.0</ele>
      </trkpt>
      <trkpt lat="46.753026" lon="9.632134">
        <ele>2210.9</ele>
      </trkpt>
      <trkpt lat="46.753026" lon="9.632314">
        <ele>2210.6</ele>
      </trkpt>
      <trkpt lat="46.753029" lon="9.632384">
        <ele>2210.0</ele>
      </trkpt>
      <trkpt lat="46.753038" lon="9.63255">
        <ele>2207.7</ele>
      </trkpt>
      <trkpt lat="46.753055" lon="9.63268">
        <ele>2206.4</ele>
      </trkpt>
      <trkpt lat="46.753075" lon="9.632802">
        <ele>2204.4</ele>
      </trkpt>
      <trkpt lat="46.753092" lon="9.632878">
        <ele>2202.8</ele>
      </trkpt>
      <trkpt lat="46.753128" lon="9.633024">
        <ele>2201.5</ele>
      </trkpt>
      <trkpt lat="46.753145" lon="9.633191">
        <ele>2200.7</ele>
      </trkpt>
      <trkpt lat="46.753149" lon="9.633375">
        <ele>2200.1</ele>
      </trkpt>
      <trkpt lat="46.753123" lon="9.633485">
        <ele>2199.6</ele>
      </trkpt>
      <trkpt lat="46.753111" lon="9.633572">
        <ele>2199.5</ele>
      </trkpt>
      <trkpt lat="46.753095" lon="9.633716">
        <ele>2198.0</ele>
      </trkpt>
      <trkpt lat="46.753092" lon="9.633861">
        <ele>2197.2</ele>
      </trkpt>
      <trkpt lat="46.753103" lon="9.634021">
        <ele>2196.2</ele>
      </trkpt>
      <trkpt lat="46.753095" lon="9.634135">
        <ele>2196.0</ele>
      </trkpt>
      <trkpt lat="46.753067" lon="9.634363">
        <ele>2196.7</ele>
      </trkpt>
      <trkpt lat="46.753071" lon="9.634583">
        <ele>2197.0</ele>
      </trkpt>
      <trkpt lat="46.753059" lon="9.634767">
        <ele>2197.7</ele>
      </trkpt>
      <trkpt lat="46.753025" lon="9.634943">
        <ele>2197.8</ele>
      </trkpt>
      <trkpt lat="46.753019" lon="9.635009">
        <ele>2197.6</ele>
      </trkpt>
      <trkpt lat="46.753018" lon="9.635081">
        <ele>2197.2</ele>
      </trkpt>
      <trkpt lat="46.753042" lon="9.635272">
        <ele>2194.6</ele>
      </trkpt>
      <trkpt lat="46.75306" lon="9.635409">
        <ele>2193.7</ele>
      </trkpt>
      <trkpt lat="46.753083" lon="9.635582">
        <ele>2192.6</ele>
      </trkpt>
      <trkpt lat="46.75311" lon="9.635685">
        <ele>2193.1</ele>
      </trkpt>
      <trkpt lat="46.753136" lon="9.635798">
        <ele>2193.2</ele>
      </trkpt>
      <trkpt lat="46.753163" lon="9.635857">
        <ele>2193.9</ele>
      </trkpt>
      <trkpt lat="46.753154" lon="9.635998">
        <ele>2193.6</ele>
      </trkpt>
      <trkpt lat="46.753129" lon="9.636045">
        <ele>2192.7</ele>
      </trkpt>
      <trkpt lat="46.753111" lon="9.636089">
        <ele>2192.0</ele>
      </trkpt>
      <trkpt lat="46.753112" lon="9.636165">
        <ele>2191.5</ele>
      </trkpt>
      <trkpt lat="46.753097" lon="9.636282">
        <ele>2190.3</ele>
      </trkpt>
      <trkpt lat="46.753076" lon="9.636513">
        <ele>2190.2</ele>
      </trkpt>
      <trkpt lat="46.753002" lon="9.636615">
        <ele>2187.5</ele>
      </trkpt>
      <trkpt lat="46.752927" lon="9.636768">
        <ele>2184.1</ele>
      </trkpt>
      <trkpt lat="46.752909" lon="9.636858">
        <ele>2183.0</ele>
      </trkpt>
      <trkpt lat="46.752873" lon="9.636941">
        <ele>2182.3</ele>
      </trkpt>
      <trkpt lat="46.752858" lon="9.637055">
        <ele>2181.9</ele>
      </trkpt>
      <trkpt lat="46.752862" lon="9.637145">
        <ele>2181.8</ele>
      </trkpt>
      <trkpt lat="46.75288" lon="9.637374">
        <ele>2180.7</ele>
      </trkpt>
      <trkpt lat="46.752875" lon="9.637452">
        <ele>2179.6</ele>
      </trkpt>
      <trkpt lat="46.752872" lon="9.637507">
        <ele>2179.1</ele>
      </trkpt>
      <trkpt lat="46.75287" lon="9.637589">
        <ele>2177.9</ele>
      </trkpt>
      <trkpt lat="46.752883" lon="9.637671">
        <ele>2177.6</ele>
      </trkpt>
      <trkpt lat="46.752896" lon="9.637796">
        <ele>2176.9</ele>
      </trkpt>
      <trkpt lat="46.752902" lon="9.637869">
        <ele>2176.9</ele>
      </trkpt>
      <trkpt lat="46.752949" lon="9.637997">
        <ele>2176.6</ele>
      </trkpt>
      <trkpt lat="46.753003" lon="9.638341">
        <ele>2175.7</ele>
      </trkpt>
      <trkpt lat="46.753034" lon="9.638579">
        <ele>2175.4</ele>
      </trkpt>
      <trkpt lat="46.753061" lon="9.638695">
        <ele>2175.7</ele>
      </trkpt>
      <trkpt lat="46.753113" lon="9.63895">
        <ele>2176.1</ele>
      </trkpt>
      <trkpt lat="46.753128" lon="9.639143">
        <ele>2176.0</ele>
      </trkpt>
      <trkpt lat="46.753156" lon="9.639326">
        <ele>2175.3</ele>
      </trkpt>
      <trkpt lat="46.753192" lon="9.639433">
        <ele>2174.6</ele>
      </trkpt>
      <trkpt lat="46.753238" lon="9.639513">
        <ele>2174.7</ele>
      </trkpt>
      <trkpt lat="46.753269" lon="9.639598">
        <ele>2174.9</ele>
      </trkpt>
      <trkpt lat="46.753278" lon="9.63969">
        <ele>2175.0</ele>
      </trkpt>
      <trkpt lat="46.753317" lon="9.639764">
        <ele>2174.9</ele>
      </trkpt>
      <trkpt lat="46.753357" lon="9.63983">
        <ele>2174.8</ele>
      </trkpt>
      <trkpt lat="46.75338" lon="9.639901">
        <ele>2174.8</ele>
      </trkpt>
      <trkpt lat="46.753398" lon="9.640041">
        <ele>2174.8</ele>
      </trkpt>
      <trkpt lat="46.753433" lon="9.640195">
        <ele>2174.2</ele>
      </trkpt>
      <trkpt lat="46.753469" lon="9.640311">
        <ele>2173.8</ele>
      </trkpt>
      <trkpt lat="46.753543" lon="9.640423">
        <ele>2174.0</ele>
      </trkpt>
      <trkpt lat="46.753571" lon="9.640522">
        <ele>2174.3</ele>
      </trkpt>
      <trkpt lat="46.753615" lon="9.640713">
        <ele>2174.5</ele>
      </trkpt>
      <trkpt lat="46.75367" lon="9.640816">
        <ele>2175.0</ele>
      </trkpt>
      <trkpt lat="46.753709" lon="9.640923">
        <ele>2174.8</ele>
      </trkpt>
      <trkpt lat="46.753742" lon="9.641111">
        <ele>2175.4</ele>
      </trkpt>
      <trkpt lat="46.753769" lon="9.64128">
        <ele>2175.8</ele>
      </trkpt>
      <trkpt lat="46.753812" lon="9.641404">
        <ele>2176.2</ele>
      </trkpt>
      <trkpt lat="46.753854" lon="9.641473">
        <ele>2176.1</ele>
      </trkpt>
      <trkpt lat="46.753848" lon="9.641573">
        <ele>2176.0</ele>
      </trkpt>
      <trkpt lat="46.753859" lon="9.641626">
        <ele>2176.4</ele>
      </trkpt>
      <trkpt lat="46.753844" lon="9.641804">
        <ele>2175.4</ele>
      </trkpt>
      <trkpt lat="46.753851" lon="9.641918">
        <ele>2174.8</ele>
      </trkpt>
      <trkpt lat="46.753872" lon="9.642011">
        <ele>2174.8</ele>
      </trkpt>
      <trkpt lat="46.753936" lon="9.642214">
        <ele>2175.6</ele>
      </trkpt>
      <trkpt lat="46.753957" lon="9.642343">
        <ele>2174.7</ele>
      </trkpt>
      <trkpt lat="46.753979" lon="9.642548">
        <ele>2175.1</ele>
      </trkpt>
      <trkpt lat="46.753987" lon="9.642648">
        <ele>2175.1</ele>
      </trkpt>
      <trkpt lat="46.75402" lon="9.642875">
        <ele>2174.4</ele>
      </trkpt>
      <trkpt lat="46.754017" lon="9.643045">
        <ele>2174.0</ele>
      </trkpt>
      <trkpt lat="46.754034" lon="9.643132">
        <ele>2173.9</ele>
      </trkpt>
      <trkpt lat="46.754043" lon="9.643269">
        <ele>2173.7</ele>
      </trkpt>
      <trkpt lat="46.754072" lon="9.643454">
        <ele>2172.2</ele>
      </trkpt>
      <trkpt lat="46.754126" lon="9.643662">
        <ele>2171.9</ele>
      </trkpt>
      <trkpt lat="46.754169" lon="9.643795">
        <ele>2171.2</ele>
      </trkpt>
      <trkpt lat="46.754188" lon="9.643885">
        <ele>2170.4</ele>
      </trkpt>
      <trkpt lat="46.754219" lon="9.644232">
        <ele>2169.7</ele>
      </trkpt>
      <trkpt lat="46.754228" lon="9.644463">
        <ele>2168.0</ele>
      </trkpt>
      <trkpt lat="46.754256" lon="9.644693">
        <ele>2167.1</ele>
      </trkpt>
      <trkpt lat="46.754287" lon="9.644778">
        <ele>2167.3</ele>
      </trkpt>
      <trkpt lat="46.754343" lon="9.645081">
        <ele>2165.4</ele>
      </trkpt>
      <trkpt lat="46.754338" lon="9.645253">
        <ele>2163.7</ele>
      </trkpt>
      <trkpt lat="46.754347" lon="9.645295">
        <ele>2163.3</ele>
      </trkpt>
      <trkpt lat="46.754451" lon="9.645573">
        <ele>2161.8</ele>
      </trkpt>
      <trkpt lat="46.754529" lon="9.645838">
        <ele>2160.6</ele>
      </trkpt>
      <trkpt lat="46.754618" lon="9.646146">
        <ele>2160.1</ele>
      </trkpt>
      <trkpt lat="46.754668" lon="9.64631">
        <ele>2160.3</ele>
      </trkpt>
      <trkpt lat="46.754636" lon="9.646408">
        <ele>2160.1</ele>
      </trkpt>
      <trkpt lat="46.754639" lon="9.646517">
        <ele>2158.4</ele>
      </trkpt>
      <trkpt lat="46.754663" lon="9.646649">
        <ele>2155.0</ele>
      </trkpt>
      <trkpt lat="46.754654" lon="9.646721">
        <ele>2153.9</ele>
      </trkpt>
      <trkpt lat="46.754661" lon="9.646799">
        <ele>2152.8</ele>
      </trkpt>
      <trkpt lat="46.754683" lon="9.646831">
        <ele>2151.7</ele>
      </trkpt>
      <trkpt lat="46.754705" lon="9.646849">
        <ele>2150.7</ele>
      </trkpt>
      <trkpt lat="46.754708" lon="9.646915">
        <ele>2149.4</ele>
      </trkpt>
      <trkpt lat="46.754734" lon="9.647036">
        <ele>2146.9</ele>
      </trkpt>
      <trkpt lat="46.754757" lon="9.647115">
        <ele>2145.8</ele>
      </trkpt>
      <trkpt lat="46.754766" lon="9.647222">
        <ele>2143.7</ele>
      </trkpt>
      <trkpt lat="46.754758" lon="9.647321">
        <ele>2141.4</ele>
      </trkpt>
      <trkpt lat="46.754729" lon="9.647395">
        <ele>2139.8</ele>
      </trkpt>
      <trkpt lat="46.754739" lon="9.647546">
        <ele>2136.8</ele>
      </trkpt>
      <trkpt lat="46.754747" lon="9.647622">
        <ele>2134.9</ele>
      </trkpt>
      <trkpt lat="46.754747" lon="9.647736">
        <ele>2132.9</ele>
      </trkpt>
      <trkpt lat="46.754761" lon="9.647787">
        <ele>2132.1</ele>
      </trkpt>
      <trkpt lat="46.754781" lon="9.647796">
        <ele>2131.3</ele>
      </trkpt>
      <trkpt lat="46.754814" lon="9.647789">
        <ele>2129.8</ele>
      </trkpt>
      <trkpt lat="46.754824" lon="9.647742">
        <ele>2128.9</ele>
      </trkpt>
      <trkpt lat="46.754826" lon="9.647659">
        <ele>2128.7</ele>
      </trkpt>
      <trkpt lat="46.754857" lon="9.647629">
        <ele>2127.5</ele>
      </trkpt>
      <trkpt lat="46.754881" lon="9.647569">
        <ele>2125.9</ele>
      </trkpt>
      <trkpt lat="46.754906" lon="9.647509">
        <ele>2124.3</ele>
      </trkpt>
      <trkpt lat="46.754919" lon="9.647535">
        <ele>2123.3</ele>
      </trkpt>
      <trkpt lat="46.754915" lon="9.647571">
        <ele>2123.2</ele>
      </trkpt>
      <trkpt lat="46.754943" lon="9.647572">
        <ele>2121.3</ele>
      </trkpt>
      <trkpt lat="46.754969" lon="9.647509">
        <ele>2120.5</ele>
      </trkpt>
      <trkpt lat="46.754998" lon="9.647463">
        <ele>2118.7</ele>
      </trkpt>
      <trkpt lat="46.755037" lon="9.647415">
        <ele>2115.8</ele>
      </trkpt>
      <trkpt lat="46.755065" lon="9.647327">
        <ele>2114.0</ele>
      </trkpt>
      <trkpt lat="46.75509" lon="9.647242">
        <ele>2111.6</ele>
      </trkpt>
      <trkpt lat="46.755119" lon="9.647182">
        <ele>2110.1</ele>
      </trkpt>
      <trkpt lat="46.755137" lon="9.647127">
        <ele>2108.7</ele>
      </trkpt>
      <trkpt lat="46.75515" lon="9.647061">
        <ele>2107.5</ele>
      </trkpt>
      <trkpt lat="46.755156" lon="9.646972">
        <ele>2105.9</ele>
      </trkpt>
      <trkpt lat="46.755178" lon="9.646906">
        <ele>2103.9</ele>
      </trkpt>
      <trkpt lat="46.755207" lon="9.64686">
        <ele>2102.2</ele>
      </trkpt>
      <trkpt lat="46.755238" lon="9.6468">
        <ele>2100.8</ele>
      </trkpt>
      <trkpt lat="46.7553" lon="9.64663">
        <ele>2097.0</ele>
      </trkpt>
      <trkpt lat="46.755347" lon="9.646496">
        <ele>2093.8</ele>
      </trkpt>
      <trkpt lat="46.755413" lon="9.646368">
        <ele>2091.4</ele>
      </trkpt>
      <trkpt lat="46.755485" lon="9.646277">
        <ele>2088.8</ele>
      </trkpt>
      <trkpt lat="46.755538" lon="9.646201">
        <ele>2087.4</ele>
      </trkpt>
      <trkpt lat="46.75563" lon="9.64615">
        <ele>2086.0</ele>
      </trkpt>
      <trkpt lat="46.755724" lon="9.646098">
        <ele>2083.9</ele>
      </trkpt>
      <trkpt lat="46.755793" lon="9.646046">
        <ele>2082.5</ele>
      </trkpt>
      <trkpt lat="46.755834" lon="9.645997">
        <ele>2080.8</ele>
      </trkpt>
      <trkpt lat="46.755872" lon="9.645974">
        <ele>2079.6</ele>
      </trkpt>
      <trkpt lat="46.755973" lon="9.645934">
        <ele>2078.3</ele>
      </trkpt>
      <trkpt lat="46.756044" lon="9.645893">
        <ele>2076.5</ele>
      </trkpt>
      <trkpt lat="46.756103" lon="9.645884">
        <ele>2075.0</ele>
      </trkpt>
      <trkpt lat="46.756156" lon="9.645864">
        <ele>2073.1</ele>
      </trkpt>
      <trkpt lat="46.756185" lon="9.645854">
        <ele>2072.0</ele>
      </trkpt>
      <trkpt lat="46.756228" lon="9.645909">
        <ele>2070.4</ele>
      </trkpt>
      <trkpt lat="46.756288" lon="9.645895">
        <ele>2068.8</ele>
      </trkpt>
      <trkpt lat="46.756325" lon="9.6459">
        <ele>2067.9</ele>
      </trkpt>
      <trkpt lat="46.756346" lon="9.64583">
        <ele>2068.2</ele>
      </trkpt>
      <trkpt lat="46.756391" lon="9.645728">
        <ele>2069.4</ele>
      </trkpt>
      <trkpt lat="46.756419" lon="9.645657">
        <ele>2070.7</ele>
      </trkpt>
      <trkpt lat="46.756467" lon="9.645614">
        <ele>2072.4</ele>
      </trkpt>
      <trkpt lat="46.756493" lon="9.64561">
        <ele>2072.4</ele>
      </trkpt>
      <trkpt lat="46.756541" lon="9.645605">
        <ele>2071.1</ele>
      </trkpt>
      <trkpt lat="46.756631" lon="9.645558">
        <ele>2070.5</ele>
      </trkpt>
      <trkpt lat="46.756736" lon="9.645457">
        <ele>2069.5</ele>
      </trkpt>
      <trkpt lat="46.75682" lon="9.645368">
        <ele>2068.9</ele>
      </trkpt>
      <trkpt lat="46.756894" lon="9.645269">
        <ele>2069.2</ele>
      </trkpt>
      <trkpt lat="46.756958" lon="9.645149">
        <ele>2068.2</ele>
      </trkpt>
      <trkpt lat="46.756986" lon="9.645104">
        <ele>2067.6</ele>
      </trkpt>
      <trkpt lat="46.756999" lon="9.645047">
        <ele>2067.2</ele>
      </trkpt>
      <trkpt lat="46.757055" lon="9.644938">
        <ele>2065.1</ele>
      </trkpt>
      <trkpt lat="46.757076" lon="9.644864">
        <ele>2064.3</ele>
      </trkpt>
      <trkpt lat="46.757089" lon="9.64482">
        <ele>2063.7</ele>
      </trkpt>
      <trkpt lat="46.757094" lon="9.644799">
        <ele>2063.5</ele>
      </trkpt>
      <trkpt lat="46.757087" lon="9.644781">
        <ele>2063.0</ele>
      </trkpt>
      <trkpt lat="46.757063" lon="9.644762">
        <ele>2062.2</ele>
      </trkpt>
      <trkpt lat="46.757034" lon="9.644733">
        <ele>2061.3</ele>
      </trkpt>
      <trkpt lat="46.757015" lon="9.64472">
        <ele>2060.8</ele>
      </trkpt>
      <trkpt lat="46.756992" lon="9.644707">
        <ele>2060.6</ele>
      </trkpt>
      <trkpt lat="46.756983" lon="9.644671">
        <ele>2059.9</ele>
      </trkpt>
      <trkpt lat="46.756983" lon="9.64462">
        <ele>2059.3</ele>
      </trkpt>
      <trkpt lat="46.756984" lon="9.644569">
        <ele>2059.3</ele>
      </trkpt>
      <trkpt lat="46.757005" lon="9.644531">
        <ele>2059.1</ele>
      </trkpt>
      <trkpt lat="46.757017" lon="9.644503">
        <ele>2059.0</ele>
      </trkpt>
      <trkpt lat="46.757042" lon="9.64446">
        <ele>2058.9</ele>
      </trkpt>
      <trkpt lat="46.757055" lon="9.644419">
        <ele>2058.5</ele>
      </trkpt>
      <trkpt lat="46.757064" lon="9.644378">
        <ele>2057.9</ele>
      </trkpt>
      <trkpt lat="46.757096" lon="9.644284">
        <ele>2057.5</ele>
      </trkpt>
      <trkpt lat="46.75712" lon="9.644236">
        <ele>2057.3</ele>
      </trkpt>
      <trkpt lat="46.757148" lon="9.644215">
        <ele>2056.7</ele>
      </trkpt>
      <trkpt lat="46.757172" lon="9.644203">
        <ele>2056.0</ele>
      </trkpt>
      <trkpt lat="46.757218" lon="9.644167">
        <ele>2055.3</ele>
      </trkpt>
      <trkpt lat="46.757267" lon="9.644149">
        <ele>2055.1</ele>
      </trkpt>
      <trkpt lat="46.757315" lon="9.644135">
        <ele>2054.7</ele>
      </trkpt>
      <trkpt lat="46.757392" lon="9.644086">
        <ele>2054.8</ele>
      </trkpt>
      <trkpt lat="46.757421" lon="9.644051">
        <ele>2055.1</ele>
      </trkpt>
      <trkpt lat="46.757437" lon="9.643992">
        <ele>2054.9</ele>
      </trkpt>
      <trkpt lat="46.757439" lon="9.643905">
        <ele>2054.1</ele>
      </trkpt>
      <trkpt lat="46.757433" lon="9.643815">
        <ele>2053.7</ele>
      </trkpt>
      <trkpt lat="46.757475" lon="9.643739">
        <ele>2053.4</ele>
      </trkpt>
      <trkpt lat="46.757511" lon="9.643668">
        <ele>2053.3</ele>
      </trkpt>
      <trkpt lat="46.757574" lon="9.643593">
        <ele>2052.4</ele>
      </trkpt>
      <trkpt lat="46.757605" lon="9.643548">
        <ele>2052.1</ele>
      </trkpt>
      <trkpt lat="46.757654" lon="9.643511">
        <ele>2052.0</ele>
      </trkpt>
      <trkpt lat="46.757717" lon="9.643419">
        <ele>2052.0</ele>
      </trkpt>
      <trkpt lat="46.757762" lon="9.643382">
        <ele>2052.0</ele>
      </trkpt>
      <trkpt lat="46.757803" lon="9.643334">
        <ele>2052.0</ele>
      </trkpt>
      <trkpt lat="46.757844" lon="9.643282">
        <ele>2052.0</ele>
      </trkpt>
      <trkpt lat="46.757868" lon="9.643236">
        <ele>2052.4</ele>
      </trkpt>
      <trkpt lat="46.757886" lon="9.6432">
        <ele>2052.1</ele>
      </trkpt>
      <trkpt lat="46.757907" lon="9.643134">
        <ele>2050.8</ele>
      </trkpt>
      <trkpt lat="46.75792" lon="9.643032">
        <ele>2050.2</ele>
      </trkpt>
      <trkpt lat="46.757963" lon="9.642973">
        <ele>2049.6</ele>
      </trkpt>
      <trkpt lat="46.75801" lon="9.642897">
        <ele>2050.1</ele>
      </trkpt>
      <trkpt lat="46.758038" lon="9.64284">
        <ele>2049.4</ele>
      </trkpt>
      <trkpt lat="46.758072" lon="9.642809">
        <ele>2048.4</ele>
      </trkpt>
      <trkpt lat="46.758123" lon="9.642792">
        <ele>2047.9</ele>
      </trkpt>
      <trkpt lat="46.758184" lon="9.642808">
        <ele>2047.5</ele>
      </trkpt>
      <trkpt lat="46.758229" lon="9.642827">
        <ele>2047.3</ele>
        <name>46.758232,9.642815</name>
        <extensions>
          <oa:Extension>
            <oa:mapZoom>16</oa:mapZoom>
          </oa:Extension>
        </extensions>
      </trkpt>
      <trkpt lat="46.758258" lon="9.642839">
        <ele>2047.2</ele>
      </trkpt>
      <trkpt lat="46.758341" lon="9.642865">
        <ele>2046.6</ele>
      </trkpt>
      <trkpt lat="46.75841" lon="9.642898">
        <ele>2046.2</ele>
      </trkpt>
      <trkpt lat="46.758577" lon="9.6429">
        <ele>2045.3</ele>
      </trkpt>
      <trkpt lat="46.758702" lon="9.642914">
        <ele>2044.9</ele>
      </trkpt>
      <trkpt lat="46.758771" lon="9.642945">
        <ele>2044.0</ele>
      </trkpt>
      <trkpt lat="46.758845" lon="9.642984">
        <ele>2043.7</ele>
      </trkpt>
      <trkpt lat="46.758923" lon="9.643034">
        <ele>2043.4</ele>
      </trkpt>
      <trkpt lat="46.759001" lon="9.643069">
        <ele>2043.2</ele>
      </trkpt>
      <trkpt lat="46.759156" lon="9.64312">
        <ele>2042.0</ele>
      </trkpt>
      <trkpt lat="46.759282" lon="9.643152">
        <ele>2041.5</ele>
      </trkpt>
      <trkpt lat="46.759391" lon="9.643199">
        <ele>2041.0</ele>
      </trkpt>
      <trkpt lat="46.759532" lon="9.643246">
        <ele>2040.6</ele>
      </trkpt>
      <trkpt lat="46.759687" lon="9.643287">
        <ele>2040.1</ele>
      </trkpt>
      <trkpt lat="46.759781" lon="9.643291">
        <ele>2039.6</ele>
      </trkpt>
      <trkpt lat="46.75984" lon="9.643273">
        <ele>2039.7</ele>
      </trkpt>
      <trkpt lat="46.759914" lon="9.643207">
        <ele>2039.6</ele>
      </trkpt>
      <trkpt lat="46.760039" lon="9.643092">
        <ele>2038.4</ele>
      </trkpt>
      <trkpt lat="46.760079" lon="9.643068">
        <ele>2037.9</ele>
      </trkpt>
      <trkpt lat="46.760109" lon="9.643032">
        <ele>2037.7</ele>
      </trkpt>
      <trkpt lat="46.760129" lon="9.642977">
        <ele>2037.6</ele>
      </trkpt>
      <trkpt lat="46.760146" lon="9.642898">
        <ele>2037.5</ele>
      </trkpt>
      <trkpt lat="46.760158" lon="9.642814">
        <ele>2037.1</ele>
      </trkpt>
      <trkpt lat="46.760174" lon="9.64279">
        <ele>2036.7</ele>
      </trkpt>
      <trkpt lat="46.760197" lon="9.64278">
        <ele>2036.4</ele>
      </trkpt>
      <trkpt lat="46.760241" lon="9.642781">
        <ele>2035.7</ele>
      </trkpt>
      <trkpt lat="46.76035" lon="9.642787">
        <ele>2034.4</ele>
      </trkpt>
      <trkpt lat="46.760415" lon="9.642795">
        <ele>2034.3</ele>
      </trkpt>
      <trkpt lat="46.760504" lon="9.642827">
        <ele>2035.0</ele>
      </trkpt>
      <trkpt lat="46.760572" lon="9.642845">
        <ele>2034.8</ele>
      </trkpt>
      <trkpt lat="46.760647" lon="9.642859">
        <ele>2034.5</ele>
      </trkpt>
      <trkpt lat="46.760727" lon="9.642857">
        <ele>2034.2</ele>
      </trkpt>
      <trkpt lat="46.760831" lon="9.642865">
        <ele>2032.2</ele>
      </trkpt>
      <trkpt lat="46.76089" lon="9.642856">
        <ele>2032.3</ele>
      </trkpt>
      <trkpt lat="46.760961" lon="9.642826">
        <ele>2032.4</ele>
      </trkpt>
      <trkpt lat="46.76103" lon="9.64279">
        <ele>2032.1</ele>
      </trkpt>
      <trkpt lat="46.761074" lon="9.642768">
        <ele>2031.9</ele>
      </trkpt>
      <trkpt lat="46.761109" lon="9.642762">
        <ele>2031.8</ele>
      </trkpt>
      <trkpt lat="46.761187" lon="9.642761">
        <ele>2031.1</ele>
      </trkpt>
      <trkpt lat="46.761303" lon="9.642766">
        <ele>2030.9</ele>
      </trkpt>
      <trkpt lat="46.761356" lon="9.642748">
        <ele>2030.7</ele>
      </trkpt>
      <trkpt lat="46.761414" lon="9.642717">
        <ele>2030.1</ele>
      </trkpt>
      <trkpt lat="46.76148" lon="9.642648">
        <ele>2030.1</ele>
      </trkpt>
      <trkpt lat="46.761545" lon="9.642562">
        <ele>2029.5</ele>
      </trkpt>
      <trkpt lat="46.761622" lon="9.642491">
        <ele>2029.3</ele>
      </trkpt>
      <trkpt lat="46.761698" lon="9.642443">
        <ele>2028.8</ele>
      </trkpt>
      <trkpt lat="46.761778" lon="9.642399">
        <ele>2028.0</ele>
      </trkpt>
      <trkpt lat="46.761864" lon="9.642352">
        <ele>2028.0</ele>
      </trkpt>
      <trkpt lat="46.761957" lon="9.64234">
        <ele>2027.6</ele>
      </trkpt>
      <trkpt lat="46.762029" lon="9.642338">
        <ele>2027.3</ele>
      </trkpt>
      <trkpt lat="46.762104" lon="9.642355">
        <ele>2027.2</ele>
      </trkpt>
      <trkpt lat="46.762161" lon="9.642364">
        <ele>2027.1</ele>
      </trkpt>
      <trkpt lat="46.762195" lon="9.642366">
        <ele>2026.9</ele>
      </trkpt>
      <trkpt lat="46.762247" lon="9.642354">
        <ele>2026.8</ele>
      </trkpt>
      <trkpt lat="46.762351" lon="9.642269">
        <ele>2025.7</ele>
      </trkpt>
      <trkpt lat="46.762456" lon="9.642181">
        <ele>2025.5</ele>
      </trkpt>
      <trkpt lat="46.762504" lon="9.642113">
        <ele>2025.0</ele>
      </trkpt>
      <trkpt lat="46.762546" lon="9.642065">
        <ele>2024.9</ele>
      </trkpt>
      <trkpt lat="46.762582" lon="9.642055">
        <ele>2024.6</ele>
      </trkpt>
      <trkpt lat="46.762761" lon="9.642037">
        <ele>2022.8</ele>
      </trkpt>
      <trkpt lat="46.762811" lon="9.642019">
        <ele>2022.9</ele>
      </trkpt>
      <trkpt lat="46.762816" lon="9.642017">
        <ele>2022.8</ele>
      </trkpt>
      <trkpt lat="46.762854" lon="9.642023">
        <ele>2022.0</ele>
      </trkpt>
      <trkpt lat="46.762906" lon="9.642021">
        <ele>2020.8</ele>
      </trkpt>
      <trkpt lat="46.762961" lon="9.64199">
        <ele>2020.5</ele>
      </trkpt>
      <trkpt lat="46.763123" lon="9.641936">
        <ele>2020.0</ele>
      </trkpt>
      <trkpt lat="46.763197" lon="9.641923">
        <ele>2020.0</ele>
      </trkpt>
      <trkpt lat="46.763305" lon="9.64195">
        <ele>2020.9</ele>
      </trkpt>
      <trkpt lat="46.763376" lon="9.641981">
        <ele>2021.0</ele>
      </trkpt>
      <trkpt lat="46.763437" lon="9.64201">
        <ele>2020.4</ele>
      </trkpt>
      <trkpt lat="46.763523" lon="9.642013">
        <ele>2020.8</ele>
      </trkpt>
      <trkpt lat="46.763612" lon="9.642015">
        <ele>2020.2</ele>
      </trkpt>
      <trkpt lat="46.763743" lon="9.642016">
        <ele>2019.1</ele>
      </trkpt>
      <trkpt lat="46.763746" lon="9.642016">
        <ele>2019.1</ele>
      </trkpt>
      <trkpt lat="46.763758" lon="9.642009">
        <ele>2019.1</ele>
      </trkpt>
      <trkpt lat="46.763789" lon="9.641993">
        <ele>2019.6</ele>
      </trkpt>
      <trkpt lat="46.763797" lon="9.641994">
        <ele>2019.5</ele>
      </trkpt>
      <trkpt lat="46.763847" lon="9.641996">
        <ele>2019.3</ele>
      </trkpt>
      <trkpt lat="46.76387" lon="9.642">
        <ele>2019.3</ele>
      </trkpt>
      <trkpt lat="46.763897" lon="9.642004">
        <ele>2019.3</ele>
      </trkpt>
      <trkpt lat="46.764006" lon="9.641999">
        <ele>2018.0</ele>
      </trkpt>
      <trkpt lat="46.764013" lon="9.642001">
        <ele>2017.9</ele>
      </trkpt>
      <trkpt lat="46.764022" lon="9.642003">
        <ele>2017.7</ele>
      </trkpt>
      <trkpt lat="46.76404" lon="9.642008">
        <ele>2017.6</ele>
      </trkpt>
      <trkpt lat="46.764088" lon="9.642042">
        <ele>2016.9</ele>
      </trkpt>
      <trkpt lat="46.76415" lon="9.642059">
        <ele>2016.0</ele>
      </trkpt>
      <trkpt lat="46.764292" lon="9.642065">
        <ele>2016.8</ele>
      </trkpt>
      <trkpt lat="46.76441" lon="9.642072">
        <ele>2016.8</ele>
      </trkpt>
      <trkpt lat="46.764458" lon="9.642048">
        <ele>2016.7</ele>
      </trkpt>
      <trkpt lat="46.764497" lon="9.64205">
        <ele>2016.1</ele>
      </trkpt>
      <trkpt lat="46.764538" lon="9.642064">
        <ele>2015.3</ele>
      </trkpt>
      <trkpt lat="46.764661" lon="9.642105">
        <ele>2015.7</ele>
      </trkpt>
      <trkpt lat="46.764708" lon="9.64214">
        <ele>2015.9</ele>
      </trkpt>
      <trkpt lat="46.764781" lon="9.642277">
        <ele>2014.6</ele>
      </trkpt>
      <trkpt lat="46.764829" lon="9.642416">
        <ele>2014.3</ele>
      </trkpt>
      <trkpt lat="46.764847" lon="9.642514">
        <ele>2013.7</ele>
      </trkpt>
      <trkpt lat="46.764873" lon="9.642589">
        <ele>2013.3</ele>
      </trkpt>
      <trkpt lat="46.764979" lon="9.642754">
        <ele>2013.0</ele>
      </trkpt>
      <trkpt lat="46.765101" lon="9.642923">
        <ele>2012.2</ele>
      </trkpt>
      <trkpt lat="46.765167" lon="9.643009">
        <ele>2011.9</ele>
      </trkpt>
      <trkpt lat="46.765254" lon="9.643112">
        <ele>2011.5</ele>
      </trkpt>
      <trkpt lat="46.765325" lon="9.643174">
        <ele>2011.7</ele>
      </trkpt>
      <trkpt lat="46.765404" lon="9.643246">
        <ele>2010.9</ele>
      </trkpt>
      <trkpt lat="46.765431" lon="9.643298">
        <ele>2010.3</ele>
      </trkpt>
      <trkpt lat="46.765438" lon="9.643411">
        <ele>2009.5</ele>
      </trkpt>
      <trkpt lat="46.765449" lon="9.643507">
        <ele>2009.1</ele>
      </trkpt>
      <trkpt lat="46.765487" lon="9.643646">
        <ele>2008.5</ele>
      </trkpt>
      <trkpt lat="46.765532" lon="9.643776">
        <ele>2008.0</ele>
      </trkpt>
      <trkpt lat="46.7656" lon="9.643896">
        <ele>2007.5</ele>
      </trkpt>
      <trkpt lat="46.765651" lon="9.643986">
        <ele>2007.2</ele>
      </trkpt>
      <trkpt lat="46.765682" lon="9.64408">
        <ele>2007.3</ele>
      </trkpt>
      <trkpt lat="46.765752" lon="9.644278">
        <ele>2006.5</ele>
      </trkpt>
      <trkpt lat="46.765782" lon="9.644334">
        <ele>2006.4</ele>
      </trkpt>
      <trkpt lat="46.765848" lon="9.644418">
        <ele>2006.1</ele>
      </trkpt>
      <trkpt lat="46.765912" lon="9.644505">
        <ele>2005.1</ele>
      </trkpt>
      <trkpt lat="46.765957" lon="9.644548">
        <ele>2005.3</ele>
      </trkpt>
      <trkpt lat="46.766006" lon="9.644594">
        <ele>2004.8</ele>
      </trkpt>
      <trkpt lat="46.766031" lon="9.644659">
        <ele>2004.8</ele>
      </trkpt>
      <trkpt lat="46.766034" lon="9.644772">
        <ele>2004.4</ele>
      </trkpt>
      <trkpt lat="46.766029" lon="9.644904">
        <ele>2003.8</ele>
      </trkpt>
      <trkpt lat="46.766048" lon="9.645011">
        <ele>2002.6</ele>
      </trkpt>
      <trkpt lat="46.766084" lon="9.645092">
        <ele>2003.2</ele>
      </trkpt>
      <trkpt lat="46.766114" lon="9.645153">
        <ele>2004.4</ele>
      </trkpt>
      <trkpt lat="46.766123" lon="9.645274">
        <ele>2004.9</ele>
      </trkpt>
      <trkpt lat="46.766113" lon="9.645367">
        <ele>2004.7</ele>
      </trkpt>
      <trkpt lat="46.766113" lon="9.645437">
        <ele>2004.6</ele>
      </trkpt>
      <trkpt lat="46.76613" lon="9.645575">
        <ele>2003.9</ele>
      </trkpt>
      <trkpt lat="46.76616" lon="9.645698">
        <ele>2003.4</ele>
      </trkpt>
      <trkpt lat="46.766264" lon="9.645938">
        <ele>2002.6</ele>
      </trkpt>
      <trkpt lat="46.766355" lon="9.646132">
        <ele>2002.2</ele>
      </trkpt>
      <trkpt lat="46.766383" lon="9.646172">
        <ele>2002.0</ele>
      </trkpt>
      <trkpt lat="46.766437" lon="9.646223">
        <ele>2001.8</ele>
      </trkpt>
      <trkpt lat="46.766486" lon="9.646254">
        <ele>2001.6</ele>
      </trkpt>
      <trkpt lat="46.766537" lon="9.646272">
        <ele>2001.7</ele>
      </trkpt>
      <trkpt lat="46.766605" lon="9.646281">
        <ele>2001.4</ele>
      </trkpt>
      <trkpt lat="46.766661" lon="9.646295">
        <ele>2000.8</ele>
      </trkpt>
      <trkpt lat="46.766702" lon="9.646305">
        <ele>2000.2</ele>
      </trkpt>
      <trkpt lat="46.766764" lon="9.646348">
        <ele>1999.4</ele>
      </trkpt>
      <trkpt lat="46.76682" lon="9.646379">
        <ele>1999.4</ele>
      </trkpt>
      <trkpt lat="46.766883" lon="9.646386">
        <ele>1999.0</ele>
      </trkpt>
      <trkpt lat="46.766979" lon="9.64639">
        <ele>1997.4</ele>
      </trkpt>
      <trkpt lat="46.767076" lon="9.646395">
        <ele>1996.6</ele>
      </trkpt>
      <trkpt lat="46.767125" lon="9.64639">
        <ele>1996.6</ele>
      </trkpt>
      <trkpt lat="46.767162" lon="9.646382">
        <ele>1997.0</ele>
      </trkpt>
      <trkpt lat="46.767185" lon="9.646383">
        <ele>1997.1</ele>
      </trkpt>
      <trkpt lat="46.767206" lon="9.64639">
        <ele>1997.4</ele>
      </trkpt>
      <trkpt lat="46.767226" lon="9.646409">
        <ele>1997.5</ele>
      </trkpt>
      <trkpt lat="46.767255" lon="9.64645">
        <ele>1997.6</ele>
      </trkpt>
      <trkpt lat="46.767284" lon="9.646516">
        <ele>1996.8</ele>
      </trkpt>
      <trkpt lat="46.7673" lon="9.646576">
        <ele>1996.3</ele>
      </trkpt>
      <trkpt lat="46.767306" lon="9.646626">
        <ele>1996.0</ele>
      </trkpt>
      <trkpt lat="46.767302" lon="9.646687">
        <ele>1995.6</ele>
      </trkpt>
      <trkpt lat="46.7673" lon="9.646745">
        <ele>1994.7</ele>
      </trkpt>
      <trkpt lat="46.767302" lon="9.646892">
        <ele>1993.0</ele>
      </trkpt>
      <trkpt lat="46.767298" lon="9.647064">
        <ele>1991.1</ele>
      </trkpt>
      <trkpt lat="46.767302" lon="9.647149">
        <ele>1991.0</ele>
      </trkpt>
      <trkpt lat="46.767312" lon="9.647286">
        <ele>1990.8</ele>
      </trkpt>
      <trkpt lat="46.767334" lon="9.647437">
        <ele>1990.5</ele>
      </trkpt>
      <trkpt lat="46.76737" lon="9.647655">
        <ele>1988.2</ele>
      </trkpt>
      <trkpt lat="46.767413" lon="9.647826">
        <ele>1986.6</ele>
      </trkpt>
      <trkpt lat="46.767423" lon="9.647959">
        <ele>1984.7</ele>
      </trkpt>
      <trkpt lat="46.767457" lon="9.648099">
        <ele>1983.3</ele>
      </trkpt>
      <trkpt lat="46.767524" lon="9.648253">
        <ele>1982.7</ele>
      </trkpt>
      <trkpt lat="46.767574" lon="9.648375">
        <ele>1981.8</ele>
      </trkpt>
      <trkpt lat="46.767629" lon="9.648443">
        <ele>1981.6</ele>
      </trkpt>
      <trkpt lat="46.767705" lon="9.648531">
        <ele>1981.1</ele>
      </trkpt>
      <trkpt lat="46.76781" lon="9.648659">
        <ele>1980.3</ele>
      </trkpt>
      <trkpt lat="46.767902" lon="9.648725">
        <ele>1979.6</ele>
      </trkpt>
      <trkpt lat="46.767994" lon="9.64879">
        <ele>1979.3</ele>
      </trkpt>
      <trkpt lat="46.768056" lon="9.648827">
        <ele>1978.6</ele>
      </trkpt>
      <trkpt lat="46.76814" lon="9.648891">
        <ele>1977.8</ele>
      </trkpt>
      <trkpt lat="46.768248" lon="9.64892">
        <ele>1976.7</ele>
      </trkpt>
      <trkpt lat="46.768406" lon="9.648999">
        <ele>1974.8</ele>
      </trkpt>
      <trkpt lat="46.768619" lon="9.64911">
        <ele>1973.2</ele>
      </trkpt>
      <trkpt lat="46.768643" lon="9.649129">
        <ele>1973.0</ele>
      </trkpt>
      <trkpt lat="46.768778" lon="9.64924">
        <ele>1973.1</ele>
      </trkpt>
      <trkpt lat="46.768795" lon="9.649246">
        <ele>1972.9</ele>
      </trkpt>
      <trkpt lat="46.768901" lon="9.649281">
        <ele>1972.4</ele>
      </trkpt>
      <trkpt lat="46.769018" lon="9.649361">
        <ele>1971.4</ele>
      </trkpt>
      <trkpt lat="46.769145" lon="9.649434">
        <ele>1970.2</ele>
      </trkpt>
      <trkpt lat="46.769237" lon="9.649475">
        <ele>1970.0</ele>
      </trkpt>
      <trkpt lat="46.769327" lon="9.649549">
        <ele>1969.4</ele>
      </trkpt>
      <trkpt lat="46.769428" lon="9.649606">
        <ele>1968.9</ele>
      </trkpt>
      <trkpt lat="46.769538" lon="9.64962">
        <ele>1967.6</ele>
      </trkpt>
      <trkpt lat="46.769598" lon="9.649608">
        <ele>1967.1</ele>
      </trkpt>
      <trkpt lat="46.769638" lon="9.6496">
        <ele>1966.5</ele>
      </trkpt>
      <trkpt lat="46.769653" lon="9.649593">
        <ele>1966.3</ele>
      </trkpt>
      <trkpt lat="46.76987" lon="9.649484">
        <ele>1964.4</ele>
      </trkpt>
      <trkpt lat="46.770017" lon="9.649405">
        <ele>1964.0</ele>
      </trkpt>
      <trkpt lat="46.770205" lon="9.649347">
        <ele>1961.8</ele>
      </trkpt>
      <trkpt lat="46.770386" lon="9.649296">
        <ele>1960.5</ele>
      </trkpt>
      <trkpt lat="46.770463" lon="9.649273">
        <ele>1959.8</ele>
      </trkpt>
      <trkpt lat="46.770519" lon="9.649238">
        <ele>1959.5</ele>
      </trkpt>
      <trkpt lat="46.770606" lon="9.649177">
        <ele>1958.7</ele>
      </trkpt>
      <trkpt lat="46.770766" lon="9.649064">
        <ele>1957.3</ele>
      </trkpt>
      <trkpt lat="46.770839" lon="9.649002">
        <ele>1956.4</ele>
      </trkpt>
      <trkpt lat="46.770922" lon="9.648864">
        <ele>1955.4</ele>
      </trkpt>
      <trkpt lat="46.771016" lon="9.648723">
        <ele>1954.0</ele>
        <name>46.771016,9.648723</name>
        <extensions>
          <oa:Extension>
            <oa:mapZoom>17</oa:mapZoom>
          </oa:Extension>
        </extensions>
      </trkpt>
      <trkpt lat="46.770718" lon="9.649665">
        <ele>1944.54334</ele>
      </trkpt>
      <trkpt lat="46.771027" lon="9.649708">
        <ele>1937.93122</ele>
      </trkpt>
      <trkpt lat="46.770439" lon="9.650266">
        <ele>1933.37837</ele>
      </trkpt>
      <trkpt lat="46.770659" lon="9.650374">
        <ele>1927.86575</ele>
      </trkpt>
      <trkpt lat="46.76991" lon="9.650974">
        <ele>1921.93423</ele>
      </trkpt>
      <trkpt lat="46.77024" lon="9.65091">
        <ele>1918.65611</ele>
      </trkpt>
      <trkpt lat="46.769968" lon="9.651371">
        <ele>1908.06083</ele>
      </trkpt>
      <trkpt lat="46.770189" lon="9.651457">
        <ele>1903.94234</ele>
      </trkpt>
      <trkpt lat="46.770115" lon="9.65164">
        <ele>1899.78767</ele>
      </trkpt>
      <trkpt lat="46.770446" lon="9.651918">
        <ele>1892.28546</ele>
      </trkpt>
      <trkpt lat="46.770868" lon="9.651411">
        <ele>1890.3</ele>
        <name>46.770868,9.651411</name>
        <extensions>
          <oa:Extension>
            <oa:mapZoom>17</oa:mapZoom>
          </oa:Extension>
        </extensions>
      </trkpt>
      <trkpt lat="46.770904" lon="9.651354">
        <ele>1890.3</ele>
      </trkpt>
      <trkpt lat="46.770933" lon="9.651321">
        <ele>1890.5</ele>
      </trkpt>
      <trkpt lat="46.770982" lon="9.651277">
        <ele>1890.7</ele>
      </trkpt>
      <trkpt lat="46.770991" lon="9.651315">
        <ele>1890.4</ele>
      </trkpt>
      <trkpt lat="46.77103" lon="9.651418">
        <ele>1889.8</ele>
      </trkpt>
      <trkpt lat="46.77107" lon="9.65152">
        <ele>1889.5</ele>
      </trkpt>
      <trkpt lat="46.771115" lon="9.651638">
        <ele>1888.9</ele>
      </trkpt>
      <trkpt lat="46.771171" lon="9.651769">
        <ele>1887.1</ele>
      </trkpt>
      <trkpt lat="46.77124" lon="9.651916">
        <ele>1884.5</ele>
      </trkpt>
      <trkpt lat="46.771335" lon="9.652144">
        <ele>1880.7</ele>
      </trkpt>
      <trkpt lat="46.771417" lon="9.652338">
        <ele>1877.8</ele>
      </trkpt>
      <trkpt lat="46.771552" lon="9.652612">
        <ele>1873.9</ele>
      </trkpt>
      <trkpt lat="46.771686" lon="9.652885">
        <ele>1867.8</ele>
      </trkpt>
      <trkpt lat="46.771714" lon="9.652934">
        <ele>1867.1</ele>
      </trkpt>
      <trkpt lat="46.771763" lon="9.652997">
        <ele>1866.5</ele>
      </trkpt>
      <trkpt lat="46.771819" lon="9.653088">
        <ele>1865.8</ele>
      </trkpt>
      <trkpt lat="46.771846" lon="9.653165">
        <ele>1865.5</ele>
      </trkpt>
      <trkpt lat="46.771869" lon="9.653254">
        <ele>1865.0</ele>
      </trkpt>
      <trkpt lat="46.771871" lon="9.653392">
        <ele>1864.6</ele>
      </trkpt>
      <trkpt lat="46.771867" lon="9.653556">
        <ele>1864.0</ele>
      </trkpt>
      <trkpt lat="46.771858" lon="9.653746">
        <ele>1863.5</ele>
      </trkpt>
      <trkpt lat="46.771857" lon="9.65387">
        <ele>1862.8</ele>
      </trkpt>
      <trkpt lat="46.771856" lon="9.653964">
        <ele>1862.2</ele>
      </trkpt>
      <trkpt lat="46.771862" lon="9.654062">
        <ele>1861.5</ele>
      </trkpt>
      <trkpt lat="46.771878" lon="9.654187">
        <ele>1859.8</ele>
      </trkpt>
      <trkpt lat="46.771903" lon="9.654283">
        <ele>1858.6</ele>
      </trkpt>
      <trkpt lat="46.771945" lon="9.654376">
        <ele>1857.1</ele>
      </trkpt>
      <trkpt lat="46.772" lon="9.654505">
        <ele>1855.6</ele>
      </trkpt>
      <trkpt lat="46.772026" lon="9.654618">
        <ele>1854.2</ele>
      </trkpt>
      <trkpt lat="46.77205" lon="9.6548">
        <ele>1851.4</ele>
      </trkpt>
      <trkpt lat="46.772049" lon="9.654885">
        <ele>1849.8</ele>
      </trkpt>
      <trkpt lat="46.772051" lon="9.654998">
        <ele>1847.5</ele>
      </trkpt>
      <trkpt lat="46.772046" lon="9.655078">
        <ele>1846.1</ele>
      </trkpt>
      <trkpt lat="46.772042" lon="9.65514">
        <ele>1845.3</ele>
      </trkpt>
      <trkpt lat="46.772034" lon="9.655346">
        <ele>1842.2</ele>
      </trkpt>
      <trkpt lat="46.77203" lon="9.655458">
        <ele>1840.9</ele>
      </trkpt>
      <trkpt lat="46.772029" lon="9.65546">
        <ele>1840.9</ele>
        <name>46.772029,9.655460</name>
        <extensions>
          <oa:Extension>
            <oa:mapZoom>16</oa:mapZoom>
          </oa:Extension>
        </extensions>
      </trkpt>
      <trkpt lat="46.772025" lon="9.655491">
        <ele>1840.4</ele>
      </trkpt>
      <trkpt lat="46.772019" lon="9.655512">
        <ele>1840.0</ele>
      </trkpt>
      <trkpt lat="46.772005" lon="9.655526">
        <ele>1839.6</ele>
      </trkpt>
      <trkpt lat="46.771985" lon="9.65553">
        <ele>1839.3</ele>
      </trkpt>
      <trkpt lat="46.771971" lon="9.655598">
        <ele>1839.6</ele>
      </trkpt>
      <trkpt lat="46.771952" lon="9.655644">
        <ele>1838.4</ele>
      </trkpt>
      <trkpt lat="46.771908" lon="9.655749">
        <ele>1836.4</ele>
      </trkpt>
      <trkpt lat="46.771907" lon="9.655798">
        <ele>1836.0</ele>
      </trkpt>
      <trkpt lat="46.771923" lon="9.655886">
        <ele>1835.7</ele>
      </trkpt>
      <trkpt lat="46.771939" lon="9.655949">
        <ele>1835.8</ele>
      </trkpt>
      <trkpt lat="46.771971" lon="9.656001">
        <ele>1836.7</ele>
      </trkpt>
      <trkpt lat="46.772007" lon="9.656077">
        <ele>1837.3</ele>
      </trkpt>
      <trkpt lat="46.77206" lon="9.656216">
        <ele>1837.9</ele>
      </trkpt>
      <trkpt lat="46.7721" lon="9.656327">
        <ele>1838.1</ele>
      </trkpt>
      <trkpt lat="46.772108" lon="9.656384">
        <ele>1838.3</ele>
      </trkpt>
      <trkpt lat="46.772119" lon="9.656442">
        <ele>1838.1</ele>
      </trkpt>
      <trkpt lat="46.772129" lon="9.656524">
        <ele>1837.7</ele>
      </trkpt>
      <trkpt lat="46.772132" lon="9.65663">
        <ele>1836.9</ele>
      </trkpt>
      <trkpt lat="46.772123" lon="9.656733">
        <ele>1836.1</ele>
      </trkpt>
      <trkpt lat="46.772115" lon="9.656816">
        <ele>1835.9</ele>
      </trkpt>
      <trkpt lat="46.772117" lon="9.656883">
        <ele>1835.0</ele>
      </trkpt>
      <trkpt lat="46.772139" lon="9.657141">
        <ele>1832.1</ele>
      </trkpt>
      <trkpt lat="46.772168" lon="9.657357">
        <ele>1832.7</ele>
      </trkpt>
      <trkpt lat="46.772191" lon="9.657529">
        <ele>1833.4</ele>
      </trkpt>
      <trkpt lat="46.77221" lon="9.657597">
        <ele>1833.8</ele>
      </trkpt>
      <trkpt lat="46.772263" lon="9.657733">
        <ele>1834.6</ele>
      </trkpt>
      <trkpt lat="46.772292" lon="9.657807">
        <ele>1834.6</ele>
      </trkpt>
      <trkpt lat="46.772318" lon="9.657821">
        <ele>1834.3</ele>
      </trkpt>
      <trkpt lat="46.77238" lon="9.657838">
        <ele>1834.4</ele>
      </trkpt>
      <trkpt lat="46.772453" lon="9.657857">
        <ele>1834.5</ele>
      </trkpt>
      <trkpt lat="46.772565" lon="9.657914">
        <ele>1835.6</ele>
      </trkpt>
      <trkpt lat="46.772596" lon="9.657882">
        <ele>1835.9</ele>
      </trkpt>
      <trkpt lat="46.772627" lon="9.657886">
        <ele>1836.1</ele>
      </trkpt>
      <trkpt lat="46.772659" lon="9.657908">
        <ele>1836.5</ele>
      </trkpt>
      <trkpt lat="46.772696" lon="9.658011">
        <ele>1837.0</ele>
      </trkpt>
      <trkpt lat="46.772733" lon="9.658144">
        <ele>1838.2</ele>
      </trkpt>
      <trkpt lat="46.772786" lon="9.658246">
        <ele>1837.8</ele>
      </trkpt>
      <trkpt lat="46.772771" lon="9.658364">
        <ele>1837.0</ele>
      </trkpt>
      <trkpt lat="46.772772" lon="9.6585">
        <ele>1836.2</ele>
      </trkpt>
      <trkpt lat="46.77279" lon="9.658703">
        <ele>1834.8</ele>
      </trkpt>
      <trkpt lat="46.772825" lon="9.65897">
        <ele>1833.6</ele>
      </trkpt>
      <trkpt lat="46.772871" lon="9.659242">
        <ele>1833.0</ele>
      </trkpt>
      <trkpt lat="46.77289" lon="9.659338">
        <ele>1832.6</ele>
        <name>46.772890,9.659338</name>
        <extensions>
          <oa:Extension>
            <oa:mapZoom>16</oa:mapZoom>
          </oa:Extension>
        </extensions>
      </trkpt>
      <trkpt lat="46.767101" lon="9.620943">
        <ele>2493.93197</ele>
      </trkpt>
      <trkpt lat="46.767027" lon="9.621208">
        <ele>2489.3</ele>
        <name>46.767088,9.621019</name>
        <extensions>
          <oa:Extension>
            <oa:mapZoom>15</oa:mapZoom>
          </oa:Extension>
        </extensions>
      </trkpt>
      <trkpt lat="46.767099" lon="9.621257">
        <ele>2487.0</ele>
      </trkpt>
      <trkpt lat="46.767212" lon="9.621311">
        <ele>2485.0</ele>
      </trkpt>
      <trkpt lat="46.767282" lon="9.621335">
        <ele>2483.7</ele>
      </trkpt>
      <trkpt lat="46.767375" lon="9.621381">
        <ele>2483.2</ele>
      </trkpt>
      <trkpt lat="46.767453" lon="9.621442">
        <ele>2483.3</ele>
      </trkpt>
      <trkpt lat="46.767378" lon="9.621498">
        <ele>2480.8</ele>
      </trkpt>
      <trkpt lat="46.76716" lon="9.62144">
        <ele>2480.9</ele>
      </trkpt>
      <trkpt lat="46.767079" lon="9.621445">
        <ele>2480.4</ele>
      </trkpt>
      <trkpt lat="46.76679" lon="9.621593">
        <ele>2479.4</ele>
      </trkpt>
      <trkpt lat="46.766584" lon="9.621687">
        <ele>2480.1</ele>
      </trkpt>
      <trkpt lat="46.766469" lon="9.621647">
        <ele>2478.3</ele>
      </trkpt>
      <trkpt lat="46.766345" lon="9.621559">
        <ele>2477.5</ele>
      </trkpt>
      <trkpt lat="46.76627" lon="9.621511">
        <ele>2477.2</ele>
      </trkpt>
      <trkpt lat="46.76625" lon="9.621503">
        <ele>2477.2</ele>
      </trkpt>
      <trkpt lat="46.766254" lon="9.621518">
        <ele>2476.8</ele>
      </trkpt>
      <trkpt lat="46.766251" lon="9.621519">
        <ele>2476.8</ele>
      </trkpt>
      <trkpt lat="46.766144" lon="9.621452">
        <ele>2475.6</ele>
      </trkpt>
      <trkpt lat="46.766151" lon="9.621582">
        <ele>2472.6</ele>
      </trkpt>
      <trkpt lat="46.766214" lon="9.621715">
        <ele>2471.9</ele>
      </trkpt>
      <trkpt lat="46.766295" lon="9.621941">
        <ele>2469.1</ele>
      </trkpt>
      <trkpt lat="46.76619" lon="9.621862">
        <ele>2467.2</ele>
      </trkpt>
      <trkpt lat="46.766125" lon="9.621824">
        <ele>2466.5</ele>
      </trkpt>
      <trkpt lat="46.766203" lon="9.622063">
        <ele>2464.8</ele>
      </trkpt>
      <trkpt lat="46.766239" lon="9.62223">
        <ele>2463.3</ele>
      </trkpt>
      <trkpt lat="46.766151" lon="9.62216">
        <ele>2461.8</ele>
      </trkpt>
      <trkpt lat="46.765993" lon="9.621887">
        <ele>2460.5</ele>
      </trkpt>
      <trkpt lat="46.765931" lon="9.621683">
        <ele>2459.8</ele>
      </trkpt>
      <trkpt lat="46.765843" lon="9.621523">
        <ele>2459.5</ele>
      </trkpt>
      <trkpt lat="46.765851" lon="9.621617">
        <ele>2457.0</ele>
      </trkpt>
      <trkpt lat="46.765924" lon="9.621897">
        <ele>2457.3</ele>
      </trkpt>
      <trkpt lat="46.765879" lon="9.621901">
        <ele>2454.4</ele>
      </trkpt>
      <trkpt lat="46.765802" lon="9.621759">
        <ele>2452.5</ele>
      </trkpt>
      <trkpt lat="46.765784" lon="9.621899">
        <ele>2450.7</ele>
      </trkpt>
      <trkpt lat="46.765839" lon="9.622134">
        <ele>2449.8</ele>
      </trkpt>
      <trkpt lat="46.765778" lon="9.622174">
        <ele>2446.9</ele>
      </trkpt>
      <trkpt lat="46.765698" lon="9.622161">
        <ele>2445.6</ele>
      </trkpt>
      <trkpt lat="46.765786" lon="9.622346">
        <ele>2442.5</ele>
      </trkpt>
      <trkpt lat="46.765881" lon="9.622445">
        <ele>2441.9</ele>
      </trkpt>
      <trkpt lat="46.765982" lon="9.622861">
        <ele>2443.5</ele>
      </trkpt>
      <trkpt lat="46.765913" lon="9.623274">
        <ele>2444.6</ele>
      </trkpt>
      <trkpt lat="46.765733" lon="9.623483">
        <ele>2439.6</ele>
      </trkpt>
      <trkpt lat="46.765624" lon="9.623629">
        <ele>2435.0</ele>
      </trkpt>
      <trkpt lat="46.765575" lon="9.623574">
        <ele>2433.7</ele>
      </trkpt>
      <trkpt lat="46.765522" lon="9.623397">
        <ele>2432.1</ele>
      </trkpt>
      <trkpt lat="46.765508" lon="9.62361">
        <ele>2428.9</ele>
      </trkpt>
      <trkpt lat="46.765578" lon="9.62396">
        <ele>2432.6</ele>
      </trkpt>
      <trkpt lat="46.765485" lon="9.624459">
        <ele>2428.4</ele>
      </trkpt>
      <trkpt lat="46.765453" lon="9.624548">
        <ele>2427.2</ele>
      </trkpt>
      <trkpt lat="46.765371" lon="9.624845">
        <ele>2423.8</ele>
      </trkpt>
      <trkpt lat="46.765246" lon="9.625282">
        <ele>2418.7</ele>
      </trkpt>
      <trkpt lat="46.765204" lon="9.625454">
        <ele>2416.1</ele>
      </trkpt>
      <trkpt lat="46.764996" lon="9.625634">
        <ele>2413.8</ele>
      </trkpt>
      <trkpt lat="46.764936" lon="9.625694">
        <ele>2412.0</ele>
      </trkpt>
      <trkpt lat="46.764898" lon="9.625788">
        <ele>2410.0</ele>
      </trkpt>
      <trkpt lat="46.764867" lon="9.625855">
        <ele>2408.9</ele>
      </trkpt>
      <trkpt lat="46.764823" lon="9.626002">
        <ele>2406.9</ele>
      </trkpt>
      <trkpt lat="46.764772" lon="9.626188">
        <ele>2405.6</ele>
      </trkpt>
      <trkpt lat="46.764751" lon="9.626279">
        <ele>2404.9</ele>
      </trkpt>
      <trkpt lat="46.764842" lon="9.626421">
        <ele>2404.1</ele>
      </trkpt>
      <trkpt lat="46.764875" lon="9.626437">
        <ele>2405.3</ele>
      </trkpt>
      <trkpt lat="46.764967" lon="9.626374">
        <ele>2405.5</ele>
      </trkpt>
      <trkpt lat="46.765123" lon="9.626329">
        <ele>2402.1</ele>
      </trkpt>
      <trkpt lat="46.765188" lon="9.626412">
        <ele>2400.6</ele>
      </trkpt>
      <trkpt lat="46.765185" lon="9.626408">
        <ele>2400.6</ele>
      </trkpt>
      <trkpt lat="46.765188" lon="9.626406">
        <ele>2400.6</ele>
      </trkpt>
      <trkpt lat="46.765193" lon="9.626404">
        <ele>2400.6</ele>
      </trkpt>
      <trkpt lat="46.765184" lon="9.626404">
        <ele>2400.7</ele>
      </trkpt>
      <trkpt lat="46.765178" lon="9.626397">
        <ele>2400.8</ele>
      </trkpt>
      <trkpt lat="46.765191" lon="9.626398">
        <ele>2400.7</ele>
      </trkpt>
      <trkpt lat="46.765203" lon="9.626396">
        <ele>2400.6</ele>
      </trkpt>
      <trkpt lat="46.765264" lon="9.626362">
        <ele>2399.9</ele>
      </trkpt>
      <trkpt lat="46.765374" lon="9.626225">
        <ele>2396.6</ele>
      </trkpt>
      <trkpt lat="46.765443" lon="9.626092">
        <ele>2397.1</ele>
      </trkpt>
      <trkpt lat="46.765608" lon="9.625886">
        <ele>2394.7</ele>
      </trkpt>
      <trkpt lat="46.765853" lon="9.625761">
        <ele>2394.0</ele>
      </trkpt>
      <trkpt lat="46.765934" lon="9.625701">
        <ele>2391.6</ele>
      </trkpt>
      <trkpt lat="46.766039" lon="9.625539">
        <ele>2388.2</ele>
      </trkpt>
      <trkpt lat="46.766215" lon="9.625298">
        <ele>2391.3</ele>
      </trkpt>
      <trkpt lat="46.766392" lon="9.625163">
        <ele>2388.4</ele>
      </trkpt>
      <trkpt lat="46.76652" lon="9.62499">
        <ele>2387.0</ele>
      </trkpt>
      <trkpt lat="46.766625" lon="9.624851">
        <ele>2385.8</ele>
      </trkpt>
      <trkpt lat="46.766794" lon="9.624562">
        <ele>2384.7</ele>
      </trkpt>
      <trkpt lat="46.766827" lon="9.624689">
        <ele>2381.9</ele>
      </trkpt>
      <trkpt lat="46.766822" lon="9.624758">
        <ele>2381.1</ele>
      </trkpt>
      <trkpt lat="46.766807" lon="9.625119">
        <ele>2376.4</ele>
      </trkpt>
      <trkpt lat="46.766706" lon="9.62553">
        <ele>2372.4</ele>
      </trkpt>
      <trkpt lat="46.766559" lon="9.625722">
        <ele>2370.8</ele>
      </trkpt>
      <trkpt lat="46.766477" lon="9.625796">
        <ele>2370.2</ele>
      </trkpt>
      <trkpt lat="46.766344" lon="9.625938">
        <ele>2370.6</ele>
      </trkpt>
      <trkpt lat="46.766423" lon="9.625973">
        <ele>2367.8</ele>
      </trkpt>
      <trkpt lat="46.766483" lon="9.625923">
        <ele>2367.2</ele>
      </trkpt>
      <trkpt lat="46.766615" lon="9.625912">
        <ele>2366.6</ele>
      </trkpt>
      <trkpt lat="46.766659" lon="9.625918">
        <ele>2366.3</ele>
      </trkpt>
      <trkpt lat="46.76682" lon="9.626005">
        <ele>2363.4</ele>
      </trkpt>
      <trkpt lat="46.767094" lon="9.626162">
        <ele>2361.4</ele>
      </trkpt>
      <trkpt lat="46.767286" lon="9.626328">
        <ele>2355.0</ele>
      </trkpt>
      <trkpt lat="46.767177" lon="9.626464">
        <ele>2355.5</ele>
      </trkpt>
      <trkpt lat="46.767026" lon="9.626556">
        <ele>2354.2</ele>
      </trkpt>
      <trkpt lat="46.767046" lon="9.626618">
        <ele>2353.4</ele>
      </trkpt>
      <trkpt lat="46.767208" lon="9.626621">
        <ele>2353.4</ele>
      </trkpt>
      <trkpt lat="46.767369" lon="9.626744">
        <ele>2351.5</ele>
      </trkpt>
      <trkpt lat="46.767297" lon="9.626945">
        <ele>2348.0</ele>
      </trkpt>
      <trkpt lat="46.767129" lon="9.627071">
        <ele>2348.0</ele>
      </trkpt>
      <trkpt lat="46.76716" lon="9.627131">
        <ele>2344.8</ele>
      </trkpt>
      <trkpt lat="46.767248" lon="9.627088">
        <ele>2344.5</ele>
      </trkpt>
      <trkpt lat="46.767375" lon="9.626994">
        <ele>2345.0</ele>
      </trkpt>
      <trkpt lat="46.767494" lon="9.627074">
        <ele>2345.3</ele>
      </trkpt>
      <trkpt lat="46.767514" lon="9.627325">
        <ele>2341.7</ele>
      </trkpt>
      <trkpt lat="46.767351" lon="9.62749">
        <ele>2340.7</ele>
      </trkpt>
      <trkpt lat="46.767154" lon="9.62753">
        <ele>2337.6</ele>
      </trkpt>
      <trkpt lat="46.767138" lon="9.627681">
        <ele>2335.5</ele>
      </trkpt>
      <trkpt lat="46.767272" lon="9.627731">
        <ele>2335.1</ele>
      </trkpt>
      <trkpt lat="46.767292" lon="9.627844">
        <ele>2332.4</ele>
      </trkpt>
      <trkpt lat="46.767113" lon="9.627806">
        <ele>2332.4</ele>
      </trkpt>
      <trkpt lat="46.767055" lon="9.627776">
        <ele>2332.2</ele>
      </trkpt>
      <trkpt lat="46.766894" lon="9.627675">
        <ele>2332.0</ele>
      </trkpt>
      <trkpt lat="46.766633" lon="9.627583">
        <ele>2330.9</ele>
      </trkpt>
      <trkpt lat="46.766453" lon="9.627462">
        <ele>2329.8</ele>
      </trkpt>
      <trkpt lat="46.766325" lon="9.627497">
        <ele>2330.0</ele>
      </trkpt>
      <trkpt lat="46.766195" lon="9.62757">
        <ele>2328.1</ele>
      </trkpt>
      <trkpt lat="46.766176" lon="9.627645">
        <ele>2327.0</ele>
      </trkpt>
      <trkpt lat="46.766302" lon="9.627736">
        <ele>2326.7</ele>
      </trkpt>
      <trkpt lat="46.76632" lon="9.627941">
        <ele>2323.5</ele>
      </trkpt>
      <trkpt lat="46.766197" lon="9.627856">
        <ele>2324.4</ele>
      </trkpt>
      <trkpt lat="46.766118" lon="9.627916">
        <ele>2322.1</ele>
      </trkpt>
      <trkpt lat="46.766146" lon="9.627971">
        <ele>2321.0</ele>
      </trkpt>
      <trkpt lat="46.766306" lon="9.628103">
        <ele>2320.1</ele>
      </trkpt>
      <trkpt lat="46.766293" lon="9.628213">
        <ele>2318.6</ele>
      </trkpt>
      <trkpt lat="46.766188" lon="9.628182">
        <ele>2316.9</ele>
      </trkpt>
      <trkpt lat="46.766051" lon="9.628175">
        <ele>2315.1</ele>
      </trkpt>
      <trkpt lat="46.766135" lon="9.628316">
        <ele>2314.2</ele>
      </trkpt>
      <trkpt lat="46.766076" lon="9.628361">
        <ele>2311.9</ele>
      </trkpt>
      <trkpt lat="46.766017" lon="9.628396">
        <ele>2310.7</ele>
      </trkpt>
      <trkpt lat="46.766048" lon="9.628441">
        <ele>2310.3</ele>
      </trkpt>
      <trkpt lat="46.766065" lon="9.62859">
        <ele>2307.6</ele>
      </trkpt>
      <trkpt lat="46.765976" lon="9.628661">
        <ele>2305.5</ele>
      </trkpt>
      <trkpt lat="46.766082" lon="9.628872">
        <ele>2302.0</ele>
      </trkpt>
      <trkpt lat="46.76628" lon="9.628881">
        <ele>2300.8</ele>
      </trkpt>
      <trkpt lat="46.766455" lon="9.628959">
        <ele>2300.3</ele>
      </trkpt>
      <trkpt lat="46.766491" lon="9.628985">
        <ele>2299.8</ele>
      </trkpt>
      <trkpt lat="46.766581" lon="9.629072">
        <ele>2299.5</ele>
      </trkpt>
      <trkpt lat="46.766774" lon="9.629192">
        <ele>2297.7</ele>
      </trkpt>
      <trkpt lat="46.766645" lon="9.629214">
        <ele>2295.9</ele>
      </trkpt>
      <trkpt lat="46.766632" lon="9.629303">
        <ele>2294.5</ele>
      </trkpt>
      <trkpt lat="46.766672" lon="9.629488">
        <ele>2290.9</ele>
      </trkpt>
      <trkpt lat="46.766534" lon="9.629383">
        <ele>2292.2</ele>
      </trkpt>
      <trkpt lat="46.766336" lon="9.629245">
        <ele>2289.6</ele>
      </trkpt>
      <trkpt lat="46.766292" lon="9.629236">
        <ele>2289.3</ele>
      </trkpt>
      <trkpt lat="46.766154" lon="9.629208">
        <ele>2289.2</ele>
      </trkpt>
      <trkpt lat="46.766186" lon="9.629297">
        <ele>2286.7</ele>
      </trkpt>
      <trkpt lat="46.766376" lon="9.629483">
        <ele>2282.8</ele>
      </trkpt>
      <trkpt lat="46.766442" lon="9.629799">
        <ele>2278.1</ele>
      </trkpt>
      <trkpt lat="46.766454" lon="9.630169">
        <ele>2274.9</ele>
      </trkpt>
      <trkpt lat="46.766354" lon="9.630477">
        <ele>2271.5</ele>
      </trkpt>
      <trkpt lat="46.766273" lon="9.630606">
        <ele>2270.6</ele>
      </trkpt>
      <trkpt lat="46.766176" lon="9.630851">
        <ele>2270.8</ele>
      </trkpt>
      <trkpt lat="46.766111" lon="9.631171">
        <ele>2268.0</ele>
      </trkpt>
      <trkpt lat="46.766137" lon="9.631239">
        <ele>2266.8</ele>
      </trkpt>
      <trkpt lat="46.766162" lon="9.631748">
        <ele>2261.2</ele>
      </trkpt>
      <trkpt lat="46.766163" lon="9.631933">
        <ele>2260.2</ele>
      </trkpt>
      <trkpt lat="46.766262" lon="9.631903">
        <ele>2257.9</ele>
      </trkpt>
      <trkpt lat="46.766278" lon="9.632112">
        <ele>2254.2</ele>
      </trkpt>
      <trkpt lat="46.766254" lon="9.6322">
        <ele>2253.4</ele>
      </trkpt>
      <trkpt lat="46.766112" lon="9.632546">
        <ele>2252.5</ele>
      </trkpt>
      <trkpt lat="46.766112" lon="9.632689">
        <ele>2250.1</ele>
      </trkpt>
      <trkpt lat="46.766081" lon="9.632878">
        <ele>2249.6</ele>
      </trkpt>
      <trkpt lat="46.766006" lon="9.633106">
        <ele>2249.6</ele>
      </trkpt>
      <trkpt lat="46.765985" lon="9.633362">
        <ele>2248.0</ele>
      </trkpt>
      <trkpt lat="46.765968" lon="9.633473">
        <ele>2247.9</ele>
      </trkpt>
      <trkpt lat="46.766037" lon="9.633492">
        <ele>2245.5</ele>
      </trkpt>
      <trkpt lat="46.766224" lon="9.633268">
        <ele>2243.9</ele>
      </trkpt>
      <trkpt lat="46.76634" lon="9.633396">
        <ele>2240.5</ele>
      </trkpt>
      <trkpt lat="46.766247" lon="9.633496">
        <ele>2240.4</ele>
      </trkpt>
      <trkpt lat="46.76627" lon="9.633537">
        <ele>2239.0</ele>
      </trkpt>
      <trkpt lat="46.766275" lon="9.633526">
        <ele>2239.1</ele>
      </trkpt>
      <trkpt lat="46.766296" lon="9.633535">
        <ele>2238.2</ele>
      </trkpt>
      <trkpt lat="46.766309" lon="9.633527">
        <ele>2237.9</ele>
      </trkpt>
      <trkpt lat="46.766346" lon="9.63349">
        <ele>2237.5</ele>
      </trkpt>
      <trkpt lat="46.76649" lon="9.633168">
        <ele>2237.6</ele>
      </trkpt>
      <trkpt lat="46.766577" lon="9.633127">
        <ele>2235.9</ele>
      </trkpt>
      <trkpt lat="46.766598" lon="9.633191">
        <ele>2235.4</ele>
      </trkpt>
      <trkpt lat="46.766698" lon="9.633383">
        <ele>2233.5</ele>
      </trkpt>
      <trkpt lat="46.766823" lon="9.633506">
        <ele>2231.2</ele>
      </trkpt>
      <trkpt lat="46.766699" lon="9.633749">
        <ele>2229.1</ele>
      </trkpt>
      <trkpt lat="46.76665" lon="9.633777">
        <ele>2229.4</ele>
      </trkpt>
      <trkpt lat="46.766678" lon="9.633906">
        <ele>2225.0</ele>
      </trkpt>
      <trkpt lat="46.766744" lon="9.633912">
        <ele>2224.8</ele>
      </trkpt>
      <trkpt lat="46.76687" lon="9.633892">
        <ele>2223.6</ele>
      </trkpt>
      <trkpt lat="46.766861" lon="9.63402">
        <ele>2220.8</ele>
      </trkpt>
      <trkpt lat="46.766809" lon="9.634109">
        <ele>2219.0</ele>
      </trkpt>
      <trkpt lat="46.766966" lon="9.634149">
        <ele>2215.5</ele>
      </trkpt>
      <trkpt lat="46.766884" lon="9.634239">
        <ele>2213.8</ele>
      </trkpt>
      <trkpt lat="46.766711" lon="9.634267">
        <ele>2212.8</ele>
      </trkpt>
      <trkpt lat="46.766727" lon="9.634344">
        <ele>2210.7</ele>
      </trkpt>
      <trkpt lat="46.766777" lon="9.634366">
        <ele>2210.1</ele>
      </trkpt>
      <trkpt lat="46.766959" lon="9.634388">
        <ele>2207.7</ele>
      </trkpt>
      <trkpt lat="46.767145" lon="9.634293">
        <ele>2205.5</ele>
      </trkpt>
      <trkpt lat="46.767191" lon="9.634469">
        <ele>2202.9</ele>
      </trkpt>
      <trkpt lat="46.767227" lon="9.63468">
        <ele>2201.7</ele>
        <name>46.767227,9.634680</name>
        <extensions>
          <oa:Extension>
            <oa:mapZoom>15</oa:mapZoom>
          </oa:Extension>
        </extensions>
      </trkpt>
      <trkpt lat="46.767279" lon="9.634985">
        <ele>2199.9</ele>
      </trkpt>
      <trkpt lat="46.767392" lon="9.635215">
        <ele>2199.2</ele>
      </trkpt>
      <trkpt lat="46.767458" lon="9.63539">
        <ele>2197.2</ele>
      </trkpt>
      <trkpt lat="46.767472" lon="9.635519">
        <ele>2194.3</ele>
      </trkpt>
      <trkpt lat="46.767503" lon="9.635514">
        <ele>2194.6</ele>
      </trkpt>
      <trkpt lat="46.767613" lon="9.635488">
        <ele>2194.0</ele>
      </trkpt>
      <trkpt lat="46.767627" lon="9.635591">
        <ele>2191.9</ele>
      </trkpt>
      <trkpt lat="46.767633" lon="9.635664">
        <ele>2189.8</ele>
      </trkpt>
      <trkpt lat="46.767659" lon="9.635726">
        <ele>2187.8</ele>
      </trkpt>
      <trkpt lat="46.767623" lon="9.63593">
        <ele>2190.6</ele>
      </trkpt>
      <trkpt lat="46.76768" lon="9.635998">
        <ele>2190.5</ele>
      </trkpt>
      <trkpt lat="46.767733" lon="9.636101">
        <ele>2188.9</ele>
      </trkpt>
      <trkpt lat="46.767733" lon="9.636084">
        <ele>2189.2</ele>
      </trkpt>
      <trkpt lat="46.767731" lon="9.636057">
        <ele>2189.6</ele>
      </trkpt>
      <trkpt lat="46.767728" lon="9.636056">
        <ele>2189.7</ele>
      </trkpt>
      <trkpt lat="46.767728" lon="9.636053">
        <ele>2189.7</ele>
      </trkpt>
      <trkpt lat="46.767742" lon="9.636051">
        <ele>2189.5</ele>
      </trkpt>
      <trkpt lat="46.767745" lon="9.636069">
        <ele>2189.2</ele>
      </trkpt>
      <trkpt lat="46.767737" lon="9.636173">
        <ele>2187.3</ele>
      </trkpt>
      <trkpt lat="46.767703" lon="9.636283">
        <ele>2186.2</ele>
      </trkpt>
      <trkpt lat="46.767773" lon="9.63633">
        <ele>2183.6</ele>
      </trkpt>
      <trkpt lat="46.767864" lon="9.636173">
        <ele>2183.0</ele>
      </trkpt>
      <trkpt lat="46.767857" lon="9.636323">
        <ele>2180.6</ele>
      </trkpt>
      <trkpt lat="46.767884" lon="9.636453">
        <ele>2179.5</ele>
      </trkpt>
      <trkpt lat="46.768" lon="9.63642">
        <ele>2177.5</ele>
      </trkpt>
      <trkpt lat="46.768035" lon="9.636608">
        <ele>2175.7</ele>
      </trkpt>
      <trkpt lat="46.768156" lon="9.636704">
        <ele>2175.8</ele>
      </trkpt>
      <trkpt lat="46.768249" lon="9.636817">
        <ele>2174.1</ele>
      </trkpt>
      <trkpt lat="46.768363" lon="9.636943">
        <ele>2173.5</ele>
      </trkpt>
      <trkpt lat="46.76833" lon="9.636816">
        <ele>2173.4</ele>
      </trkpt>
      <trkpt lat="46.768329" lon="9.636613">
        <ele>2171.1</ele>
      </trkpt>
      <trkpt lat="46.768431" lon="9.636407">
        <ele>2170.1</ele>
      </trkpt>
      <trkpt lat="46.768549" lon="9.636436">
        <ele>2166.4</ele>
      </trkpt>
      <trkpt lat="46.768563" lon="9.636502">
        <ele>2165.6</ele>
      </trkpt>
      <trkpt lat="46.768603" lon="9.636966">
        <ele>2160.2</ele>
      </trkpt>
      <trkpt lat="46.768606" lon="9.637196">
        <ele>2158.3</ele>
      </trkpt>
      <trkpt lat="46.768593" lon="9.637207">
        <ele>2159.0</ele>
      </trkpt>
      <trkpt lat="46.768585" lon="9.6372">
        <ele>2159.5</ele>
      </trkpt>
      <trkpt lat="46.76857" lon="9.637214">
        <ele>2160.2</ele>
      </trkpt>
      <trkpt lat="46.768571" lon="9.637232">
        <ele>2159.9</ele>
      </trkpt>
      <trkpt lat="46.768557" lon="9.637383">
        <ele>2157.8</ele>
      </trkpt>
      <trkpt lat="46.768534" lon="9.637491">
        <ele>2157.8</ele>
      </trkpt>
      <trkpt lat="46.768436" lon="9.637962">
        <ele>2155.5</ele>
      </trkpt>
      <trkpt lat="46.768468" lon="9.638093">
        <ele>2152.8</ele>
      </trkpt>
      <trkpt lat="46.768525" lon="9.637933">
        <ele>2152.2</ele>
      </trkpt>
      <trkpt lat="46.768574" lon="9.637769">
        <ele>2151.5</ele>
      </trkpt>
      <trkpt lat="46.768622" lon="9.637625">
        <ele>2151.2</ele>
      </trkpt>
      <trkpt lat="46.7687" lon="9.637528">
        <ele>2150.1</ele>
      </trkpt>
      <trkpt lat="46.768673" lon="9.637727">
        <ele>2148.9</ele>
      </trkpt>
      <trkpt lat="46.768681" lon="9.637896">
        <ele>2146.3</ele>
      </trkpt>
      <trkpt lat="46.768708" lon="9.638094">
        <ele>2143.6</ele>
      </trkpt>
      <trkpt lat="46.768933" lon="9.6379">
        <ele>2141.9</ele>
      </trkpt>
      <trkpt lat="46.769073" lon="9.637842">
        <ele>2139.4</ele>
      </trkpt>
      <trkpt lat="46.768986" lon="9.638037">
        <ele>2136.6</ele>
      </trkpt>
      <trkpt lat="46.76897" lon="9.638158">
        <ele>2134.6</ele>
      </trkpt>
      <trkpt lat="46.769089" lon="9.638089">
        <ele>2133.2</ele>
      </trkpt>
      <trkpt lat="46.76911" lon="9.63821">
        <ele>2131.2</ele>
      </trkpt>
      <trkpt lat="46.768989" lon="9.638399">
        <ele>2129.1</ele>
      </trkpt>
      <trkpt lat="46.768872" lon="9.638591">
        <ele>2127.2</ele>
      </trkpt>
      <trkpt lat="46.768834" lon="9.638658">
        <ele>2126.1</ele>
      </trkpt>
      <trkpt lat="46.768798" lon="9.638839">
        <ele>2123.3</ele>
      </trkpt>
      <trkpt lat="46.768989" lon="9.638813">
        <ele>2122.3</ele>
      </trkpt>
      <trkpt lat="46.768995" lon="9.638886">
        <ele>2119.9</ele>
      </trkpt>
      <trkpt lat="46.768947" lon="9.638937">
        <ele>2118.8</ele>
      </trkpt>
      <trkpt lat="46.768828" lon="9.639046">
        <ele>2117.6</ele>
      </trkpt>
      <trkpt lat="46.768583" lon="9.639185">
        <ele>2116.3</ele>
      </trkpt>
      <trkpt lat="46.768568" lon="9.639271">
        <ele>2113.9</ele>
      </trkpt>
      <trkpt lat="46.768713" lon="9.639287">
        <ele>2114.3</ele>
      </trkpt>
      <trkpt lat="46.768987" lon="9.639204">
        <ele>2110.3</ele>
      </trkpt>
      <trkpt lat="46.76905" lon="9.639195">
        <ele>2109.8</ele>
      </trkpt>
      <trkpt lat="46.76916" lon="9.639304">
        <ele>2105.6</ele>
      </trkpt>
      <trkpt lat="46.769122" lon="9.639369">
        <ele>2105.1</ele>
      </trkpt>
      <trkpt lat="46.769074" lon="9.63955">
        <ele>2102.4</ele>
      </trkpt>
      <trkpt lat="46.769119" lon="9.639549">
        <ele>2102.2</ele>
      </trkpt>
      <trkpt lat="46.769131" lon="9.63969">
        <ele>2099.2</ele>
      </trkpt>
      <trkpt lat="46.768896" lon="9.639901">
        <ele>2095.4</ele>
      </trkpt>
      <trkpt lat="46.768743" lon="9.639917">
        <ele>2095.6</ele>
      </trkpt>
      <trkpt lat="46.768762" lon="9.640009">
        <ele>2093.1</ele>
      </trkpt>
      <trkpt lat="46.768873" lon="9.640031">
        <ele>2092.6</ele>
      </trkpt>
      <trkpt lat="46.769066" lon="9.639996">
        <ele>2090.8</ele>
      </trkpt>
      <trkpt lat="46.769134" lon="9.640052">
        <ele>2088.9</ele>
      </trkpt>
      <trkpt lat="46.769011" lon="9.640157">
        <ele>2087.6</ele>
      </trkpt>
      <trkpt lat="46.769009" lon="9.640312">
        <ele>2086.5</ele>
      </trkpt>
      <trkpt lat="46.768957" lon="9.640578">
        <ele>2085.2</ele>
      </trkpt>
      <trkpt lat="46.768892" lon="9.640748">
        <ele>2082.8</ele>
      </trkpt>
      <trkpt lat="46.768864" lon="9.640993">
        <ele>2078.9</ele>
      </trkpt>
      <trkpt lat="46.76873" lon="9.640937">
        <ele>2078.2</ele>
      </trkpt>
      <trkpt lat="46.768729" lon="9.641033">
        <ele>2076.1</ele>
      </trkpt>
      <trkpt lat="46.768866" lon="9.641302">
        <ele>2072.8</ele>
      </trkpt>
      <trkpt lat="46.769048" lon="9.641273">
        <ele>2070.7</ele>
      </trkpt>
      <trkpt lat="46.769114" lon="9.641178">
        <ele>2067.9</ele>
      </trkpt>
      <trkpt lat="46.769347" lon="9.640967">
        <ele>2067.8</ele>
      </trkpt>
      <trkpt lat="46.76951" lon="9.640875">
        <ele>2066.3</ele>
      </trkpt>
      <trkpt lat="46.769671" lon="9.640623">
        <ele>2064.6</ele>
      </trkpt>
      <trkpt lat="46.769698" lon="9.640589">
        <ele>2064.5</ele>
      </trkpt>
      <trkpt lat="46.769784" lon="9.640603">
        <ele>2065.6</ele>
      </trkpt>
      <trkpt lat="46.769784" lon="9.640602">
        <ele>2065.6</ele>
      </trkpt>
      <trkpt lat="46.76978" lon="9.640624">
        <ele>2065.0</ele>
      </trkpt>
      <trkpt lat="46.76989" lon="9.640761">
        <ele>2065.4</ele>
      </trkpt>
      <trkpt lat="46.769927" lon="9.640831">
        <ele>2065.0</ele>
      </trkpt>
      <trkpt lat="46.769961" lon="9.640877">
        <ele>2064.4</ele>
      </trkpt>
      <trkpt lat="46.770102" lon="9.641016">
        <ele>2064.6</ele>
      </trkpt>
      <trkpt lat="46.770251" lon="9.641162">
        <ele>2062.0</ele>
      </trkpt>
      <trkpt lat="46.770286" lon="9.641242">
        <ele>2064.0</ele>
      </trkpt>
      <trkpt lat="46.770195" lon="9.641378">
        <ele>2062.0</ele>
      </trkpt>
      <trkpt lat="46.770034" lon="9.641621">
        <ele>2056.6</ele>
      </trkpt>
      <trkpt lat="46.770039" lon="9.641789">
        <ele>2056.3</ele>
      </trkpt>
      <trkpt lat="46.77005" lon="9.642175">
        <ele>2058.2</ele>
      </trkpt>
      <trkpt lat="46.770075" lon="9.642425">
        <ele>2057.2</ele>
      </trkpt>
      <trkpt lat="46.770084" lon="9.642631">
        <ele>2055.4</ele>
      </trkpt>
      <trkpt lat="46.770133" lon="9.642869">
        <ele>2054.4</ele>
      </trkpt>
      <trkpt lat="46.770134" lon="9.643008">
        <ele>2053.2</ele>
      </trkpt>
      <trkpt lat="46.770077" lon="9.643139">
        <ele>2052.3</ele>
      </trkpt>
      <trkpt lat="46.769941" lon="9.643343">
        <ele>2052.0</ele>
      </trkpt>
      <trkpt lat="46.769844" lon="9.643639">
        <ele>2048.3</ele>
      </trkpt>
      <trkpt lat="46.769972" lon="9.643795">
        <ele>2048.1</ele>
      </trkpt>
      <trkpt lat="46.77007" lon="9.643928">
        <ele>2045.0</ele>
      </trkpt>
      <trkpt lat="46.769928" lon="9.644006">
        <ele>2044.4</ele>
      </trkpt>
      <trkpt lat="46.769855" lon="9.64409">
        <ele>2044.6</ele>
      </trkpt>
      <trkpt lat="46.769886" lon="9.644108">
        <ele>2045.2</ele>
      </trkpt>
      <trkpt lat="46.76996" lon="9.644129">
        <ele>2042.9</ele>
      </trkpt>
      <trkpt lat="46.769961" lon="9.644288">
        <ele>2042.0</ele>
      </trkpt>
      <trkpt lat="46.770055" lon="9.64431">
        <ele>2040.3</ele>
      </trkpt>
      <trkpt lat="46.770092" lon="9.644295">
        <ele>2039.6</ele>
      </trkpt>
      <trkpt lat="46.770286" lon="9.64402">
        <ele>2040.6</ele>
      </trkpt>
      <trkpt lat="46.770391" lon="9.644048">
        <ele>2037.3</ele>
      </trkpt>
      <trkpt lat="46.770445" lon="9.6443">
        <ele>2036.5</ele>
      </trkpt>
      <trkpt lat="46.770414" lon="9.644432">
        <ele>2035.8</ele>
      </trkpt>
      <trkpt lat="46.770326" lon="9.644811">
        <ele>2036.9</ele>
      </trkpt>
      <trkpt lat="46.770253" lon="9.64502">
        <ele>2036.3</ele>
      </trkpt>
      <trkpt lat="46.770242" lon="9.645181">
        <ele>2035.9</ele>
      </trkpt>
      <trkpt lat="46.770256" lon="9.64545">
        <ele>2035.2</ele>
      </trkpt>
      <trkpt lat="46.770362" lon="9.64574">
        <ele>2034.4</ele>
      </trkpt>
      <trkpt lat="46.770305" lon="9.645923">
        <ele>2034.1</ele>
      </trkpt>
      <trkpt lat="46.770304" lon="9.646059">
        <ele>2032.9</ele>
      </trkpt>
      <trkpt lat="46.77032" lon="9.646312">
        <ele>2031.4</ele>
      </trkpt>
      <trkpt lat="46.770227" lon="9.646436">
        <ele>2029.8</ele>
      </trkpt>
      <trkpt lat="46.770275" lon="9.646511">
        <ele>2028.2</ele>
      </trkpt>
      <trkpt lat="46.77046" lon="9.646438">
        <ele>2025.5</ele>
      </trkpt>
      <trkpt lat="46.770596" lon="9.646391">
        <ele>2025.6</ele>
      </trkpt>
      <trkpt lat="46.770694" lon="9.646457">
        <ele>2024.9</ele>
      </trkpt>
      <trkpt lat="46.770614" lon="9.646556">
        <ele>2023.5</ele>
      </trkpt>
      <trkpt lat="46.770455" lon="9.646871">
        <ele>2020.2</ele>
      </trkpt>
      <trkpt lat="46.770424" lon="9.646942">
        <ele>2020.1</ele>
      </trkpt>
      <trkpt lat="46.770331" lon="9.647241">
        <ele>2017.3</ele>
      </trkpt>
      <trkpt lat="46.770385" lon="9.647237">
        <ele>2016.2</ele>
      </trkpt>
      <trkpt lat="46.770642" lon="9.647136">
        <ele>2013.8</ele>
      </trkpt>
      <trkpt lat="46.770681" lon="9.647225">
        <ele>2012.2</ele>
      </trkpt>
      <trkpt lat="46.770656" lon="9.647293">
        <ele>2011.6</ele>
      </trkpt>
      <trkpt lat="46.770508" lon="9.64761">
        <ele>2008.7</ele>
      </trkpt>
      <trkpt lat="46.770392" lon="9.647764">
        <ele>2005.9</ele>
      </trkpt>
      <trkpt lat="46.770321" lon="9.647799">
        <ele>2004.4</ele>
      </trkpt>
      <trkpt lat="46.770314" lon="9.647922">
        <ele>2002.4</ele>
      </trkpt>
      <trkpt lat="46.77018" lon="9.648">
        <ele>2001.2</ele>
      </trkpt>
      <trkpt lat="46.7701" lon="9.648074">
        <ele>2000.8</ele>
      </trkpt>
      <trkpt lat="46.770097" lon="9.648076">
        <ele>2000.8</ele>
      </trkpt>
      <trkpt lat="46.770109" lon="9.648089">
        <ele>1999.8</ele>
      </trkpt>
      <trkpt lat="46.770126" lon="9.648079">
        <ele>1999.9</ele>
      </trkpt>
      <trkpt lat="46.770127" lon="9.648079">
        <ele>1999.8</ele>
      </trkpt>
      <trkpt lat="46.770017" lon="9.648224">
        <ele>1997.8</ele>
      </trkpt>
      <trkpt lat="46.769795" lon="9.648471">
        <ele>1995.2</ele>
      </trkpt>
      <trkpt lat="46.769902" lon="9.648489">
        <ele>1992.3</ele>
      </trkpt>
      <trkpt lat="46.770084" lon="9.648418">
        <ele>1990.7</ele>
      </trkpt>
      <trkpt lat="46.770097" lon="9.648505">
        <ele>1988.8</ele>
      </trkpt>
      <trkpt lat="46.770003" lon="9.648621">
        <ele>1987.2</ele>
      </trkpt>
      <trkpt lat="46.769711" lon="9.649011">
        <ele>1984.9</ele>
      </trkpt>
      <trkpt lat="46.769538" lon="9.649207">
        <ele>1982.6</ele>
      </trkpt>
      <trkpt lat="46.769385" lon="9.649256">
        <ele>1980.0</ele>
      </trkpt>
      <trkpt lat="46.769455" lon="9.649317">
        <ele>1978.3</ele>
      </trkpt>
      <trkpt lat="46.76975" lon="9.649317">
        <ele>1974.7</ele>
      </trkpt>
      <trkpt lat="46.76992" lon="9.649224">
        <ele>1973.2</ele>
      </trkpt>
      <trkpt lat="46.77004" lon="9.649182">
        <ele>1972.5</ele>
      </trkpt>
      <trkpt lat="46.77022" lon="9.649078">
        <ele>1969.3</ele>
      </trkpt>
      <trkpt lat="46.770314" lon="9.648975">
        <ele>1968.8</ele>
      </trkpt>
      <trkpt lat="46.770406" lon="9.648941">
        <ele>1967.9</ele>
      </trkpt>
      <trkpt lat="46.770522" lon="9.648966">
        <ele>1965.2</ele>
      </trkpt>
      <trkpt lat="46.770407" lon="9.649068">
        <ele>1965.1</ele>
      </trkpt>
      <trkpt lat="46.77031" lon="9.649162">
        <ele>1964.4</ele>
      </trkpt>
      <trkpt lat="46.770302" lon="9.649174">
        <ele>1964.3</ele>
      </trkpt>
      <trkpt lat="46.770333" lon="9.649166">
        <ele>1964.1</ele>
      </trkpt>
      <trkpt lat="46.770449" lon="9.649156">
        <ele>1963.1</ele>
      </trkpt>
      <trkpt lat="46.770686" lon="9.649045">
        <ele>1960.2</ele>
      </trkpt>
      <trkpt lat="46.770888" lon="9.648786">
        <ele>1958.6</ele>
      </trkpt>
      <trkpt lat="46.77109" lon="9.648522">
        <ele>1957.2</ele>
      </trkpt>
      <trkpt lat="46.771047" lon="9.648644">
        <ele>1954.9</ele>
      </trkpt>
      <trkpt lat="46.77094" lon="9.648797">
        <ele>1955.3</ele>
      </trkpt>
      <trkpt lat="46.770908" lon="9.648878">
        <ele>1955.7</ele>
      </trkpt>
      <trkpt lat="46.770906" lon="9.648899">
        <ele>1955.4</ele>
      </trkpt>
      <trkpt lat="46.770986" lon="9.648791">
        <ele>1953.9</ele>
      </trkpt>
      <trkpt lat="46.771008" lon="9.648777">
        <ele>1953.4</ele>
      </trkpt>
      <trkpt lat="46.771016" lon="9.648775">
        <ele>1953.2</ele>
      </trkpt>
      <trkpt lat="46.771029" lon="9.648794">
        <ele>1952.2</ele>
      </trkpt>
      <trkpt lat="46.770983" lon="9.649048">
        <ele>1950.0</ele>
      </trkpt>
      <trkpt lat="46.770932" lon="9.649196">
        <ele>1949.7</ele>
      </trkpt>
      <trkpt lat="46.770783" lon="9.649492">
        <ele>1946.0</ele>
      </trkpt>
      <trkpt lat="46.770669" lon="9.649737">
        <ele>1944.0</ele>
      </trkpt>
      <trkpt lat="46.770746" lon="9.649696">
        <ele>1942.9</ele>
      </trkpt>
      <trkpt lat="46.770845" lon="9.649611">
        <ele>1941.7</ele>
      </trkpt>
      <trkpt lat="46.770991" lon="9.64967">
        <ele>1939.9</ele>
      </trkpt>
      <trkpt lat="46.770962" lon="9.649688">
        <ele>1939.2</ele>
      </trkpt>
      <trkpt lat="46.770793" lon="9.649817">
        <ele>1938.0</ele>
      </trkpt>
      <trkpt lat="46.770736" lon="9.649908">
        <ele>1937.4</ele>
      </trkpt>
      <trkpt lat="46.770617" lon="9.65003">
        <ele>1937.5</ele>
      </trkpt>
      <trkpt lat="46.770433" lon="9.650228">
        <ele>1934.4</ele>
      </trkpt>
      <trkpt lat="46.770466" lon="9.650336">
        <ele>1931.2</ele>
      </trkpt>
      <trkpt lat="46.77049" lon="9.650322">
        <ele>1931.1</ele>
      </trkpt>
      <trkpt lat="46.770488" lon="9.650321">
        <ele>1931.2</ele>
      </trkpt>
      <trkpt lat="46.770498" lon="9.650305">
        <ele>1931.3</ele>
      </trkpt>
      <trkpt lat="46.770505" lon="9.650304">
        <ele>1931.2</ele>
      </trkpt>
      <trkpt lat="46.770512" lon="9.650293">
        <ele>1931.3</ele>
      </trkpt>
      <trkpt lat="46.770522" lon="9.650291">
        <ele>1931.2</ele>
      </trkpt>
      <trkpt lat="46.770611" lon="9.650245">
        <ele>1930.6</ele>
      </trkpt>
      <trkpt lat="46.770637" lon="9.650242">
        <ele>1930.4</ele>
      </trkpt>
      <trkpt lat="46.770611" lon="9.650388">
        <ele>1928.0</ele>
      </trkpt>
      <trkpt lat="46.770443" lon="9.650545">
        <ele>1926.4</ele>
      </trkpt>
      <trkpt lat="46.770294" lon="9.650622">
        <ele>1925.9</ele>
      </trkpt>
      <trkpt lat="46.770058" lon="9.650865">
        <ele>1923.1</ele>
      </trkpt>
      <trkpt lat="46.770015" lon="9.650907">
        <ele>1922.2</ele>
      </trkpt>
      <trkpt lat="46.769868" lon="9.651051">
        <ele>1920.2</ele>
      </trkpt>
      <trkpt lat="46.770002" lon="9.651028">
        <ele>1919.3</ele>
      </trkpt>
      <trkpt lat="46.770121" lon="9.65093">
        <ele>1918.9</ele>
      </trkpt>
      <trkpt lat="46.77025" lon="9.650919">
        <ele>1918.6</ele>
      </trkpt>
      <trkpt lat="46.770225" lon="9.650958">
        <ele>1917.4</ele>
      </trkpt>
      <trkpt lat="46.77004" lon="9.651211">
        <ele>1912.0</ele>
      </trkpt>
      <trkpt lat="46.76991" lon="9.651354">
        <ele>1909.3</ele>
      </trkpt>
      <trkpt lat="46.76999" lon="9.651383">
        <ele>1907.8</ele>
      </trkpt>
      <trkpt lat="46.770162" lon="9.651378">
        <ele>1905.8</ele>
      </trkpt>
      <trkpt lat="46.770169" lon="9.651456">
        <ele>1903.7</ele>
      </trkpt>
      <trkpt lat="46.770134" lon="9.651477">
        <ele>1902.9</ele>
      </trkpt>
      <trkpt lat="46.770111" lon="9.651663">
        <ele>1899.1</ele>
      </trkpt>
      <trkpt lat="46.770284" lon="9.651853">
        <ele>1895.6</ele>
      </trkpt>
      <trkpt lat="46.770432" lon="9.651868">
        <ele>1893.2</ele>
      </trkpt>
      <trkpt lat="46.770508" lon="9.651838">
        <ele>1892.8</ele>
      </trkpt>
      <trkpt lat="46.77057" lon="9.651796">
        <ele>1892.5</ele>
      </trkpt>
      <trkpt lat="46.770677" lon="9.651699">
        <ele>1891.3</ele>
      </trkpt>
      <trkpt lat="46.770785" lon="9.651565">
        <ele>1890.9</ele>
      </trkpt>
      <trkpt lat="46.770852" lon="9.651437">
        <ele>1890.3</ele>
      </trkpt>
      <trkpt lat="46.770904" lon="9.651354">
        <ele>1890.3</ele>
      </trkpt>
      <trkpt lat="46.770933" lon="9.651321">
        <ele>1890.5</ele>
      </trkpt>
      <trkpt lat="46.770982" lon="9.651277">
        <ele>1890.7</ele>
      </trkpt>
      <trkpt lat="46.770991" lon="9.651315">
        <ele>1890.4</ele>
      </trkpt>
      <trkpt lat="46.77103" lon="9.651418">
        <ele>1889.8</ele>
      </trkpt>
      <trkpt lat="46.77107" lon="9.65152">
        <ele>1889.5</ele>
      </trkpt>
      <trkpt lat="46.771115" lon="9.651638">
        <ele>1888.9</ele>
      </trkpt>
      <trkpt lat="46.771171" lon="9.651769">
        <ele>1887.1</ele>
      </trkpt>
      <trkpt lat="46.77124" lon="9.651916">
        <ele>1884.5</ele>
      </trkpt>
      <trkpt lat="46.771335" lon="9.652144">
        <ele>1880.7</ele>
      </trkpt>
      <trkpt lat="46.771417" lon="9.652338">
        <ele>1877.8</ele>
      </trkpt>
      <trkpt lat="46.771552" lon="9.652612">
        <ele>1873.9</ele>
      </trkpt>
      <trkpt lat="46.771686" lon="9.652885">
        <ele>1867.8</ele>
      </trkpt>
      <trkpt lat="46.771714" lon="9.652934">
        <ele>1867.1</ele>
      </trkpt>
      <trkpt lat="46.771763" lon="9.652997">
        <ele>1866.5</ele>
      </trkpt>
      <trkpt lat="46.771819" lon="9.653088">
        <ele>1865.8</ele>
      </trkpt>
      <trkpt lat="46.771846" lon="9.653165">
        <ele>1865.5</ele>
      </trkpt>
      <trkpt lat="46.771869" lon="9.653254">
        <ele>1865.0</ele>
      </trkpt>
      <trkpt lat="46.771871" lon="9.653392">
        <ele>1864.6</ele>
      </trkpt>
      <trkpt lat="46.771867" lon="9.653556">
        <ele>1864.0</ele>
      </trkpt>
      <trkpt lat="46.771858" lon="9.653746">
        <ele>1863.5</ele>
      </trkpt>
      <trkpt lat="46.771857" lon="9.65387">
        <ele>1862.8</ele>
      </trkpt>
      <trkpt lat="46.771856" lon="9.653964">
        <ele>1862.2</ele>
      </trkpt>
      <trkpt lat="46.771862" lon="9.654062">
        <ele>1861.5</ele>
      </trkpt>
      <trkpt lat="46.771878" lon="9.654187">
        <ele>1859.8</ele>
      </trkpt>
      <trkpt lat="46.771903" lon="9.654283">
        <ele>1858.6</ele>
      </trkpt>
      <trkpt lat="46.771945" lon="9.654376">
        <ele>1857.1</ele>
      </trkpt>
      <trkpt lat="46.772" lon="9.654505">
        <ele>1855.6</ele>
      </trkpt>
      <trkpt lat="46.772026" lon="9.654618">
        <ele>1854.2</ele>
      </trkpt>
      <trkpt lat="46.77205" lon="9.6548">
        <ele>1851.4</ele>
      </trkpt>
      <trkpt lat="46.772049" lon="9.654885">
        <ele>1849.8</ele>
      </trkpt>
      <trkpt lat="46.772051" lon="9.654998">
        <ele>1847.5</ele>
      </trkpt>
      <trkpt lat="46.772046" lon="9.655078">
        <ele>1846.1</ele>
      </trkpt>
      <trkpt lat="46.772042" lon="9.65514">
        <ele>1845.3</ele>
      </trkpt>
      <trkpt lat="46.772034" lon="9.655346">
        <ele>1842.2</ele>
      </trkpt>
      <trkpt lat="46.77203" lon="9.655458">
        <ele>1840.9</ele>
      </trkpt>
      <trkpt lat="46.772025" lon="9.655491">
        <ele>1840.4</ele>
      </trkpt>
      <trkpt lat="46.772019" lon="9.655512">
        <ele>1840.0</ele>
      </trkpt>
      <trkpt lat="46.772005" lon="9.655526">
        <ele>1839.6</ele>
      </trkpt>
      <trkpt lat="46.771985" lon="9.65553">
        <ele>1839.3</ele>
      </trkpt>
      <trkpt lat="46.771971" lon="9.655598">
        <ele>1839.6</ele>
      </trkpt>
      <trkpt lat="46.771952" lon="9.655644">
        <ele>1838.4</ele>
      </trkpt>
      <trkpt lat="46.771908" lon="9.655749">
        <ele>1836.4</ele>
      </trkpt>
      <trkpt lat="46.771877" lon="9.655774">
        <ele>1835.3</ele>
      </trkpt>
      <trkpt lat="46.771854" lon="9.655808">
        <ele>1834.3</ele>
      </trkpt>
      <trkpt lat="46.771825" lon="9.655891">
        <ele>1833.0</ele>
      </trkpt>
      <trkpt lat="46.771806" lon="9.655961">
        <ele>1832.0</ele>
      </trkpt>
      <trkpt lat="46.771788" lon="9.656066">
        <ele>1830.7</ele>
      </trkpt>
      <trkpt lat="46.771772" lon="9.656108">
        <ele>1830.2</ele>
      </trkpt>
      <trkpt lat="46.771737" lon="9.656158">
        <ele>1829.5</ele>
      </trkpt>
      <trkpt lat="46.771725" lon="9.656207">
        <ele>1828.6</ele>
      </trkpt>
      <trkpt lat="46.771724" lon="9.656293">
        <ele>1827.5</ele>
      </trkpt>
      <trkpt lat="46.771703" lon="9.656375">
        <ele>1826.6</ele>
      </trkpt>
      <trkpt lat="46.771671" lon="9.656482">
        <ele>1824.8</ele>
      </trkpt>
      <trkpt lat="46.771678" lon="9.656585">
        <ele>1823.9</ele>
      </trkpt>
      <trkpt lat="46.771678" lon="9.656646">
        <ele>1823.1</ele>
      </trkpt>
      <trkpt lat="46.771648" lon="9.656694">
        <ele>1822.5</ele>
      </trkpt>
      <trkpt lat="46.771591" lon="9.656765">
        <ele>1822.4</ele>
      </trkpt>
      <trkpt lat="46.771568" lon="9.656799">
        <ele>1822.4</ele>
      </trkpt>
      <trkpt lat="46.771563" lon="9.656879">
        <ele>1823.2</ele>
      </trkpt>
      <trkpt lat="46.771586" lon="9.656921">
        <ele>1823.3</ele>
      </trkpt>
      <trkpt lat="46.77161" lon="9.656959">
        <ele>1823.3</ele>
      </trkpt>
      <trkpt lat="46.77163" lon="9.657009">
        <ele>1823.3</ele>
      </trkpt>
      <trkpt lat="46.771633" lon="9.657062">
        <ele>1823.7</ele>
      </trkpt>
      <trkpt lat="46.77163" lon="9.657105">
        <ele>1824.2</ele>
      </trkpt>
      <trkpt lat="46.771617" lon="9.65714">
        <ele>1824.6</ele>
      </trkpt>
      <trkpt lat="46.77161" lon="9.657175">
        <ele>1824.7</ele>
      </trkpt>
      <trkpt lat="46.771605" lon="9.65722">
        <ele>1824.7</ele>
      </trkpt>
      <trkpt lat="46.771588" lon="9.657241">
        <ele>1824.7</ele>
      </trkpt>
      <trkpt lat="46.771567" lon="9.657263">
        <ele>1824.6</ele>
      </trkpt>
      <trkpt lat="46.771561" lon="9.657294">
        <ele>1824.5</ele>
      </trkpt>
      <trkpt lat="46.771568" lon="9.657361">
        <ele>1824.2</ele>
      </trkpt>
      <trkpt lat="46.771575" lon="9.65742">
        <ele>1823.9</ele>
      </trkpt>
      <trkpt lat="46.771574" lon="9.657448">
        <ele>1823.8</ele>
      </trkpt>
      <trkpt lat="46.771543" lon="9.657515">
        <ele>1824.1</ele>
      </trkpt>
      <trkpt lat="46.771531" lon="9.65757">
        <ele>1823.7</ele>
      </trkpt>
      <trkpt lat="46.771527" lon="9.657652">
        <ele>1824.0</ele>
      </trkpt>
      <trkpt lat="46.771515" lon="9.657722">
        <ele>1823.6</ele>
      </trkpt>
      <trkpt lat="46.771509" lon="9.657798">
        <ele>1823.4</ele>
      </trkpt>
      <trkpt lat="46.771501" lon="9.657849">
        <ele>1823.1</ele>
      </trkpt>
      <trkpt lat="46.771499" lon="9.657913">
        <ele>1822.5</ele>
      </trkpt>
      <trkpt lat="46.771496" lon="9.658026">
        <ele>1822.6</ele>
      </trkpt>
      <trkpt lat="46.771503" lon="9.658084">
        <ele>1822.4</ele>
      </trkpt>
      <trkpt lat="46.771531" lon="9.658172">
        <ele>1822.6</ele>
      </trkpt>
      <trkpt lat="46.771534" lon="9.658205">
        <ele>1823.1</ele>
      </trkpt>
      <trkpt lat="46.771548" lon="9.658266">
        <ele>1823.4</ele>
      </trkpt>
      <trkpt lat="46.771573" lon="9.658353">
        <ele>1823.4</ele>
      </trkpt>
      <trkpt lat="46.771597" lon="9.658437">
        <ele>1822.9</ele>
      </trkpt>
      <trkpt lat="46.77161" lon="9.658492">
        <ele>1822.8</ele>
      </trkpt>
      <trkpt lat="46.771622" lon="9.658578">
        <ele>1822.7</ele>
      </trkpt>
      <trkpt lat="46.771628" lon="9.658653">
        <ele>1822.3</ele>
      </trkpt>
      <trkpt lat="46.771632" lon="9.658713">
        <ele>1822.4</ele>
      </trkpt>
      <trkpt lat="46.771643" lon="9.658753">
        <ele>1822.3</ele>
      </trkpt>
      <trkpt lat="46.771645" lon="9.658824">
        <ele>1822.0</ele>
      </trkpt>
      <trkpt lat="46.771651" lon="9.658878">
        <ele>1821.7</ele>
      </trkpt>
      <trkpt lat="46.771658" lon="9.65895">
        <ele>1821.3</ele>
      </trkpt>
      <trkpt lat="46.771678" lon="9.659019">
        <ele>1820.9</ele>
      </trkpt>
      <trkpt lat="46.771702" lon="9.659057">
        <ele>1821.1</ele>
      </trkpt>
      <trkpt lat="46.771737" lon="9.659097">
        <ele>1821.5</ele>
      </trkpt>
      <trkpt lat="46.771757" lon="9.659136">
        <ele>1821.9</ele>
      </trkpt>
      <trkpt lat="46.771777" lon="9.659176">
        <ele>1822.3</ele>
      </trkpt>
      <trkpt lat="46.771794" lon="9.659211">
        <ele>1822.6</ele>
      </trkpt>
      <trkpt lat="46.771823" lon="9.659305">
        <ele>1823.3</ele>
      </trkpt>
      <trkpt lat="46.77184" lon="9.659358">
        <ele>1822.5</ele>
      </trkpt>
      <trkpt lat="46.771924" lon="9.659609">
        <ele>1818.3</ele>
      </trkpt>
      <trkpt lat="46.771928" lon="9.659644">
        <ele>1818.6</ele>
      </trkpt>
      <trkpt lat="46.77193" lon="9.659724">
        <ele>1819.2</ele>
      </trkpt>
      <trkpt lat="46.771932" lon="9.659761">
        <ele>1818.8</ele>
      </trkpt>
      <trkpt lat="46.771927" lon="9.659793">
        <ele>1818.8</ele>
      </trkpt>
      <trkpt lat="46.771927" lon="9.659835">
        <ele>1818.3</ele>
      </trkpt>
      <trkpt lat="46.771944" lon="9.659925">
        <ele>1818.0</ele>
      </trkpt>
      <trkpt lat="46.771966" lon="9.659978">
        <ele>1818.1</ele>
      </trkpt>
      <trkpt lat="46.772002" lon="9.66005">
        <ele>1818.2</ele>
      </trkpt>
      <trkpt lat="46.77201" lon="9.660096">
        <ele>1818.8</ele>
      </trkpt>
      <trkpt lat="46.772022" lon="9.660146">
        <ele>1818.6</ele>
      </trkpt>
      <trkpt lat="46.772032" lon="9.660184">
        <ele>1818.2</ele>
      </trkpt>
      <trkpt lat="46.772033" lon="9.660246">
        <ele>1818.0</ele>
      </trkpt>
      <trkpt lat="46.772045" lon="9.66029">
        <ele>1817.6</ele>
      </trkpt>
      <trkpt lat="46.772064" lon="9.660371">
        <ele>1817.0</ele>
      </trkpt>
      <trkpt lat="46.772084" lon="9.660429">
        <ele>1816.7</ele>
      </trkpt>
      <trkpt lat="46.772094" lon="9.660483">
        <ele>1816.8</ele>
      </trkpt>
      <trkpt lat="46.772102" lon="9.660523">
        <ele>1816.5</ele>
      </trkpt>
      <trkpt lat="46.772103" lon="9.660576">
        <ele>1815.9</ele>
      </trkpt>
      <trkpt lat="46.772102" lon="9.660613">
        <ele>1815.3</ele>
      </trkpt>
      <trkpt lat="46.77209" lon="9.660649">
        <ele>1814.9</ele>
      </trkpt>
      <trkpt lat="46.772077" lon="9.660709">
        <ele>1814.1</ele>
      </trkpt>
      <trkpt lat="46.772067" lon="9.660772">
        <ele>1813.1</ele>
      </trkpt>
      <trkpt lat="46.772068" lon="9.660807">
        <ele>1812.6</ele>
      </trkpt>
      <trkpt lat="46.772059" lon="9.660867">
        <ele>1811.9</ele>
      </trkpt>
      <trkpt lat="46.772043" lon="9.660912">
        <ele>1811.3</ele>
      </trkpt>
      <trkpt lat="46.772033" lon="9.660955">
        <ele>1810.7</ele>
      </trkpt>
      <trkpt lat="46.772026" lon="9.661007">
        <ele>1810.0</ele>
      </trkpt>
      <trkpt lat="46.772019" lon="9.66108">
        <ele>1808.9</ele>
      </trkpt>
      <trkpt lat="46.772005" lon="9.661151">
        <ele>1807.5</ele>
      </trkpt>
      <trkpt lat="46.771988" lon="9.661193">
        <ele>1807.2</ele>
      </trkpt>
      <trkpt lat="46.771982" lon="9.661238">
        <ele>1806.6</ele>
      </trkpt>
      <trkpt lat="46.771971" lon="9.661337">
        <ele>1805.3</ele>
      </trkpt>
      <trkpt lat="46.771969" lon="9.661397">
        <ele>1804.5</ele>
      </trkpt>
      <trkpt lat="46.771962" lon="9.661503">
        <ele>1803.6</ele>
      </trkpt>
      <trkpt lat="46.77196" lon="9.661629">
        <ele>1802.7</ele>
      </trkpt>
      <trkpt lat="46.771957" lon="9.661743">
        <ele>1801.8</ele>
      </trkpt>
      <trkpt lat="46.771955" lon="9.661871">
        <ele>1800.1</ele>
      </trkpt>
      <trkpt lat="46.771961" lon="9.661911">
        <ele>1799.8</ele>
      </trkpt>
      <trkpt lat="46.771984" lon="9.661967">
        <ele>1799.1</ele>
      </trkpt>
      <trkpt lat="46.771997" lon="9.662016">
        <ele>1798.7</ele>
      </trkpt>
      <trkpt lat="46.772017" lon="9.662079">
        <ele>1798.1</ele>
      </trkpt>
      <trkpt lat="46.772045" lon="9.662145">
        <ele>1797.4</ele>
      </trkpt>
      <trkpt lat="46.77205" lon="9.662174">
        <ele>1797.1</ele>
      </trkpt>
      <trkpt lat="46.772047" lon="9.662207">
        <ele>1796.7</ele>
      </trkpt>
      <trkpt lat="46.772043" lon="9.662249">
        <ele>1796.4</ele>
      </trkpt>
      <trkpt lat="46.772043" lon="9.662291">
        <ele>1795.8</ele>
      </trkpt>
      <trkpt lat="46.772049" lon="9.662348">
        <ele>1794.7</ele>
      </trkpt>
      <trkpt lat="46.772046" lon="9.66239">
        <ele>1794.0</ele>
      </trkpt>
      <trkpt lat="46.772038" lon="9.662422">
        <ele>1793.5</ele>
      </trkpt>
      <trkpt lat="46.772034" lon="9.662456">
        <ele>1792.6</ele>
      </trkpt>
      <trkpt lat="46.772018" lon="9.662513">
        <ele>1791.4</ele>
      </trkpt>
      <trkpt lat="46.771999" lon="9.662568">
        <ele>1790.4</ele>
      </trkpt>
      <trkpt lat="46.771989" lon="9.662604">
        <ele>1789.8</ele>
      </trkpt>
      <trkpt lat="46.771988" lon="9.662658">
        <ele>1789.2</ele>
      </trkpt>
      <trkpt lat="46.771985" lon="9.662687">
        <ele>1788.8</ele>
      </trkpt>
      <trkpt lat="46.771975" lon="9.662714">
        <ele>1788.3</ele>
      </trkpt>
      <trkpt lat="46.771966" lon="9.662741">
        <ele>1787.9</ele>
      </trkpt>
      <trkpt lat="46.771968" lon="9.6628">
        <ele>1786.6</ele>
      </trkpt>
      <trkpt lat="46.771985" lon="9.662873">
        <ele>1785.2</ele>
      </trkpt>
      <trkpt lat="46.771999" lon="9.662915">
        <ele>1784.6</ele>
      </trkpt>
      <trkpt lat="46.771999" lon="9.662943">
        <ele>1784.2</ele>
      </trkpt>
      <trkpt lat="46.771993" lon="9.662979">
        <ele>1783.8</ele>
        <name>46.771993,9.662979</name>
        <extensions>
          <oa:Extension>
            <oa:mapZoom>16</oa:mapZoom>
          </oa:Extension>
        </extensions>
      </trkpt>
      <trkpt lat="46.771989" lon="9.663">
        <ele>1783.5</ele>
      </trkpt>
      <trkpt lat="46.771948" lon="9.663098">
        <ele>1783.1</ele>
      </trkpt>
      <trkpt lat="46.771924" lon="9.663148">
        <ele>1782.7</ele>
      </trkpt>
      <trkpt lat="46.771903" lon="9.663165">
        <ele>1782.5</ele>
      </trkpt>
      <trkpt lat="46.771892" lon="9.66319">
        <ele>1781.9</ele>
      </trkpt>
      <trkpt lat="46.771891" lon="9.663218">
        <ele>1781.5</ele>
      </trkpt>
      <trkpt lat="46.771902" lon="9.663242">
        <ele>1781.0</ele>
      </trkpt>
      <trkpt lat="46.771936" lon="9.663282">
        <ele>1780.1</ele>
      </trkpt>
      <trkpt lat="46.771955" lon="9.663287">
        <ele>1779.6</ele>
      </trkpt>
      <trkpt lat="46.771993" lon="9.663324">
        <ele>1778.5</ele>
      </trkpt>
      <trkpt lat="46.772026" lon="9.663335">
        <ele>1777.9</ele>
      </trkpt>
      <trkpt lat="46.772077" lon="9.663313">
        <ele>1776.3</ele>
      </trkpt>
      <trkpt lat="46.772173" lon="9.663264">
        <ele>1773.9</ele>
      </trkpt>
      <trkpt lat="46.772196" lon="9.663264">
        <ele>1773.0</ele>
      </trkpt>
      <trkpt lat="46.772213" lon="9.663284">
        <ele>1772.3</ele>
      </trkpt>
      <trkpt lat="46.772234" lon="9.663329">
        <ele>1771.3</ele>
      </trkpt>
      <trkpt lat="46.772245" lon="9.663412">
        <ele>1769.9</ele>
      </trkpt>
      <trkpt lat="46.772243" lon="9.663462">
        <ele>1769.1</ele>
      </trkpt>
      <trkpt lat="46.772233" lon="9.663513">
        <ele>1768.3</ele>
      </trkpt>
      <trkpt lat="46.772205" lon="9.663648">
        <ele>1766.2</ele>
      </trkpt>
      <trkpt lat="46.772177" lon="9.663728">
        <ele>1765.2</ele>
      </trkpt>
      <trkpt lat="46.772166" lon="9.663773">
        <ele>1764.6</ele>
      </trkpt>
      <trkpt lat="46.772184" lon="9.663851">
        <ele>1763.9</ele>
      </trkpt>
      <trkpt lat="46.772193" lon="9.663942">
        <ele>1762.6</ele>
      </trkpt>
      <trkpt lat="46.772212" lon="9.663981">
        <ele>1762.5</ele>
      </trkpt>
      <trkpt lat="46.772217" lon="9.664018">
        <ele>1762.1</ele>
      </trkpt>
      <trkpt lat="46.772226" lon="9.664059">
        <ele>1762.0</ele>
      </trkpt>
      <trkpt lat="46.772275" lon="9.664117">
        <ele>1762.3</ele>
      </trkpt>
      <trkpt lat="46.772321" lon="9.664203">
        <ele>1762.5</ele>
      </trkpt>
      <trkpt lat="46.772317" lon="9.66424">
        <ele>1761.9</ele>
      </trkpt>
      <trkpt lat="46.772304" lon="9.664299">
        <ele>1761.4</ele>
      </trkpt>
      <trkpt lat="46.772285" lon="9.664349">
        <ele>1761.0</ele>
      </trkpt>
      <trkpt lat="46.77228" lon="9.664363">
        <ele>1761.0</ele>
      </trkpt>
      <trkpt lat="46.772265" lon="9.664448">
        <ele>1760.4</ele>
      </trkpt>
      <trkpt lat="46.772242" lon="9.664498">
        <ele>1760.0</ele>
      </trkpt>
      <trkpt lat="46.772221" lon="9.664551">
        <ele>1759.4</ele>
      </trkpt>
      <trkpt lat="46.772202" lon="9.664626">
        <ele>1758.8</ele>
      </trkpt>
      <trkpt lat="46.772201" lon="9.664688">
        <ele>1758.4</ele>
      </trkpt>
      <trkpt lat="46.772209" lon="9.664757">
        <ele>1758.1</ele>
      </trkpt>
      <trkpt lat="46.772223" lon="9.664837">
        <ele>1757.5</ele>
      </trkpt>
      <trkpt lat="46.772251" lon="9.66495">
        <ele>1756.9</ele>
      </trkpt>
      <trkpt lat="46.772284" lon="9.665056">
        <ele>1756.5</ele>
      </trkpt>
      <trkpt lat="46.772331" lon="9.665162">
        <ele>1756.2</ele>
      </trkpt>
      <trkpt lat="46.772421" lon="9.665326">
        <ele>1756.0</ele>
      </trkpt>
      <trkpt lat="46.772472" lon="9.665401">
        <ele>1756.0</ele>
      </trkpt>
      <trkpt lat="46.772523" lon="9.665457">
        <ele>1755.9</ele>
      </trkpt>
      <trkpt lat="46.772557" lon="9.665515">
        <ele>1755.7</ele>
      </trkpt>
      <trkpt lat="46.772598" lon="9.665595">
        <ele>1755.3</ele>
      </trkpt>
      <trkpt lat="46.772624" lon="9.665673">
        <ele>1755.1</ele>
      </trkpt>
      <trkpt lat="46.772655" lon="9.665798">
        <ele>1754.6</ele>
      </trkpt>
      <trkpt lat="46.772679" lon="9.665923">
        <ele>1754.1</ele>
      </trkpt>
      <trkpt lat="46.772704" lon="9.666062">
        <ele>1753.4</ele>
      </trkpt>
      <trkpt lat="46.772721" lon="9.666154">
        <ele>1753.6</ele>
      </trkpt>
      <trkpt lat="46.772728" lon="9.66623">
        <ele>1753.4</ele>
      </trkpt>
      <trkpt lat="46.772746" lon="9.666311">
        <ele>1753.2</ele>
      </trkpt>
      <trkpt lat="46.772768" lon="9.666379">
        <ele>1753.1</ele>
      </trkpt>
      <trkpt lat="46.772807" lon="9.666478">
        <ele>1753.2</ele>
      </trkpt>
      <trkpt lat="46.772893" lon="9.666636">
        <ele>1753.4</ele>
      </trkpt>
      <trkpt lat="46.772994" lon="9.666743">
        <ele>1753.9</ele>
      </trkpt>
      <trkpt lat="46.773057" lon="9.666815">
        <ele>1754.1</ele>
      </trkpt>
      <trkpt lat="46.773103" lon="9.666879">
        <ele>1754.3</ele>
      </trkpt>
      <trkpt lat="46.773145" lon="9.66694">
        <ele>1754.2</ele>
      </trkpt>
      <trkpt lat="46.773185" lon="9.667003">
        <ele>1754.0</ele>
      </trkpt>
      <trkpt lat="46.773216" lon="9.667065">
        <ele>1753.7</ele>
      </trkpt>
      <trkpt lat="46.773255" lon="9.667152">
        <ele>1753.3</ele>
      </trkpt>
      <trkpt lat="46.773313" lon="9.667292">
        <ele>1752.1</ele>
      </trkpt>
      <trkpt lat="46.773389" lon="9.66751">
        <ele>1750.3</ele>
      </trkpt>
      <trkpt lat="46.773474" lon="9.667749">
        <ele>1749.9</ele>
      </trkpt>
      <trkpt lat="46.773523" lon="9.667897">
        <ele>1749.8</ele>
      </trkpt>
      <trkpt lat="46.773585" lon="9.668095">
        <ele>1749.2</ele>
      </trkpt>
      <trkpt lat="46.773607" lon="9.668201">
        <ele>1749.2</ele>
      </trkpt>
      <trkpt lat="46.773634" lon="9.668341">
        <ele>1749.0</ele>
      </trkpt>
      <trkpt lat="46.773671" lon="9.668538">
        <ele>1748.5</ele>
      </trkpt>
      <trkpt lat="46.773703" lon="9.668642">
        <ele>1748.2</ele>
      </trkpt>
      <trkpt lat="46.773735" lon="9.668725">
        <ele>1748.2</ele>
      </trkpt>
      <trkpt lat="46.773805" lon="9.668854">
        <ele>1747.7</ele>
      </trkpt>
      <trkpt lat="46.77385" lon="9.668906">
        <ele>1747.5</ele>
      </trkpt>
      <trkpt lat="46.773917" lon="9.668974">
        <ele>1746.9</ele>
      </trkpt>
      <trkpt lat="46.773951" lon="9.669008">
        <ele>1746.5</ele>
      </trkpt>
      <trkpt lat="46.773983" lon="9.669065">
        <ele>1746.2</ele>
      </trkpt>
      <trkpt lat="46.774003" lon="9.669108">
        <ele>1746.0</ele>
      </trkpt>
      <trkpt lat="46.774017" lon="9.669163">
        <ele>1745.8</ele>
      </trkpt>
      <trkpt lat="46.774035" lon="9.669256">
        <ele>1745.9</ele>
      </trkpt>
      <trkpt lat="46.774057" lon="9.66935">
        <ele>1745.8</ele>
      </trkpt>
      <trkpt lat="46.774118" lon="9.6696">
        <ele>1745.7</ele>
      </trkpt>
      <trkpt lat="46.774241" lon="9.670052">
        <ele>1745.4</ele>
      </trkpt>
      <trkpt lat="46.77433" lon="9.670386">
        <ele>1744.2</ele>
      </trkpt>
      <trkpt lat="46.774371" lon="9.670504">
        <ele>1743.2</ele>
      </trkpt>
      <trkpt lat="46.774451" lon="9.670667">
        <ele>1741.5</ele>
      </trkpt>
      <trkpt lat="46.77453" lon="9.670851">
        <ele>1740.0</ele>
      </trkpt>
      <trkpt lat="46.774583" lon="9.670945">
        <ele>1739.1</ele>
      </trkpt>
      <trkpt lat="46.774664" lon="9.671013">
        <ele>1738.5</ele>
      </trkpt>
      <trkpt lat="46.774708" lon="9.671002">
        <ele>1738.3</ele>
      </trkpt>
      <trkpt lat="46.77475" lon="9.670987">
        <ele>1738.1</ele>
      </trkpt>
      <trkpt lat="46.774806" lon="9.670985">
        <ele>1737.7</ele>
      </trkpt>
      <trkpt lat="46.774807" lon="9.671037">
        <ele>1737.4</ele>
      </trkpt>
      <trkpt lat="46.774817" lon="9.671102">
        <ele>1736.9</ele>
      </trkpt>
      <trkpt lat="46.774834" lon="9.671162">
        <ele>1736.8</ele>
      </trkpt>
      <trkpt lat="46.774853" lon="9.671249">
        <ele>1736.5</ele>
      </trkpt>
      <trkpt lat="46.774946" lon="9.671668">
        <ele>1735.7</ele>
      </trkpt>
      <trkpt lat="46.775078" lon="9.672206">
        <ele>1734.8</ele>
      </trkpt>
      <trkpt lat="46.77521" lon="9.672744">
        <ele>1732.3</ele>
      </trkpt>
      <trkpt lat="46.775272" lon="9.673003">
        <ele>1730.9</ele>
      </trkpt>
      <trkpt lat="46.775327" lon="9.673185">
        <ele>1729.8</ele>
      </trkpt>
      <trkpt lat="46.775343" lon="9.673235">
        <ele>1729.5</ele>
        <name>46.775340,9.673237</name>
        <extensions>
          <oa:Extension>
            <oa:mapZoom>17</oa:mapZoom>
          </oa:Extension>
        </extensions>
      </trkpt>
      <trkpt lat="46.775492" lon="9.673721">
        <ele>1727.2</ele>
      </trkpt>
      <trkpt lat="46.775601" lon="9.674071">
        <ele>1726.8</ele>
      </trkpt>
      <trkpt lat="46.775648" lon="9.674167">
        <ele>1726.7</ele>
      </trkpt>
      <trkpt lat="46.775667" lon="9.674207">
        <ele>1726.3</ele>
      </trkpt>
      <trkpt lat="46.775731" lon="9.674305">
        <ele>1725.9</ele>
      </trkpt>
      <trkpt lat="46.775796" lon="9.674423">
        <ele>1725.4</ele>
      </trkpt>
      <trkpt lat="46.775825" lon="9.67449">
        <ele>1725.1</ele>
      </trkpt>
      <trkpt lat="46.77584" lon="9.674548">
        <ele>1725.1</ele>
      </trkpt>
      <trkpt lat="46.775871" lon="9.674706">
        <ele>1724.9</ele>
      </trkpt>
      <trkpt lat="46.775905" lon="9.674841">
        <ele>1724.7</ele>
      </trkpt>
      <trkpt lat="46.775983" lon="9.675061">
        <ele>1724.3</ele>
      </trkpt>
      <trkpt lat="46.776063" lon="9.675204">
        <ele>1724.3</ele>
      </trkpt>
      <trkpt lat="46.776215" lon="9.675507">
        <ele>1724.6</ele>
      </trkpt>
      <trkpt lat="46.776265" lon="9.675625">
        <ele>1724.7</ele>
      </trkpt>
      <trkpt lat="46.776299" lon="9.675717">
        <ele>1725.0</ele>
      </trkpt>
      <trkpt lat="46.776322" lon="9.675809">
        <ele>1725.3</ele>
      </trkpt>
      <trkpt lat="46.776378" lon="9.676078">
        <ele>1726.9</ele>
      </trkpt>
      <trkpt lat="46.776451" lon="9.676352">
        <ele>1728.9</ele>
      </trkpt>
      <trkpt lat="46.776556" lon="9.676704">
        <ele>1732.2</ele>
      </trkpt>
      <trkpt lat="46.776601" lon="9.676853">
        <ele>1733.7</ele>
      </trkpt>
      <trkpt lat="46.776626" lon="9.676909">
        <ele>1734.2</ele>
      </trkpt>
      <trkpt lat="46.776659" lon="9.676931">
        <ele>1734.8</ele>
      </trkpt>
      <trkpt lat="46.776697" lon="9.676943">
        <ele>1735.2</ele>
      </trkpt>
      <trkpt lat="46.776728" lon="9.676939">
        <ele>1735.6</ele>
      </trkpt>
      <trkpt lat="46.776762" lon="9.676928">
        <ele>1736.2</ele>
      </trkpt>
      <trkpt lat="46.776763" lon="9.676927">
        <ele>1736.2</ele>
        <name>46.776787,9.676981</name>
        <extensions>
          <oa:Extension>
            <oa:mapZoom>15</oa:mapZoom>
          </oa:Extension>
        </extensions>
      </trkpt>
      <trkpt lat="46.776799" lon="9.676893">
        <ele>1736.8</ele>
      </trkpt>
      <trkpt lat="46.77682" lon="9.676862">
        <ele>1737.3</ele>
      </trkpt>
      <trkpt lat="46.776833" lon="9.676825">
        <ele>1737.6</ele>
      </trkpt>
      <trkpt lat="46.776858" lon="9.676872">
        <ele>1737.5</ele>
      </trkpt>
      <trkpt lat="46.776952" lon="9.677002">
        <ele>1738.0</ele>
      </trkpt>
      <trkpt lat="46.777069" lon="9.677152">
        <ele>1738.5</ele>
      </trkpt>
      <trkpt lat="46.777185" lon="9.677293">
        <ele>1738.6</ele>
      </trkpt>
      <trkpt lat="46.777247" lon="9.677367">
        <ele>1738.8</ele>
      </trkpt>
      <trkpt lat="46.777329" lon="9.677459">
        <ele>1739.3</ele>
      </trkpt>
      <trkpt lat="46.777391" lon="9.677512">
        <ele>1740.0</ele>
      </trkpt>
      <trkpt lat="46.777472" lon="9.677572">
        <ele>1741.3</ele>
      </trkpt>
      <trkpt lat="46.777492" lon="9.677581">
        <ele>1741.3</ele>
      </trkpt>
      <trkpt lat="46.777538" lon="9.677602">
        <ele>1742.0</ele>
      </trkpt>
      <trkpt lat="46.777584" lon="9.677604">
        <ele>1742.7</ele>
      </trkpt>
      <trkpt lat="46.777638" lon="9.677605">
        <ele>1743.1</ele>
      </trkpt>
      <trkpt lat="46.777634" lon="9.677481">
        <ele>1743.3</ele>
      </trkpt>
      <trkpt lat="46.777618" lon="9.677124">
        <ele>1746.6</ele>
      </trkpt>
      <trkpt lat="46.77761" lon="9.676842">
        <ele>1749.3</ele>
      </trkpt>
      <trkpt lat="46.777625" lon="9.676532">
        <ele>1752.7</ele>
      </trkpt>
      <trkpt lat="46.777673" lon="9.676507">
        <ele>1753.2</ele>
      </trkpt>
      <trkpt lat="46.777709" lon="9.676497">
        <ele>1753.7</ele>
      </trkpt>
      <trkpt lat="46.777754" lon="9.67651">
        <ele>1754.1</ele>
      </trkpt>
      <trkpt lat="46.777827" lon="9.676563">
        <ele>1754.8</ele>
      </trkpt>
      <trkpt lat="46.777957" lon="9.676657">
        <ele>1756.3</ele>
      </trkpt>
      <trkpt lat="46.777987" lon="9.676678">
        <ele>1756.7</ele>
      </trkpt>
      <trkpt lat="46.77805" lon="9.676738">
        <ele>1757.4</ele>
      </trkpt>
      <trkpt lat="46.778082" lon="9.676788">
        <ele>1758.1</ele>
      </trkpt>
      <trkpt lat="46.778115" lon="9.676868">
        <ele>1758.7</ele>
      </trkpt>
      <trkpt lat="46.778144" lon="9.676959">
        <ele>1759.5</ele>
      </trkpt>
      <trkpt lat="46.778165" lon="9.67708">
        <ele>1760.6</ele>
      </trkpt>
      <trkpt lat="46.778182" lon="9.677176">
        <ele>1761.1</ele>
      </trkpt>
      <trkpt lat="46.778195" lon="9.677213">
        <ele>1761.0</ele>
      </trkpt>
      <trkpt lat="46.778213" lon="9.67724">
        <ele>1761.0</ele>
      </trkpt>
      <trkpt lat="46.77823" lon="9.677252">
        <ele>1760.9</ele>
      </trkpt>
      <trkpt lat="46.778255" lon="9.677253">
        <ele>1760.8</ele>
      </trkpt>
      <trkpt lat="46.778267" lon="9.677291">
        <ele>1760.5</ele>
      </trkpt>
      <trkpt lat="46.778282" lon="9.677333">
        <ele>1760.3</ele>
      </trkpt>
      <trkpt lat="46.778307" lon="9.677372">
        <ele>1760.0</ele>
      </trkpt>
      <trkpt lat="46.778344" lon="9.677409">
        <ele>1759.8</ele>
      </trkpt>
      <trkpt lat="46.778386" lon="9.677432">
        <ele>1759.6</ele>
      </trkpt>
      <trkpt lat="46.778441" lon="9.677447">
        <ele>1759.2</ele>
      </trkpt>
      <trkpt lat="46.778538" lon="9.677468">
        <ele>1758.8</ele>
      </trkpt>
      <trkpt lat="46.778783" lon="9.677491">
        <ele>1757.8</ele>
      </trkpt>
      <trkpt lat="46.778872" lon="9.67751">
        <ele>1757.3</ele>
      </trkpt>
      <trkpt lat="46.778936" lon="9.677533">
        <ele>1757.1</ele>
      </trkpt>
      <trkpt lat="46.77898" lon="9.677552">
        <ele>1756.8</ele>
      </trkpt>
      <trkpt lat="46.779063" lon="9.677604">
        <ele>1756.6</ele>
      </trkpt>
      <trkpt lat="46.779158" lon="9.677659">
        <ele>1756.3</ele>
      </trkpt>
      <trkpt lat="46.779193" lon="9.677689">
        <ele>1756.0</ele>
      </trkpt>
      <trkpt lat="46.779239" lon="9.677709">
        <ele>1755.8</ele>
      </trkpt>
      <trkpt lat="46.779316" lon="9.677718">
        <ele>1755.4</ele>
      </trkpt>
      <trkpt lat="46.779454" lon="9.677701">
        <ele>1754.9</ele>
      </trkpt>
      <trkpt lat="46.779563" lon="9.677684">
        <ele>1754.4</ele>
      </trkpt>
      <trkpt lat="46.779619" lon="9.677683">
        <ele>1754.1</ele>
      </trkpt>
      <trkpt lat="46.779665" lon="9.67769">
        <ele>1753.8</ele>
      </trkpt>
      <trkpt lat="46.779715" lon="9.67771">
        <ele>1753.3</ele>
      </trkpt>
      <trkpt lat="46.77976" lon="9.677733">
        <ele>1752.7</ele>
      </trkpt>
      <trkpt lat="46.779809" lon="9.677759">
        <ele>1752.9</ele>
      </trkpt>
      <trkpt lat="46.779853" lon="9.677791">
        <ele>1752.7</ele>
      </trkpt>
      <trkpt lat="46.779888" lon="9.677824">
        <ele>1752.5</ele>
      </trkpt>
      <trkpt lat="46.779923" lon="9.677863">
        <ele>1752.3</ele>
      </trkpt>
      <trkpt lat="46.779956" lon="9.677906">
        <ele>1752.2</ele>
      </trkpt>
      <trkpt lat="46.779993" lon="9.677964">
        <ele>1751.9</ele>
      </trkpt>
      <trkpt lat="46.780038" lon="9.678049">
        <ele>1751.6</ele>
      </trkpt>
      <trkpt lat="46.780084" lon="9.678146">
        <ele>1751.4</ele>
      </trkpt>
      <trkpt lat="46.780155" lon="9.678291">
        <ele>1750.8</ele>
      </trkpt>
      <trkpt lat="46.780195" lon="9.678393">
        <ele>1750.7</ele>
      </trkpt>
      <trkpt lat="46.780244" lon="9.678506">
        <ele>1750.0</ele>
      </trkpt>
      <trkpt lat="46.780284" lon="9.678608">
        <ele>1749.7</ele>
      </trkpt>
      <trkpt lat="46.780324" lon="9.678751">
        <ele>1749.3</ele>
      </trkpt>
      <trkpt lat="46.780341" lon="9.678862">
        <ele>1748.9</ele>
      </trkpt>
      <trkpt lat="46.780359" lon="9.678978">
        <ele>1748.6</ele>
      </trkpt>
      <trkpt lat="46.780377" lon="9.679172">
        <ele>1748.0</ele>
      </trkpt>
      <trkpt lat="46.7804" lon="9.679333">
        <ele>1747.3</ele>
      </trkpt>
      <trkpt lat="46.780429" lon="9.679427">
        <ele>1746.8</ele>
      </trkpt>
      <trkpt lat="46.780466" lon="9.679517">
        <ele>1746.6</ele>
      </trkpt>
      <trkpt lat="46.780512" lon="9.679594">
        <ele>1746.4</ele>
      </trkpt>
      <trkpt lat="46.780556" lon="9.679643">
        <ele>1746.1</ele>
      </trkpt>
      <trkpt lat="46.780611" lon="9.679683">
        <ele>1745.9</ele>
      </trkpt>
      <trkpt lat="46.780666" lon="9.679712">
        <ele>1745.6</ele>
      </trkpt>
      <trkpt lat="46.780714" lon="9.679723">
        <ele>1745.4</ele>
      </trkpt>
      <trkpt lat="46.7808" lon="9.679739">
        <ele>1744.9</ele>
      </trkpt>
      <trkpt lat="46.78089" lon="9.679748">
        <ele>1744.5</ele>
      </trkpt>
      <trkpt lat="46.780996" lon="9.679753">
        <ele>1744.1</ele>
      </trkpt>
      <trkpt lat="46.781088" lon="9.679756">
        <ele>1743.9</ele>
      </trkpt>
      <trkpt lat="46.781181" lon="9.679753">
        <ele>1743.6</ele>
      </trkpt>
      <trkpt lat="46.781258" lon="9.679747">
        <ele>1743.3</ele>
      </trkpt>
      <trkpt lat="46.781318" lon="9.679739">
        <ele>1742.9</ele>
      </trkpt>
      <trkpt lat="46.781587" lon="9.679672">
        <ele>1741.4</ele>
      </trkpt>
      <trkpt lat="46.781692" lon="9.679638">
        <ele>1741.0</ele>
      </trkpt>
      <trkpt lat="46.781799" lon="9.679611">
        <ele>1740.6</ele>
      </trkpt>
      <trkpt lat="46.781871" lon="9.679597">
        <ele>1740.3</ele>
      </trkpt>
      <trkpt lat="46.781936" lon="9.679591">
        <ele>1740.0</ele>
      </trkpt>
      <trkpt lat="46.781998" lon="9.679593">
        <ele>1739.9</ele>
      </trkpt>
      <trkpt lat="46.782047" lon="9.679597">
        <ele>1739.8</ele>
      </trkpt>
      <trkpt lat="46.782111" lon="9.679611">
        <ele>1739.6</ele>
      </trkpt>
      <trkpt lat="46.782148" lon="9.679652">
        <ele>1739.4</ele>
      </trkpt>
      <trkpt lat="46.782162" lon="9.679531">
        <ele>1739.75404</ele>
        <name>46.782189,9.679572</name>
        <extensions>
          <oa:Extension>
            <oa:mapZoom>13</oa:mapZoom>
          </oa:Extension>
        </extensions>
      </trkpt>
      <trkpt lat="46.782193" lon="9.679487">
        <ele>1739.85352</ele>
      </trkpt>
      <trkpt lat="46.782341" lon="9.679297">
        <ele>1740.24015</ele>
      </trkpt>
      <trkpt lat="46.782359" lon="9.679256">
        <ele>1740.3355</ele>
      </trkpt>
      <trkpt lat="46.782375" lon="9.679208">
        <ele>1740.36702</ele>
      </trkpt>
      <trkpt lat="46.78239" lon="9.679125">
        <ele>1740.41667</ele>
      </trkpt>
      <trkpt lat="46.782408" lon="9.679071">
        <ele>1740.2706</ele>
      </trkpt>
      <trkpt lat="46.782434" lon="9.679018">
        <ele>1740.53861</ele>
      </trkpt>
      <trkpt lat="46.782486" lon="9.678965">
        <ele>1740.84101</ele>
      </trkpt>
      <trkpt lat="46.782534" lon="9.678927">
        <ele>1741.08913</ele>
      </trkpt>
      <trkpt lat="46.782577" lon="9.678901">
        <ele>1741.11229</ele>
      </trkpt>
      <trkpt lat="46.782666" lon="9.678846">
        <ele>1741.17683</ele>
      </trkpt>
      <trkpt lat="46.782763" lon="9.678791">
        <ele>1741.50591</ele>
      </trkpt>
      <trkpt lat="46.782816" lon="9.678765">
        <ele>1741.70465</ele>
      </trkpt>
      <trkpt lat="46.782862" lon="9.678755">
        <ele>1741.99558</ele>
      </trkpt>
      <trkpt lat="46.782872" lon="9.678753">
        <ele>1742.01766</ele>
      </trkpt>
      <trkpt lat="46.782891" lon="9.678748">
        <ele>1742.05561</ele>
      </trkpt>
      <trkpt lat="46.782944" lon="9.678762">
        <ele>1742.01413</ele>
      </trkpt>
      <trkpt lat="46.782988" lon="9.678773">
        <ele>1741.96771</ele>
      </trkpt>
      <trkpt lat="46.783079" lon="9.678806">
        <ele>1742.15759</ele>
      </trkpt>
      <trkpt lat="46.783244" lon="9.678886">
        <ele>1742.55971</ele>
      </trkpt>
      <trkpt lat="46.783344" lon="9.67892">
        <ele>1742.90821</ele>
      </trkpt>
      <trkpt lat="46.783424" lon="9.678935">
        <ele>1743.10746</ele>
      </trkpt>
      <trkpt lat="46.783514" lon="9.678927">
        <ele>1743.14284</ele>
        <name>46.783511,9.678864</name>
        <extensions>
          <oa:Extension>
            <oa:mapZoom>13</oa:mapZoom>
          </oa:Extension>
        </extensions>
      </trkpt>
      <trkpt lat="46.786274" lon="9.663393">
        <ele>2008.14709</ele>
      </trkpt>
      <trkpt lat="46.786524" lon="9.663071">
        <ele>2011.07762</ele>
      </trkpt>
      <trkpt lat="46.7893" lon="9.639188">
        <ele>2630.10196</ele>
      </trkpt>
      <trkpt lat="46.789859" lon="9.63921">
        <ele>2632.83877</ele>
      </trkpt>
      <trkpt lat="46.790314" lon="9.638802">
        <ele>2623.06156</ele>
      </trkpt>
      <trkpt lat="46.79052" lon="9.637837">
        <ele>2604.7558</ele>
      </trkpt>
      <trkpt lat="46.79052" lon="9.637407">
        <ele>2598.92244</ele>
      </trkpt>
      <trkpt lat="46.79124" lon="9.639124">
        <ele>2566.2158</ele>
      </trkpt>
      <trkpt lat="46.79171" lon="9.640004">
        <ele>2547.64855</ele>
      </trkpt>
      <trkpt lat="46.792532" lon="9.640669">
        <ele>2521.52655</ele>
      </trkpt>
      <trkpt lat="46.792944" lon="9.641077">
        <ele>2524.57942</ele>
      </trkpt>
      <trkpt lat="46.793223" lon="9.641613">
        <ele>2527.48754</ele>
      </trkpt>
      <trkpt lat="46.793473" lon="9.642085">
        <ele>2505.35678</ele>
      </trkpt>
      <trkpt lat="46.793672" lon="9.642213">
        <ele>2495.29054</ele>
        <name>46.793678,9.642214</name>
        <extensions>
          <oa:locType>routingNode</oa:locType>
        </extensions>
      </trkpt>
      <trkpt lat="46.793666" lon="9.642269">
        <ele>2494.0965</ele>
      </trkpt>
      <trkpt lat="46.793653" lon="9.642396">
        <ele>2491.51294</ele>
      </trkpt>
      <trkpt lat="46.793643" lon="9.642492">
        <ele>2489.34804</ele>
      </trkpt>
      <trkpt lat="46.793632" lon="9.642592">
        <ele>2486.90791</ele>
      </trkpt>
      <trkpt lat="46.793617" lon="9.642691">
        <ele>2484.69135</ele>
      </trkpt>
      <trkpt lat="46.793601" lon="9.64278">
        <ele>2482.84882</ele>
      </trkpt>
      <trkpt lat="46.793586" lon="9.642852">
        <ele>2480.86233</ele>
      </trkpt>
      <trkpt lat="46.793569" lon="9.642916">
        <ele>2479.38355</ele>
      </trkpt>
      <trkpt lat="46.793552" lon="9.642986">
        <ele>2477.83608</ele>
      </trkpt>
      <trkpt lat="46.793536" lon="9.643061">
        <ele>2476.76086</ele>
      </trkpt>
      <trkpt lat="46.793526" lon="9.643135">
        <ele>2475.99312</ele>
      </trkpt>
      <trkpt lat="46.793525" lon="9.643198">
        <ele>2475.00445</ele>
      </trkpt>
      <trkpt lat="46.79354" lon="9.643248">
        <ele>2474.00417</ele>
      </trkpt>
      <trkpt lat="46.793588" lon="9.643283">
        <ele>2472.65746</ele>
      </trkpt>
      <trkpt lat="46.793641" lon="9.643322">
        <ele>2470.80402</ele>
      </trkpt>
      <trkpt lat="46.793687" lon="9.643378">
        <ele>2469.98078</ele>
      </trkpt>
      <trkpt lat="46.793719" lon="9.643427">
        <ele>2469.80817</ele>
      </trkpt>
      <trkpt lat="46.793746" lon="9.643488">
        <ele>2469.79215</ele>
      </trkpt>
      <trkpt lat="46.793761" lon="9.643558">
        <ele>2469.58922</ele>
      </trkpt>
      <trkpt lat="46.793783" lon="9.643635">
        <ele>2468.55452</ele>
      </trkpt>
      <trkpt lat="46.793808" lon="9.643733">
        <ele>2467.63116</ele>
      </trkpt>
      <trkpt lat="46.793831" lon="9.643838">
        <ele>2466.70184</ele>
      </trkpt>
      <trkpt lat="46.793842" lon="9.643908">
        <ele>2465.68338</ele>
      </trkpt>
      <trkpt lat="46.79386" lon="9.643995">
        <ele>2464.24092</ele>
      </trkpt>
      <trkpt lat="46.793868" lon="9.644056">
        <ele>2462.93509</ele>
      </trkpt>
      <trkpt lat="46.793872" lon="9.64412">
        <ele>2461.04414</ele>
      </trkpt>
      <trkpt lat="46.79388" lon="9.644196">
        <ele>2460.03876</ele>
      </trkpt>
      <trkpt lat="46.793882" lon="9.644279">
        <ele>2459.81517</ele>
      </trkpt>
      <trkpt lat="46.793877" lon="9.644342">
        <ele>2459.2959</ele>
      </trkpt>
      <trkpt lat="46.793858" lon="9.644408">
        <ele>2458.85496</ele>
      </trkpt>
      <trkpt lat="46.793836" lon="9.644458">
        <ele>2458.55502</ele>
      </trkpt>
      <trkpt lat="46.793812" lon="9.644501">
        <ele>2458.06943</ele>
      </trkpt>
      <trkpt lat="46.793784" lon="9.644529">
        <ele>2457.41486</ele>
      </trkpt>
      <trkpt lat="46.793763" lon="9.644543">
        <ele>2456.80908</ele>
      </trkpt>
      <trkpt lat="46.793726" lon="9.644565">
        <ele>2455.75623</ele>
      </trkpt>
      <trkpt lat="46.79369" lon="9.644576">
        <ele>2454.77482</ele>
      </trkpt>
      <trkpt lat="46.793641" lon="9.644587">
        <ele>2453.12438</ele>
      </trkpt>
      <trkpt lat="46.793587" lon="9.644591">
        <ele>2451.0653</ele>
      </trkpt>
      <trkpt lat="46.793531" lon="9.644598">
        <ele>2449.91305</ele>
      </trkpt>
      <trkpt lat="46.793473" lon="9.644598">
        <ele>2448.57655</ele>
        <name>46.793473,9.644639</name>
        <extensions>
          <oa:locType>routingNode</oa:locType>
        </extensions>
      </trkpt>
      <trkpt lat="46.793466" lon="9.644598">
        <ele>2448.37163</ele>
      </trkpt>
      <trkpt lat="46.793418" lon="9.644612">
        <ele>2446.90964</ele>
      </trkpt>
      <trkpt lat="46.793382" lon="9.644643">
        <ele>2446.24939</ele>
      </trkpt>
      <trkpt lat="46.793363" lon="9.644713">
        <ele>2445.22477</ele>
      </trkpt>
      <trkpt lat="46.793362" lon="9.644814">
        <ele>2443.51535</ele>
      </trkpt>
      <trkpt lat="46.793368" lon="9.644916">
        <ele>2442.46269</ele>
      </trkpt>
      <trkpt lat="46.793377" lon="9.645053">
        <ele>2441.04419</ele>
      </trkpt>
      <trkpt lat="46.793391" lon="9.645271">
        <ele>2439.22306</ele>
      </trkpt>
      <trkpt lat="46.793399" lon="9.645396">
        <ele>2438.54076</ele>
      </trkpt>
      <trkpt lat="46.793402" lon="9.645469">
        <ele>2437.37511</ele>
      </trkpt>
      <trkpt lat="46.793414" lon="9.64556">
        <ele>2436.40929</ele>
      </trkpt>
      <trkpt lat="46.79345" lon="9.645641">
        <ele>2435.17672</ele>
      </trkpt>
      <trkpt lat="46.793485" lon="9.645676">
        <ele>2434.40588</ele>
      </trkpt>
      <trkpt lat="46.793532" lon="9.645712">
        <ele>2433.29556</ele>
      </trkpt>
      <trkpt lat="46.793578" lon="9.645724">
        <ele>2431.8745</ele>
      </trkpt>
      <trkpt lat="46.793641" lon="9.645733">
        <ele>2429.67446</ele>
      </trkpt>
      <trkpt lat="46.793689" lon="9.645737">
        <ele>2428.11548</ele>
      </trkpt>
      <trkpt lat="46.793741" lon="9.645748">
        <ele>2426.82541</ele>
      </trkpt>
      <trkpt lat="46.793786" lon="9.645749">
        <ele>2425.87829</ele>
      </trkpt>
      <trkpt lat="46.793835" lon="9.645756">
        <ele>2424.50348</ele>
      </trkpt>
      <trkpt lat="46.793876" lon="9.645778">
        <ele>2423.41193</ele>
      </trkpt>
      <trkpt lat="46.793934" lon="9.645815">
        <ele>2421.96641</ele>
      </trkpt>
      <trkpt lat="46.793981" lon="9.645855">
        <ele>2420.92991</ele>
      </trkpt>
      <trkpt lat="46.794031" lon="9.6459">
        <ele>2419.29519</ele>
      </trkpt>
      <trkpt lat="46.794081" lon="9.645944">
        <ele>2417.38106</ele>
      </trkpt>
      <trkpt lat="46.79415" lon="9.646005">
        <ele>2415.30493</ele>
      </trkpt>
      <trkpt lat="46.794162" lon="9.646019">
        <ele>2414.98647</ele>
      </trkpt>
      <trkpt lat="46.794221" lon="9.646084">
        <ele>2414.8188</ele>
      </trkpt>
      <trkpt lat="46.794232" lon="9.646127">
        <ele>2414.52596</ele>
      </trkpt>
      <trkpt lat="46.794259" lon="9.646193">
        <ele>2414.0409</ele>
      </trkpt>
      <trkpt lat="46.794284" lon="9.646246">
        <ele>2413.71451</ele>
      </trkpt>
      <trkpt lat="46.794317" lon="9.646305">
        <ele>2412.64343</ele>
      </trkpt>
      <trkpt lat="46.794361" lon="9.646376">
        <ele>2411.82064</ele>
      </trkpt>
      <trkpt lat="46.794393" lon="9.64642">
        <ele>2411.58261</ele>
      </trkpt>
      <trkpt lat="46.794437" lon="9.646448">
        <ele>2411.14275</ele>
      </trkpt>
      <trkpt lat="46.7945" lon="9.646464">
        <ele>2410.34028</ele>
      </trkpt>
      <trkpt lat="46.794547" lon="9.64649">
        <ele>2409.75692</ele>
      </trkpt>
      <trkpt lat="46.794592" lon="9.646528">
        <ele>2408.98637</ele>
      </trkpt>
      <trkpt lat="46.794633" lon="9.646564">
        <ele>2408.09441</ele>
      </trkpt>
      <trkpt lat="46.794672" lon="9.646609">
        <ele>2406.97939</ele>
      </trkpt>
      <trkpt lat="46.794709" lon="9.646657">
        <ele>2405.87017</ele>
      </trkpt>
      <trkpt lat="46.794737" lon="9.646721">
        <ele>2404.68979</ele>
      </trkpt>
      <trkpt lat="46.794771" lon="9.64678">
        <ele>2403.92581</ele>
      </trkpt>
      <trkpt lat="46.794796" lon="9.646834">
        <ele>2403.26445</ele>
      </trkpt>
      <trkpt lat="46.794805" lon="9.646877">
        <ele>2402.55982</ele>
      </trkpt>
      <trkpt lat="46.794799" lon="9.646927">
        <ele>2401.55454</ele>
      </trkpt>
      <trkpt lat="46.794782" lon="9.646967">
        <ele>2401.07471</ele>
      </trkpt>
      <trkpt lat="46.794743" lon="9.647028">
        <ele>2400.7722</ele>
      </trkpt>
      <trkpt lat="46.794697" lon="9.647093">
        <ele>2399.93524</ele>
      </trkpt>
      <trkpt lat="46.794664" lon="9.647148">
        <ele>2399.28264</ele>
      </trkpt>
      <trkpt lat="46.794627" lon="9.6472">
        <ele>2398.58629</ele>
      </trkpt>
      <trkpt lat="46.794625" lon="9.647203">
        <ele>2398.5829</ele>
        <name>46.794618,9.647192</name>
        <extensions>
          <oa:locType>routingNode</oa:locType>
        </extensions>
      </trkpt>
      <trkpt lat="46.794627" lon="9.6472">
        <ele>2398.58629</ele>
      </trkpt>
      <trkpt lat="46.794664" lon="9.647148">
        <ele>2399.28264</ele>
      </trkpt>
      <trkpt lat="46.794635" lon="9.647264">
        <ele>2398.45221</ele>
      </trkpt>
      <trkpt lat="46.794616" lon="9.647365">
        <ele>2397.54845</ele>
      </trkpt>
      <trkpt lat="46.794609" lon="9.647456">
        <ele>2397.28541</ele>
      </trkpt>
      <trkpt lat="46.794618" lon="9.647561">
        <ele>2397.05139</ele>
      </trkpt>
      <trkpt lat="46.794618" lon="9.647564">
        <ele>2397.04725</ele>
      </trkpt>
      <trkpt lat="46.794633" lon="9.647653">
        <ele>2397.59997</ele>
      </trkpt>
      <trkpt lat="46.794659" lon="9.647736">
        <ele>2397.8142</ele>
      </trkpt>
      <trkpt lat="46.794691" lon="9.647799">
        <ele>2397.92039</ele>
      </trkpt>
      <trkpt lat="46.794724" lon="9.64784">
        <ele>2397.9977</ele>
      </trkpt>
      <trkpt lat="46.794737" lon="9.647856">
        <ele>2398.14204</ele>
      </trkpt>
      <trkpt lat="46.7948" lon="9.647895">
        <ele>2397.84007</ele>
      </trkpt>
      <trkpt lat="46.794844" lon="9.647914">
        <ele>2397.58412</ele>
      </trkpt>
      <trkpt lat="46.794964" lon="9.647961">
        <ele>2396.85645</ele>
      </trkpt>
      <trkpt lat="46.795048" lon="9.648">
        <ele>2395.80929</ele>
      </trkpt>
      <trkpt lat="46.795106" lon="9.648064">
        <ele>2395.50853</ele>
      </trkpt>
      <trkpt lat="46.79516" lon="9.648139">
        <ele>2395.04863</ele>
      </trkpt>
      <trkpt lat="46.795231" lon="9.648224">
        <ele>2394.21194</ele>
      </trkpt>
      <trkpt lat="46.795329" lon="9.6483">
        <ele>2393.2746</ele>
      </trkpt>
      <trkpt lat="46.795433" lon="9.648356">
        <ele>2392.06263</ele>
      </trkpt>
      <trkpt lat="46.795527" lon="9.648424">
        <ele>2390.91442</ele>
      </trkpt>
      <trkpt lat="46.795648" lon="9.648486">
        <ele>2389.44151</ele>
      </trkpt>
      <trkpt lat="46.795756" lon="9.648554">
        <ele>2388.20497</ele>
      </trkpt>
      <trkpt lat="46.795853" lon="9.648605">
        <ele>2387.23616</ele>
      </trkpt>
      <trkpt lat="46.795967" lon="9.648645">
        <ele>2385.80971</ele>
      </trkpt>
      <trkpt lat="46.79604" lon="9.648705">
        <ele>2385.30575</ele>
      </trkpt>
      <trkpt lat="46.796116" lon="9.648762">
        <ele>2384.20943</ele>
      </trkpt>
      <trkpt lat="46.796204" lon="9.648817">
        <ele>2382.60006</ele>
      </trkpt>
      <trkpt lat="46.796304" lon="9.648888">
        <ele>2382.22982</ele>
      </trkpt>
      <trkpt lat="46.796519" lon="9.649031">
        <ele>2378.99028</ele>
      </trkpt>
      <trkpt lat="46.79666" lon="9.649116">
        <ele>2376.77613</ele>
      </trkpt>
      <trkpt lat="46.796863" lon="9.649285">
        <ele>2374.51921</ele>
      </trkpt>
      <trkpt lat="46.796987" lon="9.649411">
        <ele>2373.56803</ele>
      </trkpt>
      <trkpt lat="46.797055" lon="9.64952">
        <ele>2371.61981</ele>
      </trkpt>
      <trkpt lat="46.797083" lon="9.649568">
        <ele>2370.44337</ele>
      </trkpt>
      <trkpt lat="46.797106" lon="9.649602">
        <ele>2369.37128</ele>
      </trkpt>
      <trkpt lat="46.797145" lon="9.649638">
        <ele>2368.8252</ele>
      </trkpt>
      <trkpt lat="46.797179" lon="9.649654">
        <ele>2368.6234</ele>
      </trkpt>
      <trkpt lat="46.797221" lon="9.649667">
        <ele>2368.32483</ele>
      </trkpt>
      <trkpt lat="46.797268" lon="9.649672">
        <ele>2367.77879</ele>
      </trkpt>
      <trkpt lat="46.797311" lon="9.649684">
        <ele>2366.50282</ele>
      </trkpt>
      <trkpt lat="46.797355" lon="9.649708">
        <ele>2364.96201</ele>
      </trkpt>
      <trkpt lat="46.797385" lon="9.649741">
        <ele>2363.65762</ele>
      </trkpt>
      <trkpt lat="46.797426" lon="9.649799">
        <ele>2361.47598</ele>
      </trkpt>
      <trkpt lat="46.797466" lon="9.649854">
        <ele>2359.46542</ele>
      </trkpt>
      <trkpt lat="46.797505" lon="9.6499">
        <ele>2358.31409</ele>
      </trkpt>
      <trkpt lat="46.797539" lon="9.649929">
        <ele>2357.38057</ele>
      </trkpt>
      <trkpt lat="46.797564" lon="9.649958">
        <ele>2356.61144</ele>
      </trkpt>
      <trkpt lat="46.797583" lon="9.650004">
        <ele>2355.62669</ele>
      </trkpt>
      <trkpt lat="46.797587" lon="9.650059">
        <ele>2354.52888</ele>
      </trkpt>
      <trkpt lat="46.797583" lon="9.65012">
        <ele>2353.63789</ele>
      </trkpt>
      <trkpt lat="46.797576" lon="9.650184">
        <ele>2353.05946</ele>
      </trkpt>
      <trkpt lat="46.797574" lon="9.650255">
        <ele>2351.98914</ele>
      </trkpt>
      <trkpt lat="46.797557" lon="9.650391">
        <ele>2351.03122</ele>
      </trkpt>
      <trkpt lat="46.797521" lon="9.650551">
        <ele>2350.01053</ele>
      </trkpt>
      <trkpt lat="46.797488" lon="9.650686">
        <ele>2348.40566</ele>
      </trkpt>
      <trkpt lat="46.79749" lon="9.650781">
        <ele>2346.91636</ele>
      </trkpt>
      <trkpt lat="46.797503" lon="9.650885">
        <ele>2345.21753</ele>
      </trkpt>
      <trkpt lat="46.797496" lon="9.650982">
        <ele>2343.89601</ele>
      </trkpt>
      <trkpt lat="46.797473" lon="9.651069">
        <ele>2342.97604</ele>
      </trkpt>
      <trkpt lat="46.79744" lon="9.651162">
        <ele>2341.74326</ele>
      </trkpt>
      <trkpt lat="46.797399" lon="9.65133">
        <ele>2339.34951</ele>
      </trkpt>
      <trkpt lat="46.797376" lon="9.651504">
        <ele>2337.79083</ele>
      </trkpt>
      <trkpt lat="46.797243" lon="9.652038">
        <ele>2332.62672</ele>
      </trkpt>
      <trkpt lat="46.797235" lon="9.652079">
        <ele>2332.15259</ele>
      </trkpt>
      <trkpt lat="46.797195" lon="9.652281">
        <ele>2330.4654</ele>
      </trkpt>
      <trkpt lat="46.797157" lon="9.652372">
        <ele>2329.33481</ele>
      </trkpt>
      <trkpt lat="46.797127" lon="9.652472">
        <ele>2328.39407</ele>
      </trkpt>
      <trkpt lat="46.797136" lon="9.652538">
        <ele>2327.13655</ele>
      </trkpt>
      <trkpt lat="46.797163" lon="9.652612">
        <ele>2325.34431</ele>
      </trkpt>
      <trkpt lat="46.797178" lon="9.652725">
        <ele>2322.25518</ele>
      </trkpt>
      <trkpt lat="46.797162" lon="9.65287">
        <ele>2318.19557</ele>
      </trkpt>
      <trkpt lat="46.797118" lon="9.653062">
        <ele>2314.59227</ele>
      </trkpt>
      <trkpt lat="46.797084" lon="9.653098">
        <ele>2313.61467</ele>
      </trkpt>
      <trkpt lat="46.797051" lon="9.653205">
        <ele>2311.03046</ele>
      </trkpt>
      <trkpt lat="46.796997" lon="9.653395">
        <ele>2307.52654</ele>
      </trkpt>
      <trkpt lat="46.796993" lon="9.653456">
        <ele>2306.3563</ele>
      </trkpt>
      <trkpt lat="46.79694" lon="9.653573">
        <ele>2304.16953</ele>
      </trkpt>
      <trkpt lat="46.796912" lon="9.653627">
        <ele>2303.36834</ele>
      </trkpt>
      <trkpt lat="46.796893" lon="9.65371">
        <ele>2302.27982</ele>
      </trkpt>
      <trkpt lat="46.796865" lon="9.653814">
        <ele>2301.07773</ele>
      </trkpt>
      <trkpt lat="46.79688" lon="9.654">
        <ele>2298.04789</ele>
      </trkpt>
      <trkpt lat="46.796883" lon="9.654062">
        <ele>2297.00396</ele>
      </trkpt>
      <trkpt lat="46.796865" lon="9.654262">
        <ele>2292.89802</ele>
      </trkpt>
      <trkpt lat="46.796838" lon="9.654353">
        <ele>2291.77931</ele>
      </trkpt>
      <trkpt lat="46.796797" lon="9.654407">
        <ele>2289.92377</ele>
      </trkpt>
      <trkpt lat="46.796798" lon="9.65451">
        <ele>2287.35975</ele>
      </trkpt>
      <trkpt lat="46.796776" lon="9.654554">
        <ele>2285.85988</ele>
      </trkpt>
      <trkpt lat="46.79672" lon="9.654595">
        <ele>2283.97125</ele>
      </trkpt>
      <trkpt lat="46.796652" lon="9.654681">
        <ele>2281.31615</ele>
      </trkpt>
      <trkpt lat="46.796634" lon="9.654799">
        <ele>2278.90045</ele>
      </trkpt>
      <trkpt lat="46.796599" lon="9.654837">
        <ele>2277.99766</ele>
      </trkpt>
      <trkpt lat="46.796563" lon="9.654913">
        <ele>2276.29545</ele>
      </trkpt>
      <trkpt lat="46.796541" lon="9.655035">
        <ele>2273.46834</ele>
      </trkpt>
      <trkpt lat="46.7965" lon="9.655197">
        <ele>2269.72701</ele>
      </trkpt>
      <trkpt lat="46.796467" lon="9.65533">
        <ele>2267.19906</ele>
      </trkpt>
      <trkpt lat="46.796443" lon="9.655426">
        <ele>2265.81498</ele>
      </trkpt>
      <trkpt lat="46.796405" lon="9.655629">
        <ele>2264.08863</ele>
      </trkpt>
      <trkpt lat="46.796384" lon="9.655714">
        <ele>2263.27852</ele>
      </trkpt>
      <trkpt lat="46.796388" lon="9.655807">
        <ele>2262.39655</ele>
      </trkpt>
      <trkpt lat="46.796403" lon="9.6559">
        <ele>2261.00081</ele>
      </trkpt>
      <trkpt lat="46.79643" lon="9.655987">
        <ele>2260.18118</ele>
      </trkpt>
      <trkpt lat="46.796448" lon="9.656116">
        <ele>2258.60628</ele>
      </trkpt>
      <trkpt lat="46.796482" lon="9.65619">
        <ele>2258.18107</ele>
      </trkpt>
      <trkpt lat="46.796503" lon="9.656317">
        <ele>2257.36858</ele>
      </trkpt>
      <trkpt lat="46.796497" lon="9.656427">
        <ele>2256.50465</ele>
      </trkpt>
      <trkpt lat="46.796489" lon="9.656576">
        <ele>2255.107</ele>
      </trkpt>
      <trkpt lat="46.796483" lon="9.656746">
        <ele>2253.46604</ele>
      </trkpt>
      <trkpt lat="46.79649" lon="9.656823">
        <ele>2252.39835</ele>
      </trkpt>
      <trkpt lat="46.796509" lon="9.656925">
        <ele>2251.69907</ele>
      </trkpt>
      <trkpt lat="46.796533" lon="9.657023">
        <ele>2251.48007</ele>
      </trkpt>
      <trkpt lat="46.796571" lon="9.657139">
        <ele>2250.35268</ele>
      </trkpt>
      <trkpt lat="46.796552" lon="9.657225">
        <ele>2249.2207</ele>
      </trkpt>
      <trkpt lat="46.796554" lon="9.657297">
        <ele>2248.6952</ele>
      </trkpt>
      <trkpt lat="46.796524" lon="9.65742">
        <ele>2247.27216</ele>
      </trkpt>
      <trkpt lat="46.796524" lon="9.657583">
        <ele>2245.7371</ele>
      </trkpt>
      <trkpt lat="46.796537" lon="9.657724">
        <ele>2244.12882</ele>
      </trkpt>
      <trkpt lat="46.796567" lon="9.6578">
        <ele>2243.18072</ele>
      </trkpt>
      <trkpt lat="46.796568" lon="9.657897">
        <ele>2241.82152</ele>
      </trkpt>
      <trkpt lat="46.796595" lon="9.65796">
        <ele>2240.89448</ele>
      </trkpt>
      <trkpt lat="46.796635" lon="9.658065">
        <ele>2238.95093</ele>
      </trkpt>
      <trkpt lat="46.796651" lon="9.658176">
        <ele>2237.1233</ele>
      </trkpt>
      <trkpt lat="46.796678" lon="9.658268">
        <ele>2235.55344</ele>
      </trkpt>
      <trkpt lat="46.796684" lon="9.65835">
        <ele>2234.10168</ele>
      </trkpt>
      <trkpt lat="46.796692" lon="9.658456">
        <ele>2231.96485</ele>
      </trkpt>
      <trkpt lat="46.796702" lon="9.658524">
        <ele>2230.36555</ele>
      </trkpt>
      <trkpt lat="46.79673" lon="9.658567">
        <ele>2229.51998</ele>
      </trkpt>
      <trkpt lat="46.796753" lon="9.658624">
        <ele>2228.50006</ele>
      </trkpt>
      <trkpt lat="46.796761" lon="9.658703">
        <ele>2227.44252</ele>
      </trkpt>
      <trkpt lat="46.796773" lon="9.65875">
        <ele>2226.64282</ele>
      </trkpt>
      <trkpt lat="46.796822" lon="9.65877">
        <ele>2225.4936</ele>
      </trkpt>
      <trkpt lat="46.796812" lon="9.658811">
        <ele>2224.74681</ele>
      </trkpt>
      <trkpt lat="46.796819" lon="9.658833">
        <ele>2223.90041</ele>
      </trkpt>
      <trkpt lat="46.796811" lon="9.658877">
        <ele>2222.62726</ele>
      </trkpt>
      <trkpt lat="46.796823" lon="9.658882">
        <ele>2221.74847</ele>
      </trkpt>
      <trkpt lat="46.796853" lon="9.65885">
        <ele>2221.45884</ele>
      </trkpt>
      <trkpt lat="46.796881" lon="9.658834">
        <ele>2220.5789</ele>
      </trkpt>
      <trkpt lat="46.796934" lon="9.658851">
        <ele>2218.81269</ele>
      </trkpt>
      <trkpt lat="46.797029" lon="9.658897">
        <ele>2216.33993</ele>
      </trkpt>
      <trkpt lat="46.79711" lon="9.658931">
        <ele>2214.82735</ele>
      </trkpt>
      <trkpt lat="46.797161" lon="9.658956">
        <ele>2213.95059</ele>
      </trkpt>
      <trkpt lat="46.797181" lon="9.659031">
        <ele>2212.92177</ele>
      </trkpt>
      <trkpt lat="46.797221" lon="9.659154">
        <ele>2211.59332</ele>
      </trkpt>
      <trkpt lat="46.797232" lon="9.659236">
        <ele>2210.42</ele>
      </trkpt>
      <trkpt lat="46.797268" lon="9.659308">
        <ele>2209.77725</ele>
      </trkpt>
      <trkpt lat="46.797291" lon="9.659389">
        <ele>2208.39469</ele>
      </trkpt>
      <trkpt lat="46.797286" lon="9.659468">
        <ele>2207.41509</ele>
      </trkpt>
      <trkpt lat="46.797275" lon="9.659536">
        <ele>2207.2333</ele>
      </trkpt>
      <trkpt lat="46.797261" lon="9.659603">
        <ele>2207.00995</ele>
      </trkpt>
      <trkpt lat="46.797265" lon="9.659659">
        <ele>2207.29554</ele>
      </trkpt>
      <trkpt lat="46.797282" lon="9.65971">
        <ele>2207.22172</ele>
      </trkpt>
      <trkpt lat="46.7973" lon="9.659728">
        <ele>2207.18784</ele>
      </trkpt>
      <trkpt lat="46.797321" lon="9.659762">
        <ele>2206.80501</ele>
      </trkpt>
      <trkpt lat="46.797291" lon="9.659871">
        <ele>2203.88762</ele>
      </trkpt>
      <trkpt lat="46.797283" lon="9.659919">
        <ele>2202.57443</ele>
      </trkpt>
      <trkpt lat="46.797304" lon="9.659969">
        <ele>2201.6563</ele>
      </trkpt>
      <trkpt lat="46.797301" lon="9.660039">
        <ele>2200.66208</ele>
      </trkpt>
      <trkpt lat="46.797274" lon="9.66008">
        <ele>2200.08232</ele>
      </trkpt>
      <trkpt lat="46.797194" lon="9.660165">
        <ele>2197.01141</ele>
      </trkpt>
      <trkpt lat="46.797137" lon="9.660211">
        <ele>2194.69128</ele>
      </trkpt>
      <trkpt lat="46.797119" lon="9.660287">
        <ele>2193.45694</ele>
      </trkpt>
      <trkpt lat="46.797071" lon="9.660396">
        <ele>2191.45334</ele>
      </trkpt>
      <trkpt lat="46.797031" lon="9.660484">
        <ele>2188.71758</ele>
      </trkpt>
      <trkpt lat="46.796982" lon="9.660573">
        <ele>2186.76908</ele>
      </trkpt>
      <trkpt lat="46.796919" lon="9.660676">
        <ele>2184.26909</ele>
      </trkpt>
      <trkpt lat="46.796869" lon="9.660727">
        <ele>2182.26623</ele>
      </trkpt>
      <trkpt lat="46.796795" lon="9.660796">
        <ele>2180.29711</ele>
      </trkpt>
      <trkpt lat="46.796771" lon="9.660923">
        <ele>2178.36794</ele>
      </trkpt>
      <trkpt lat="46.796741" lon="9.661054">
        <ele>2176.50245</ele>
      </trkpt>
      <trkpt lat="46.79669" lon="9.66118">
        <ele>2174.86316</ele>
      </trkpt>
      <trkpt lat="46.796652" lon="9.661286">
        <ele>2173.71486</ele>
      </trkpt>
      <trkpt lat="46.796621" lon="9.661428">
        <ele>2172.78721</ele>
      </trkpt>
      <trkpt lat="46.796614" lon="9.661567">
        <ele>2172.00872</ele>
      </trkpt>
      <trkpt lat="46.796595" lon="9.661694">
        <ele>2170.59581</ele>
      </trkpt>
      <trkpt lat="46.796566" lon="9.661816">
        <ele>2169.1885</ele>
      </trkpt>
      <trkpt lat="46.796546" lon="9.661899">
        <ele>2168.48415</ele>
      </trkpt>
      <trkpt lat="46.79649" lon="9.662047">
        <ele>2167.56042</ele>
      </trkpt>
      <trkpt lat="46.79644" lon="9.662172">
        <ele>2167.34029</ele>
      </trkpt>
      <trkpt lat="46.796376" lon="9.66222">
        <ele>2166.46495</ele>
      </trkpt>
      <trkpt lat="46.796353" lon="9.662277">
        <ele>2165.62839</ele>
      </trkpt>
      <trkpt lat="46.796369" lon="9.662339">
        <ele>2164.95635</ele>
      </trkpt>
      <trkpt lat="46.796384" lon="9.662406">
        <ele>2164.40661</ele>
      </trkpt>
      <trkpt lat="46.796383" lon="9.662543">
        <ele>2162.83259</ele>
      </trkpt>
      <trkpt lat="46.796357" lon="9.662696">
        <ele>2161.08663</ele>
      </trkpt>
      <trkpt lat="46.796328" lon="9.662853">
        <ele>2159.85645</ele>
      </trkpt>
      <trkpt lat="46.796314" lon="9.662967">
        <ele>2159.46448</ele>
      </trkpt>
      <trkpt lat="46.796285" lon="9.663048">
        <ele>2158.66606</ele>
      </trkpt>
      <trkpt lat="46.796267" lon="9.663159">
        <ele>2158.74587</ele>
      </trkpt>
      <trkpt lat="46.796269" lon="9.663261">
        <ele>2159.02109</ele>
      </trkpt>
      <trkpt lat="46.796268" lon="9.663402">
        <ele>2158.50046</ele>
      </trkpt>
      <trkpt lat="46.796257" lon="9.663542">
        <ele>2157.71281</ele>
      </trkpt>
      <trkpt lat="46.796272" lon="9.663655">
        <ele>2156.92711</ele>
      </trkpt>
      <trkpt lat="46.796307" lon="9.663767">
        <ele>2156.12566</ele>
      </trkpt>
      <trkpt lat="46.796361" lon="9.663932">
        <ele>2155.84051</ele>
      </trkpt>
      <trkpt lat="46.796369" lon="9.664012">
        <ele>2154.83152</ele>
      </trkpt>
      <trkpt lat="46.796443" lon="9.664136">
        <ele>2153.2792</ele>
      </trkpt>
      <trkpt lat="46.796482" lon="9.664208">
        <ele>2151.40772</ele>
      </trkpt>
      <trkpt lat="46.796527" lon="9.664259">
        <ele>2150.7889</ele>
      </trkpt>
      <trkpt lat="46.796559" lon="9.66432">
        <ele>2150.93786</ele>
      </trkpt>
      <trkpt lat="46.796606" lon="9.664414">
        <ele>2150.38283</ele>
      </trkpt>
      <trkpt lat="46.796646" lon="9.664475">
        <ele>2150.10989</ele>
      </trkpt>
      <trkpt lat="46.796692" lon="9.664532">
        <ele>2149.50568</ele>
      </trkpt>
      <trkpt lat="46.796698" lon="9.664658">
        <ele>2149.37948</ele>
      </trkpt>
      <trkpt lat="46.796689" lon="9.664792">
        <ele>2149.07365</ele>
      </trkpt>
      <trkpt lat="46.796697" lon="9.664898">
        <ele>2149.66402</ele>
      </trkpt>
      <trkpt lat="46.796712" lon="9.664989">
        <ele>2150.2986</ele>
      </trkpt>
      <trkpt lat="46.796757" lon="9.665093">
        <ele>2151.06961</ele>
      </trkpt>
      <trkpt lat="46.79678" lon="9.665241">
        <ele>2151.40782</ele>
      </trkpt>
      <trkpt lat="46.796804" lon="9.665399">
        <ele>2152.388</ele>
      </trkpt>
      <trkpt lat="46.796827" lon="9.665541">
        <ele>2153.02674</ele>
      </trkpt>
      <trkpt lat="46.796853" lon="9.665637">
        <ele>2153.55946</ele>
      </trkpt>
      <trkpt lat="46.796879" lon="9.665709">
        <ele>2154.09927</ele>
      </trkpt>
      <trkpt lat="46.796909" lon="9.665742">
        <ele>2154.08073</ele>
        <name>46.796925,9.665710</name>
        <extensions>
          <oa:locType>routingNode</oa:locType>
        </extensions>
      </trkpt>
      <trkpt lat="46.796935" lon="9.66577">
        <ele>2153.84274</ele>
      </trkpt>
      <trkpt lat="46.797005" lon="9.665799">
        <ele>2152.66007</ele>
      </trkpt>
      <trkpt lat="46.797068" lon="9.665866">
        <ele>2150.27585</ele>
      </trkpt>
      <trkpt lat="46.797125" lon="9.665957">
        <ele>2149.16143</ele>
      </trkpt>
      <trkpt lat="46.79717" lon="9.666046">
        <ele>2148.44346</ele>
      </trkpt>
      <trkpt lat="46.797231" lon="9.666216">
        <ele>2147.70236</ele>
      </trkpt>
      <trkpt lat="46.797309" lon="9.666368">
        <ele>2146.95263</ele>
      </trkpt>
      <trkpt lat="46.797351" lon="9.666468">
        <ele>2146.371</ele>
      </trkpt>
      <trkpt lat="46.797362" lon="9.666494">
        <ele>2146.17723</ele>
      </trkpt>
      <trkpt lat="46.797416" lon="9.66661">
        <ele>2145.52184</ele>
      </trkpt>
      <trkpt lat="46.797512" lon="9.666713">
        <ele>2144.24717</ele>
      </trkpt>
      <trkpt lat="46.797597" lon="9.666791">
        <ele>2143.30634</ele>
      </trkpt>
      <trkpt lat="46.797675" lon="9.666904">
        <ele>2142.02679</ele>
      </trkpt>
      <trkpt lat="46.797734" lon="9.667062">
        <ele>2140.84392</ele>
      </trkpt>
      <trkpt lat="46.797803" lon="9.667193">
        <ele>2139.57409</ele>
      </trkpt>
      <trkpt lat="46.797854" lon="9.667257">
        <ele>2139.10713</ele>
      </trkpt>
      <trkpt lat="46.797941" lon="9.667322">
        <ele>2138.26187</ele>
      </trkpt>
      <trkpt lat="46.798044" lon="9.667378">
        <ele>2138.6515</ele>
      </trkpt>
      <trkpt lat="46.798169" lon="9.667406">
        <ele>2138.60575</ele>
      </trkpt>
      <trkpt lat="46.798269" lon="9.667367">
        <ele>2138.40285</ele>
      </trkpt>
      <trkpt lat="46.798307" lon="9.667354">
        <ele>2138.17224</ele>
      </trkpt>
      <trkpt lat="46.79835" lon="9.667329">
        <ele>2137.94502</ele>
      </trkpt>
      <trkpt lat="46.7984" lon="9.667276">
        <ele>2137.87026</ele>
      </trkpt>
      <trkpt lat="46.79846" lon="9.667256">
        <ele>2137.03678</ele>
      </trkpt>
      <trkpt lat="46.798544" lon="9.667259">
        <ele>2135.62405</ele>
      </trkpt>
      <trkpt lat="46.798639" lon="9.667275">
        <ele>2134.64358</ele>
      </trkpt>
      <trkpt lat="46.798704" lon="9.667319">
        <ele>2133.7854</ele>
      </trkpt>
      <trkpt lat="46.798757" lon="9.667449">
        <ele>2132.10382</ele>
      </trkpt>
      <trkpt lat="46.798782" lon="9.66753">
        <ele>2131.23296</ele>
      </trkpt>
      <trkpt lat="46.798795" lon="9.667615">
        <ele>2129.82365</ele>
      </trkpt>
      <trkpt lat="46.798831" lon="9.66768">
        <ele>2128.33864</ele>
      </trkpt>
      <trkpt lat="46.798901" lon="9.667722">
        <ele>2126.87055</ele>
      </trkpt>
      <trkpt lat="46.798989" lon="9.667714">
        <ele>2125.04387</ele>
      </trkpt>
      <trkpt lat="46.799083" lon="9.667701">
        <ele>2122.39434</ele>
      </trkpt>
      <trkpt lat="46.799148" lon="9.667712">
        <ele>2120.81003</ele>
      </trkpt>
      <trkpt lat="46.79922" lon="9.667705">
        <ele>2119.16572</ele>
      </trkpt>
      <trkpt lat="46.799277" lon="9.66766">
        <ele>2117.87391</ele>
      </trkpt>
      <trkpt lat="46.799328" lon="9.667576">
        <ele>2117.38252</ele>
      </trkpt>
      <trkpt lat="46.79936" lon="9.667538">
        <ele>2116.5845</ele>
      </trkpt>
      <trkpt lat="46.799391" lon="9.66748">
        <ele>2114.97349</ele>
      </trkpt>
      <trkpt lat="46.79944" lon="9.667424">
        <ele>2113.45684</ele>
      </trkpt>
      <trkpt lat="46.799498" lon="9.667369">
        <ele>2112.19641</ele>
      </trkpt>
      <trkpt lat="46.799526" lon="9.667312">
        <ele>2111.01398</ele>
      </trkpt>
      <trkpt lat="46.799543" lon="9.66721">
        <ele>2109.94259</ele>
      </trkpt>
      <trkpt lat="46.799566" lon="9.667166">
        <ele>2109.77838</ele>
      </trkpt>
      <trkpt lat="46.799583" lon="9.667111">
        <ele>2109.60732</ele>
      </trkpt>
      <trkpt lat="46.799603" lon="9.667058">
        <ele>2109.34854</ele>
      </trkpt>
      <trkpt lat="46.799626" lon="9.667026">
        <ele>2109.54166</ele>
      </trkpt>
      <trkpt lat="46.799664" lon="9.667026">
        <ele>2110.21345</ele>
      </trkpt>
      <trkpt lat="46.799696" lon="9.667066">
        <ele>2110.37857</ele>
      </trkpt>
      <trkpt lat="46.799751" lon="9.667104">
        <ele>2111.20471</ele>
      </trkpt>
      <trkpt lat="46.799826" lon="9.667204">
        <ele>2113.03611</ele>
      </trkpt>
      <trkpt lat="46.799843" lon="9.667255">
        <ele>2113.09203</ele>
      </trkpt>
      <trkpt lat="46.799874" lon="9.667298">
        <ele>2114.34259</ele>
      </trkpt>
      <trkpt lat="46.799913" lon="9.667332">
        <ele>2115.6254</ele>
      </trkpt>
      <trkpt lat="46.799943" lon="9.667382">
        <ele>2116.51059</ele>
      </trkpt>
      <trkpt lat="46.799989" lon="9.667425">
        <ele>2118.48176</ele>
      </trkpt>
      <trkpt lat="46.80003" lon="9.667464">
        <ele>2118.77632</ele>
      </trkpt>
      <trkpt lat="46.800069" lon="9.667485">
        <ele>2118.8365</ele>
      </trkpt>
      <trkpt lat="46.800135" lon="9.667529">
        <ele>2118.23285</ele>
      </trkpt>
      <trkpt lat="46.800172" lon="9.667559">
        <ele>2117.5853</ele>
      </trkpt>
      <trkpt lat="46.800196" lon="9.667614">
        <ele>2116.9491</ele>
      </trkpt>
      <trkpt lat="46.800245" lon="9.667683">
        <ele>2117.17399</ele>
      </trkpt>
      <trkpt lat="46.800292" lon="9.667753">
        <ele>2117.60429</ele>
      </trkpt>
      <trkpt lat="46.800344" lon="9.667821">
        <ele>2118.54863</ele>
      </trkpt>
      <trkpt lat="46.80038" lon="9.667842">
        <ele>2119.49168</ele>
      </trkpt>
      <trkpt lat="46.800387" lon="9.667881">
        <ele>2119.06622</ele>
      </trkpt>
      <trkpt lat="46.800406" lon="9.667917">
        <ele>2118.87539</ele>
      </trkpt>
      <trkpt lat="46.800446" lon="9.667966">
        <ele>2118.54698</ele>
      </trkpt>
      <trkpt lat="46.800494" lon="9.668021">
        <ele>2117.94967</ele>
      </trkpt>
      <trkpt lat="46.800555" lon="9.668096">
        <ele>2117.888</ele>
      </trkpt>
      <trkpt lat="46.800576" lon="9.668146">
        <ele>2117.86499</ele>
      </trkpt>
      <trkpt lat="46.800635" lon="9.668208">
        <ele>2117.70225</ele>
      </trkpt>
      <trkpt lat="46.800692" lon="9.668204">
        <ele>2118.7727</ele>
      </trkpt>
      <trkpt lat="46.800723" lon="9.668264">
        <ele>2119.0706</ele>
      </trkpt>
      <trkpt lat="46.800735" lon="9.668316">
        <ele>2119.58774</ele>
      </trkpt>
      <trkpt lat="46.800763" lon="9.668344">
        <ele>2120.41273</ele>
      </trkpt>
      <trkpt lat="46.800785" lon="9.668398">
        <ele>2120.65758</ele>
      </trkpt>
      <trkpt lat="46.800831" lon="9.668411">
        <ele>2120.92669</ele>
      </trkpt>
      <trkpt lat="46.800902" lon="9.668407">
        <ele>2120.6674</ele>
      </trkpt>
      <trkpt lat="46.800964" lon="9.668407">
        <ele>2120.25798</ele>
      </trkpt>
      <trkpt lat="46.801027" lon="9.668439">
        <ele>2120.43035</ele>
      </trkpt>
      <trkpt lat="46.801086" lon="9.668473">
        <ele>2120.51248</ele>
      </trkpt>
      <trkpt lat="46.801122" lon="9.668473">
        <ele>2120.66458</ele>
      </trkpt>
      <trkpt lat="46.801218" lon="9.66847">
        <ele>2120.7121</ele>
      </trkpt>
      <trkpt lat="46.801307" lon="9.668461">
        <ele>2120.81695</ele>
      </trkpt>
      <trkpt lat="46.801359" lon="9.668447">
        <ele>2120.60951</ele>
      </trkpt>
      <trkpt lat="46.801402" lon="9.668457">
        <ele>2120.68836</ele>
      </trkpt>
      <trkpt lat="46.801445" lon="9.668455">
        <ele>2120.8437</ele>
      </trkpt>
      <trkpt lat="46.801529" lon="9.668442">
        <ele>2119.95482</ele>
      </trkpt>
      <trkpt lat="46.801616" lon="9.668433">
        <ele>2119.23531</ele>
      </trkpt>
      <trkpt lat="46.801685" lon="9.668429">
        <ele>2118.57496</ele>
      </trkpt>
      <trkpt lat="46.801744" lon="9.668399">
        <ele>2117.54865</ele>
      </trkpt>
      <trkpt lat="46.801784" lon="9.668396">
        <ele>2116.87278</ele>
      </trkpt>
      <trkpt lat="46.801883" lon="9.668382">
        <ele>2115.02802</ele>
      </trkpt>
      <trkpt lat="46.801907" lon="9.668406">
        <ele>2114.56779</ele>
      </trkpt>
      <trkpt lat="46.801935" lon="9.668417">
        <ele>2114.09799</ele>
      </trkpt>
      <trkpt lat="46.801947" lon="9.668391">
        <ele>2113.71997</ele>
      </trkpt>
      <trkpt lat="46.801963" lon="9.668352">
        <ele>2112.94198</ele>
      </trkpt>
      <trkpt lat="46.801998" lon="9.66832">
        <ele>2112.14636</ele>
      </trkpt>
      <trkpt lat="46.802058" lon="9.668306">
        <ele>2111.59722</ele>
      </trkpt>
      <trkpt lat="46.802114" lon="9.668309">
        <ele>2111.5499</ele>
      </trkpt>
      <trkpt lat="46.802201" lon="9.66831">
        <ele>2111.6297</ele>
      </trkpt>
      <trkpt lat="46.802249" lon="9.668349">
        <ele>2110.98561</ele>
      </trkpt>
      <trkpt lat="46.802279" lon="9.668365">
        <ele>2111.03747</ele>
      </trkpt>
      <trkpt lat="46.802312" lon="9.668395">
        <ele>2111.08819</ele>
      </trkpt>
      <trkpt lat="46.802372" lon="9.668414">
        <ele>2111.59921</ele>
      </trkpt>
      <trkpt lat="46.802396" lon="9.668463">
        <ele>2111.06439</ele>
      </trkpt>
      <trkpt lat="46.802432" lon="9.668547">
        <ele>2110.7131</ele>
      </trkpt>
      <trkpt lat="46.802474" lon="9.668658">
        <ele>2110.1796</ele>
      </trkpt>
      <trkpt lat="46.802529" lon="9.668731">
        <ele>2110.03182</ele>
      </trkpt>
      <trkpt lat="46.802576" lon="9.66877">
        <ele>2109.74798</ele>
      </trkpt>
      <trkpt lat="46.802619" lon="9.668834">
        <ele>2108.97078</ele>
      </trkpt>
      <trkpt lat="46.802639" lon="9.668915">
        <ele>2108.2729</ele>
      </trkpt>
      <trkpt lat="46.802652" lon="9.668968">
        <ele>2107.73506</ele>
      </trkpt>
      <trkpt lat="46.802682" lon="9.669031">
        <ele>2106.36981</ele>
      </trkpt>
      <trkpt lat="46.802679" lon="9.66907">
        <ele>2105.64306</ele>
      </trkpt>
      <trkpt lat="46.802716" lon="9.66914">
        <ele>2104.1891</ele>
      </trkpt>
      <trkpt lat="46.802777" lon="9.669289">
        <ele>2100.9986</ele>
      </trkpt>
      <trkpt lat="46.802798" lon="9.669369">
        <ele>2099.91228</ele>
      </trkpt>
      <trkpt lat="46.802837" lon="9.669542">
        <ele>2098.05556</ele>
      </trkpt>
      <trkpt lat="46.802879" lon="9.669651">
        <ele>2096.52386</ele>
      </trkpt>
      <trkpt lat="46.802931" lon="9.669754">
        <ele>2095.06943</ele>
      </trkpt>
      <trkpt lat="46.802988" lon="9.669868">
        <ele>2093.84547</ele>
      </trkpt>
      <trkpt lat="46.803019" lon="9.669933">
        <ele>2092.97628</ele>
        <name>46.803035,9.669916</name>
        <extensions>
          <oa:locType>routingNode</oa:locType>
        </extensions>
      </trkpt>
      <trkpt lat="46.803021" lon="9.669938">
        <ele>2092.91032</ele>
      </trkpt>
      <trkpt lat="46.803063" lon="9.67">
        <ele>2092.22481</ele>
      </trkpt>
      <trkpt lat="46.803101" lon="9.669875">
        <ele>2091.63989</ele>
      </trkpt>
      <trkpt lat="46.803125" lon="9.669749">
        <ele>2091.01326</ele>
      </trkpt>
      <trkpt lat="46.803123" lon="9.669646">
        <ele>2090.82227</ele>
      </trkpt>
      <trkpt lat="46.803139" lon="9.669502">
        <ele>2090.43786</ele>
      </trkpt>
      <trkpt lat="46.803182" lon="9.669288">
        <ele>2091.06381</ele>
      </trkpt>
      <trkpt lat="46.803214" lon="9.669149">
        <ele>2091.14587</ele>
      </trkpt>
      <trkpt lat="46.803232" lon="9.669033">
        <ele>2091.40903</ele>
      </trkpt>
      <trkpt lat="46.803256" lon="9.668898">
        <ele>2090.90823</ele>
      </trkpt>
      <trkpt lat="46.803278" lon="9.668736">
        <ele>2090.39135</ele>
      </trkpt>
      <trkpt lat="46.803286" lon="9.668566">
        <ele>2090.49949</ele>
      </trkpt>
      <trkpt lat="46.803304" lon="9.668421">
        <ele>2090.893</ele>
      </trkpt>
      <trkpt lat="46.803324" lon="9.668286">
        <ele>2091.30305</ele>
      </trkpt>
      <trkpt lat="46.803353" lon="9.668122">
        <ele>2091.90247</ele>
      </trkpt>
      <trkpt lat="46.803367" lon="9.667997">
        <ele>2092.27221</ele>
      </trkpt>
      <trkpt lat="46.803365" lon="9.667863">
        <ele>2092.52652</ele>
      </trkpt>
      <trkpt lat="46.803342" lon="9.667735">
        <ele>2093.1194</ele>
      </trkpt>
      <trkpt lat="46.803326" lon="9.66767">
        <ele>2093.02585</ele>
      </trkpt>
      <trkpt lat="46.803318" lon="9.667608">
        <ele>2092.73224</ele>
      </trkpt>
      <trkpt lat="46.803319" lon="9.667549">
        <ele>2092.37051</ele>
      </trkpt>
      <trkpt lat="46.803312" lon="9.667483">
        <ele>2091.82562</ele>
      </trkpt>
      <trkpt lat="46.803347" lon="9.667378">
        <ele>2092.18562</ele>
      </trkpt>
      <trkpt lat="46.803359" lon="9.667315">
        <ele>2093.1823</ele>
      </trkpt>
      <trkpt lat="46.803358" lon="9.667227">
        <ele>2093.91327</ele>
      </trkpt>
      <trkpt lat="46.803349" lon="9.667157">
        <ele>2094.11003</ele>
      </trkpt>
      <trkpt lat="46.803356" lon="9.666974">
        <ele>2094.81498</ele>
      </trkpt>
      <trkpt lat="46.803344" lon="9.666832">
        <ele>2095.28394</ele>
      </trkpt>
      <trkpt lat="46.80331" lon="9.666641">
        <ele>2095.41943</ele>
      </trkpt>
      <trkpt lat="46.80328" lon="9.666442">
        <ele>2095.98024</ele>
      </trkpt>
      <trkpt lat="46.803221" lon="9.666194">
        <ele>2096.14276</ele>
      </trkpt>
      <trkpt lat="46.803207" lon="9.666072">
        <ele>2096.21851</ele>
      </trkpt>
      <trkpt lat="46.803206" lon="9.666063">
        <ele>2096.21767</ele>
      </trkpt>
      <trkpt lat="46.803174" lon="9.665938">
        <ele>2096.96857</ele>
      </trkpt>
      <trkpt lat="46.803163" lon="9.665854">
        <ele>2097.3302</ele>
      </trkpt>
      <trkpt lat="46.803158" lon="9.665819">
        <ele>2097.32149</ele>
      </trkpt>
      <trkpt lat="46.803155" lon="9.665795">
        <ele>2097.22035</ele>
      </trkpt>
      <trkpt lat="46.803117" lon="9.665699">
        <ele>2097.09264</ele>
      </trkpt>
      <trkpt lat="46.803065" lon="9.665612">
        <ele>2096.81301</ele>
      </trkpt>
      <trkpt lat="46.803031" lon="9.665469">
        <ele>2097.15171</ele>
      </trkpt>
      <trkpt lat="46.80296" lon="9.665279">
        <ele>2098.39774</ele>
      </trkpt>
      <trkpt lat="46.802863" lon="9.665058">
        <ele>2099.49263</ele>
      </trkpt>
      <trkpt lat="46.802773" lon="9.664927">
        <ele>2100.14791</ele>
      </trkpt>
      <trkpt lat="46.802713" lon="9.664818">
        <ele>2099.02694</ele>
      </trkpt>
      <trkpt lat="46.802634" lon="9.664695">
        <ele>2097.51499</ele>
      </trkpt>
      <trkpt lat="46.802607" lon="9.664639">
        <ele>2096.97211</ele>
      </trkpt>
      <trkpt lat="46.802571" lon="9.664597">
        <ele>2096.69899</ele>
      </trkpt>
      <trkpt lat="46.802535" lon="9.664526">
        <ele>2096.18267</ele>
      </trkpt>
      <trkpt lat="46.802478" lon="9.664377">
        <ele>2094.95421</ele>
      </trkpt>
      <trkpt lat="46.802448" lon="9.664254">
        <ele>2093.74567</ele>
      </trkpt>
      <trkpt lat="46.802412" lon="9.664146">
        <ele>2092.75056</ele>
      </trkpt>
      <trkpt lat="46.802403" lon="9.664121">
        <ele>2092.56104</ele>
      </trkpt>
      <trkpt lat="46.802397" lon="9.664112">
        <ele>2092.53036</ele>
      </trkpt>
      <trkpt lat="46.802365" lon="9.664063">
        <ele>2092.19838</ele>
      </trkpt>
      <trkpt lat="46.802319" lon="9.663959">
        <ele>2090.60765</ele>
      </trkpt>
      <trkpt lat="46.802313" lon="9.663906">
        <ele>2090.01561</ele>
      </trkpt>
      <trkpt lat="46.802296" lon="9.663739">
        <ele>2088.66395</ele>
      </trkpt>
      <trkpt lat="46.802267" lon="9.663607">
        <ele>2088.22702</ele>
      </trkpt>
      <trkpt lat="46.802172" lon="9.663485">
        <ele>2087.99286</ele>
      </trkpt>
      <trkpt lat="46.802144" lon="9.663381">
        <ele>2087.03167</ele>
      </trkpt>
      <trkpt lat="46.802112" lon="9.663311">
        <ele>2086.59508</ele>
      </trkpt>
      <trkpt lat="46.802095" lon="9.663274">
        <ele>2086.25991</ele>
      </trkpt>
      <trkpt lat="46.802083" lon="9.663153">
        <ele>2085.56631</ele>
      </trkpt>
      <trkpt lat="46.802078" lon="9.663104">
        <ele>2085.54322</ele>
      </trkpt>
      <trkpt lat="46.802068" lon="9.663009">
        <ele>2084.87727</ele>
      </trkpt>
      <trkpt lat="46.802055" lon="9.662978">
        <ele>2084.6706</ele>
      </trkpt>
      <trkpt lat="46.802053" lon="9.662974">
        <ele>2084.64954</ele>
      </trkpt>
      <trkpt lat="46.80204" lon="9.662886">
        <ele>2083.77198</ele>
      </trkpt>
      <trkpt lat="46.80204" lon="9.662832">
        <ele>2083.53072</ele>
      </trkpt>
      <trkpt lat="46.802039" lon="9.662745">
        <ele>2082.92201</ele>
      </trkpt>
      <trkpt lat="46.802047" lon="9.662614">
        <ele>2081.94827</ele>
      </trkpt>
      <trkpt lat="46.802048" lon="9.662505">
        <ele>2081.06241</ele>
      </trkpt>
      <trkpt lat="46.802055" lon="9.662386">
        <ele>2079.76074</ele>
      </trkpt>
      <trkpt lat="46.802073" lon="9.662253">
        <ele>2078.48748</ele>
      </trkpt>
      <trkpt lat="46.802073" lon="9.662103">
        <ele>2076.89286</ele>
      </trkpt>
      <trkpt lat="46.802084" lon="9.662003">
        <ele>2076.10341</ele>
      </trkpt>
      <trkpt lat="46.802101" lon="9.661924">
        <ele>2076.08089</ele>
      </trkpt>
      <trkpt lat="46.802125" lon="9.661874">
        <ele>2076.11078</ele>
      </trkpt>
      <trkpt lat="46.802175" lon="9.661759">
        <ele>2075.78898</ele>
      </trkpt>
      <trkpt lat="46.802187" lon="9.661712">
        <ele>2075.46719</ele>
      </trkpt>
      <trkpt lat="46.802202" lon="9.661635">
        <ele>2074.8163</ele>
      </trkpt>
      <trkpt lat="46.802235" lon="9.661577">
        <ele>2074.01862</ele>
      </trkpt>
      <trkpt lat="46.802258" lon="9.661525">
        <ele>2073.68295</ele>
      </trkpt>
      <trkpt lat="46.80231" lon="9.661381">
        <ele>2072.31926</ele>
      </trkpt>
      <trkpt lat="46.802336" lon="9.661225">
        <ele>2070.68306</ele>
      </trkpt>
      <trkpt lat="46.80232" lon="9.661152">
        <ele>2070.68292</ele>
      </trkpt>
      <trkpt lat="46.802311" lon="9.661089">
        <ele>2070.47626</ele>
      </trkpt>
      <trkpt lat="46.802318" lon="9.660999">
        <ele>2068.90348</ele>
      </trkpt>
      <trkpt lat="46.802316" lon="9.66097">
        <ele>2068.41799</ele>
      </trkpt>
      <trkpt lat="46.802312" lon="9.660929">
        <ele>2068.08635</ele>
      </trkpt>
      <trkpt lat="46.802327" lon="9.660839">
        <ele>2067.44367</ele>
      </trkpt>
      <trkpt lat="46.80234" lon="9.660816">
        <ele>2067.1155</ele>
      </trkpt>
      <trkpt lat="46.802371" lon="9.660763">
        <ele>2066.19964</ele>
      </trkpt>
      <trkpt lat="46.802406" lon="9.660684">
        <ele>2065.2215</ele>
      </trkpt>
      <trkpt lat="46.802428" lon="9.660615">
        <ele>2064.48195</ele>
      </trkpt>
      <trkpt lat="46.802488" lon="9.66048">
        <ele>2063.25364</ele>
      </trkpt>
      <trkpt lat="46.802552" lon="9.660432">
        <ele>2062.93809</ele>
      </trkpt>
      <trkpt lat="46.802613" lon="9.660342">
        <ele>2063.04692</ele>
      </trkpt>
      <trkpt lat="46.802646" lon="9.6603">
        <ele>2062.86016</ele>
      </trkpt>
      <trkpt lat="46.802674" lon="9.660227">
        <ele>2062.64211</ele>
      </trkpt>
      <trkpt lat="46.802723" lon="9.660153">
        <ele>2061.53409</ele>
      </trkpt>
      <trkpt lat="46.80276" lon="9.66011">
        <ele>2060.54275</ele>
      </trkpt>
      <trkpt lat="46.802779" lon="9.660051">
        <ele>2060.93355</ele>
      </trkpt>
      <trkpt lat="46.802824" lon="9.659983">
        <ele>2060.81104</ele>
      </trkpt>
      <trkpt lat="46.802868" lon="9.659888">
        <ele>2059.88663</ele>
      </trkpt>
      <trkpt lat="46.802915" lon="9.659785">
        <ele>2059.53405</ele>
      </trkpt>
      <trkpt lat="46.802978" lon="9.659721">
        <ele>2058.67812</ele>
      </trkpt>
      <trkpt lat="46.803031" lon="9.659648">
        <ele>2057.3386</ele>
      </trkpt>
      <trkpt lat="46.803065" lon="9.659552">
        <ele>2056.63549</ele>
      </trkpt>
      <trkpt lat="46.803103" lon="9.659449">
        <ele>2055.42818</ele>
      </trkpt>
      <trkpt lat="46.803129" lon="9.659304">
        <ele>2054.45204</ele>
      </trkpt>
      <trkpt lat="46.803163" lon="9.659182">
        <ele>2053.73387</ele>
      </trkpt>
      <trkpt lat="46.803202" lon="9.659126">
        <ele>2053.39506</ele>
      </trkpt>
      <trkpt lat="46.803237" lon="9.659074">
        <ele>2053.17848</ele>
      </trkpt>
      <trkpt lat="46.803253" lon="9.65898">
        <ele>2052.77149</ele>
      </trkpt>
      <trkpt lat="46.803258" lon="9.658852">
        <ele>2051.96465</ele>
      </trkpt>
      <trkpt lat="46.803233" lon="9.658736">
        <ele>2052.52147</ele>
      </trkpt>
      <trkpt lat="46.803241" lon="9.65866">
        <ele>2051.28344</ele>
      </trkpt>
      <trkpt lat="46.803244" lon="9.658533">
        <ele>2049.76004</ele>
      </trkpt>
      <trkpt lat="46.803246" lon="9.65842">
        <ele>2048.58163</ele>
      </trkpt>
      <trkpt lat="46.803268" lon="9.658277">
        <ele>2047.23511</ele>
      </trkpt>
      <trkpt lat="46.80329" lon="9.658166">
        <ele>2046.92564</ele>
      </trkpt>
      <trkpt lat="46.803342" lon="9.658068">
        <ele>2046.60033</ele>
      </trkpt>
      <trkpt lat="46.803419" lon="9.657966">
        <ele>2046.76462</ele>
      </trkpt>
      <trkpt lat="46.803487" lon="9.657891">
        <ele>2046.28008</ele>
      </trkpt>
      <trkpt lat="46.803566" lon="9.657791">
        <ele>2045.14001</ele>
      </trkpt>
      <trkpt lat="46.80363" lon="9.657736">
        <ele>2044.7383</ele>
      </trkpt>
      <trkpt lat="46.803661" lon="9.657733">
        <ele>2044.47019</ele>
      </trkpt>
      <trkpt lat="46.803713" lon="9.657692">
        <ele>2044.32619</ele>
      </trkpt>
      <trkpt lat="46.80377" lon="9.657627">
        <ele>2044.26789</ele>
      </trkpt>
      <trkpt lat="46.803804" lon="9.657605">
        <ele>2044.49986</ele>
      </trkpt>
      <trkpt lat="46.803871" lon="9.657592">
        <ele>2044.66299</ele>
      </trkpt>
      <trkpt lat="46.80395" lon="9.657523">
        <ele>2045.53022</ele>
      </trkpt>
      <trkpt lat="46.803995" lon="9.657463">
        <ele>2045.60092</ele>
      </trkpt>
      <trkpt lat="46.804055" lon="9.657375">
        <ele>2046.64836</ele>
      </trkpt>
      <trkpt lat="46.804121" lon="9.657345">
        <ele>2046.99191</ele>
      </trkpt>
      <trkpt lat="46.804175" lon="9.657333">
        <ele>2046.99421</ele>
      </trkpt>
      <trkpt lat="46.804216" lon="9.657285">
        <ele>2048.1971</ele>
      </trkpt>
      <trkpt lat="46.804258" lon="9.657291">
        <ele>2047.79379</ele>
      </trkpt>
      <trkpt lat="46.804352" lon="9.657287">
        <ele>2048.45579</ele>
      </trkpt>
      <trkpt lat="46.804471" lon="9.657261">
        <ele>2049.04745</ele>
      </trkpt>
      <trkpt lat="46.804579" lon="9.657232">
        <ele>2049.83297</ele>
      </trkpt>
      <trkpt lat="46.804643" lon="9.65721">
        <ele>2050.19768</ele>
      </trkpt>
      <trkpt lat="46.804743" lon="9.657194">
        <ele>2050.43703</ele>
      </trkpt>
      <trkpt lat="46.804777" lon="9.657189">
        <ele>2050.48105</ele>
      </trkpt>
      <trkpt lat="46.804791" lon="9.657183">
        <ele>2050.59637</ele>
      </trkpt>
      <trkpt lat="46.804893" lon="9.65714">
        <ele>2051.2826</ele>
      </trkpt>
      <trkpt lat="46.805028" lon="9.657089">
        <ele>2051.69686</ele>
      </trkpt>
      <trkpt lat="46.805033" lon="9.657086">
        <ele>2051.73411</ele>
      </trkpt>
      <trkpt lat="46.805151" lon="9.657003">
        <ele>2052.37541</ele>
      </trkpt>
      <trkpt lat="46.805156" lon="9.656999">
        <ele>2052.40116</ele>
      </trkpt>
      <trkpt lat="46.805284" lon="9.656922">
        <ele>2052.13005</ele>
      </trkpt>
      <trkpt lat="46.805481" lon="9.656776">
        <ele>2051.73951</ele>
      </trkpt>
      <trkpt lat="46.805529" lon="9.656748">
        <ele>2051.6698</ele>
      </trkpt>
      <trkpt lat="46.805633" lon="9.656687">
        <ele>2051.6211</ele>
      </trkpt>
      <trkpt lat="46.805723" lon="9.656593">
        <ele>2051.96557</ele>
      </trkpt>
      <trkpt lat="46.805863" lon="9.656508">
        <ele>2051.96784</ele>
      </trkpt>
      <trkpt lat="46.80589" lon="9.656474">
        <ele>2052.49581</ele>
      </trkpt>
      <trkpt lat="46.805897" lon="9.656466">
        <ele>2052.56999</ele>
      </trkpt>
      <trkpt lat="46.805964" lon="9.656428">
        <ele>2052.4368</ele>
      </trkpt>
      <trkpt lat="46.805985" lon="9.656416">
        <ele>2052.34964</ele>
      </trkpt>
      <trkpt lat="46.806223" lon="9.656274">
        <ele>2052.4634</ele>
      </trkpt>
      <trkpt lat="46.806343" lon="9.656188">
        <ele>2052.29296</ele>
      </trkpt>
      <trkpt lat="46.806363" lon="9.656167">
        <ele>2052.32674</ele>
      </trkpt>
      <trkpt lat="46.806406" lon="9.656119">
        <ele>2052.72792</ele>
      </trkpt>
      <trkpt lat="46.806425" lon="9.656099">
        <ele>2052.84748</ele>
      </trkpt>
      <trkpt lat="46.806526" lon="9.655957">
        <ele>2052.36305</ele>
      </trkpt>
      <trkpt lat="46.806557" lon="9.655891">
        <ele>2052.01501</ele>
      </trkpt>
      <trkpt lat="46.806577" lon="9.655846">
        <ele>2051.18081</ele>
      </trkpt>
      <trkpt lat="46.80664" lon="9.655721">
        <ele>2051.79013</ele>
      </trkpt>
      <trkpt lat="46.806729" lon="9.655524">
        <ele>2048.60676</ele>
      </trkpt>
      <trkpt lat="46.806806" lon="9.655357">
        <ele>2046.80949</ele>
      </trkpt>
      <trkpt lat="46.80686" lon="9.655186">
        <ele>2045.30612</ele>
      </trkpt>
      <trkpt lat="46.806866" lon="9.655167">
        <ele>2044.83852</ele>
      </trkpt>
      <trkpt lat="46.806922" lon="9.655064">
        <ele>2043.56104</ele>
      </trkpt>
      <trkpt lat="46.806949" lon="9.654933">
        <ele>2039.29227</ele>
      </trkpt>
      <trkpt lat="46.806947" lon="9.654826">
        <ele>2038.15614</ele>
      </trkpt>
      <trkpt lat="46.806967" lon="9.654754">
        <ele>2036.86189</ele>
      </trkpt>
      <trkpt lat="46.806958" lon="9.654671">
        <ele>2035.68144</ele>
      </trkpt>
      <trkpt lat="46.806959" lon="9.654617">
        <ele>2034.90031</ele>
      </trkpt>
      <trkpt lat="46.806915" lon="9.654415">
        <ele>2032.32996</ele>
      </trkpt>
      <trkpt lat="46.80689" lon="9.654252">
        <ele>2029.88139</ele>
      </trkpt>
      <trkpt lat="46.806871" lon="9.654128">
        <ele>2028.21675</ele>
      </trkpt>
      <trkpt lat="46.806874" lon="9.654035">
        <ele>2026.44893</ele>
      </trkpt>
      <trkpt lat="46.806898" lon="9.653938">
        <ele>2024.07647</ele>
      </trkpt>
      <trkpt lat="46.80688" lon="9.653879">
        <ele>2022.90202</ele>
      </trkpt>
      <trkpt lat="46.806897" lon="9.653765">
        <ele>2019.64723</ele>
      </trkpt>
      <trkpt lat="46.8069" lon="9.65374">
        <ele>2018.95863</ele>
      </trkpt>
      <trkpt lat="46.806877" lon="9.653674">
        <ele>2017.78837</ele>
      </trkpt>
      <trkpt lat="46.806832" lon="9.653534">
        <ele>2014.46646</ele>
      </trkpt>
      <trkpt lat="46.806783" lon="9.653366">
        <ele>2010.98532</ele>
      </trkpt>
      <trkpt lat="46.806724" lon="9.653199">
        <ele>2008.01392</ele>
      </trkpt>
      <trkpt lat="46.806649" lon="9.65298">
        <ele>2004.73462</ele>
      </trkpt>
      <trkpt lat="46.806581" lon="9.652827">
        <ele>2003.07263</ele>
      </trkpt>
      <trkpt lat="46.806532" lon="9.652657">
        <ele>2000.61128</ele>
      </trkpt>
      <trkpt lat="46.806533" lon="9.652468">
        <ele>1997.76803</ele>
      </trkpt>
      <trkpt lat="46.806531" lon="9.652322">
        <ele>1995.53112</ele>
      </trkpt>
      <trkpt lat="46.80652" lon="9.652188">
        <ele>1993.29463</ele>
      </trkpt>
      <trkpt lat="46.806519" lon="9.652083">
        <ele>1991.85494</ele>
      </trkpt>
      <trkpt lat="46.806451" lon="9.651907">
        <ele>1991.35113</ele>
      </trkpt>
      <trkpt lat="46.806405" lon="9.651747">
        <ele>1990.43095</ele>
      </trkpt>
      <trkpt lat="46.806427" lon="9.651641">
        <ele>1988.22234</ele>
      </trkpt>
      <trkpt lat="46.806425" lon="9.651524">
        <ele>1986.64154</ele>
      </trkpt>
      <trkpt lat="46.806412" lon="9.651394">
        <ele>1985.12183</ele>
      </trkpt>
      <trkpt lat="46.806392" lon="9.651201">
        <ele>1982.42101</ele>
      </trkpt>
      <trkpt lat="46.806407" lon="9.650986">
        <ele>1978.0021</ele>
      </trkpt>
      <trkpt lat="46.806403" lon="9.650835">
        <ele>1975.21337</ele>
      </trkpt>
      <trkpt lat="46.80637" lon="9.650727">
        <ele>1973.71142</ele>
      </trkpt>
      <trkpt lat="46.806408" lon="9.650605">
        <ele>1971.2847</ele>
      </trkpt>
      <trkpt lat="46.806395" lon="9.650557">
        <ele>1970.5338</ele>
      </trkpt>
      <trkpt lat="46.806395" lon="9.650439">
        <ele>1968.66199</ele>
      </trkpt>
      <trkpt lat="46.806379" lon="9.65033">
        <ele>1967.31077</ele>
      </trkpt>
      <trkpt lat="46.806401" lon="9.650047">
        <ele>1962.87808</ele>
      </trkpt>
      <trkpt lat="46.80642" lon="9.64991">
        <ele>1960.65435</ele>
      </trkpt>
      <trkpt lat="46.806455" lon="9.649889">
        <ele>1959.74318</ele>
      </trkpt>
      <trkpt lat="46.806465" lon="9.649862">
        <ele>1959.1214</ele>
      </trkpt>
      <trkpt lat="46.80645" lon="9.649797">
        <ele>1958.23185</ele>
      </trkpt>
      <trkpt lat="46.806501" lon="9.649602">
        <ele>1954.30549</ele>
      </trkpt>
      <trkpt lat="46.806556" lon="9.649376">
        <ele>1951.76673</ele>
      </trkpt>
      <trkpt lat="46.806566" lon="9.64921">
        <ele>1949.13932</ele>
      </trkpt>
      <trkpt lat="46.806595" lon="9.649169">
        <ele>1948.46913</ele>
      </trkpt>
      <trkpt lat="46.806612" lon="9.649123">
        <ele>1948.30808</ele>
      </trkpt>
      <trkpt lat="46.806643" lon="9.649093">
        <ele>1948.03518</ele>
      </trkpt>
      <trkpt lat="46.806712" lon="9.649056">
        <ele>1946.67678</ele>
      </trkpt>
      <trkpt lat="46.806762" lon="9.649015">
        <ele>1945.93179</ele>
      </trkpt>
      <trkpt lat="46.806801" lon="9.648959">
        <ele>1945.41259</ele>
      </trkpt>
      <trkpt lat="46.806842" lon="9.648921">
        <ele>1945.21053</ele>
      </trkpt>
      <trkpt lat="46.806884" lon="9.648902">
        <ele>1944.63951</ele>
      </trkpt>
      <trkpt lat="46.806938" lon="9.648864">
        <ele>1943.55833</ele>
      </trkpt>
      <trkpt lat="46.806955" lon="9.64882">
        <ele>1942.88654</ele>
      </trkpt>
      <trkpt lat="46.806946" lon="9.64878">
        <ele>1941.98852</ele>
      </trkpt>
      <trkpt lat="46.806938" lon="9.648773">
        <ele>1941.94948</ele>
      </trkpt>
      <trkpt lat="46.806893" lon="9.648729">
        <ele>1941.79358</ele>
      </trkpt>
      <trkpt lat="46.806815" lon="9.648688">
        <ele>1941.17998</ele>
      </trkpt>
      <trkpt lat="46.80673" lon="9.648649">
        <ele>1940.74078</ele>
      </trkpt>
      <trkpt lat="46.806641" lon="9.648595">
        <ele>1939.77293</ele>
      </trkpt>
      <trkpt lat="46.806561" lon="9.648527">
        <ele>1939.37039</ele>
      </trkpt>
      <trkpt lat="46.806477" lon="9.648468">
        <ele>1938.44025</ele>
      </trkpt>
      <trkpt lat="46.806387" lon="9.648392">
        <ele>1937.81393</ele>
      </trkpt>
      <trkpt lat="46.806331" lon="9.648336">
        <ele>1936.90005</ele>
      </trkpt>
      <trkpt lat="46.806283" lon="9.648302">
        <ele>1936.23908</ele>
      </trkpt>
      <trkpt lat="46.806219" lon="9.648277">
        <ele>1936.19565</ele>
      </trkpt>
      <trkpt lat="46.806169" lon="9.648263">
        <ele>1935.88661</ele>
      </trkpt>
      <trkpt lat="46.806116" lon="9.648237">
        <ele>1934.94272</ele>
      </trkpt>
      <trkpt lat="46.806086" lon="9.648209">
        <ele>1934.74558</ele>
      </trkpt>
      <trkpt lat="46.806063" lon="9.648147">
        <ele>1934.59903</ele>
      </trkpt>
      <trkpt lat="46.806085" lon="9.648138">
        <ele>1934.36714</ele>
      </trkpt>
      <trkpt lat="46.806104" lon="9.64813">
        <ele>1934.08873</ele>
      </trkpt>
      <trkpt lat="46.806127" lon="9.648121">
        <ele>1933.68665</ele>
        <name>46.806134,9.648158</name>
        <extensions>
          <oa:locType>routingNode</oa:locType>
        </extensions>
      </trkpt>
      <trkpt lat="46.806104" lon="9.64813">
        <ele>1934.08873</ele>
      </trkpt>
      <trkpt lat="46.806085" lon="9.648138">
        <ele>1934.36714</ele>
      </trkpt>
      <trkpt lat="46.806063" lon="9.648147">
        <ele>1934.59903</ele>
      </trkpt>
      <trkpt lat="46.806048" lon="9.648081">
        <ele>1934.54419</ele>
      </trkpt>
      <trkpt lat="46.806044" lon="9.648043">
        <ele>1934.45393</ele>
      </trkpt>
      <trkpt lat="46.806048" lon="9.648005">
        <ele>1934.42151</ele>
      </trkpt>
      <trkpt lat="46.806073" lon="9.647962">
        <ele>1934.3456</ele>
      </trkpt>
      <trkpt lat="46.806109" lon="9.647938">
        <ele>1934.13855</ele>
      </trkpt>
      <trkpt lat="46.806254" lon="9.647835">
        <ele>1934.41954</ele>
      </trkpt>
      <trkpt lat="46.806272" lon="9.647822">
        <ele>1934.4913</ele>
      </trkpt>
      <trkpt lat="46.806373" lon="9.647749">
        <ele>1933.90034</ele>
      </trkpt>
      <trkpt lat="46.806425" lon="9.647704">
        <ele>1933.85993</ele>
      </trkpt>
      <trkpt lat="46.806464" lon="9.647671">
        <ele>1933.76714</ele>
      </trkpt>
      <trkpt lat="46.80653" lon="9.647606">
        <ele>1933.92009</ele>
      </trkpt>
      <trkpt lat="46.806592" lon="9.647546">
        <ele>1933.35154</ele>
      </trkpt>
      <trkpt lat="46.806663" lon="9.647452">
        <ele>1933.11483</ele>
      </trkpt>
      <trkpt lat="46.806745" lon="9.647345">
        <ele>1932.65598</ele>
      </trkpt>
      <trkpt lat="46.806797" lon="9.647261">
        <ele>1932.78751</ele>
      </trkpt>
      <trkpt lat="46.806838" lon="9.64716">
        <ele>1932.58591</ele>
      </trkpt>
      <trkpt lat="46.806875" lon="9.647036">
        <ele>1932.39305</ele>
      </trkpt>
      <trkpt lat="46.806897" lon="9.646932">
        <ele>1932.04038</ele>
      </trkpt>
      <trkpt lat="46.806906" lon="9.646782">
        <ele>1931.31734</ele>
      </trkpt>
      <trkpt lat="46.80691" lon="9.646658">
        <ele>1930.57256</ele>
      </trkpt>
      <trkpt lat="46.806919" lon="9.646509">
        <ele>1929.82998</ele>
      </trkpt>
      <trkpt lat="46.806914" lon="9.646361">
        <ele>1928.82007</ele>
      </trkpt>
      <trkpt lat="46.806899" lon="9.646245">
        <ele>1927.96042</ele>
      </trkpt>
      <trkpt lat="46.806897" lon="9.646134">
        <ele>1927.72047</ele>
      </trkpt>
      <trkpt lat="46.806883" lon="9.64604">
        <ele>1927.9492</ele>
      </trkpt>
      <trkpt lat="46.806842" lon="9.645948">
        <ele>1928.14365</ele>
      </trkpt>
      <trkpt lat="46.806798" lon="9.645835">
        <ele>1928.1873</ele>
      </trkpt>
      <trkpt lat="46.806735" lon="9.645726">
        <ele>1928.23663</ele>
      </trkpt>
      <trkpt lat="46.806679" lon="9.645632">
        <ele>1928.28053</ele>
      </trkpt>
      <trkpt lat="46.806644" lon="9.645555">
        <ele>1928.23994</ele>
      </trkpt>
      <trkpt lat="46.806602" lon="9.645458">
        <ele>1927.79521</ele>
      </trkpt>
      <trkpt lat="46.806556" lon="9.645334">
        <ele>1927.2916</ele>
      </trkpt>
      <trkpt lat="46.806523" lon="9.645264">
        <ele>1926.36361</ele>
      </trkpt>
      <trkpt lat="46.806511" lon="9.645184">
        <ele>1925.88538</ele>
      </trkpt>
      <trkpt lat="46.806517" lon="9.645147">
        <ele>1925.68926</ele>
      </trkpt>
      <trkpt lat="46.806539" lon="9.645101">
        <ele>1925.57403</ele>
      </trkpt>
      <trkpt lat="46.80661" lon="9.645052">
        <ele>1925.39007</ele>
      </trkpt>
      <trkpt lat="46.806683" lon="9.644986">
        <ele>1925.25592</ele>
      </trkpt>
      <trkpt lat="46.806772" lon="9.644907">
        <ele>1925.04057</ele>
      </trkpt>
      <trkpt lat="46.806878" lon="9.644811">
        <ele>1924.74507</ele>
      </trkpt>
      <trkpt lat="46.806965" lon="9.644728">
        <ele>1923.92321</ele>
      </trkpt>
      <trkpt lat="46.80704" lon="9.64465">
        <ele>1923.25487</ele>
      </trkpt>
      <trkpt lat="46.807098" lon="9.644584">
        <ele>1922.85629</ele>
      </trkpt>
      <trkpt lat="46.807121" lon="9.644542">
        <ele>1922.69516</ele>
      </trkpt>
      <trkpt lat="46.807124" lon="9.644481">
        <ele>1922.56721</ele>
      </trkpt>
      <trkpt lat="46.807106" lon="9.644424">
        <ele>1922.37445</ele>
      </trkpt>
      <trkpt lat="46.807067" lon="9.644363">
        <ele>1922.18473</ele>
      </trkpt>
      <trkpt lat="46.807042" lon="9.644303">
        <ele>1922.01877</ele>
      </trkpt>
      <trkpt lat="46.807041" lon="9.644236">
        <ele>1922.05603</ele>
      </trkpt>
      <trkpt lat="46.807074" lon="9.644101">
        <ele>1921.65967</ele>
      </trkpt>
      <trkpt lat="46.807093" lon="9.643987">
        <ele>1921.52824</ele>
      </trkpt>
      <trkpt lat="46.807091" lon="9.643927">
        <ele>1921.36228</ele>
      </trkpt>
      <trkpt lat="46.807066" lon="9.643849">
        <ele>1920.77509</ele>
      </trkpt>
      <trkpt lat="46.807055" lon="9.643782">
        <ele>1920.64011</ele>
      </trkpt>
      <trkpt lat="46.807081" lon="9.64368">
        <ele>1920.06318</ele>
      </trkpt>
      <trkpt lat="46.807106" lon="9.643507">
        <ele>1919.58841</ele>
      </trkpt>
      <trkpt lat="46.807106" lon="9.643372">
        <ele>1919.25501</ele>
      </trkpt>
      <trkpt lat="46.807134" lon="9.643188">
        <ele>1918.6728</ele>
      </trkpt>
      <trkpt lat="46.807159" lon="9.643049">
        <ele>1919.05928</ele>
      </trkpt>
      <trkpt lat="46.807168" lon="9.642932">
        <ele>1918.17992</ele>
      </trkpt>
      <trkpt lat="46.807151" lon="9.642841">
        <ele>1918.13443</ele>
      </trkpt>
      <trkpt lat="46.807115" lon="9.642728">
        <ele>1917.4</ele>
      </trkpt>
      <trkpt lat="46.80705" lon="9.642624">
        <ele>1914.29836</ele>
      </trkpt>
      <trkpt lat="46.806972" lon="9.642529">
        <ele>1911.3417</ele>
      </trkpt>
      <trkpt lat="46.806882" lon="9.642433">
        <ele>1915.43303</ele>
      </trkpt>
      <trkpt lat="46.806827" lon="9.642327">
        <ele>1916.45758</ele>
      </trkpt>
      <trkpt lat="46.806796" lon="9.642159">
        <ele>1916.63684</ele>
      </trkpt>
      <trkpt lat="46.80678" lon="9.641991">
        <ele>1918.72628</ele>
      </trkpt>
      <trkpt lat="46.80681" lon="9.641875">
        <ele>1918.4591</ele>
      </trkpt>
      <trkpt lat="46.806848" lon="9.641731">
        <ele>1917.45275</ele>
      </trkpt>
      <trkpt lat="46.806857" lon="9.641596">
        <ele>1918.16713</ele>
      </trkpt>
      <trkpt lat="46.80686" lon="9.641452">
        <ele>1916.34422</ele>
      </trkpt>
      <trkpt lat="46.80684" lon="9.641327">
        <ele>1915.61549</ele>
      </trkpt>
      <trkpt lat="46.806798" lon="9.641194">
        <ele>1915.21634</ele>
      </trkpt>
      <trkpt lat="46.806733" lon="9.641032">
        <ele>1912.08472</ele>
      </trkpt>
      <trkpt lat="46.806649" lon="9.640836">
        <ele>1909.98633</ele>
      </trkpt>
      <trkpt lat="46.806565" lon="9.640663">
        <ele>1909.47323</ele>
      </trkpt>
      <trkpt lat="46.806515" lon="9.640497">
        <ele>1906.34699</ele>
      </trkpt>
      <trkpt lat="46.806506" lon="9.64038">
        <ele>1905.63441</ele>
      </trkpt>
      <trkpt lat="46.806508" lon="9.640212">
        <ele>1906.2357</ele>
      </trkpt>
      <trkpt lat="46.806503" lon="9.640086">
        <ele>1905.55859</ele>
      </trkpt>
      <trkpt lat="46.806491" lon="9.639914">
        <ele>1904.54837</ele>
      </trkpt>
      <trkpt lat="46.806502" lon="9.639792">
        <ele>1902.42511</ele>
      </trkpt>
      <trkpt lat="46.806514" lon="9.639654">
        <ele>1902.13595</ele>
      </trkpt>
      <trkpt lat="46.806513" lon="9.639483">
        <ele>1900.37376</ele>
      </trkpt>
      <trkpt lat="46.806514" lon="9.639328">
        <ele>1899.81598</ele>
      </trkpt>
      <trkpt lat="46.806497" lon="9.639232">
        <ele>1899.66111</ele>
      </trkpt>
      <trkpt lat="46.806469" lon="9.639074">
        <ele>1898.79291</ele>
      </trkpt>
      <trkpt lat="46.806465" lon="9.638913">
        <ele>1897.86608</ele>
      </trkpt>
      <trkpt lat="46.806471" lon="9.63876">
        <ele>1897.14609</ele>
      </trkpt>
      <trkpt lat="46.806459" lon="9.638621">
        <ele>1900.30846</ele>
      </trkpt>
      <trkpt lat="46.806444" lon="9.638458">
        <ele>1895.28244</ele>
      </trkpt>
      <trkpt lat="46.806425" lon="9.638275">
        <ele>1893.64713</ele>
      </trkpt>
      <trkpt lat="46.806421" lon="9.638172">
        <ele>1892.85367</ele>
      </trkpt>
      <trkpt lat="46.806419" lon="9.638064">
        <ele>1892.2963</ele>
      </trkpt>
      <trkpt lat="46.806429" lon="9.637957">
        <ele>1891.78448</ele>
      </trkpt>
      <trkpt lat="46.806455" lon="9.637803">
        <ele>1890.63842</ele>
      </trkpt>
      <trkpt lat="46.806477" lon="9.637674">
        <ele>1889.92311</ele>
      </trkpt>
      <trkpt lat="46.806485" lon="9.637561">
        <ele>1889.13949</ele>
      </trkpt>
      <trkpt lat="46.806494" lon="9.637411">
        <ele>1888.37421</ele>
      </trkpt>
      <trkpt lat="46.80651" lon="9.637333">
        <ele>1887.87104</ele>
      </trkpt>
      <trkpt lat="46.806551" lon="9.63718">
        <ele>1886.94487</ele>
      </trkpt>
      <trkpt lat="46.806595" lon="9.637016">
        <ele>1886.14284</ele>
      </trkpt>
      <trkpt lat="46.806641" lon="9.636899">
        <ele>1885.33595</ele>
      </trkpt>
      <trkpt lat="46.806712" lon="9.636761">
        <ele>1884.68319</ele>
      </trkpt>
      <trkpt lat="46.806785" lon="9.636616">
        <ele>1883.66</ele>
      </trkpt>
      <trkpt lat="46.806847" lon="9.636503">
        <ele>1882.94429</ele>
      </trkpt>
      <trkpt lat="46.806894" lon="9.636421">
        <ele>1882.08218</ele>
      </trkpt>
      <trkpt lat="46.806935" lon="9.636309">
        <ele>1881.2678</ele>
      </trkpt>
      <trkpt lat="46.806959" lon="9.636223">
        <ele>1880.95471</ele>
      </trkpt>
      <trkpt lat="46.806996" lon="9.636156">
        <ele>1880.7996</ele>
      </trkpt>
      <trkpt lat="46.807033" lon="9.636044">
        <ele>1880.397</ele>
      </trkpt>
      <trkpt lat="46.807053" lon="9.635834">
        <ele>1879.37688</ele>
      </trkpt>
      <trkpt lat="46.807056" lon="9.635674">
        <ele>1878.54527</ele>
      </trkpt>
      <trkpt lat="46.807061" lon="9.63555">
        <ele>1878.55033</ele>
      </trkpt>
      <trkpt lat="46.807054" lon="9.635429">
        <ele>1877.28041</ele>
      </trkpt>
      <trkpt lat="46.807048" lon="9.635301">
        <ele>1876.97333</ele>
      </trkpt>
      <trkpt lat="46.807048" lon="9.635173">
        <ele>1876.95234</ele>
      </trkpt>
      <trkpt lat="46.807043" lon="9.635048">
        <ele>1876.95663</ele>
      </trkpt>
      <trkpt lat="46.807011" lon="9.634888">
        <ele>1876.15781</ele>
      </trkpt>
      <trkpt lat="46.80696" lon="9.63474">
        <ele>1874.37992</ele>
      </trkpt>
      <trkpt lat="46.80689" lon="9.634581">
        <ele>1874.55219</ele>
      </trkpt>
      <trkpt lat="46.806835" lon="9.634467">
        <ele>1874.24759</ele>
      </trkpt>
      <trkpt lat="46.806739" lon="9.634259">
        <ele>1870.39966</ele>
      </trkpt>
      <trkpt lat="46.806652" lon="9.634083">
        <ele>1872.1328</ele>
      </trkpt>
      <trkpt lat="46.806582" lon="9.633925">
        <ele>1870.2204</ele>
      </trkpt>
      <trkpt lat="46.806473" lon="9.633731">
        <ele>1867.81087</ele>
      </trkpt>
      <trkpt lat="46.806383" lon="9.633576">
        <ele>1866.29102</ele>
      </trkpt>
      <trkpt lat="46.806305" lon="9.633457">
        <ele>1866.62094</ele>
      </trkpt>
      <trkpt lat="46.806213" lon="9.633371">
        <ele>1865.06539</ele>
      </trkpt>
      <trkpt lat="46.806128" lon="9.633288">
        <ele>1865.11168</ele>
      </trkpt>
      <trkpt lat="46.806045" lon="9.633216">
        <ele>1864.00159</ele>
      </trkpt>
      <trkpt lat="46.805977" lon="9.633141">
        <ele>1863.83876</ele>
      </trkpt>
      <trkpt lat="46.805885" lon="9.633056">
        <ele>1862.57758</ele>
      </trkpt>
      <trkpt lat="46.805824" lon="9.632994">
        <ele>1862.02452</ele>
      </trkpt>
      <trkpt lat="46.805734" lon="9.632922">
        <ele>1860.47809</ele>
      </trkpt>
      <trkpt lat="46.805684" lon="9.632868">
        <ele>1859.82207</ele>
      </trkpt>
      <trkpt lat="46.805644" lon="9.632789">
        <ele>1859.24432</ele>
      </trkpt>
      <trkpt lat="46.805627" lon="9.63266">
        <ele>1859.31362</ele>
      </trkpt>
      <trkpt lat="46.805604" lon="9.632501">
        <ele>1858.66948</ele>
      </trkpt>
      <trkpt lat="46.805593" lon="9.632338">
        <ele>1857.98416</ele>
      </trkpt>
      <trkpt lat="46.80559" lon="9.632196">
        <ele>1857.90744</ele>
      </trkpt>
      <trkpt lat="46.805603" lon="9.632057">
        <ele>1857.92196</ele>
      </trkpt>
      <trkpt lat="46.805605" lon="9.631929">
        <ele>1857.47687</ele>
      </trkpt>
      <trkpt lat="46.805601" lon="9.631756">
        <ele>1856.59326</ele>
      </trkpt>
      <trkpt lat="46.805601" lon="9.631648">
        <ele>1856.51276</ele>
      </trkpt>
      <trkpt lat="46.805614" lon="9.631542">
        <ele>1856.21715</ele>
      </trkpt>
      <trkpt lat="46.805602" lon="9.631407">
        <ele>1856.16862</ele>
      </trkpt>
      <trkpt lat="46.805549" lon="9.6313">
        <ele>1855.77813</ele>
      </trkpt>
      <trkpt lat="46.805462" lon="9.631156">
        <ele>1856.04655</ele>
      </trkpt>
      <trkpt lat="46.805413" lon="9.631073">
        <ele>1855.83197</ele>
      </trkpt>
      <trkpt lat="46.805367" lon="9.630992">
        <ele>1855.70076</ele>
      </trkpt>
      <trkpt lat="46.805298" lon="9.630838">
        <ele>1855.89899</ele>
      </trkpt>
      <trkpt lat="46.80525" lon="9.630718">
        <ele>1856.75259</ele>
      </trkpt>
      <trkpt lat="46.805202" lon="9.630617">
        <ele>1857.60205</ele>
      </trkpt>
      <trkpt lat="46.805123" lon="9.63049">
        <ele>1858.14145</ele>
      </trkpt>
      <trkpt lat="46.805053" lon="9.630372">
        <ele>1858.55134</ele>
      </trkpt>
      <trkpt lat="46.804986" lon="9.630245">
        <ele>1859.0399</ele>
      </trkpt>
      <trkpt lat="46.804937" lon="9.630109">
        <ele>1859.79938</ele>
      </trkpt>
      <trkpt lat="46.804906" lon="9.62996">
        <ele>1861.0437</ele>
      </trkpt>
      <trkpt lat="46.804897" lon="9.629837">
        <ele>1861.76025</ele>
      </trkpt>
      <trkpt lat="46.804885" lon="9.629729">
        <ele>1862.10297</ele>
      </trkpt>
      <trkpt lat="46.804849" lon="9.629599">
        <ele>1862.55939</ele>
      </trkpt>
      <trkpt lat="46.804834" lon="9.629463">
        <ele>1863.23647</ele>
      </trkpt>
      <trkpt lat="46.804816" lon="9.629342">
        <ele>1864.10217</ele>
      </trkpt>
      <trkpt lat="46.804801" lon="9.629212">
        <ele>1864.93765</ele>
      </trkpt>
      <trkpt lat="46.804773" lon="9.629133">
        <ele>1864.85242</ele>
      </trkpt>
      <trkpt lat="46.804731" lon="9.629038">
        <ele>1865.17513</ele>
      </trkpt>
      <trkpt lat="46.804701" lon="9.628921">
        <ele>1865.53715</ele>
      </trkpt>
      <trkpt lat="46.804699" lon="9.628786">
        <ele>1866.32343</ele>
      </trkpt>
      <trkpt lat="46.804712" lon="9.628666">
        <ele>1866.89316</ele>
      </trkpt>
      <trkpt lat="46.80472" lon="9.628468">
        <ele>1868.17912</ele>
      </trkpt>
      <trkpt lat="46.804729" lon="9.628272">
        <ele>1871.03652</ele>
      </trkpt>
      <trkpt lat="46.804707" lon="9.628074">
        <ele>1869.50028</ele>
      </trkpt>
      <trkpt lat="46.804675" lon="9.627895">
        <ele>1869.52043</ele>
      </trkpt>
      <trkpt lat="46.804661" lon="9.627732">
        <ele>1872.55229</ele>
      </trkpt>
      <trkpt lat="46.804689" lon="9.627564">
        <ele>1871.78705</ele>
      </trkpt>
      <trkpt lat="46.804694" lon="9.627371">
        <ele>1871.06549</ele>
      </trkpt>
      <trkpt lat="46.804684" lon="9.627146">
        <ele>1869.79607</ele>
      </trkpt>
      <trkpt lat="46.804679" lon="9.627007">
        <ele>1868.51334</ele>
      </trkpt>
      <trkpt lat="46.804671" lon="9.626819">
        <ele>1867.94467</ele>
      </trkpt>
      <trkpt lat="46.804661" lon="9.626654">
        <ele>1867.69971</ele>
      </trkpt>
      <trkpt lat="46.804616" lon="9.626561">
        <ele>1868.35928</ele>
      </trkpt>
      <trkpt lat="46.804579" lon="9.626458">
        <ele>1868.65141</ele>
      </trkpt>
      <trkpt lat="46.804538" lon="9.626334">
        <ele>1869.02257</ele>
      </trkpt>
      <trkpt lat="46.804516" lon="9.626225">
        <ele>1868.88343</ele>
      </trkpt>
      <trkpt lat="46.804516" lon="9.62613">
        <ele>1868.46843</ele>
      </trkpt>
      <trkpt lat="46.804533" lon="9.626026">
        <ele>1867.72756</ele>
      </trkpt>
      <trkpt lat="46.804535" lon="9.625903">
        <ele>1867.17271</ele>
      </trkpt>
      <trkpt lat="46.804529" lon="9.625735">
        <ele>1867.80488</ele>
      </trkpt>
      <trkpt lat="46.804556" lon="9.625605">
        <ele>1868.09211</ele>
      </trkpt>
      <trkpt lat="46.804613" lon="9.625487">
        <ele>1868.37554</ele>
      </trkpt>
      <trkpt lat="46.804696" lon="9.625342">
        <ele>1868.69471</ele>
      </trkpt>
      <trkpt lat="46.804767" lon="9.625203">
        <ele>1870.68614</ele>
      </trkpt>
      <trkpt lat="46.80481" lon="9.625122">
        <ele>1872.05786</ele>
      </trkpt>
      <trkpt lat="46.804811" lon="9.625039">
        <ele>1871.7956</ele>
      </trkpt>
      <trkpt lat="46.804811" lon="9.625024">
        <ele>1871.48449</ele>
      </trkpt>
      <trkpt lat="46.804759" lon="9.624898">
        <ele>1870.69107</ele>
      </trkpt>
      <trkpt lat="46.804683" lon="9.62481">
        <ele>1870.31773</ele>
      </trkpt>
      <trkpt lat="46.804602" lon="9.624695">
        <ele>1869.64925</ele>
      </trkpt>
      <trkpt lat="46.804508" lon="9.624603">
        <ele>1868.4458</ele>
      </trkpt>
      <trkpt lat="46.804393" lon="9.624557">
        <ele>1867.27065</ele>
      </trkpt>
      <trkpt lat="46.804277" lon="9.624568">
        <ele>1867.05476</ele>
      </trkpt>
      <trkpt lat="46.804164" lon="9.624591">
        <ele>1865.62137</ele>
      </trkpt>
      <trkpt lat="46.804025" lon="9.624609">
        <ele>1862.94658</ele>
      </trkpt>
      <trkpt lat="46.803906" lon="9.624649">
        <ele>1861.51043</ele>
      </trkpt>
      <trkpt lat="46.803723" lon="9.624717">
        <ele>1860.00533</ele>
      </trkpt>
      <trkpt lat="46.80363" lon="9.624783">
        <ele>1857.73271</ele>
      </trkpt>
      <trkpt lat="46.803557" lon="9.624863">
        <ele>1856.91095</ele>
      </trkpt>
      <trkpt lat="46.803505" lon="9.624935">
        <ele>1855.37985</ele>
      </trkpt>
      <trkpt lat="46.803447" lon="9.625035">
        <ele>1853.4344</ele>
      </trkpt>
      <trkpt lat="46.803378" lon="9.625117">
        <ele>1852.04427</ele>
      </trkpt>
      <trkpt lat="46.803266" lon="9.625142">
        <ele>1851.59173</ele>
      </trkpt>
      <trkpt lat="46.803178" lon="9.625102">
        <ele>1853.21304</ele>
      </trkpt>
      <trkpt lat="46.803096" lon="9.625028">
        <ele>1858.03561</ele>
      </trkpt>
      <trkpt lat="46.803018" lon="9.624946">
        <ele>1849.4953</ele>
      </trkpt>
      <trkpt lat="46.802929" lon="9.624928">
        <ele>1847.2791</ele>
      </trkpt>
      <trkpt lat="46.802829" lon="9.624962">
        <ele>1845.94379</ele>
      </trkpt>
      <trkpt lat="46.802708" lon="9.625007">
        <ele>1843.89717</ele>
      </trkpt>
      <trkpt lat="46.80265" lon="9.624996">
        <ele>1843.82447</ele>
      </trkpt>
      <trkpt lat="46.80257" lon="9.624902">
        <ele>1842.65341</ele>
      </trkpt>
      <trkpt lat="46.802501" lon="9.624759">
        <ele>1843.97776</ele>
      </trkpt>
      <trkpt lat="46.802479" lon="9.624614">
        <ele>1842.91793</ele>
      </trkpt>
      <trkpt lat="46.802465" lon="9.624467">
        <ele>1840.70243</ele>
      </trkpt>
      <trkpt lat="46.802429" lon="9.624275">
        <ele>1836.34966</ele>
      </trkpt>
      <trkpt lat="46.802401" lon="9.624148">
        <ele>1834.73713</ele>
      </trkpt>
      <trkpt lat="46.802404" lon="9.623987">
        <ele>1831.58979</ele>
      </trkpt>
      <trkpt lat="46.802395" lon="9.623901">
        <ele>1830.48484</ele>
      </trkpt>
      <trkpt lat="46.802333" lon="9.623792">
        <ele>1829.57043</ele>
      </trkpt>
      <trkpt lat="46.802239" lon="9.62373">
        <ele>1827.93011</ele>
      </trkpt>
      <trkpt lat="46.80214" lon="9.623663">
        <ele>1825.4592</ele>
      </trkpt>
      <trkpt lat="46.802055" lon="9.623577">
        <ele>1823.10928</ele>
      </trkpt>
      <trkpt lat="46.801937" lon="9.623496">
        <ele>1819.26915</ele>
      </trkpt>
      <trkpt lat="46.801836" lon="9.623436">
        <ele>1817.48551</ele>
      </trkpt>
      <trkpt lat="46.801691" lon="9.623409">
        <ele>1815.36094</ele>
      </trkpt>
      <trkpt lat="46.801559" lon="9.623389">
        <ele>1813.6707</ele>
      </trkpt>
      <trkpt lat="46.801479" lon="9.623359">
        <ele>1813.36902</ele>
      </trkpt>
      <trkpt lat="46.801397" lon="9.623298">
        <ele>1809.84922</ele>
      </trkpt>
      <trkpt lat="46.801279" lon="9.623286">
        <ele>1808.22996</ele>
      </trkpt>
      <trkpt lat="46.801133" lon="9.623289">
        <ele>1805.9722</ele>
      </trkpt>
      <trkpt lat="46.801017" lon="9.62328">
        <ele>1804.49713</ele>
      </trkpt>
      <trkpt lat="46.800974" lon="9.623269">
        <ele>1803.67843</ele>
      </trkpt>
      <trkpt lat="46.800939" lon="9.623259">
        <ele>1803.7704</ele>
      </trkpt>
      <trkpt lat="46.800889" lon="9.623232">
        <ele>1802.38649</ele>
      </trkpt>
      <trkpt lat="46.800844" lon="9.623206">
        <ele>1799.85573</ele>
      </trkpt>
      <trkpt lat="46.800809" lon="9.623203">
        <ele>1799.35262</ele>
      </trkpt>
      <trkpt lat="46.800792" lon="9.623209">
        <ele>1799.10757</ele>
      </trkpt>
      <trkpt lat="46.800772" lon="9.623216">
        <ele>1799.19865</ele>
      </trkpt>
      <trkpt lat="46.800701" lon="9.623236">
        <ele>1798.29304</ele>
      </trkpt>
      <trkpt lat="46.800626" lon="9.62326">
        <ele>1797.0432</ele>
      </trkpt>
      <trkpt lat="46.80056" lon="9.623281">
        <ele>1795.84567</ele>
      </trkpt>
      <trkpt lat="46.800519" lon="9.623308">
        <ele>1795.50352</ele>
      </trkpt>
      <trkpt lat="46.800488" lon="9.623344">
        <ele>1794.63072</ele>
      </trkpt>
      <trkpt lat="46.800464" lon="9.62342">
        <ele>1793.69934</ele>
      </trkpt>
      <trkpt lat="46.800438" lon="9.623504">
        <ele>1792.7462</ele>
      </trkpt>
      <trkpt lat="46.800415" lon="9.623612">
        <ele>1791.54253</ele>
      </trkpt>
      <trkpt lat="46.800394" lon="9.623716">
        <ele>1790.08662</ele>
      </trkpt>
      <trkpt lat="46.800373" lon="9.623771">
        <ele>1789.35568</ele>
      </trkpt>
      <trkpt lat="46.80034" lon="9.623818">
        <ele>1788.16905</ele>
      </trkpt>
      <trkpt lat="46.800295" lon="9.623856">
        <ele>1787.47102</ele>
      </trkpt>
      <trkpt lat="46.800229" lon="9.623917">
        <ele>1786.03651</ele>
      </trkpt>
      <trkpt lat="46.800198" lon="9.623953">
        <ele>1785.86157</ele>
      </trkpt>
      <trkpt lat="46.800144" lon="9.624016">
        <ele>1783.86351</ele>
      </trkpt>
      <trkpt lat="46.800042" lon="9.624114">
        <ele>1782.24218</ele>
      </trkpt>
      <trkpt lat="46.799937" lon="9.624187">
        <ele>1780.35827</ele>
      </trkpt>
      <trkpt lat="46.799873" lon="9.624253">
        <ele>1779.61818</ele>
      </trkpt>
      <trkpt lat="46.799806" lon="9.624348">
        <ele>1779.0022</ele>
      </trkpt>
      <trkpt lat="46.799729" lon="9.62446">
        <ele>1777.33671</ele>
      </trkpt>
      <trkpt lat="46.799644" lon="9.624547">
        <ele>1776.78234</ele>
      </trkpt>
      <trkpt lat="46.799563" lon="9.624587">
        <ele>1777.77754</ele>
      </trkpt>
      <trkpt lat="46.799505" lon="9.624563">
        <ele>1778.05176</ele>
      </trkpt>
      <trkpt lat="46.799468" lon="9.624455">
        <ele>1777.45334</ele>
      </trkpt>
      <trkpt lat="46.799443" lon="9.624304">
        <ele>1776.05465</ele>
      </trkpt>
      <trkpt lat="46.799426" lon="9.624131">
        <ele>1774.58012</ele>
      </trkpt>
      <trkpt lat="46.799402" lon="9.623975">
        <ele>1774.99272</ele>
      </trkpt>
      <trkpt lat="46.799356" lon="9.623843">
        <ele>1772.69701</ele>
      </trkpt>
      <trkpt lat="46.799189" lon="9.623643">
        <ele>1769.24464</ele>
      </trkpt>
      <trkpt lat="46.799099" lon="9.623537">
        <ele>1766.88988</ele>
      </trkpt>
      <trkpt lat="46.798993" lon="9.623437">
        <ele>1764.50798</ele>
      </trkpt>
      <trkpt lat="46.798883" lon="9.623371">
        <ele>1759.64845</ele>
      </trkpt>
      <trkpt lat="46.798751" lon="9.623343">
        <ele>1754.80184</ele>
      </trkpt>
      <trkpt lat="46.798587" lon="9.623367">
        <ele>1754.72075</ele>
      </trkpt>
      <trkpt lat="46.798446" lon="9.623336">
        <ele>1753.54908</ele>
      </trkpt>
      <trkpt lat="46.798231" lon="9.623316">
        <ele>1752.39534</ele>
      </trkpt>
      <trkpt lat="46.798061" lon="9.623271">
        <ele>1748.92564</ele>
      </trkpt>
      <trkpt lat="46.797954" lon="9.623202">
        <ele>1746.63785</ele>
      </trkpt>
      <trkpt lat="46.79787" lon="9.623157">
        <ele>1745.36832</ele>
      </trkpt>
      <trkpt lat="46.79775" lon="9.623107">
        <ele>1743.36182</ele>
      </trkpt>
      <trkpt lat="46.797637" lon="9.623056">
        <ele>1741.35831</ele>
      </trkpt>
      <trkpt lat="46.797512" lon="9.623025">
        <ele>1739.6923</ele>
      </trkpt>
      <trkpt lat="46.797406" lon="9.622969">
        <ele>1739.11753</ele>
      </trkpt>
      <trkpt lat="46.797322" lon="9.622881">
        <ele>1737.54859</ele>
      </trkpt>
      <trkpt lat="46.797265" lon="9.622801">
        <ele>1735.36962</ele>
      </trkpt>
      <trkpt lat="46.797189" lon="9.622724">
        <ele>1733.63023</ele>
      </trkpt>
      <trkpt lat="46.797097" lon="9.622654">
        <ele>1731.59556</ele>
      </trkpt>
      <trkpt lat="46.797023" lon="9.622578">
        <ele>1729.59097</ele>
      </trkpt>
      <trkpt lat="46.796932" lon="9.622494">
        <ele>1728.81938</ele>
      </trkpt>
      <trkpt lat="46.796847" lon="9.62244">
        <ele>1726.96115</ele>
      </trkpt>
      <trkpt lat="46.79679" lon="9.622403">
        <ele>1726.62033</ele>
      </trkpt>
      <trkpt lat="46.796697" lon="9.622371">
        <ele>1725.08036</ele>
      </trkpt>
      <trkpt lat="46.796629" lon="9.622335">
        <ele>1724.05834</ele>
      </trkpt>
      <trkpt lat="46.796547" lon="9.622256">
        <ele>1721.64453</ele>
      </trkpt>
      <trkpt lat="46.796477" lon="9.622183">
        <ele>1720.22487</ele>
      </trkpt>
      <trkpt lat="46.796431" lon="9.622131">
        <ele>1719.02062</ele>
      </trkpt>
      <trkpt lat="46.796349" lon="9.622093">
        <ele>1717.78545</ele>
      </trkpt>
      <trkpt lat="46.796256" lon="9.622052">
        <ele>1716.72664</ele>
      </trkpt>
      <trkpt lat="46.796191" lon="9.62197">
        <ele>1715.38476</ele>
      </trkpt>
      <trkpt lat="46.796097" lon="9.62186">
        <ele>1713.03081</ele>
      </trkpt>
      <trkpt lat="46.796039" lon="9.621774">
        <ele>1711.72481</ele>
      </trkpt>
      <trkpt lat="46.795969" lon="9.621676">
        <ele>1710.11416</ele>
      </trkpt>
      <trkpt lat="46.795915" lon="9.621566">
        <ele>1708.6365</ele>
      </trkpt>
      <trkpt lat="46.795847" lon="9.621419">
        <ele>1706.73671</ele>
      </trkpt>
      <trkpt lat="46.795788" lon="9.621328">
        <ele>1705.55907</ele>
      </trkpt>
      <trkpt lat="46.795743" lon="9.621236">
        <ele>1704.26365</ele>
      </trkpt>
      <trkpt lat="46.795729" lon="9.621093">
        <ele>1702.3473</ele>
      </trkpt>
      <trkpt lat="46.795718" lon="9.620967">
        <ele>1700.95979</ele>
      </trkpt>
      <trkpt lat="46.795717" lon="9.620805">
        <ele>1698.84725</ele>
      </trkpt>
      <trkpt lat="46.795705" lon="9.620644">
        <ele>1697.82957</ele>
      </trkpt>
      <trkpt lat="46.795699" lon="9.620521">
        <ele>1696.62738</ele>
      </trkpt>
      <trkpt lat="46.795698" lon="9.620382">
        <ele>1695.25178</ele>
      </trkpt>
      <trkpt lat="46.795684" lon="9.620223">
        <ele>1693.8339</ele>
      </trkpt>
      <trkpt lat="46.795682" lon="9.620043">
        <ele>1692.02855</ele>
      </trkpt>
      <trkpt lat="46.795685" lon="9.619888">
        <ele>1690.68164</ele>
      </trkpt>
      <trkpt lat="46.795695" lon="9.619773">
        <ele>1689.1365</ele>
      </trkpt>
      <trkpt lat="46.795713" lon="9.619655">
        <ele>1687.66262</ele>
      </trkpt>
      <trkpt lat="46.79573" lon="9.619575">
        <ele>1687.13578</ele>
        <name>46.795779,9.619598</name>
        <extensions>
          <oa:locType>routingNode</oa:locType>
        </extensions>
      </trkpt>
      <trkpt lat="46.795734" lon="9.619557">
        <ele>1686.9198</ele>
      </trkpt>
      <trkpt lat="46.795753" lon="9.619452">
        <ele>1685.74851</ele>
      </trkpt>
      <trkpt lat="46.795767" lon="9.619549">
        <ele>1687.53498</ele>
      </trkpt>
      <trkpt lat="46.795792" lon="9.619664">
        <ele>1686.08038</ele>
      </trkpt>
      <trkpt lat="46.795841" lon="9.61979">
        <ele>1685.85623</ele>
      </trkpt>
      <trkpt lat="46.79587" lon="9.61987">
        <ele>1685.63431</ele>
      </trkpt>
      <trkpt lat="46.7959" lon="9.619967">
        <ele>1684.41531</ele>
      </trkpt>
      <trkpt lat="46.795938" lon="9.620072">
        <ele>1683.25917</ele>
      </trkpt>
      <trkpt lat="46.795946" lon="9.620095">
        <ele>1682.80905</ele>
      </trkpt>
      <trkpt lat="46.795993" lon="9.620181">
        <ele>1683.97117</ele>
      </trkpt>
      <trkpt lat="46.796019" lon="9.620215">
        <ele>1683.51859</ele>
      </trkpt>
      <trkpt lat="46.796043" lon="9.620246">
        <ele>1682.84869</ele>
      </trkpt>
      <trkpt lat="46.796107" lon="9.620337">
        <ele>1681.55262</ele>
      </trkpt>
      <trkpt lat="46.796137" lon="9.620416">
        <ele>1681.56588</ele>
      </trkpt>
      <trkpt lat="46.796197" lon="9.620478">
        <ele>1680.7179</ele>
      </trkpt>
      <trkpt lat="46.796206" lon="9.620488">
        <ele>1680.67599</ele>
      </trkpt>
      <trkpt lat="46.796247" lon="9.620537">
        <ele>1680.53498</ele>
      </trkpt>
      <trkpt lat="46.796301" lon="9.62061">
        <ele>1679.46845</ele>
      </trkpt>
      <trkpt lat="46.796347" lon="9.620657">
        <ele>1678.83649</ele>
      </trkpt>
      <trkpt lat="46.796398" lon="9.620697">
        <ele>1677.68107</ele>
      </trkpt>
      <trkpt lat="46.796445" lon="9.620732">
        <ele>1677.0284</ele>
      </trkpt>
      <trkpt lat="46.796488" lon="9.620766">
        <ele>1676.55374</ele>
      </trkpt>
      <trkpt lat="46.796519" lon="9.620805">
        <ele>1676.31995</ele>
      </trkpt>
      <trkpt lat="46.796618" lon="9.620892">
        <ele>1675.27287</ele>
      </trkpt>
      <trkpt lat="46.796672" lon="9.620946">
        <ele>1674.67899</ele>
      </trkpt>
      <trkpt lat="46.796725" lon="9.620981">
        <ele>1673.91943</ele>
      </trkpt>
      <trkpt lat="46.796775" lon="9.621002">
        <ele>1673.64191</ele>
      </trkpt>
      <trkpt lat="46.796859" lon="9.621008">
        <ele>1672.75219</ele>
      </trkpt>
      <trkpt lat="46.796976" lon="9.62102">
        <ele>1671.50031</ele>
      </trkpt>
      <trkpt lat="46.797036" lon="9.621011">
        <ele>1670.60042</ele>
      </trkpt>
      <trkpt lat="46.797154" lon="9.62099">
        <ele>1669.06189</ele>
      </trkpt>
      <trkpt lat="46.797214" lon="9.62096">
        <ele>1667.31783</ele>
      </trkpt>
      <trkpt lat="46.797295" lon="9.620945">
        <ele>1665.79011</ele>
      </trkpt>
      <trkpt lat="46.797389" lon="9.620936">
        <ele>1664.29185</ele>
      </trkpt>
      <trkpt lat="46.797482" lon="9.620965">
        <ele>1664.09633</ele>
      </trkpt>
      <trkpt lat="46.797599" lon="9.620993">
        <ele>1663.95834</ele>
      </trkpt>
      <trkpt lat="46.797721" lon="9.621008">
        <ele>1662.43955</ele>
      </trkpt>
      <trkpt lat="46.797853" lon="9.621028">
        <ele>1660.29942</ele>
      </trkpt>
      <trkpt lat="46.797943" lon="9.621038">
        <ele>1658.12315</ele>
      </trkpt>
      <trkpt lat="46.79804" lon="9.621036">
        <ele>1654.85701</ele>
      </trkpt>
      <trkpt lat="46.798151" lon="9.621055">
        <ele>1652.28976</ele>
      </trkpt>
      <trkpt lat="46.798229" lon="9.621102">
        <ele>1651.10792</ele>
      </trkpt>
      <trkpt lat="46.798297" lon="9.621144">
        <ele>1649.50414</ele>
      </trkpt>
      <trkpt lat="46.79836" lon="9.621168">
        <ele>1647.25709</ele>
      </trkpt>
      <trkpt lat="46.798463" lon="9.62117">
        <ele>1644.8651</ele>
      </trkpt>
      <trkpt lat="46.798569" lon="9.621178">
        <ele>1642.89726</ele>
      </trkpt>
      <trkpt lat="46.798643" lon="9.621175">
        <ele>1641.03876</ele>
      </trkpt>
      <trkpt lat="46.798723" lon="9.621177">
        <ele>1639.96708</ele>
      </trkpt>
      <trkpt lat="46.798822" lon="9.621143">
        <ele>1638.82024</ele>
      </trkpt>
      <trkpt lat="46.798924" lon="9.621103">
        <ele>1637.15879</ele>
      </trkpt>
      <trkpt lat="46.799073" lon="9.621031">
        <ele>1634.1242</ele>
      </trkpt>
      <trkpt lat="46.799183" lon="9.620963">
        <ele>1632.3256</ele>
      </trkpt>
      <trkpt lat="46.799235" lon="9.620913">
        <ele>1632.05193</ele>
      </trkpt>
      <trkpt lat="46.799236" lon="9.620858">
        <ele>1630.76282</ele>
      </trkpt>
      <trkpt lat="46.799151" lon="9.620723">
        <ele>1625.96171</ele>
      </trkpt>
      <trkpt lat="46.799114" lon="9.620659">
        <ele>1624.64341</ele>
      </trkpt>
      <trkpt lat="46.79916" lon="9.620599">
        <ele>1623.43985</ele>
      </trkpt>
      <trkpt lat="46.79932" lon="9.620451">
        <ele>1622.10264</ele>
      </trkpt>
      <trkpt lat="46.799437" lon="9.620355">
        <ele>1620.05087</ele>
      </trkpt>
      <trkpt lat="46.799542" lon="9.620289">
        <ele>1617.78345</ele>
      </trkpt>
      <trkpt lat="46.799751" lon="9.620193">
        <ele>1615.41004</ele>
      </trkpt>
      <trkpt lat="46.799912" lon="9.620112">
        <ele>1611.5776</ele>
      </trkpt>
      <trkpt lat="46.800005" lon="9.620066">
        <ele>1611.37383</ele>
      </trkpt>
      <trkpt lat="46.800145" lon="9.620056">
        <ele>1608.96782</ele>
      </trkpt>
      <trkpt lat="46.800298" lon="9.620045">
        <ele>1605.51714</ele>
      </trkpt>
      <trkpt lat="46.80052" lon="9.619988">
        <ele>1600.63187</ele>
      </trkpt>
      <trkpt lat="46.800587" lon="9.619988">
        <ele>1599.92777</ele>
      </trkpt>
      <trkpt lat="46.800681" lon="9.620008">
        <ele>1598.1074</ele>
      </trkpt>
      <trkpt lat="46.800784" lon="9.620036">
        <ele>1595.99236</ele>
      </trkpt>
      <trkpt lat="46.800856" lon="9.620022">
        <ele>1594.56892</ele>
      </trkpt>
      <trkpt lat="46.800863" lon="9.619792">
        <ele>1588.15646</ele>
      </trkpt>
      <trkpt lat="46.801056" lon="9.619702">
        <ele>1583.50973</ele>
      </trkpt>
      <trkpt lat="46.801134" lon="9.619637">
        <ele>1579.82878</ele>
      </trkpt>
      <trkpt lat="46.801093" lon="9.619415">
        <ele>1575.83783</ele>
      </trkpt>
      <trkpt lat="46.801089" lon="9.619369">
        <ele>1574.00282</ele>
      </trkpt>
      <trkpt lat="46.801139" lon="9.619356">
        <ele>1574.05721</ele>
      </trkpt>
      <trkpt lat="46.801249" lon="9.619347">
        <ele>1572.41087</ele>
      </trkpt>
      <trkpt lat="46.801347" lon="9.619327">
        <ele>1570.45563</ele>
      </trkpt>
      <trkpt lat="46.801362" lon="9.619302">
        <ele>1569.51607</ele>
      </trkpt>
      <trkpt lat="46.801332" lon="9.619114">
        <ele>1565.28306</ele>
      </trkpt>
      <trkpt lat="46.801408" lon="9.619041">
        <ele>1561.17501</ele>
      </trkpt>
      <trkpt lat="46.801533" lon="9.618985">
        <ele>1556.87764</ele>
      </trkpt>
      <trkpt lat="46.801616" lon="9.618978">
        <ele>1559.43289</ele>
      </trkpt>
      <trkpt lat="46.801668" lon="9.618999">
        <ele>1560.17781</ele>
      </trkpt>
      <trkpt lat="46.801725" lon="9.619037">
        <ele>1559.92765</ele>
      </trkpt>
      <trkpt lat="46.801769" lon="9.619058">
        <ele>1559.88022</ele>
      </trkpt>
      <trkpt lat="46.80183" lon="9.619043">
        <ele>1558.26458</ele>
      </trkpt>
      <trkpt lat="46.801883" lon="9.619051">
        <ele>1557.67389</ele>
      </trkpt>
      <trkpt lat="46.801935" lon="9.619079">
        <ele>1556.40119</ele>
      </trkpt>
      <trkpt lat="46.801989" lon="9.619088">
        <ele>1555.24641</ele>
      </trkpt>
      <trkpt lat="46.802024" lon="9.619105">
        <ele>1552.65543</ele>
      </trkpt>
      <trkpt lat="46.80201" lon="9.619228">
        <ele>1551.48442</ele>
      </trkpt>
      <trkpt lat="46.802067" lon="9.619234">
        <ele>1549.69094</ele>
      </trkpt>
      <trkpt lat="46.80212" lon="9.619259">
        <ele>1552.45407</ele>
      </trkpt>
      <trkpt lat="46.802155" lon="9.619292">
        <ele>1552.34324</ele>
      </trkpt>
      <trkpt lat="46.802223" lon="9.619382">
        <ele>1549.62057</ele>
      </trkpt>
      <trkpt lat="46.80228" lon="9.619464">
        <ele>1550.20075</ele>
      </trkpt>
      <trkpt lat="46.802363" lon="9.619576">
        <ele>1549.02114</ele>
      </trkpt>
      <trkpt lat="46.802431" lon="9.61964">
        <ele>1547.97071</ele>
      </trkpt>
      <trkpt lat="46.802493" lon="9.619688">
        <ele>1546.82079</ele>
      </trkpt>
      <trkpt lat="46.802533" lon="9.619747">
        <ele>1545.86146</ele>
      </trkpt>
      <trkpt lat="46.802571" lon="9.619796">
        <ele>1545.18837</ele>
      </trkpt>
      <trkpt lat="46.802616" lon="9.619822">
        <ele>1545.07605</ele>
      </trkpt>
      <trkpt lat="46.802673" lon="9.619838">
        <ele>1544.42062</ele>
      </trkpt>
      <trkpt lat="46.802704" lon="9.619854">
        <ele>1543.67478</ele>
      </trkpt>
      <trkpt lat="46.802714" lon="9.619852">
        <ele>1543.48324</ele>
        <name>46.802712,9.619834</name>
        <extensions>
          <oa:locType>routingNode</oa:locType>
        </extensions>
      </trkpt>
      <trkpt lat="46.802777" lon="9.619837">
        <ele>1542.52399</ele>
      </trkpt>
      <trkpt lat="46.80286" lon="9.619792">
        <ele>1541.13117</ele>
      </trkpt>
      <trkpt lat="46.802991" lon="9.61971">
        <ele>1538.3457</ele>
      </trkpt>
      <trkpt lat="46.803172" lon="9.619644">
        <ele>1534.05545</ele>
      </trkpt>
      <trkpt lat="46.803183" lon="9.6196">
        <ele>1533.50817</ele>
      </trkpt>
      <trkpt lat="46.803189" lon="9.619525">
        <ele>1532.13999</ele>
      </trkpt>
      <trkpt lat="46.803218" lon="9.619483">
        <ele>1530.69406</ele>
      </trkpt>
      <trkpt lat="46.803291" lon="9.61941">
        <ele>1528.03124</ele>
      </trkpt>
      <trkpt lat="46.803368" lon="9.619324">
        <ele>1525.703</ele>
      </trkpt>
      <trkpt lat="46.803393" lon="9.619305">
        <ele>1525.05457</ele>
      </trkpt>
      <trkpt lat="46.803446" lon="9.619278">
        <ele>1523.19818</ele>
      </trkpt>
      <trkpt lat="46.80349" lon="9.619231">
        <ele>1521.25859</ele>
      </trkpt>
      <trkpt lat="46.803536" lon="9.619185">
        <ele>1519.58474</ele>
      </trkpt>
      <trkpt lat="46.803598" lon="9.61912">
        <ele>1517.20789</ele>
      </trkpt>
      <trkpt lat="46.803634" lon="9.61907">
        <ele>1515.61342</ele>
      </trkpt>
      <trkpt lat="46.803645" lon="9.619025">
        <ele>1514.66078</ele>
      </trkpt>
      <trkpt lat="46.803647" lon="9.619012">
        <ele>1514.39923</ele>
      </trkpt>
      <trkpt lat="46.803674" lon="9.618922">
        <ele>1512.9503</ele>
      </trkpt>
      <trkpt lat="46.803729" lon="9.618877">
        <ele>1511.21487</ele>
      </trkpt>
      <trkpt lat="46.803818" lon="9.618794">
        <ele>1508.56198</ele>
      </trkpt>
      <trkpt lat="46.803898" lon="9.618753">
        <ele>1506.15174</ele>
      </trkpt>
      <trkpt lat="46.804078" lon="9.618669">
        <ele>1504.55136</ele>
      </trkpt>
      <trkpt lat="46.80415" lon="9.618615">
        <ele>1504.67754</ele>
      </trkpt>
      <trkpt lat="46.804245" lon="9.61856">
        <ele>1503.21554</ele>
      </trkpt>
      <trkpt lat="46.804315" lon="9.61855">
        <ele>1501.30405</ele>
      </trkpt>
      <trkpt lat="46.80448" lon="9.618521">
        <ele>1498.46296</ele>
      </trkpt>
      <trkpt lat="46.804572" lon="9.618498">
        <ele>1496.94015</ele>
      </trkpt>
      <trkpt lat="46.804652" lon="9.618462">
        <ele>1496.32379</ele>
      </trkpt>
      <trkpt lat="46.804773" lon="9.618369">
        <ele>1494.21319</ele>
      </trkpt>
      <trkpt lat="46.804872" lon="9.61829">
        <ele>1492.18515</ele>
      </trkpt>
      <trkpt lat="46.805051" lon="9.618186">
        <ele>1486.96509</ele>
      </trkpt>
      <trkpt lat="46.805229" lon="9.618111">
        <ele>1483.3609</ele>
      </trkpt>
      <trkpt lat="46.805299" lon="9.618058">
        <ele>1479.89238</ele>
      </trkpt>
      <trkpt lat="46.805412" lon="9.617982">
        <ele>1477.67722</ele>
      </trkpt>
      <trkpt lat="46.805468" lon="9.617949">
        <ele>1477.53302</ele>
      </trkpt>
      <trkpt lat="46.805512" lon="9.617897">
        <ele>1477.74301</ele>
      </trkpt>
      <trkpt lat="46.805564" lon="9.617821">
        <ele>1479.06124</ele>
      </trkpt>
      <trkpt lat="46.80559" lon="9.617729">
        <ele>1477.25903</ele>
      </trkpt>
      <trkpt lat="46.805619" lon="9.617639">
        <ele>1475.31785</ele>
      </trkpt>
      <trkpt lat="46.805635" lon="9.617614">
        <ele>1474.51917</ele>
      </trkpt>
      <trkpt lat="46.805651" lon="9.617588">
        <ele>1474.27559</ele>
      </trkpt>
      <trkpt lat="46.805687" lon="9.617531">
        <ele>1473.00492</ele>
      </trkpt>
      <trkpt lat="46.80575" lon="9.617478">
        <ele>1470.79248</ele>
      </trkpt>
      <trkpt lat="46.805812" lon="9.617445">
        <ele>1467.51683</ele>
      </trkpt>
      <trkpt lat="46.80588" lon="9.617425">
        <ele>1466.71954</ele>
      </trkpt>
      <trkpt lat="46.806004" lon="9.617406">
        <ele>1463.82044</ele>
      </trkpt>
      <trkpt lat="46.806147" lon="9.617345">
        <ele>1461.03453</ele>
      </trkpt>
      <trkpt lat="46.80626" lon="9.617288">
        <ele>1458.8577</ele>
      </trkpt>
      <trkpt lat="46.806334" lon="9.617256">
        <ele>1456.93353</ele>
      </trkpt>
      <trkpt lat="46.806393" lon="9.617202">
        <ele>1453.61112</ele>
      </trkpt>
      <trkpt lat="46.806503" lon="9.617081">
        <ele>1449.05163</ele>
      </trkpt>
      <trkpt lat="46.806662" lon="9.616975">
        <ele>1445.52503</ele>
      </trkpt>
      <trkpt lat="46.806931" lon="9.616793">
        <ele>1441.03929</ele>
      </trkpt>
      <trkpt lat="46.807055" lon="9.616699">
        <ele>1438.68455</ele>
      </trkpt>
      <trkpt lat="46.80735" lon="9.616479">
        <ele>1430.12357</ele>
      </trkpt>
      <trkpt lat="46.807487" lon="9.616367">
        <ele>1426.71363</ele>
      </trkpt>
      <trkpt lat="46.807697" lon="9.616194">
        <ele>1420.68784</ele>
      </trkpt>
      <trkpt lat="46.807847" lon="9.616053">
        <ele>1416.71743</ele>
      </trkpt>
      <trkpt lat="46.80799" lon="9.615982">
        <ele>1413.7327</ele>
      </trkpt>
      <trkpt lat="46.808045" lon="9.615969">
        <ele>1413.21416</ele>
      </trkpt>
      <trkpt lat="46.808215" lon="9.61591">
        <ele>1407.72055</ele>
      </trkpt>
      <trkpt lat="46.808351" lon="9.615835">
        <ele>1403.57271</ele>
      </trkpt>
      <trkpt lat="46.808476" lon="9.615755">
        <ele>1400.82793</ele>
      </trkpt>
      <trkpt lat="46.808605" lon="9.615678">
        <ele>1398.74942</ele>
      </trkpt>
      <trkpt lat="46.808714" lon="9.615555">
        <ele>1394.33683</ele>
      </trkpt>
      <trkpt lat="46.808811" lon="9.61545">
        <ele>1391.60341</ele>
      </trkpt>
      <trkpt lat="46.808921" lon="9.615322">
        <ele>1387.37588</ele>
      </trkpt>
      <trkpt lat="46.809009" lon="9.615213">
        <ele>1384.46487</ele>
      </trkpt>
      <trkpt lat="46.809119" lon="9.615094">
        <ele>1382.1166</ele>
      </trkpt>
      <trkpt lat="46.809213" lon="9.61499">
        <ele>1381.23466</ele>
      </trkpt>
      <trkpt lat="46.809317" lon="9.614919">
        <ele>1378.50189</ele>
      </trkpt>
      <trkpt lat="46.809428" lon="9.614832">
        <ele>1375.24338</ele>
      </trkpt>
      <trkpt lat="46.809585" lon="9.614759">
        <ele>1371.14714</ele>
      </trkpt>
      <trkpt lat="46.809739" lon="9.614687">
        <ele>1368.07622</ele>
      </trkpt>
      <trkpt lat="46.809972" lon="9.614603">
        <ele>1361.02952</ele>
      </trkpt>
      <trkpt lat="46.810172" lon="9.614515">
        <ele>1360.24996</ele>
      </trkpt>
      <trkpt lat="46.810328" lon="9.61443">
        <ele>1354.11168</ele>
      </trkpt>
      <trkpt lat="46.810504" lon="9.614312">
        <ele>1350.979</ele>
      </trkpt>
      <trkpt lat="46.810528" lon="9.614287">
        <ele>1349.74726</ele>
      </trkpt>
      <trkpt lat="46.810662" lon="9.614192">
        <ele>1349.64597</ele>
      </trkpt>
      <trkpt lat="46.810765" lon="9.614121">
        <ele>1348.3077</ele>
      </trkpt>
      <trkpt lat="46.810846" lon="9.614009">
        <ele>1346.92752</ele>
      </trkpt>
      <trkpt lat="46.810966" lon="9.613854">
        <ele>1344.95931</ele>
      </trkpt>
      <trkpt lat="46.811034" lon="9.613771">
        <ele>1343.60599</ele>
      </trkpt>
      <trkpt lat="46.811094" lon="9.613709">
        <ele>1342.01346</ele>
      </trkpt>
      <trkpt lat="46.811125" lon="9.613699">
        <ele>1341.69036</ele>
      </trkpt>
      <trkpt lat="46.81125" lon="9.613684">
        <ele>1339.52337</ele>
      </trkpt>
      <trkpt lat="46.811412" lon="9.613671">
        <ele>1335.31321</ele>
      </trkpt>
      <trkpt lat="46.811495" lon="9.613634">
        <ele>1333.29804</ele>
      </trkpt>
      <trkpt lat="46.811541" lon="9.613559">
        <ele>1331.31223</ele>
      </trkpt>
      <trkpt lat="46.811572" lon="9.613474">
        <ele>1330.75437</ele>
        <name>46.811583,9.613461</name>
        <extensions>
          <oa:locType>routingNode</oa:locType>
        </extensions>
      </trkpt>
      <trkpt lat="46.811485" lon="9.613399">
        <ele>1330.43864</ele>
      </trkpt>
      <trkpt lat="46.811417" lon="9.61337">
        <ele>1330.19784</ele>
      </trkpt>
      <trkpt lat="46.811321" lon="9.613342">
        <ele>1328.66092</ele>
      </trkpt>
      <trkpt lat="46.811238" lon="9.613338">
        <ele>1327.79221</ele>
      </trkpt>
      <trkpt lat="46.811174" lon="9.613348">
        <ele>1326.60092</ele>
      </trkpt>
      <trkpt lat="46.811051" lon="9.613398">
        <ele>1326.01734</ele>
      </trkpt>
      <trkpt lat="46.810991" lon="9.613463">
        <ele>1327.1755</ele>
      </trkpt>
      <trkpt lat="46.810939" lon="9.613336">
        <ele>1326.45576</ele>
      </trkpt>
      <trkpt lat="46.810938" lon="9.613238">
        <ele>1326.16217</ele>
      </trkpt>
      <trkpt lat="46.810964" lon="9.613133">
        <ele>1325.62098</ele>
      </trkpt>
      <trkpt lat="46.811008" lon="9.61302">
        <ele>1324.62252</ele>
      </trkpt>
      <trkpt lat="46.811057" lon="9.612943">
        <ele>1323.87894</ele>
      </trkpt>
      <trkpt lat="46.811064" lon="9.612932">
        <ele>1323.85722</ele>
      </trkpt>
      <trkpt lat="46.81109" lon="9.61291">
        <ele>1323.96812</ele>
      </trkpt>
      <trkpt lat="46.811217" lon="9.612802">
        <ele>1321.57311</ele>
      </trkpt>
      <trkpt lat="46.811329" lon="9.612715">
        <ele>1321.55975</ele>
      </trkpt>
      <trkpt lat="46.811331" lon="9.612713">
        <ele>1321.49932</ele>
      </trkpt>
      <trkpt lat="46.811409" lon="9.61265">
        <ele>1320.62501</ele>
      </trkpt>
      <trkpt lat="46.811498" lon="9.612622">
        <ele>1319.89428</ele>
      </trkpt>
      <trkpt lat="46.811507" lon="9.612619">
        <ele>1319.77717</ele>
      </trkpt>
      <trkpt lat="46.811586" lon="9.612623">
        <ele>1318.79957</ele>
      </trkpt>
      <trkpt lat="46.811624" lon="9.612625">
        <ele>1318.1968</ele>
      </trkpt>
      <trkpt lat="46.811806" lon="9.612648">
        <ele>1314.56601</ele>
      </trkpt>
      <trkpt lat="46.812068" lon="9.612717">
        <ele>1312.64265</ele>
      </trkpt>
      <trkpt lat="46.812316" lon="9.612765">
        <ele>1312.13129</ele>
      </trkpt>
      <trkpt lat="46.81242" lon="9.612782">
        <ele>1311.85687</ele>
      </trkpt>
      <trkpt lat="46.812583" lon="9.612808">
        <ele>1311.72753</ele>
      </trkpt>
      <trkpt lat="46.812706" lon="9.612823">
        <ele>1311.4595</ele>
      </trkpt>
      <trkpt lat="46.812766" lon="9.61282">
        <ele>1311.12909</ele>
      </trkpt>
      <trkpt lat="46.812818" lon="9.612775">
        <ele>1312.39864</ele>
      </trkpt>
      <trkpt lat="46.812874" lon="9.612767">
        <ele>1311.49748</ele>
      </trkpt>
      <trkpt lat="46.812946" lon="9.612758">
        <ele>1311.24995</ele>
      </trkpt>
      <trkpt lat="46.813" lon="9.612723">
        <ele>1311.49019</ele>
      </trkpt>
      <trkpt lat="46.813057" lon="9.61267">
        <ele>1311.41638</ele>
      </trkpt>
      <trkpt lat="46.813116" lon="9.612588">
        <ele>1311.56577</ele>
      </trkpt>
      <trkpt lat="46.813157" lon="9.612533">
        <ele>1311.55707</ele>
      </trkpt>
      <trkpt lat="46.813215" lon="9.612443">
        <ele>1312.47145</ele>
      </trkpt>
      <trkpt lat="46.813356" lon="9.612189">
        <ele>1315.24641</ele>
      </trkpt>
      <trkpt lat="46.813483" lon="9.611963">
        <ele>1317.6548</ele>
      </trkpt>
      <trkpt lat="46.813565" lon="9.61183">
        <ele>1318.83345</ele>
      </trkpt>
      <trkpt lat="46.813631" lon="9.61169">
        <ele>1320.14055</ele>
      </trkpt>
      <trkpt lat="46.813708" lon="9.6115">
        <ele>1321.71796</ele>
      </trkpt>
      <trkpt lat="46.813717" lon="9.611482">
        <ele>1321.84934</ele>
        <name>46.813748,9.611514</name>
        <extensions>
          <oa:locType>routingNode</oa:locType>
        </extensions>
      </trkpt>
      <trkpt lat="46.813762" lon="9.61139">
        <ele>1322.70198</ele>
      </trkpt>
      <trkpt lat="46.813807" lon="9.611306">
        <ele>1323.4965</ele>
      </trkpt>
      <trkpt lat="46.813846" lon="9.611241">
        <ele>1324.21688</ele>
      </trkpt>
      <trkpt lat="46.813908" lon="9.611174">
        <ele>1325.02938</ele>
      </trkpt>
      <trkpt lat="46.813977" lon="9.611117">
        <ele>1325.68049</ele>
      </trkpt>
      <trkpt lat="46.814073" lon="9.611055">
        <ele>1326.80399</ele>
      </trkpt>
      <trkpt lat="46.814177" lon="9.610995">
        <ele>1327.90786</ele>
      </trkpt>
      <trkpt lat="46.814255" lon="9.610944">
        <ele>1328.90573</ele>
      </trkpt>
      <trkpt lat="46.814328" lon="9.610886">
        <ele>1329.58812</ele>
      </trkpt>
      <trkpt lat="46.814416" lon="9.610807">
        <ele>1330.34316</ele>
      </trkpt>
      <trkpt lat="46.814472" lon="9.610742">
        <ele>1330.60542</ele>
      </trkpt>
      <trkpt lat="46.814514" lon="9.610632">
        <ele>1332.73767</ele>
      </trkpt>
      <trkpt lat="46.81454" lon="9.610557">
        <ele>1332.20815</ele>
      </trkpt>
      <trkpt lat="46.814546" lon="9.610532">
        <ele>1332.00807</ele>
      </trkpt>
      <trkpt lat="46.814566" lon="9.610453">
        <ele>1332.52531</ele>
      </trkpt>
      <trkpt lat="46.814614" lon="9.610232">
        <ele>1332.61183</ele>
      </trkpt>
      <trkpt lat="46.814636" lon="9.610066">
        <ele>1334.07201</ele>
      </trkpt>
      <trkpt lat="46.814655" lon="9.609896">
        <ele>1334.38391</ele>
      </trkpt>
      <trkpt lat="46.814684" lon="9.609733">
        <ele>1334.9286</ele>
      </trkpt>
      <trkpt lat="46.814732" lon="9.609545">
        <ele>1335.49379</ele>
      </trkpt>
      <trkpt lat="46.814781" lon="9.609406">
        <ele>1335.74339</ele>
      </trkpt>
      <trkpt lat="46.814853" lon="9.609233">
        <ele>1335.80028</ele>
      </trkpt>
      <trkpt lat="46.814897" lon="9.609064">
        <ele>1338.51458</ele>
      </trkpt>
      <trkpt lat="46.814909" lon="9.608994">
        <ele>1338.97479</ele>
      </trkpt>
      <trkpt lat="46.814926" lon="9.608901">
        <ele>1338.53394</ele>
      </trkpt>
      <trkpt lat="46.814948" lon="9.608814">
        <ele>1336.83042</ele>
      </trkpt>
      <trkpt lat="46.814972" lon="9.608744">
        <ele>1336.64982</ele>
      </trkpt>
      <trkpt lat="46.815004" lon="9.608685">
        <ele>1336.71439</ele>
      </trkpt>
      <trkpt lat="46.815056" lon="9.608615">
        <ele>1336.80731</ele>
      </trkpt>
      <trkpt lat="46.815124" lon="9.608532">
        <ele>1337.08539</ele>
      </trkpt>
      <trkpt lat="46.815186" lon="9.608462">
        <ele>1336.85101</ele>
      </trkpt>
      <trkpt lat="46.81526" lon="9.60834">
        <ele>1336.72487</ele>
      </trkpt>
      <trkpt lat="46.815342" lon="9.608214">
        <ele>1336.90249</ele>
      </trkpt>
      <trkpt lat="46.815555" lon="9.607919">
        <ele>1337.7459</ele>
      </trkpt>
      <trkpt lat="46.815781" lon="9.607612">
        <ele>1338.96782</ele>
      </trkpt>
      <trkpt lat="46.815913" lon="9.607426">
        <ele>1339.70457</ele>
      </trkpt>
      <trkpt lat="46.815943" lon="9.607383">
        <ele>1339.92913</ele>
      </trkpt>
      <trkpt lat="46.816007" lon="9.607273">
        <ele>1340.88484</ele>
      </trkpt>
      <trkpt lat="46.816084" lon="9.607102">
        <ele>1342.29637</ele>
      </trkpt>
      <trkpt lat="46.816156" lon="9.606938">
        <ele>1342.71325</ele>
      </trkpt>
      <trkpt lat="46.816213" lon="9.606794">
        <ele>1342.85457</ele>
      </trkpt>
      <trkpt lat="46.81627" lon="9.606658">
        <ele>1343.20099</ele>
      </trkpt>
      <trkpt lat="46.81631" lon="9.606591">
        <ele>1343.40333</ele>
      </trkpt>
      <trkpt lat="46.81636" lon="9.606528">
        <ele>1343.68852</ele>
      </trkpt>
      <trkpt lat="46.816413" lon="9.606466">
        <ele>1343.09812</ele>
      </trkpt>
      <trkpt lat="46.81645" lon="9.606406">
        <ele>1343.10625</ele>
      </trkpt>
      <trkpt lat="46.816516" lon="9.606267">
        <ele>1343.18689</ele>
      </trkpt>
      <trkpt lat="46.816566" lon="9.606207">
        <ele>1343.39527</ele>
      </trkpt>
      <trkpt lat="46.816615" lon="9.606167">
        <ele>1343.81332</ele>
      </trkpt>
      <trkpt lat="46.816646" lon="9.606151">
        <ele>1343.736</ele>
        <name>46.816649,9.606165</name>
        <extensions>
          <oa:locType>routingNode</oa:locType>
        </extensions>
      </trkpt>
      <trkpt lat="46.816656" lon="9.606146">
        <ele>1343.68104</ele>
      </trkpt>
      <trkpt lat="46.816705" lon="9.606136">
        <ele>1343.82</ele>
      </trkpt>
      <trkpt lat="46.816764" lon="9.606143">
        <ele>1344.31655</ele>
      </trkpt>
      <trkpt lat="46.816849" lon="9.606162">
        <ele>1344.01106</ele>
      </trkpt>
      <trkpt lat="46.81698" lon="9.606194">
        <ele>1343.69566</ele>
      </trkpt>
      <trkpt lat="46.817048" lon="9.60621">
        <ele>1343.8333</ele>
      </trkpt>
      <trkpt lat="46.817144" lon="9.606244">
        <ele>1343.83244</ele>
      </trkpt>
      <trkpt lat="46.817317" lon="9.606346">
        <ele>1343.77059</ele>
      </trkpt>
      <trkpt lat="46.817454" lon="9.606421">
        <ele>1344.16832</ele>
      </trkpt>
      <trkpt lat="46.817538" lon="9.60645">
        <ele>1344.47257</ele>
      </trkpt>
      <trkpt lat="46.817643" lon="9.606488">
        <ele>1345.06952</ele>
      </trkpt>
      <trkpt lat="46.817689" lon="9.606538">
        <ele>1345.01675</ele>
      </trkpt>
      <trkpt lat="46.81773" lon="9.606593">
        <ele>1344.9756</ele>
      </trkpt>
      <trkpt lat="46.817766" lon="9.606661">
        <ele>1344.64476</ele>
      </trkpt>
      <trkpt lat="46.817792" lon="9.606721">
        <ele>1344.41744</ele>
      </trkpt>
      <trkpt lat="46.817855" lon="9.606682">
        <ele>1343.9148</ele>
      </trkpt>
      <trkpt lat="46.817991" lon="9.606639">
        <ele>1341.60753</ele>
      </trkpt>
      <trkpt lat="46.818119" lon="9.606578">
        <ele>1339.78761</ele>
      </trkpt>
      <trkpt lat="46.818292" lon="9.606526">
        <ele>1337.47555</ele>
      </trkpt>
      <trkpt lat="46.81847" lon="9.606499">
        <ele>1335.18402</ele>
      </trkpt>
      <trkpt lat="46.818534" lon="9.606493">
        <ele>1334.39594</ele>
      </trkpt>
      <trkpt lat="46.818635" lon="9.606482">
        <ele>1332.95071</ele>
      </trkpt>
      <trkpt lat="46.818796" lon="9.606488">
        <ele>1330.81149</ele>
      </trkpt>
      <trkpt lat="46.818948" lon="9.60648">
        <ele>1329.01043</ele>
      </trkpt>
      <trkpt lat="46.819051" lon="9.606436">
        <ele>1327.99227</ele>
      </trkpt>
      <trkpt lat="46.819128" lon="9.606363">
        <ele>1327.20755</ele>
      </trkpt>
      <trkpt lat="46.819226" lon="9.606227">
        <ele>1326.10219</ele>
      </trkpt>
      <trkpt lat="46.819302" lon="9.606082">
        <ele>1325.25536</ele>
      </trkpt>
      <trkpt lat="46.819354" lon="9.605901">
        <ele>1324.45096</ele>
      </trkpt>
      <trkpt lat="46.819387" lon="9.605763">
        <ele>1323.96249</ele>
      </trkpt>
      <trkpt lat="46.819421" lon="9.605501">
        <ele>1322.86341</ele>
      </trkpt>
      <trkpt lat="46.819421" lon="9.605347">
        <ele>1322.13327</ele>
      </trkpt>
      <trkpt lat="46.819436" lon="9.605094">
        <ele>1321.4158</ele>
      </trkpt>
      <trkpt lat="46.819434" lon="9.60482">
        <ele>1320.38049</ele>
      </trkpt>
      <trkpt lat="46.819449" lon="9.604659">
        <ele>1319.62528</ele>
      </trkpt>
      <trkpt lat="46.819481" lon="9.604487">
        <ele>1319.08162</ele>
      </trkpt>
      <trkpt lat="46.819601" lon="9.604017">
        <ele>1317.37781</ele>
      </trkpt>
      <trkpt lat="46.819682" lon="9.603681">
        <ele>1316.01841</ele>
      </trkpt>
      <trkpt lat="46.819758" lon="9.603364">
        <ele>1314.98115</ele>
      </trkpt>
      <trkpt lat="46.819814" lon="9.60316">
        <ele>1314.19945</ele>
      </trkpt>
      <trkpt lat="46.819866" lon="9.603013">
        <ele>1313.70552</ele>
      </trkpt>
      <trkpt lat="46.819986" lon="9.602709">
        <ele>1312.42095</ele>
      </trkpt>
      <trkpt lat="46.820115" lon="9.602367">
        <ele>1311.11078</ele>
      </trkpt>
      <trkpt lat="46.820306" lon="9.601859">
        <ele>1308.98687</ele>
      </trkpt>
      <trkpt lat="46.820344" lon="9.601735">
        <ele>1308.54687</ele>
      </trkpt>
      <trkpt lat="46.820366" lon="9.601647">
        <ele>1308.15565</ele>
      </trkpt>
      <trkpt lat="46.820379" lon="9.601456">
        <ele>1307.461</ele>
      </trkpt>
      <trkpt lat="46.820364" lon="9.601064">
        <ele>1305.92356</ele>
      </trkpt>
      <trkpt lat="46.820357" lon="9.600936">
        <ele>1301.84184</ele>
      </trkpt>
      <trkpt lat="46.820367" lon="9.600819">
        <ele>1296.83201</ele>
      </trkpt>
      <trkpt lat="46.820384" lon="9.600708">
        <ele>1299.83326</ele>
      </trkpt>
      <trkpt lat="46.820417" lon="9.600634">
        <ele>1302.18015</ele>
      </trkpt>
      <trkpt lat="46.820456" lon="9.600576">
        <ele>1302.79479</ele>
      </trkpt>
      <trkpt lat="46.820569" lon="9.600471">
        <ele>1301.44821</ele>
      </trkpt>
      <trkpt lat="46.820668" lon="9.600375">
        <ele>1300.54949</ele>
      </trkpt>
      <trkpt lat="46.820723" lon="9.600302">
        <ele>1299.87994</ele>
      </trkpt>
      <trkpt lat="46.820762" lon="9.600223">
        <ele>1299.37751</ele>
      </trkpt>
      <trkpt lat="46.820795" lon="9.600111">
        <ele>1298.57534</ele>
      </trkpt>
      <trkpt lat="46.820799" lon="9.599922">
        <ele>1297.57279</ele>
      </trkpt>
      <trkpt lat="46.820783" lon="9.599704">
        <ele>1296.48194</ele>
      </trkpt>
      <trkpt lat="46.820687" lon="9.599673">
        <ele>1296.85985</ele>
      </trkpt>
      <trkpt lat="46.820653" lon="9.599645">
        <ele>1297.00179</ele>
      </trkpt>
      <trkpt lat="46.820623" lon="9.599583">
        <ele>1297.23281</ele>
      </trkpt>
      <trkpt lat="46.820623" lon="9.599525">
        <ele>1297.35917</ele>
      </trkpt>
      <trkpt lat="46.820629" lon="9.599462">
        <ele>1297.84237</ele>
      </trkpt>
      <trkpt lat="46.820651" lon="9.599401">
        <ele>1297.98348</ele>
      </trkpt>
      <trkpt lat="46.820686" lon="9.599329">
        <ele>1299.06494</ele>
      </trkpt>
      <trkpt lat="46.82072" lon="9.599287">
        <ele>1299.35642</ele>
      </trkpt>
      <trkpt lat="46.820778" lon="9.599236">
        <ele>1299.98654</ele>
      </trkpt>
      <trkpt lat="46.820809" lon="9.599166">
        <ele>1300.66506</ele>
      </trkpt>
      <trkpt lat="46.820849" lon="9.599072">
        <ele>1301.62015</ele>
      </trkpt>
      <trkpt lat="46.820867" lon="9.599011">
        <ele>1302.04715</ele>
      </trkpt>
      <trkpt lat="46.820873" lon="9.59895">
        <ele>1302.50401</ele>
      </trkpt>
      <trkpt lat="46.820879" lon="9.598891">
        <ele>1302.82412</ele>
      </trkpt>
      <trkpt lat="46.820889" lon="9.598838">
        <ele>1303.1978</ele>
      </trkpt>
      <trkpt lat="46.820905" lon="9.598759">
        <ele>1304.14642</ele>
      </trkpt>
      <trkpt lat="46.820914" lon="9.598705">
        <ele>1305.53192</ele>
        <name>46.820893,9.598698</name>
        <extensions>
          <oa:locType>routingNode</oa:locType>
        </extensions>
      </trkpt>
      <trkpt lat="46.820918" lon="9.598676">
        <ele>1306.07254</ele>
      </trkpt>
      <trkpt lat="46.821046" lon="9.598519">
        <ele>1302.13993</ele>
      </trkpt>
      <trkpt lat="46.821101" lon="9.59838">
        <ele>1296.89885</ele>
      </trkpt>
      <trkpt lat="46.821145" lon="9.598215">
        <ele>1298.09364</ele>
      </trkpt>
      <trkpt lat="46.821176" lon="9.598075">
        <ele>1297.12345</ele>
      </trkpt>
      <trkpt lat="46.821218" lon="9.597884">
        <ele>1292.336</ele>
      </trkpt>
      <trkpt lat="46.821245" lon="9.59776">
        <ele>1292.73638</ele>
      </trkpt>
      <trkpt lat="46.821296" lon="9.59769">
        <ele>1294.68042</ele>
      </trkpt>
      <trkpt lat="46.821298" lon="9.597686">
        <ele>1294.76773</ele>
      </trkpt>
      <trkpt lat="46.821302" lon="9.597684">
        <ele>1294.78902</ele>
      </trkpt>
      <trkpt lat="46.821353" lon="9.597655">
        <ele>1295.36355</ele>
      </trkpt>
      <trkpt lat="46.821402" lon="9.597615">
        <ele>1294.19025</ele>
      </trkpt>
      <trkpt lat="46.821438" lon="9.597523">
        <ele>1293.31629</ele>
      </trkpt>
      <trkpt lat="46.821466" lon="9.597406">
        <ele>1292.76404</ele>
      </trkpt>
      <trkpt lat="46.82149" lon="9.597269">
        <ele>1291.20416</ele>
      </trkpt>
      <trkpt lat="46.821493" lon="9.597098">
        <ele>1289.0989</ele>
      </trkpt>
      <trkpt lat="46.821502" lon="9.596932">
        <ele>1287.47615</ele>
      </trkpt>
      <trkpt lat="46.82151" lon="9.596828">
        <ele>1287.8748</ele>
      </trkpt>
      <trkpt lat="46.821529" lon="9.596714">
        <ele>1287.60613</ele>
      </trkpt>
      <trkpt lat="46.821546" lon="9.596548">
        <ele>1285.51248</ele>
      </trkpt>
      <trkpt lat="46.821553" lon="9.596349">
        <ele>1283.48763</ele>
      </trkpt>
      <trkpt lat="46.821582" lon="9.596187">
        <ele>1283.37279</ele>
      </trkpt>
      <trkpt lat="46.821624" lon="9.596063">
        <ele>1283.22174</ele>
      </trkpt>
      <trkpt lat="46.821638" lon="9.596026">
        <ele>1283.25076</ele>
      </trkpt>
      <trkpt lat="46.821694" lon="9.595926">
        <ele>1284.59002</ele>
      </trkpt>
      <trkpt lat="46.821757" lon="9.595804">
        <ele>1282.65141</ele>
      </trkpt>
      <trkpt lat="46.821776" lon="9.595743">
        <ele>1281.39147</ele>
      </trkpt>
      <trkpt lat="46.821816" lon="9.59555">
        <ele>1279.02137</ele>
      </trkpt>
      <trkpt lat="46.821854" lon="9.595323">
        <ele>1275.96115</ele>
      </trkpt>
      <trkpt lat="46.821892" lon="9.595206">
        <ele>1274.09502</ele>
      </trkpt>
      <trkpt lat="46.821924" lon="9.59512">
        <ele>1273.1131</ele>
      </trkpt>
      <trkpt lat="46.821952" lon="9.595059">
        <ele>1272.75848</ele>
      </trkpt>
      <trkpt lat="46.822003" lon="9.594954">
        <ele>1272.14845</ele>
      </trkpt>
      <trkpt lat="46.822052" lon="9.594883">
        <ele>1270.62605</ele>
      </trkpt>
      <trkpt lat="46.822075" lon="9.594814">
        <ele>1269.84076</ele>
      </trkpt>
      <trkpt lat="46.822102" lon="9.594705">
        <ele>1268.29073</ele>
      </trkpt>
      <trkpt lat="46.822102" lon="9.594595">
        <ele>1268.93634</ele>
      </trkpt>
      <trkpt lat="46.822097" lon="9.59448">
        <ele>1270.04489</ele>
      </trkpt>
      <trkpt lat="46.822096" lon="9.594308">
        <ele>1270.07994</ele>
      </trkpt>
      <trkpt lat="46.822093" lon="9.594159">
        <ele>1270.79265</ele>
      </trkpt>
      <trkpt lat="46.82209" lon="9.594097">
        <ele>1271.69009</ele>
      </trkpt>
      <trkpt lat="46.822103" lon="9.594027">
        <ele>1271.85861</ele>
      </trkpt>
      <trkpt lat="46.822129" lon="9.593946">
        <ele>1271.13504</ele>
      </trkpt>
      <trkpt lat="46.822131" lon="9.593899">
        <ele>1271.22836</ele>
      </trkpt>
      <trkpt lat="46.822131" lon="9.593764">
        <ele>1271.97162</ele>
      </trkpt>
      <trkpt lat="46.822132" lon="9.593651">
        <ele>1273.60593</ele>
      </trkpt>
      <trkpt lat="46.822132" lon="9.59355">
        <ele>1273.60506</ele>
      </trkpt>
      <trkpt lat="46.822109" lon="9.593419">
        <ele>1275.27224</ele>
      </trkpt>
      <trkpt lat="46.822085" lon="9.593212">
        <ele>1276.59033</ele>
      </trkpt>
      <trkpt lat="46.822059" lon="9.592925">
        <ele>1280.36798</ele>
      </trkpt>
      <trkpt lat="46.822109" lon="9.592605">
        <ele>1280.35905</ele>
      </trkpt>
      <trkpt lat="46.822158" lon="9.592284">
        <ele>1282.53818</ele>
      </trkpt>
      <trkpt lat="46.822199" lon="9.59205">
        <ele>1281.21632</ele>
      </trkpt>
      <trkpt lat="46.822211" lon="9.591893">
        <ele>1281.74475</ele>
      </trkpt>
      <trkpt lat="46.822221" lon="9.59171">
        <ele>1281.27708</ele>
      </trkpt>
      <trkpt lat="46.822217" lon="9.591542">
        <ele>1283.65604</ele>
      </trkpt>
      <trkpt lat="46.822189" lon="9.591256">
        <ele>1284.75557</ele>
      </trkpt>
      <trkpt lat="46.822195" lon="9.590971">
        <ele>1286.19294</ele>
      </trkpt>
      <trkpt lat="46.822226" lon="9.590504">
        <ele>1285.57463</ele>
      </trkpt>
      <trkpt lat="46.822218" lon="9.590215">
        <ele>1286.20128</ele>
      </trkpt>
      <trkpt lat="46.822205" lon="9.589953">
        <ele>1285.64552</ele>
      </trkpt>
      <trkpt lat="46.822203" lon="9.589916">
        <ele>1285.42675</ele>
      </trkpt>
      <trkpt lat="46.822204" lon="9.589841">
        <ele>1285.73248</ele>
      </trkpt>
      <trkpt lat="46.822246" lon="9.589518">
        <ele>1284.43205</ele>
      </trkpt>
      <trkpt lat="46.822336" lon="9.589171">
        <ele>1280.87138</ele>
      </trkpt>
      <trkpt lat="46.822344" lon="9.589254">
        <ele>1280.8726</ele>
        <name>46.822332,9.589256</name>
        <extensions>
          <oa:locType>routingNode</oa:locType>
        </extensions>
      </trkpt>
      <trkpt lat="46.822336" lon="9.589171">
        <ele>1280.87138</ele>
      </trkpt>
      <trkpt lat="46.822339" lon="9.589087">
        <ele>1280.97918</ele>
      </trkpt>
      <trkpt lat="46.822342" lon="9.589017">
        <ele>1281.58204</ele>
      </trkpt>
      <trkpt lat="46.822347" lon="9.588923">
        <ele>1282.78385</ele>
      </trkpt>
      <trkpt lat="46.822356" lon="9.588804">
        <ele>1283.94505</ele>
      </trkpt>
      <trkpt lat="46.82235" lon="9.588662">
        <ele>1284.5369</ele>
      </trkpt>
      <trkpt lat="46.822339" lon="9.588537">
        <ele>1284.19634</ele>
      </trkpt>
      <trkpt lat="46.822333" lon="9.588425">
        <ele>1285.04414</ele>
      </trkpt>
      <trkpt lat="46.82233" lon="9.588305">
        <ele>1285.9035</ele>
      </trkpt>
      <trkpt lat="46.822323" lon="9.588201">
        <ele>1286.7457</ele>
      </trkpt>
      <trkpt lat="46.82234" lon="9.588107">
        <ele>1285.90583</ele>
      </trkpt>
      <trkpt lat="46.822351" lon="9.588003">
        <ele>1286.78016</ele>
      </trkpt>
      <trkpt lat="46.822353" lon="9.587906">
        <ele>1286.63107</ele>
      </trkpt>
      <trkpt lat="46.822352" lon="9.587757">
        <ele>1288.20048</ele>
      </trkpt>
      <trkpt lat="46.822354" lon="9.587647">
        <ele>1287.49393</ele>
      </trkpt>
      <trkpt lat="46.822345" lon="9.587513">
        <ele>1288.04931</ele>
      </trkpt>
      <trkpt lat="46.82234" lon="9.587382">
        <ele>1289.1529</ele>
      </trkpt>
      <trkpt lat="46.82236" lon="9.587248">
        <ele>1288.20642</ele>
      </trkpt>
      <trkpt lat="46.822393" lon="9.587082">
        <ele>1287.33687</ele>
      </trkpt>
      <trkpt lat="46.822443" lon="9.586897">
        <ele>1286.17137</ele>
      </trkpt>
      <trkpt lat="46.822476" lon="9.586734">
        <ele>1285.78564</ele>
      </trkpt>
      <trkpt lat="46.822482" lon="9.586643">
        <ele>1285.93002</ele>
      </trkpt>
      <trkpt lat="46.822481" lon="9.586581">
        <ele>1285.41503</ele>
      </trkpt>
      <trkpt lat="46.822469" lon="9.586492">
        <ele>1284.70423</ele>
      </trkpt>
      <trkpt lat="46.822416" lon="9.586317">
        <ele>1284.62507</ele>
      </trkpt>
      <trkpt lat="46.822354" lon="9.58613">
        <ele>1284.49875</ele>
      </trkpt>
      <trkpt lat="46.822315" lon="9.585955">
        <ele>1282.39365</ele>
      </trkpt>
      <trkpt lat="46.822297" lon="9.58584">
        <ele>1279.82765</ele>
      </trkpt>
      <trkpt lat="46.822294" lon="9.585751">
        <ele>1277.62315</ele>
      </trkpt>
      <trkpt lat="46.822298" lon="9.585683">
        <ele>1277.59923</ele>
      </trkpt>
      <trkpt lat="46.822322" lon="9.585607">
        <ele>1279.31844</ele>
      </trkpt>
      <trkpt lat="46.822359" lon="9.585537">
        <ele>1281.53409</ele>
      </trkpt>
      <trkpt lat="46.822451" lon="9.585426">
        <ele>1278.90615</ele>
      </trkpt>
      <trkpt lat="46.822511" lon="9.585337">
        <ele>1276.82506</ele>
      </trkpt>
      <trkpt lat="46.822542" lon="9.585243">
        <ele>1276.41112</ele>
      </trkpt>
      <trkpt lat="46.822553" lon="9.585129">
        <ele>1276.48596</ele>
      </trkpt>
      <trkpt lat="46.822547" lon="9.584981">
        <ele>1276.80836</ele>
      </trkpt>
      <trkpt lat="46.822502" lon="9.58473">
        <ele>1275.45316</ele>
      </trkpt>
      <trkpt lat="46.822452" lon="9.584505">
        <ele>1274.15463</ele>
      </trkpt>
      <trkpt lat="46.822416" lon="9.584383">
        <ele>1273.31575</ele>
      </trkpt>
      <trkpt lat="46.822383" lon="9.584202">
        <ele>1268.16931</ele>
      </trkpt>
      <trkpt lat="46.822421" lon="9.58405">
        <ele>1262.91549</ele>
      </trkpt>
      <trkpt lat="46.822631" lon="9.583778">
        <ele>1260.93791</ele>
      </trkpt>
      <trkpt lat="46.822905" lon="9.5837">
        <ele>1256.0182</ele>
      </trkpt>
      <trkpt lat="46.823108" lon="9.583831">
        <ele>1250.33787</ele>
      </trkpt>
      <trkpt lat="46.823491" lon="9.583834">
        <ele>1246.81676</ele>
      </trkpt>
      <trkpt lat="46.823601" lon="9.583688">
        <ele>1243.61636</ele>
      </trkpt>
      <trkpt lat="46.823714" lon="9.583391">
        <ele>1240.79175</ele>
      </trkpt>
      <trkpt lat="46.823652" lon="9.58309">
        <ele>1236.22561</ele>
      </trkpt>
      <trkpt lat="46.823388" lon="9.582965">
        <ele>1229.54047</ele>
      </trkpt>
      <trkpt lat="46.82318" lon="9.583037">
        <ele>1227.96326</ele>
      </trkpt>
      <trkpt lat="46.822906" lon="9.582883">
        <ele>1223.75052</ele>
      </trkpt>
      <trkpt lat="46.822952" lon="9.582871">
        <ele>1223.0</ele>
        <name>46.822948,9.582841</name>
        <extensions>
          <oa:locType>routingNode</oa:locType>
        </extensions>
      </trkpt>
      <trkpt lat="46.823054" lon="9.582844">
        <ele>1221.4</ele>
      </trkpt>
      <trkpt lat="46.823143" lon="9.582821">
        <ele>1219.7</ele>
      </trkpt>
      <trkpt lat="46.823178" lon="9.582814">
        <ele>1219.2</ele>
      </trkpt>
      <trkpt lat="46.823239" lon="9.582797">
        <ele>1218.3</ele>
      </trkpt>
      <trkpt lat="46.823268" lon="9.582784">
        <ele>1217.8</ele>
      </trkpt>
      <trkpt lat="46.823291" lon="9.582772">
        <ele>1217.3</ele>
      </trkpt>
      <trkpt lat="46.823328" lon="9.582732">
        <ele>1216.8</ele>
      </trkpt>
      <trkpt lat="46.823368" lon="9.582679">
        <ele>1216.0</ele>
      </trkpt>
      <trkpt lat="46.823449" lon="9.582582">
        <ele>1214.3</ele>
      </trkpt>
      <trkpt lat="46.823495" lon="9.582545">
        <ele>1213.3</ele>
      </trkpt>
      <trkpt lat="46.823496" lon="9.582544">
        <ele>1213.2</ele>
        <name>46.823512,9.582588</name>
        <extensions>
          <oa:locType>routingNode</oa:locType>
        </extensions>
      </trkpt>
      <trkpt lat="46.823552" lon="9.5825">
        <ele>1212.3</ele>
      </trkpt>
      <trkpt lat="46.823606" lon="9.582479">
        <ele>1211.5</ele>
      </trkpt>
      <trkpt lat="46.823674" lon="9.582454">
        <ele>1210.3</ele>
      </trkpt>
      <trkpt lat="46.823739" lon="9.582449">
        <ele>1208.9</ele>
      </trkpt>
      <trkpt lat="46.82378" lon="9.582454">
        <ele>1208.3</ele>
      </trkpt>
      <trkpt lat="46.823826" lon="9.582458">
        <ele>1207.5</ele>
      </trkpt>
      <trkpt lat="46.82386" lon="9.582473">
        <ele>1206.8</ele>
      </trkpt>
      <trkpt lat="46.823948" lon="9.582538">
        <ele>1204.8</ele>
      </trkpt>
      <trkpt lat="46.824069" lon="9.582641">
        <ele>1202.5</ele>
      </trkpt>
      <trkpt lat="46.824166" lon="9.582719">
        <ele>1200.9</ele>
      </trkpt>
      <trkpt lat="46.824265" lon="9.582811">
        <ele>1199.1</ele>
      </trkpt>
      <trkpt lat="46.82432" lon="9.582877">
        <ele>1197.7</ele>
      </trkpt>
      <trkpt lat="46.824364" lon="9.582924">
        <ele>1196.9</ele>
      </trkpt>
      <trkpt lat="46.824456" lon="9.583014">
        <ele>1195.3</ele>
      </trkpt>
      <trkpt lat="46.824569" lon="9.583134">
        <ele>1192.7</ele>
      </trkpt>
      <trkpt lat="46.82466" lon="9.583245">
        <ele>1191.0</ele>
      </trkpt>
      <trkpt lat="46.824725" lon="9.58332">
        <ele>1189.9</ele>
      </trkpt>
      <trkpt lat="46.824772" lon="9.583357">
        <ele>1189.3</ele>
      </trkpt>
      <trkpt lat="46.824805" lon="9.583398">
        <ele>1188.9</ele>
      </trkpt>
      <trkpt lat="46.824853" lon="9.583472">
        <ele>1187.8</ele>
      </trkpt>
      <trkpt lat="46.824914" lon="9.583592">
        <ele>1186.5</ele>
      </trkpt>
      <trkpt lat="46.824983" lon="9.583702">
        <ele>1185.6</ele>
      </trkpt>
      <trkpt lat="46.825056" lon="9.583856">
        <ele>1183.9</ele>
      </trkpt>
      <trkpt lat="46.825076" lon="9.583891">
        <ele>1183.3</ele>
      </trkpt>
      <trkpt lat="46.825121" lon="9.583999">
        <ele>1183.0</ele>
      </trkpt>
      <trkpt lat="46.825202" lon="9.584196">
        <ele>1181.4</ele>
      </trkpt>
      <trkpt lat="46.825246" lon="9.584283">
        <ele>1181.2</ele>
      </trkpt>
      <trkpt lat="46.825266" lon="9.584292">
        <ele>1181.3</ele>
      </trkpt>
      <trkpt lat="46.825284" lon="9.584278">
        <ele>1181.3</ele>
      </trkpt>
      <trkpt lat="46.825205" lon="9.584044">
        <ele>1179.7</ele>
      </trkpt>
      <trkpt lat="46.825149" lon="9.583891">
        <ele>1178.7</ele>
      </trkpt>
      <trkpt lat="46.825125" lon="9.583797">
        <ele>1177.9</ele>
      </trkpt>
      <trkpt lat="46.825102" lon="9.583678">
        <ele>1177.1</ele>
      </trkpt>
      <trkpt lat="46.825082" lon="9.583548">
        <ele>1176.3</ele>
      </trkpt>
      <trkpt lat="46.825075" lon="9.583452">
        <ele>1175.7</ele>
      </trkpt>
      <trkpt lat="46.825076" lon="9.583362">
        <ele>1175.1</ele>
      </trkpt>
      <trkpt lat="46.825084" lon="9.583297">
        <ele>1174.7</ele>
      </trkpt>
      <trkpt lat="46.825097" lon="9.583249">
        <ele>1174.4</ele>
      </trkpt>
      <trkpt lat="46.82511" lon="9.583211">
        <ele>1174.1</ele>
      </trkpt>
      <trkpt lat="46.825118" lon="9.583198">
        <ele>1174.0</ele>
        <name>46.825113,9.583191</name>
        <extensions>
          <oa:locType>routingNode</oa:locType>
        </extensions>
      </trkpt>
      <trkpt lat="46.825156" lon="9.58314">
        <ele>1173.7</ele>
      </trkpt>
      <trkpt lat="46.825179" lon="9.583106">
        <ele>1173.4</ele>
      </trkpt>
      <trkpt lat="46.825226" lon="9.583033">
        <ele>1172.9</ele>
      </trkpt>
      <trkpt lat="46.825266" lon="9.582956">
        <ele>1172.4</ele>
      </trkpt>
      <trkpt lat="46.825287" lon="9.582897">
        <ele>1172.1</ele>
      </trkpt>
      <trkpt lat="46.825301" lon="9.582852">
        <ele>1172.0</ele>
      </trkpt>
      <trkpt lat="46.825308" lon="9.582821">
        <ele>1171.8</ele>
      </trkpt>
      <trkpt lat="46.825312" lon="9.582757">
        <ele>1171.5</ele>
      </trkpt>
      <trkpt lat="46.825308" lon="9.582617">
        <ele>1170.7</ele>
      </trkpt>
      <trkpt lat="46.825296" lon="9.582509">
        <ele>1170.0</ele>
      </trkpt>
      <trkpt lat="46.825276" lon="9.582418">
        <ele>1169.4</ele>
      </trkpt>
      <trkpt lat="46.825255" lon="9.582341">
        <ele>1169.0</ele>
      </trkpt>
      <trkpt lat="46.825223" lon="9.582256">
        <ele>1168.2</ele>
      </trkpt>
      <trkpt lat="46.825143" lon="9.582111">
        <ele>1167.2</ele>
      </trkpt>
      <trkpt lat="46.825079" lon="9.582006">
        <ele>1166.8</ele>
      </trkpt>
      <trkpt lat="46.825012" lon="9.581901">
        <ele>1166.8</ele>
      </trkpt>
      <trkpt lat="46.824939" lon="9.581816">
        <ele>1166.8</ele>
      </trkpt>
      <trkpt lat="46.824629" lon="9.581499">
        <ele>1166.8</ele>
      </trkpt>
      <trkpt lat="46.824509" lon="9.581373">
        <ele>1166.8</ele>
      </trkpt>
      <trkpt lat="46.82446" lon="9.58132">
        <ele>1166.9</ele>
      </trkpt>
      <trkpt lat="46.824421" lon="9.581272">
        <ele>1166.9</ele>
      </trkpt>
      <trkpt lat="46.824373" lon="9.581207">
        <ele>1166.7</ele>
      </trkpt>
      <trkpt lat="46.824321" lon="9.581134">
        <ele>1166.9</ele>
      </trkpt>
      <trkpt lat="46.824283" lon="9.581066">
        <ele>1167.0</ele>
      </trkpt>
      <trkpt lat="46.824254" lon="9.581032">
        <ele>1167.0</ele>
      </trkpt>
      <trkpt lat="46.824231" lon="9.581017">
        <ele>1167.2</ele>
      </trkpt>
      <trkpt lat="46.824209" lon="9.581009">
        <ele>1167.2</ele>
      </trkpt>
      <trkpt lat="46.824087" lon="9.581009">
        <ele>1167.1</ele>
      </trkpt>
      <trkpt lat="46.824081" lon="9.581009">
        <ele>1167.1</ele>
      </trkpt>
      <trkpt lat="46.82406" lon="9.581009">
        <ele>1167.1</ele>
      </trkpt>
      <trkpt lat="46.824054" lon="9.581009">
        <ele>1167.1</ele>
      </trkpt>
      <trkpt lat="46.824017" lon="9.581001">
        <ele>1167.1</ele>
      </trkpt>
      <trkpt lat="46.823973" lon="9.58098">
        <ele>1167.0</ele>
      </trkpt>
      <trkpt lat="46.823899" lon="9.580946">
        <ele>1167.2</ele>
      </trkpt>
      <trkpt lat="46.823857" lon="9.580937">
        <ele>1167.2</ele>
      </trkpt>
      <trkpt lat="46.823817" lon="9.580934">
        <ele>1167.3</ele>
      </trkpt>
      <trkpt lat="46.823551" lon="9.580913">
        <ele>1167.6</ele>
      </trkpt>
      <trkpt lat="46.823413" lon="9.580902">
        <ele>1167.7</ele>
      </trkpt>
      <trkpt lat="46.823383" lon="9.580899">
        <ele>1167.7</ele>
      </trkpt>
      <trkpt lat="46.823349" lon="9.580903">
        <ele>1167.6</ele>
      </trkpt>
      <trkpt lat="46.823325" lon="9.580906">
        <ele>1167.6</ele>
      </trkpt>
      <trkpt lat="46.82327" lon="9.580926">
        <ele>1167.5</ele>
      </trkpt>
      <trkpt lat="46.823221" lon="9.580952">
        <ele>1167.8</ele>
      </trkpt>
      <trkpt lat="46.823218" lon="9.580954">
        <ele>1167.8</ele>
      </trkpt>
      <trkpt lat="46.823173" lon="9.580993">
        <ele>1167.8</ele>
      </trkpt>
      <trkpt lat="46.823137" lon="9.581039">
        <ele>1167.9</ele>
      </trkpt>
      <trkpt lat="46.823101" lon="9.581117">
        <ele>1167.9</ele>
      </trkpt>
      <trkpt lat="46.823063" lon="9.5812">
        <ele>1167.8</ele>
        <name>46.826375,9.563642</name>
        <extensions>
          <oa:locType>routingNode</oa:locType>
        </extensions>
      </trkpt>
      <trkpt lat="46.823045" lon="9.581238">
        <ele>1167.8</ele>
      </trkpt>
      <trkpt lat="46.823016" lon="9.581281">
        <ele>1167.8</ele>
      </trkpt>
      <trkpt lat="46.823006" lon="9.581291">
        <ele>1167.8</ele>
      </trkpt>
      <trkpt lat="46.822993" lon="9.581303">
        <ele>1167.8</ele>
      </trkpt>
      <trkpt lat="46.822985" lon="9.581307">
        <ele>1167.7</ele>
      </trkpt>
      <trkpt lat="46.822973" lon="9.581314">
        <ele>1167.7</ele>
      </trkpt>
      <trkpt lat="46.822956" lon="9.581318">
        <ele>1167.9</ele>
      </trkpt>
      <trkpt lat="46.822941" lon="9.581313">
        <ele>1167.6</ele>
      </trkpt>
      <trkpt lat="46.822913" lon="9.581305">
        <ele>1164.2</ele>
      </trkpt>
      <trkpt lat="46.822888" lon="9.581289">
        <ele>1164.0</ele>
      </trkpt>
      <trkpt lat="46.822854" lon="9.581254">
        <ele>1167.9</ele>
      </trkpt>
      <trkpt lat="46.82282" lon="9.581162">
        <ele>1167.7</ele>
      </trkpt>
      <trkpt lat="46.822807" lon="9.581084">
        <ele>1167.8</ele>
      </trkpt>
      <trkpt lat="46.822796" lon="9.580935">
        <ele>1168.1</ele>
      </trkpt>
      <trkpt lat="46.822791" lon="9.580856">
        <ele>1168.0</ele>
      </trkpt>
      <trkpt lat="46.822786" lon="9.580784">
        <ele>1167.9</ele>
      </trkpt>
      <trkpt lat="46.822784" lon="9.580692">
        <ele>1168.0</ele>
      </trkpt>
      <trkpt lat="46.822786" lon="9.580651">
        <ele>1168.1</ele>
      </trkpt>
      <trkpt lat="46.822791" lon="9.580625">
        <ele>1167.9</ele>
      </trkpt>
      <trkpt lat="46.822795" lon="9.580609">
        <ele>1167.3</ele>
      </trkpt>
      <trkpt lat="46.8228" lon="9.580583">
        <ele>1165.3</ele>
      </trkpt>
      <trkpt lat="46.822808" lon="9.580544">
        <ele>1165.7</ele>
      </trkpt>
      <trkpt lat="46.822814" lon="9.580527">
        <ele>1166.7</ele>
      </trkpt>
      <trkpt lat="46.822823" lon="9.580499">
        <ele>1168.1</ele>
      </trkpt>
      <trkpt lat="46.822834" lon="9.580483">
        <ele>1167.9</ele>
      </trkpt>
      <trkpt lat="46.822889" lon="9.580404">
        <ele>1167.6</ele>
      </trkpt>
      <trkpt lat="46.822975" lon="9.58028">
        <ele>1167.2</ele>
      </trkpt>
      <trkpt lat="46.823029" lon="9.58019">
        <ele>1167.0</ele>
      </trkpt>
      <trkpt lat="46.823074" lon="9.580127">
        <ele>1166.7</ele>
      </trkpt>
      <trkpt lat="46.823137" lon="9.580066">
        <ele>1166.5</ele>
      </trkpt>
      <trkpt lat="46.823453" lon="9.57986">
        <ele>1165.1</ele>
      </trkpt>
      <trkpt lat="46.823643" lon="9.579737">
        <ele>1164.3</ele>
      </trkpt>
      <trkpt lat="46.823808" lon="9.579655">
        <ele>1163.7</ele>
      </trkpt>
      <trkpt lat="46.824109" lon="9.579527">
        <ele>1162.5</ele>
      </trkpt>
      <trkpt lat="46.824292" lon="9.579446">
        <ele>1161.5</ele>
      </trkpt>
      <trkpt lat="46.824384" lon="9.579397">
        <ele>1161.6</ele>
      </trkpt>
      <trkpt lat="46.824498" lon="9.579315">
        <ele>1161.0</ele>
      </trkpt>
      <trkpt lat="46.824673" lon="9.579163">
        <ele>1160.1</ele>
      </trkpt>
      <trkpt lat="46.824797" lon="9.579055">
        <ele>1159.4</ele>
      </trkpt>
      <trkpt lat="46.824821" lon="9.579022">
        <ele>1159.3</ele>
      </trkpt>
      <trkpt lat="46.824847" lon="9.578987">
        <ele>1159.2</ele>
      </trkpt>
      <trkpt lat="46.824891" lon="9.578889">
        <ele>1158.9</ele>
      </trkpt>
      <trkpt lat="46.825044" lon="9.578465">
        <ele>1158.0</ele>
      </trkpt>
      <trkpt lat="46.825063" lon="9.578391">
        <ele>1157.8</ele>
      </trkpt>
      <trkpt lat="46.825071" lon="9.578304">
        <ele>1157.6</ele>
      </trkpt>
      <trkpt lat="46.825068" lon="9.578205">
        <ele>1157.5</ele>
      </trkpt>
      <trkpt lat="46.825007" lon="9.577873">
        <ele>1156.9</ele>
      </trkpt>
      <trkpt lat="46.824946" lon="9.577541">
        <ele>1155.8</ele>
      </trkpt>
      <trkpt lat="46.824939" lon="9.577461">
        <ele>1155.7</ele>
      </trkpt>
      <trkpt lat="46.824948" lon="9.576964">
        <ele>1154.8</ele>
      </trkpt>
      <trkpt lat="46.82496" lon="9.576546">
        <ele>1152.8</ele>
      </trkpt>
      <trkpt lat="46.82497" lon="9.576471">
        <ele>1152.4</ele>
      </trkpt>
      <trkpt lat="46.824988" lon="9.576388">
        <ele>1151.9</ele>
      </trkpt>
      <trkpt lat="46.82503" lon="9.576221">
        <ele>1150.7</ele>
      </trkpt>
      <trkpt lat="46.825069" lon="9.576067">
        <ele>1149.6</ele>
      </trkpt>
      <trkpt lat="46.82519" lon="9.575636">
        <ele>1146.5</ele>
      </trkpt>
      <trkpt lat="46.825218" lon="9.575504">
        <ele>1145.5</ele>
      </trkpt>
      <trkpt lat="46.825241" lon="9.575364">
        <ele>1144.5</ele>
      </trkpt>
      <trkpt lat="46.825259" lon="9.575211">
        <ele>1143.4</ele>
      </trkpt>
      <trkpt lat="46.825271" lon="9.575062">
        <ele>1142.3</ele>
      </trkpt>
      <trkpt lat="46.825296" lon="9.574672">
        <ele>1139.5</ele>
      </trkpt>
      <trkpt lat="46.825321" lon="9.574282">
        <ele>1136.8</ele>
      </trkpt>
      <trkpt lat="46.825342" lon="9.574007">
        <ele>1134.6</ele>
      </trkpt>
      <trkpt lat="46.825362" lon="9.573815">
        <ele>1133.3</ele>
      </trkpt>
      <trkpt lat="46.825385" lon="9.573641">
        <ele>1131.9</ele>
      </trkpt>
      <trkpt lat="46.825393" lon="9.573589">
        <ele>1131.5</ele>
      </trkpt>
      <trkpt lat="46.825412" lon="9.573474">
        <ele>1130.5</ele>
      </trkpt>
      <trkpt lat="46.825449" lon="9.573264">
        <ele>1128.3</ele>
      </trkpt>
      <trkpt lat="46.825532" lon="9.572917">
        <ele>1124.5</ele>
      </trkpt>
      <trkpt lat="46.825601" lon="9.572637">
        <ele>1121.5</ele>
      </trkpt>
      <trkpt lat="46.825679" lon="9.572376">
        <ele>1118.7</ele>
      </trkpt>
      <trkpt lat="46.825776" lon="9.57208">
        <ele>1115.6</ele>
      </trkpt>
      <trkpt lat="46.825804" lon="9.571977">
        <ele>1114.7</ele>
      </trkpt>
      <trkpt lat="46.825822" lon="9.571887">
        <ele>1113.7</ele>
      </trkpt>
      <trkpt lat="46.825829" lon="9.571794">
        <ele>1112.9</ele>
      </trkpt>
      <trkpt lat="46.825828" lon="9.571709">
        <ele>1112.2</ele>
      </trkpt>
      <trkpt lat="46.82581" lon="9.571596">
        <ele>1111.0</ele>
      </trkpt>
      <trkpt lat="46.825792" lon="9.571482">
        <ele>1109.9</ele>
      </trkpt>
      <trkpt lat="46.825784" lon="9.571371">
        <ele>1109.0</ele>
      </trkpt>
      <trkpt lat="46.825789" lon="9.571272">
        <ele>1108.0</ele>
      </trkpt>
      <trkpt lat="46.825799" lon="9.571146">
        <ele>1106.7</ele>
      </trkpt>
      <trkpt lat="46.82582" lon="9.571044">
        <ele>1105.8</ele>
      </trkpt>
      <trkpt lat="46.825919" lon="9.570699">
        <ele>1102.5</ele>
      </trkpt>
      <trkpt lat="46.825935" lon="9.570641">
        <ele>1101.9</ele>
      </trkpt>
      <trkpt lat="46.825964" lon="9.570566">
        <ele>1101.0</ele>
      </trkpt>
      <trkpt lat="46.825998" lon="9.570496">
        <ele>1100.2</ele>
      </trkpt>
      <trkpt lat="46.826039" lon="9.570441">
        <ele>1099.6</ele>
      </trkpt>
      <trkpt lat="46.826137" lon="9.570339">
        <ele>1097.8</ele>
      </trkpt>
      <trkpt lat="46.826178" lon="9.57029">
        <ele>1097.2</ele>
      </trkpt>
      <trkpt lat="46.826209" lon="9.570231">
        <ele>1096.5</ele>
      </trkpt>
      <trkpt lat="46.826226" lon="9.570164">
        <ele>1095.9</ele>
      </trkpt>
      <trkpt lat="46.826228" lon="9.570101">
        <ele>1095.5</ele>
      </trkpt>
      <trkpt lat="46.826213" lon="9.57004">
        <ele>1095.0</ele>
      </trkpt>
      <trkpt lat="46.826186" lon="9.569991">
        <ele>1094.5</ele>
      </trkpt>
      <trkpt lat="46.826153" lon="9.569955">
        <ele>1094.1</ele>
      </trkpt>
      <trkpt lat="46.826077" lon="9.56991">
        <ele>1093.0</ele>
      </trkpt>
      <trkpt lat="46.826024" lon="9.569878">
        <ele>1092.3</ele>
      </trkpt>
      <trkpt lat="46.82595" lon="9.56982">
        <ele>1091.3</ele>
      </trkpt>
      <trkpt lat="46.825861" lon="9.569733">
        <ele>1090.0</ele>
      </trkpt>
      <trkpt lat="46.825811" lon="9.569639">
        <ele>1088.8</ele>
      </trkpt>
      <trkpt lat="46.825779" lon="9.569537">
        <ele>1087.8</ele>
      </trkpt>
      <trkpt lat="46.825765" lon="9.569429">
        <ele>1086.4</ele>
      </trkpt>
      <trkpt lat="46.825765" lon="9.569332">
        <ele>1085.5</ele>
      </trkpt>
      <trkpt lat="46.825788" lon="9.569259">
        <ele>1085.0</ele>
      </trkpt>
      <trkpt lat="46.825838" lon="9.569214">
        <ele>1084.1</ele>
      </trkpt>
      <trkpt lat="46.825903" lon="9.569176">
        <ele>1083.1</ele>
      </trkpt>
      <trkpt lat="46.826015" lon="9.569139">
        <ele>1081.6</ele>
      </trkpt>
      <trkpt lat="46.826269" lon="9.569061">
        <ele>1077.7</ele>
      </trkpt>
      <trkpt lat="46.826382" lon="9.569013">
        <ele>1076.1</ele>
      </trkpt>
      <trkpt lat="46.826557" lon="9.56893">
        <ele>1073.4</ele>
      </trkpt>
      <trkpt lat="46.826716" lon="9.568855">
        <ele>1070.8</ele>
      </trkpt>
      <trkpt lat="46.826767" lon="9.56883">
        <ele>1070.2</ele>
      </trkpt>
      <trkpt lat="46.826804" lon="9.568821">
        <ele>1069.8</ele>
      </trkpt>
      <trkpt lat="46.826844" lon="9.568813">
        <ele>1069.1</ele>
      </trkpt>
      <trkpt lat="46.826988" lon="9.568803">
        <ele>1067.0</ele>
      </trkpt>
      <trkpt lat="46.827216" lon="9.568788">
        <ele>1063.7</ele>
      </trkpt>
      <trkpt lat="46.827293" lon="9.568785">
        <ele>1062.8</ele>
      </trkpt>
      <trkpt lat="46.827322" lon="9.568775">
        <ele>1062.4</ele>
      </trkpt>
      <trkpt lat="46.827355" lon="9.568729">
        <ele>1061.9</ele>
      </trkpt>
      <trkpt lat="46.827375" lon="9.568681">
        <ele>1061.4</ele>
      </trkpt>
      <trkpt lat="46.82738" lon="9.568628">
        <ele>1060.8</ele>
      </trkpt>
      <trkpt lat="46.827378" lon="9.568572">
        <ele>1060.3</ele>
      </trkpt>
      <trkpt lat="46.827366" lon="9.568525">
        <ele>1059.9</ele>
      </trkpt>
      <trkpt lat="46.827342" lon="9.56847">
        <ele>1059.3</ele>
      </trkpt>
      <trkpt lat="46.827296" lon="9.568392">
        <ele>1058.4</ele>
      </trkpt>
      <trkpt lat="46.827253" lon="9.568314">
        <ele>1057.4</ele>
      </trkpt>
      <trkpt lat="46.827205" lon="9.56821">
        <ele>1056.2</ele>
      </trkpt>
      <trkpt lat="46.827175" lon="9.568127">
        <ele>1055.5</ele>
      </trkpt>
      <trkpt lat="46.827151" lon="9.568035">
        <ele>1054.6</ele>
      </trkpt>
      <trkpt lat="46.827135" lon="9.567921">
        <ele>1053.7</ele>
      </trkpt>
      <trkpt lat="46.827108" lon="9.567828">
        <ele>1053.0</ele>
      </trkpt>
      <trkpt lat="46.82707" lon="9.567724">
        <ele>1052.0</ele>
      </trkpt>
      <trkpt lat="46.827031" lon="9.567641">
        <ele>1051.2</ele>
      </trkpt>
      <trkpt lat="46.826981" lon="9.56754">
        <ele>1050.2</ele>
      </trkpt>
      <trkpt lat="46.826949" lon="9.567457">
        <ele>1049.4</ele>
      </trkpt>
      <trkpt lat="46.826906" lon="9.567286">
        <ele>1048.0</ele>
      </trkpt>
      <trkpt lat="46.82688" lon="9.567184">
        <ele>1047.1</ele>
      </trkpt>
      <trkpt lat="46.826846" lon="9.567129">
        <ele>1046.6</ele>
      </trkpt>
      <trkpt lat="46.826801" lon="9.567111">
        <ele>1045.7</ele>
      </trkpt>
      <trkpt lat="46.826753" lon="9.56712">
        <ele>1044.8</ele>
      </trkpt>
      <trkpt lat="46.826713" lon="9.56716">
        <ele>1044.1</ele>
      </trkpt>
      <trkpt lat="46.826662" lon="9.56724">
        <ele>1044.0</ele>
      </trkpt>
      <trkpt lat="46.826426" lon="9.567638">
        <ele>1040.0</ele>
      </trkpt>
      <trkpt lat="46.826322" lon="9.567826">
        <ele>1038.2</ele>
      </trkpt>
      <trkpt lat="46.826269" lon="9.56789">
        <ele>1037.4</ele>
      </trkpt>
      <trkpt lat="46.826205" lon="9.567926">
        <ele>1036.3</ele>
      </trkpt>
      <trkpt lat="46.826147" lon="9.567932">
        <ele>1035.6</ele>
      </trkpt>
      <trkpt lat="46.825831" lon="9.567864">
        <ele>1032.0</ele>
      </trkpt>
      <trkpt lat="46.82572" lon="9.567821">
        <ele>1031.1</ele>
      </trkpt>
      <trkpt lat="46.825453" lon="9.567651">
        <ele>1026.9</ele>
      </trkpt>
      <trkpt lat="46.825406" lon="9.567604">
        <ele>1021.8</ele>
      </trkpt>
      <trkpt lat="46.825363" lon="9.567513">
        <ele>1018.8</ele>
      </trkpt>
      <trkpt lat="46.825355" lon="9.567456">
        <ele>1015.0</ele>
      </trkpt>
      <trkpt lat="46.825351" lon="9.567388">
        <ele>1008.2</ele>
      </trkpt>
      <trkpt lat="46.825355" lon="9.567301">
        <ele>1010.2</ele>
      </trkpt>
      <trkpt lat="46.825369" lon="9.567245">
        <ele>1012.8</ele>
      </trkpt>
      <trkpt lat="46.825407" lon="9.567167">
        <ele>1016.9</ele>
      </trkpt>
      <trkpt lat="46.825449" lon="9.567109">
        <ele>1020.6</ele>
      </trkpt>
      <trkpt lat="46.825527" lon="9.567034">
        <ele>1024.3</ele>
      </trkpt>
      <trkpt lat="46.825604" lon="9.566981">
        <ele>1023.2</ele>
      </trkpt>
      <trkpt lat="46.825661" lon="9.56693">
        <ele>1022.6</ele>
      </trkpt>
      <trkpt lat="46.825697" lon="9.566852">
        <ele>1022.2</ele>
      </trkpt>
      <trkpt lat="46.825712" lon="9.566778">
        <ele>1021.5</ele>
      </trkpt>
      <trkpt lat="46.82572" lon="9.566686">
        <ele>1020.8</ele>
      </trkpt>
      <trkpt lat="46.825723" lon="9.566501">
        <ele>1019.3</ele>
      </trkpt>
      <trkpt lat="46.825719" lon="9.566216">
        <ele>1016.6</ele>
      </trkpt>
      <trkpt lat="46.825713" lon="9.565759">
        <ele>1012.9</ele>
      </trkpt>
      <trkpt lat="46.825721" lon="9.5656">
        <ele>1011.5</ele>
      </trkpt>
      <trkpt lat="46.825737" lon="9.565458">
        <ele>1010.4</ele>
      </trkpt>
      <trkpt lat="46.825784" lon="9.56529">
        <ele>1008.7</ele>
      </trkpt>
      <trkpt lat="46.825811" lon="9.565173">
        <ele>1008.0</ele>
      </trkpt>
      <trkpt lat="46.825823" lon="9.564976">
        <ele>1005.9</ele>
      </trkpt>
      <trkpt lat="46.825837" lon="9.564876">
        <ele>1004.9</ele>
      </trkpt>
      <trkpt lat="46.825867" lon="9.564787">
        <ele>1004.1</ele>
      </trkpt>
      <trkpt lat="46.825921" lon="9.564694">
        <ele>1002.7</ele>
      </trkpt>
      <trkpt lat="46.826004" lon="9.564576">
        <ele>1001.0</ele>
      </trkpt>
      <trkpt lat="46.826067" lon="9.564458">
        <ele>999.8</ele>
      </trkpt>
      <trkpt lat="46.826246" lon="9.564061">
        <ele>995.4</ele>
      </trkpt>
      <trkpt lat="46.826329" lon="9.56386">
        <ele>993.1</ele>
      </trkpt>
      <trkpt lat="46.826351" lon="9.563772">
        <ele>992.3</ele>
      </trkpt>
      <trkpt lat="46.826361" lon="9.563681">
        <ele>991.4</ele>
      </trkpt>
      <trkpt lat="46.826361" lon="9.563573">
        <ele>990.6</ele>
      </trkpt>
      <trkpt lat="46.826347" lon="9.563488">
        <ele>989.7</ele>
      </trkpt>
      <trkpt lat="46.826222" lon="9.563023">
        <ele>984.8</ele>
      </trkpt>
      <trkpt lat="46.826197" lon="9.562904">
        <ele>983.7</ele>
      </trkpt>
      <trkpt lat="46.826114" lon="9.562341">
        <ele>977.6</ele>
      </trkpt>
      <trkpt lat="46.826098" lon="9.562227">
        <ele>976.3</ele>
      </trkpt>
      <trkpt lat="46.826099" lon="9.562113">
        <ele>975.4</ele>
      </trkpt>
      <trkpt lat="46.826114" lon="9.561833">
        <ele>972.8</ele>
        <name>46.826184,9.561839</name>
        <extensions>
          <oa:locType>routingNode</oa:locType>
        </extensions>
      </trkpt>
      <trkpt lat="46.826115" lon="9.561801">
        <ele>972.5</ele>
      </trkpt>
      <trkpt lat="46.826116" lon="9.561651">
        <ele>971.1</ele>
      </trkpt>
      <trkpt lat="46.826108" lon="9.561453">
        <ele>969.6</ele>
      </trkpt>
      <trkpt lat="46.826089" lon="9.561213">
        <ele>967.6</ele>
      </trkpt>
      <trkpt lat="46.826091" lon="9.56105">
        <ele>966.4</ele>
      </trkpt>
      <trkpt lat="46.82612" lon="9.560917">
        <ele>965.1</ele>
      </trkpt>
      <trkpt lat="46.826274" lon="9.560434">
        <ele>960.6</ele>
      </trkpt>
      <trkpt lat="46.826318" lon="9.560281">
        <ele>959.3</ele>
      </trkpt>
      <trkpt lat="46.826348" lon="9.560114">
        <ele>957.8</ele>
      </trkpt>
      <trkpt lat="46.826384" lon="9.559854">
        <ele>955.6</ele>
      </trkpt>
      <trkpt lat="46.82642" lon="9.559661">
        <ele>953.9</ele>
      </trkpt>
      <trkpt lat="46.826463" lon="9.559482">
        <ele>952.3</ele>
      </trkpt>
      <trkpt lat="46.826522" lon="9.559258">
        <ele>950.2</ele>
      </trkpt>
      <trkpt lat="46.826554" lon="9.559061">
        <ele>948.4</ele>
      </trkpt>
      <trkpt lat="46.826588" lon="9.558804">
        <ele>946.3</ele>
      </trkpt>
      <trkpt lat="46.826613" lon="9.558328">
        <ele>942.1</ele>
      </trkpt>
      <trkpt lat="46.826628" lon="9.558159">
        <ele>940.5</ele>
      </trkpt>
      <trkpt lat="46.826655" lon="9.557924">
        <ele>938.8</ele>
      </trkpt>
      <trkpt lat="46.826702" lon="9.557608">
        <ele>936.2</ele>
      </trkpt>
      <trkpt lat="46.826716" lon="9.557453">
        <ele>935.1</ele>
      </trkpt>
      <trkpt lat="46.826713" lon="9.557316">
        <ele>934.1</ele>
      </trkpt>
      <trkpt lat="46.826688" lon="9.557136">
        <ele>931.8</ele>
      </trkpt>
      <trkpt lat="46.826627" lon="9.556894">
        <ele>930.3</ele>
      </trkpt>
      <trkpt lat="46.826607" lon="9.556743">
        <ele>929.0</ele>
      </trkpt>
      <trkpt lat="46.826605" lon="9.55659">
        <ele>927.7</ele>
      </trkpt>
      <trkpt lat="46.826625" lon="9.556407">
        <ele>926.4</ele>
      </trkpt>
      <trkpt lat="46.826628" lon="9.556232">
        <ele>924.7</ele>
      </trkpt>
      <trkpt lat="46.826614" lon="9.555765">
        <ele>920.7</ele>
      </trkpt>
      <trkpt lat="46.82659" lon="9.555524">
        <ele>918.5</ele>
      </trkpt>
      <trkpt lat="46.826579" lon="9.55534">
        <ele>916.9</ele>
      </trkpt>
      <trkpt lat="46.826583" lon="9.555151">
        <ele>915.5</ele>
      </trkpt>
      <trkpt lat="46.826591" lon="9.554949">
        <ele>914.0</ele>
      </trkpt>
      <trkpt lat="46.826611" lon="9.554797">
        <ele>913.1</ele>
      </trkpt>
      <trkpt lat="46.826616" lon="9.554768">
        <ele>913.0</ele>
      </trkpt>
      <trkpt lat="46.826581" lon="9.55475">
        <ele>913.2</ele>
      </trkpt>
      <trkpt lat="46.826538" lon="9.554705">
        <ele>913.9</ele>
      </trkpt>
      <trkpt lat="46.826446" lon="9.554564">
        <ele>916.2</ele>
      </trkpt>
      <trkpt lat="46.826391" lon="9.554433">
        <ele>918.4</ele>
      </trkpt>
      <trkpt lat="46.826367" lon="9.554377">
        <ele>919.0</ele>
      </trkpt>
      <trkpt lat="46.826297" lon="9.554177">
        <ele>922.5</ele>
      </trkpt>
      <trkpt lat="46.826224" lon="9.554019">
        <ele>925.3</ele>
      </trkpt>
      <trkpt lat="46.826155" lon="9.55394">
        <ele>927.6</ele>
      </trkpt>
      <trkpt lat="46.826104" lon="9.553843">
        <ele>928.2</ele>
      </trkpt>
      <trkpt lat="46.826069" lon="9.553649">
        <ele>932.0</ele>
      </trkpt>
      <trkpt lat="46.826017" lon="9.553454">
        <ele>935.2</ele>
      </trkpt>
      <trkpt lat="46.825984" lon="9.553285">
        <ele>938.0</ele>
      </trkpt>
      <trkpt lat="46.825932" lon="9.553193">
        <ele>939.6</ele>
      </trkpt>
      <trkpt lat="46.825873" lon="9.553109">
        <ele>941.0</ele>
      </trkpt>
      <trkpt lat="46.825792" lon="9.552999">
        <ele>943.2</ele>
      </trkpt>
      <trkpt lat="46.82573" lon="9.552885">
        <ele>945.4</ele>
      </trkpt>
      <trkpt lat="46.825667" lon="9.552788">
        <ele>946.8</ele>
      </trkpt>
      <trkpt lat="46.825562" lon="9.552737">
        <ele>949.3</ele>
      </trkpt>
      <trkpt lat="46.825466" lon="9.55266">
        <ele>950.7</ele>
      </trkpt>
      <trkpt lat="46.825423" lon="9.55259">
        <ele>953.0</ele>
      </trkpt>
      <trkpt lat="46.82539" lon="9.55249">
        <ele>953.9</ele>
      </trkpt>
      <trkpt lat="46.825329" lon="9.552269">
        <ele>958.2</ele>
      </trkpt>
      <trkpt lat="46.825267" lon="9.552121">
        <ele>960.1</ele>
      </trkpt>
      <trkpt lat="46.825181" lon="9.551989">
        <ele>962.6</ele>
      </trkpt>
      <trkpt lat="46.825089" lon="9.551878">
        <ele>964.8</ele>
      </trkpt>
      <trkpt lat="46.825011" lon="9.551802">
        <ele>966.1</ele>
      </trkpt>
      <trkpt lat="46.82498" lon="9.551715">
        <ele>966.5</ele>
      </trkpt>
      <trkpt lat="46.824965" lon="9.551594">
        <ele>969.8</ele>
      </trkpt>
      <trkpt lat="46.824997" lon="9.551428">
        <ele>972.2</ele>
      </trkpt>
      <trkpt lat="46.824996" lon="9.551347">
        <ele>973.8</ele>
      </trkpt>
      <trkpt lat="46.824979" lon="9.551286">
        <ele>974.7</ele>
      </trkpt>
      <trkpt lat="46.824936" lon="9.551233">
        <ele>976.1</ele>
      </trkpt>
      <trkpt lat="46.824829" lon="9.55116">
        <ele>978.0</ele>
      </trkpt>
      <trkpt lat="46.824642" lon="9.551076">
        <ele>981.1</ele>
      </trkpt>
      <trkpt lat="46.824332" lon="9.550935">
        <ele>986.5</ele>
      </trkpt>
      <trkpt lat="46.824186" lon="9.550891">
        <ele>988.6</ele>
      </trkpt>
      <trkpt lat="46.824111" lon="9.550828">
        <ele>990.5</ele>
      </trkpt>
      <trkpt lat="46.824039" lon="9.550735">
        <ele>992.8</ele>
      </trkpt>
      <trkpt lat="46.823958" lon="9.550517">
        <ele>994.5</ele>
      </trkpt>
      <trkpt lat="46.823881" lon="9.550368">
        <ele>996.2</ele>
      </trkpt>
      <trkpt lat="46.823771" lon="9.550245">
        <ele>998.8</ele>
      </trkpt>
      <trkpt lat="46.823787" lon="9.550224">
        <ele>998.1</ele>
        <name>46.823791,9.550231</name>
        <extensions>
          <oa:locType>routingNode</oa:locType>
        </extensions>
      </trkpt>
      <trkpt lat="46.823823" lon="9.550175">
        <ele>996.7</ele>
      </trkpt>
      <trkpt lat="46.823886" lon="9.55006">
        <ele>993.2</ele>
      </trkpt>
      <trkpt lat="46.823935" lon="9.549946">
        <ele>990.2</ele>
      </trkpt>
      <trkpt lat="46.823959" lon="9.549866">
        <ele>988.4</ele>
      </trkpt>
      <trkpt lat="46.823972" lon="9.549762">
        <ele>986.3</ele>
      </trkpt>
      <trkpt lat="46.823977" lon="9.549666">
        <ele>984.5</ele>
      </trkpt>
      <trkpt lat="46.823983" lon="9.549593">
        <ele>983.6</ele>
      </trkpt>
      <trkpt lat="46.824006" lon="9.549555">
        <ele>982.5</ele>
      </trkpt>
      <trkpt lat="46.824036" lon="9.549541">
        <ele>981.9</ele>
      </trkpt>
      <trkpt lat="46.824099" lon="9.549552">
        <ele>981.0</ele>
      </trkpt>
      <trkpt lat="46.824151" lon="9.549594">
        <ele>979.7</ele>
      </trkpt>
      <trkpt lat="46.824175" lon="9.549666">
        <ele>978.2</ele>
      </trkpt>
      <trkpt lat="46.824189" lon="9.549728">
        <ele>976.8</ele>
      </trkpt>
      <trkpt lat="46.824236" lon="9.549932">
        <ele>974.4</ele>
      </trkpt>
      <trkpt lat="46.824278" lon="9.550079">
        <ele>973.2</ele>
      </trkpt>
      <trkpt lat="46.824329" lon="9.550189">
        <ele>972.5</ele>
      </trkpt>
      <trkpt lat="46.824395" lon="9.55026">
        <ele>971.2</ele>
      </trkpt>
      <trkpt lat="46.824517" lon="9.550368">
        <ele>969.1</ele>
      </trkpt>
      <trkpt lat="46.824607" lon="9.550418">
        <ele>968.3</ele>
      </trkpt>
      <trkpt lat="46.824695" lon="9.550447">
        <ele>967.2</ele>
      </trkpt>
      <trkpt lat="46.824768" lon="9.550459">
        <ele>966.6</ele>
      </trkpt>
      <trkpt lat="46.824866" lon="9.550444">
        <ele>965.8</ele>
      </trkpt>
      <trkpt lat="46.824908" lon="9.550433">
        <ele>964.9</ele>
      </trkpt>
      <trkpt lat="46.825002" lon="9.550426">
        <ele>962.8</ele>
      </trkpt>
      <trkpt lat="46.825062" lon="9.550428">
        <ele>961.0</ele>
      </trkpt>
      <trkpt lat="46.825139" lon="9.550425">
        <ele>958.4</ele>
      </trkpt>
      <trkpt lat="46.825205" lon="9.550419">
        <ele>956.8</ele>
      </trkpt>
      <trkpt lat="46.825259" lon="9.550407">
        <ele>955.6</ele>
      </trkpt>
      <trkpt lat="46.825324" lon="9.550392">
        <ele>954.4</ele>
      </trkpt>
      <trkpt lat="46.825371" lon="9.550372">
        <ele>953.4</ele>
      </trkpt>
      <trkpt lat="46.825449" lon="9.550342">
        <ele>951.8</ele>
      </trkpt>
      <trkpt lat="46.825459" lon="9.550338">
        <ele>951.6</ele>
      </trkpt>
      <trkpt lat="46.825526" lon="9.550304">
        <ele>950.4</ele>
      </trkpt>
      <trkpt lat="46.825574" lon="9.550292">
        <ele>949.8</ele>
      </trkpt>
      <trkpt lat="46.825614" lon="9.550293">
        <ele>949.1</ele>
      </trkpt>
      <trkpt lat="46.825661" lon="9.550307">
        <ele>948.7</ele>
      </trkpt>
      <trkpt lat="46.825699" lon="9.550317">
        <ele>948.5</ele>
      </trkpt>
      <trkpt lat="46.825735" lon="9.550307">
        <ele>948.0</ele>
      </trkpt>
      <trkpt lat="46.825753" lon="9.550284">
        <ele>947.6</ele>
      </trkpt>
      <trkpt lat="46.825766" lon="9.550262">
        <ele>947.1</ele>
      </trkpt>
      <trkpt lat="46.82577" lon="9.550212">
        <ele>946.5</ele>
      </trkpt>
      <trkpt lat="46.82577" lon="9.550203">
        <ele>946.3</ele>
        <name>46.825729,9.550209</name>
        <extensions>
          <oa:locType>routingNode</oa:locType>
        </extensions>
      </trkpt>
      <trkpt lat="46.82577" lon="9.550212">
        <ele>946.5</ele>
      </trkpt>
      <trkpt lat="46.82582" lon="9.550208">
        <ele>945.5</ele>
      </trkpt>
      <trkpt lat="46.825873" lon="9.550213">
        <ele>944.6</ele>
      </trkpt>
      <trkpt lat="46.825909" lon="9.550238">
        <ele>943.9</ele>
      </trkpt>
      <trkpt lat="46.82594" lon="9.550269">
        <ele>943.6</ele>
      </trkpt>
      <trkpt lat="46.825962" lon="9.550305">
        <ele>942.8</ele>
      </trkpt>
      <trkpt lat="46.82598" lon="9.550349">
        <ele>942.1</ele>
      </trkpt>
      <trkpt lat="46.825987" lon="9.550379">
        <ele>941.8</ele>
      </trkpt>
      <trkpt lat="46.825988" lon="9.550411">
        <ele>941.2</ele>
      </trkpt>
      <trkpt lat="46.825981" lon="9.550444">
        <ele>940.7</ele>
      </trkpt>
      <trkpt lat="46.825913" lon="9.550672">
        <ele>937.5</ele>
      </trkpt>
      <trkpt lat="46.825956" lon="9.550701">
        <ele>936.4</ele>
      </trkpt>
      <trkpt lat="46.825997" lon="9.550713">
        <ele>935.2</ele>
      </trkpt>
      <trkpt lat="46.826183" lon="9.550688">
        <ele>930.2</ele>
      </trkpt>
      <trkpt lat="46.826339" lon="9.550709">
        <ele>924.4</ele>
      </trkpt>
      <trkpt lat="46.826455" lon="9.550731">
        <ele>921.0</ele>
      </trkpt>
      <trkpt lat="46.826552" lon="9.550709">
        <ele>918.1</ele>
      </trkpt>
      <trkpt lat="46.826682" lon="9.550644">
        <ele>913.0</ele>
      </trkpt>
      <trkpt lat="46.826888" lon="9.550528">
        <ele>906.9</ele>
      </trkpt>
      <trkpt lat="46.827032" lon="9.550459">
        <ele>904.0</ele>
      </trkpt>
      <trkpt lat="46.827089" lon="9.550446">
        <ele>903.4</ele>
        <name>46.827095,9.550531</name>
        <extensions>
          <oa:locType>routingNode</oa:locType>
        </extensions>
      </trkpt>
      <trkpt lat="46.8271" lon="9.550444">
        <ele>903.3</ele>
      </trkpt>
      <trkpt lat="46.827218" lon="9.550436">
        <ele>900.9</ele>
      </trkpt>
      <trkpt lat="46.827301" lon="9.550441">
        <ele>898.8</ele>
      </trkpt>
      <trkpt lat="46.827373" lon="9.550438">
        <ele>895.6</ele>
      </trkpt>
      <trkpt lat="46.827434" lon="9.550421">
        <ele>893.2</ele>
      </trkpt>
      <trkpt lat="46.827495" lon="9.550405">
        <ele>890.6</ele>
      </trkpt>
      <trkpt lat="46.827539" lon="9.5504">
        <ele>888.6</ele>
      </trkpt>
      <trkpt lat="46.827665" lon="9.550387">
        <ele>884.4</ele>
      </trkpt>
      <trkpt lat="46.827779" lon="9.550377">
        <ele>881.5</ele>
      </trkpt>
      <trkpt lat="46.827856" lon="9.550387">
        <ele>879.6</ele>
      </trkpt>
      <trkpt lat="46.827911" lon="9.550382">
        <ele>878.4</ele>
      </trkpt>
      <trkpt lat="46.827938" lon="9.550354">
        <ele>877.0</ele>
      </trkpt>
      <trkpt lat="46.82795" lon="9.550317">
        <ele>876.3</ele>
      </trkpt>
      <trkpt lat="46.827991" lon="9.55035">
        <ele>875.8</ele>
      </trkpt>
      <trkpt lat="46.828021" lon="9.5504">
        <ele>875.4</ele>
      </trkpt>
      <trkpt lat="46.828041" lon="9.550354">
        <ele>874.5</ele>
      </trkpt>
      <trkpt lat="46.828048" lon="9.550302">
        <ele>873.7</ele>
      </trkpt>
      <trkpt lat="46.828042" lon="9.550256">
        <ele>872.7</ele>
      </trkpt>
      <trkpt lat="46.828018" lon="9.550222">
        <ele>872.4</ele>
      </trkpt>
      <trkpt lat="46.827979" lon="9.550185">
        <ele>871.9</ele>
      </trkpt>
      <trkpt lat="46.827926" lon="9.550154">
        <ele>870.8</ele>
      </trkpt>
      <trkpt lat="46.82789" lon="9.550109">
        <ele>869.7</ele>
      </trkpt>
      <trkpt lat="46.827863" lon="9.550037">
        <ele>868.1</ele>
      </trkpt>
      <trkpt lat="46.827829" lon="9.549809">
        <ele>864.8</ele>
      </trkpt>
      <trkpt lat="46.82782" lon="9.549706">
        <ele>863.4</ele>
      </trkpt>
      <trkpt lat="46.82783" lon="9.549674">
        <ele>863.0</ele>
      </trkpt>
      <trkpt lat="46.827853" lon="9.549668">
        <ele>862.3</ele>
      </trkpt>
      <trkpt lat="46.828019" lon="9.549775">
        <ele>858.2</ele>
      </trkpt>
      <trkpt lat="46.828089" lon="9.549789">
        <ele>857.2</ele>
      </trkpt>
      <trkpt lat="46.828143" lon="9.549783">
        <ele>856.6</ele>
      </trkpt>
      <trkpt lat="46.82819" lon="9.549764">
        <ele>855.9</ele>
      </trkpt>
      <trkpt lat="46.828232" lon="9.549733">
        <ele>854.2</ele>
      </trkpt>
      <trkpt lat="46.828262" lon="9.54969">
        <ele>852.1</ele>
      </trkpt>
      <trkpt lat="46.828335" lon="9.549528">
        <ele>846.9</ele>
      </trkpt>
      <trkpt lat="46.828406" lon="9.549394">
        <ele>842.9</ele>
      </trkpt>
      <trkpt lat="46.828451" lon="9.5493">
        <ele>840.2</ele>
        <name>46.828460,9.549308</name>
        <extensions>
          <oa:locType>routingNode</oa:locType>
        </extensions>
      </trkpt>
      <trkpt lat="46.828496" lon="9.549205">
        <ele>837.6</ele>
      </trkpt>
      <trkpt lat="46.828536" lon="9.549106">
        <ele>834.4</ele>
      </trkpt>
      <trkpt lat="46.828593" lon="9.548933">
        <ele>829.2</ele>
      </trkpt>
      <trkpt lat="46.828625" lon="9.548861">
        <ele>827.4</ele>
      </trkpt>
      <trkpt lat="46.82866" lon="9.548781">
        <ele>825.4</ele>
      </trkpt>
      <trkpt lat="46.82869" lon="9.548722">
        <ele>824.2</ele>
      </trkpt>
      <trkpt lat="46.828728" lon="9.548686">
        <ele>823.2</ele>
      </trkpt>
      <trkpt lat="46.828777" lon="9.548679">
        <ele>821.8</ele>
      </trkpt>
      <trkpt lat="46.82885" lon="9.548697">
        <ele>819.1</ele>
      </trkpt>
      <trkpt lat="46.828922" lon="9.548716">
        <ele>816.5</ele>
      </trkpt>
      <trkpt lat="46.82901" lon="9.548754">
        <ele>813.5</ele>
      </trkpt>
      <trkpt lat="46.829078" lon="9.54876">
        <ele>811.8</ele>
      </trkpt>
      <trkpt lat="46.829134" lon="9.548743">
        <ele>809.8</ele>
      </trkpt>
      <trkpt lat="46.829171" lon="9.548744">
        <ele>808.8</ele>
      </trkpt>
      <trkpt lat="46.829192" lon="9.548758">
        <ele>808.4</ele>
      </trkpt>
      <trkpt lat="46.829221" lon="9.548815">
        <ele>807.2</ele>
      </trkpt>
      <trkpt lat="46.829248" lon="9.548882">
        <ele>805.6</ele>
      </trkpt>
      <trkpt lat="46.829265" lon="9.548889">
        <ele>805.1</ele>
      </trkpt>
      <trkpt lat="46.82928" lon="9.548858">
        <ele>804.5</ele>
      </trkpt>
      <trkpt lat="46.829295" lon="9.548809">
        <ele>803.9</ele>
      </trkpt>
      <trkpt lat="46.82931" lon="9.548747">
        <ele>802.7</ele>
      </trkpt>
      <trkpt lat="46.829331" lon="9.548706">
        <ele>802.5</ele>
      </trkpt>
      <trkpt lat="46.82936" lon="9.548739">
        <ele>801.8</ele>
      </trkpt>
      <trkpt lat="46.82938" lon="9.548787">
        <ele>801.4</ele>
      </trkpt>
      <trkpt lat="46.829385" lon="9.548878">
        <ele>800.5</ele>
      </trkpt>
      <trkpt lat="46.829383" lon="9.548981">
        <ele>799.2</ele>
      </trkpt>
      <trkpt lat="46.829392" lon="9.549059">
        <ele>798.3</ele>
      </trkpt>
      <trkpt lat="46.829417" lon="9.549114">
        <ele>797.7</ele>
      </trkpt>
      <trkpt lat="46.829429" lon="9.549183">
        <ele>797.1</ele>
      </trkpt>
      <trkpt lat="46.82942" lon="9.549301">
        <ele>796.2</ele>
      </trkpt>
      <trkpt lat="46.829406" lon="9.549466">
        <ele>794.5</ele>
      </trkpt>
      <trkpt lat="46.829401" lon="9.549625">
        <ele>793.1</ele>
      </trkpt>
      <trkpt lat="46.829423" lon="9.549733">
        <ele>792.6</ele>
      </trkpt>
      <trkpt lat="46.829464" lon="9.549779">
        <ele>792.6</ele>
      </trkpt>
      <trkpt lat="46.829543" lon="9.549384">
        <ele>789.6</ele>
      </trkpt>
      <trkpt lat="46.8296" lon="9.549133">
        <ele>787.7</ele>
      </trkpt>
      <trkpt lat="46.82963" lon="9.549023">
        <ele>786.7</ele>
      </trkpt>
      <trkpt lat="46.829666" lon="9.548905">
        <ele>785.8</ele>
      </trkpt>
      <trkpt lat="46.829734" lon="9.548708">
        <ele>784.2</ele>
      </trkpt>
      <trkpt lat="46.829796" lon="9.548561">
        <ele>782.7</ele>
      </trkpt>
      <trkpt lat="46.829883" lon="9.548365">
        <ele>780.7</ele>
      </trkpt>
      <trkpt lat="46.829922" lon="9.548297">
        <ele>779.8</ele>
      </trkpt>
      <trkpt lat="46.829941" lon="9.548275">
        <ele>779.3</ele>
      </trkpt>
      <trkpt lat="46.829971" lon="9.548242">
        <ele>778.8</ele>
      </trkpt>
      <trkpt lat="46.830027" lon="9.548184">
        <ele>777.9</ele>
      </trkpt>
      <trkpt lat="46.830091" lon="9.548126">
        <ele>777.1</ele>
      </trkpt>
      <trkpt lat="46.830211" lon="9.548018">
        <ele>775.4</ele>
      </trkpt>
      <trkpt lat="46.830265" lon="9.547967">
        <ele>774.7</ele>
      </trkpt>
      <trkpt lat="46.830298" lon="9.547915">
        <ele>774.3</ele>
      </trkpt>
      <trkpt lat="46.830321" lon="9.547863">
        <ele>774.0</ele>
      </trkpt>
      <trkpt lat="46.830332" lon="9.547811">
        <ele>773.9</ele>
      </trkpt>
      <trkpt lat="46.830338" lon="9.547755">
        <ele>773.5</ele>
      </trkpt>
      <trkpt lat="46.830336" lon="9.547726">
        <ele>773.5</ele>
      </trkpt>
      <trkpt lat="46.830334" lon="9.547704">
        <ele>773.4</ele>
      </trkpt>
      <trkpt lat="46.830306" lon="9.547611">
        <ele>773.2</ele>
      </trkpt>
      <trkpt lat="46.830239" lon="9.547424">
        <ele>772.9</ele>
      </trkpt>
      <trkpt lat="46.830204" lon="9.547325">
        <ele>772.6</ele>
      </trkpt>
      <trkpt lat="46.83019" lon="9.547243">
        <ele>772.2</ele>
      </trkpt>
      <trkpt lat="46.83019" lon="9.547208">
        <ele>772.4</ele>
      </trkpt>
      <trkpt lat="46.83019" lon="9.547185">
        <ele>772.3</ele>
      </trkpt>
      <trkpt lat="46.83019" lon="9.547149">
        <ele>772.6</ele>
      </trkpt>
      <trkpt lat="46.830198" lon="9.547111">
        <ele>772.6</ele>
      </trkpt>
      <trkpt lat="46.830201" lon="9.547098">
        <ele>772.5</ele>
      </trkpt>
      <trkpt lat="46.830205" lon="9.547081">
        <ele>772.5</ele>
      </trkpt>
      <trkpt lat="46.830215" lon="9.547063">
        <ele>772.5</ele>
      </trkpt>
      <trkpt lat="46.830271" lon="9.546969">
        <ele>772.3</ele>
      </trkpt>
      <trkpt lat="46.830273" lon="9.546966">
        <ele>772.3</ele>
      </trkpt>
      <trkpt lat="46.83031" lon="9.546931">
        <ele>772.2</ele>
        <name>46.830307,9.546923</name>
        <extensions>
          <oa:locType>routingNode</oa:locType>
        </extensions>
      </trkpt>
      <trkpt lat="46.830351" lon="9.546894">
        <ele>772.1</ele>
      </trkpt>
      <trkpt lat="46.830369" lon="9.546953">
        <ele>771.9</ele>
      </trkpt>
      <trkpt lat="46.830282" lon="9.547058">
        <ele>769.8</ele>
      </trkpt>
      <trkpt lat="46.830254" lon="9.547113">
        <ele>769.4</ele>
      </trkpt>
      <trkpt lat="46.830242" lon="9.547196">
        <ele>768.2</ele>
      </trkpt>
      <trkpt lat="46.830249" lon="9.547265">
        <ele>767.5</ele>
      </trkpt>
      <trkpt lat="46.830264" lon="9.547302">
        <ele>767.1</ele>
      </trkpt>
      <trkpt lat="46.830328" lon="9.547431">
        <ele>764.9</ele>
      </trkpt>
      <trkpt lat="46.830403" lon="9.547584">
        <ele>762.4</ele>
      </trkpt>
      <trkpt lat="46.830447" lon="9.547648">
        <ele>760.8</ele>
      </trkpt>
      <trkpt lat="46.830466" lon="9.547652">
        <ele>760.5</ele>
      </trkpt>
      <trkpt lat="46.830479" lon="9.54764">
        <ele>760.2</ele>
      </trkpt>
      <trkpt lat="46.830488" lon="9.547596">
        <ele>759.6</ele>
      </trkpt>
      <trkpt lat="46.830501" lon="9.547549">
        <ele>759.0</ele>
      </trkpt>
      <trkpt lat="46.830546" lon="9.547435">
        <ele>756.9</ele>
      </trkpt>
      <trkpt lat="46.830579" lon="9.547349">
        <ele>755.9</ele>
      </trkpt>
      <trkpt lat="46.830612" lon="9.547309">
        <ele>755.2</ele>
      </trkpt>
      <trkpt lat="46.830649" lon="9.547286">
        <ele>754.7</ele>
      </trkpt>
      <trkpt lat="46.830715" lon="9.54727">
        <ele>753.3</ele>
      </trkpt>
      <trkpt lat="46.830752" lon="9.547252">
        <ele>752.4</ele>
      </trkpt>
      <trkpt lat="46.830779" lon="9.547222">
        <ele>751.5</ele>
      </trkpt>
      <trkpt lat="46.830794" lon="9.547185">
        <ele>750.8</ele>
      </trkpt>
      <trkpt lat="46.830804" lon="9.54712">
        <ele>749.4</ele>
      </trkpt>
      <trkpt lat="46.830816" lon="9.547005">
        <ele>748.1</ele>
      </trkpt>
      <trkpt lat="46.830847" lon="9.546863">
        <ele>746.9</ele>
      </trkpt>
      <trkpt lat="46.830884" lon="9.546767">
        <ele>746.1</ele>
      </trkpt>
      <trkpt lat="46.830929" lon="9.546688">
        <ele>745.9</ele>
      </trkpt>
      <trkpt lat="46.830991" lon="9.546608">
        <ele>745.2</ele>
      </trkpt>
      <trkpt lat="46.831055" lon="9.546542">
        <ele>744.9</ele>
      </trkpt>
      <trkpt lat="46.831101" lon="9.546494">
        <ele>744.4</ele>
      </trkpt>
      <trkpt lat="46.831149" lon="9.546424">
        <ele>743.9</ele>
      </trkpt>
      <trkpt lat="46.83121" lon="9.546325">
        <ele>743.0</ele>
      </trkpt>
      <trkpt lat="46.831264" lon="9.546256">
        <ele>742.2</ele>
      </trkpt>
      <trkpt lat="46.831357" lon="9.546159">
        <ele>740.6</ele>
      </trkpt>
      <trkpt lat="46.831414" lon="9.546137">
        <ele>739.5</ele>
      </trkpt>
      <trkpt lat="46.831482" lon="9.546127">
        <ele>738.2</ele>
      </trkpt>
      <trkpt lat="46.831545" lon="9.5461">
        <ele>736.5</ele>
      </trkpt>
      <trkpt lat="46.831589" lon="9.546073">
        <ele>735.6</ele>
      </trkpt>
      <trkpt lat="46.831647" lon="9.546028">
        <ele>734.3</ele>
      </trkpt>
      <trkpt lat="46.831712" lon="9.546">
        <ele>733.1</ele>
      </trkpt>
      <trkpt lat="46.831768" lon="9.546002">
        <ele>732.7</ele>
      </trkpt>
      <trkpt lat="46.831825" lon="9.546032">
        <ele>732.2</ele>
      </trkpt>
      <trkpt lat="46.831876" lon="9.546059">
        <ele>731.8</ele>
      </trkpt>
      <trkpt lat="46.831921" lon="9.546058">
        <ele>731.4</ele>
      </trkpt>
      <trkpt lat="46.831969" lon="9.546041">
        <ele>730.6</ele>
      </trkpt>
      <trkpt lat="46.832006" lon="9.546002">
        <ele>729.9</ele>
      </trkpt>
      <trkpt lat="46.832052" lon="9.545944">
        <ele>728.8</ele>
      </trkpt>
      <trkpt lat="46.832099" lon="9.545859">
        <ele>727.7</ele>
      </trkpt>
      <trkpt lat="46.83213" lon="9.545769">
        <ele>727.1</ele>
      </trkpt>
      <trkpt lat="46.832183" lon="9.545702">
        <ele>726.0</ele>
      </trkpt>
      <trkpt lat="46.83224" lon="9.545661">
        <ele>725.1</ele>
      </trkpt>
      <trkpt lat="46.832298" lon="9.545648">
        <ele>723.9</ele>
      </trkpt>
      <trkpt lat="46.832377" lon="9.545641">
        <ele>722.8</ele>
      </trkpt>
      <trkpt lat="46.832454" lon="9.545654">
        <ele>722.2</ele>
      </trkpt>
      <trkpt lat="46.832524" lon="9.545688">
        <ele>720.9</ele>
      </trkpt>
      <trkpt lat="46.832579" lon="9.545743">
        <ele>719.3</ele>
      </trkpt>
      <trkpt lat="46.832654" lon="9.545846">
        <ele>718.0</ele>
      </trkpt>
      <trkpt lat="46.832678" lon="9.545892">
        <ele>717.6</ele>
      </trkpt>
      <trkpt lat="46.832741" lon="9.546014">
        <ele>717.1</ele>
      </trkpt>
      <trkpt lat="46.832796" lon="9.546104">
        <ele>716.8</ele>
      </trkpt>
      <trkpt lat="46.832852" lon="9.546183">
        <ele>716.4</ele>
      </trkpt>
      <trkpt lat="46.832899" lon="9.54626">
        <ele>715.7</ele>
      </trkpt>
      <trkpt lat="46.832929" lon="9.546285">
        <ele>714.3</ele>
      </trkpt>
      <trkpt lat="46.832947" lon="9.54627">
        <ele>713.8</ele>
      </trkpt>
      <trkpt lat="46.83296" lon="9.546205">
        <ele>714.5</ele>
      </trkpt>
      <trkpt lat="46.832965" lon="9.546178">
        <ele>713.9</ele>
        <name>46.832964,9.546194</name>
        <extensions>
          <oa:locType>routingNode</oa:locType>
        </extensions>
      </trkpt>
      <trkpt lat="46.832991" lon="9.546052">
        <ele>711.1</ele>
      </trkpt>
      <trkpt lat="46.833021" lon="9.545901">
        <ele>709.9</ele>
      </trkpt>
      <trkpt lat="46.833049" lon="9.545776">
        <ele>708.7</ele>
      </trkpt>
      <trkpt lat="46.833067" lon="9.545631">
        <ele>708.0</ele>
      </trkpt>
      <trkpt lat="46.833081" lon="9.545501">
        <ele>707.1</ele>
      </trkpt>
      <trkpt lat="46.833099" lon="9.545416">
        <ele>706.7</ele>
      </trkpt>
      <trkpt lat="46.833125" lon="9.545397">
        <ele>706.2</ele>
      </trkpt>
      <trkpt lat="46.833131" lon="9.545441">
        <ele>705.4</ele>
      </trkpt>
      <trkpt lat="46.833131" lon="9.545537">
        <ele>704.0</ele>
      </trkpt>
      <trkpt lat="46.833132" lon="9.54562">
        <ele>702.5</ele>
      </trkpt>
      <trkpt lat="46.833148" lon="9.545621">
        <ele>701.3</ele>
      </trkpt>
      <trkpt lat="46.833166" lon="9.545594">
        <ele>700.5</ele>
      </trkpt>
      <trkpt lat="46.833187" lon="9.545539">
        <ele>699.5</ele>
      </trkpt>
      <trkpt lat="46.833218" lon="9.545444">
        <ele>698.2</ele>
      </trkpt>
      <trkpt lat="46.833252" lon="9.545347">
        <ele>696.1</ele>
      </trkpt>
      <trkpt lat="46.833271" lon="9.545345">
        <ele>695.3</ele>
      </trkpt>
      <trkpt lat="46.833283" lon="9.545389">
        <ele>694.8</ele>
      </trkpt>
      <trkpt lat="46.833273" lon="9.545546">
        <ele>692.4</ele>
      </trkpt>
      <trkpt lat="46.833263" lon="9.545732">
        <ele>689.1</ele>
      </trkpt>
      <trkpt lat="46.833259" lon="9.545963">
        <ele>687.0</ele>
      </trkpt>
      <trkpt lat="46.833248" lon="9.546145">
        <ele>684.3</ele>
      </trkpt>
      <trkpt lat="46.833244" lon="9.546266">
        <ele>682.1</ele>
      </trkpt>
      <trkpt lat="46.833249" lon="9.546352">
        <ele>680.2</ele>
      </trkpt>
      <trkpt lat="46.833263" lon="9.546458">
        <ele>678.0</ele>
      </trkpt>
      <trkpt lat="46.83327" lon="9.546561">
        <ele>676.6</ele>
      </trkpt>
      <trkpt lat="46.833283" lon="9.546649">
        <ele>675.5</ele>
      </trkpt>
      <trkpt lat="46.833291" lon="9.546739">
        <ele>674.3</ele>
      </trkpt>
      <trkpt lat="46.833293" lon="9.546797">
        <ele>673.1</ele>
      </trkpt>
      <trkpt lat="46.833284" lon="9.546835">
        <ele>673.6</ele>
      </trkpt>
      <trkpt lat="46.833269" lon="9.54685">
        <ele>675.6</ele>
      </trkpt>
      <trkpt lat="46.833246" lon="9.546874">
        <ele>674.9</ele>
      </trkpt>
      <trkpt lat="46.833237" lon="9.5469">
        <ele>672.7</ele>
      </trkpt>
      <trkpt lat="46.83324" lon="9.546917">
        <ele>672.0</ele>
      </trkpt>
      <trkpt lat="46.833257" lon="9.546933">
        <ele>671.5</ele>
      </trkpt>
      <trkpt lat="46.833272" lon="9.546929">
        <ele>671.2</ele>
      </trkpt>
      <trkpt lat="46.833284" lon="9.54691">
        <ele>670.5</ele>
      </trkpt>
      <trkpt lat="46.833296" lon="9.546879">
        <ele>669.5</ele>
      </trkpt>
      <trkpt lat="46.833319" lon="9.546815">
        <ele>668.9</ele>
      </trkpt>
      <trkpt lat="46.833355" lon="9.54671">
        <ele>666.8</ele>
      </trkpt>
      <trkpt lat="46.83339" lon="9.546559">
        <ele>664.3</ele>
      </trkpt>
      <trkpt lat="46.833428" lon="9.546449">
        <ele>662.1</ele>
      </trkpt>
      <trkpt lat="46.833474" lon="9.546325">
        <ele>660.6</ele>
      </trkpt>
      <trkpt lat="46.833539" lon="9.546167">
        <ele>658.2</ele>
      </trkpt>
      <trkpt lat="46.8336" lon="9.546019">
        <ele>654.9</ele>
      </trkpt>
      <trkpt lat="46.833661" lon="9.545884">
        <ele>652.2</ele>
      </trkpt>
      <trkpt lat="46.833742" lon="9.545775">
        <ele>649.5</ele>
      </trkpt>
      <trkpt lat="46.833802" lon="9.545774">
        <ele>647.3</ele>
      </trkpt>
      <trkpt lat="46.83394" lon="9.545831">
        <ele>643.6</ele>
      </trkpt>
      <trkpt lat="46.833982" lon="9.545835">
        <ele>642.9</ele>
      </trkpt>
      <trkpt lat="46.834023" lon="9.545852">
        <ele>642.2</ele>
      </trkpt>
      <trkpt lat="46.834089" lon="9.545882">
        <ele>641.2</ele>
      </trkpt>
      <trkpt lat="46.834148" lon="9.545923">
        <ele>640.4</ele>
      </trkpt>
      <trkpt lat="46.834257" lon="9.546002">
        <ele>639.2</ele>
      </trkpt>
      <trkpt lat="46.834448" lon="9.546132">
        <ele>637.5</ele>
      </trkpt>
      <trkpt lat="46.834507" lon="9.546167">
        <ele>637.1</ele>
      </trkpt>
      <trkpt lat="46.834617" lon="9.546231">
        <ele>636.4</ele>
        <name>46.834615,9.546237</name>
        <extensions>
          <oa:Extension>
            <oa:mapZoom>13</oa:mapZoom>
          </oa:Extension>
        </extensions>
      </trkpt>
      <trkpt lat="46.834621" lon="9.546234">
        <ele>636.4</ele>
      </trkpt>
      <trkpt lat="46.834694" lon="9.545982">
        <ele>635.0</ele>
      </trkpt>
      <trkpt lat="46.83476" lon="9.545782">
        <ele>635.8</ele>
      </trkpt>
      <trkpt lat="46.834807" lon="9.545652">
        <ele>635.5</ele>
      </trkpt>
      <trkpt lat="46.834857" lon="9.545583">
        <ele>635.3</ele>
      </trkpt>
      <trkpt lat="46.835032" lon="9.545409">
        <ele>634.1</ele>
      </trkpt>
      <trkpt lat="46.835281" lon="9.545159">
        <ele>632.0</ele>
      </trkpt>
      <trkpt lat="46.83536" lon="9.545103">
        <ele>631.5</ele>
      </trkpt>
      <trkpt lat="46.83545" lon="9.545066">
        <ele>631.1</ele>
      </trkpt>
      <trkpt lat="46.835541" lon="9.545044">
        <ele>630.5</ele>
      </trkpt>
      <trkpt lat="46.835626" lon="9.54504">
        <ele>629.8</ele>
      </trkpt>
      <trkpt lat="46.835711" lon="9.545051">
        <ele>629.5</ele>
      </trkpt>
      <trkpt lat="46.835791" lon="9.545073">
        <ele>628.9</ele>
      </trkpt>
      <trkpt lat="46.835867" lon="9.545111">
        <ele>628.5</ele>
      </trkpt>
      <trkpt lat="46.83595" lon="9.545166">
        <ele>628.0</ele>
      </trkpt>
      <trkpt lat="46.836107" lon="9.545266">
        <ele>627.2</ele>
      </trkpt>
      <trkpt lat="46.836205" lon="9.545318">
        <ele>626.8</ele>
      </trkpt>
      <trkpt lat="46.836298" lon="9.545339">
        <ele>626.6</ele>
      </trkpt>
      <trkpt lat="46.836379" lon="9.545342">
        <ele>626.2</ele>
      </trkpt>
      <trkpt lat="46.836466" lon="9.545316">
        <ele>625.8</ele>
      </trkpt>
      <trkpt lat="46.83666" lon="9.545211">
        <ele>625.3</ele>
      </trkpt>
      <trkpt lat="46.83675" lon="9.545176">
        <ele>625.1</ele>
      </trkpt>
      <trkpt lat="46.836849" lon="9.545168">
        <ele>624.7</ele>
      </trkpt>
      <trkpt lat="46.836963" lon="9.545185">
        <ele>624.4</ele>
      </trkpt>
      <trkpt lat="46.837104" lon="9.545205">
        <ele>623.9</ele>
      </trkpt>
      <trkpt lat="46.837193" lon="9.545208">
        <ele>623.6</ele>
      </trkpt>
      <trkpt lat="46.837257" lon="9.545207">
        <ele>623.3</ele>
      </trkpt>
      <trkpt lat="46.837273" lon="9.545206">
        <ele>623.3</ele>
      </trkpt>
      <trkpt lat="46.837273" lon="9.545227">
        <ele>623.5</ele>
        <name>46.837272,9.545164</name>
        <extensions>
          <oa:Extension>
            <oa:mapZoom>16</oa:mapZoom>
          </oa:Extension>
        </extensions>
      </trkpt>
      <trkpt lat="46.83733" lon="9.545225">
        <ele>623.3</ele>
      </trkpt>
      <trkpt lat="46.837498" lon="9.545209">
        <ele>622.8</ele>
      </trkpt>
      <trkpt lat="46.837563" lon="9.545204">
        <ele>622.6</ele>
      </trkpt>
      <trkpt lat="46.837608" lon="9.545202">
        <ele>622.6</ele>
      </trkpt>
      <trkpt lat="46.83764" lon="9.545203">
        <ele>622.5</ele>
      </trkpt>
      <trkpt lat="46.837733" lon="9.545213">
        <ele>622.2</ele>
      </trkpt>
      <trkpt lat="46.837886" lon="9.545248">
        <ele>621.6</ele>
      </trkpt>
      <trkpt lat="46.837907" lon="9.545253">
        <ele>621.9</ele>
      </trkpt>
      <trkpt lat="46.837945" lon="9.545257">
        <ele>622.0</ele>
      </trkpt>
      <trkpt lat="46.837969" lon="9.545254">
        <ele>621.8</ele>
      </trkpt>
      <trkpt lat="46.837983" lon="9.54525">
        <ele>621.8</ele>
      </trkpt>
      <trkpt lat="46.837996" lon="9.545244">
        <ele>621.8</ele>
      </trkpt>
      <trkpt lat="46.838015" lon="9.545231">
        <ele>621.7</ele>
      </trkpt>
      <trkpt lat="46.838072" lon="9.545194">
        <ele>621.4</ele>
      </trkpt>
      <trkpt lat="46.838099" lon="9.545178">
        <ele>621.3</ele>
      </trkpt>
      <trkpt lat="46.838127" lon="9.545163">
        <ele>621.2</ele>
      </trkpt>
      <trkpt lat="46.838158" lon="9.545146">
        <ele>621.2</ele>
      </trkpt>
      <trkpt lat="46.838296" lon="9.545081">
        <ele>621.0</ele>
      </trkpt>
      <trkpt lat="46.838368" lon="9.545047">
        <ele>620.7</ele>
      </trkpt>
      <trkpt lat="46.838451" lon="9.545007">
        <ele>620.4</ele>
      </trkpt>
      <trkpt lat="46.838506" lon="9.544972">
        <ele>620.4</ele>
      </trkpt>
      <trkpt lat="46.838532" lon="9.544953">
        <ele>620.2</ele>
      </trkpt>
      <trkpt lat="46.83855" lon="9.544937">
        <ele>620.2</ele>
      </trkpt>
      <trkpt lat="46.838581" lon="9.544904">
        <ele>620.1</ele>
      </trkpt>
      <trkpt lat="46.838606" lon="9.544874">
        <ele>620.0</ele>
      </trkpt>
      <trkpt lat="46.838652" lon="9.544812">
        <ele>619.9</ele>
      </trkpt>
      <trkpt lat="46.838684" lon="9.54476">
        <ele>619.8</ele>
      </trkpt>
      <trkpt lat="46.838723" lon="9.544689">
        <ele>619.6</ele>
      </trkpt>
      <trkpt lat="46.838814" lon="9.544518">
        <ele>619.1</ele>
      </trkpt>
      <trkpt lat="46.838855" lon="9.544439">
        <ele>619.0</ele>
      </trkpt>
      <trkpt lat="46.839006" lon="9.544155">
        <ele>618.4</ele>
      </trkpt>
      <trkpt lat="46.839142" lon="9.543901">
        <ele>617.8</ele>
      </trkpt>
      <trkpt lat="46.839198" lon="9.543796">
        <ele>617.7</ele>
      </trkpt>
      <trkpt lat="46.839307" lon="9.54359">
        <ele>617.3</ele>
      </trkpt>
      <trkpt lat="46.839386" lon="9.543446">
        <ele>616.9</ele>
      </trkpt>
      <trkpt lat="46.839472" lon="9.543303">
        <ele>616.7</ele>
      </trkpt>
      <trkpt lat="46.839544" lon="9.5432">
        <ele>616.3</ele>
      </trkpt>
      <trkpt lat="46.839608" lon="9.54312">
        <ele>616.1</ele>
      </trkpt>
      <trkpt lat="46.839657" lon="9.543063">
        <ele>615.8</ele>
      </trkpt>
      <trkpt lat="46.839713" lon="9.543007">
        <ele>615.6</ele>
      </trkpt>
      <trkpt lat="46.839842" lon="9.542883">
        <ele>615.2</ele>
      </trkpt>
      <trkpt lat="46.839866" lon="9.542861">
        <ele>615.1</ele>
      </trkpt>
      <trkpt lat="46.839974" lon="9.54276">
        <ele>614.7</ele>
      </trkpt>
      <trkpt lat="46.840124" lon="9.542617">
        <ele>614.1</ele>
      </trkpt>
      <trkpt lat="46.840153" lon="9.54259">
        <ele>614.0</ele>
      </trkpt>
      <trkpt lat="46.840533" lon="9.54225">
        <ele>612.5</ele>
      </trkpt>
      <trkpt lat="46.840583" lon="9.542207">
        <ele>612.4</ele>
      </trkpt>
      <trkpt lat="46.840829" lon="9.541993">
        <ele>611.5</ele>
      </trkpt>
      <trkpt lat="46.840897" lon="9.541934">
        <ele>611.3</ele>
      </trkpt>
      <trkpt lat="46.840921" lon="9.541912">
        <ele>611.2</ele>
      </trkpt>
      <trkpt lat="46.841119" lon="9.541732">
        <ele>610.5</ele>
      </trkpt>
      <trkpt lat="46.841317" lon="9.541553">
        <ele>609.8</ele>
      </trkpt>
      <trkpt lat="46.841507" lon="9.541391">
        <ele>609.3</ele>
      </trkpt>
      <trkpt lat="46.841708" lon="9.54124">
        <ele>608.8</ele>
      </trkpt>
      <trkpt lat="46.841857" lon="9.54114">
        <ele>608.4</ele>
      </trkpt>
      <trkpt lat="46.842011" lon="9.541042">
        <ele>608.1</ele>
      </trkpt>
      <trkpt lat="46.84211" lon="9.540982">
        <ele>607.8</ele>
      </trkpt>
      <trkpt lat="46.842212" lon="9.540922">
        <ele>607.6</ele>
      </trkpt>
      <trkpt lat="46.8423" lon="9.54087">
        <ele>607.4</ele>
      </trkpt>
      <trkpt lat="46.842418" lon="9.540802">
        <ele>607.1</ele>
      </trkpt>
      <trkpt lat="46.842626" lon="9.540687">
        <ele>606.9</ele>
      </trkpt>
      <trkpt lat="46.843033" lon="9.540453">
        <ele>605.9</ele>
      </trkpt>
      <trkpt lat="46.843171" lon="9.540377">
        <ele>605.9</ele>
      </trkpt>
      <trkpt lat="46.843211" lon="9.540355">
        <ele>605.8</ele>
      </trkpt>
      <trkpt lat="46.84324" lon="9.540333">
        <ele>605.6</ele>
      </trkpt>
      <trkpt lat="46.843292" lon="9.540291">
        <ele>605.4</ele>
      </trkpt>
      <trkpt lat="46.843362" lon="9.540231">
        <ele>605.3</ele>
      </trkpt>
      <trkpt lat="46.843443" lon="9.540161">
        <ele>604.9</ele>
      </trkpt>
      <trkpt lat="46.843515" lon="9.540098">
        <ele>604.7</ele>
      </trkpt>
      <trkpt lat="46.843592" lon="9.540026">
        <ele>604.3</ele>
      </trkpt>
      <trkpt lat="46.843647" lon="9.539969">
        <ele>604.2</ele>
      </trkpt>
      <trkpt lat="46.843718" lon="9.539891">
        <ele>603.7</ele>
      </trkpt>
      <trkpt lat="46.843769" lon="9.53983">
        <ele>603.5</ele>
      </trkpt>
      <trkpt lat="46.843815" lon="9.539773">
        <ele>603.2</ele>
      </trkpt>
      <trkpt lat="46.843913" lon="9.539643">
        <ele>602.8</ele>
      </trkpt>
      <trkpt lat="46.844026" lon="9.539469">
        <ele>602.4</ele>
      </trkpt>
      <trkpt lat="46.84409" lon="9.539362">
        <ele>602.0</ele>
      </trkpt>
      <trkpt lat="46.84415" lon="9.539259">
        <ele>601.8</ele>
      </trkpt>
      <trkpt lat="46.844205" lon="9.539156">
        <ele>601.7</ele>
      </trkpt>
      <trkpt lat="46.844271" lon="9.539018">
        <ele>601.3</ele>
      </trkpt>
      <trkpt lat="46.844331" lon="9.538878">
        <ele>601.1</ele>
      </trkpt>
      <trkpt lat="46.844381" lon="9.538746">
        <ele>600.9</ele>
      </trkpt>
      <trkpt lat="46.844413" lon="9.538653">
        <ele>600.9</ele>
      </trkpt>
      <trkpt lat="46.844525" lon="9.538327">
        <ele>600.6</ele>
      </trkpt>
      <trkpt lat="46.844577" lon="9.538166">
        <ele>600.6</ele>
      </trkpt>
      <trkpt lat="46.844619" lon="9.538043">
        <ele>600.5</ele>
      </trkpt>
      <trkpt lat="46.844663" lon="9.537924">
        <ele>600.4</ele>
      </trkpt>
      <trkpt lat="46.844697" lon="9.537838">
        <ele>600.4</ele>
      </trkpt>
      <trkpt lat="46.84473" lon="9.53776">
        <ele>600.3</ele>
      </trkpt>
      <trkpt lat="46.844764" lon="9.537685">
        <ele>600.3</ele>
      </trkpt>
      <trkpt lat="46.844795" lon="9.537621">
        <ele>600.1</ele>
      </trkpt>
      <trkpt lat="46.844814" lon="9.537585">
        <ele>600.1</ele>
      </trkpt>
      <trkpt lat="46.844862" lon="9.53749">
        <ele>600.1</ele>
      </trkpt>
      <trkpt lat="46.844948" lon="9.537336">
        <ele>600.0</ele>
      </trkpt>
      <trkpt lat="46.845121" lon="9.537041">
        <ele>599.9</ele>
      </trkpt>
      <trkpt lat="46.845294" lon="9.536745">
        <ele>599.8</ele>
      </trkpt>
      <trkpt lat="46.845443" lon="9.5365">
        <ele>599.7</ele>
      </trkpt>
      <trkpt lat="46.84564" lon="9.536168">
        <ele>599.7</ele>
      </trkpt>
      <trkpt lat="46.845653" lon="9.536147">
        <ele>599.8</ele>
      </trkpt>
      <trkpt lat="46.845879" lon="9.535759">
        <ele>599.7</ele>
      </trkpt>
      <trkpt lat="46.846018" lon="9.535514">
        <ele>599.7</ele>
      </trkpt>
      <trkpt lat="46.846059" lon="9.535442">
        <ele>599.9</ele>
      </trkpt>
      <trkpt lat="46.846105" lon="9.535397">
        <ele>599.8</ele>
      </trkpt>
      <trkpt lat="46.846134" lon="9.535292">
        <ele>599.7</ele>
      </trkpt>
      <trkpt lat="46.846174" lon="9.535208">
        <ele>599.8</ele>
      </trkpt>
      <trkpt lat="46.846319" lon="9.534895">
        <ele>599.4</ele>
      </trkpt>
      <trkpt lat="46.846401" lon="9.53472">
        <ele>599.4</ele>
      </trkpt>
      <trkpt lat="46.846414" lon="9.534692">
        <ele>599.5</ele>
      </trkpt>
      <trkpt lat="46.846503" lon="9.534494">
        <ele>599.3</ele>
      </trkpt>
      <trkpt lat="46.846537" lon="9.534421">
        <ele>599.3</ele>
      </trkpt>
      <trkpt lat="46.846676" lon="9.534123">
        <ele>599.0</ele>
      </trkpt>
      <trkpt lat="46.846775" lon="9.533913">
        <ele>598.7</ele>
      </trkpt>
      <trkpt lat="46.846854" lon="9.533741">
        <ele>598.6</ele>
      </trkpt>
      <trkpt lat="46.846946" lon="9.533537">
        <ele>598.3</ele>
      </trkpt>
      <trkpt lat="46.847" lon="9.533408">
        <ele>598.1</ele>
      </trkpt>
      <trkpt lat="46.847071" lon="9.533231">
        <ele>597.9</ele>
      </trkpt>
      <trkpt lat="46.847146" lon="9.533031">
        <ele>597.6</ele>
      </trkpt>
      <trkpt lat="46.847197" lon="9.532885">
        <ele>597.4</ele>
      </trkpt>
      <trkpt lat="46.847232" lon="9.532776">
        <ele>597.4</ele>
      </trkpt>
      <trkpt lat="46.847264" lon="9.532672">
        <ele>597.2</ele>
      </trkpt>
      <trkpt lat="46.847291" lon="9.532573">
        <ele>597.1</ele>
      </trkpt>
      <trkpt lat="46.847317" lon="9.532474">
        <ele>596.9</ele>
      </trkpt>
      <trkpt lat="46.847342" lon="9.532369">
        <ele>596.8</ele>
      </trkpt>
      <trkpt lat="46.847349" lon="9.532335">
        <ele>596.9</ele>
      </trkpt>
      <trkpt lat="46.847373" lon="9.532226">
        <ele>596.7</ele>
      </trkpt>
      <trkpt lat="46.847401" lon="9.532094">
        <ele>596.6</ele>
      </trkpt>
      <trkpt lat="46.84738" lon="9.532085">
        <ele>596.6</ele>
      </trkpt>
      <trkpt lat="46.847352" lon="9.532074">
        <ele>597.1</ele>
      </trkpt>
      <trkpt lat="46.847302" lon="9.532336">
        <ele>596.4</ele>
      </trkpt>
      <trkpt lat="46.84728" lon="9.532445">
        <ele>596.8</ele>
      </trkpt>
      <trkpt lat="46.84727" lon="9.532486">
        <ele>597.5</ele>
      </trkpt>
      <trkpt lat="46.84726" lon="9.532531">
        <ele>597.2</ele>
      </trkpt>
      <trkpt lat="46.847246" lon="9.532583">
        <ele>597.4</ele>
      </trkpt>
      <trkpt lat="46.847231" lon="9.532633">
        <ele>597.0</ele>
        <name>46.847234,9.532635</name>
        <extensions>
          <oa:Extension>
            <oa:mapZoom>18</oa:mapZoom>
          </oa:Extension>
        </extensions>
      </trkpt>
      <trkpt lat="46.847246" lon="9.532583">
        <ele>597.4</ele>
      </trkpt>
      <trkpt lat="46.84726" lon="9.532531">
        <ele>597.2</ele>
      </trkpt>
      <trkpt lat="46.84727" lon="9.532486">
        <ele>597.5</ele>
      </trkpt>
      <trkpt lat="46.84728" lon="9.532445">
        <ele>596.8</ele>
      </trkpt>
      <trkpt lat="46.847302" lon="9.532336">
        <ele>596.4</ele>
      </trkpt>
      <trkpt lat="46.847352" lon="9.532074">
        <ele>597.1</ele>
      </trkpt>
      <trkpt lat="46.84738" lon="9.532085">
        <ele>596.6</ele>
      </trkpt>
      <trkpt lat="46.847401" lon="9.532094">
        <ele>596.6</ele>
      </trkpt>
      <trkpt lat="46.847423" lon="9.53197">
        <ele>596.5</ele>
      </trkpt>
      <trkpt lat="46.847442" lon="9.531877">
        <ele>596.5</ele>
      </trkpt>
      <trkpt lat="46.847471" lon="9.531703">
        <ele>596.2</ele>
      </trkpt>
      <trkpt lat="46.847498" lon="9.53153">
        <ele>596.1</ele>
      </trkpt>
      <trkpt lat="46.847542" lon="9.531197">
        <ele>596.0</ele>
      </trkpt>
      <trkpt lat="46.847524" lon="9.531196">
        <ele>595.9</ele>
        <name>46.847524,9.531192</name>
        <extensions>
          <oa:Extension>
            <oa:mapZoom>18</oa:mapZoom>
          </oa:Extension>
        </extensions>
      </trkpt>
      <trkpt lat="46.847542" lon="9.531197">
        <ele>596.0</ele>
      </trkpt>
      <trkpt lat="46.847579" lon="9.530931">
        <ele>595.9</ele>
      </trkpt>
      <trkpt lat="46.847596" lon="9.530807">
        <ele>595.7</ele>
      </trkpt>
      <trkpt lat="46.847613" lon="9.530707">
        <ele>595.8</ele>
      </trkpt>
      <trkpt lat="46.847643" lon="9.530558">
        <ele>595.9</ele>
      </trkpt>
      <trkpt lat="46.847673" lon="9.530434">
        <ele>595.5</ele>
      </trkpt>
      <trkpt lat="46.847707" lon="9.530319">
        <ele>595.6</ele>
      </trkpt>
      <trkpt lat="46.847815" lon="9.530004">
        <ele>595.6</ele>
      </trkpt>
      <trkpt lat="46.847856" lon="9.529888">
        <ele>595.5</ele>
      </trkpt>
      <trkpt lat="46.847876" lon="9.529826">
        <ele>595.7</ele>
      </trkpt>
      <trkpt lat="46.847892" lon="9.529772">
        <ele>595.6</ele>
      </trkpt>
      <trkpt lat="46.847906" lon="9.529718">
        <ele>595.5</ele>
      </trkpt>
      <trkpt lat="46.84792" lon="9.529666">
        <ele>595.3</ele>
      </trkpt>
      <trkpt lat="46.847925" lon="9.529638">
        <ele>595.6</ele>
      </trkpt>
      <trkpt lat="46.847937" lon="9.529626">
        <ele>595.6</ele>
      </trkpt>
      <trkpt lat="46.847945" lon="9.529613">
        <ele>595.5</ele>
      </trkpt>
      <trkpt lat="46.847949" lon="9.529599">
        <ele>595.6</ele>
      </trkpt>
      <trkpt lat="46.847953" lon="9.529579">
        <ele>595.6</ele>
      </trkpt>
      <trkpt lat="46.847952" lon="9.529546">
        <ele>595.6</ele>
      </trkpt>
      <trkpt lat="46.847946" lon="9.529516">
        <ele>595.4</ele>
      </trkpt>
      <trkpt lat="46.847944" lon="9.529512">
        <ele>595.2</ele>
      </trkpt>
      <trkpt lat="46.847935" lon="9.529484">
        <ele>595.1</ele>
      </trkpt>
      <trkpt lat="46.847933" lon="9.529482">
        <ele>595.0</ele>
        <name>46.847933,9.529482</name>
        <extensions>
          <oa:Extension>
            <oa:mapZoom>19</oa:mapZoom>
          </oa:Extension>
        </extensions>
      </trkpt>
      <trkpt lat="46.847923" lon="9.52946">
        <ele>594.4</ele>
      </trkpt>
      <trkpt lat="46.847909" lon="9.529439">
        <ele>593.8</ele>
      </trkpt>
      <trkpt lat="46.847893" lon="9.529422">
        <ele>593.1</ele>
      </trkpt>
      <trkpt lat="46.847869" lon="9.529401">
        <ele>592.2</ele>
      </trkpt>
      <trkpt lat="46.847854" lon="9.52939">
        <ele>591.6</ele>
      </trkpt>
      <trkpt lat="46.847839" lon="9.529381">
        <ele>591.1</ele>
      </trkpt>
      <trkpt lat="46.847817" lon="9.529372">
        <ele>595.7</ele>
      </trkpt>
      <trkpt lat="46.847793" lon="9.529368">
        <ele>595.2</ele>
      </trkpt>
      <trkpt lat="46.847777" lon="9.529369">
        <ele>595.1</ele>
      </trkpt>
      <trkpt lat="46.847759" lon="9.529374">
        <ele>595.0</ele>
      </trkpt>
      <trkpt lat="46.847743" lon="9.529384">
        <ele>595.0</ele>
      </trkpt>
      <trkpt lat="46.847729" lon="9.529351">
        <ele>595.0</ele>
      </trkpt>
      <trkpt lat="46.847673" lon="9.529221">
        <ele>594.7</ele>
      </trkpt>
      <trkpt lat="46.847596" lon="9.529218">
        <ele>595.0</ele>
      </trkpt>
      <trkpt lat="46.847474" lon="9.529212">
        <ele>596.4</ele>
      </trkpt>
      <trkpt lat="46.847433" lon="9.529219">
        <ele>596.8</ele>
      </trkpt>
      <trkpt lat="46.847425" lon="9.529149">
        <ele>596.7</ele>
      </trkpt>
      <trkpt lat="46.847427" lon="9.528672">
        <ele>596.0</ele>
      </trkpt>
      <trkpt lat="46.84743" lon="9.528617">
        <ele>595.8</ele>
      </trkpt>
      <trkpt lat="46.84745" lon="9.528243">
        <ele>595.9</ele>
      </trkpt>
      <trkpt lat="46.847471" lon="9.527868">
        <ele>595.7</ele>
      </trkpt>
      <trkpt lat="46.847473" lon="9.527772">
        <ele>595.6</ele>
      </trkpt>
      <trkpt lat="46.847473" lon="9.52755">
        <ele>594.9</ele>
      </trkpt>
      <trkpt lat="46.847457" lon="9.526982">
        <ele>594.3</ele>
      </trkpt>
      <trkpt lat="46.847601" lon="9.526996">
        <ele>593.7</ele>
      </trkpt>
      <trkpt lat="46.847591" lon="9.526888">
        <ele>593.9</ele>
      </trkpt>
      <trkpt lat="46.847564" lon="9.526556">
        <ele>593.7</ele>
      </trkpt>
      <trkpt lat="46.847558" lon="9.526475">
        <ele>593.7</ele>
      </trkpt>
      <trkpt lat="46.847534" lon="9.526126">
        <ele>593.2</ele>
      </trkpt>
      <trkpt lat="46.84751" lon="9.525776">
        <ele>592.7</ele>
      </trkpt>
      <trkpt lat="46.847505" lon="9.525717">
        <ele>592.6</ele>
      </trkpt>
      <trkpt lat="46.847506" lon="9.525717">
        <ele>592.7</ele>
        <name>46.847532,9.525712</name>
        <extensions>
          <oa:Extension>
            <oa:mapZoom>13</oa:mapZoom>
          </oa:Extension>
        </extensions>
      </trkpt>
      <trkpt lat="46.847506" lon="9.525721">
        <ele>592.7</ele>
      </trkpt>
      <trkpt lat="46.847312" lon="9.525755">
        <ele>592.88382</ele>
        <name>46.847312,9.525755</name>
        <extensions>
          <oa:Extension>
            <oa:mapZoom>13</oa:mapZoom>
          </oa:Extension>
        </extensions>
      </trkpt>
      <trkpt lat="46.838868" lon="9.525573">
        <ele>1185.17665</ele>
      </trkpt>
      <trkpt lat="46.829059" lon="9.516303">
        <ele>1593.35868</ele>
        <name>46.829059,9.516303</name>
        <extensions>
          <oa:Extension>
            <oa:mapZoom>13</oa:mapZoom>
          </oa:Extension>
        </extensions>
      </trkpt>
      <trkpt lat="46.828771" lon="9.515952">
        <ele>1591.1</ele>
        <name>46.828771,9.515952</name>
        <extensions>
          <oa:Extension>
            <oa:mapZoom>13</oa:mapZoom>
          </oa:Extension>
        </extensions>
      </trkpt>
      <trkpt lat="46.828446" lon="9.515824">
        <ele>1591.1</ele>
      </trkpt>
      <trkpt lat="46.828402" lon="9.515807">
        <ele>1590.8</ele>
      </trkpt>
      <trkpt lat="46.828237" lon="9.515744">
        <ele>1590.5</ele>
      </trkpt>
      <trkpt lat="46.828067" lon="9.515688">
        <ele>1590.3</ele>
      </trkpt>
      <trkpt lat="46.827649" lon="9.515582">
        <ele>1590.0</ele>
      </trkpt>
      <trkpt lat="46.827475" lon="9.515534">
        <ele>1589.1</ele>
      </trkpt>
      <trkpt lat="46.82722" lon="9.515495">
        <ele>1587.8</ele>
      </trkpt>
      <trkpt lat="46.827052" lon="9.515447">
        <ele>1589.0</ele>
      </trkpt>
      <trkpt lat="46.826794" lon="9.515345">
        <ele>1590.2</ele>
      </trkpt>
      <trkpt lat="46.826618" lon="9.51529">
        <ele>1591.0</ele>
      </trkpt>
      <trkpt lat="46.826547" lon="9.515279">
        <ele>1591.1</ele>
      </trkpt>
      <trkpt lat="46.82628" lon="9.515263">
        <ele>1592.9</ele>
      </trkpt>
      <trkpt lat="46.826182" lon="9.515232">
        <ele>1593.3</ele>
      </trkpt>
      <trkpt lat="46.826065" lon="9.515171">
        <ele>1593.4</ele>
      </trkpt>
      <trkpt lat="46.825953" lon="9.515119">
        <ele>1593.6</ele>
      </trkpt>
      <trkpt lat="46.825873" lon="9.515094">
        <ele>1593.6</ele>
      </trkpt>
      <trkpt lat="46.825585" lon="9.515003">
        <ele>1593.7</ele>
      </trkpt>
      <trkpt lat="46.825272" lon="9.514914">
        <ele>1594.4</ele>
      </trkpt>
      <trkpt lat="46.825086" lon="9.514873">
        <ele>1594.8</ele>
      </trkpt>
      <trkpt lat="46.824888" lon="9.514847">
        <ele>1595.5</ele>
      </trkpt>
      <trkpt lat="46.824592" lon="9.514844">
        <ele>1596.6</ele>
      </trkpt>
      <trkpt lat="46.824312" lon="9.514844">
        <ele>1597.5</ele>
      </trkpt>
      <trkpt lat="46.824064" lon="9.514846">
        <ele>1598.0</ele>
      </trkpt>
      <trkpt lat="46.82399" lon="9.514854">
        <ele>1598.3</ele>
      </trkpt>
      <trkpt lat="46.823843" lon="9.514865">
        <ele>1598.6</ele>
      </trkpt>
      <trkpt lat="46.823683" lon="9.514867">
        <ele>1599.1</ele>
      </trkpt>
      <trkpt lat="46.823589" lon="9.514855">
        <ele>1599.4</ele>
      </trkpt>
      <trkpt lat="46.823457" lon="9.514832">
        <ele>1599.7</ele>
      </trkpt>
      <trkpt lat="46.823381" lon="9.514823">
        <ele>1599.9</ele>
      </trkpt>
      <trkpt lat="46.823311" lon="9.51482">
        <ele>1600.1</ele>
      </trkpt>
      <trkpt lat="46.823252" lon="9.51482">
        <ele>1600.4</ele>
      </trkpt>
      <trkpt lat="46.82319" lon="9.514837">
        <ele>1600.6</ele>
      </trkpt>
      <trkpt lat="46.823119" lon="9.514865">
        <ele>1601.0</ele>
      </trkpt>
      <trkpt lat="46.823067" lon="9.514875">
        <ele>1601.1</ele>
      </trkpt>
      <trkpt lat="46.823015" lon="9.51488">
        <ele>1601.2</ele>
      </trkpt>
      <trkpt lat="46.822962" lon="9.514867">
        <ele>1601.4</ele>
      </trkpt>
      <trkpt lat="46.822893" lon="9.514836">
        <ele>1601.7</ele>
      </trkpt>
      <trkpt lat="46.822818" lon="9.514807">
        <ele>1601.9</ele>
      </trkpt>
      <trkpt lat="46.822735" lon="9.514785">
        <ele>1602.5</ele>
      </trkpt>
      <trkpt lat="46.822669" lon="9.514765">
        <ele>1602.7</ele>
      </trkpt>
      <trkpt lat="46.822562" lon="9.51474">
        <ele>1603.5</ele>
      </trkpt>
      <trkpt lat="46.822491" lon="9.514727">
        <ele>1604.0</ele>
      </trkpt>
      <trkpt lat="46.822424" lon="9.514719">
        <ele>1604.1</ele>
      </trkpt>
      <trkpt lat="46.822385" lon="9.514717">
        <ele>1604.1</ele>
      </trkpt>
      <trkpt lat="46.822337" lon="9.514731">
        <ele>1603.9</ele>
      </trkpt>
      <trkpt lat="46.822197" lon="9.514911">
        <ele>1602.4</ele>
      </trkpt>
      <trkpt lat="46.822072" lon="9.514996">
        <ele>1601.4</ele>
      </trkpt>
      <trkpt lat="46.821935" lon="9.515088">
        <ele>1599.7</ele>
      </trkpt>
      <trkpt lat="46.821804" lon="9.5152">
        <ele>1598.3</ele>
      </trkpt>
      <trkpt lat="46.82165" lon="9.515364">
        <ele>1596.8</ele>
      </trkpt>
      <trkpt lat="46.821471" lon="9.515567">
        <ele>1595.5</ele>
      </trkpt>
      <trkpt lat="46.821324" lon="9.515723">
        <ele>1594.8</ele>
      </trkpt>
      <trkpt lat="46.821207" lon="9.515825">
        <ele>1594.3</ele>
      </trkpt>
      <trkpt lat="46.82118" lon="9.515846">
        <ele>1594.2</ele>
      </trkpt>
      <trkpt lat="46.821111" lon="9.515897">
        <ele>1593.9</ele>
      </trkpt>
      <trkpt lat="46.821061" lon="9.51593">
        <ele>1593.7</ele>
      </trkpt>
      <trkpt lat="46.821023" lon="9.515947">
        <ele>1593.5</ele>
      </trkpt>
      <trkpt lat="46.820965" lon="9.515963">
        <ele>1593.1</ele>
      </trkpt>
      <trkpt lat="46.820871" lon="9.515981">
        <ele>1592.5</ele>
      </trkpt>
      <trkpt lat="46.820698" lon="9.515981">
        <ele>1591.1</ele>
      </trkpt>
      <trkpt lat="46.820399" lon="9.515968">
        <ele>1588.1</ele>
      </trkpt>
      <trkpt lat="46.820089" lon="9.515949">
        <ele>1584.7</ele>
      </trkpt>
      <trkpt lat="46.820007" lon="9.515966">
        <ele>1583.6</ele>
      </trkpt>
      <trkpt lat="46.819743" lon="9.515994">
        <ele>1580.8</ele>
      </trkpt>
      <trkpt lat="46.819465" lon="9.516008">
        <ele>1577.8</ele>
      </trkpt>
      <trkpt lat="46.819236" lon="9.516036">
        <ele>1575.4</ele>
      </trkpt>
      <trkpt lat="46.819209" lon="9.516039">
        <ele>1575.1</ele>
      </trkpt>
      <trkpt lat="46.818999" lon="9.516063">
        <ele>1572.9</ele>
      </trkpt>
      <trkpt lat="46.818776" lon="9.516095">
        <ele>1570.6</ele>
      </trkpt>
      <trkpt lat="46.8186" lon="9.516113">
        <ele>1568.6</ele>
      </trkpt>
      <trkpt lat="46.818437" lon="9.516136">
        <ele>1566.9</ele>
      </trkpt>
      <trkpt lat="46.818199" lon="9.516161">
        <ele>1564.1</ele>
      </trkpt>
      <trkpt lat="46.818033" lon="9.516182">
        <ele>1562.1</ele>
      </trkpt>
      <trkpt lat="46.817792" lon="9.516455">
        <ele>1553.9</ele>
      </trkpt>
      <trkpt lat="46.817631" lon="9.516558">
        <ele>1551.4</ele>
      </trkpt>
      <trkpt lat="46.817505" lon="9.516643">
        <ele>1548.3</ele>
      </trkpt>
      <trkpt lat="46.817432" lon="9.516711">
        <ele>1546.7</ele>
      </trkpt>
      <trkpt lat="46.817249" lon="9.516912">
        <ele>1542.8</ele>
      </trkpt>
      <trkpt lat="46.817066" lon="9.517113">
        <ele>1538.3</ele>
      </trkpt>
      <trkpt lat="46.816841" lon="9.517315">
        <ele>1533.9</ele>
      </trkpt>
      <trkpt lat="46.816702" lon="9.51739">
        <ele>1531.1</ele>
      </trkpt>
      <trkpt lat="46.816618" lon="9.517444">
        <ele>1529.2</ele>
      </trkpt>
      <trkpt lat="46.816544" lon="9.5175">
        <ele>1527.9</ele>
      </trkpt>
      <trkpt lat="46.816607" lon="9.517556">
        <ele>1527.1</ele>
        <name>46.816614,9.517539</name>
        <extensions>
          <oa:locType>routingNode</oa:locType>
        </extensions>
      </trkpt>
      <trkpt lat="46.816667" lon="9.517608">
        <ele>1526.3</ele>
      </trkpt>
      <trkpt lat="46.816638" lon="9.517614">
        <ele>1526.5</ele>
      </trkpt>
      <trkpt lat="46.816604" lon="9.51761">
        <ele>1526.4</ele>
      </trkpt>
      <trkpt lat="46.816547" lon="9.517591">
        <ele>1526.2</ele>
      </trkpt>
      <trkpt lat="46.816497" lon="9.517572">
        <ele>1526.1</ele>
      </trkpt>
      <trkpt lat="46.81646" lon="9.517568">
        <ele>1525.4</ele>
      </trkpt>
      <trkpt lat="46.816414" lon="9.517587">
        <ele>1524.4</ele>
      </trkpt>
      <trkpt lat="46.816351" lon="9.517632">
        <ele>1523.3</ele>
      </trkpt>
      <trkpt lat="46.816313" lon="9.517677">
        <ele>1522.2</ele>
      </trkpt>
      <trkpt lat="46.81631" lon="9.51768">
        <ele>1522.1</ele>
      </trkpt>
      <trkpt lat="46.816295" lon="9.517719">
        <ele>1521.1</ele>
      </trkpt>
      <trkpt lat="46.816291" lon="9.51776">
        <ele>1520.5</ele>
      </trkpt>
      <trkpt lat="46.816293" lon="9.517827">
        <ele>1519.5</ele>
      </trkpt>
      <trkpt lat="46.81629" lon="9.517856">
        <ele>1519.1</ele>
      </trkpt>
      <trkpt lat="46.81628" lon="9.517887">
        <ele>1518.5</ele>
      </trkpt>
      <trkpt lat="46.816261" lon="9.517906">
        <ele>1517.8</ele>
      </trkpt>
      <trkpt lat="46.816232" lon="9.517915">
        <ele>1517.4</ele>
      </trkpt>
      <trkpt lat="46.816201" lon="9.517924">
        <ele>1516.9</ele>
      </trkpt>
      <trkpt lat="46.816165" lon="9.517942">
        <ele>1516.3</ele>
      </trkpt>
      <trkpt lat="46.81615" lon="9.517975">
        <ele>1515.7</ele>
      </trkpt>
      <trkpt lat="46.816143" lon="9.518008">
        <ele>1515.3</ele>
      </trkpt>
      <trkpt lat="46.816135" lon="9.518031">
        <ele>1514.9</ele>
      </trkpt>
      <trkpt lat="46.816119" lon="9.518057">
        <ele>1514.5</ele>
      </trkpt>
      <trkpt lat="46.816096" lon="9.518084">
        <ele>1514.2</ele>
      </trkpt>
      <trkpt lat="46.816053" lon="9.518115">
        <ele>1513.4</ele>
      </trkpt>
      <trkpt lat="46.815896" lon="9.518234">
        <ele>1509.1</ele>
      </trkpt>
      <trkpt lat="46.815856" lon="9.51828">
        <ele>1507.6</ele>
      </trkpt>
      <trkpt lat="46.815793" lon="9.518406">
        <ele>1505.3</ele>
      </trkpt>
      <trkpt lat="46.815733" lon="9.518534">
        <ele>1503.5</ele>
      </trkpt>
      <trkpt lat="46.815712" lon="9.518556">
        <ele>1502.9</ele>
      </trkpt>
      <trkpt lat="46.815686" lon="9.518583">
        <ele>1501.6</ele>
      </trkpt>
      <trkpt lat="46.81565" lon="9.518583">
        <ele>1500.6</ele>
      </trkpt>
      <trkpt lat="46.815604" lon="9.518585">
        <ele>1499.7</ele>
      </trkpt>
      <trkpt lat="46.81557" lon="9.518605">
        <ele>1499.3</ele>
      </trkpt>
      <trkpt lat="46.815529" lon="9.518652">
        <ele>1499.0</ele>
      </trkpt>
      <trkpt lat="46.815499" lon="9.518655">
        <ele>1498.9</ele>
      </trkpt>
      <trkpt lat="46.815377" lon="9.518657">
        <ele>1498.8</ele>
      </trkpt>
      <trkpt lat="46.815289" lon="9.518673">
        <ele>1498.5</ele>
      </trkpt>
      <trkpt lat="46.815222" lon="9.518689">
        <ele>1498.3</ele>
      </trkpt>
      <trkpt lat="46.815216" lon="9.518725">
        <ele>1498.2</ele>
      </trkpt>
      <trkpt lat="46.815201" lon="9.518764">
        <ele>1497.7</ele>
      </trkpt>
      <trkpt lat="46.815157" lon="9.518802">
        <ele>1496.9</ele>
      </trkpt>
      <trkpt lat="46.815106" lon="9.518814">
        <ele>1496.4</ele>
      </trkpt>
      <trkpt lat="46.815059" lon="9.51882">
        <ele>1495.9</ele>
      </trkpt>
      <trkpt lat="46.815011" lon="9.518854">
        <ele>1495.3</ele>
      </trkpt>
      <trkpt lat="46.814971" lon="9.518898">
        <ele>1495.1</ele>
      </trkpt>
      <trkpt lat="46.814938" lon="9.518952">
        <ele>1494.9</ele>
      </trkpt>
      <trkpt lat="46.814899" lon="9.519045">
        <ele>1494.8</ele>
      </trkpt>
      <trkpt lat="46.814855" lon="9.519117">
        <ele>1494.2</ele>
      </trkpt>
      <trkpt lat="46.814781" lon="9.519207">
        <ele>1493.8</ele>
      </trkpt>
      <trkpt lat="46.814683" lon="9.519345">
        <ele>1492.7</ele>
      </trkpt>
      <trkpt lat="46.814618" lon="9.519436">
        <ele>1490.9</ele>
      </trkpt>
      <trkpt lat="46.814551" lon="9.519496">
        <ele>1490.3</ele>
      </trkpt>
      <trkpt lat="46.814515" lon="9.519546">
        <ele>1489.7</ele>
      </trkpt>
      <trkpt lat="46.814481" lon="9.519601">
        <ele>1488.9</ele>
      </trkpt>
      <trkpt lat="46.81445" lon="9.519655">
        <ele>1487.7</ele>
      </trkpt>
      <trkpt lat="46.814424" lon="9.519687">
        <ele>1486.9</ele>
      </trkpt>
      <trkpt lat="46.814369" lon="9.519735">
        <ele>1486.3</ele>
      </trkpt>
      <trkpt lat="46.814294" lon="9.519791">
        <ele>1485.2</ele>
      </trkpt>
      <trkpt lat="46.81424" lon="9.519843">
        <ele>1484.1</ele>
      </trkpt>
      <trkpt lat="46.81419" lon="9.519916">
        <ele>1484.5</ele>
      </trkpt>
      <trkpt lat="46.81413" lon="9.519977">
        <ele>1481.8</ele>
      </trkpt>
      <trkpt lat="46.814082" lon="9.520042">
        <ele>1480.5</ele>
      </trkpt>
      <trkpt lat="46.814043" lon="9.520084">
        <ele>1479.7</ele>
      </trkpt>
      <trkpt lat="46.814013" lon="9.520146">
        <ele>1478.1</ele>
      </trkpt>
      <trkpt lat="46.813959" lon="9.520235">
        <ele>1476.3</ele>
      </trkpt>
      <trkpt lat="46.813904" lon="9.520323">
        <ele>1475.8</ele>
      </trkpt>
      <trkpt lat="46.813877" lon="9.520371">
        <ele>1474.8</ele>
      </trkpt>
      <trkpt lat="46.813844" lon="9.520412">
        <ele>1473.2</ele>
      </trkpt>
      <trkpt lat="46.813779" lon="9.52046">
        <ele>1472.3</ele>
      </trkpt>
      <trkpt lat="46.813677" lon="9.520527">
        <ele>1472.1</ele>
      </trkpt>
      <trkpt lat="46.813588" lon="9.520629">
        <ele>1470.6</ele>
      </trkpt>
      <trkpt lat="46.813526" lon="9.520724">
        <ele>1469.8</ele>
      </trkpt>
      <trkpt lat="46.813505" lon="9.52076">
        <ele>1469.0</ele>
      </trkpt>
      <trkpt lat="46.813441" lon="9.520826">
        <ele>1468.0</ele>
      </trkpt>
      <trkpt lat="46.813414" lon="9.520845">
        <ele>1468.0</ele>
      </trkpt>
      <trkpt lat="46.81336" lon="9.520895">
        <ele>1467.0</ele>
      </trkpt>
      <trkpt lat="46.813312" lon="9.520943">
        <ele>1466.2</ele>
      </trkpt>
      <trkpt lat="46.813272" lon="9.52099">
        <ele>1465.4</ele>
      </trkpt>
      <trkpt lat="46.813234" lon="9.521036">
        <ele>1464.5</ele>
      </trkpt>
      <trkpt lat="46.813201" lon="9.521069">
        <ele>1463.9</ele>
      </trkpt>
      <trkpt lat="46.813155" lon="9.521093">
        <ele>1463.1</ele>
      </trkpt>
      <trkpt lat="46.813104" lon="9.521106">
        <ele>1461.9</ele>
      </trkpt>
      <trkpt lat="46.81305" lon="9.521118">
        <ele>1460.8</ele>
      </trkpt>
      <trkpt lat="46.812983" lon="9.521129">
        <ele>1458.5</ele>
      </trkpt>
      <trkpt lat="46.812948" lon="9.52113">
        <ele>1457.8</ele>
      </trkpt>
      <trkpt lat="46.812911" lon="9.521122">
        <ele>1457.0</ele>
      </trkpt>
      <trkpt lat="46.812879" lon="9.521108">
        <ele>1456.6</ele>
      </trkpt>
      <trkpt lat="46.812827" lon="9.521063">
        <ele>1455.8</ele>
      </trkpt>
      <trkpt lat="46.81277" lon="9.52101">
        <ele>1455.7</ele>
      </trkpt>
      <trkpt lat="46.812728" lon="9.520972">
        <ele>1454.9</ele>
      </trkpt>
      <trkpt lat="46.812689" lon="9.520943">
        <ele>1454.0</ele>
      </trkpt>
      <trkpt lat="46.812624" lon="9.52091">
        <ele>1453.2</ele>
      </trkpt>
      <trkpt lat="46.812574" lon="9.520891">
        <ele>1452.1</ele>
      </trkpt>
      <trkpt lat="46.812548" lon="9.52089">
        <ele>1451.7</ele>
      </trkpt>
      <trkpt lat="46.812494" lon="9.520892">
        <ele>1451.0</ele>
      </trkpt>
      <trkpt lat="46.812411" lon="9.520892">
        <ele>1449.6</ele>
      </trkpt>
      <trkpt lat="46.812378" lon="9.520895">
        <ele>1448.7</ele>
      </trkpt>
      <trkpt lat="46.812328" lon="9.520904">
        <ele>1447.7</ele>
      </trkpt>
      <trkpt lat="46.812314" lon="9.520925">
        <ele>1447.4</ele>
      </trkpt>
      <trkpt lat="46.812291" lon="9.52095">
        <ele>1447.3</ele>
      </trkpt>
      <trkpt lat="46.812268" lon="9.520992">
        <ele>1446.8</ele>
      </trkpt>
      <trkpt lat="46.81224" lon="9.521048">
        <ele>1445.0</ele>
      </trkpt>
      <trkpt lat="46.81221" lon="9.521096">
        <ele>1443.7</ele>
      </trkpt>
      <trkpt lat="46.812185" lon="9.52112">
        <ele>1442.9</ele>
      </trkpt>
      <trkpt lat="46.812148" lon="9.521139">
        <ele>1441.6</ele>
      </trkpt>
      <trkpt lat="46.812121" lon="9.521156">
        <ele>1440.4</ele>
      </trkpt>
      <trkpt lat="46.812078" lon="9.521164">
        <ele>1439.0</ele>
      </trkpt>
      <trkpt lat="46.812017" lon="9.521188">
        <ele>1437.0</ele>
      </trkpt>
      <trkpt lat="46.811965" lon="9.52123">
        <ele>1435.3</ele>
      </trkpt>
      <trkpt lat="46.811917" lon="9.521268">
        <ele>1433.2</ele>
      </trkpt>
      <trkpt lat="46.811749" lon="9.521252">
        <ele>1430.3</ele>
      </trkpt>
      <trkpt lat="46.811721" lon="9.521276">
        <ele>1429.0</ele>
      </trkpt>
      <trkpt lat="46.811556" lon="9.521342">
        <ele>1423.3</ele>
      </trkpt>
      <trkpt lat="46.811446" lon="9.521376">
        <ele>1420.0</ele>
      </trkpt>
      <trkpt lat="46.81143" lon="9.521419">
        <ele>1419.1</ele>
      </trkpt>
      <trkpt lat="46.81136" lon="9.521468">
        <ele>1417.2</ele>
      </trkpt>
      <trkpt lat="46.811256" lon="9.521536">
        <ele>1413.7</ele>
      </trkpt>
      <trkpt lat="46.811155" lon="9.521639">
        <ele>1411.0</ele>
      </trkpt>
      <trkpt lat="46.811082" lon="9.521718">
        <ele>1408.8</ele>
      </trkpt>
      <trkpt lat="46.811021" lon="9.521807">
        <ele>1405.2</ele>
      </trkpt>
      <trkpt lat="46.81096" lon="9.521942">
        <ele>1401.5</ele>
      </trkpt>
      <trkpt lat="46.81091" lon="9.522068">
        <ele>1398.6</ele>
      </trkpt>
      <trkpt lat="46.810829" lon="9.522257">
        <ele>1394.7</ele>
      </trkpt>
      <trkpt lat="46.810801" lon="9.522306">
        <ele>1393.5</ele>
      </trkpt>
      <trkpt lat="46.810731" lon="9.522383">
        <ele>1390.5</ele>
      </trkpt>
      <trkpt lat="46.810673" lon="9.522423">
        <ele>1389.0</ele>
      </trkpt>
      <trkpt lat="46.810401" lon="9.522578">
        <ele>1381.4</ele>
      </trkpt>
      <trkpt lat="46.810232" lon="9.522643">
        <ele>1377.7</ele>
      </trkpt>
      <trkpt lat="46.810134" lon="9.522635">
        <ele>1375.4</ele>
      </trkpt>
      <trkpt lat="46.810062" lon="9.522682">
        <ele>1372.9</ele>
      </trkpt>
      <trkpt lat="46.809996" lon="9.522721">
        <ele>1370.8</ele>
      </trkpt>
      <trkpt lat="46.809893" lon="9.522782">
        <ele>1368.2</ele>
      </trkpt>
      <trkpt lat="46.809851" lon="9.522795">
        <ele>1367.1</ele>
      </trkpt>
      <trkpt lat="46.809814" lon="9.522797">
        <ele>1366.3</ele>
      </trkpt>
      <trkpt lat="46.809776" lon="9.522785">
        <ele>1365.5</ele>
      </trkpt>
      <trkpt lat="46.809741" lon="9.522763">
        <ele>1364.8</ele>
      </trkpt>
      <trkpt lat="46.809686" lon="9.522703">
        <ele>1362.6</ele>
      </trkpt>
      <trkpt lat="46.809639" lon="9.522666">
        <ele>1361.3</ele>
      </trkpt>
      <trkpt lat="46.809596" lon="9.522647">
        <ele>1360.4</ele>
      </trkpt>
      <trkpt lat="46.809539" lon="9.522633">
        <ele>1359.1</ele>
      </trkpt>
      <trkpt lat="46.809411" lon="9.522628">
        <ele>1356.3</ele>
      </trkpt>
      <trkpt lat="46.809262" lon="9.522679">
        <ele>1352.3</ele>
      </trkpt>
      <trkpt lat="46.809162" lon="9.522717">
        <ele>1349.6</ele>
      </trkpt>
      <trkpt lat="46.809064" lon="9.522748">
        <ele>1347.1</ele>
      </trkpt>
      <trkpt lat="46.808997" lon="9.52275">
        <ele>1345.8</ele>
      </trkpt>
      <trkpt lat="46.808948" lon="9.522752">
        <ele>1344.6</ele>
      </trkpt>
      <trkpt lat="46.808809" lon="9.522755">
        <ele>1342.5</ele>
      </trkpt>
      <trkpt lat="46.808657" lon="9.522785">
        <ele>1340.1</ele>
      </trkpt>
      <trkpt lat="46.808585" lon="9.522801">
        <ele>1339.2</ele>
      </trkpt>
      <trkpt lat="46.80851" lon="9.522817">
        <ele>1338.2</ele>
      </trkpt>
      <trkpt lat="46.80848" lon="9.52278">
        <ele>1338.1</ele>
      </trkpt>
      <trkpt lat="46.808391" lon="9.522744">
        <ele>1337.4</ele>
      </trkpt>
      <trkpt lat="46.808317" lon="9.522713">
        <ele>1337.4</ele>
      </trkpt>
      <trkpt lat="46.808234" lon="9.522689">
        <ele>1337.7</ele>
      </trkpt>
      <trkpt lat="46.808186" lon="9.522687">
        <ele>1337.6</ele>
      </trkpt>
      <trkpt lat="46.808153" lon="9.52266">
        <ele>1337.6</ele>
      </trkpt>
      <trkpt lat="46.808095" lon="9.522649">
        <ele>1337.3</ele>
      </trkpt>
      <trkpt lat="46.80803" lon="9.522626">
        <ele>1337.3</ele>
      </trkpt>
      <trkpt lat="46.807979" lon="9.522587">
        <ele>1336.8</ele>
      </trkpt>
      <trkpt lat="46.807942" lon="9.522542">
        <ele>1337.1</ele>
      </trkpt>
      <trkpt lat="46.807886" lon="9.522499">
        <ele>1337.0</ele>
      </trkpt>
      <trkpt lat="46.807819" lon="9.522479">
        <ele>1336.7</ele>
      </trkpt>
      <trkpt lat="46.807712" lon="9.522449">
        <ele>1337.2</ele>
      </trkpt>
      <trkpt lat="46.807642" lon="9.522449">
        <ele>1337.1</ele>
      </trkpt>
      <trkpt lat="46.807576" lon="9.522473">
        <ele>1337.2</ele>
      </trkpt>
      <trkpt lat="46.807527" lon="9.522477">
        <ele>1338.1</ele>
      </trkpt>
      <trkpt lat="46.807501" lon="9.522474">
        <ele>1337.9</ele>
      </trkpt>
      <trkpt lat="46.807456" lon="9.52241">
        <ele>1336.8</ele>
      </trkpt>
      <trkpt lat="46.807441" lon="9.522389">
        <ele>1336.6</ele>
      </trkpt>
      <trkpt lat="46.807375" lon="9.522302">
        <ele>1336.6</ele>
      </trkpt>
      <trkpt lat="46.807287" lon="9.522257">
        <ele>1336.9</ele>
      </trkpt>
      <trkpt lat="46.80711" lon="9.522237">
        <ele>1335.7</ele>
      </trkpt>
      <trkpt lat="46.807001" lon="9.522254">
        <ele>1337.8</ele>
      </trkpt>
      <trkpt lat="46.806915" lon="9.522257">
        <ele>1339.7</ele>
      </trkpt>
      <trkpt lat="46.806797" lon="9.5222">
        <ele>1338.2</ele>
      </trkpt>
      <trkpt lat="46.806722" lon="9.522108">
        <ele>1338.8</ele>
      </trkpt>
      <trkpt lat="46.806645" lon="9.521914">
        <ele>1340.2</ele>
      </trkpt>
      <trkpt lat="46.806582" lon="9.521756">
        <ele>1339.5</ele>
      </trkpt>
      <trkpt lat="46.806524" lon="9.521641">
        <ele>1339.7</ele>
      </trkpt>
      <trkpt lat="46.806516" lon="9.5216">
        <ele>1340.4</ele>
      </trkpt>
      <trkpt lat="46.806501" lon="9.521524">
        <ele>1341.8</ele>
      </trkpt>
      <trkpt lat="46.806474" lon="9.521441">
        <ele>1341.5</ele>
      </trkpt>
      <trkpt lat="46.806423" lon="9.521421">
        <ele>1342.1</ele>
      </trkpt>
      <trkpt lat="46.806412" lon="9.521416">
        <ele>1342.3</ele>
      </trkpt>
      <trkpt lat="46.806379" lon="9.521402">
        <ele>1342.5</ele>
      </trkpt>
      <trkpt lat="46.806339" lon="9.521378">
        <ele>1342.3</ele>
      </trkpt>
      <trkpt lat="46.806317" lon="9.521373">
        <ele>1342.6</ele>
      </trkpt>
      <trkpt lat="46.806286" lon="9.521365">
        <ele>1342.3</ele>
      </trkpt>
      <trkpt lat="46.806261" lon="9.521372">
        <ele>1341.8</ele>
      </trkpt>
      <trkpt lat="46.806234" lon="9.521389">
        <ele>1340.5</ele>
      </trkpt>
      <trkpt lat="46.806206" lon="9.521406">
        <ele>1340.2</ele>
      </trkpt>
      <trkpt lat="46.805913" lon="9.521493">
        <ele>1340.6</ele>
      </trkpt>
      <trkpt lat="46.805852" lon="9.521534">
        <ele>1340.2</ele>
      </trkpt>
      <trkpt lat="46.805794" lon="9.52157">
        <ele>1340.2</ele>
      </trkpt>
      <trkpt lat="46.805719" lon="9.521598">
        <ele>1338.9</ele>
      </trkpt>
      <trkpt lat="46.805671" lon="9.52164">
        <ele>1336.4</ele>
      </trkpt>
      <trkpt lat="46.805589" lon="9.521669">
        <ele>1336.8</ele>
      </trkpt>
      <trkpt lat="46.80554" lon="9.52168">
        <ele>1337.7</ele>
      </trkpt>
      <trkpt lat="46.805475" lon="9.521659">
        <ele>1339.0</ele>
      </trkpt>
      <trkpt lat="46.805407" lon="9.521652">
        <ele>1338.3</ele>
      </trkpt>
      <trkpt lat="46.805356" lon="9.521644">
        <ele>1338.4</ele>
      </trkpt>
      <trkpt lat="46.805298" lon="9.521659">
        <ele>1337.5</ele>
      </trkpt>
      <trkpt lat="46.805241" lon="9.521696">
        <ele>1336.4</ele>
      </trkpt>
      <trkpt lat="46.805197" lon="9.521716">
        <ele>1336.0</ele>
      </trkpt>
      <trkpt lat="46.805133" lon="9.521746">
        <ele>1335.4</ele>
      </trkpt>
      <trkpt lat="46.805085" lon="9.521776">
        <ele>1335.6</ele>
      </trkpt>
      <trkpt lat="46.805039" lon="9.521796">
        <ele>1335.8</ele>
      </trkpt>
      <trkpt lat="46.804987" lon="9.52181">
        <ele>1336.1</ele>
      </trkpt>
      <trkpt lat="46.804936" lon="9.521821">
        <ele>1336.1</ele>
      </trkpt>
      <trkpt lat="46.80489" lon="9.521826">
        <ele>1336.4</ele>
      </trkpt>
      <trkpt lat="46.804844" lon="9.521806">
        <ele>1336.8</ele>
      </trkpt>
      <trkpt lat="46.804763" lon="9.521816">
        <ele>1334.1</ele>
      </trkpt>
      <trkpt lat="46.804713" lon="9.521824">
        <ele>1332.8</ele>
      </trkpt>
      <trkpt lat="46.804699" lon="9.521828">
        <ele>1331.8</ele>
      </trkpt>
      <trkpt lat="46.804677" lon="9.521806">
        <ele>1330.6</ele>
      </trkpt>
      <trkpt lat="46.804654" lon="9.52182">
        <ele>1329.0</ele>
      </trkpt>
      <trkpt lat="46.80465" lon="9.521887">
        <ele>1326.9</ele>
      </trkpt>
      <trkpt lat="46.804649" lon="9.521891">
        <ele>1326.7</ele>
      </trkpt>
      <trkpt lat="46.804618" lon="9.52194">
        <ele>1323.5</ele>
      </trkpt>
      <trkpt lat="46.804586" lon="9.521878">
        <ele>1321.6</ele>
      </trkpt>
      <trkpt lat="46.804577" lon="9.521863">
        <ele>1320.9</ele>
      </trkpt>
      <trkpt lat="46.804549" lon="9.52182">
        <ele>1320.1</ele>
      </trkpt>
      <trkpt lat="46.804538" lon="9.521838">
        <ele>1318.9</ele>
      </trkpt>
      <trkpt lat="46.804545" lon="9.521874">
        <ele>1318.0</ele>
      </trkpt>
      <trkpt lat="46.804551" lon="9.521906">
        <ele>1317.1</ele>
      </trkpt>
      <trkpt lat="46.804569" lon="9.522055">
        <ele>1312.9</ele>
      </trkpt>
      <trkpt lat="46.804607" lon="9.522398">
        <ele>1304.4</ele>
      </trkpt>
      <trkpt lat="46.804615" lon="9.522603">
        <ele>1298.9</ele>
      </trkpt>
      <trkpt lat="46.804646" lon="9.522825">
        <ele>1292.8</ele>
      </trkpt>
      <trkpt lat="46.804662" lon="9.52296">
        <ele>1289.6</ele>
      </trkpt>
      <trkpt lat="46.804794" lon="9.523298">
        <ele>1282.2</ele>
      </trkpt>
      <trkpt lat="46.804814" lon="9.523404">
        <ele>1280.4</ele>
      </trkpt>
      <trkpt lat="46.804818" lon="9.52353">
        <ele>1276.8</ele>
      </trkpt>
      <trkpt lat="46.804816" lon="9.523605">
        <ele>1274.6</ele>
      </trkpt>
      <trkpt lat="46.804819" lon="9.523674">
        <ele>1273.1</ele>
      </trkpt>
      <trkpt lat="46.804822" lon="9.523726">
        <ele>1272.2</ele>
      </trkpt>
      <trkpt lat="46.804823" lon="9.523782">
        <ele>1271.1</ele>
      </trkpt>
      <trkpt lat="46.804822" lon="9.523823">
        <ele>1270.1</ele>
      </trkpt>
      <trkpt lat="46.804819" lon="9.523851">
        <ele>1269.3</ele>
        <name>46.804807,9.523848</name>
        <extensions>
          <oa:locType>routingNode</oa:locType>
        </extensions>
      </trkpt>
      <trkpt lat="46.804817" lon="9.52387">
        <ele>1268.8</ele>
      </trkpt>
      <trkpt lat="46.804812" lon="9.523902">
        <ele>1268.2</ele>
      </trkpt>
      <trkpt lat="46.804812" lon="9.523921">
        <ele>1267.7</ele>
      </trkpt>
      <trkpt lat="46.804817" lon="9.52396">
        <ele>1266.6</ele>
      </trkpt>
      <trkpt lat="46.804825" lon="9.523996">
        <ele>1265.9</ele>
      </trkpt>
      <trkpt lat="46.804814" lon="9.524017">
        <ele>1265.7</ele>
      </trkpt>
      <trkpt lat="46.804779" lon="9.52399">
        <ele>1265.0</ele>
      </trkpt>
      <trkpt lat="46.804725" lon="9.523971">
        <ele>1265.0</ele>
      </trkpt>
      <trkpt lat="46.80469" lon="9.523978">
        <ele>1265.7</ele>
      </trkpt>
      <trkpt lat="46.804637" lon="9.524005">
        <ele>1265.4</ele>
      </trkpt>
      <trkpt lat="46.804589" lon="9.524053">
        <ele>1265.3</ele>
      </trkpt>
      <trkpt lat="46.804549" lon="9.524111">
        <ele>1265.0</ele>
      </trkpt>
      <trkpt lat="46.804431" lon="9.524282">
        <ele>1264.9</ele>
      </trkpt>
      <trkpt lat="46.804337" lon="9.5244">
        <ele>1264.9</ele>
      </trkpt>
      <trkpt lat="46.804236" lon="9.524543">
        <ele>1264.8</ele>
      </trkpt>
      <trkpt lat="46.804188" lon="9.524633">
        <ele>1264.9</ele>
      </trkpt>
      <trkpt lat="46.804119" lon="9.52479">
        <ele>1264.9</ele>
      </trkpt>
      <trkpt lat="46.804102" lon="9.524882">
        <ele>1264.8</ele>
      </trkpt>
      <trkpt lat="46.804094" lon="9.524997">
        <ele>1264.9</ele>
      </trkpt>
      <trkpt lat="46.804088" lon="9.525114">
        <ele>1264.7</ele>
      </trkpt>
      <trkpt lat="46.804077" lon="9.525184">
        <ele>1264.6</ele>
      </trkpt>
      <trkpt lat="46.804051" lon="9.525291">
        <ele>1264.6</ele>
      </trkpt>
      <trkpt lat="46.80402" lon="9.525371">
        <ele>1264.7</ele>
      </trkpt>
      <trkpt lat="46.803939" lon="9.525508">
        <ele>1263.6</ele>
      </trkpt>
      <trkpt lat="46.803844" lon="9.525691">
        <ele>1264.2</ele>
      </trkpt>
      <trkpt lat="46.803775" lon="9.525838">
        <ele>1264.0</ele>
      </trkpt>
      <trkpt lat="46.803716" lon="9.52598">
        <ele>1263.6</ele>
      </trkpt>
      <trkpt lat="46.803662" lon="9.526106">
        <ele>1263.4</ele>
      </trkpt>
      <trkpt lat="46.803641" lon="9.526145">
        <ele>1263.3</ele>
      </trkpt>
      <trkpt lat="46.803589" lon="9.526209">
        <ele>1263.1</ele>
      </trkpt>
      <trkpt lat="46.803542" lon="9.526227">
        <ele>1262.6</ele>
      </trkpt>
      <trkpt lat="46.803498" lon="9.526217">
        <ele>1262.1</ele>
      </trkpt>
      <trkpt lat="46.803419" lon="9.526173">
        <ele>1261.3</ele>
      </trkpt>
      <trkpt lat="46.803301" lon="9.526087">
        <ele>1260.1</ele>
      </trkpt>
      <trkpt lat="46.803253" lon="9.526053">
        <ele>1259.8</ele>
      </trkpt>
      <trkpt lat="46.803179" lon="9.526029">
        <ele>1259.3</ele>
      </trkpt>
      <trkpt lat="46.803129" lon="9.52604">
        <ele>1254.9</ele>
      </trkpt>
      <trkpt lat="46.803083" lon="9.526074">
        <ele>1255.5</ele>
      </trkpt>
      <trkpt lat="46.803017" lon="9.526146">
        <ele>1259.3</ele>
      </trkpt>
      <trkpt lat="46.802975" lon="9.526227">
        <ele>1259.4</ele>
      </trkpt>
      <trkpt lat="46.80294" lon="9.52633">
        <ele>1259.0</ele>
      </trkpt>
      <trkpt lat="46.80292" lon="9.526422">
        <ele>1258.7</ele>
      </trkpt>
      <trkpt lat="46.802922" lon="9.5265">
        <ele>1258.2</ele>
      </trkpt>
      <trkpt lat="46.802957" lon="9.526612">
        <ele>1257.3</ele>
      </trkpt>
      <trkpt lat="46.802975" lon="9.526676">
        <ele>1256.8</ele>
      </trkpt>
      <trkpt lat="46.80298" lon="9.526712">
        <ele>1256.6</ele>
      </trkpt>
      <trkpt lat="46.80298" lon="9.526749">
        <ele>1256.4</ele>
      </trkpt>
      <trkpt lat="46.802975" lon="9.52678">
        <ele>1256.2</ele>
      </trkpt>
      <trkpt lat="46.802964" lon="9.526807">
        <ele>1256.0</ele>
      </trkpt>
      <trkpt lat="46.802945" lon="9.526833">
        <ele>1255.8</ele>
      </trkpt>
      <trkpt lat="46.802918" lon="9.526849">
        <ele>1255.5</ele>
      </trkpt>
      <trkpt lat="46.802869" lon="9.526872">
        <ele>1255.0</ele>
      </trkpt>
      <trkpt lat="46.802801" lon="9.526873">
        <ele>1254.2</ele>
      </trkpt>
      <trkpt lat="46.802696" lon="9.52685">
        <ele>1252.5</ele>
      </trkpt>
      <trkpt lat="46.802629" lon="9.526836">
        <ele>1251.8</ele>
      </trkpt>
      <trkpt lat="46.802517" lon="9.52683">
        <ele>1250.8</ele>
      </trkpt>
      <trkpt lat="46.802368" lon="9.526824">
        <ele>1250.1</ele>
      </trkpt>
      <trkpt lat="46.80227" lon="9.526809">
        <ele>1250.4</ele>
      </trkpt>
      <trkpt lat="46.802129" lon="9.526805">
        <ele>1250.8</ele>
      </trkpt>
      <trkpt lat="46.80202" lon="9.5268">
        <ele>1250.4</ele>
      </trkpt>
      <trkpt lat="46.801961" lon="9.526782">
        <ele>1250.0</ele>
      </trkpt>
      <trkpt lat="46.801861" lon="9.526742">
        <ele>1249.1</ele>
      </trkpt>
      <trkpt lat="46.801765" lon="9.526699">
        <ele>1249.2</ele>
      </trkpt>
      <trkpt lat="46.801721" lon="9.526688">
        <ele>1249.3</ele>
      </trkpt>
      <trkpt lat="46.801667" lon="9.526676">
        <ele>1249.3</ele>
      </trkpt>
      <trkpt lat="46.801647" lon="9.526646">
        <ele>1249.7</ele>
      </trkpt>
      <trkpt lat="46.801602" lon="9.526615">
        <ele>1250.7</ele>
      </trkpt>
      <trkpt lat="46.801576" lon="9.526602">
        <ele>1251.0</ele>
      </trkpt>
      <trkpt lat="46.801514" lon="9.526572">
        <ele>1251.5</ele>
      </trkpt>
      <trkpt lat="46.801476" lon="9.526518">
        <ele>1252.2</ele>
      </trkpt>
      <trkpt lat="46.801446" lon="9.526474">
        <ele>1252.7</ele>
      </trkpt>
      <trkpt lat="46.801405" lon="9.526445">
        <ele>1253.3</ele>
      </trkpt>
      <trkpt lat="46.801342" lon="9.526423">
        <ele>1254.2</ele>
      </trkpt>
      <trkpt lat="46.801255" lon="9.526413">
        <ele>1254.9</ele>
      </trkpt>
      <trkpt lat="46.800896" lon="9.526437">
        <ele>1261.2</ele>
      </trkpt>
      <trkpt lat="46.800563" lon="9.526457">
        <ele>1267.0</ele>
      </trkpt>
      <trkpt lat="46.800488" lon="9.526456">
        <ele>1268.5</ele>
      </trkpt>
      <trkpt lat="46.800402" lon="9.526451">
        <ele>1270.7</ele>
      </trkpt>
      <trkpt lat="46.800347" lon="9.526444">
        <ele>1272.4</ele>
      </trkpt>
      <trkpt lat="46.8003" lon="9.526409">
        <ele>1273.4</ele>
      </trkpt>
      <trkpt lat="46.800264" lon="9.526364">
        <ele>1274.6</ele>
      </trkpt>
      <trkpt lat="46.80024" lon="9.526329">
        <ele>1275.2</ele>
      </trkpt>
      <trkpt lat="46.800217" lon="9.526284">
        <ele>1275.8</ele>
      </trkpt>
      <trkpt lat="46.800139" lon="9.52612">
        <ele>1276.5</ele>
      </trkpt>
      <trkpt lat="46.800095" lon="9.525999">
        <ele>1276.3</ele>
      </trkpt>
      <trkpt lat="46.800034" lon="9.525866">
        <ele>1276.7</ele>
      </trkpt>
      <trkpt lat="46.79999" lon="9.525792">
        <ele>1277.4</ele>
      </trkpt>
      <trkpt lat="46.799914" lon="9.525737">
        <ele>1277.7</ele>
      </trkpt>
      <trkpt lat="46.79988" lon="9.525724">
        <ele>1277.5</ele>
      </trkpt>
      <trkpt lat="46.799851" lon="9.525723">
        <ele>1277.3</ele>
      </trkpt>
      <trkpt lat="46.799822" lon="9.525735">
        <ele>1277.2</ele>
      </trkpt>
      <trkpt lat="46.799799" lon="9.525752">
        <ele>1277.3</ele>
      </trkpt>
      <trkpt lat="46.799779" lon="9.525777">
        <ele>1277.5</ele>
      </trkpt>
      <trkpt lat="46.799765" lon="9.525826">
        <ele>1277.5</ele>
      </trkpt>
      <trkpt lat="46.799757" lon="9.525877">
        <ele>1277.9</ele>
      </trkpt>
      <trkpt lat="46.799755" lon="9.525935">
        <ele>1278.4</ele>
      </trkpt>
      <trkpt lat="46.799752" lon="9.525979">
        <ele>1278.8</ele>
      </trkpt>
      <trkpt lat="46.799733" lon="9.526082">
        <ele>1279.4</ele>
      </trkpt>
      <trkpt lat="46.799693" lon="9.526245">
        <ele>1280.7</ele>
      </trkpt>
      <trkpt lat="46.799668" lon="9.526388">
        <ele>1282.3</ele>
      </trkpt>
      <trkpt lat="46.799647" lon="9.526484">
        <ele>1283.9</ele>
      </trkpt>
      <trkpt lat="46.799624" lon="9.526547">
        <ele>1285.0</ele>
      </trkpt>
      <trkpt lat="46.799582" lon="9.526592">
        <ele>1285.9</ele>
      </trkpt>
      <trkpt lat="46.799521" lon="9.526626">
        <ele>1287.2</ele>
      </trkpt>
      <trkpt lat="46.799391" lon="9.526686">
        <ele>1290.5</ele>
      </trkpt>
      <trkpt lat="46.799286" lon="9.526699">
        <ele>1292.8</ele>
      </trkpt>
      <trkpt lat="46.799202" lon="9.526709">
        <ele>1294.5</ele>
      </trkpt>
      <trkpt lat="46.799126" lon="9.526746">
        <ele>1295.5</ele>
      </trkpt>
      <trkpt lat="46.799049" lon="9.526808">
        <ele>1297.4</ele>
      </trkpt>
      <trkpt lat="46.798894" lon="9.526918">
        <ele>1301.1</ele>
      </trkpt>
      <trkpt lat="46.79883" lon="9.526948">
        <ele>1302.5</ele>
      </trkpt>
      <trkpt lat="46.798732" lon="9.526984">
        <ele>1304.5</ele>
      </trkpt>
      <trkpt lat="46.798525" lon="9.527092">
        <ele>1308.6</ele>
      </trkpt>
      <trkpt lat="46.798361" lon="9.527192">
        <ele>1312.6</ele>
      </trkpt>
      <trkpt lat="46.798136" lon="9.527355">
        <ele>1318.0</ele>
      </trkpt>
      <trkpt lat="46.79791" lon="9.527517">
        <ele>1322.1</ele>
      </trkpt>
      <trkpt lat="46.797758" lon="9.527624">
        <ele>1326.0</ele>
      </trkpt>
      <trkpt lat="46.797645" lon="9.527667">
        <ele>1328.5</ele>
      </trkpt>
      <trkpt lat="46.797572" lon="9.527711">
        <ele>1330.1</ele>
      </trkpt>
      <trkpt lat="46.797518" lon="9.527737">
        <ele>1331.1</ele>
        <name>46.797521,9.527753</name>
        <extensions>
          <oa:Extension>
            <oa:mapZoom>12</oa:mapZoom>
          </oa:Extension>
        </extensions>
      </trkpt>
      <trkpt lat="46.797515" lon="9.527738">
        <ele>1331.1</ele>
      </trkpt>
      <trkpt lat="46.797498" lon="9.527738">
        <ele>1331.3</ele>
      </trkpt>
      <trkpt lat="46.797475" lon="9.527717">
        <ele>1331.3</ele>
      </trkpt>
      <trkpt lat="46.797292" lon="9.527944">
        <ele>1328.2</ele>
      </trkpt>
      <trkpt lat="46.797132" lon="9.528076">
        <ele>1326.2</ele>
      </trkpt>
      <trkpt lat="46.797017" lon="9.528183">
        <ele>1324.5</ele>
      </trkpt>
      <trkpt lat="46.796917" lon="9.528273">
        <ele>1323.2</ele>
      </trkpt>
      <trkpt lat="46.796837" lon="9.528335">
        <ele>1322.2</ele>
      </trkpt>
      <trkpt lat="46.796819" lon="9.528347">
        <ele>1322.0</ele>
      </trkpt>
      <trkpt lat="46.796752" lon="9.528391">
        <ele>1320.9</ele>
      </trkpt>
      <trkpt lat="46.796687" lon="9.528431">
        <ele>1320.3</ele>
      </trkpt>
      <trkpt lat="46.796651" lon="9.528454">
        <ele>1319.6</ele>
      </trkpt>
      <trkpt lat="46.796534" lon="9.528516">
        <ele>1319.1</ele>
      </trkpt>
      <trkpt lat="46.796414" lon="9.528594">
        <ele>1317.1</ele>
      </trkpt>
      <trkpt lat="46.796272" lon="9.528695">
        <ele>1315.4</ele>
      </trkpt>
      <trkpt lat="46.796116" lon="9.528818">
        <ele>1313.2</ele>
      </trkpt>
      <trkpt lat="46.795967" lon="9.528936">
        <ele>1310.9</ele>
      </trkpt>
      <trkpt lat="46.795852" lon="9.529019">
        <ele>1309.6</ele>
      </trkpt>
      <trkpt lat="46.795711" lon="9.529095">
        <ele>1307.4</ele>
      </trkpt>
      <trkpt lat="46.795509" lon="9.529205">
        <ele>1305.2</ele>
      </trkpt>
      <trkpt lat="46.795395" lon="9.529264">
        <ele>1303.9</ele>
      </trkpt>
      <trkpt lat="46.795306" lon="9.529302">
        <ele>1302.5</ele>
      </trkpt>
      <trkpt lat="46.795184" lon="9.529334">
        <ele>1301.1</ele>
      </trkpt>
      <trkpt lat="46.795053" lon="9.529359">
        <ele>1299.5</ele>
      </trkpt>
      <trkpt lat="46.794939" lon="9.52938">
        <ele>1298.1</ele>
      </trkpt>
      <trkpt lat="46.794813" lon="9.529407">
        <ele>1296.8</ele>
      </trkpt>
      <trkpt lat="46.794736" lon="9.529433">
        <ele>1295.8</ele>
      </trkpt>
      <trkpt lat="46.794669" lon="9.529474">
        <ele>1295.0</ele>
      </trkpt>
      <trkpt lat="46.794561" lon="9.529556">
        <ele>1293.8</ele>
      </trkpt>
      <trkpt lat="46.79446" lon="9.529629">
        <ele>1292.3</ele>
      </trkpt>
      <trkpt lat="46.794337" lon="9.529707">
        <ele>1290.7</ele>
      </trkpt>
      <trkpt lat="46.794198" lon="9.529797">
        <ele>1288.7</ele>
      </trkpt>
      <trkpt lat="46.794112" lon="9.529838">
        <ele>1287.7</ele>
      </trkpt>
      <trkpt lat="46.794048" lon="9.529854">
        <ele>1287.0</ele>
      </trkpt>
      <trkpt lat="46.793949" lon="9.529868">
        <ele>1285.5</ele>
      </trkpt>
      <trkpt lat="46.793861" lon="9.529897">
        <ele>1284.4</ele>
      </trkpt>
      <trkpt lat="46.793813" lon="9.52992">
        <ele>1284.0</ele>
      </trkpt>
      <trkpt lat="46.793782" lon="9.529935">
        <ele>1283.5</ele>
      </trkpt>
      <trkpt lat="46.793722" lon="9.529983">
        <ele>1282.9</ele>
      </trkpt>
      <trkpt lat="46.793625" lon="9.530072">
        <ele>1281.3</ele>
      </trkpt>
      <trkpt lat="46.793554" lon="9.530153">
        <ele>1280.3</ele>
      </trkpt>
      <trkpt lat="46.793486" lon="9.530265">
        <ele>1279.4</ele>
      </trkpt>
      <trkpt lat="46.793444" lon="9.530343">
        <ele>1278.1</ele>
      </trkpt>
      <trkpt lat="46.793389" lon="9.530433">
        <ele>1277.3</ele>
      </trkpt>
      <trkpt lat="46.793381" lon="9.530444">
        <ele>1277.2</ele>
      </trkpt>
      <trkpt lat="46.793328" lon="9.530514">
        <ele>1276.3</ele>
      </trkpt>
      <trkpt lat="46.793205" lon="9.530652">
        <ele>1274.6</ele>
      </trkpt>
      <trkpt lat="46.793116" lon="9.530757">
        <ele>1273.1</ele>
      </trkpt>
      <trkpt lat="46.792969" lon="9.530901">
        <ele>1271.6</ele>
      </trkpt>
      <trkpt lat="46.792834" lon="9.531051">
        <ele>1269.2</ele>
      </trkpt>
      <trkpt lat="46.792675" lon="9.531228">
        <ele>1266.7</ele>
      </trkpt>
      <trkpt lat="46.792605" lon="9.5313">
        <ele>1265.7</ele>
      </trkpt>
      <trkpt lat="46.792509" lon="9.531373">
        <ele>1264.4</ele>
      </trkpt>
      <trkpt lat="46.792443" lon="9.531414">
        <ele>1263.8</ele>
      </trkpt>
      <trkpt lat="46.79242" lon="9.531428">
        <ele>1263.4</ele>
      </trkpt>
      <trkpt lat="46.79239" lon="9.531441">
        <ele>1263.0</ele>
      </trkpt>
      <trkpt lat="46.792358" lon="9.531456">
        <ele>1262.9</ele>
      </trkpt>
      <trkpt lat="46.7923" lon="9.531468">
        <ele>1261.8</ele>
      </trkpt>
      <trkpt lat="46.792235" lon="9.531472">
        <ele>1261.1</ele>
      </trkpt>
      <trkpt lat="46.792162" lon="9.531469">
        <ele>1260.2</ele>
      </trkpt>
      <trkpt lat="46.792098" lon="9.531468">
        <ele>1259.4</ele>
      </trkpt>
      <trkpt lat="46.792065" lon="9.531476">
        <ele>1259.0</ele>
      </trkpt>
      <trkpt lat="46.792033" lon="9.531485">
        <ele>1258.6</ele>
      </trkpt>
      <trkpt lat="46.792025" lon="9.53149">
        <ele>1258.6</ele>
      </trkpt>
      <trkpt lat="46.791989" lon="9.531515">
        <ele>1258.4</ele>
      </trkpt>
      <trkpt lat="46.791909" lon="9.531586">
        <ele>1256.8</ele>
      </trkpt>
      <trkpt lat="46.791793" lon="9.531719">
        <ele>1255.2</ele>
      </trkpt>
      <trkpt lat="46.791664" lon="9.531849">
        <ele>1253.3</ele>
      </trkpt>
      <trkpt lat="46.791589" lon="9.531924">
        <ele>1252.2</ele>
      </trkpt>
      <trkpt lat="46.791512" lon="9.531993">
        <ele>1251.2</ele>
      </trkpt>
      <trkpt lat="46.79143" lon="9.532058">
        <ele>1250.0</ele>
      </trkpt>
      <trkpt lat="46.791335" lon="9.532126">
        <ele>1248.6</ele>
      </trkpt>
      <trkpt lat="46.791253" lon="9.532207">
        <ele>1247.3</ele>
      </trkpt>
      <trkpt lat="46.791153" lon="9.532322">
        <ele>1246.0</ele>
      </trkpt>
      <trkpt lat="46.791065" lon="9.532475">
        <ele>1244.4</ele>
      </trkpt>
      <trkpt lat="46.790976" lon="9.53261">
        <ele>1242.9</ele>
      </trkpt>
      <trkpt lat="46.790852" lon="9.532778">
        <ele>1240.8</ele>
      </trkpt>
      <trkpt lat="46.790799" lon="9.532851">
        <ele>1240.0</ele>
      </trkpt>
      <trkpt lat="46.790731" lon="9.532925">
        <ele>1239.2</ele>
      </trkpt>
      <trkpt lat="46.790647" lon="9.532991">
        <ele>1238.1</ele>
      </trkpt>
      <trkpt lat="46.790512" lon="9.533094">
        <ele>1236.4</ele>
      </trkpt>
      <trkpt lat="46.790454" lon="9.533136">
        <ele>1235.5</ele>
      </trkpt>
      <trkpt lat="46.790434" lon="9.53315">
        <ele>1235.3</ele>
      </trkpt>
      <trkpt lat="46.790349" lon="9.533234">
        <ele>1233.8</ele>
      </trkpt>
      <trkpt lat="46.790287" lon="9.5333">
        <ele>1233.2</ele>
      </trkpt>
      <trkpt lat="46.790283" lon="9.533307">
        <ele>1233.0</ele>
      </trkpt>
      <trkpt lat="46.790194" lon="9.533434">
        <ele>1231.6</ele>
      </trkpt>
      <trkpt lat="46.790138" lon="9.533505">
        <ele>1230.7</ele>
      </trkpt>
      <trkpt lat="46.790056" lon="9.533582">
        <ele>1229.3</ele>
      </trkpt>
      <trkpt lat="46.789969" lon="9.533636">
        <ele>1228.3</ele>
      </trkpt>
      <trkpt lat="46.789881" lon="9.533682">
        <ele>1227.3</ele>
      </trkpt>
      <trkpt lat="46.789801" lon="9.53373">
        <ele>1226.0</ele>
      </trkpt>
      <trkpt lat="46.789744" lon="9.53378">
        <ele>1225.2</ele>
      </trkpt>
      <trkpt lat="46.789586" lon="9.533944">
        <ele>1223.7</ele>
      </trkpt>
      <trkpt lat="46.789547" lon="9.533995">
        <ele>1223.2</ele>
      </trkpt>
      <trkpt lat="46.789509" lon="9.534041">
        <ele>1222.8</ele>
      </trkpt>
      <trkpt lat="46.78946" lon="9.534102">
        <ele>1222.3</ele>
      </trkpt>
      <trkpt lat="46.789384" lon="9.534194">
        <ele>1221.9</ele>
      </trkpt>
      <trkpt lat="46.789369" lon="9.534213">
        <ele>1221.8</ele>
      </trkpt>
      <trkpt lat="46.789363" lon="9.534219">
        <ele>1221.8</ele>
      </trkpt>
      <trkpt lat="46.789282" lon="9.534306">
        <ele>1221.1</ele>
      </trkpt>
      <trkpt lat="46.789245" lon="9.534345">
        <ele>1221.0</ele>
      </trkpt>
      <trkpt lat="46.789184" lon="9.534407">
        <ele>1220.5</ele>
      </trkpt>
      <trkpt lat="46.789144" lon="9.534452">
        <ele>1220.3</ele>
      </trkpt>
      <trkpt lat="46.789046" lon="9.534562">
        <ele>1219.8</ele>
      </trkpt>
      <trkpt lat="46.788973" lon="9.534659">
        <ele>1218.9</ele>
      </trkpt>
      <trkpt lat="46.788937" lon="9.534721">
        <ele>1218.5</ele>
      </trkpt>
      <trkpt lat="46.788919" lon="9.534801">
        <ele>1217.8</ele>
      </trkpt>
      <trkpt lat="46.78891" lon="9.534825">
        <ele>1217.7</ele>
      </trkpt>
      <trkpt lat="46.788894" lon="9.534865">
        <ele>1217.3</ele>
      </trkpt>
      <trkpt lat="46.788888" lon="9.534878">
        <ele>1217.2</ele>
      </trkpt>
      <trkpt lat="46.788862" lon="9.534929">
        <ele>1216.6</ele>
      </trkpt>
      <trkpt lat="46.788822" lon="9.534987">
        <ele>1216.1</ele>
      </trkpt>
      <trkpt lat="46.788772" lon="9.535048">
        <ele>1215.2</ele>
      </trkpt>
      <trkpt lat="46.788721" lon="9.535106">
        <ele>1214.6</ele>
      </trkpt>
      <trkpt lat="46.788686" lon="9.535159">
        <ele>1214.0</ele>
      </trkpt>
      <trkpt lat="46.78868" lon="9.535172">
        <ele>1213.8</ele>
      </trkpt>
      <trkpt lat="46.788673" lon="9.535188">
        <ele>1213.5</ele>
      </trkpt>
      <trkpt lat="46.788664" lon="9.535213">
        <ele>1213.3</ele>
      </trkpt>
      <trkpt lat="46.788613" lon="9.535325">
        <ele>1212.6</ele>
      </trkpt>
      <trkpt lat="46.788739" lon="9.535358">
        <ele>1211.4</ele>
      </trkpt>
      <trkpt lat="46.788815" lon="9.535401">
        <ele>1210.7</ele>
      </trkpt>
      <trkpt lat="46.788855" lon="9.53544">
        <ele>1210.6</ele>
      </trkpt>
      <trkpt lat="46.788887" lon="9.535492">
        <ele>1210.1</ele>
      </trkpt>
      <trkpt lat="46.788906" lon="9.535542">
        <ele>1209.9</ele>
      </trkpt>
      <trkpt lat="46.788933" lon="9.535599">
        <ele>1209.8</ele>
        <name>46.788942,9.535607</name>
        <extensions>
          <oa:Extension>
            <oa:mapZoom>12</oa:mapZoom>
          </oa:Extension>
        </extensions>
      </trkpt>
      <trkpt lat="46.788853" lon="9.535675">
        <ele>1209.6</ele>
      </trkpt>
      <trkpt lat="46.788693" lon="9.535863">
        <ele>1209.4</ele>
      </trkpt>
      <trkpt lat="46.788579" lon="9.53601">
        <ele>1209.3</ele>
      </trkpt>
      <trkpt lat="46.78829" lon="9.536376">
        <ele>1209.7</ele>
      </trkpt>
      <trkpt lat="46.788144" lon="9.536553">
        <ele>1210.0</ele>
      </trkpt>
      <trkpt lat="46.787998" lon="9.536698">
        <ele>1210.2</ele>
      </trkpt>
      <trkpt lat="46.787817" lon="9.53684">
        <ele>1210.3</ele>
      </trkpt>
      <trkpt lat="46.787547" lon="9.536998">
        <ele>1210.1</ele>
      </trkpt>
      <trkpt lat="46.787426" lon="9.537068">
        <ele>1210.1</ele>
      </trkpt>
      <trkpt lat="46.787323" lon="9.537133">
        <ele>1210.0</ele>
      </trkpt>
      <trkpt lat="46.7872" lon="9.537201">
        <ele>1209.8</ele>
      </trkpt>
      <trkpt lat="46.787097" lon="9.537251">
        <ele>1209.7</ele>
      </trkpt>
      <trkpt lat="46.786962" lon="9.537285">
        <ele>1209.4</ele>
      </trkpt>
      <trkpt lat="46.786646" lon="9.53735">
        <ele>1209.0</ele>
      </trkpt>
      <trkpt lat="46.786398" lon="9.537384">
        <ele>1208.8</ele>
      </trkpt>
      <trkpt lat="46.786132" lon="9.53744">
        <ele>1208.3</ele>
      </trkpt>
      <trkpt lat="46.786027" lon="9.537484">
        <ele>1208.2</ele>
      </trkpt>
      <trkpt lat="46.785927" lon="9.537551">
        <ele>1208.4</ele>
      </trkpt>
      <trkpt lat="46.785826" lon="9.537645">
        <ele>1208.8</ele>
      </trkpt>
      <trkpt lat="46.785752" lon="9.537735">
        <ele>1209.0</ele>
      </trkpt>
      <trkpt lat="46.785692" lon="9.537833">
        <ele>1209.2</ele>
      </trkpt>
      <trkpt lat="46.785617" lon="9.537982">
        <ele>1209.6</ele>
      </trkpt>
      <trkpt lat="46.785572" lon="9.538111">
        <ele>1209.9</ele>
      </trkpt>
      <trkpt lat="46.785522" lon="9.538263">
        <ele>1210.2</ele>
      </trkpt>
      <trkpt lat="46.785394" lon="9.538642">
        <ele>1211.2</ele>
      </trkpt>
      <trkpt lat="46.785358" lon="9.538762">
        <ele>1211.4</ele>
      </trkpt>
      <trkpt lat="46.785308" lon="9.538924">
        <ele>1211.5</ele>
      </trkpt>
      <trkpt lat="46.78518" lon="9.539325">
        <ele>1211.9</ele>
      </trkpt>
      <trkpt lat="46.785164" lon="9.539375">
        <ele>1212.7</ele>
      </trkpt>
      <trkpt lat="46.785099" lon="9.539567">
        <ele>1212.9</ele>
      </trkpt>
      <trkpt lat="46.784998" lon="9.539851">
        <ele>1212.7</ele>
      </trkpt>
      <trkpt lat="46.784832" lon="9.540194">
        <ele>1212.9</ele>
      </trkpt>
      <trkpt lat="46.784763" lon="9.540337">
        <ele>1212.6</ele>
      </trkpt>
      <trkpt lat="46.784729" lon="9.540409">
        <ele>1213.0</ele>
      </trkpt>
      <trkpt lat="46.784622" lon="9.540619">
        <ele>1213.1</ele>
      </trkpt>
      <trkpt lat="46.784586" lon="9.540689">
        <ele>1213.1</ele>
      </trkpt>
      <trkpt lat="46.784434" lon="9.540994">
        <ele>1213.5</ele>
      </trkpt>
      <trkpt lat="46.784315" lon="9.541175">
        <ele>1213.9</ele>
      </trkpt>
      <trkpt lat="46.784184" lon="9.541322">
        <ele>1213.9</ele>
      </trkpt>
      <trkpt lat="46.78417" lon="9.541337">
        <ele>1213.9</ele>
      </trkpt>
      <trkpt lat="46.783979" lon="9.541533">
        <ele>1214.3</ele>
      </trkpt>
      <trkpt lat="46.783787" lon="9.541711">
        <ele>1214.7</ele>
      </trkpt>
      <trkpt lat="46.783626" lon="9.541827">
        <ele>1215.4</ele>
      </trkpt>
      <trkpt lat="46.783486" lon="9.54188">
        <ele>1216.3</ele>
      </trkpt>
      <trkpt lat="46.783385" lon="9.541909">
        <ele>1216.9</ele>
      </trkpt>
      <trkpt lat="46.783322" lon="9.541926">
        <ele>1217.4</ele>
      </trkpt>
      <trkpt lat="46.7831" lon="9.541995">
        <ele>1219.0</ele>
      </trkpt>
      <trkpt lat="46.783027" lon="9.542037">
        <ele>1219.5</ele>
      </trkpt>
      <trkpt lat="46.782967" lon="9.54207">
        <ele>1219.7</ele>
      </trkpt>
      <trkpt lat="46.782803" lon="9.542183">
        <ele>1220.5</ele>
      </trkpt>
      <trkpt lat="46.782693" lon="9.542261">
        <ele>1221.0</ele>
      </trkpt>
      <trkpt lat="46.782666" lon="9.54228">
        <ele>1221.1</ele>
      </trkpt>
      <trkpt lat="46.782558" lon="9.542358">
        <ele>1221.6</ele>
      </trkpt>
      <trkpt lat="46.782534" lon="9.542375">
        <ele>1221.6</ele>
      </trkpt>
      <trkpt lat="46.782379" lon="9.542486">
        <ele>1222.4</ele>
      </trkpt>
      <trkpt lat="46.782261" lon="9.542564">
        <ele>1223.1</ele>
      </trkpt>
      <trkpt lat="46.781996" lon="9.542753">
        <ele>1224.4</ele>
      </trkpt>
      <trkpt lat="46.781737" lon="9.54294">
        <ele>1225.7</ele>
      </trkpt>
      <trkpt lat="46.781525" lon="9.543082">
        <ele>1226.8</ele>
      </trkpt>
      <trkpt lat="46.7814" lon="9.543179">
        <ele>1227.5</ele>
      </trkpt>
      <trkpt lat="46.781232" lon="9.543298">
        <ele>1228.3</ele>
      </trkpt>
      <trkpt lat="46.781137" lon="9.54336">
        <ele>1228.8</ele>
      </trkpt>
      <trkpt lat="46.781033" lon="9.543412">
        <ele>1229.1</ele>
      </trkpt>
      <trkpt lat="46.780943" lon="9.543447">
        <ele>1229.4</ele>
      </trkpt>
      <trkpt lat="46.780785" lon="9.543478">
        <ele>1229.9</ele>
      </trkpt>
      <trkpt lat="46.780762" lon="9.543482">
        <ele>1230.0</ele>
      </trkpt>
      <trkpt lat="46.780498" lon="9.543524">
        <ele>1230.8</ele>
      </trkpt>
      <trkpt lat="46.780421" lon="9.543536">
        <ele>1230.9</ele>
      </trkpt>
      <trkpt lat="46.780393" lon="9.543541">
        <ele>1231.0</ele>
      </trkpt>
      <trkpt lat="46.780053" lon="9.543595">
        <ele>1231.8</ele>
      </trkpt>
      <trkpt lat="46.779903" lon="9.54362">
        <ele>1232.2</ele>
      </trkpt>
      <trkpt lat="46.779615" lon="9.543667">
        <ele>1233.1</ele>
      </trkpt>
      <trkpt lat="46.779377" lon="9.543706">
        <ele>1233.6</ele>
      </trkpt>
      <trkpt lat="46.779208" lon="9.543734">
        <ele>1234.2</ele>
      </trkpt>
      <trkpt lat="46.778878" lon="9.543782">
        <ele>1235.1</ele>
      </trkpt>
      <trkpt lat="46.778846" lon="9.543787">
        <ele>1235.1</ele>
      </trkpt>
      <trkpt lat="46.778553" lon="9.543838">
        <ele>1236.1</ele>
      </trkpt>
      <trkpt lat="46.778261" lon="9.543889">
        <ele>1236.9</ele>
      </trkpt>
      <trkpt lat="46.77799" lon="9.543936">
        <ele>1237.8</ele>
      </trkpt>
      <trkpt lat="46.777867" lon="9.543951">
        <ele>1238.2</ele>
      </trkpt>
      <trkpt lat="46.777785" lon="9.543967">
        <ele>1238.4</ele>
      </trkpt>
      <trkpt lat="46.77772" lon="9.543978">
        <ele>1238.6</ele>
      </trkpt>
      <trkpt lat="46.777708" lon="9.543901">
        <ele>1238.5</ele>
        <name>46.777746,9.543889</name>
        <extensions>
          <oa:Extension>
            <oa:mapZoom>12</oa:mapZoom>
          </oa:Extension>
        </extensions>
      </trkpt>
      <trkpt lat="46.777691" lon="9.543787">
        <ele>1238.5</ele>
      </trkpt>
      <trkpt lat="46.777666" lon="9.543654">
        <ele>1238.2</ele>
      </trkpt>
      <trkpt lat="46.777639" lon="9.543547">
        <ele>1238.0</ele>
      </trkpt>
      <trkpt lat="46.777627" lon="9.543478">
        <ele>1237.9</ele>
      </trkpt>
      <trkpt lat="46.777593" lon="9.543303">
        <ele>1237.8</ele>
      </trkpt>
      <trkpt lat="46.777573" lon="9.543168">
        <ele>1237.7</ele>
      </trkpt>
      <trkpt lat="46.777561" lon="9.543143">
        <ele>1237.8</ele>
      </trkpt>
      <trkpt lat="46.777546" lon="9.543132">
        <ele>1237.8</ele>
      </trkpt>
      <trkpt lat="46.777521" lon="9.543125">
        <ele>1237.9</ele>
      </trkpt>
      <trkpt lat="46.777491" lon="9.543126">
        <ele>1237.9</ele>
      </trkpt>
      <trkpt lat="46.777413" lon="9.543135">
        <ele>1237.9</ele>
      </trkpt>
      <trkpt lat="46.777354" lon="9.543141">
        <ele>1237.9</ele>
      </trkpt>
      <trkpt lat="46.777311" lon="9.543137">
        <ele>1237.9</ele>
      </trkpt>
      <trkpt lat="46.777274" lon="9.543113">
        <ele>1238.0</ele>
      </trkpt>
      <trkpt lat="46.777235" lon="9.54307">
        <ele>1238.0</ele>
      </trkpt>
      <trkpt lat="46.777209" lon="9.543021">
        <ele>1238.0</ele>
      </trkpt>
      <trkpt lat="46.777099" lon="9.54279">
        <ele>1238.3</ele>
      </trkpt>
      <trkpt lat="46.776965" lon="9.542442">
        <ele>1239.7</ele>
      </trkpt>
      <trkpt lat="46.776931" lon="9.54233">
        <ele>1240.3</ele>
      </trkpt>
      <trkpt lat="46.776911" lon="9.542249">
        <ele>1240.7</ele>
      </trkpt>
      <trkpt lat="46.776906" lon="9.542189">
        <ele>1240.9</ele>
      </trkpt>
      <trkpt lat="46.776906" lon="9.542142">
        <ele>1241.1</ele>
      </trkpt>
      <trkpt lat="46.776912" lon="9.542066">
        <ele>1241.5</ele>
      </trkpt>
      <trkpt lat="46.776929" lon="9.541937">
        <ele>1242.0</ele>
      </trkpt>
      <trkpt lat="46.776949" lon="9.54178">
        <ele>1243.0</ele>
      </trkpt>
      <trkpt lat="46.776957" lon="9.541694">
        <ele>1243.2</ele>
      </trkpt>
      <trkpt lat="46.776954" lon="9.541657">
        <ele>1243.5</ele>
      </trkpt>
      <trkpt lat="46.776947" lon="9.541632">
        <ele>1243.7</ele>
      </trkpt>
      <trkpt lat="46.776929" lon="9.541605">
        <ele>1244.0</ele>
      </trkpt>
      <trkpt lat="46.7769" lon="9.541578">
        <ele>1244.4</ele>
      </trkpt>
      <trkpt lat="46.776869" lon="9.541551">
        <ele>1244.8</ele>
      </trkpt>
      <trkpt lat="46.776842" lon="9.541516">
        <ele>1245.5</ele>
      </trkpt>
      <trkpt lat="46.776856" lon="9.541324">
        <ele>1246.5</ele>
      </trkpt>
      <trkpt lat="46.77689" lon="9.541242">
        <ele>1246.6</ele>
      </trkpt>
      <trkpt lat="46.776941" lon="9.541217">
        <ele>1246.7</ele>
      </trkpt>
      <trkpt lat="46.777029" lon="9.541225">
        <ele>1246.7</ele>
      </trkpt>
      <trkpt lat="46.777133" lon="9.541277">
        <ele>1246.4</ele>
        <name>46.777081,9.541497</name>
        <extensions>
          <oa:Extension>
            <oa:mapZoom>12</oa:mapZoom>
          </oa:Extension>
        </extensions>
      </trkpt>
      <trkpt lat="46.770874" lon="9.536352">
        <ele>1701.6</ele>
        <name>46.770497,9.536219</name>
        <extensions>
          <oa:Extension>
            <oa:mapZoom>12</oa:mapZoom>
          </oa:Extension>
        </extensions>
      </trkpt>
      <trkpt lat="46.764524" lon="9.531428">
        <ele>1927.2</ele>
      </trkpt>
      <trkpt lat="46.76446" lon="9.531254">
        <ele>1926.7</ele>
        <name>46.764548,9.531358</name>
        <extensions>
          <oa:Extension>
            <oa:mapZoom>14</oa:mapZoom>
          </oa:Extension>
        </extensions>
      </trkpt>
      <trkpt lat="46.764442" lon="9.531268">
        <ele>1926.5</ele>
      </trkpt>
      <trkpt lat="46.764379" lon="9.531298">
        <ele>1926.2</ele>
      </trkpt>
      <trkpt lat="46.764325" lon="9.531313">
        <ele>1926.0</ele>
      </trkpt>
      <trkpt lat="46.764286" lon="9.531322">
        <ele>1925.9</ele>
      </trkpt>
      <trkpt lat="46.764213" lon="9.531339">
        <ele>1925.5</ele>
      </trkpt>
      <trkpt lat="46.764161" lon="9.531353">
        <ele>1925.4</ele>
      </trkpt>
      <trkpt lat="46.764117" lon="9.531377">
        <ele>1925.2</ele>
      </trkpt>
      <trkpt lat="46.764077" lon="9.531411">
        <ele>1925.0</ele>
      </trkpt>
      <trkpt lat="46.764068" lon="9.531475">
        <ele>1924.9</ele>
      </trkpt>
      <trkpt lat="46.764046" lon="9.531518">
        <ele>1924.8</ele>
      </trkpt>
      <trkpt lat="46.764015" lon="9.531556">
        <ele>1924.6</ele>
      </trkpt>
      <trkpt lat="46.763976" lon="9.531599">
        <ele>1924.6</ele>
      </trkpt>
      <trkpt lat="46.763925" lon="9.531652">
        <ele>1924.6</ele>
      </trkpt>
      <trkpt lat="46.763861" lon="9.531709">
        <ele>1924.9</ele>
      </trkpt>
      <trkpt lat="46.763703" lon="9.531831">
        <ele>1925.9</ele>
      </trkpt>
      <trkpt lat="46.763602" lon="9.531924">
        <ele>1925.6</ele>
      </trkpt>
      <trkpt lat="46.763474" lon="9.53205">
        <ele>1924.5</ele>
      </trkpt>
      <trkpt lat="46.763372" lon="9.532167">
        <ele>1922.3</ele>
      </trkpt>
      <trkpt lat="46.7632" lon="9.532347">
        <ele>1919.1</ele>
      </trkpt>
      <trkpt lat="46.763114" lon="9.53243">
        <ele>1917.9</ele>
      </trkpt>
      <trkpt lat="46.76305" lon="9.532489">
        <ele>1916.3</ele>
      </trkpt>
      <trkpt lat="46.763007" lon="9.532519">
        <ele>1915.3</ele>
      </trkpt>
      <trkpt lat="46.762952" lon="9.532548">
        <ele>1914.2</ele>
      </trkpt>
      <trkpt lat="46.762896" lon="9.532571">
        <ele>1912.8</ele>
      </trkpt>
      <trkpt lat="46.762844" lon="9.532578">
        <ele>1912.3</ele>
      </trkpt>
      <trkpt lat="46.762794" lon="9.532575">
        <ele>1910.4</ele>
      </trkpt>
      <trkpt lat="46.762703" lon="9.532561">
        <ele>1908.6</ele>
      </trkpt>
      <trkpt lat="46.762607" lon="9.532543">
        <ele>1906.7</ele>
      </trkpt>
      <trkpt lat="46.76251" lon="9.532538">
        <ele>1905.2</ele>
      </trkpt>
      <trkpt lat="46.762405" lon="9.532531">
        <ele>1903.9</ele>
      </trkpt>
      <trkpt lat="46.762207" lon="9.532511">
        <ele>1900.1</ele>
      </trkpt>
      <trkpt lat="46.762047" lon="9.532488">
        <ele>1897.2</ele>
      </trkpt>
      <trkpt lat="46.76193" lon="9.532465">
        <ele>1896.0</ele>
      </trkpt>
      <trkpt lat="46.761871" lon="9.532452">
        <ele>1894.8</ele>
      </trkpt>
      <trkpt lat="46.76181" lon="9.532425">
        <ele>1894.0</ele>
      </trkpt>
      <trkpt lat="46.761769" lon="9.532405">
        <ele>1894.0</ele>
      </trkpt>
      <trkpt lat="46.761733" lon="9.532362">
        <ele>1893.3</ele>
      </trkpt>
      <trkpt lat="46.761637" lon="9.532253">
        <ele>1890.1</ele>
      </trkpt>
      <trkpt lat="46.761537" lon="9.532121">
        <ele>1887.1</ele>
      </trkpt>
      <trkpt lat="46.761467" lon="9.532037">
        <ele>1885.2</ele>
      </trkpt>
      <trkpt lat="46.761421" lon="9.531989">
        <ele>1884.4</ele>
      </trkpt>
      <trkpt lat="46.761375" lon="9.531953">
        <ele>1883.9</ele>
      </trkpt>
      <trkpt lat="46.761322" lon="9.53193">
        <ele>1883.2</ele>
      </trkpt>
      <trkpt lat="46.761296" lon="9.531928">
        <ele>1882.4</ele>
      </trkpt>
      <trkpt lat="46.761259" lon="9.531929">
        <ele>1881.0</ele>
      </trkpt>
      <trkpt lat="46.761211" lon="9.531936">
        <ele>1879.9</ele>
      </trkpt>
      <trkpt lat="46.761117" lon="9.531968">
        <ele>1878.2</ele>
      </trkpt>
      <trkpt lat="46.761054" lon="9.531992">
        <ele>1877.3</ele>
      </trkpt>
      <trkpt lat="46.760948" lon="9.53204">
        <ele>1875.1</ele>
      </trkpt>
      <trkpt lat="46.760872" lon="9.532068">
        <ele>1874.2</ele>
      </trkpt>
      <trkpt lat="46.760774" lon="9.532111">
        <ele>1872.5</ele>
      </trkpt>
      <trkpt lat="46.760678" lon="9.532154">
        <ele>1871.5</ele>
      </trkpt>
      <trkpt lat="46.760594" lon="9.532195">
        <ele>1870.8</ele>
      </trkpt>
      <trkpt lat="46.76052" lon="9.532229">
        <ele>1870.0</ele>
      </trkpt>
      <trkpt lat="46.760483" lon="9.532247">
        <ele>1869.4</ele>
      </trkpt>
      <trkpt lat="46.76045" lon="9.532271">
        <ele>1868.9</ele>
      </trkpt>
      <trkpt lat="46.760434" lon="9.532286">
        <ele>1868.6</ele>
      </trkpt>
      <trkpt lat="46.760417" lon="9.532311">
        <ele>1868.3</ele>
      </trkpt>
      <trkpt lat="46.760397" lon="9.53236">
        <ele>1867.5</ele>
      </trkpt>
      <trkpt lat="46.760391" lon="9.532396">
        <ele>1867.0</ele>
      </trkpt>
      <trkpt lat="46.760396" lon="9.532433">
        <ele>1866.5</ele>
      </trkpt>
      <trkpt lat="46.760409" lon="9.532458">
        <ele>1865.9</ele>
      </trkpt>
      <trkpt lat="46.760457" lon="9.532522">
        <ele>1864.6</ele>
      </trkpt>
      <trkpt lat="46.760498" lon="9.532566">
        <ele>1863.7</ele>
      </trkpt>
      <trkpt lat="46.760542" lon="9.532624">
        <ele>1863.0</ele>
      </trkpt>
      <trkpt lat="46.760579" lon="9.532674">
        <ele>1862.4</ele>
      </trkpt>
      <trkpt lat="46.760615" lon="9.532718">
        <ele>1862.1</ele>
      </trkpt>
      <trkpt lat="46.760643" lon="9.532753">
        <ele>1861.9</ele>
      </trkpt>
      <trkpt lat="46.760658" lon="9.532783">
        <ele>1861.8</ele>
      </trkpt>
      <trkpt lat="46.760672" lon="9.532827">
        <ele>1861.4</ele>
      </trkpt>
      <trkpt lat="46.760695" lon="9.532915">
        <ele>1860.5</ele>
      </trkpt>
      <trkpt lat="46.760732" lon="9.533162">
        <ele>1858.1</ele>
      </trkpt>
      <trkpt lat="46.760772" lon="9.533364">
        <ele>1856.2</ele>
      </trkpt>
      <trkpt lat="46.760788" lon="9.533449">
        <ele>1855.5</ele>
      </trkpt>
      <trkpt lat="46.760806" lon="9.533531">
        <ele>1854.6</ele>
      </trkpt>
      <trkpt lat="46.760816" lon="9.533582">
        <ele>1854.2</ele>
      </trkpt>
      <trkpt lat="46.760819" lon="9.533629">
        <ele>1853.8</ele>
      </trkpt>
      <trkpt lat="46.760819" lon="9.533667">
        <ele>1853.6</ele>
      </trkpt>
      <trkpt lat="46.760814" lon="9.533705">
        <ele>1853.2</ele>
      </trkpt>
      <trkpt lat="46.760799" lon="9.533762">
        <ele>1852.8</ele>
      </trkpt>
      <trkpt lat="46.760775" lon="9.53382">
        <ele>1852.2</ele>
      </trkpt>
      <trkpt lat="46.760743" lon="9.533861">
        <ele>1851.9</ele>
      </trkpt>
      <trkpt lat="46.760714" lon="9.533879">
        <ele>1851.6</ele>
      </trkpt>
      <trkpt lat="46.760694" lon="9.533892">
        <ele>1851.4</ele>
      </trkpt>
      <trkpt lat="46.760672" lon="9.533893">
        <ele>1851.3</ele>
      </trkpt>
      <trkpt lat="46.76063" lon="9.533883">
        <ele>1850.5</ele>
      </trkpt>
      <trkpt lat="46.760542" lon="9.533841">
        <ele>1849.4</ele>
      </trkpt>
      <trkpt lat="46.760469" lon="9.53381">
        <ele>1848.6</ele>
      </trkpt>
      <trkpt lat="46.760365" lon="9.533784">
        <ele>1847.0</ele>
      </trkpt>
      <trkpt lat="46.760217" lon="9.533766">
        <ele>1845.4</ele>
      </trkpt>
      <trkpt lat="46.760085" lon="9.533745">
        <ele>1844.0</ele>
      </trkpt>
      <trkpt lat="46.760043" lon="9.533739">
        <ele>1843.3</ele>
      </trkpt>
      <trkpt lat="46.760013" lon="9.533739">
        <ele>1842.8</ele>
      </trkpt>
      <trkpt lat="46.759985" lon="9.533742">
        <ele>1842.3</ele>
      </trkpt>
      <trkpt lat="46.759951" lon="9.533756">
        <ele>1841.4</ele>
      </trkpt>
      <trkpt lat="46.759903" lon="9.533796">
        <ele>1840.1</ele>
      </trkpt>
      <trkpt lat="46.759847" lon="9.533873">
        <ele>1838.2</ele>
      </trkpt>
      <trkpt lat="46.759778" lon="9.53398">
        <ele>1835.8</ele>
      </trkpt>
      <trkpt lat="46.759712" lon="9.534102">
        <ele>1834.1</ele>
      </trkpt>
      <trkpt lat="46.759611" lon="9.534279">
        <ele>1831.7</ele>
      </trkpt>
      <trkpt lat="46.759546" lon="9.534394">
        <ele>1830.4</ele>
      </trkpt>
      <trkpt lat="46.75948" lon="9.534509">
        <ele>1829.6</ele>
      </trkpt>
      <trkpt lat="46.759429" lon="9.534587">
        <ele>1828.8</ele>
      </trkpt>
      <trkpt lat="46.759398" lon="9.534636">
        <ele>1828.0</ele>
      </trkpt>
      <trkpt lat="46.759341" lon="9.534704">
        <ele>1826.7</ele>
      </trkpt>
      <trkpt lat="46.75933" lon="9.534711">
        <ele>1826.7</ele>
      </trkpt>
      <trkpt lat="46.759288" lon="9.53472">
        <ele>1826.4</ele>
      </trkpt>
      <trkpt lat="46.759222" lon="9.534718">
        <ele>1825.9</ele>
      </trkpt>
      <trkpt lat="46.759083" lon="9.534682">
        <ele>1825.2</ele>
      </trkpt>
      <trkpt lat="46.759002" lon="9.534665">
        <ele>1824.8</ele>
      </trkpt>
      <trkpt lat="46.758947" lon="9.534672">
        <ele>1824.1</ele>
      </trkpt>
      <trkpt lat="46.758889" lon="9.534698">
        <ele>1823.3</ele>
      </trkpt>
      <trkpt lat="46.758837" lon="9.534733">
        <ele>1822.9</ele>
      </trkpt>
      <trkpt lat="46.758762" lon="9.534811">
        <ele>1821.8</ele>
      </trkpt>
      <trkpt lat="46.758709" lon="9.534885">
        <ele>1821.1</ele>
      </trkpt>
      <trkpt lat="46.758633" lon="9.535013">
        <ele>1819.4</ele>
      </trkpt>
      <trkpt lat="46.758736" lon="9.535013">
        <ele>1819.7</ele>
      </trkpt>
      <trkpt lat="46.758805" lon="9.535011">
        <ele>1820.0</ele>
      </trkpt>
      <trkpt lat="46.758867" lon="9.53502">
        <ele>1820.3</ele>
      </trkpt>
      <trkpt lat="46.758932" lon="9.535053">
        <ele>1820.6</ele>
      </trkpt>
      <trkpt lat="46.758985" lon="9.535095">
        <ele>1820.9</ele>
      </trkpt>
      <trkpt lat="46.759019" lon="9.535142">
        <ele>1821.0</ele>
      </trkpt>
      <trkpt lat="46.759081" lon="9.535269">
        <ele>1821.1</ele>
      </trkpt>
      <trkpt lat="46.759156" lon="9.535427">
        <ele>1820.8</ele>
      </trkpt>
      <trkpt lat="46.759185" lon="9.535495">
        <ele>1820.3</ele>
      </trkpt>
      <trkpt lat="46.759213" lon="9.535592">
        <ele>1819.5</ele>
      </trkpt>
      <trkpt lat="46.759255" lon="9.535743">
        <ele>1819.0</ele>
      </trkpt>
      <trkpt lat="46.759298" lon="9.535855">
        <ele>1819.0</ele>
      </trkpt>
      <trkpt lat="46.759333" lon="9.535925">
        <ele>1819.0</ele>
      </trkpt>
      <trkpt lat="46.759365" lon="9.535959">
        <ele>1819.0</ele>
      </trkpt>
      <trkpt lat="46.759416" lon="9.535989">
        <ele>1819.0</ele>
      </trkpt>
      <trkpt lat="46.75948" lon="9.536011">
        <ele>1818.8</ele>
      </trkpt>
      <trkpt lat="46.759555" lon="9.536012">
        <ele>1818.8</ele>
      </trkpt>
      <trkpt lat="46.759573" lon="9.536035">
        <ele>1818.7</ele>
      </trkpt>
      <trkpt lat="46.759591" lon="9.536072">
        <ele>1818.1</ele>
      </trkpt>
      <trkpt lat="46.759629" lon="9.536091">
        <ele>1817.8</ele>
      </trkpt>
      <trkpt lat="46.75967" lon="9.536115">
        <ele>1817.2</ele>
      </trkpt>
      <trkpt lat="46.759707" lon="9.536142">
        <ele>1816.0</ele>
      </trkpt>
      <trkpt lat="46.759738" lon="9.536178">
        <ele>1815.2</ele>
      </trkpt>
      <trkpt lat="46.759772" lon="9.536217">
        <ele>1814.6</ele>
      </trkpt>
      <trkpt lat="46.759787" lon="9.536254">
        <ele>1814.0</ele>
      </trkpt>
      <trkpt lat="46.759795" lon="9.536297">
        <ele>1813.2</ele>
      </trkpt>
      <trkpt lat="46.759813" lon="9.536338">
        <ele>1811.9</ele>
      </trkpt>
      <trkpt lat="46.759836" lon="9.536379">
        <ele>1810.3</ele>
      </trkpt>
      <trkpt lat="46.759867" lon="9.536413">
        <ele>1808.6</ele>
      </trkpt>
      <trkpt lat="46.759898" lon="9.536449">
        <ele>1806.8</ele>
      </trkpt>
      <trkpt lat="46.759921" lon="9.53649">
        <ele>1805.3</ele>
      </trkpt>
      <trkpt lat="46.759939" lon="9.536528">
        <ele>1804.3</ele>
      </trkpt>
      <trkpt lat="46.759954" lon="9.536563">
        <ele>1803.7</ele>
      </trkpt>
      <trkpt lat="46.759964" lon="9.536613">
        <ele>1803.3</ele>
      </trkpt>
      <trkpt lat="46.759984" lon="9.536662">
        <ele>1802.6</ele>
      </trkpt>
      <trkpt lat="46.760002" lon="9.536713">
        <ele>1802.0</ele>
      </trkpt>
      <trkpt lat="46.760019" lon="9.536763">
        <ele>1801.1</ele>
      </trkpt>
      <trkpt lat="46.76004" lon="9.536812">
        <ele>1800.5</ele>
      </trkpt>
      <trkpt lat="46.760061" lon="9.536869">
        <ele>1799.6</ele>
      </trkpt>
      <trkpt lat="46.760078" lon="9.536923">
        <ele>1798.9</ele>
      </trkpt>
      <trkpt lat="46.760093" lon="9.536985">
        <ele>1798.0</ele>
      </trkpt>
      <trkpt lat="46.760109" lon="9.537042">
        <ele>1797.1</ele>
      </trkpt>
      <trkpt lat="46.760118" lon="9.537092">
        <ele>1796.3</ele>
      </trkpt>
      <trkpt lat="46.760118" lon="9.53715">
        <ele>1795.4</ele>
      </trkpt>
      <trkpt lat="46.760129" lon="9.537193">
        <ele>1794.8</ele>
      </trkpt>
      <trkpt lat="46.760156" lon="9.537236">
        <ele>1794.2</ele>
      </trkpt>
      <trkpt lat="46.760184" lon="9.537274">
        <ele>1793.8</ele>
      </trkpt>
      <trkpt lat="46.760209" lon="9.537323">
        <ele>1793.1</ele>
      </trkpt>
      <trkpt lat="46.760232" lon="9.53736">
        <ele>1792.5</ele>
      </trkpt>
      <trkpt lat="46.760255" lon="9.537394">
        <ele>1792.3</ele>
      </trkpt>
      <trkpt lat="46.760282" lon="9.537418">
        <ele>1792.0</ele>
      </trkpt>
      <trkpt lat="46.760308" lon="9.537423">
        <ele>1791.6</ele>
      </trkpt>
      <trkpt lat="46.760345" lon="9.537439">
        <ele>1790.8</ele>
      </trkpt>
      <trkpt lat="46.760384" lon="9.537458">
        <ele>1790.5</ele>
      </trkpt>
      <trkpt lat="46.760425" lon="9.537479">
        <ele>1790.4</ele>
      </trkpt>
      <trkpt lat="46.760466" lon="9.5375">
        <ele>1790.6</ele>
      </trkpt>
      <trkpt lat="46.760506" lon="9.537517">
        <ele>1790.8</ele>
      </trkpt>
      <trkpt lat="46.760544" lon="9.537543">
        <ele>1790.9</ele>
      </trkpt>
      <trkpt lat="46.760581" lon="9.537572">
        <ele>1791.0</ele>
      </trkpt>
      <trkpt lat="46.760601" lon="9.537592">
        <ele>1790.9</ele>
      </trkpt>
      <trkpt lat="46.760617" lon="9.537621">
        <ele>1790.5</ele>
      </trkpt>
      <trkpt lat="46.760626" lon="9.537658">
        <ele>1790.1</ele>
      </trkpt>
      <trkpt lat="46.760633" lon="9.537732">
        <ele>1788.9</ele>
      </trkpt>
      <trkpt lat="46.760639" lon="9.537809">
        <ele>1787.6</ele>
      </trkpt>
      <trkpt lat="46.760653" lon="9.537857">
        <ele>1786.6</ele>
      </trkpt>
      <trkpt lat="46.760664" lon="9.537882">
        <ele>1786.2</ele>
      </trkpt>
      <trkpt lat="46.760681" lon="9.537963">
        <ele>1785.1</ele>
      </trkpt>
      <trkpt lat="46.760698" lon="9.538064">
        <ele>1783.9</ele>
      </trkpt>
      <trkpt lat="46.760706" lon="9.538192">
        <ele>1780.8</ele>
      </trkpt>
      <trkpt lat="46.760712" lon="9.538319">
        <ele>1778.5</ele>
      </trkpt>
      <trkpt lat="46.760691" lon="9.538442">
        <ele>1775.6</ele>
      </trkpt>
      <trkpt lat="46.760655" lon="9.538586">
        <ele>1771.2</ele>
      </trkpt>
      <trkpt lat="46.760644" lon="9.538704">
        <ele>1768.7</ele>
      </trkpt>
      <trkpt lat="46.760647" lon="9.538876">
        <ele>1766.2</ele>
      </trkpt>
      <trkpt lat="46.760661" lon="9.539084">
        <ele>1762.9</ele>
      </trkpt>
      <trkpt lat="46.760673" lon="9.53931">
        <ele>1758.7</ele>
      </trkpt>
      <trkpt lat="46.760647" lon="9.539671">
        <ele>1746.4</ele>
      </trkpt>
      <trkpt lat="46.760618" lon="9.539927">
        <ele>1739.8</ele>
      </trkpt>
      <trkpt lat="46.76062" lon="9.540098">
        <ele>1735.5</ele>
      </trkpt>
      <trkpt lat="46.760709" lon="9.540686">
        <ele>1723.5</ele>
      </trkpt>
      <trkpt lat="46.7607" lon="9.540941">
        <ele>1716.7</ele>
      </trkpt>
      <trkpt lat="46.760686" lon="9.541342">
        <ele>1709.1</ele>
      </trkpt>
      <trkpt lat="46.760686" lon="9.541486">
        <ele>1706.4</ele>
      </trkpt>
      <trkpt lat="46.760702" lon="9.541563">
        <ele>1705.6</ele>
      </trkpt>
      <trkpt lat="46.760764" lon="9.54162">
        <ele>1704.4</ele>
      </trkpt>
      <trkpt lat="46.760834" lon="9.541741">
        <ele>1701.7</ele>
      </trkpt>
      <trkpt lat="46.760863" lon="9.541851">
        <ele>1699.4</ele>
      </trkpt>
      <trkpt lat="46.760883" lon="9.542028">
        <ele>1694.7</ele>
      </trkpt>
      <trkpt lat="46.760878" lon="9.542159">
        <ele>1691.8</ele>
      </trkpt>
      <trkpt lat="46.76088" lon="9.542309">
        <ele>1687.8</ele>
      </trkpt>
      <trkpt lat="46.760898" lon="9.542389">
        <ele>1686.2</ele>
      </trkpt>
      <trkpt lat="46.760949" lon="9.542478">
        <ele>1684.9</ele>
      </trkpt>
      <trkpt lat="46.761008" lon="9.542584">
        <ele>1683.4</ele>
      </trkpt>
      <trkpt lat="46.761036" lon="9.542822">
        <ele>1678.7</ele>
      </trkpt>
      <trkpt lat="46.761034" lon="9.543117">
        <ele>1676.3</ele>
      </trkpt>
      <trkpt lat="46.761026" lon="9.543233">
        <ele>1673.8</ele>
      </trkpt>
      <trkpt lat="46.761037" lon="9.543302">
        <ele>1672.5</ele>
      </trkpt>
      <trkpt lat="46.761044" lon="9.543387">
        <ele>1670.6</ele>
      </trkpt>
      <trkpt lat="46.761045" lon="9.543442">
        <ele>1669.1</ele>
      </trkpt>
      <trkpt lat="46.761036" lon="9.543516">
        <ele>1667.2</ele>
      </trkpt>
      <trkpt lat="46.761022" lon="9.543593">
        <ele>1665.9</ele>
      </trkpt>
      <trkpt lat="46.761014" lon="9.54367">
        <ele>1664.4</ele>
      </trkpt>
      <trkpt lat="46.761011" lon="9.543702">
        <ele>1663.6</ele>
      </trkpt>
      <trkpt lat="46.761012" lon="9.543736">
        <ele>1662.9</ele>
      </trkpt>
      <trkpt lat="46.761023" lon="9.543768">
        <ele>1662.4</ele>
      </trkpt>
      <trkpt lat="46.761052" lon="9.543802">
        <ele>1661.5</ele>
      </trkpt>
      <trkpt lat="46.761091" lon="9.543839">
        <ele>1661.3</ele>
      </trkpt>
      <trkpt lat="46.761125" lon="9.543893">
        <ele>1661.1</ele>
      </trkpt>
      <trkpt lat="46.76116" lon="9.543972">
        <ele>1660.8</ele>
      </trkpt>
      <trkpt lat="46.76117" lon="9.544029">
        <ele>1660.0</ele>
      </trkpt>
      <trkpt lat="46.761165" lon="9.544082">
        <ele>1659.7</ele>
      </trkpt>
      <trkpt lat="46.761198" lon="9.544126">
        <ele>1659.5</ele>
      </trkpt>
      <trkpt lat="46.761211" lon="9.544172">
        <ele>1659.3</ele>
      </trkpt>
      <trkpt lat="46.76121" lon="9.544212">
        <ele>1659.1</ele>
      </trkpt>
      <trkpt lat="46.761188" lon="9.544261">
        <ele>1659.1</ele>
      </trkpt>
      <trkpt lat="46.761139" lon="9.54425">
        <ele>1658.6</ele>
      </trkpt>
      <trkpt lat="46.761086" lon="9.544259">
        <ele>1657.8</ele>
      </trkpt>
      <trkpt lat="46.761035" lon="9.544277">
        <ele>1657.1</ele>
      </trkpt>
      <trkpt lat="46.760988" lon="9.544319">
        <ele>1656.6</ele>
      </trkpt>
      <trkpt lat="46.760913" lon="9.544414">
        <ele>1655.7</ele>
      </trkpt>
      <trkpt lat="46.7609" lon="9.544431">
        <ele>1655.7</ele>
      </trkpt>
      <trkpt lat="46.760837" lon="9.544535">
        <ele>1654.1</ele>
      </trkpt>
      <trkpt lat="46.760741" lon="9.544662">
        <ele>1651.3</ele>
      </trkpt>
      <trkpt lat="46.760657" lon="9.544768">
        <ele>1649.0</ele>
      </trkpt>
      <trkpt lat="46.76057" lon="9.544754">
        <ele>1648.4</ele>
      </trkpt>
      <trkpt lat="46.760495" lon="9.544758">
        <ele>1648.4</ele>
      </trkpt>
      <trkpt lat="46.760488" lon="9.544759">
        <ele>1648.4</ele>
      </trkpt>
      <trkpt lat="46.760429" lon="9.544773">
        <ele>1649.1</ele>
      </trkpt>
      <trkpt lat="46.760348" lon="9.544815">
        <ele>1650.5</ele>
      </trkpt>
      <trkpt lat="46.760386" lon="9.544834">
        <ele>1650.1</ele>
      </trkpt>
      <trkpt lat="46.760409" lon="9.544857">
        <ele>1649.9</ele>
      </trkpt>
      <trkpt lat="46.760435" lon="9.544897">
        <ele>1649.7</ele>
      </trkpt>
      <trkpt lat="46.760447" lon="9.544943">
        <ele>1649.7</ele>
      </trkpt>
      <trkpt lat="46.760442" lon="9.545015">
        <ele>1649.1</ele>
      </trkpt>
      <trkpt lat="46.760425" lon="9.545113">
        <ele>1647.7</ele>
      </trkpt>
      <trkpt lat="46.760398" lon="9.545203">
        <ele>1646.8</ele>
      </trkpt>
      <trkpt lat="46.760367" lon="9.545287">
        <ele>1646.0</ele>
      </trkpt>
      <trkpt lat="46.760384" lon="9.545388">
        <ele>1645.4</ele>
      </trkpt>
      <trkpt lat="46.760394" lon="9.545491">
        <ele>1642.3</ele>
      </trkpt>
      <trkpt lat="46.760391" lon="9.545653">
        <ele>1639.0</ele>
      </trkpt>
      <trkpt lat="46.760391" lon="9.545814">
        <ele>1637.3</ele>
      </trkpt>
      <trkpt lat="46.760413" lon="9.545961">
        <ele>1636.1</ele>
      </trkpt>
      <trkpt lat="46.760407" lon="9.546022">
        <ele>1635.1</ele>
      </trkpt>
      <trkpt lat="46.760381" lon="9.546074">
        <ele>1634.1</ele>
      </trkpt>
      <trkpt lat="46.760368" lon="9.546099">
        <ele>1632.8</ele>
      </trkpt>
      <trkpt lat="46.760295" lon="9.546184">
        <ele>1630.7</ele>
      </trkpt>
      <trkpt lat="46.760261" lon="9.546276">
        <ele>1628.3</ele>
      </trkpt>
      <trkpt lat="46.760265" lon="9.546342">
        <ele>1627.1</ele>
      </trkpt>
      <trkpt lat="46.760294" lon="9.546402">
        <ele>1625.7</ele>
      </trkpt>
      <trkpt lat="46.760358" lon="9.546481">
        <ele>1623.4</ele>
      </trkpt>
      <trkpt lat="46.760389" lon="9.546543">
        <ele>1621.5</ele>
      </trkpt>
      <trkpt lat="46.760396" lon="9.546557">
        <ele>1621.1</ele>
      </trkpt>
      <trkpt lat="46.760409" lon="9.546642">
        <ele>1618.3</ele>
      </trkpt>
      <trkpt lat="46.760393" lon="9.54677">
        <ele>1616.1</ele>
      </trkpt>
      <trkpt lat="46.76038" lon="9.546945">
        <ele>1611.2</ele>
      </trkpt>
      <trkpt lat="46.760356" lon="9.547094">
        <ele>1607.3</ele>
      </trkpt>
      <trkpt lat="46.760319" lon="9.547193">
        <ele>1603.9</ele>
      </trkpt>
      <trkpt lat="46.760287" lon="9.547266">
        <ele>1601.9</ele>
      </trkpt>
      <trkpt lat="46.760163" lon="9.54744">
        <ele>1596.5</ele>
      </trkpt>
      <trkpt lat="46.760083" lon="9.547579">
        <ele>1592.9</ele>
      </trkpt>
      <trkpt lat="46.760009" lon="9.547694">
        <ele>1590.7</ele>
      </trkpt>
      <trkpt lat="46.759963" lon="9.547723">
        <ele>1589.8</ele>
      </trkpt>
      <trkpt lat="46.759923" lon="9.547765">
        <ele>1588.7</ele>
      </trkpt>
      <trkpt lat="46.759911" lon="9.547777">
        <ele>1588.5</ele>
      </trkpt>
      <trkpt lat="46.759823" lon="9.547938">
        <ele>1587.5</ele>
      </trkpt>
      <trkpt lat="46.75977" lon="9.548045">
        <ele>1585.6</ele>
      </trkpt>
      <trkpt lat="46.759754" lon="9.548124">
        <ele>1584.0</ele>
      </trkpt>
      <trkpt lat="46.759753" lon="9.548129">
        <ele>1584.0</ele>
      </trkpt>
      <trkpt lat="46.759756" lon="9.548243">
        <ele>1583.0</ele>
      </trkpt>
      <trkpt lat="46.759749" lon="9.548367">
        <ele>1578.9</ele>
      </trkpt>
      <trkpt lat="46.759715" lon="9.548468">
        <ele>1576.9</ele>
      </trkpt>
      <trkpt lat="46.759674" lon="9.548591">
        <ele>1575.0</ele>
      </trkpt>
      <trkpt lat="46.759645" lon="9.548682">
        <ele>1573.6</ele>
      </trkpt>
      <trkpt lat="46.75964" lon="9.548718">
        <ele>1572.8</ele>
      </trkpt>
      <trkpt lat="46.759632" lon="9.548777">
        <ele>1571.9</ele>
      </trkpt>
      <trkpt lat="46.75962" lon="9.548827">
        <ele>1571.2</ele>
      </trkpt>
      <trkpt lat="46.759599" lon="9.54888">
        <ele>1569.9</ele>
      </trkpt>
      <trkpt lat="46.759541" lon="9.549007">
        <ele>1566.1</ele>
      </trkpt>
      <trkpt lat="46.759487" lon="9.549143">
        <ele>1563.0</ele>
      </trkpt>
      <trkpt lat="46.759445" lon="9.549202">
        <ele>1561.3</ele>
      </trkpt>
      <trkpt lat="46.759432" lon="9.549246">
        <ele>1560.1</ele>
      </trkpt>
      <trkpt lat="46.759402" lon="9.549442">
        <ele>1556.2</ele>
      </trkpt>
      <trkpt lat="46.75938" lon="9.549546">
        <ele>1554.0</ele>
      </trkpt>
      <trkpt lat="46.759337" lon="9.549684">
        <ele>1550.3</ele>
      </trkpt>
      <trkpt lat="46.759359" lon="9.549896">
        <ele>1544.8</ele>
      </trkpt>
      <trkpt lat="46.759363" lon="9.54998">
        <ele>1542.0</ele>
      </trkpt>
      <trkpt lat="46.759375" lon="9.550051">
        <ele>1540.2</ele>
      </trkpt>
      <trkpt lat="46.759388" lon="9.550067">
        <ele>1539.6</ele>
      </trkpt>
      <trkpt lat="46.759445" lon="9.550075">
        <ele>1539.6</ele>
      </trkpt>
      <trkpt lat="46.759495" lon="9.550082">
        <ele>1537.7</ele>
      </trkpt>
      <trkpt lat="46.759557" lon="9.550138">
        <ele>1534.6</ele>
      </trkpt>
      <trkpt lat="46.759597" lon="9.550219">
        <ele>1531.9</ele>
      </trkpt>
      <trkpt lat="46.759608" lon="9.55029">
        <ele>1530.0</ele>
      </trkpt>
      <trkpt lat="46.759592" lon="9.550365">
        <ele>1527.7</ele>
      </trkpt>
      <trkpt lat="46.75951" lon="9.55048">
        <ele>1523.1</ele>
      </trkpt>
      <trkpt lat="46.759432" lon="9.550595">
        <ele>1519.6</ele>
      </trkpt>
      <trkpt lat="46.759413" lon="9.550619">
        <ele>1519.2</ele>
      </trkpt>
      <trkpt lat="46.759377" lon="9.550658">
        <ele>1517.9</ele>
      </trkpt>
      <trkpt lat="46.75936" lon="9.550694">
        <ele>1516.8</ele>
      </trkpt>
      <trkpt lat="46.759351" lon="9.55072">
        <ele>1516.5</ele>
      </trkpt>
      <trkpt lat="46.75935" lon="9.550744">
        <ele>1516.0</ele>
      </trkpt>
      <trkpt lat="46.759361" lon="9.550786">
        <ele>1515.0</ele>
      </trkpt>
      <trkpt lat="46.759394" lon="9.550851">
        <ele>1513.2</ele>
      </trkpt>
      <trkpt lat="46.759418" lon="9.550897">
        <ele>1511.7</ele>
      </trkpt>
      <trkpt lat="46.759429" lon="9.551011">
        <ele>1508.9</ele>
      </trkpt>
      <trkpt lat="46.759432" lon="9.551099">
        <ele>1507.0</ele>
      </trkpt>
      <trkpt lat="46.759467" lon="9.551356">
        <ele>1501.7</ele>
      </trkpt>
      <trkpt lat="46.759486" lon="9.551458">
        <ele>1499.8</ele>
      </trkpt>
      <trkpt lat="46.759488" lon="9.551596">
        <ele>1498.0</ele>
      </trkpt>
      <trkpt lat="46.759455" lon="9.551795">
        <ele>1495.6</ele>
      </trkpt>
      <trkpt lat="46.759443" lon="9.551956">
        <ele>1494.6</ele>
      </trkpt>
      <trkpt lat="46.759446" lon="9.552066">
        <ele>1493.7</ele>
      </trkpt>
      <trkpt lat="46.759466" lon="9.552295">
        <ele>1491.9</ele>
      </trkpt>
      <trkpt lat="46.75948" lon="9.552463">
        <ele>1491.5</ele>
      </trkpt>
      <trkpt lat="46.759493" lon="9.552597">
        <ele>1491.0</ele>
      </trkpt>
      <trkpt lat="46.759502" lon="9.552629">
        <ele>1490.9</ele>
      </trkpt>
      <trkpt lat="46.759514" lon="9.552669">
        <ele>1490.6</ele>
      </trkpt>
      <trkpt lat="46.759548" lon="9.552739">
        <ele>1490.6</ele>
      </trkpt>
      <trkpt lat="46.759602" lon="9.552812">
        <ele>1490.2</ele>
      </trkpt>
      <trkpt lat="46.759662" lon="9.552879">
        <ele>1489.9</ele>
      </trkpt>
      <trkpt lat="46.759684" lon="9.552901">
        <ele>1489.6</ele>
      </trkpt>
      <trkpt lat="46.759671" lon="9.552934">
        <ele>1490.2</ele>
      </trkpt>
      <trkpt lat="46.759667" lon="9.552955">
        <ele>1490.6</ele>
      </trkpt>
      <trkpt lat="46.759656" lon="9.553024">
        <ele>1491.9</ele>
      </trkpt>
      <trkpt lat="46.759652" lon="9.55305">
        <ele>1492.4</ele>
        <name>46.759652,9.553050</name>
        <extensions>
          <oa:Extension>
            <oa:mapZoom>17</oa:mapZoom>
          </oa:Extension>
        </extensions>
      </trkpt>
      <trkpt lat="46.759648" lon="9.553089">
        <ele>1493.1</ele>
      </trkpt>
      <trkpt lat="46.759643" lon="9.55319">
        <ele>1493.9</ele>
      </trkpt>
      <trkpt lat="46.75964" lon="9.553286">
        <ele>1496.0</ele>
      </trkpt>
      <trkpt lat="46.759651" lon="9.553345">
        <ele>1496.6</ele>
      </trkpt>
      <trkpt lat="46.759655" lon="9.553427">
        <ele>1496.5</ele>
      </trkpt>
      <trkpt lat="46.75965" lon="9.553555">
        <ele>1497.8</ele>
      </trkpt>
      <trkpt lat="46.759649" lon="9.553672">
        <ele>1500.4</ele>
      </trkpt>
      <trkpt lat="46.759646" lon="9.553772">
        <ele>1501.9</ele>
      </trkpt>
      <trkpt lat="46.759598" lon="9.553856">
        <ele>1503.2</ele>
      </trkpt>
      <trkpt lat="46.759502" lon="9.55394">
        <ele>1503.5</ele>
      </trkpt>
      <trkpt lat="46.75942" lon="9.554039">
        <ele>1504.7</ele>
      </trkpt>
      <trkpt lat="46.759405" lon="9.554122">
        <ele>1505.1</ele>
      </trkpt>
      <trkpt lat="46.759411" lon="9.554229">
        <ele>1505.0</ele>
      </trkpt>
      <trkpt lat="46.759428" lon="9.554371">
        <ele>1505.0</ele>
      </trkpt>
      <trkpt lat="46.759387" lon="9.55434">
        <ele>1505.2</ele>
      </trkpt>
      <trkpt lat="46.759354" lon="9.554331">
        <ele>1505.4</ele>
      </trkpt>
      <trkpt lat="46.759317" lon="9.554329">
        <ele>1505.7</ele>
      </trkpt>
      <trkpt lat="46.759294" lon="9.554336">
        <ele>1506.2</ele>
      </trkpt>
      <trkpt lat="46.759268" lon="9.554356">
        <ele>1506.3</ele>
      </trkpt>
      <trkpt lat="46.759245" lon="9.554381">
        <ele>1506.8</ele>
      </trkpt>
      <trkpt lat="46.759224" lon="9.554417">
        <ele>1507.1</ele>
      </trkpt>
      <trkpt lat="46.759213" lon="9.554457">
        <ele>1507.6</ele>
      </trkpt>
      <trkpt lat="46.759199" lon="9.554561">
        <ele>1508.2</ele>
      </trkpt>
      <trkpt lat="46.759195" lon="9.554613">
        <ele>1508.7</ele>
      </trkpt>
      <trkpt lat="46.759181" lon="9.554691">
        <ele>1509.4</ele>
      </trkpt>
      <trkpt lat="46.759155" lon="9.554781">
        <ele>1509.9</ele>
      </trkpt>
      <trkpt lat="46.759128" lon="9.554849">
        <ele>1510.2</ele>
      </trkpt>
      <trkpt lat="46.759063" lon="9.554972">
        <ele>1510.3</ele>
      </trkpt>
      <trkpt lat="46.759011" lon="9.555056">
        <ele>1510.9</ele>
      </trkpt>
      <trkpt lat="46.758974" lon="9.555115">
        <ele>1511.7</ele>
      </trkpt>
      <trkpt lat="46.758937" lon="9.555154">
        <ele>1512.2</ele>
      </trkpt>
      <trkpt lat="46.758888" lon="9.555183">
        <ele>1512.7</ele>
      </trkpt>
      <trkpt lat="46.758837" lon="9.555183">
        <ele>1513.6</ele>
      </trkpt>
      <trkpt lat="46.758861" lon="9.555318">
        <ele>1513.2</ele>
      </trkpt>
      <trkpt lat="46.75893" lon="9.555459">
        <ele>1513.2</ele>
      </trkpt>
      <trkpt lat="46.758896" lon="9.555612">
        <ele>1515.3</ele>
      </trkpt>
      <trkpt lat="46.758824" lon="9.55569">
        <ele>1518.5</ele>
      </trkpt>
      <trkpt lat="46.758779" lon="9.555862">
        <ele>1522.4</ele>
      </trkpt>
      <trkpt lat="46.758753" lon="9.555979">
        <ele>1522.3</ele>
      </trkpt>
      <trkpt lat="46.758706" lon="9.556088">
        <ele>1523.4</ele>
      </trkpt>
      <trkpt lat="46.758638" lon="9.556177">
        <ele>1525.5</ele>
      </trkpt>
      <trkpt lat="46.75856" lon="9.556269">
        <ele>1528.0</ele>
      </trkpt>
      <trkpt lat="46.758483" lon="9.556322">
        <ele>1528.5</ele>
      </trkpt>
      <trkpt lat="46.75843" lon="9.556385">
        <ele>1528.5</ele>
      </trkpt>
      <trkpt lat="46.758377" lon="9.556464">
        <ele>1528.5</ele>
      </trkpt>
      <trkpt lat="46.758315" lon="9.556551">
        <ele>1529.7</ele>
      </trkpt>
      <trkpt lat="46.758165" lon="9.556654">
        <ele>1533.4</ele>
      </trkpt>
      <trkpt lat="46.757979" lon="9.556692">
        <ele>1537.7</ele>
      </trkpt>
      <trkpt lat="46.757744" lon="9.556763">
        <ele>1538.5</ele>
      </trkpt>
      <trkpt lat="46.757509" lon="9.556834">
        <ele>1539.5</ele>
      </trkpt>
      <trkpt lat="46.757422" lon="9.556892">
        <ele>1539.8</ele>
      </trkpt>
      <trkpt lat="46.757351" lon="9.556957">
        <ele>1540.8</ele>
      </trkpt>
      <trkpt lat="46.757111" lon="9.557179">
        <ele>1541.0</ele>
      </trkpt>
      <trkpt lat="46.756978" lon="9.557361">
        <ele>1543.1</ele>
      </trkpt>
      <trkpt lat="46.756896" lon="9.557531">
        <ele>1544.1</ele>
      </trkpt>
      <trkpt lat="46.756857" lon="9.557678">
        <ele>1544.4</ele>
      </trkpt>
      <trkpt lat="46.756817" lon="9.557846">
        <ele>1544.9</ele>
      </trkpt>
      <trkpt lat="46.756765" lon="9.557791">
        <ele>1545.2</ele>
      </trkpt>
      <trkpt lat="46.756704" lon="9.557756">
        <ele>1545.5</ele>
      </trkpt>
      <trkpt lat="46.756629" lon="9.557751">
        <ele>1546.4</ele>
      </trkpt>
      <trkpt lat="46.756579" lon="9.557755">
        <ele>1547.2</ele>
      </trkpt>
      <trkpt lat="46.756509" lon="9.557788">
        <ele>1547.6</ele>
      </trkpt>
      <trkpt lat="46.756445" lon="9.557836">
        <ele>1548.6</ele>
      </trkpt>
      <trkpt lat="46.756383" lon="9.557908">
        <ele>1549.6</ele>
      </trkpt>
      <trkpt lat="46.756281" lon="9.558046">
        <ele>1551.6</ele>
      </trkpt>
      <trkpt lat="46.756215" lon="9.558123">
        <ele>1552.3</ele>
      </trkpt>
      <trkpt lat="46.756178" lon="9.558145">
        <ele>1552.8</ele>
      </trkpt>
      <trkpt lat="46.75616" lon="9.558156">
        <ele>1552.9</ele>
      </trkpt>
      <trkpt lat="46.756127" lon="9.558161">
        <ele>1553.1</ele>
      </trkpt>
      <trkpt lat="46.756069" lon="9.558134">
        <ele>1553.5</ele>
      </trkpt>
      <trkpt lat="46.756065" lon="9.558132">
        <ele>1553.5</ele>
      </trkpt>
      <trkpt lat="46.756005" lon="9.558079">
        <ele>1553.6</ele>
      </trkpt>
      <trkpt lat="46.75598" lon="9.558055">
        <ele>1553.9</ele>
      </trkpt>
      <trkpt lat="46.755904" lon="9.557979">
        <ele>1554.3</ele>
      </trkpt>
      <trkpt lat="46.755851" lon="9.557909">
        <ele>1554.0</ele>
      </trkpt>
      <trkpt lat="46.755771" lon="9.557835">
        <ele>1553.7</ele>
      </trkpt>
      <trkpt lat="46.755708" lon="9.557807">
        <ele>1553.5</ele>
      </trkpt>
      <trkpt lat="46.755659" lon="9.557794">
        <ele>1552.9</ele>
      </trkpt>
      <trkpt lat="46.755604" lon="9.557805">
        <ele>1552.5</ele>
      </trkpt>
      <trkpt lat="46.755566" lon="9.557841">
        <ele>1552.1</ele>
      </trkpt>
      <trkpt lat="46.75552" lon="9.557891">
        <ele>1551.4</ele>
      </trkpt>
      <trkpt lat="46.755471" lon="9.557927">
        <ele>1551.2</ele>
      </trkpt>
      <trkpt lat="46.755415" lon="9.557953">
        <ele>1550.5</ele>
      </trkpt>
      <trkpt lat="46.755339" lon="9.557963">
        <ele>1549.8</ele>
      </trkpt>
      <trkpt lat="46.755317" lon="9.557961">
        <ele>1549.7</ele>
      </trkpt>
      <trkpt lat="46.755275" lon="9.557956">
        <ele>1549.5</ele>
      </trkpt>
      <trkpt lat="46.755204" lon="9.55794">
        <ele>1548.8</ele>
      </trkpt>
      <trkpt lat="46.755154" lon="9.557936">
        <ele>1548.9</ele>
      </trkpt>
      <trkpt lat="46.755061" lon="9.557917">
        <ele>1548.2</ele>
      </trkpt>
      <trkpt lat="46.755034" lon="9.557989">
        <ele>1548.0</ele>
      </trkpt>
      <trkpt lat="46.755019" lon="9.558016">
        <ele>1548.0</ele>
      </trkpt>
      <trkpt lat="46.754979" lon="9.558092">
        <ele>1547.6</ele>
      </trkpt>
      <trkpt lat="46.754932" lon="9.558152">
        <ele>1547.2</ele>
      </trkpt>
      <trkpt lat="46.754834" lon="9.558264">
        <ele>1546.8</ele>
      </trkpt>
      <trkpt lat="46.754738" lon="9.558357">
        <ele>1546.6</ele>
      </trkpt>
      <trkpt lat="46.754661" lon="9.558432">
        <ele>1546.6</ele>
      </trkpt>
      <trkpt lat="46.754572" lon="9.5584">
        <ele>1545.8</ele>
      </trkpt>
      <trkpt lat="46.754526" lon="9.55839">
        <ele>1546.1</ele>
      </trkpt>
      <trkpt lat="46.754467" lon="9.558373">
        <ele>1545.9</ele>
      </trkpt>
      <trkpt lat="46.754394" lon="9.558326">
        <ele>1546.7</ele>
      </trkpt>
      <trkpt lat="46.754365" lon="9.558277">
        <ele>1546.6</ele>
      </trkpt>
      <trkpt lat="46.75432" lon="9.558162">
        <ele>1546.9</ele>
      </trkpt>
      <trkpt lat="46.754276" lon="9.558056">
        <ele>1546.9</ele>
      </trkpt>
      <trkpt lat="46.754204" lon="9.557879">
        <ele>1546.8</ele>
      </trkpt>
      <trkpt lat="46.75416" lon="9.557797">
        <ele>1547.8</ele>
      </trkpt>
      <trkpt lat="46.754137" lon="9.557769">
        <ele>1548.0</ele>
      </trkpt>
      <trkpt lat="46.754064" lon="9.557702">
        <ele>1548.9</ele>
      </trkpt>
      <trkpt lat="46.75395" lon="9.557649">
        <ele>1549.7</ele>
      </trkpt>
      <trkpt lat="46.753873" lon="9.557623">
        <ele>1550.1</ele>
      </trkpt>
      <trkpt lat="46.753699" lon="9.557584">
        <ele>1552.8</ele>
      </trkpt>
      <trkpt lat="46.753618" lon="9.557585">
        <ele>1552.1</ele>
      </trkpt>
      <trkpt lat="46.753527" lon="9.557588">
        <ele>1551.0</ele>
      </trkpt>
      <trkpt lat="46.753434" lon="9.557593">
        <ele>1549.8</ele>
      </trkpt>
      <trkpt lat="46.753361" lon="9.557586">
        <ele>1549.0</ele>
      </trkpt>
      <trkpt lat="46.753279" lon="9.557572">
        <ele>1548.2</ele>
      </trkpt>
      <trkpt lat="46.753189" lon="9.55753">
        <ele>1547.3</ele>
      </trkpt>
      <trkpt lat="46.753153" lon="9.557513">
        <ele>1547.1</ele>
      </trkpt>
      <trkpt lat="46.75311" lon="9.557503">
        <ele>1547.0</ele>
      </trkpt>
      <trkpt lat="46.75307" lon="9.557518">
        <ele>1546.9</ele>
      </trkpt>
      <trkpt lat="46.75305" lon="9.55759">
        <ele>1547.5</ele>
      </trkpt>
      <trkpt lat="46.752965" lon="9.557681">
        <ele>1548.0</ele>
      </trkpt>
      <trkpt lat="46.752807" lon="9.557376">
        <ele>1547.5</ele>
      </trkpt>
      <trkpt lat="46.75269" lon="9.557159">
        <ele>1546.9</ele>
      </trkpt>
      <trkpt lat="46.752639" lon="9.557068">
        <ele>1546.9</ele>
      </trkpt>
      <trkpt lat="46.752593" lon="9.557002">
        <ele>1546.8</ele>
      </trkpt>
      <trkpt lat="46.752542" lon="9.556944">
        <ele>1546.7</ele>
      </trkpt>
      <trkpt lat="46.752497" lon="9.556904">
        <ele>1546.5</ele>
      </trkpt>
      <trkpt lat="46.752437" lon="9.556872">
        <ele>1546.3</ele>
      </trkpt>
      <trkpt lat="46.752367" lon="9.556847">
        <ele>1546.4</ele>
      </trkpt>
      <trkpt lat="46.752314" lon="9.556837">
        <ele>1546.2</ele>
      </trkpt>
      <trkpt lat="46.752252" lon="9.556832">
        <ele>1546.1</ele>
      </trkpt>
      <trkpt lat="46.752192" lon="9.556843">
        <ele>1546.1</ele>
      </trkpt>
      <trkpt lat="46.752105" lon="9.556878">
        <ele>1545.9</ele>
      </trkpt>
      <trkpt lat="46.751956" lon="9.556934">
        <ele>1545.5</ele>
      </trkpt>
      <trkpt lat="46.751807" lon="9.556993">
        <ele>1545.1</ele>
      </trkpt>
      <trkpt lat="46.751715" lon="9.557032">
        <ele>1544.8</ele>
      </trkpt>
      <trkpt lat="46.751659" lon="9.557051">
        <ele>1544.8</ele>
      </trkpt>
      <trkpt lat="46.751603" lon="9.557054">
        <ele>1544.5</ele>
      </trkpt>
      <trkpt lat="46.751552" lon="9.557052">
        <ele>1544.6</ele>
      </trkpt>
      <trkpt lat="46.751502" lon="9.557039">
        <ele>1544.5</ele>
      </trkpt>
      <trkpt lat="46.751448" lon="9.557015">
        <ele>1544.3</ele>
      </trkpt>
      <trkpt lat="46.751416" lon="9.556994">
        <ele>1544.2</ele>
      </trkpt>
      <trkpt lat="46.751407" lon="9.556988">
        <ele>1544.2</ele>
      </trkpt>
      <trkpt lat="46.751367" lon="9.55695">
        <ele>1544.0</ele>
      </trkpt>
      <trkpt lat="46.751263" lon="9.557077">
        <ele>1544.0</ele>
      </trkpt>
      <trkpt lat="46.751122" lon="9.557243">
        <ele>1543.3</ele>
      </trkpt>
      <trkpt lat="46.751003" lon="9.557395">
        <ele>1542.7</ele>
      </trkpt>
      <trkpt lat="46.75094" lon="9.557496">
        <ele>1542.4</ele>
      </trkpt>
      <trkpt lat="46.750864" lon="9.55763">
        <ele>1542.2</ele>
      </trkpt>
      <trkpt lat="46.750819" lon="9.557703">
        <ele>1541.9</ele>
      </trkpt>
      <trkpt lat="46.750776" lon="9.557751">
        <ele>1541.6</ele>
      </trkpt>
      <trkpt lat="46.750726" lon="9.557793">
        <ele>1541.3</ele>
      </trkpt>
      <trkpt lat="46.750661" lon="9.557825">
        <ele>1540.8</ele>
      </trkpt>
      <trkpt lat="46.750597" lon="9.557855">
        <ele>1540.5</ele>
      </trkpt>
      <trkpt lat="46.75056" lon="9.557889">
        <ele>1540.3</ele>
      </trkpt>
      <trkpt lat="46.750543" lon="9.557923">
        <ele>1540.1</ele>
      </trkpt>
      <trkpt lat="46.750535" lon="9.557962">
        <ele>1540.0</ele>
      </trkpt>
      <trkpt lat="46.7505" lon="9.557955">
        <ele>1540.0</ele>
      </trkpt>
      <trkpt lat="46.750375" lon="9.557972">
        <ele>1539.7</ele>
      </trkpt>
      <trkpt lat="46.750257" lon="9.557987">
        <ele>1541.2</ele>
      </trkpt>
      <trkpt lat="46.750082" lon="9.558014">
        <ele>1541.5</ele>
        <name>46.750080,9.557987</name>
        <extensions>
          <oa:locType>routingNode</oa:locType>
          <oa:Extension>
            <oa:mapZoom>14</oa:mapZoom>
          </oa:Extension>
        </extensions>
      </trkpt>
      <trkpt lat="46.749987" lon="9.558027">
        <ele>1541.6</ele>
      </trkpt>
      <trkpt lat="46.749816" lon="9.557986">
        <ele>1540.2</ele>
      </trkpt>
      <trkpt lat="46.749501" lon="9.557978">
        <ele>1538.4</ele>
      </trkpt>
      <trkpt lat="46.749373" lon="9.557974">
        <ele>1537.8</ele>
      </trkpt>
      <trkpt lat="46.749427" lon="9.558154">
        <ele>1537.4</ele>
      </trkpt>
      <trkpt lat="46.749326" lon="9.558295">
        <ele>1537.3</ele>
      </trkpt>
      <trkpt lat="46.749232" lon="9.55839">
        <ele>1536.8</ele>
      </trkpt>
      <trkpt lat="46.748936" lon="9.5586">
        <ele>1532.3</ele>
      </trkpt>
      <trkpt lat="46.748659" lon="9.558535">
        <ele>1531.7</ele>
      </trkpt>
      <trkpt lat="46.748381" lon="9.558469">
        <ele>1528.7</ele>
      </trkpt>
      <trkpt lat="46.748369" lon="9.558524">
        <ele>1528.7</ele>
      </trkpt>
      <trkpt lat="46.748385" lon="9.558716">
        <ele>1527.2</ele>
      </trkpt>
      <trkpt lat="46.748373" lon="9.558783">
        <ele>1526.7</ele>
      </trkpt>
      <trkpt lat="46.748147" lon="9.558927">
        <ele>1526.6</ele>
      </trkpt>
      <trkpt lat="46.747921" lon="9.559071">
        <ele>1525.2</ele>
      </trkpt>
      <trkpt lat="46.747826" lon="9.559057">
        <ele>1525.1</ele>
      </trkpt>
      <trkpt lat="46.747711" lon="9.558869">
        <ele>1525.6</ele>
      </trkpt>
      <trkpt lat="46.74749" lon="9.558745">
        <ele>1524.7</ele>
      </trkpt>
      <trkpt lat="46.747287" lon="9.558917">
        <ele>1521.3</ele>
      </trkpt>
      <trkpt lat="46.747083" lon="9.559089">
        <ele>1516.8</ele>
      </trkpt>
      <trkpt lat="46.747029" lon="9.559132">
        <ele>1515.9</ele>
      </trkpt>
      <trkpt lat="46.746966" lon="9.559141">
        <ele>1515.3</ele>
      </trkpt>
      <trkpt lat="46.746845" lon="9.55911">
        <ele>1514.5</ele>
      </trkpt>
      <trkpt lat="46.74678" lon="9.559098">
        <ele>1514.4</ele>
      </trkpt>
      <trkpt lat="46.746734" lon="9.559118">
        <ele>1514.5</ele>
      </trkpt>
      <trkpt lat="46.746659" lon="9.559198">
        <ele>1513.3</ele>
      </trkpt>
      <trkpt lat="46.746617" lon="9.559213">
        <ele>1512.2</ele>
      </trkpt>
      <trkpt lat="46.746561" lon="9.5592">
        <ele>1510.6</ele>
      </trkpt>
      <trkpt lat="46.746444" lon="9.559103">
        <ele>1509.0</ele>
      </trkpt>
      <trkpt lat="46.746366" lon="9.559021">
        <ele>1508.6</ele>
      </trkpt>
      <trkpt lat="46.746287" lon="9.558939">
        <ele>1508.5</ele>
      </trkpt>
      <trkpt lat="46.746204" lon="9.558881">
        <ele>1508.5</ele>
      </trkpt>
      <trkpt lat="46.746027" lon="9.558744">
        <ele>1508.6</ele>
      </trkpt>
      <trkpt lat="46.745866" lon="9.558655">
        <ele>1508.4</ele>
      </trkpt>
      <trkpt lat="46.745607" lon="9.558472">
        <ele>1507.7</ele>
      </trkpt>
      <trkpt lat="46.74539" lon="9.558346">
        <ele>1508.7</ele>
      </trkpt>
      <trkpt lat="46.745173" lon="9.55822">
        <ele>1509.6</ele>
      </trkpt>
      <trkpt lat="46.745062" lon="9.558144">
        <ele>1509.3</ele>
      </trkpt>
      <trkpt lat="46.744919" lon="9.558012">
        <ele>1508.4</ele>
      </trkpt>
      <trkpt lat="46.744638" lon="9.557685">
        <ele>1504.7</ele>
      </trkpt>
      <trkpt lat="46.744589" lon="9.557768">
        <ele>1505.0</ele>
      </trkpt>
      <trkpt lat="46.744196" lon="9.557638">
        <ele>1507.4</ele>
      </trkpt>
      <trkpt lat="46.744046" lon="9.557529">
        <ele>1509.0</ele>
      </trkpt>
      <trkpt lat="46.743906" lon="9.557374">
        <ele>1508.5</ele>
      </trkpt>
      <trkpt lat="46.743625" lon="9.557265">
        <ele>1511.5</ele>
      </trkpt>
      <trkpt lat="46.743543" lon="9.557219">
        <ele>1512.0</ele>
      </trkpt>
      <trkpt lat="46.743418" lon="9.557148">
        <ele>1512.9</ele>
      </trkpt>
      <trkpt lat="46.743283" lon="9.557082">
        <ele>1512.2</ele>
      </trkpt>
      <trkpt lat="46.743136" lon="9.557074">
        <ele>1511.5</ele>
      </trkpt>
      <trkpt lat="46.742938" lon="9.55718">
        <ele>1510.7</ele>
      </trkpt>
      <trkpt lat="46.742714" lon="9.557204">
        <ele>1509.7</ele>
      </trkpt>
      <trkpt lat="46.742467" lon="9.557276">
        <ele>1510.4</ele>
      </trkpt>
      <trkpt lat="46.742265" lon="9.557448">
        <ele>1509.5</ele>
      </trkpt>
      <trkpt lat="46.741953" lon="9.557527">
        <ele>1509.9</ele>
      </trkpt>
      <trkpt lat="46.741815" lon="9.557753">
        <ele>1512.7</ele>
      </trkpt>
      <trkpt lat="46.741638" lon="9.557952">
        <ele>1512.5</ele>
      </trkpt>
      <trkpt lat="46.741476" lon="9.558096">
        <ele>1513.2</ele>
      </trkpt>
      <trkpt lat="46.741364" lon="9.558233">
        <ele>1513.6</ele>
      </trkpt>
      <trkpt lat="46.741333" lon="9.55827">
        <ele>1513.6</ele>
      </trkpt>
      <trkpt lat="46.741323" lon="9.558283">
        <ele>1513.6</ele>
      </trkpt>
      <trkpt lat="46.74117" lon="9.558389">
        <ele>1513.9</ele>
      </trkpt>
      <trkpt lat="46.740899" lon="9.558348">
        <ele>1512.1</ele>
      </trkpt>
      <trkpt lat="46.74071" lon="9.558319">
        <ele>1510.4</ele>
      </trkpt>
      <trkpt lat="46.740652" lon="9.5583">
        <ele>1510.2</ele>
      </trkpt>
      <trkpt lat="46.740613" lon="9.558287">
        <ele>1510.2</ele>
      </trkpt>
      <trkpt lat="46.740524" lon="9.558188">
        <ele>1509.0</ele>
      </trkpt>
      <trkpt lat="46.740346" lon="9.558015">
        <ele>1506.7</ele>
      </trkpt>
      <trkpt lat="46.740304" lon="9.557982">
        <ele>1506.0</ele>
      </trkpt>
      <trkpt lat="46.740214" lon="9.557914">
        <ele>1505.0</ele>
      </trkpt>
      <trkpt lat="46.740121" lon="9.557887">
        <ele>1503.8</ele>
      </trkpt>
      <trkpt lat="46.739949" lon="9.557923">
        <ele>1502.1</ele>
      </trkpt>
      <trkpt lat="46.739732" lon="9.557928">
        <ele>1500.0</ele>
      </trkpt>
      <trkpt lat="46.739669" lon="9.557916">
        <ele>1499.4</ele>
      </trkpt>
      <trkpt lat="46.739529" lon="9.557828">
        <ele>1498.6</ele>
      </trkpt>
      <trkpt lat="46.739395" lon="9.557767">
        <ele>1499.4</ele>
      </trkpt>
      <trkpt lat="46.739331" lon="9.557725">
        <ele>1499.7</ele>
      </trkpt>
      <trkpt lat="46.739389" lon="9.557658">
        <ele>1498.7</ele>
      </trkpt>
      <trkpt lat="46.739462" lon="9.55762">
        <ele>1497.5</ele>
      </trkpt>
      <trkpt lat="46.73943" lon="9.557538">
        <ele>1497.7</ele>
      </trkpt>
      <trkpt lat="46.739376" lon="9.557513">
        <ele>1497.2</ele>
      </trkpt>
      <trkpt lat="46.739235" lon="9.557455">
        <ele>1496.4</ele>
      </trkpt>
      <trkpt lat="46.739104" lon="9.557446">
        <ele>1498.4</ele>
      </trkpt>
      <trkpt lat="46.739051" lon="9.557396">
        <ele>1497.9</ele>
      </trkpt>
      <trkpt lat="46.738959" lon="9.55726">
        <ele>1496.5</ele>
      </trkpt>
      <trkpt lat="46.738833" lon="9.557083">
        <ele>1496.5</ele>
      </trkpt>
      <trkpt lat="46.738847" lon="9.556931">
        <ele>1494.6</ele>
      </trkpt>
      <trkpt lat="46.738803" lon="9.556873">
        <ele>1495.1</ele>
      </trkpt>
      <trkpt lat="46.738676" lon="9.556701">
        <ele>1496.9</ele>
      </trkpt>
      <trkpt lat="46.738636" lon="9.556646">
        <ele>1497.5</ele>
      </trkpt>
      <trkpt lat="46.738666" lon="9.556591">
        <ele>1497.2</ele>
      </trkpt>
      <trkpt lat="46.738663" lon="9.556475">
        <ele>1496.5</ele>
      </trkpt>
      <trkpt lat="46.738768" lon="9.556153">
        <ele>1494.5</ele>
      </trkpt>
      <trkpt lat="46.738756" lon="9.555994">
        <ele>1494.0</ele>
      </trkpt>
      <trkpt lat="46.738742" lon="9.555781">
        <ele>1493.9</ele>
      </trkpt>
      <trkpt lat="46.738714" lon="9.555397">
        <ele>1494.2</ele>
      </trkpt>
      <trkpt lat="46.738675" lon="9.554841">
        <ele>1491.9</ele>
      </trkpt>
      <trkpt lat="46.738691" lon="9.554692">
        <ele>1491.0</ele>
      </trkpt>
      <trkpt lat="46.738704" lon="9.554571">
        <ele>1490.9</ele>
      </trkpt>
      <trkpt lat="46.738632" lon="9.554309">
        <ele>1493.5</ele>
      </trkpt>
      <trkpt lat="46.738357" lon="9.554148">
        <ele>1497.3</ele>
      </trkpt>
      <trkpt lat="46.738099" lon="9.553997">
        <ele>1497.0</ele>
      </trkpt>
      <trkpt lat="46.737962" lon="9.55398">
        <ele>1497.0</ele>
      </trkpt>
      <trkpt lat="46.737869" lon="9.554003">
        <ele>1497.4</ele>
      </trkpt>
      <trkpt lat="46.73745" lon="9.554104">
        <ele>1498.4</ele>
      </trkpt>
      <trkpt lat="46.737173" lon="9.554166">
        <ele>1500.5</ele>
      </trkpt>
      <trkpt lat="46.7368" lon="9.554129">
        <ele>1501.5</ele>
      </trkpt>
      <trkpt lat="46.736533" lon="9.554053">
        <ele>1501.2</ele>
      </trkpt>
      <trkpt lat="46.736266" lon="9.553976">
        <ele>1501.9</ele>
      </trkpt>
      <trkpt lat="46.73585" lon="9.553847">
        <ele>1504.9</ele>
      </trkpt>
      <trkpt lat="46.735434" lon="9.553717">
        <ele>1507.9</ele>
      </trkpt>
      <trkpt lat="46.735233" lon="9.553762">
        <ele>1508.1</ele>
      </trkpt>
      <trkpt lat="46.73495" lon="9.553667">
        <ele>1505.6</ele>
      </trkpt>
      <trkpt lat="46.734726" lon="9.553541">
        <ele>1503.4</ele>
      </trkpt>
      <trkpt lat="46.734584" lon="9.553269">
        <ele>1501.5</ele>
      </trkpt>
      <trkpt lat="46.734442" lon="9.552997">
        <ele>1500.3</ele>
      </trkpt>
      <trkpt lat="46.734158" lon="9.552849">
        <ele>1497.8</ele>
      </trkpt>
      <trkpt lat="46.734006" lon="9.55284">
        <ele>1496.5</ele>
      </trkpt>
      <trkpt lat="46.733799" lon="9.552926">
        <ele>1494.8</ele>
      </trkpt>
      <trkpt lat="46.733537" lon="9.55316">
        <ele>1493.6</ele>
      </trkpt>
      <trkpt lat="46.733275" lon="9.553393">
        <ele>1496.0</ele>
      </trkpt>
      <trkpt lat="46.733001" lon="9.55349">
        <ele>1496.3</ele>
      </trkpt>
      <trkpt lat="46.732728" lon="9.553586">
        <ele>1491.5</ele>
      </trkpt>
      <trkpt lat="46.7324" lon="9.553816">
        <ele>1487.0</ele>
      </trkpt>
      <trkpt lat="46.732073" lon="9.554045">
        <ele>1486.9</ele>
      </trkpt>
      <trkpt lat="46.731746" lon="9.554275">
        <ele>1483.7</ele>
      </trkpt>
      <trkpt lat="46.731483" lon="9.554501">
        <ele>1482.1</ele>
      </trkpt>
      <trkpt lat="46.73129" lon="9.554764">
        <ele>1479.5</ele>
      </trkpt>
      <trkpt lat="46.731097" lon="9.555028">
        <ele>1479.1</ele>
      </trkpt>
      <trkpt lat="46.731069" lon="9.554962">
        <ele>1478.8</ele>
      </trkpt>
      <trkpt lat="46.730966" lon="9.554805">
        <ele>1479.1</ele>
      </trkpt>
      <trkpt lat="46.730707" lon="9.555211">
        <ele>1478.4</ele>
      </trkpt>
      <trkpt lat="46.730449" lon="9.555616">
        <ele>1478.1</ele>
      </trkpt>
      <trkpt lat="46.730216" lon="9.555974">
        <ele>1477.8</ele>
      </trkpt>
      <trkpt lat="46.729982" lon="9.556333">
        <ele>1477.5</ele>
      </trkpt>
      <trkpt lat="46.729749" lon="9.556691">
        <ele>1476.9</ele>
      </trkpt>
      <trkpt lat="46.729519" lon="9.556944">
        <ele>1476.2</ele>
      </trkpt>
      <trkpt lat="46.729414" lon="9.557044">
        <ele>1476.1</ele>
      </trkpt>
      <trkpt lat="46.729381" lon="9.556939">
        <ele>1475.5</ele>
      </trkpt>
      <trkpt lat="46.729391" lon="9.556816">
        <ele>1474.6</ele>
      </trkpt>
      <trkpt lat="46.72944" lon="9.556602">
        <ele>1472.8</ele>
      </trkpt>
      <trkpt lat="46.729454" lon="9.556452">
        <ele>1471.4</ele>
      </trkpt>
      <trkpt lat="46.729451" lon="9.556281">
        <ele>1470.0</ele>
      </trkpt>
      <trkpt lat="46.729434" lon="9.556133">
        <ele>1469.2</ele>
      </trkpt>
      <trkpt lat="46.729379" lon="9.555984">
        <ele>1468.8</ele>
      </trkpt>
      <trkpt lat="46.729337" lon="9.555899">
        <ele>1468.5</ele>
      </trkpt>
      <trkpt lat="46.729244" lon="9.55573">
        <ele>1468.4</ele>
      </trkpt>
      <trkpt lat="46.729181" lon="9.555629">
        <ele>1468.3</ele>
      </trkpt>
      <trkpt lat="46.728947" lon="9.555264">
        <ele>1467.9</ele>
      </trkpt>
      <trkpt lat="46.728754" lon="9.554938">
        <ele>1468.2</ele>
      </trkpt>
      <trkpt lat="46.728742" lon="9.554917">
        <ele>1468.2</ele>
      </trkpt>
      <trkpt lat="46.728726" lon="9.55489">
        <ele>1468.3</ele>
      </trkpt>
      <trkpt lat="46.728661" lon="9.554757">
        <ele>1468.4</ele>
      </trkpt>
      <trkpt lat="46.728572" lon="9.554569">
        <ele>1468.9</ele>
      </trkpt>
      <trkpt lat="46.728553" lon="9.554514">
        <ele>1469.1</ele>
      </trkpt>
      <trkpt lat="46.728509" lon="9.554386">
        <ele>1469.6</ele>
      </trkpt>
      <trkpt lat="46.728421" lon="9.554089">
        <ele>1470.6</ele>
      </trkpt>
      <trkpt lat="46.728255" lon="9.553533">
        <ele>1473.0</ele>
      </trkpt>
      <trkpt lat="46.728141" lon="9.553101">
        <ele>1475.1</ele>
      </trkpt>
      <trkpt lat="46.72802" lon="9.552759">
        <ele>1477.6</ele>
      </trkpt>
      <trkpt lat="46.727909" lon="9.552534">
        <ele>1480.1</ele>
      </trkpt>
      <trkpt lat="46.727823" lon="9.552365">
        <ele>1482.1</ele>
      </trkpt>
      <trkpt lat="46.727613" lon="9.552041">
        <ele>1485.8</ele>
      </trkpt>
      <trkpt lat="46.727387" lon="9.551701">
        <ele>1489.4</ele>
      </trkpt>
      <trkpt lat="46.727182" lon="9.551374">
        <ele>1492.6</ele>
      </trkpt>
      <trkpt lat="46.727078" lon="9.551091">
        <ele>1494.8</ele>
      </trkpt>
      <trkpt lat="46.727066" lon="9.551028">
        <ele>1495.2</ele>
      </trkpt>
      <trkpt lat="46.727041" lon="9.550899">
        <ele>1496.1</ele>
      </trkpt>
      <trkpt lat="46.727057" lon="9.550607">
        <ele>1498.1</ele>
      </trkpt>
      <trkpt lat="46.727133" lon="9.550184">
        <ele>1501.2</ele>
      </trkpt>
      <trkpt lat="46.727164" lon="9.549885">
        <ele>1503.0</ele>
      </trkpt>
      <trkpt lat="46.727156" lon="9.549666">
        <ele>1504.0</ele>
      </trkpt>
      <trkpt lat="46.727123" lon="9.549427">
        <ele>1504.9</ele>
      </trkpt>
      <trkpt lat="46.72703" lon="9.549216">
        <ele>1505.5</ele>
      </trkpt>
      <trkpt lat="46.726996" lon="9.54915">
        <ele>1505.7</ele>
      </trkpt>
      <trkpt lat="46.726954" lon="9.549068">
        <ele>1506.1</ele>
      </trkpt>
      <trkpt lat="46.726862" lon="9.548948">
        <ele>1506.7</ele>
      </trkpt>
      <trkpt lat="46.726715" lon="9.548778">
        <ele>1507.8</ele>
      </trkpt>
      <trkpt lat="46.726453" lon="9.54852">
        <ele>1509.5</ele>
      </trkpt>
      <trkpt lat="46.726192" lon="9.548261">
        <ele>1511.4</ele>
      </trkpt>
      <trkpt lat="46.725884" lon="9.547976">
        <ele>1513.2</ele>
      </trkpt>
      <trkpt lat="46.725577" lon="9.54769">
        <ele>1515.0</ele>
      </trkpt>
      <trkpt lat="46.725401" lon="9.547527">
        <ele>1516.0</ele>
      </trkpt>
      <trkpt lat="46.725311" lon="9.547438">
        <ele>1516.5</ele>
      </trkpt>
      <trkpt lat="46.725209" lon="9.547336">
        <ele>1517.1</ele>
      </trkpt>
      <trkpt lat="46.725265" lon="9.547013">
        <ele>1517.4</ele>
      </trkpt>
      <trkpt lat="46.72529" lon="9.546842">
        <ele>1517.8</ele>
      </trkpt>
      <trkpt lat="46.725329" lon="9.546805">
        <ele>1517.8</ele>
      </trkpt>
      <trkpt lat="46.725415" lon="9.546537">
        <ele>1518.4</ele>
        <name>Val Sporz, Lenzerheide/Lai</name>
        <extensions>
          <oa:Extension>
            <oa:mapZoom>15</oa:mapZoom>
          </oa:Extension>
        </extensions>
      </trkpt>
      <trkpt lat="46.7218" lon="9.530597">
        <ele>1753.65998</ele>
        <name>Tgantieni (Piz Scalottas), Vaz/Obervaz</name>
        <extensions>
          <oa:Extension>
            <oa:mapZoom>15</oa:mapZoom>
          </oa:Extension>
        </extensions>
      </trkpt>
      <trkpt lat="46.721825" lon="9.5112">
        <ele>2317.6</ele>
        <name>Piz Scalottas, Vaz/Obervaz</name>
        <extensions>
          <oa:locType>routingNode</oa:locType>
          <oa:Extension>
            <oa:mapZoom>15</oa:mapZoom>
          </oa:Extension>
        </extensions>
      </trkpt>
      <trkpt lat="46.72181" lon="9.511109">
        <ele>2318.9</ele>
      </trkpt>
      <trkpt lat="46.721811" lon="9.510932">
        <ele>2320.7</ele>
      </trkpt>
      <trkpt lat="46.721756" lon="9.51069">
        <ele>2322.2</ele>
      </trkpt>
      <trkpt lat="46.721665" lon="9.510559">
        <ele>2320.8</ele>
      </trkpt>
      <trkpt lat="46.721582" lon="9.510517">
        <ele>2320.1</ele>
      </trkpt>
      <trkpt lat="46.721139" lon="9.510454">
        <ele>2312.9</ele>
      </trkpt>
      <trkpt lat="46.721038" lon="9.510434">
        <ele>2311.5</ele>
      </trkpt>
      <trkpt lat="46.721009" lon="9.510428">
        <ele>2310.7</ele>
      </trkpt>
      <trkpt lat="46.72092" lon="9.510457">
        <ele>2306.7</ele>
      </trkpt>
      <trkpt lat="46.720731" lon="9.510499">
        <ele>2302.8</ele>
      </trkpt>
      <trkpt lat="46.720718" lon="9.510688">
        <ele>2299.4</ele>
      </trkpt>
      <trkpt lat="46.720718" lon="9.51095">
        <ele>2294.8</ele>
      </trkpt>
      <trkpt lat="46.720737" lon="9.511165">
        <ele>2290.5</ele>
      </trkpt>
      <trkpt lat="46.720644" lon="9.511197">
        <ele>2289.1</ele>
      </trkpt>
      <trkpt lat="46.720568" lon="9.511292">
        <ele>2287.3</ele>
      </trkpt>
      <trkpt lat="46.720527" lon="9.511316">
        <ele>2286.5</ele>
      </trkpt>
      <trkpt lat="46.720463" lon="9.511298">
        <ele>2286.5</ele>
      </trkpt>
      <trkpt lat="46.720411" lon="9.511278">
        <ele>2286.9</ele>
      </trkpt>
      <trkpt lat="46.720359" lon="9.511299">
        <ele>2286.0</ele>
      </trkpt>
      <trkpt lat="46.720341" lon="9.511346">
        <ele>2284.9</ele>
      </trkpt>
      <trkpt lat="46.720365" lon="9.511394">
        <ele>2283.6</ele>
      </trkpt>
      <trkpt lat="46.720482" lon="9.511492">
        <ele>2282.6</ele>
      </trkpt>
      <trkpt lat="46.720527" lon="9.511561">
        <ele>2281.9</ele>
      </trkpt>
      <trkpt lat="46.720638" lon="9.511787">
        <ele>2279.0</ele>
      </trkpt>
      <trkpt lat="46.720746" lon="9.511875">
        <ele>2278.6</ele>
      </trkpt>
      <trkpt lat="46.720844" lon="9.512063">
        <ele>2276.1</ele>
      </trkpt>
      <trkpt lat="46.7209" lon="9.512281">
        <ele>2273.8</ele>
      </trkpt>
      <trkpt lat="46.720982" lon="9.512476">
        <ele>2270.9</ele>
      </trkpt>
      <trkpt lat="46.721087" lon="9.512594">
        <ele>2270.3</ele>
      </trkpt>
      <trkpt lat="46.721108" lon="9.512659">
        <ele>2269.4</ele>
      </trkpt>
      <trkpt lat="46.721099" lon="9.51271">
        <ele>2267.9</ele>
      </trkpt>
      <trkpt lat="46.721066" lon="9.51273">
        <ele>2266.7</ele>
      </trkpt>
      <trkpt lat="46.720858" lon="9.512671">
        <ele>2263.2</ele>
      </trkpt>
      <trkpt lat="46.720754" lon="9.51247">
        <ele>2263.0</ele>
      </trkpt>
      <trkpt lat="46.720713" lon="9.512435">
        <ele>2262.8</ele>
      </trkpt>
      <trkpt lat="46.720595" lon="9.512399">
        <ele>2262.3</ele>
      </trkpt>
      <trkpt lat="46.720293" lon="9.512346">
        <ele>2259.1</ele>
      </trkpt>
      <trkpt lat="46.72024" lon="9.512359">
        <ele>2258.2</ele>
      </trkpt>
      <trkpt lat="46.720223" lon="9.512398">
        <ele>2257.4</ele>
      </trkpt>
      <trkpt lat="46.720225" lon="9.512454">
        <ele>2256.5</ele>
      </trkpt>
      <trkpt lat="46.720253" lon="9.512487">
        <ele>2255.8</ele>
      </trkpt>
      <trkpt lat="46.720345" lon="9.512501">
        <ele>2255.2</ele>
      </trkpt>
      <trkpt lat="46.720418" lon="9.512532">
        <ele>2255.1</ele>
      </trkpt>
      <trkpt lat="46.720477" lon="9.512582">
        <ele>2254.1</ele>
      </trkpt>
      <trkpt lat="46.720507" lon="9.512627">
        <ele>2253.3</ele>
      </trkpt>
      <trkpt lat="46.720573" lon="9.512938">
        <ele>2250.3</ele>
      </trkpt>
      <trkpt lat="46.720652" lon="9.513032">
        <ele>2248.7</ele>
      </trkpt>
      <trkpt lat="46.720703" lon="9.513085">
        <ele>2247.9</ele>
      </trkpt>
      <trkpt lat="46.720725" lon="9.51314">
        <ele>2247.7</ele>
      </trkpt>
      <trkpt lat="46.720719" lon="9.513187">
        <ele>2246.7</ele>
      </trkpt>
      <trkpt lat="46.72069" lon="9.513217">
        <ele>2245.4</ele>
      </trkpt>
      <trkpt lat="46.72065" lon="9.513217">
        <ele>2244.2</ele>
      </trkpt>
      <trkpt lat="46.720587" lon="9.513171">
        <ele>2244.2</ele>
      </trkpt>
      <trkpt lat="46.720558" lon="9.51316">
        <ele>2244.2</ele>
      </trkpt>
      <trkpt lat="46.720524" lon="9.513173">
        <ele>2243.7</ele>
      </trkpt>
      <trkpt lat="46.720521" lon="9.513214">
        <ele>2242.6</ele>
      </trkpt>
      <trkpt lat="46.720547" lon="9.513261">
        <ele>2241.8</ele>
      </trkpt>
      <trkpt lat="46.720624" lon="9.513299">
        <ele>2241.7</ele>
      </trkpt>
      <trkpt lat="46.720647" lon="9.513337">
        <ele>2240.5</ele>
      </trkpt>
      <trkpt lat="46.720639" lon="9.51337">
        <ele>2239.0</ele>
      </trkpt>
      <trkpt lat="46.720581" lon="9.513404">
        <ele>2237.7</ele>
      </trkpt>
      <trkpt lat="46.720481" lon="9.513391">
        <ele>2236.6</ele>
      </trkpt>
      <trkpt lat="46.720444" lon="9.513365">
        <ele>2236.6</ele>
      </trkpt>
      <trkpt lat="46.720417" lon="9.513369">
        <ele>2235.7</ele>
      </trkpt>
      <trkpt lat="46.720401" lon="9.513399">
        <ele>2234.5</ele>
      </trkpt>
      <trkpt lat="46.720427" lon="9.513434">
        <ele>2234.1</ele>
      </trkpt>
      <trkpt lat="46.720518" lon="9.513465">
        <ele>2234.5</ele>
      </trkpt>
      <trkpt lat="46.720567" lon="9.513511">
        <ele>2233.1</ele>
      </trkpt>
      <trkpt lat="46.720637" lon="9.513544">
        <ele>2232.7</ele>
        <name>June Hütte Trail, Vaz/Obervaz</name>
        <extensions>
          <oa:locType>routingNode</oa:locType>
          <oa:Extension>
            <oa:mapZoom>15</oa:mapZoom>
          </oa:Extension>
        </extensions>
      </trkpt>
      <trkpt lat="46.720649" lon="9.51355">
        <ele>2232.6</ele>
      </trkpt>
      <trkpt lat="46.720698" lon="9.513546">
        <ele>2233.2</ele>
      </trkpt>
      <trkpt lat="46.720835" lon="9.513659">
        <ele>2230.6</ele>
      </trkpt>
      <trkpt lat="46.720918" lon="9.513777">
        <ele>2229.0</ele>
      </trkpt>
      <trkpt lat="46.720949" lon="9.513802">
        <ele>2228.8</ele>
      </trkpt>
      <trkpt lat="46.720981" lon="9.51381">
        <ele>2229.1</ele>
      </trkpt>
      <trkpt lat="46.721009" lon="9.513831">
        <ele>2229.0</ele>
      </trkpt>
      <trkpt lat="46.72102" lon="9.513877">
        <ele>2228.2</ele>
      </trkpt>
      <trkpt lat="46.720995" lon="9.513902">
        <ele>2227.3</ele>
      </trkpt>
      <trkpt lat="46.720946" lon="9.5139">
        <ele>2226.7</ele>
      </trkpt>
      <trkpt lat="46.720896" lon="9.513879">
        <ele>2226.5</ele>
      </trkpt>
      <trkpt lat="46.720831" lon="9.513859">
        <ele>2226.1</ele>
      </trkpt>
      <trkpt lat="46.72077" lon="9.513846">
        <ele>2226.1</ele>
      </trkpt>
      <trkpt lat="46.720736" lon="9.513867">
        <ele>2225.3</ele>
      </trkpt>
      <trkpt lat="46.720731" lon="9.513902">
        <ele>2224.6</ele>
      </trkpt>
      <trkpt lat="46.720745" lon="9.513938">
        <ele>2224.1</ele>
      </trkpt>
      <trkpt lat="46.72079" lon="9.513966">
        <ele>2224.0</ele>
      </trkpt>
      <trkpt lat="46.720849" lon="9.51406">
        <ele>2222.8</ele>
      </trkpt>
      <trkpt lat="46.720915" lon="9.514112">
        <ele>2222.0</ele>
      </trkpt>
      <trkpt lat="46.720968" lon="9.514179">
        <ele>2221.5</ele>
      </trkpt>
      <trkpt lat="46.721014" lon="9.514205">
        <ele>2221.2</ele>
      </trkpt>
      <trkpt lat="46.721109" lon="9.514224">
        <ele>2220.3</ele>
      </trkpt>
      <trkpt lat="46.721238" lon="9.514202">
        <ele>2219.2</ele>
      </trkpt>
      <trkpt lat="46.721291" lon="9.514218">
        <ele>2217.9</ele>
      </trkpt>
      <trkpt lat="46.721328" lon="9.514201">
        <ele>2217.7</ele>
      </trkpt>
      <trkpt lat="46.721437" lon="9.514206">
        <ele>2216.0</ele>
      </trkpt>
      <trkpt lat="46.721493" lon="9.514146">
        <ele>2217.0</ele>
      </trkpt>
      <trkpt lat="46.721563" lon="9.514149">
        <ele>2216.5</ele>
      </trkpt>
      <trkpt lat="46.721615" lon="9.514141">
        <ele>2215.4</ele>
      </trkpt>
      <trkpt lat="46.721662" lon="9.5141">
        <ele>2216.0</ele>
      </trkpt>
      <trkpt lat="46.72171" lon="9.514119">
        <ele>2215.4</ele>
      </trkpt>
      <trkpt lat="46.721729" lon="9.514118">
        <ele>2215.0</ele>
      </trkpt>
      <trkpt lat="46.721763" lon="9.514077">
        <ele>2214.8</ele>
      </trkpt>
      <trkpt lat="46.7218" lon="9.514066">
        <ele>2214.7</ele>
      </trkpt>
      <trkpt lat="46.721836" lon="9.514075">
        <ele>2214.0</ele>
      </trkpt>
      <trkpt lat="46.721864" lon="9.514057">
        <ele>2214.2</ele>
      </trkpt>
      <trkpt lat="46.721911" lon="9.513921">
        <ele>2216.5</ele>
      </trkpt>
      <trkpt lat="46.721932" lon="9.513882">
        <ele>2216.7</ele>
      </trkpt>
      <trkpt lat="46.721954" lon="9.513885">
        <ele>2216.5</ele>
      </trkpt>
      <trkpt lat="46.722005" lon="9.513903">
        <ele>2216.6</ele>
      </trkpt>
      <trkpt lat="46.722092" lon="9.513906">
        <ele>2216.9</ele>
      </trkpt>
      <trkpt lat="46.722159" lon="9.513879">
        <ele>2217.6</ele>
      </trkpt>
      <trkpt lat="46.722228" lon="9.513876">
        <ele>2217.9</ele>
      </trkpt>
      <trkpt lat="46.722325" lon="9.513899">
        <ele>2216.8</ele>
      </trkpt>
      <trkpt lat="46.722412" lon="9.513877">
        <ele>2217.3</ele>
      </trkpt>
      <trkpt lat="46.72244" lon="9.513858">
        <ele>2217.8</ele>
      </trkpt>
      <trkpt lat="46.72248" lon="9.513854">
        <ele>2218.0</ele>
      </trkpt>
      <trkpt lat="46.722515" lon="9.51387">
        <ele>2218.1</ele>
      </trkpt>
      <trkpt lat="46.722641" lon="9.513831">
        <ele>2217.5</ele>
      </trkpt>
      <trkpt lat="46.722701" lon="9.513732">
        <ele>2217.6</ele>
      </trkpt>
      <trkpt lat="46.722725" lon="9.513667">
        <ele>2217.6</ele>
      </trkpt>
      <trkpt lat="46.72273" lon="9.513591">
        <ele>2218.0</ele>
      </trkpt>
      <trkpt lat="46.72276" lon="9.513501">
        <ele>2218.7</ele>
      </trkpt>
      <trkpt lat="46.722818" lon="9.513422">
        <ele>2218.2</ele>
      </trkpt>
      <trkpt lat="46.722878" lon="9.513303">
        <ele>2217.8</ele>
      </trkpt>
      <trkpt lat="46.722914" lon="9.513237">
        <ele>2218.1</ele>
      </trkpt>
      <trkpt lat="46.722963" lon="9.513205">
        <ele>2218.2</ele>
      </trkpt>
      <trkpt lat="46.723017" lon="9.513189">
        <ele>2218.4</ele>
      </trkpt>
      <trkpt lat="46.72305" lon="9.513153">
        <ele>2218.8</ele>
      </trkpt>
      <trkpt lat="46.723096" lon="9.513095">
        <ele>2218.8</ele>
      </trkpt>
      <trkpt lat="46.723184" lon="9.51306">
        <ele>2218.0</ele>
      </trkpt>
      <trkpt lat="46.723264" lon="9.513043">
        <ele>2217.5</ele>
      </trkpt>
      <trkpt lat="46.723492" lon="9.513096">
        <ele>2216.1</ele>
      </trkpt>
      <trkpt lat="46.723537" lon="9.513138">
        <ele>2215.4</ele>
      </trkpt>
      <trkpt lat="46.72358" lon="9.513144">
        <ele>2215.3</ele>
      </trkpt>
      <trkpt lat="46.723668" lon="9.51314">
        <ele>2215.0</ele>
      </trkpt>
      <trkpt lat="46.723707" lon="9.513164">
        <ele>2214.4</ele>
      </trkpt>
      <trkpt lat="46.723834" lon="9.513199">
        <ele>2214.8</ele>
      </trkpt>
      <trkpt lat="46.723863" lon="9.513247">
        <ele>2214.2</ele>
      </trkpt>
      <trkpt lat="46.723932" lon="9.513336">
        <ele>2213.4</ele>
      </trkpt>
      <trkpt lat="46.72397" lon="9.513366">
        <ele>2213.3</ele>
      </trkpt>
      <trkpt lat="46.724048" lon="9.513411">
        <ele>2214.1</ele>
      </trkpt>
      <trkpt lat="46.724116" lon="9.513521">
        <ele>2214.3</ele>
      </trkpt>
      <trkpt lat="46.724141" lon="9.513595">
        <ele>2214.0</ele>
      </trkpt>
      <trkpt lat="46.724182" lon="9.51376">
        <ele>2212.6</ele>
      </trkpt>
      <trkpt lat="46.724261" lon="9.513873">
        <ele>2211.5</ele>
      </trkpt>
      <trkpt lat="46.724306" lon="9.513885">
        <ele>2211.8</ele>
      </trkpt>
      <trkpt lat="46.724421" lon="9.514013">
        <ele>2210.7</ele>
      </trkpt>
      <trkpt lat="46.724511" lon="9.514059">
        <ele>2210.5</ele>
      </trkpt>
      <trkpt lat="46.724589" lon="9.514085">
        <ele>2210.1</ele>
      </trkpt>
      <trkpt lat="46.724654" lon="9.514063">
        <ele>2209.8</ele>
      </trkpt>
      <trkpt lat="46.724741" lon="9.513998">
        <ele>2209.9</ele>
      </trkpt>
      <trkpt lat="46.724861" lon="9.513929">
        <ele>2209.4</ele>
      </trkpt>
      <trkpt lat="46.724974" lon="9.513881">
        <ele>2207.8</ele>
      </trkpt>
      <trkpt lat="46.725043" lon="9.513834">
        <ele>2206.7</ele>
      </trkpt>
      <trkpt lat="46.725092" lon="9.513736">
        <ele>2207.2</ele>
      </trkpt>
      <trkpt lat="46.725184" lon="9.513676">
        <ele>2205.2</ele>
      </trkpt>
      <trkpt lat="46.72522" lon="9.513659">
        <ele>2204.7</ele>
      </trkpt>
      <trkpt lat="46.725332" lon="9.513738">
        <ele>2202.4</ele>
      </trkpt>
      <trkpt lat="46.725471" lon="9.513726">
        <ele>2201.7</ele>
      </trkpt>
      <trkpt lat="46.725491" lon="9.513777">
        <ele>2201.1</ele>
      </trkpt>
      <trkpt lat="46.725519" lon="9.513923">
        <ele>2199.7</ele>
      </trkpt>
      <trkpt lat="46.72556" lon="9.513995">
        <ele>2199.1</ele>
      </trkpt>
      <trkpt lat="46.725642" lon="9.514028">
        <ele>2199.6</ele>
      </trkpt>
      <trkpt lat="46.725678" lon="9.514141">
        <ele>2198.6</ele>
      </trkpt>
      <trkpt lat="46.725736" lon="9.51415">
        <ele>2198.8</ele>
      </trkpt>
      <trkpt lat="46.72578" lon="9.514137">
        <ele>2198.9</ele>
      </trkpt>
      <trkpt lat="46.725792" lon="9.514174">
        <ele>2198.5</ele>
      </trkpt>
      <trkpt lat="46.725761" lon="9.514203">
        <ele>2198.1</ele>
      </trkpt>
      <trkpt lat="46.725734" lon="9.51422">
        <ele>2197.8</ele>
      </trkpt>
      <trkpt lat="46.725752" lon="9.514266">
        <ele>2197.3</ele>
      </trkpt>
      <trkpt lat="46.725841" lon="9.514303">
        <ele>2196.8</ele>
      </trkpt>
      <trkpt lat="46.725901" lon="9.514285">
        <ele>2196.5</ele>
      </trkpt>
      <trkpt lat="46.725979" lon="9.514216">
        <ele>2195.8</ele>
      </trkpt>
      <trkpt lat="46.726016" lon="9.51412">
        <ele>2195.3</ele>
      </trkpt>
      <trkpt lat="46.726097" lon="9.514046">
        <ele>2193.9</ele>
      </trkpt>
      <trkpt lat="46.72616" lon="9.514029">
        <ele>2192.3</ele>
      </trkpt>
      <trkpt lat="46.726222" lon="9.514035">
        <ele>2191.1</ele>
      </trkpt>
      <trkpt lat="46.726274" lon="9.513988">
        <ele>2190.6</ele>
      </trkpt>
      <trkpt lat="46.726287" lon="9.513896">
        <ele>2191.1</ele>
      </trkpt>
      <trkpt lat="46.726318" lon="9.51387">
        <ele>2190.9</ele>
      </trkpt>
      <trkpt lat="46.726352" lon="9.513859">
        <ele>2190.6</ele>
      </trkpt>
      <trkpt lat="46.726416" lon="9.513936">
        <ele>2189.8</ele>
      </trkpt>
      <trkpt lat="46.726522" lon="9.513955">
        <ele>2189.3</ele>
      </trkpt>
      <trkpt lat="46.72658" lon="9.514018">
        <ele>2188.4</ele>
      </trkpt>
      <trkpt lat="46.726668" lon="9.514052">
        <ele>2187.5</ele>
      </trkpt>
      <trkpt lat="46.726686" lon="9.514087">
        <ele>2186.9</ele>
      </trkpt>
      <trkpt lat="46.72678" lon="9.514139">
        <ele>2186.2</ele>
      </trkpt>
      <trkpt lat="46.72695" lon="9.514328">
        <ele>2183.1</ele>
      </trkpt>
      <trkpt lat="46.72705" lon="9.514545">
        <ele>2180.1</ele>
      </trkpt>
      <trkpt lat="46.727131" lon="9.514661">
        <ele>2178.3</ele>
      </trkpt>
      <trkpt lat="46.727239" lon="9.514721">
        <ele>2176.7</ele>
      </trkpt>
      <trkpt lat="46.727291" lon="9.514826">
        <ele>2175.4</ele>
      </trkpt>
      <trkpt lat="46.727427" lon="9.514928">
        <ele>2173.5</ele>
      </trkpt>
      <trkpt lat="46.727502" lon="9.514987">
        <ele>2171.9</ele>
      </trkpt>
      <trkpt lat="46.727579" lon="9.515001">
        <ele>2171.4</ele>
      </trkpt>
      <trkpt lat="46.727646" lon="9.514993">
        <ele>2171.6</ele>
      </trkpt>
      <trkpt lat="46.727703" lon="9.514995">
        <ele>2171.5</ele>
      </trkpt>
      <trkpt lat="46.727736" lon="9.515019">
        <ele>2170.6</ele>
      </trkpt>
      <trkpt lat="46.72773" lon="9.515065">
        <ele>2170.0</ele>
      </trkpt>
      <trkpt lat="46.727704" lon="9.515102">
        <ele>2169.6</ele>
      </trkpt>
      <trkpt lat="46.727613" lon="9.515129">
        <ele>2167.8</ele>
      </trkpt>
      <trkpt lat="46.727521" lon="9.515106">
        <ele>2168.3</ele>
      </trkpt>
      <trkpt lat="46.727448" lon="9.515141">
        <ele>2167.6</ele>
      </trkpt>
      <trkpt lat="46.727368" lon="9.51516">
        <ele>2167.6</ele>
      </trkpt>
      <trkpt lat="46.72734" lon="9.515202">
        <ele>2167.2</ele>
      </trkpt>
      <trkpt lat="46.727348" lon="9.515253">
        <ele>2166.3</ele>
      </trkpt>
      <trkpt lat="46.72739" lon="9.515271">
        <ele>2165.9</ele>
      </trkpt>
      <trkpt lat="46.727517" lon="9.515284">
        <ele>2164.5</ele>
      </trkpt>
      <trkpt lat="46.727693" lon="9.515293">
        <ele>2163.5</ele>
      </trkpt>
      <trkpt lat="46.727802" lon="9.515303">
        <ele>2161.8</ele>
      </trkpt>
      <trkpt lat="46.727927" lon="9.515225">
        <ele>2161.7</ele>
      </trkpt>
      <trkpt lat="46.728112" lon="9.515207">
        <ele>2160.5</ele>
      </trkpt>
      <trkpt lat="46.728153" lon="9.515207">
        <ele>2161.1</ele>
      </trkpt>
      <trkpt lat="46.728247" lon="9.515305">
        <ele>2158.9</ele>
      </trkpt>
      <trkpt lat="46.728338" lon="9.515336">
        <ele>2159.0</ele>
      </trkpt>
      <trkpt lat="46.728415" lon="9.515373">
        <ele>2158.3</ele>
      </trkpt>
      <trkpt lat="46.728511" lon="9.515505">
        <ele>2155.2</ele>
      </trkpt>
      <trkpt lat="46.728556" lon="9.515551">
        <ele>2154.3</ele>
      </trkpt>
      <trkpt lat="46.728696" lon="9.51555">
        <ele>2154.6</ele>
      </trkpt>
      <trkpt lat="46.728759" lon="9.515553">
        <ele>2154.8</ele>
      </trkpt>
      <trkpt lat="46.728864" lon="9.515605">
        <ele>2153.2</ele>
      </trkpt>
      <trkpt lat="46.728965" lon="9.515593">
        <ele>2153.0</ele>
      </trkpt>
      <trkpt lat="46.729075" lon="9.515574">
        <ele>2152.9</ele>
      </trkpt>
      <trkpt lat="46.729149" lon="9.515534">
        <ele>2153.0</ele>
      </trkpt>
      <trkpt lat="46.729195" lon="9.515561">
        <ele>2151.9</ele>
      </trkpt>
      <trkpt lat="46.729213" lon="9.515603">
        <ele>2150.4</ele>
      </trkpt>
      <trkpt lat="46.729205" lon="9.515662">
        <ele>2148.9</ele>
      </trkpt>
      <trkpt lat="46.729156" lon="9.515732">
        <ele>2147.8</ele>
      </trkpt>
      <trkpt lat="46.729025" lon="9.51585">
        <ele>2145.3</ele>
      </trkpt>
      <trkpt lat="46.728917" lon="9.515943">
        <ele>2142.3</ele>
      </trkpt>
      <trkpt lat="46.728817" lon="9.516014">
        <ele>2139.8</ele>
      </trkpt>
      <trkpt lat="46.728773" lon="9.516021">
        <ele>2139.7</ele>
      </trkpt>
      <trkpt lat="46.728633" lon="9.516003">
        <ele>2141.1</ele>
      </trkpt>
      <trkpt lat="46.728579" lon="9.516059">
        <ele>2140.9</ele>
      </trkpt>
      <trkpt lat="46.728583" lon="9.516148">
        <ele>2139.5</ele>
      </trkpt>
      <trkpt lat="46.728616" lon="9.516208">
        <ele>2138.6</ele>
      </trkpt>
      <trkpt lat="46.728707" lon="9.516215">
        <ele>2137.8</ele>
      </trkpt>
      <trkpt lat="46.728781" lon="9.516265">
        <ele>2136.2</ele>
      </trkpt>
      <trkpt lat="46.72885" lon="9.516256">
        <ele>2135.7</ele>
      </trkpt>
      <trkpt lat="46.728959" lon="9.516178">
        <ele>2135.5</ele>
      </trkpt>
      <trkpt lat="46.729134" lon="9.51611">
        <ele>2135.4</ele>
      </trkpt>
      <trkpt lat="46.729227" lon="9.515997">
        <ele>2134.7</ele>
      </trkpt>
      <trkpt lat="46.729344" lon="9.515917">
        <ele>2133.1</ele>
      </trkpt>
      <trkpt lat="46.72952" lon="9.515881">
        <ele>2131.9</ele>
      </trkpt>
      <trkpt lat="46.729602" lon="9.515787">
        <ele>2131.9</ele>
      </trkpt>
      <trkpt lat="46.729783" lon="9.515803">
        <ele>2131.2</ele>
      </trkpt>
      <trkpt lat="46.729928" lon="9.515856">
        <ele>2129.7</ele>
      </trkpt>
      <trkpt lat="46.730052" lon="9.515809">
        <ele>2130.1</ele>
      </trkpt>
      <trkpt lat="46.730127" lon="9.515867">
        <ele>2127.6</ele>
      </trkpt>
      <trkpt lat="46.730179" lon="9.515855">
        <ele>2127.3</ele>
      </trkpt>
      <trkpt lat="46.730254" lon="9.515882">
        <ele>2125.9</ele>
      </trkpt>
      <trkpt lat="46.73034" lon="9.515842">
        <ele>2126.8</ele>
      </trkpt>
      <trkpt lat="46.730447" lon="9.515847">
        <ele>2126.0</ele>
      </trkpt>
      <trkpt lat="46.730521" lon="9.515892">
        <ele>2125.5</ele>
      </trkpt>
      <trkpt lat="46.730627" lon="9.515945">
        <ele>2125.6</ele>
      </trkpt>
      <trkpt lat="46.730681" lon="9.516028">
        <ele>2123.9</ele>
      </trkpt>
      <trkpt lat="46.730784" lon="9.516063">
        <ele>2122.1</ele>
      </trkpt>
      <trkpt lat="46.730847" lon="9.51607">
        <ele>2121.1</ele>
      </trkpt>
      <trkpt lat="46.730905" lon="9.516106">
        <ele>2120.0</ele>
      </trkpt>
      <trkpt lat="46.730962" lon="9.516189">
        <ele>2119.3</ele>
      </trkpt>
      <trkpt lat="46.731083" lon="9.516227">
        <ele>2117.8</ele>
      </trkpt>
      <trkpt lat="46.731163" lon="9.516197">
        <ele>2117.7</ele>
      </trkpt>
      <trkpt lat="46.731285" lon="9.51618">
        <ele>2117.3</ele>
      </trkpt>
      <trkpt lat="46.731329" lon="9.516204">
        <ele>2116.6</ele>
      </trkpt>
      <trkpt lat="46.73133" lon="9.516238">
        <ele>2115.3</ele>
      </trkpt>
      <trkpt lat="46.73131" lon="9.516273">
        <ele>2114.1</ele>
      </trkpt>
      <trkpt lat="46.731208" lon="9.516332">
        <ele>2112.3</ele>
      </trkpt>
      <trkpt lat="46.731067" lon="9.516386">
        <ele>2110.6</ele>
      </trkpt>
      <trkpt lat="46.730961" lon="9.516396">
        <ele>2109.3</ele>
      </trkpt>
      <trkpt lat="46.730899" lon="9.516423">
        <ele>2107.8</ele>
      </trkpt>
      <trkpt lat="46.730835" lon="9.51642">
        <ele>2108.3</ele>
      </trkpt>
      <trkpt lat="46.730805" lon="9.516461">
        <ele>2107.4</ele>
      </trkpt>
      <trkpt lat="46.730829" lon="9.516493">
        <ele>2106.3</ele>
      </trkpt>
      <trkpt lat="46.731043" lon="9.516554">
        <ele>2104.9</ele>
      </trkpt>
      <trkpt lat="46.731319" lon="9.516641">
        <ele>2103.7</ele>
      </trkpt>
      <trkpt lat="46.731387" lon="9.516676">
        <ele>2103.1</ele>
      </trkpt>
      <trkpt lat="46.731466" lon="9.516685">
        <ele>2103.2</ele>
      </trkpt>
      <trkpt lat="46.731523" lon="9.516734">
        <ele>2102.4</ele>
      </trkpt>
      <trkpt lat="46.73162" lon="9.516758">
        <ele>2101.0</ele>
      </trkpt>
      <trkpt lat="46.73167" lon="9.516756">
        <ele>2100.2</ele>
      </trkpt>
      <trkpt lat="46.731777" lon="9.516683">
        <ele>2099.5</ele>
      </trkpt>
      <trkpt lat="46.73186" lon="9.516628">
        <ele>2098.6</ele>
      </trkpt>
      <trkpt lat="46.731935" lon="9.516619">
        <ele>2098.1</ele>
      </trkpt>
      <trkpt lat="46.732017" lon="9.516631">
        <ele>2097.1</ele>
      </trkpt>
      <trkpt lat="46.732066" lon="9.516628">
        <ele>2096.7</ele>
      </trkpt>
      <trkpt lat="46.732275" lon="9.516523">
        <ele>2095.4</ele>
      </trkpt>
      <trkpt lat="46.732395" lon="9.516488">
        <ele>2094.2</ele>
      </trkpt>
      <trkpt lat="46.73244" lon="9.516446">
        <ele>2094.6</ele>
      </trkpt>
      <trkpt lat="46.732559" lon="9.516447">
        <ele>2094.6</ele>
      </trkpt>
      <trkpt lat="46.732672" lon="9.516361">
        <ele>2094.0</ele>
      </trkpt>
      <trkpt lat="46.732813" lon="9.516375">
        <ele>2093.5</ele>
      </trkpt>
      <trkpt lat="46.732978" lon="9.516472">
        <ele>2091.6</ele>
      </trkpt>
      <trkpt lat="46.733057" lon="9.516485">
        <ele>2091.5</ele>
      </trkpt>
      <trkpt lat="46.733186" lon="9.516589">
        <ele>2089.9</ele>
      </trkpt>
      <trkpt lat="46.733289" lon="9.516714">
        <ele>2090.1</ele>
      </trkpt>
      <trkpt lat="46.733305" lon="9.516909">
        <ele>2088.0</ele>
      </trkpt>
      <trkpt lat="46.733363" lon="9.516937">
        <ele>2087.2</ele>
      </trkpt>
      <trkpt lat="46.733427" lon="9.517018">
        <ele>2085.0</ele>
      </trkpt>
      <trkpt lat="46.73344" lon="9.517053">
        <ele>2084.4</ele>
      </trkpt>
      <trkpt lat="46.733441" lon="9.517145">
        <ele>2083.3</ele>
      </trkpt>
      <trkpt lat="46.733413" lon="9.517198">
        <ele>2082.9</ele>
      </trkpt>
      <trkpt lat="46.733309" lon="9.517282">
        <ele>2082.1</ele>
      </trkpt>
      <trkpt lat="46.733238" lon="9.517376">
        <ele>2082.0</ele>
      </trkpt>
      <trkpt lat="46.733236" lon="9.517461">
        <ele>2081.3</ele>
      </trkpt>
      <trkpt lat="46.733289" lon="9.517528">
        <ele>2080.7</ele>
      </trkpt>
      <trkpt lat="46.733358" lon="9.517631">
        <ele>2079.1</ele>
      </trkpt>
      <trkpt lat="46.733443" lon="9.517684">
        <ele>2078.1</ele>
      </trkpt>
      <trkpt lat="46.733539" lon="9.5177">
        <ele>2076.5</ele>
      </trkpt>
      <trkpt lat="46.733608" lon="9.517683">
        <ele>2075.3</ele>
      </trkpt>
      <trkpt lat="46.733744" lon="9.517567">
        <ele>2073.9</ele>
      </trkpt>
      <trkpt lat="46.733757" lon="9.517558">
        <ele>2073.8</ele>
      </trkpt>
      <trkpt lat="46.733813" lon="9.51761">
        <ele>2073.1</ele>
      </trkpt>
      <trkpt lat="46.733884" lon="9.517639">
        <ele>2072.3</ele>
      </trkpt>
      <trkpt lat="46.733948" lon="9.517709">
        <ele>2070.7</ele>
      </trkpt>
      <trkpt lat="46.734028" lon="9.517895">
        <ele>2068.3</ele>
      </trkpt>
      <trkpt lat="46.734141" lon="9.518411">
        <ele>2062.2</ele>
      </trkpt>
      <trkpt lat="46.734148" lon="9.518578">
        <ele>2059.9</ele>
      </trkpt>
      <trkpt lat="46.734137" lon="9.518648">
        <ele>2058.6</ele>
      </trkpt>
      <trkpt lat="46.734079" lon="9.518778">
        <ele>2055.7</ele>
      </trkpt>
      <trkpt lat="46.73402" lon="9.518798">
        <ele>2053.8</ele>
      </trkpt>
      <trkpt lat="46.733835" lon="9.518784">
        <ele>2047.5</ele>
      </trkpt>
      <trkpt lat="46.733759" lon="9.518821">
        <ele>2046.3</ele>
      </trkpt>
      <trkpt lat="46.733557" lon="9.519207">
        <ele>2040.2</ele>
      </trkpt>
      <trkpt lat="46.733454" lon="9.519335">
        <ele>2037.4</ele>
      </trkpt>
      <trkpt lat="46.733239" lon="9.519506">
        <ele>2033.0</ele>
      </trkpt>
      <trkpt lat="46.733023" lon="9.519677">
        <ele>2025.0</ele>
      </trkpt>
      <trkpt lat="46.732815" lon="9.519857">
        <ele>2020.6</ele>
      </trkpt>
      <trkpt lat="46.73274" lon="9.520001">
        <ele>2017.6</ele>
      </trkpt>
      <trkpt lat="46.732752" lon="9.520085">
        <ele>2015.2</ele>
      </trkpt>
      <trkpt lat="46.732946" lon="9.520312">
        <ele>2011.6</ele>
      </trkpt>
      <trkpt lat="46.73314" lon="9.52054">
        <ele>2004.4</ele>
      </trkpt>
      <trkpt lat="46.733362" lon="9.52066">
        <ele>1999.2</ele>
      </trkpt>
      <trkpt lat="46.733496" lon="9.52081">
        <ele>1994.8</ele>
      </trkpt>
      <trkpt lat="46.733661" lon="9.520993">
        <ele>1989.4</ele>
      </trkpt>
      <trkpt lat="46.733738" lon="9.521091">
        <ele>1986.5</ele>
      </trkpt>
      <trkpt lat="46.733745" lon="9.52118">
        <ele>1984.9</ele>
      </trkpt>
      <trkpt lat="46.733711" lon="9.521273">
        <ele>1983.5</ele>
      </trkpt>
      <trkpt lat="46.733658" lon="9.521356">
        <ele>1982.3</ele>
      </trkpt>
      <trkpt lat="46.733538" lon="9.521483">
        <ele>1981.3</ele>
      </trkpt>
      <trkpt lat="46.733526" lon="9.521502">
        <ele>1981.1</ele>
      </trkpt>
      <trkpt lat="46.73349" lon="9.521559">
        <ele>1980.8</ele>
      </trkpt>
      <trkpt lat="46.733514" lon="9.521588">
        <ele>1980.5</ele>
      </trkpt>
      <trkpt lat="46.733546" lon="9.521606">
        <ele>1980.3</ele>
      </trkpt>
      <trkpt lat="46.733729" lon="9.521744">
        <ele>1978.9</ele>
      </trkpt>
      <trkpt lat="46.733902" lon="9.521911">
        <ele>1978.8</ele>
      </trkpt>
      <trkpt lat="46.73402" lon="9.521995">
        <ele>1977.9</ele>
      </trkpt>
      <trkpt lat="46.73415" lon="9.522057">
        <ele>1976.8</ele>
      </trkpt>
      <trkpt lat="46.734363" lon="9.522128">
        <ele>1975.5</ele>
      </trkpt>
      <trkpt lat="46.734535" lon="9.522145">
        <ele>1973.8</ele>
      </trkpt>
      <trkpt lat="46.734804" lon="9.522127">
        <ele>1970.3</ele>
      </trkpt>
      <trkpt lat="46.735077" lon="9.522169">
        <ele>1966.4</ele>
      </trkpt>
      <trkpt lat="46.73546" lon="9.522329">
        <ele>1963.0</ele>
      </trkpt>
      <trkpt lat="46.735715" lon="9.522447">
        <ele>1961.8</ele>
      </trkpt>
      <trkpt lat="46.73597" lon="9.522565">
        <ele>1959.4</ele>
      </trkpt>
      <trkpt lat="46.736143" lon="9.522608">
        <ele>1956.0</ele>
      </trkpt>
      <trkpt lat="46.736353" lon="9.522614">
        <ele>1953.0</ele>
      </trkpt>
      <trkpt lat="46.736601" lon="9.52273">
        <ele>1951.9</ele>
      </trkpt>
      <trkpt lat="46.736949" lon="9.522844">
        <ele>1950.0</ele>
      </trkpt>
      <trkpt lat="46.737205" lon="9.522995">
        <ele>1946.3</ele>
      </trkpt>
      <trkpt lat="46.737448" lon="9.523194">
        <ele>1943.8</ele>
      </trkpt>
      <trkpt lat="46.737657" lon="9.523397">
        <ele>1942.7</ele>
      </trkpt>
      <trkpt lat="46.737936" lon="9.523624">
        <ele>1941.1</ele>
      </trkpt>
      <trkpt lat="46.738093" lon="9.52377">
        <ele>1940.7</ele>
      </trkpt>
      <trkpt lat="46.738221" lon="9.523857">
        <ele>1939.3</ele>
      </trkpt>
      <trkpt lat="46.738468" lon="9.523951">
        <ele>1937.9</ele>
      </trkpt>
      <trkpt lat="46.738544" lon="9.524027">
        <ele>1937.0</ele>
      </trkpt>
      <trkpt lat="46.738629" lon="9.524227">
        <ele>1935.6</ele>
      </trkpt>
      <trkpt lat="46.738841" lon="9.524789">
        <ele>1933.2</ele>
      </trkpt>
      <trkpt lat="46.739054" lon="9.52535">
        <ele>1928.3</ele>
      </trkpt>
      <trkpt lat="46.739198" lon="9.525759">
        <ele>1924.6</ele>
      </trkpt>
      <trkpt lat="46.739343" lon="9.526167">
        <ele>1922.8</ele>
      </trkpt>
      <trkpt lat="46.739509" lon="9.526668">
        <ele>1921.7</ele>
      </trkpt>
      <trkpt lat="46.739589" lon="9.52696">
        <ele>1919.1</ele>
      </trkpt>
      <trkpt lat="46.739645" lon="9.52709">
        <ele>1918.3</ele>
      </trkpt>
      <trkpt lat="46.739765" lon="9.527192">
        <ele>1917.8</ele>
      </trkpt>
      <trkpt lat="46.739702" lon="9.527354">
        <ele>1916.6</ele>
      </trkpt>
      <trkpt lat="46.739804" lon="9.527575">
        <ele>1910.4</ele>
      </trkpt>
      <trkpt lat="46.739948" lon="9.527806">
        <ele>1904.7</ele>
      </trkpt>
      <trkpt lat="46.740054" lon="9.52805">
        <ele>1900.4</ele>
      </trkpt>
      <trkpt lat="46.740054" lon="9.528128">
        <ele>1898.5</ele>
      </trkpt>
      <trkpt lat="46.73991" lon="9.528362">
        <ele>1891.7</ele>
      </trkpt>
      <trkpt lat="46.739858" lon="9.528485">
        <ele>1888.1</ele>
      </trkpt>
      <trkpt lat="46.739934" lon="9.528649">
        <ele>1883.1</ele>
      </trkpt>
      <trkpt lat="46.74009" lon="9.52875">
        <ele>1880.0</ele>
      </trkpt>
      <trkpt lat="46.740259" lon="9.528884">
        <ele>1874.1</ele>
      </trkpt>
      <trkpt lat="46.740493" lon="9.529045">
        <ele>1868.3</ele>
      </trkpt>
      <trkpt lat="46.740523" lon="9.529178">
        <ele>1865.1</ele>
      </trkpt>
      <trkpt lat="46.740287" lon="9.529532">
        <ele>1855.9</ele>
      </trkpt>
      <trkpt lat="46.740052" lon="9.529886">
        <ele>1847.6</ele>
      </trkpt>
      <trkpt lat="46.739882" lon="9.530103">
        <ele>1843.5</ele>
      </trkpt>
      <trkpt lat="46.739818" lon="9.530138">
        <ele>1842.6</ele>
      </trkpt>
      <trkpt lat="46.739743" lon="9.53013">
        <ele>1841.9</ele>
      </trkpt>
      <trkpt lat="46.739701" lon="9.530099">
        <ele>1841.8</ele>
      </trkpt>
      <trkpt lat="46.739624" lon="9.530466">
        <ele>1833.5</ele>
      </trkpt>
      <trkpt lat="46.739595" lon="9.530939">
        <ele>1827.6</ele>
      </trkpt>
      <trkpt lat="46.73962" lon="9.53111">
        <ele>1824.0</ele>
      </trkpt>
      <trkpt lat="46.739775" lon="9.531394">
        <ele>1817.7</ele>
      </trkpt>
      <trkpt lat="46.739885" lon="9.531781">
        <ele>1810.7</ele>
      </trkpt>
      <trkpt lat="46.740028" lon="9.532038">
        <ele>1804.3</ele>
      </trkpt>
      <trkpt lat="46.740032" lon="9.532113">
        <ele>1802.0</ele>
      </trkpt>
      <trkpt lat="46.740069" lon="9.532312">
        <ele>1796.4</ele>
      </trkpt>
      <trkpt lat="46.740161" lon="9.532467">
        <ele>1791.6</ele>
      </trkpt>
      <trkpt lat="46.740245" lon="9.532666">
        <ele>1785.9</ele>
      </trkpt>
      <trkpt lat="46.740376" lon="9.532737">
        <ele>1781.9</ele>
      </trkpt>
      <trkpt lat="46.740318" lon="9.532995">
        <ele>1778.9</ele>
      </trkpt>
      <trkpt lat="46.740286" lon="9.533069">
        <ele>1778.3</ele>
      </trkpt>
      <trkpt lat="46.740278" lon="9.533342">
        <ele>1769.7</ele>
      </trkpt>
      <trkpt lat="46.740276" lon="9.533425">
        <ele>1767.5</ele>
      </trkpt>
      <trkpt lat="46.740275" lon="9.53346">
        <ele>1766.1</ele>
      </trkpt>
      <trkpt lat="46.740275" lon="9.533556">
        <ele>1762.7</ele>
      </trkpt>
      <trkpt lat="46.740345" lon="9.533755">
        <ele>1756.9</ele>
      </trkpt>
      <trkpt lat="46.740308" lon="9.53383">
        <ele>1753.6</ele>
      </trkpt>
      <trkpt lat="46.740345" lon="9.534109">
        <ele>1746.3</ele>
      </trkpt>
      <trkpt lat="46.740264" lon="9.534382">
        <ele>1736.0</ele>
      </trkpt>
      <trkpt lat="46.740106" lon="9.534474">
        <ele>1727.0</ele>
      </trkpt>
      <trkpt lat="46.740025" lon="9.534661">
        <ele>1720.1</ele>
      </trkpt>
      <trkpt lat="46.739955" lon="9.534881">
        <ele>1716.2</ele>
      </trkpt>
      <trkpt lat="46.739919" lon="9.535011">
        <ele>1714.8</ele>
      </trkpt>
      <trkpt lat="46.739933" lon="9.535145">
        <ele>1713.7</ele>
      </trkpt>
      <trkpt lat="46.739964" lon="9.535297">
        <ele>1712.4</ele>
      </trkpt>
      <trkpt lat="46.74003" lon="9.535428">
        <ele>1711.0</ele>
      </trkpt>
      <trkpt lat="46.740199" lon="9.53561">
        <ele>1708.5</ele>
      </trkpt>
      <trkpt lat="46.739889" lon="9.535513">
        <ele>1706.2</ele>
      </trkpt>
      <trkpt lat="46.739688" lon="9.535318">
        <ele>1700.9</ele>
      </trkpt>
      <trkpt lat="46.739487" lon="9.535123">
        <ele>1696.4</ele>
      </trkpt>
      <trkpt lat="46.739276" lon="9.534995">
        <ele>1692.8</ele>
      </trkpt>
      <trkpt lat="46.739136" lon="9.534972">
        <ele>1690.3</ele>
      </trkpt>
      <trkpt lat="46.739076" lon="9.535019">
        <ele>1688.6</ele>
      </trkpt>
      <trkpt lat="46.739021" lon="9.535075">
        <ele>1687.5</ele>
      </trkpt>
      <trkpt lat="46.738892" lon="9.53517">
        <ele>1683.5</ele>
      </trkpt>
      <trkpt lat="46.73872" lon="9.535136">
        <ele>1682.7</ele>
      </trkpt>
      <trkpt lat="46.73861" lon="9.535104">
        <ele>1682.7</ele>
      </trkpt>
      <trkpt lat="46.738251" lon="9.53499">
        <ele>1680.2</ele>
      </trkpt>
      <trkpt lat="46.737997" lon="9.535098">
        <ele>1673.6</ele>
      </trkpt>
      <trkpt lat="46.737786" lon="9.535112">
        <ele>1670.6</ele>
      </trkpt>
      <trkpt lat="46.737616" lon="9.535182">
        <ele>1668.6</ele>
      </trkpt>
      <trkpt lat="46.737467" lon="9.535213">
        <ele>1666.5</ele>
      </trkpt>
      <trkpt lat="46.737327" lon="9.535376">
        <ele>1661.7</ele>
      </trkpt>
      <trkpt lat="46.737244" lon="9.535415">
        <ele>1659.8</ele>
      </trkpt>
      <trkpt lat="46.73716" lon="9.535387">
        <ele>1658.2</ele>
      </trkpt>
      <trkpt lat="46.737052" lon="9.535335">
        <ele>1656.5</ele>
      </trkpt>
      <trkpt lat="46.736855" lon="9.535304">
        <ele>1655.2</ele>
      </trkpt>
      <trkpt lat="46.736967" lon="9.535698">
        <ele>1651.3</ele>
      </trkpt>
      <trkpt lat="46.737121" lon="9.535885">
        <ele>1649.7</ele>
      </trkpt>
      <trkpt lat="46.737151" lon="9.535975">
        <ele>1648.1</ele>
      </trkpt>
      <trkpt lat="46.737123" lon="9.536122">
        <ele>1643.1</ele>
      </trkpt>
      <trkpt lat="46.737073" lon="9.536263">
        <ele>1640.7</ele>
      </trkpt>
      <trkpt lat="46.737104" lon="9.536336">
        <ele>1640.3</ele>
      </trkpt>
      <trkpt lat="46.737205" lon="9.536387">
        <ele>1636.5</ele>
      </trkpt>
      <trkpt lat="46.737279" lon="9.536471">
        <ele>1633.6</ele>
      </trkpt>
      <trkpt lat="46.737334" lon="9.536717">
        <ele>1632.1</ele>
      </trkpt>
      <trkpt lat="46.737368" lon="9.536782">
        <ele>1632.3</ele>
      </trkpt>
      <trkpt lat="46.737455" lon="9.536799">
        <ele>1633.0</ele>
      </trkpt>
      <trkpt lat="46.737441" lon="9.536908">
        <ele>1630.4</ele>
      </trkpt>
      <trkpt lat="46.737806" lon="9.537029">
        <ele>1623.0</ele>
      </trkpt>
      <trkpt lat="46.73799" lon="9.53727">
        <ele>1621.4</ele>
      </trkpt>
      <trkpt lat="46.737994" lon="9.537337">
        <ele>1620.4</ele>
      </trkpt>
      <trkpt lat="46.737995" lon="9.537535">
        <ele>1618.1</ele>
      </trkpt>
      <trkpt lat="46.738029" lon="9.537804">
        <ele>1615.7</ele>
      </trkpt>
      <trkpt lat="46.738074" lon="9.537889">
        <ele>1613.8</ele>
      </trkpt>
      <trkpt lat="46.738094" lon="9.538031">
        <ele>1611.1</ele>
      </trkpt>
      <trkpt lat="46.737917" lon="9.538164">
        <ele>1607.2</ele>
      </trkpt>
      <trkpt lat="46.737745" lon="9.538238">
        <ele>1601.6</ele>
      </trkpt>
      <trkpt lat="46.737525" lon="9.538338">
        <ele>1595.2</ele>
      </trkpt>
      <trkpt lat="46.737492" lon="9.538512">
        <ele>1592.6</ele>
      </trkpt>
      <trkpt lat="46.737479" lon="9.538716">
        <ele>1589.0</ele>
      </trkpt>
      <trkpt lat="46.737541" lon="9.538968">
        <ele>1582.0</ele>
      </trkpt>
      <trkpt lat="46.737711" lon="9.53919">
        <ele>1580.4</ele>
      </trkpt>
      <trkpt lat="46.737795" lon="9.539366">
        <ele>1578.1</ele>
      </trkpt>
      <trkpt lat="46.73788" lon="9.539467">
        <ele>1575.6</ele>
      </trkpt>
      <trkpt lat="46.737918" lon="9.53953">
        <ele>1573.7</ele>
      </trkpt>
      <trkpt lat="46.737957" lon="9.539613">
        <ele>1572.5</ele>
      </trkpt>
      <trkpt lat="46.737987" lon="9.539651">
        <ele>1572.2</ele>
      </trkpt>
      <trkpt lat="46.738068" lon="9.539786">
        <ele>1570.2</ele>
      </trkpt>
      <trkpt lat="46.73823" lon="9.539929">
        <ele>1567.3</ele>
      </trkpt>
      <trkpt lat="46.738292" lon="9.540004">
        <ele>1565.6</ele>
      </trkpt>
      <trkpt lat="46.738322" lon="9.540108">
        <ele>1564.5</ele>
      </trkpt>
      <trkpt lat="46.738325" lon="9.540336">
        <ele>1560.4</ele>
      </trkpt>
      <trkpt lat="46.738302" lon="9.540528">
        <ele>1556.6</ele>
      </trkpt>
      <trkpt lat="46.738328" lon="9.54073">
        <ele>1552.7</ele>
      </trkpt>
      <trkpt lat="46.738419" lon="9.540951">
        <ele>1548.0</ele>
      </trkpt>
      <trkpt lat="46.738533" lon="9.541225">
        <ele>1543.5</ele>
      </trkpt>
      <trkpt lat="46.738558" lon="9.54155">
        <ele>1540.5</ele>
      </trkpt>
      <trkpt lat="46.738548" lon="9.541607">
        <ele>1539.9</ele>
      </trkpt>
      <trkpt lat="46.738578" lon="9.54165">
        <ele>1540.2</ele>
      </trkpt>
      <trkpt lat="46.738571" lon="9.541796">
        <ele>1538.4</ele>
      </trkpt>
      <trkpt lat="46.738517" lon="9.541965">
        <ele>1534.8</ele>
      </trkpt>
      <trkpt lat="46.738455" lon="9.542045">
        <ele>1532.5</ele>
      </trkpt>
      <trkpt lat="46.73835" lon="9.542196">
        <ele>1529.0</ele>
      </trkpt>
      <trkpt lat="46.738344" lon="9.542282">
        <ele>1528.7</ele>
      </trkpt>
      <trkpt lat="46.738349" lon="9.542476">
        <ele>1526.2</ele>
      </trkpt>
      <trkpt lat="46.738386" lon="9.542646">
        <ele>1522.0</ele>
      </trkpt>
      <trkpt lat="46.738361" lon="9.542777">
        <ele>1518.6</ele>
      </trkpt>
      <trkpt lat="46.738352" lon="9.542953">
        <ele>1516.6</ele>
      </trkpt>
      <trkpt lat="46.738333" lon="9.543186">
        <ele>1515.8</ele>
      </trkpt>
      <trkpt lat="46.738272" lon="9.543571">
        <ele>1515.4</ele>
      </trkpt>
      <trkpt lat="46.738286" lon="9.543861">
        <ele>1513.1</ele>
      </trkpt>
      <trkpt lat="46.738305" lon="9.544035">
        <ele>1511.6</ele>
      </trkpt>
      <trkpt lat="46.738214" lon="9.544324">
        <ele>1508.9</ele>
      </trkpt>
      <trkpt lat="46.738139" lon="9.544497">
        <ele>1504.8</ele>
      </trkpt>
      <trkpt lat="46.738063" lon="9.544591">
        <ele>1502.4</ele>
      </trkpt>
      <trkpt lat="46.737904" lon="9.544771">
        <ele>1498.1</ele>
      </trkpt>
      <trkpt lat="46.73784" lon="9.544799">
        <ele>1496.8</ele>
      </trkpt>
      <trkpt lat="46.737688" lon="9.544792">
        <ele>1494.3</ele>
      </trkpt>
      <trkpt lat="46.737653" lon="9.54487">
        <ele>1494.0</ele>
      </trkpt>
      <trkpt lat="46.737402" lon="9.544903">
        <ele>1492.2</ele>
      </trkpt>
      <trkpt lat="46.737115" lon="9.54505">
        <ele>1490.0</ele>
      </trkpt>
      <trkpt lat="46.736901" lon="9.545272">
        <ele>1488.6</ele>
      </trkpt>
      <trkpt lat="46.736671" lon="9.545691">
        <ele>1487.6</ele>
      </trkpt>
      <trkpt lat="46.736523" lon="9.545987">
        <ele>1487.5</ele>
      </trkpt>
      <trkpt lat="46.736387" lon="9.546218">
        <ele>1487.3</ele>
      </trkpt>
      <trkpt lat="46.736221" lon="9.546411">
        <ele>1487.1</ele>
      </trkpt>
      <trkpt lat="46.736255" lon="9.546573">
        <ele>1487.4</ele>
      </trkpt>
      <trkpt lat="46.736289" lon="9.54672">
        <ele>1487.2</ele>
      </trkpt>
      <trkpt lat="46.736341" lon="9.546925">
        <ele>1487.4</ele>
      </trkpt>
      <trkpt lat="46.736165" lon="9.547065">
        <ele>1487.2</ele>
      </trkpt>
      <trkpt lat="46.736197" lon="9.547189">
        <ele>1487.4</ele>
      </trkpt>
      <trkpt lat="46.736214" lon="9.547217">
        <ele>1487.3</ele>
      </trkpt>
      <trkpt lat="46.736322" lon="9.547395">
        <ele>1485.2</ele>
      </trkpt>
      <trkpt lat="46.736425" lon="9.547538">
        <ele>1485.7</ele>
      </trkpt>
      <trkpt lat="46.736425" lon="9.547776">
        <ele>1486.1</ele>
      </trkpt>
      <trkpt lat="46.736396" lon="9.548223">
        <ele>1485.3</ele>
      </trkpt>
      <trkpt lat="46.736413" lon="9.548527">
        <ele>1486.0</ele>
      </trkpt>
      <trkpt lat="46.736353" lon="9.548825">
        <ele>1486.2</ele>
      </trkpt>
      <trkpt lat="46.736417" lon="9.549105">
        <ele>1486.7</ele>
      </trkpt>
      <trkpt lat="46.736475" lon="9.549325">
        <ele>1486.8</ele>
      </trkpt>
      <trkpt lat="46.73661" lon="9.549559">
        <ele>1487.6</ele>
      </trkpt>
      <trkpt lat="46.736739" lon="9.549688">
        <ele>1487.2</ele>
      </trkpt>
      <trkpt lat="46.7369" lon="9.549766">
        <ele>1486.2</ele>
      </trkpt>
      <trkpt lat="46.737101" lon="9.549863">
        <ele>1485.9</ele>
      </trkpt>
      <trkpt lat="46.737411" lon="9.549958">
        <ele>1486.0</ele>
      </trkpt>
      <trkpt lat="46.737753" lon="9.550062">
        <ele>1485.9</ele>
      </trkpt>
      <trkpt lat="46.738096" lon="9.550166">
        <ele>1485.8</ele>
      </trkpt>
      <trkpt lat="46.738254" lon="9.550285">
        <ele>1486.0</ele>
      </trkpt>
      <trkpt lat="46.738344" lon="9.550411">
        <ele>1485.8</ele>
      </trkpt>
      <trkpt lat="46.738346" lon="9.550659">
        <ele>1486.1</ele>
      </trkpt>
      <trkpt lat="46.738347" lon="9.551143">
        <ele>1486.0</ele>
      </trkpt>
      <trkpt lat="46.738347" lon="9.551628">
        <ele>1485.8</ele>
      </trkpt>
      <trkpt lat="46.738347" lon="9.552112">
        <ele>1486.0</ele>
      </trkpt>
      <trkpt lat="46.738347" lon="9.55237">
        <ele>1486.0</ele>
      </trkpt>
      <trkpt lat="46.738348" lon="9.552827">
        <ele>1486.7</ele>
      </trkpt>
      <trkpt lat="46.738346" lon="9.553002">
        <ele>1487.5</ele>
      </trkpt>
      <trkpt lat="46.738299" lon="9.553008">
        <ele>1487.5</ele>
      </trkpt>
      <trkpt lat="46.73822" lon="9.553016">
        <ele>1487.4</ele>
      </trkpt>
      <trkpt lat="46.738234" lon="9.553301">
        <ele>1488.5</ele>
      </trkpt>
      <trkpt lat="46.738289" lon="9.553405">
        <ele>1489.4</ele>
      </trkpt>
      <trkpt lat="46.738302" lon="9.553539">
        <ele>1491.3</ele>
      </trkpt>
      <trkpt lat="46.73824" lon="9.553681">
        <ele>1493.9</ele>
      </trkpt>
      <trkpt lat="46.738099" lon="9.553997">
        <ele>1497.0</ele>
      </trkpt>
      <trkpt lat="46.738357" lon="9.554148">
        <ele>1497.3</ele>
      </trkpt>
      <trkpt lat="46.738632" lon="9.554309">
        <ele>1493.5</ele>
      </trkpt>
      <trkpt lat="46.738704" lon="9.554571">
        <ele>1490.9</ele>
      </trkpt>
      <trkpt lat="46.738691" lon="9.554692">
        <ele>1491.0</ele>
      </trkpt>
      <trkpt lat="46.738675" lon="9.554841">
        <ele>1491.9</ele>
      </trkpt>
      <trkpt lat="46.738714" lon="9.555397">
        <ele>1494.2</ele>
      </trkpt>
      <trkpt lat="46.738742" lon="9.555781">
        <ele>1493.9</ele>
      </trkpt>
      <trkpt lat="46.738756" lon="9.555994">
        <ele>1494.0</ele>
      </trkpt>
      <trkpt lat="46.738768" lon="9.556153">
        <ele>1494.5</ele>
      </trkpt>
      <trkpt lat="46.738663" lon="9.556475">
        <ele>1496.5</ele>
      </trkpt>
      <trkpt lat="46.738666" lon="9.556591">
        <ele>1497.2</ele>
      </trkpt>
      <trkpt lat="46.738636" lon="9.556646">
        <ele>1497.5</ele>
      </trkpt>
      <trkpt lat="46.738676" lon="9.556701">
        <ele>1496.9</ele>
      </trkpt>
      <trkpt lat="46.738666" lon="9.556771">
        <ele>1496.4</ele>
      </trkpt>
      <trkpt lat="46.738688" lon="9.556877">
        <ele>1496.0</ele>
      </trkpt>
      <trkpt lat="46.738718" lon="9.556947">
        <ele>1495.8</ele>
      </trkpt>
      <trkpt lat="46.738791" lon="9.557118">
        <ele>1498.4</ele>
      </trkpt>
      <trkpt lat="46.738949" lon="9.557438">
        <ele>1502.1</ele>
      </trkpt>
      <trkpt lat="46.739072" lon="9.557666">
        <ele>1502.0</ele>
      </trkpt>
      <trkpt lat="46.739151" lon="9.557689">
        <ele>1501.5</ele>
      </trkpt>
      <trkpt lat="46.739331" lon="9.557725">
        <ele>1499.7</ele>
      </trkpt>
      <trkpt lat="46.739389" lon="9.557658">
        <ele>1498.7</ele>
      </trkpt>
      <trkpt lat="46.739462" lon="9.55762">
        <ele>1497.5</ele>
      </trkpt>
      <trkpt lat="46.739549" lon="9.557605">
        <ele>1496.3</ele>
      </trkpt>
      <trkpt lat="46.739597" lon="9.557586">
        <ele>1495.6</ele>
      </trkpt>
      <trkpt lat="46.739647" lon="9.557551">
        <ele>1494.8</ele>
      </trkpt>
      <trkpt lat="46.739688" lon="9.557504">
        <ele>1494.0</ele>
      </trkpt>
      <trkpt lat="46.739726" lon="9.557433">
        <ele>1493.2</ele>
      </trkpt>
      <trkpt lat="46.739763" lon="9.557349">
        <ele>1492.2</ele>
      </trkpt>
      <trkpt lat="46.739777" lon="9.557292">
        <ele>1491.6</ele>
      </trkpt>
      <trkpt lat="46.739784" lon="9.557217">
        <ele>1490.9</ele>
      </trkpt>
      <trkpt lat="46.73978" lon="9.557143">
        <ele>1490.1</ele>
      </trkpt>
      <trkpt lat="46.73976" lon="9.557086">
        <ele>1489.8</ele>
      </trkpt>
      <trkpt lat="46.739711" lon="9.557018">
        <ele>1489.4</ele>
      </trkpt>
      <trkpt lat="46.739793" lon="9.556744">
        <ele>1489.2</ele>
        <name>46.739787,9.556740</name>
        <extensions>
          <oa:Extension>
            <oa:mapZoom>17</oa:mapZoom>
          </oa:Extension>
        </extensions>
      </trkpt>
    </trkseg>
  </trk>
</gpx>