<?xml version="1.0" encoding="UTF-8" standalone="yes"?>
<gpx version="1.1" creator="outdooractive - http://www.outdooractive.com" xmlns="http://www.topografix.com/GPX/1/1" xmlns:oa="http://www.outdooractive.com/GPX/Extensions/1" xmlns:xsi="http://www.w3.org/2001/XMLSchema-instance" xsi:schemaLocation="http://www.topografix.com/GPX/1/1 http://www.topografix.com/GPX/1/1/gpx.xsd http://www.outdooractive.com/GPX/Extensions/1 https://www.outdooractive.com/schema/gpx_extensions.xsd">
  <metadata>
    <name>BIG-5 Bike Challenge in Saalbach Hinterglemm Leogang</name>
    <author>
      <name>Tourismusverband Saalbach Hinterglemm - Saalbach Hinterglemm</name>
    </author>
    <link href="https://www.outdooractive.com/r/44826573"/>
    <time>2026-06-30T08:09:07.150Z</time>
    <extensions>
      <oa:oaCategory>mountainbiking</oa:oaCategory>
    </extensions>
  </metadata>
  <trk>
    <name>BIG-5 Bike Challenge in Saalbach Hinterglemm Leogang</name>
    <desc><![CDATA[Maximales Enduro-Feeling bei der BIG-5 Bike Challenge (ehemalige 5-Gondeltour) rund um Saalbach Hinterglemm Leogang. Rund 5.000 Tiefenmeter sind bei dieser XXL MTB-Tour zu bewältigen. Dank Liftunterstützung sind nur weniger Höhenmeter aus eigener Kraft zu überwinden.
 / HINWEIS: Die Reiterkogelbahn wird im Sommer 2026 neu gebaut, somit fehlt dieser Berg 2026 in der Big-5 Tour. Einfach dem Radweg von Hinterglemm nach Saalbach folgen um die Tour fortzusetzen.]]></desc>
    <type>mountainbiking</type>
    <trkseg>
      <trkpt lat="47.392004" lon="12.640195">
        <ele>1020.71769</ele>
        <name>47.392004,12.640195</name>
        <extensions>
          <oa:Extension>
            <oa:mapZoom>17</oa:mapZoom>
          </oa:Extension>
        </extensions>
      </trkpt>
      <trkpt lat="47.393462" lon="12.641263">
        <ele>1060.31498</ele>
      </trkpt>
      <trkpt lat="47.401138" lon="12.646889">
        <ele>1392.34344</ele>
      </trkpt>
      <trkpt lat="47.40487" lon="12.649643">
        <ele>1558.29266</ele>
      </trkpt>
      <trkpt lat="47.406116" lon="12.650563">
        <ele>1616.54394</ele>
      </trkpt>
      <trkpt lat="47.409727" lon="12.653229">
        <ele>1774.51066</ele>
      </trkpt>
      <trkpt lat="47.409771" lon="12.653262">
        <ele>1777.33538</ele>
      </trkpt>
      <trkpt lat="47.410118" lon="12.653522">
        <ele>1794.3201</ele>
      </trkpt>
      <trkpt lat="47.410011" lon="12.653801">
        <ele>1789.13683</ele>
      </trkpt>
      <trkpt lat="47.409835" lon="12.653641">
        <ele>1786.73295</ele>
      </trkpt>
      <trkpt lat="47.409808" lon="12.653691">
        <ele>1785.81123</ele>
      </trkpt>
      <trkpt lat="47.409834" lon="12.653788">
        <ele>1785.69953</ele>
      </trkpt>
      <trkpt lat="47.409928" lon="12.653941">
        <ele>1784.66506</ele>
      </trkpt>
      <trkpt lat="47.409926" lon="12.654">
        <ele>1782.87086</ele>
      </trkpt>
      <trkpt lat="47.409881" lon="12.653995">
        <ele>1782.42422</ele>
      </trkpt>
      <trkpt lat="47.409772" lon="12.653809">
        <ele>1783.14034</ele>
      </trkpt>
      <trkpt lat="47.409788" lon="12.653581">
        <ele>1784.00753</ele>
      </trkpt>
      <trkpt lat="47.409746" lon="12.653587">
        <ele>1781.12209</ele>
      </trkpt>
      <trkpt lat="47.409724" lon="12.653686">
        <ele>1780.55592</ele>
      </trkpt>
      <trkpt lat="47.409755" lon="12.653941">
        <ele>1779.7624</ele>
      </trkpt>
      <trkpt lat="47.409786" lon="12.654013">
        <ele>1778.97974</ele>
      </trkpt>
      <trkpt lat="47.409848" lon="12.654099">
        <ele>1779.1127</ele>
      </trkpt>
      <trkpt lat="47.409873" lon="12.654158">
        <ele>1778.14968</ele>
      </trkpt>
      <trkpt lat="47.40985" lon="12.654206">
        <ele>1776.62452</ele>
      </trkpt>
      <trkpt lat="47.409813" lon="12.654201">
        <ele>1775.81082</ele>
      </trkpt>
      <trkpt lat="47.409776" lon="12.65417">
        <ele>1775.51714</ele>
      </trkpt>
      <trkpt lat="47.409655" lon="12.654069">
        <ele>1774.70541</ele>
      </trkpt>
      <trkpt lat="47.409617" lon="12.654094">
        <ele>1773.25781</ele>
      </trkpt>
      <trkpt lat="47.409615" lon="12.654158">
        <ele>1772.0195</ele>
      </trkpt>
      <trkpt lat="47.409726" lon="12.654375">
        <ele>1769.45091</ele>
      </trkpt>
      <trkpt lat="47.409773" lon="12.654469">
        <ele>1768.75832</ele>
      </trkpt>
      <trkpt lat="47.409804" lon="12.654536">
        <ele>1767.78097</ele>
      </trkpt>
      <trkpt lat="47.409802" lon="12.654603">
        <ele>1765.93725</ele>
      </trkpt>
      <trkpt lat="47.409759" lon="12.654617">
        <ele>1764.5817</ele>
      </trkpt>
      <trkpt lat="47.40971" lon="12.654595">
        <ele>1763.37829</ele>
      </trkpt>
      <trkpt lat="47.409672" lon="12.654627">
        <ele>1761.74146</ele>
      </trkpt>
      <trkpt lat="47.409652" lon="12.654676">
        <ele>1760.17832</ele>
      </trkpt>
      <trkpt lat="47.409674" lon="12.654727">
        <ele>1759.72513</ele>
      </trkpt>
      <trkpt lat="47.409701" lon="12.654761">
        <ele>1759.76814</ele>
      </trkpt>
      <trkpt lat="47.409715" lon="12.654815">
        <ele>1758.87988</ele>
      </trkpt>
      <trkpt lat="47.409659" lon="12.654885">
        <ele>1755.2943</ele>
      </trkpt>
      <trkpt lat="47.409601" lon="12.654861">
        <ele>1754.00862</ele>
      </trkpt>
      <trkpt lat="47.409586" lon="12.65492">
        <ele>1751.89661</ele>
      </trkpt>
      <trkpt lat="47.409615" lon="12.655005">
        <ele>1749.3682</ele>
      </trkpt>
      <trkpt lat="47.409672" lon="12.655164">
        <ele>1745.90733</ele>
      </trkpt>
      <trkpt lat="47.409697" lon="12.65525">
        <ele>1745.27159</ele>
      </trkpt>
      <trkpt lat="47.409699" lon="12.655368">
        <ele>1745.11375</ele>
      </trkpt>
      <trkpt lat="47.409659" lon="12.655435">
        <ele>1743.75789</ele>
      </trkpt>
      <trkpt lat="47.409592" lon="12.655453">
        <ele>1742.2428</ele>
      </trkpt>
      <trkpt lat="47.409521" lon="12.655464">
        <ele>1741.8756</ele>
      </trkpt>
      <trkpt lat="47.409376" lon="12.655515">
        <ele>1741.26021</ele>
      </trkpt>
      <trkpt lat="47.409497" lon="12.65574">
        <ele>1742.02942</ele>
      </trkpt>
      <trkpt lat="47.409568" lon="12.655904">
        <ele>1742.44577</ele>
      </trkpt>
      <trkpt lat="47.409583" lon="12.655971">
        <ele>1742.7163</ele>
      </trkpt>
      <trkpt lat="47.4096" lon="12.65607">
        <ele>1743.02707</ele>
      </trkpt>
      <trkpt lat="47.4096" lon="12.65622">
        <ele>1744.1954</ele>
      </trkpt>
      <trkpt lat="47.40944" lon="12.6569">
        <ele>1749.89993</ele>
      </trkpt>
      <trkpt lat="47.40939" lon="12.65737">
        <ele>1750.66467</ele>
      </trkpt>
      <trkpt lat="47.40931" lon="12.65799">
        <ele>1753.4643</ele>
      </trkpt>
      <trkpt lat="47.40928" lon="12.65854">
        <ele>1756.79274</ele>
      </trkpt>
      <trkpt lat="47.40929" lon="12.6591">
        <ele>1759.67656</ele>
      </trkpt>
      <trkpt lat="47.40939" lon="12.65953">
        <ele>1760.92094</ele>
      </trkpt>
      <trkpt lat="47.40941" lon="12.65972">
        <ele>1762.0899</ele>
      </trkpt>
      <trkpt lat="47.40935" lon="12.65997">
        <ele>1763.44409</ele>
      </trkpt>
      <trkpt lat="47.40921" lon="12.66013">
        <ele>1762.34491</ele>
      </trkpt>
      <trkpt lat="47.40904" lon="12.65995">
        <ele>1761.70741</ele>
      </trkpt>
      <trkpt lat="47.40888" lon="12.65989">
        <ele>1759.06434</ele>
      </trkpt>
      <trkpt lat="47.40879" lon="12.65993">
        <ele>1756.26034</ele>
      </trkpt>
      <trkpt lat="47.40877" lon="12.66013">
        <ele>1757.60856</ele>
      </trkpt>
      <trkpt lat="47.40869" lon="12.66028">
        <ele>1757.74217</ele>
      </trkpt>
      <trkpt lat="47.40851" lon="12.66039">
        <ele>1754.2347</ele>
      </trkpt>
      <trkpt lat="47.4081" lon="12.66091">
        <ele>1751.98592</ele>
      </trkpt>
      <trkpt lat="47.40802" lon="12.661">
        <ele>1750.29454</ele>
      </trkpt>
      <trkpt lat="47.40795" lon="12.66127">
        <ele>1750.9007</ele>
      </trkpt>
      <trkpt lat="47.4078" lon="12.66172">
        <ele>1750.57136</ele>
      </trkpt>
      <trkpt lat="47.40764" lon="12.66211">
        <ele>1752.82744</ele>
      </trkpt>
      <trkpt lat="47.407572" lon="12.662639">
        <ele>1756.50169</ele>
      </trkpt>
      <trkpt lat="47.40747" lon="12.66315">
        <ele>1759.7976</ele>
      </trkpt>
      <trkpt lat="47.40732" lon="12.66336">
        <ele>1757.30821</ele>
      </trkpt>
      <trkpt lat="47.40713" lon="12.66436">
        <ele>1753.88837</ele>
      </trkpt>
      <trkpt lat="47.40702" lon="12.66484">
        <ele>1752.77161</ele>
      </trkpt>
      <trkpt lat="47.40691" lon="12.66518">
        <ele>1748.80993</ele>
      </trkpt>
      <trkpt lat="47.40693" lon="12.66542">
        <ele>1752.55463</ele>
      </trkpt>
      <trkpt lat="47.40682" lon="12.66579">
        <ele>1754.12686</ele>
      </trkpt>
      <trkpt lat="47.40663" lon="12.66602">
        <ele>1754.37814</ele>
      </trkpt>
      <trkpt lat="47.40649" lon="12.66632">
        <ele>1751.86839</ele>
      </trkpt>
      <trkpt lat="47.40617" lon="12.66687">
        <ele>1755.66897</ele>
      </trkpt>
      <trkpt lat="47.40588" lon="12.66758">
        <ele>1757.75648</ele>
      </trkpt>
      <trkpt lat="47.40573" lon="12.6678">
        <ele>1752.99993</ele>
      </trkpt>
      <trkpt lat="47.405442" lon="12.667928">
        <ele>1752.78026</ele>
      </trkpt>
      <trkpt lat="47.40528" lon="12.668">
        <ele>1751.46972</ele>
      </trkpt>
      <trkpt lat="47.40482" lon="12.66829">
        <ele>1748.58911</ele>
      </trkpt>
      <trkpt lat="47.40474" lon="12.66841">
        <ele>1748.50132</ele>
      </trkpt>
      <trkpt lat="47.40451" lon="12.6688">
        <ele>1745.97355</ele>
      </trkpt>
      <trkpt lat="47.40445" lon="12.66903">
        <ele>1746.87633</ele>
      </trkpt>
      <trkpt lat="47.40414" lon="12.66967">
        <ele>1750.28778</ele>
      </trkpt>
      <trkpt lat="47.4039" lon="12.67009">
        <ele>1751.77091</ele>
      </trkpt>
      <trkpt lat="47.40372" lon="12.67052">
        <ele>1755.88468</ele>
      </trkpt>
      <trkpt lat="47.40355" lon="12.67088">
        <ele>1757.62564</ele>
      </trkpt>
      <trkpt lat="47.40346" lon="12.67119">
        <ele>1759.61279</ele>
      </trkpt>
      <trkpt lat="47.40344" lon="12.67136">
        <ele>1761.6523</ele>
      </trkpt>
      <trkpt lat="47.40317" lon="12.67151">
        <ele>1763.36403</ele>
      </trkpt>
      <trkpt lat="47.40311" lon="12.6717">
        <ele>1766.64927</ele>
      </trkpt>
      <trkpt lat="47.40301" lon="12.67232">
        <ele>1772.57962</ele>
      </trkpt>
      <trkpt lat="47.40285" lon="12.67269">
        <ele>1772.85162</ele>
      </trkpt>
      <trkpt lat="47.40279" lon="12.67278">
        <ele>1773.2598</ele>
      </trkpt>
      <trkpt lat="47.40263" lon="12.67298">
        <ele>1774.32747</ele>
      </trkpt>
      <trkpt lat="47.40249" lon="12.67335">
        <ele>1777.48635</ele>
      </trkpt>
      <trkpt lat="47.40235" lon="12.67353">
        <ele>1778.63331</ele>
      </trkpt>
      <trkpt lat="47.40219" lon="12.67393">
        <ele>1780.41615</ele>
      </trkpt>
      <trkpt lat="47.40195" lon="12.67467">
        <ele>1781.54687</ele>
      </trkpt>
      <trkpt lat="47.40201" lon="12.67497">
        <ele>1783.96194</ele>
      </trkpt>
      <trkpt lat="47.40198" lon="12.67541">
        <ele>1786.05831</ele>
      </trkpt>
      <trkpt lat="47.40199" lon="12.67561">
        <ele>1787.71018</ele>
      </trkpt>
      <trkpt lat="47.40194" lon="12.67597">
        <ele>1788.6534</ele>
      </trkpt>
      <trkpt lat="47.40194" lon="12.6763">
        <ele>1789.12968</ele>
      </trkpt>
      <trkpt lat="47.4019" lon="12.67639">
        <ele>1787.78218</ele>
      </trkpt>
      <trkpt lat="47.40193" lon="12.67665">
        <ele>1790.64144</ele>
      </trkpt>
      <trkpt lat="47.40192" lon="12.67701">
        <ele>1791.97365</ele>
      </trkpt>
      <trkpt lat="47.40197" lon="12.67734">
        <ele>1793.90678</ele>
      </trkpt>
      <trkpt lat="47.40197" lon="12.67733">
        <ele>1793.92876</ele>
      </trkpt>
      <trkpt lat="47.40199" lon="12.6775">
        <ele>1795.05391</ele>
      </trkpt>
      <trkpt lat="47.40189" lon="12.67784">
        <ele>1795.28708</ele>
      </trkpt>
      <trkpt lat="47.40161" lon="12.67857">
        <ele>1794.7194</ele>
      </trkpt>
      <trkpt lat="47.40139" lon="12.67921">
        <ele>1797.45582</ele>
      </trkpt>
      <trkpt lat="47.40135" lon="12.67954">
        <ele>1798.555</ele>
      </trkpt>
      <trkpt lat="47.40117" lon="12.67969">
        <ele>1796.74264</ele>
      </trkpt>
      <trkpt lat="47.40071" lon="12.68019">
        <ele>1796.91498</ele>
      </trkpt>
      <trkpt lat="47.40007" lon="12.68137">
        <ele>1800.37665</ele>
      </trkpt>
      <trkpt lat="47.39997" lon="12.6817">
        <ele>1799.53335</ele>
      </trkpt>
      <trkpt lat="47.39991" lon="12.68212">
        <ele>1800.94857</ele>
      </trkpt>
      <trkpt lat="47.39994" lon="12.68249">
        <ele>1803.23421</ele>
      </trkpt>
      <trkpt lat="47.39979" lon="12.68287">
        <ele>1802.27686</ele>
      </trkpt>
      <trkpt lat="47.39938" lon="12.68353">
        <ele>1803.71495</ele>
      </trkpt>
      <trkpt lat="47.39918" lon="12.68404">
        <ele>1805.11462</ele>
      </trkpt>
      <trkpt lat="47.39871" lon="12.6852">
        <ele>1808.15018</ele>
      </trkpt>
      <trkpt lat="47.3988" lon="12.68578">
        <ele>1812.52874</ele>
      </trkpt>
      <trkpt lat="47.39884" lon="12.68683">
        <ele>1817.03543</ele>
      </trkpt>
      <trkpt lat="47.39884" lon="12.68682">
        <ele>1817.03052</ele>
      </trkpt>
      <trkpt lat="47.39888" lon="12.68744">
        <ele>1818.10565</ele>
      </trkpt>
      <trkpt lat="47.39912" lon="12.68815">
        <ele>1819.9688</ele>
      </trkpt>
      <trkpt lat="47.39992" lon="12.68871">
        <ele>1821.74682</ele>
      </trkpt>
      <trkpt lat="47.40018" lon="12.68926">
        <ele>1820.37376</ele>
      </trkpt>
      <trkpt lat="47.40037" lon="12.69002">
        <ele>1818.0368</ele>
      </trkpt>
      <trkpt lat="47.40056" lon="12.69036">
        <ele>1818.94894</ele>
      </trkpt>
      <trkpt lat="47.4006" lon="12.69059">
        <ele>1817.24085</ele>
      </trkpt>
      <trkpt lat="47.40067" lon="12.69079">
        <ele>1816.83979</ele>
      </trkpt>
      <trkpt lat="47.40107" lon="12.6912">
        <ele>1817.60528</ele>
      </trkpt>
      <trkpt lat="47.40136" lon="12.69179">
        <ele>1815.34618</ele>
      </trkpt>
      <trkpt lat="47.4016" lon="12.69246">
        <ele>1813.61571</ele>
      </trkpt>
      <trkpt lat="47.40169" lon="12.69256">
        <ele>1814.62909</ele>
      </trkpt>
      <trkpt lat="47.401768" lon="12.692781">
        <ele>1813.03072</ele>
      </trkpt>
      <trkpt lat="47.4019" lon="12.693065">
        <ele>1811.3868</ele>
      </trkpt>
      <trkpt lat="47.401994" lon="12.693264">
        <ele>1810.60136</ele>
      </trkpt>
      <trkpt lat="47.402068" lon="12.693428">
        <ele>1810.58795</ele>
      </trkpt>
      <trkpt lat="47.402158" lon="12.693566">
        <ele>1810.79824</ele>
      </trkpt>
      <trkpt lat="47.402244" lon="12.693676">
        <ele>1811.03032</ele>
      </trkpt>
      <trkpt lat="47.402367" lon="12.693855">
        <ele>1810.27733</ele>
      </trkpt>
      <trkpt lat="47.402468" lon="12.694034">
        <ele>1809.45641</ele>
      </trkpt>
      <trkpt lat="47.402541" lon="12.694186">
        <ele>1808.361</ele>
      </trkpt>
      <trkpt lat="47.402583" lon="12.694308">
        <ele>1807.61312</ele>
      </trkpt>
      <trkpt lat="47.402597" lon="12.694438">
        <ele>1806.11606</ele>
      </trkpt>
      <trkpt lat="47.402594" lon="12.694546">
        <ele>1805.13947</ele>
      </trkpt>
      <trkpt lat="47.402568" lon="12.694673">
        <ele>1803.79195</ele>
      </trkpt>
      <trkpt lat="47.402521" lon="12.694816">
        <ele>1801.4386</ele>
      </trkpt>
      <trkpt lat="47.402473" lon="12.694959">
        <ele>1799.66264</ele>
      </trkpt>
      <trkpt lat="47.402449" lon="12.695102">
        <ele>1798.51011</ele>
      </trkpt>
      <trkpt lat="47.402455" lon="12.695234">
        <ele>1797.89645</ele>
      </trkpt>
      <trkpt lat="47.402475" lon="12.695375">
        <ele>1797.63731</ele>
      </trkpt>
      <trkpt lat="47.402486" lon="12.695499">
        <ele>1797.07954</ele>
      </trkpt>
      <trkpt lat="47.402494" lon="12.695657">
        <ele>1795.73422</ele>
      </trkpt>
      <trkpt lat="47.402489" lon="12.695844">
        <ele>1794.26752</ele>
      </trkpt>
      <trkpt lat="47.402487" lon="12.696005">
        <ele>1793.05026</ele>
      </trkpt>
      <trkpt lat="47.402497" lon="12.696193">
        <ele>1791.97032</ele>
      </trkpt>
      <trkpt lat="47.402506" lon="12.696312">
        <ele>1791.40879</ele>
      </trkpt>
      <trkpt lat="47.40252" lon="12.696409">
        <ele>1791.3856</ele>
      </trkpt>
      <trkpt lat="47.402542" lon="12.696499">
        <ele>1792.08232</ele>
      </trkpt>
      <trkpt lat="47.402575" lon="12.696573">
        <ele>1793.09527</ele>
      </trkpt>
      <trkpt lat="47.402643" lon="12.696673">
        <ele>1795.0159</ele>
      </trkpt>
      <trkpt lat="47.402729" lon="12.696785">
        <ele>1797.20017</ele>
      </trkpt>
      <trkpt lat="47.402783" lon="12.696831">
        <ele>1798.15357</ele>
      </trkpt>
      <trkpt lat="47.402824" lon="12.696832">
        <ele>1798.55204</ele>
      </trkpt>
      <trkpt lat="47.402881" lon="12.696807">
        <ele>1798.84191</ele>
      </trkpt>
      <trkpt lat="47.402915" lon="12.696784">
        <ele>1798.92369</ele>
      </trkpt>
      <trkpt lat="47.403025" lon="12.696832">
        <ele>1797.91528</ele>
      </trkpt>
      <trkpt lat="47.403079" lon="12.696869">
        <ele>1797.11716</ele>
      </trkpt>
      <trkpt lat="47.403109" lon="12.696912">
        <ele>1796.43348</ele>
      </trkpt>
      <trkpt lat="47.403154" lon="12.696981">
        <ele>1795.37067</ele>
      </trkpt>
      <trkpt lat="47.403211" lon="12.69707">
        <ele>1794.27884</ele>
      </trkpt>
      <trkpt lat="47.403258" lon="12.697152">
        <ele>1793.73324</ele>
      </trkpt>
      <trkpt lat="47.403302" lon="12.697221">
        <ele>1793.13823</ele>
      </trkpt>
      <trkpt lat="47.403336" lon="12.697278">
        <ele>1792.47928</ele>
      </trkpt>
      <trkpt lat="47.403374" lon="12.697336">
        <ele>1791.51872</ele>
      </trkpt>
      <trkpt lat="47.403412" lon="12.697375">
        <ele>1790.16194</ele>
      </trkpt>
      <trkpt lat="47.403443" lon="12.697425">
        <ele>1789.23184</ele>
      </trkpt>
      <trkpt lat="47.40347" lon="12.697493">
        <ele>1788.36942</ele>
      </trkpt>
      <trkpt lat="47.403493" lon="12.697569">
        <ele>1787.49809</ele>
      </trkpt>
      <trkpt lat="47.403518" lon="12.697661">
        <ele>1786.66188</ele>
      </trkpt>
      <trkpt lat="47.403535" lon="12.69772">
        <ele>1785.96485</ele>
      </trkpt>
      <trkpt lat="47.403561" lon="12.697791">
        <ele>1784.70665</ele>
      </trkpt>
      <trkpt lat="47.403571" lon="12.697872">
        <ele>1784.49076</ele>
      </trkpt>
      <trkpt lat="47.403568" lon="12.69791">
        <ele>1784.94816</ele>
      </trkpt>
      <trkpt lat="47.403578" lon="12.697942">
        <ele>1784.15076</ele>
      </trkpt>
      <trkpt lat="47.403581" lon="12.697983">
        <ele>1783.74672</ele>
      </trkpt>
      <trkpt lat="47.403571" lon="12.698025">
        <ele>1784.17842</ele>
      </trkpt>
      <trkpt lat="47.403564" lon="12.698064">
        <ele>1784.26183</ele>
      </trkpt>
      <trkpt lat="47.403568" lon="12.698125">
        <ele>1783.22343</ele>
      </trkpt>
      <trkpt lat="47.403575" lon="12.698165">
        <ele>1782.44348</ele>
      </trkpt>
      <trkpt lat="47.403577" lon="12.698199">
        <ele>1782.22646</ele>
      </trkpt>
      <trkpt lat="47.403571" lon="12.698254">
        <ele>1782.38217</ele>
      </trkpt>
      <trkpt lat="47.403564" lon="12.698314">
        <ele>1781.76548</ele>
      </trkpt>
      <trkpt lat="47.403561" lon="12.698357">
        <ele>1780.94419</ele>
      </trkpt>
      <trkpt lat="47.403552" lon="12.698405">
        <ele>1780.60142</ele>
      </trkpt>
      <trkpt lat="47.403539" lon="12.698444">
        <ele>1780.72996</ele>
      </trkpt>
      <trkpt lat="47.403539" lon="12.698485">
        <ele>1779.71086</ele>
      </trkpt>
      <trkpt lat="47.40354" lon="12.69856">
        <ele>1778.3826</ele>
      </trkpt>
      <trkpt lat="47.403536" lon="12.698617">
        <ele>1778.06791</ele>
      </trkpt>
      <trkpt lat="47.403534" lon="12.698686">
        <ele>1777.2615</ele>
      </trkpt>
      <trkpt lat="47.403524" lon="12.698744">
        <ele>1777.2503</ele>
      </trkpt>
      <trkpt lat="47.403525" lon="12.698791">
        <ele>1776.84254</ele>
      </trkpt>
      <trkpt lat="47.403527" lon="12.698821">
        <ele>1776.64952</ele>
      </trkpt>
      <trkpt lat="47.403528" lon="12.698871">
        <ele>1776.70046</ele>
      </trkpt>
      <trkpt lat="47.403543" lon="12.69895">
        <ele>1775.90613</ele>
      </trkpt>
      <trkpt lat="47.403556" lon="12.698999">
        <ele>1775.27548</ele>
      </trkpt>
      <trkpt lat="47.403567" lon="12.699021">
        <ele>1774.63952</ele>
      </trkpt>
      <trkpt lat="47.403575" lon="12.699014">
        <ele>1773.98878</ele>
      </trkpt>
      <trkpt lat="47.403575" lon="12.698986">
        <ele>1773.74377</ele>
      </trkpt>
      <trkpt lat="47.403577" lon="12.698953">
        <ele>1773.3336</ele>
      </trkpt>
      <trkpt lat="47.403586" lon="12.698886">
        <ele>1772.26666</ele>
      </trkpt>
      <trkpt lat="47.403603" lon="12.698785">
        <ele>1770.814</ele>
      </trkpt>
      <trkpt lat="47.403625" lon="12.698727">
        <ele>1769.61141</ele>
      </trkpt>
      <trkpt lat="47.403651" lon="12.698671">
        <ele>1768.23822</ele>
      </trkpt>
      <trkpt lat="47.403685" lon="12.698583">
        <ele>1766.48909</ele>
      </trkpt>
      <trkpt lat="47.403711" lon="12.698509">
        <ele>1764.9657</ele>
      </trkpt>
      <trkpt lat="47.403729" lon="12.698448">
        <ele>1763.54924</ele>
      </trkpt>
      <trkpt lat="47.403744" lon="12.698388">
        <ele>1762.09215</ele>
      </trkpt>
      <trkpt lat="47.403749" lon="12.69832">
        <ele>1761.48441</ele>
      </trkpt>
      <trkpt lat="47.403752" lon="12.698274">
        <ele>1761.13517</ele>
      </trkpt>
      <trkpt lat="47.403757" lon="12.698241">
        <ele>1760.74365</ele>
      </trkpt>
      <trkpt lat="47.403766" lon="12.698213">
        <ele>1760.11988</ele>
      </trkpt>
      <trkpt lat="47.40378" lon="12.698174">
        <ele>1759.35524</ele>
      </trkpt>
      <trkpt lat="47.403808" lon="12.698091">
        <ele>1757.931</ele>
      </trkpt>
      <trkpt lat="47.403819" lon="12.698042">
        <ele>1757.32348</ele>
      </trkpt>
      <trkpt lat="47.403826" lon="12.697996">
        <ele>1757.03569</ele>
      </trkpt>
      <trkpt lat="47.403835" lon="12.697953">
        <ele>1756.67123</ele>
      </trkpt>
      <trkpt lat="47.403839" lon="12.697922">
        <ele>1756.72136</ele>
      </trkpt>
      <trkpt lat="47.403851" lon="12.697901">
        <ele>1756.04066</ele>
      </trkpt>
      <trkpt lat="47.403871" lon="12.697904">
        <ele>1754.54079</ele>
      </trkpt>
      <trkpt lat="47.403881" lon="12.69794">
        <ele>1753.37181</ele>
      </trkpt>
      <trkpt lat="47.403895" lon="12.698">
        <ele>1751.7962</ele>
      </trkpt>
      <trkpt lat="47.403899" lon="12.698033">
        <ele>1751.25184</ele>
      </trkpt>
      <trkpt lat="47.403903" lon="12.69807">
        <ele>1750.71953</ele>
      </trkpt>
      <trkpt lat="47.403908" lon="12.698112">
        <ele>1750.14364</ele>
      </trkpt>
      <trkpt lat="47.403918" lon="12.69815">
        <ele>1749.3687</ele>
      </trkpt>
      <trkpt lat="47.403921" lon="12.698201">
        <ele>1749.1168</ele>
      </trkpt>
      <trkpt lat="47.403922" lon="12.698265">
        <ele>1748.98497</ele>
      </trkpt>
      <trkpt lat="47.403929" lon="12.69832">
        <ele>1748.50641</ele>
      </trkpt>
      <trkpt lat="47.403954" lon="12.698408">
        <ele>1747.45107</ele>
      </trkpt>
      <trkpt lat="47.403978" lon="12.698487">
        <ele>1746.81487</ele>
      </trkpt>
      <trkpt lat="47.403998" lon="12.698553">
        <ele>1745.72946</ele>
      </trkpt>
      <trkpt lat="47.404017" lon="12.698605">
        <ele>1744.46504</ele>
      </trkpt>
      <trkpt lat="47.404037" lon="12.698667">
        <ele>1743.15071</ele>
      </trkpt>
      <trkpt lat="47.404039" lon="12.698703">
        <ele>1742.87252</ele>
      </trkpt>
      <trkpt lat="47.404049" lon="12.69874">
        <ele>1742.20235</ele>
      </trkpt>
      <trkpt lat="47.404059" lon="12.698782">
        <ele>1741.67234</ele>
      </trkpt>
      <trkpt lat="47.404081" lon="12.698816">
        <ele>1740.58353</ele>
      </trkpt>
      <trkpt lat="47.404114" lon="12.698892">
        <ele>1739.31159</ele>
      </trkpt>
      <trkpt lat="47.404137" lon="12.698949">
        <ele>1738.85797</ele>
      </trkpt>
      <trkpt lat="47.404154" lon="12.698985">
        <ele>1738.61432</ele>
      </trkpt>
      <trkpt lat="47.404176" lon="12.699023">
        <ele>1738.09863</ele>
      </trkpt>
      <trkpt lat="47.404186" lon="12.69906">
        <ele>1737.95034</ele>
      </trkpt>
      <trkpt lat="47.404203" lon="12.699111">
        <ele>1737.39124</ele>
      </trkpt>
      <trkpt lat="47.404217" lon="12.699162">
        <ele>1736.9396</ele>
      </trkpt>
      <trkpt lat="47.404226" lon="12.699204">
        <ele>1736.74439</ele>
      </trkpt>
      <trkpt lat="47.404238" lon="12.69924">
        <ele>1736.37292</ele>
      </trkpt>
      <trkpt lat="47.404257" lon="12.699303">
        <ele>1735.78452</ele>
      </trkpt>
      <trkpt lat="47.404269" lon="12.699367">
        <ele>1735.40609</ele>
      </trkpt>
      <trkpt lat="47.404272" lon="12.69943">
        <ele>1735.42651</ele>
      </trkpt>
      <trkpt lat="47.404276" lon="12.699475">
        <ele>1735.30959</ele>
      </trkpt>
      <trkpt lat="47.40429" lon="12.699545">
        <ele>1734.67474</ele>
      </trkpt>
      <trkpt lat="47.404298" lon="12.699597">
        <ele>1734.43881</ele>
      </trkpt>
      <trkpt lat="47.404306" lon="12.699665">
        <ele>1734.36697</ele>
      </trkpt>
      <trkpt lat="47.404317" lon="12.699729">
        <ele>1734.05181</ele>
      </trkpt>
      <trkpt lat="47.404325" lon="12.699799">
        <ele>1733.94921</ele>
      </trkpt>
      <trkpt lat="47.404333" lon="12.699852">
        <ele>1733.90664</ele>
      </trkpt>
      <trkpt lat="47.404348" lon="12.699898">
        <ele>1733.5187</ele>
      </trkpt>
      <trkpt lat="47.404364" lon="12.699921">
        <ele>1732.94507</ele>
      </trkpt>
      <trkpt lat="47.404391" lon="12.699972">
        <ele>1732.34429</ele>
      </trkpt>
      <trkpt lat="47.404409" lon="12.700019">
        <ele>1732.31964</ele>
      </trkpt>
      <trkpt lat="47.404421" lon="12.70006">
        <ele>1732.47565</ele>
      </trkpt>
      <trkpt lat="47.404439" lon="12.700093">
        <ele>1732.27351</ele>
      </trkpt>
      <trkpt lat="47.404464" lon="12.700131">
        <ele>1731.88783</ele>
      </trkpt>
      <trkpt lat="47.404481" lon="12.700169">
        <ele>1731.73762</ele>
      </trkpt>
      <trkpt lat="47.404496" lon="12.700188">
        <ele>1731.37338</ele>
      </trkpt>
      <trkpt lat="47.404519" lon="12.700207">
        <ele>1730.63101</ele>
      </trkpt>
      <trkpt lat="47.404547" lon="12.700248">
        <ele>1729.91451</ele>
      </trkpt>
      <trkpt lat="47.404562" lon="12.700273">
        <ele>1729.59167</ele>
      </trkpt>
      <trkpt lat="47.404589" lon="12.700336">
        <ele>1729.41767</ele>
      </trkpt>
      <trkpt lat="47.404608" lon="12.700384">
        <ele>1729.42493</ele>
      </trkpt>
      <trkpt lat="47.40464" lon="12.700432">
        <ele>1728.87998</ele>
      </trkpt>
      <trkpt lat="47.404664" lon="12.700467">
        <ele>1728.34591</ele>
      </trkpt>
      <trkpt lat="47.404676" lon="12.700499">
        <ele>1728.30139</ele>
      </trkpt>
      <trkpt lat="47.4047" lon="12.700533">
        <ele>1727.78849</ele>
      </trkpt>
      <trkpt lat="47.404709" lon="12.700558">
        <ele>1727.7663</ele>
      </trkpt>
      <trkpt lat="47.404718" lon="12.700573">
        <ele>1727.61279</ele>
      </trkpt>
      <trkpt lat="47.404747" lon="12.700584">
        <ele>1726.51405</ele>
      </trkpt>
      <trkpt lat="47.404774" lon="12.700589">
        <ele>1725.32298</ele>
      </trkpt>
      <trkpt lat="47.404796" lon="12.700607">
        <ele>1724.68017</ele>
      </trkpt>
      <trkpt lat="47.404818" lon="12.700642">
        <ele>1724.47874</ele>
      </trkpt>
      <trkpt lat="47.404848" lon="12.700665">
        <ele>1723.35622</ele>
      </trkpt>
      <trkpt lat="47.404861" lon="12.700686">
        <ele>1722.9997</ele>
      </trkpt>
      <trkpt lat="47.404878" lon="12.7007">
        <ele>1722.1312</ele>
      </trkpt>
      <trkpt lat="47.404906" lon="12.700715">
        <ele>1720.46947</ele>
      </trkpt>
      <trkpt lat="47.404927" lon="12.700744">
        <ele>1719.77361</ele>
      </trkpt>
      <trkpt lat="47.404956" lon="12.70079">
        <ele>1719.07828</ele>
      </trkpt>
      <trkpt lat="47.404983" lon="12.700856">
        <ele>1718.83311</ele>
      </trkpt>
      <trkpt lat="47.405003" lon="12.700923">
        <ele>1718.60965</ele>
      </trkpt>
      <trkpt lat="47.405013" lon="12.700954">
        <ele>1718.37058</ele>
      </trkpt>
      <trkpt lat="47.405015" lon="12.700973">
        <ele>1718.52719</ele>
      </trkpt>
      <trkpt lat="47.40502" lon="12.701012">
        <ele>1718.80811</ele>
      </trkpt>
      <trkpt lat="47.405042" lon="12.701055">
        <ele>1718.18032</ele>
      </trkpt>
      <trkpt lat="47.40506" lon="12.701089">
        <ele>1717.79234</ele>
      </trkpt>
      <trkpt lat="47.405076" lon="12.701127">
        <ele>1717.58331</ele>
      </trkpt>
      <trkpt lat="47.405096" lon="12.701176">
        <ele>1717.18697</ele>
      </trkpt>
      <trkpt lat="47.405114" lon="12.70123">
        <ele>1716.85476</ele>
      </trkpt>
      <trkpt lat="47.405136" lon="12.701279">
        <ele>1716.65791</ele>
      </trkpt>
      <trkpt lat="47.405188" lon="12.701392">
        <ele>1717.18475</ele>
      </trkpt>
      <trkpt lat="47.40522" lon="12.701457">
        <ele>1717.2997</ele>
      </trkpt>
      <trkpt lat="47.405247" lon="12.701493">
        <ele>1716.92568</ele>
      </trkpt>
      <trkpt lat="47.405272" lon="12.701543">
        <ele>1716.9095</ele>
      </trkpt>
      <trkpt lat="47.405294" lon="12.701587">
        <ele>1716.84622</ele>
      </trkpt>
      <trkpt lat="47.405332" lon="12.701663">
        <ele>1716.8966</ele>
      </trkpt>
      <trkpt lat="47.405359" lon="12.70172">
        <ele>1717.49558</ele>
      </trkpt>
      <trkpt lat="47.405374" lon="12.701761">
        <ele>1718.19553</ele>
      </trkpt>
      <trkpt lat="47.405398" lon="12.70181">
        <ele>1718.65823</ele>
      </trkpt>
      <trkpt lat="47.405441" lon="12.701883">
        <ele>1719.14161</ele>
      </trkpt>
      <trkpt lat="47.405515" lon="12.702002">
        <ele>1718.99472</ele>
      </trkpt>
      <trkpt lat="47.405569" lon="12.702075">
        <ele>1718.28547</ele>
      </trkpt>
      <trkpt lat="47.405643" lon="12.702191">
        <ele>1717.67445</ele>
      </trkpt>
      <trkpt lat="47.405679" lon="12.702249">
        <ele>1717.70943</ele>
      </trkpt>
      <trkpt lat="47.405726" lon="12.702318">
        <ele>1717.7326</ele>
      </trkpt>
      <trkpt lat="47.405761" lon="12.702367">
        <ele>1717.65314</ele>
      </trkpt>
      <trkpt lat="47.405781" lon="12.702406">
        <ele>1717.90826</ele>
      </trkpt>
      <trkpt lat="47.405808" lon="12.702448">
        <ele>1718.04562</ele>
      </trkpt>
      <trkpt lat="47.405842" lon="12.702477">
        <ele>1717.76351</ele>
      </trkpt>
      <trkpt lat="47.405874" lon="12.702491">
        <ele>1717.35709</ele>
      </trkpt>
      <trkpt lat="47.405935" lon="12.702526">
        <ele>1717.57291</ele>
      </trkpt>
      <trkpt lat="47.406001" lon="12.702553">
        <ele>1717.53796</ele>
      </trkpt>
      <trkpt lat="47.40606" lon="12.702567">
        <ele>1717.47441</ele>
      </trkpt>
      <trkpt lat="47.406131" lon="12.702594">
        <ele>1717.8447</ele>
      </trkpt>
      <trkpt lat="47.406208" lon="12.702609">
        <ele>1717.17634</ele>
      </trkpt>
      <trkpt lat="47.406257" lon="12.702626">
        <ele>1717.39906</ele>
      </trkpt>
      <trkpt lat="47.406331" lon="12.702663">
        <ele>1717.87925</ele>
      </trkpt>
      <trkpt lat="47.406381" lon="12.702703">
        <ele>1718.18225</ele>
      </trkpt>
      <trkpt lat="47.406455" lon="12.702767">
        <ele>1718.09952</ele>
      </trkpt>
      <trkpt lat="47.406496" lon="12.702809">
        <ele>1718.96036</ele>
      </trkpt>
      <trkpt lat="47.406569" lon="12.702865">
        <ele>1720.09647</ele>
      </trkpt>
      <trkpt lat="47.40663" lon="12.702893">
        <ele>1720.83767</ele>
      </trkpt>
      <trkpt lat="47.406686" lon="12.702931">
        <ele>1720.6919</ele>
      </trkpt>
      <trkpt lat="47.406747" lon="12.70299">
        <ele>1720.45903</ele>
      </trkpt>
      <trkpt lat="47.406798" lon="12.703014">
        <ele>1720.00324</ele>
      </trkpt>
      <trkpt lat="47.406862" lon="12.703074">
        <ele>1719.71399</ele>
      </trkpt>
      <trkpt lat="47.406926" lon="12.703182">
        <ele>1720.28331</ele>
      </trkpt>
      <trkpt lat="47.406986" lon="12.70327">
        <ele>1720.41724</ele>
      </trkpt>
      <trkpt lat="47.407047" lon="12.703379">
        <ele>1721.65462</ele>
      </trkpt>
      <trkpt lat="47.407109" lon="12.703494">
        <ele>1723.58235</ele>
      </trkpt>
      <trkpt lat="47.407174" lon="12.70359">
        <ele>1725.6432</ele>
      </trkpt>
      <trkpt lat="47.407212" lon="12.703665">
        <ele>1727.30107</ele>
      </trkpt>
      <trkpt lat="47.407222" lon="12.703729">
        <ele>1729.13401</ele>
      </trkpt>
      <trkpt lat="47.407248" lon="12.703821">
        <ele>1730.74066</ele>
      </trkpt>
      <trkpt lat="47.407287" lon="12.703947">
        <ele>1732.46316</ele>
      </trkpt>
      <trkpt lat="47.407342" lon="12.704087">
        <ele>1733.58713</ele>
      </trkpt>
      <trkpt lat="47.407396" lon="12.704262">
        <ele>1734.49599</ele>
      </trkpt>
      <trkpt lat="47.407447" lon="12.704393">
        <ele>1735.3076</ele>
      </trkpt>
      <trkpt lat="47.407492" lon="12.704531">
        <ele>1735.95736</ele>
      </trkpt>
      <trkpt lat="47.407541" lon="12.704689">
        <ele>1736.09486</ele>
      </trkpt>
      <trkpt lat="47.407558" lon="12.704783">
        <ele>1736.4259</ele>
      </trkpt>
      <trkpt lat="47.407558" lon="12.704899">
        <ele>1737.53423</ele>
      </trkpt>
      <trkpt lat="47.40756" lon="12.70499">
        <ele>1737.83687</ele>
      </trkpt>
      <trkpt lat="47.407547" lon="12.70508">
        <ele>1738.93477</ele>
      </trkpt>
      <trkpt lat="47.407534" lon="12.705187">
        <ele>1739.64319</ele>
      </trkpt>
      <trkpt lat="47.407534" lon="12.705279">
        <ele>1739.8803</ele>
      </trkpt>
      <trkpt lat="47.407541" lon="12.705452">
        <ele>1740.95404</ele>
      </trkpt>
      <trkpt lat="47.407553" lon="12.705654">
        <ele>1740.9778</ele>
      </trkpt>
      <trkpt lat="47.407573" lon="12.705842">
        <ele>1740.44011</ele>
      </trkpt>
      <trkpt lat="47.407594" lon="12.706026">
        <ele>1741.00277</ele>
      </trkpt>
      <trkpt lat="47.407626" lon="12.706203">
        <ele>1741.82871</ele>
      </trkpt>
      <trkpt lat="47.407654" lon="12.706308">
        <ele>1741.94374</ele>
      </trkpt>
      <trkpt lat="47.407684" lon="12.706395">
        <ele>1742.27668</ele>
      </trkpt>
      <trkpt lat="47.407713" lon="12.706491">
        <ele>1743.019</ele>
      </trkpt>
      <trkpt lat="47.407728" lon="12.70657">
        <ele>1744.03187</ele>
      </trkpt>
      <trkpt lat="47.407752" lon="12.706645">
        <ele>1744.28847</ele>
      </trkpt>
      <trkpt lat="47.407784" lon="12.706762">
        <ele>1745.18117</ele>
      </trkpt>
      <trkpt lat="47.40781" lon="12.706852">
        <ele>1745.78175</ele>
      </trkpt>
      <trkpt lat="47.407835" lon="12.706974">
        <ele>1746.44879</ele>
      </trkpt>
      <trkpt lat="47.40785" lon="12.707091">
        <ele>1747.2038</ele>
      </trkpt>
      <trkpt lat="47.407856" lon="12.707185">
        <ele>1747.79742</ele>
      </trkpt>
      <trkpt lat="47.407844" lon="12.707283">
        <ele>1748.83582</ele>
      </trkpt>
      <trkpt lat="47.40785" lon="12.707362">
        <ele>1748.88237</ele>
      </trkpt>
      <trkpt lat="47.407872" lon="12.707479">
        <ele>1748.87719</ele>
      </trkpt>
      <trkpt lat="47.407901" lon="12.70758">
        <ele>1749.53661</ele>
      </trkpt>
      <trkpt lat="47.407927" lon="12.707697">
        <ele>1750.48053</ele>
      </trkpt>
      <trkpt lat="47.407946" lon="12.707806">
        <ele>1751.26448</ele>
      </trkpt>
      <trkpt lat="47.408" lon="12.707987">
        <ele>1752.11053</ele>
      </trkpt>
      <trkpt lat="47.408051" lon="12.708101">
        <ele>1752.21091</ele>
      </trkpt>
      <trkpt lat="47.408104" lon="12.708222">
        <ele>1752.17245</ele>
      </trkpt>
      <trkpt lat="47.40816" lon="12.708338">
        <ele>1752.74076</ele>
      </trkpt>
      <trkpt lat="47.408296" lon="12.708502">
        <ele>1752.84478</ele>
      </trkpt>
      <trkpt lat="47.408356" lon="12.708604">
        <ele>1753.85975</ele>
      </trkpt>
      <trkpt lat="47.408418" lon="12.708722">
        <ele>1755.05517</ele>
      </trkpt>
      <trkpt lat="47.408491" lon="12.708829">
        <ele>1756.07541</ele>
      </trkpt>
      <trkpt lat="47.408538" lon="12.708903">
        <ele>1757.03576</ele>
      </trkpt>
      <trkpt lat="47.408572" lon="12.708969">
        <ele>1757.6745</ele>
      </trkpt>
      <trkpt lat="47.408617" lon="12.70907">
        <ele>1758.2228</ele>
      </trkpt>
      <trkpt lat="47.408664" lon="12.709187">
        <ele>1758.78043</ele>
      </trkpt>
      <trkpt lat="47.408708" lon="12.709292">
        <ele>1760.07455</ele>
      </trkpt>
      <trkpt lat="47.408745" lon="12.709352">
        <ele>1760.7361</ele>
      </trkpt>
      <trkpt lat="47.408823" lon="12.709437">
        <ele>1761.73371</ele>
      </trkpt>
      <trkpt lat="47.408866" lon="12.709507">
        <ele>1762.95088</ele>
      </trkpt>
      <trkpt lat="47.408924" lon="12.709614">
        <ele>1764.56341</ele>
      </trkpt>
      <trkpt lat="47.408964" lon="12.7097">
        <ele>1765.84727</ele>
      </trkpt>
      <trkpt lat="47.409003" lon="12.709795">
        <ele>1766.95076</ele>
      </trkpt>
      <trkpt lat="47.409043" lon="12.709894">
        <ele>1767.5495</ele>
      </trkpt>
      <trkpt lat="47.409067" lon="12.710035">
        <ele>1768.47496</ele>
      </trkpt>
      <trkpt lat="47.409088" lon="12.710139">
        <ele>1768.7652</ele>
      </trkpt>
      <trkpt lat="47.409116" lon="12.710229">
        <ele>1768.92715</ele>
      </trkpt>
      <trkpt lat="47.409144" lon="12.710357">
        <ele>1770.22744</ele>
      </trkpt>
      <trkpt lat="47.409172" lon="12.710449">
        <ele>1771.03032</ele>
      </trkpt>
      <trkpt lat="47.409206" lon="12.710549">
        <ele>1771.67808</ele>
      </trkpt>
      <trkpt lat="47.409236" lon="12.710666">
        <ele>1772.66731</ele>
      </trkpt>
      <trkpt lat="47.409257" lon="12.710778">
        <ele>1773.03929</ele>
      </trkpt>
      <trkpt lat="47.409274" lon="12.710899">
        <ele>1772.1938</ele>
      </trkpt>
      <trkpt lat="47.409302" lon="12.711076">
        <ele>1771.1556</ele>
      </trkpt>
      <trkpt lat="47.409321" lon="12.711236">
        <ele>1771.35854</ele>
      </trkpt>
      <trkpt lat="47.40934" lon="12.711399">
        <ele>1772.15616</ele>
      </trkpt>
      <trkpt lat="47.409353" lon="12.71155">
        <ele>1772.88195</ele>
      </trkpt>
      <trkpt lat="47.409396" lon="12.71171">
        <ele>1772.78496</ele>
      </trkpt>
      <trkpt lat="47.409464" lon="12.711873">
        <ele>1772.28552</ele>
      </trkpt>
      <trkpt lat="47.40962" lon="12.712248">
        <ele>1768.37098</ele>
      </trkpt>
      <trkpt lat="47.409776" lon="12.712571">
        <ele>1767.19229</ele>
      </trkpt>
      <trkpt lat="47.409899" lon="12.712799">
        <ele>1767.32392</ele>
      </trkpt>
      <trkpt lat="47.41004" lon="12.713042">
        <ele>1766.96411</ele>
      </trkpt>
      <trkpt lat="47.410126" lon="12.713254">
        <ele>1764.94354</ele>
      </trkpt>
      <trkpt lat="47.410198" lon="12.713459">
        <ele>1762.87344</ele>
      </trkpt>
      <trkpt lat="47.410322" lon="12.713755">
        <ele>1760.42749</ele>
      </trkpt>
      <trkpt lat="47.41036" lon="12.713875">
        <ele>1759.61118</ele>
      </trkpt>
      <trkpt lat="47.41042" lon="12.714078">
        <ele>1758.69565</ele>
      </trkpt>
      <trkpt lat="47.410451" lon="12.714146">
        <ele>1758.48457</ele>
      </trkpt>
      <trkpt lat="47.410482" lon="12.714214">
        <ele>1758.27562</ele>
      </trkpt>
      <trkpt lat="47.410511" lon="12.714423">
        <ele>1758.67152</ele>
      </trkpt>
      <trkpt lat="47.410567" lon="12.714629">
        <ele>1758.85809</ele>
      </trkpt>
      <trkpt lat="47.410628" lon="12.714703">
        <ele>1758.85166</ele>
      </trkpt>
      <trkpt lat="47.41092" lon="12.714873">
        <ele>1755.39791</ele>
      </trkpt>
      <trkpt lat="47.411064" lon="12.715017">
        <ele>1749.73085</ele>
      </trkpt>
      <trkpt lat="47.41122" lon="12.715033">
        <ele>1745.97917</ele>
      </trkpt>
      <trkpt lat="47.411042" lon="12.71521">
        <ele>1745.82058</ele>
      </trkpt>
      <trkpt lat="47.411398" lon="12.715114">
        <ele>1740.79853</ele>
      </trkpt>
      <trkpt lat="47.411206" lon="12.715377">
        <ele>1736.80609</ele>
      </trkpt>
      <trkpt lat="47.411514" lon="12.715318">
        <ele>1735.7744</ele>
      </trkpt>
      <trkpt lat="47.411674" lon="12.715318">
        <ele>1734.85544</ele>
      </trkpt>
      <trkpt lat="47.411819" lon="12.715387">
        <ele>1732.29091</ele>
      </trkpt>
      <trkpt lat="47.411609" lon="12.715602">
        <ele>1726.36405</ele>
      </trkpt>
      <trkpt lat="47.411932" lon="12.715527">
        <ele>1727.12065</ele>
      </trkpt>
      <trkpt lat="47.411779" lon="12.715709">
        <ele>1721.85015</ele>
      </trkpt>
      <trkpt lat="47.412247" lon="12.715698">
        <ele>1720.39962</ele>
      </trkpt>
      <trkpt lat="47.412396" lon="12.715811">
        <ele>1717.393</ele>
      </trkpt>
      <trkpt lat="47.412443" lon="12.715902">
        <ele>1714.29132</ele>
      </trkpt>
      <trkpt lat="47.412509" lon="12.715913">
        <ele>1714.97289</ele>
      </trkpt>
      <trkpt lat="47.412614" lon="12.71594">
        <ele>1715.88157</ele>
      </trkpt>
      <trkpt lat="47.412741" lon="12.715977">
        <ele>1714.35845</ele>
      </trkpt>
      <trkpt lat="47.412886" lon="12.716063">
        <ele>1711.58817</ele>
      </trkpt>
      <trkpt lat="47.413073" lon="12.716133">
        <ele>1711.48794</ele>
      </trkpt>
      <trkpt lat="47.413286" lon="12.716213">
        <ele>1709.61005</ele>
      </trkpt>
      <trkpt lat="47.41334" lon="12.716294">
        <ele>1707.97442</ele>
      </trkpt>
      <trkpt lat="47.413347" lon="12.71639">
        <ele>1705.81102</ele>
      </trkpt>
      <trkpt lat="47.413051" lon="12.716525">
        <ele>1696.04861</ele>
      </trkpt>
      <trkpt lat="47.412912" lon="12.716578">
        <ele>1692.43979</ele>
      </trkpt>
      <trkpt lat="47.412901" lon="12.716618">
        <ele>1690.54481</ele>
      </trkpt>
      <trkpt lat="47.413319" lon="12.716807">
        <ele>1687.91029</ele>
      </trkpt>
      <trkpt lat="47.413615" lon="12.717119">
        <ele>1680.88648</ele>
      </trkpt>
      <trkpt lat="47.413747" lon="12.717052">
        <ele>1684.37805</ele>
      </trkpt>
      <trkpt lat="47.413792" lon="12.717151">
        <ele>1680.91681</ele>
      </trkpt>
      <trkpt lat="47.413936" lon="12.717112">
        <ele>1678.88797</ele>
      </trkpt>
      <trkpt lat="47.413997" lon="12.717213">
        <ele>1675.06636</ele>
      </trkpt>
      <trkpt lat="47.413703" lon="12.717471">
        <ele>1667.85724</ele>
      </trkpt>
      <trkpt lat="47.413739" lon="12.717708">
        <ele>1661.08437</ele>
      </trkpt>
      <trkpt lat="47.413979" lon="12.717841">
        <ele>1662.81935</ele>
      </trkpt>
      <trkpt lat="47.414309" lon="12.717497">
        <ele>1659.37428</ele>
      </trkpt>
      <trkpt lat="47.41442" lon="12.717455">
        <ele>1654.77917</ele>
      </trkpt>
      <trkpt lat="47.414562" lon="12.717492">
        <ele>1647.11155</ele>
      </trkpt>
      <trkpt lat="47.414501" lon="12.717698">
        <ele>1647.11326</ele>
      </trkpt>
      <trkpt lat="47.414437" lon="12.717919">
        <ele>1645.83933</ele>
      </trkpt>
      <trkpt lat="47.41424" lon="12.718142">
        <ele>1646.09185</ele>
      </trkpt>
      <trkpt lat="47.414003" lon="12.718336">
        <ele>1642.61617</ele>
      </trkpt>
      <trkpt lat="47.413906" lon="12.718399">
        <ele>1639.73532</ele>
      </trkpt>
      <trkpt lat="47.413933" lon="12.718538">
        <ele>1634.77493</ele>
      </trkpt>
      <trkpt lat="47.414033" lon="12.718661">
        <ele>1632.52297</ele>
      </trkpt>
      <trkpt lat="47.414234" lon="12.718971">
        <ele>1632.05938</ele>
      </trkpt>
      <trkpt lat="47.414417" lon="12.71906">
        <ele>1626.96822</ele>
      </trkpt>
      <trkpt lat="47.414492" lon="12.719161">
        <ele>1622.38601</ele>
      </trkpt>
      <trkpt lat="47.414516" lon="12.719275">
        <ele>1618.93298</ele>
      </trkpt>
      <trkpt lat="47.4146" lon="12.719581">
        <ele>1609.30989</ele>
      </trkpt>
      <trkpt lat="47.41479" lon="12.719575">
        <ele>1606.05738</ele>
      </trkpt>
      <trkpt lat="47.414892" lon="12.719612">
        <ele>1603.46053</ele>
      </trkpt>
      <trkpt lat="47.414913" lon="12.71973">
        <ele>1601.42893</ele>
      </trkpt>
      <trkpt lat="47.414838" lon="12.720053">
        <ele>1598.44552</ele>
      </trkpt>
      <trkpt lat="47.414934" lon="12.720174">
        <ele>1594.02942</ele>
      </trkpt>
      <trkpt lat="47.414982" lon="12.720183">
        <ele>1592.62535</ele>
      </trkpt>
      <trkpt lat="47.415064" lon="12.720156">
        <ele>1591.1389</ele>
      </trkpt>
      <trkpt lat="47.415178" lon="12.720296">
        <ele>1587.93245</ele>
      </trkpt>
      <trkpt lat="47.415271" lon="12.72045">
        <ele>1585.95386</ele>
      </trkpt>
      <trkpt lat="47.41535" lon="12.720728">
        <ele>1582.29012</ele>
      </trkpt>
      <trkpt lat="47.415485" lon="12.721142">
        <ele>1575.26899</ele>
      </trkpt>
      <trkpt lat="47.415506" lon="12.721515">
        <ele>1571.81977</ele>
      </trkpt>
      <trkpt lat="47.415648" lon="12.721733">
        <ele>1568.17667</ele>
      </trkpt>
      <trkpt lat="47.415842" lon="12.722314">
        <ele>1560.95653</ele>
      </trkpt>
      <trkpt lat="47.415977" lon="12.722592">
        <ele>1555.51032</ele>
      </trkpt>
      <trkpt lat="47.416114" lon="12.722733">
        <ele>1555.5036</ele>
      </trkpt>
      <trkpt lat="47.416254" lon="12.722712">
        <ele>1553.93154</ele>
      </trkpt>
      <trkpt lat="47.416332" lon="12.722726">
        <ele>1552.88001</ele>
      </trkpt>
      <trkpt lat="47.416426" lon="12.722769">
        <ele>1550.69826</ele>
      </trkpt>
      <trkpt lat="47.416588" lon="12.722749">
        <ele>1546.2397</ele>
      </trkpt>
      <trkpt lat="47.416782" lon="12.722715">
        <ele>1545.20495</ele>
      </trkpt>
      <trkpt lat="47.416904" lon="12.7227">
        <ele>1545.25571</ele>
      </trkpt>
      <trkpt lat="47.417062" lon="12.722686">
        <ele>1542.87777</ele>
      </trkpt>
      <trkpt lat="47.417265" lon="12.722696">
        <ele>1539.83977</ele>
      </trkpt>
      <trkpt lat="47.417449" lon="12.722757">
        <ele>1537.13341</ele>
      </trkpt>
      <trkpt lat="47.417559" lon="12.722815">
        <ele>1535.84694</ele>
      </trkpt>
      <trkpt lat="47.417662" lon="12.722845">
        <ele>1534.12576</ele>
      </trkpt>
      <trkpt lat="47.417676" lon="12.722814">
        <ele>1532.8219</ele>
      </trkpt>
      <trkpt lat="47.417595" lon="12.722687">
        <ele>1530.89209</ele>
      </trkpt>
      <trkpt lat="47.417605" lon="12.722658">
        <ele>1529.77036</ele>
      </trkpt>
      <trkpt lat="47.417761" lon="12.722708">
        <ele>1527.0219</ele>
      </trkpt>
      <trkpt lat="47.417767" lon="12.722646">
        <ele>1524.36245</ele>
      </trkpt>
      <trkpt lat="47.417578" lon="12.722412">
        <ele>1523.2765</ele>
      </trkpt>
      <trkpt lat="47.417576" lon="12.722363">
        <ele>1521.96421</ele>
      </trkpt>
      <trkpt lat="47.417627" lon="12.722353">
        <ele>1519.81506</ele>
      </trkpt>
      <trkpt lat="47.417879" lon="12.722478">
        <ele>1513.84528</ele>
      </trkpt>
      <trkpt lat="47.418089" lon="12.722599">
        <ele>1511.1905</ele>
      </trkpt>
      <trkpt lat="47.418429" lon="12.723002">
        <ele>1506.41956</ele>
      </trkpt>
      <trkpt lat="47.418631" lon="12.723045">
        <ele>1499.73997</ele>
      </trkpt>
      <trkpt lat="47.418636" lon="12.723013">
        <ele>1498.57175</ele>
      </trkpt>
      <trkpt lat="47.418511" lon="12.722745">
        <ele>1494.93044</ele>
      </trkpt>
      <trkpt lat="47.418469" lon="12.722713">
        <ele>1495.95684</ele>
      </trkpt>
      <trkpt lat="47.418426" lon="12.722705">
        <ele>1497.81038</ele>
      </trkpt>
      <trkpt lat="47.418381" lon="12.722671">
        <ele>1499.085</ele>
      </trkpt>
      <trkpt lat="47.418358" lon="12.722625">
        <ele>1498.95624</ele>
      </trkpt>
      <trkpt lat="47.41833" lon="12.722499">
        <ele>1496.79525</ele>
      </trkpt>
      <trkpt lat="47.418347" lon="12.722364">
        <ele>1491.66029</ele>
      </trkpt>
      <trkpt lat="47.418436" lon="12.722359">
        <ele>1486.92237</ele>
      </trkpt>
      <trkpt lat="47.418666" lon="12.722519">
        <ele>1481.02842</ele>
      </trkpt>
      <trkpt lat="47.419037" lon="12.722923">
        <ele>1476.05185</ele>
      </trkpt>
      <trkpt lat="47.4193" lon="12.723403">
        <ele>1470.2205</ele>
      </trkpt>
      <trkpt lat="47.419385" lon="12.72365">
        <ele>1470.07171</ele>
      </trkpt>
      <trkpt lat="47.419594" lon="12.724105">
        <ele>1462.98655</ele>
      </trkpt>
      <trkpt lat="47.419671" lon="12.724547">
        <ele>1464.95182</ele>
      </trkpt>
      <trkpt lat="47.419851" lon="12.724868">
        <ele>1460.18731</ele>
      </trkpt>
      <trkpt lat="47.419956" lon="12.725125">
        <ele>1461.20163</ele>
      </trkpt>
      <trkpt lat="47.420178" lon="12.725477">
        <ele>1457.75471</ele>
      </trkpt>
      <trkpt lat="47.420179" lon="12.725637">
        <ele>1457.18581</ele>
      </trkpt>
      <trkpt lat="47.420062" lon="12.725961">
        <ele>1457.37339</ele>
      </trkpt>
      <trkpt lat="47.420115" lon="12.726084">
        <ele>1450.73675</ele>
      </trkpt>
      <trkpt lat="47.420195" lon="12.726107">
        <ele>1446.8392</ele>
      </trkpt>
      <trkpt lat="47.420257" lon="12.725989">
        <ele>1446.93273</ele>
      </trkpt>
      <trkpt lat="47.420534" lon="12.725638">
        <ele>1439.43247</ele>
      </trkpt>
      <trkpt lat="47.420563" lon="12.725499">
        <ele>1438.72723</ele>
      </trkpt>
      <trkpt lat="47.420603" lon="12.725503">
        <ele>1437.07095</ele>
      </trkpt>
      <trkpt lat="47.420628" lon="12.725795">
        <ele>1433.47205</ele>
      </trkpt>
      <trkpt lat="47.420661" lon="12.725796">
        <ele>1432.26603</ele>
      </trkpt>
      <trkpt lat="47.420703" lon="12.725475">
        <ele>1433.89116</ele>
      </trkpt>
      <trkpt lat="47.42073" lon="12.72547">
        <ele>1433.17893</ele>
      </trkpt>
      <trkpt lat="47.420751" lon="12.725805">
        <ele>1429.55</ele>
      </trkpt>
      <trkpt lat="47.420785" lon="12.725808">
        <ele>1428.79447</ele>
      </trkpt>
      <trkpt lat="47.420837" lon="12.725428">
        <ele>1430.12859</ele>
      </trkpt>
      <trkpt lat="47.420863" lon="12.725426">
        <ele>1429.2606</ele>
      </trkpt>
      <trkpt lat="47.420875" lon="12.725492">
        <ele>1429.28117</ele>
      </trkpt>
      <trkpt lat="47.42086" lon="12.725673">
        <ele>1428.36942</ele>
      </trkpt>
      <trkpt lat="47.420934" lon="12.725615">
        <ele>1425.09679</ele>
      </trkpt>
      <trkpt lat="47.421011" lon="12.725527">
        <ele>1420.82871</ele>
      </trkpt>
      <trkpt lat="47.421126" lon="12.725523">
        <ele>1418.14555</ele>
      </trkpt>
      <trkpt lat="47.421198" lon="12.725565">
        <ele>1415.6353</ele>
      </trkpt>
      <trkpt lat="47.421257" lon="12.725628">
        <ele>1410.72218</ele>
      </trkpt>
      <trkpt lat="47.42131" lon="12.725665">
        <ele>1407.4734</ele>
      </trkpt>
      <trkpt lat="47.421268" lon="12.726011">
        <ele>1405.41319</ele>
      </trkpt>
      <trkpt lat="47.421283" lon="12.726141">
        <ele>1402.82315</ele>
      </trkpt>
      <trkpt lat="47.421356" lon="12.726114">
        <ele>1400.50282</ele>
      </trkpt>
      <trkpt lat="47.421415" lon="12.725985">
        <ele>1399.84104</ele>
      </trkpt>
      <trkpt lat="47.421474" lon="12.725733">
        <ele>1399.55312</ele>
      </trkpt>
      <trkpt lat="47.421501" lon="12.725561">
        <ele>1398.15971</ele>
      </trkpt>
      <trkpt lat="47.421556" lon="12.725301">
        <ele>1393.79599</ele>
      </trkpt>
      <trkpt lat="47.42163" lon="12.725304">
        <ele>1389.53391</ele>
      </trkpt>
      <trkpt lat="47.421689" lon="12.725479">
        <ele>1387.62082</ele>
      </trkpt>
      <trkpt lat="47.4217" lon="12.725588">
        <ele>1387.62195</ele>
      </trkpt>
      <trkpt lat="47.421707" lon="12.725651">
        <ele>1387.36149</ele>
      </trkpt>
      <trkpt lat="47.421701" lon="12.725809">
        <ele>1387.28187</ele>
      </trkpt>
      <trkpt lat="47.421692" lon="12.725908">
        <ele>1387.19176</ele>
      </trkpt>
      <trkpt lat="47.421715" lon="12.726295">
        <ele>1380.26665</ele>
      </trkpt>
      <trkpt lat="47.421763" lon="12.726347">
        <ele>1377.24923</ele>
      </trkpt>
      <trkpt lat="47.421812" lon="12.726266">
        <ele>1376.79695</ele>
      </trkpt>
      <trkpt lat="47.421953" lon="12.725531">
        <ele>1375.8666</ele>
      </trkpt>
      <trkpt lat="47.422002" lon="12.725423">
        <ele>1372.99973</ele>
      </trkpt>
      <trkpt lat="47.42205" lon="12.725459">
        <ele>1371.51744</ele>
      </trkpt>
      <trkpt lat="47.422062" lon="12.725924">
        <ele>1372.52563</ele>
      </trkpt>
      <trkpt lat="47.422093" lon="12.7264">
        <ele>1362.67416</ele>
      </trkpt>
      <trkpt lat="47.422132" lon="12.726409">
        <ele>1361.2857</ele>
      </trkpt>
      <trkpt lat="47.422183" lon="12.726319">
        <ele>1361.27093</ele>
      </trkpt>
      <trkpt lat="47.422242" lon="12.725183">
        <ele>1356.04286</ele>
      </trkpt>
      <trkpt lat="47.422288" lon="12.72518">
        <ele>1354.92563</ele>
      </trkpt>
      <trkpt lat="47.422346" lon="12.726093">
        <ele>1358.13627</ele>
      </trkpt>
      <trkpt lat="47.422404" lon="12.726543">
        <ele>1350.1217</ele>
      </trkpt>
      <trkpt lat="47.422481" lon="12.726583">
        <ele>1346.93776</ele>
      </trkpt>
      <trkpt lat="47.422551" lon="12.726515">
        <ele>1346.00944</ele>
      </trkpt>
      <trkpt lat="47.422575" lon="12.72607">
        <ele>1350.90152</ele>
      </trkpt>
      <trkpt lat="47.422679" lon="12.725166">
        <ele>1346.67885</ele>
      </trkpt>
      <trkpt lat="47.422735" lon="12.725103">
        <ele>1343.86944</ele>
      </trkpt>
      <trkpt lat="47.422795" lon="12.725168">
        <ele>1343.08043</ele>
      </trkpt>
      <trkpt lat="47.422851" lon="12.725692">
        <ele>1344.4254</ele>
      </trkpt>
      <trkpt lat="47.422946" lon="12.726428">
        <ele>1338.43797</ele>
      </trkpt>
      <trkpt lat="47.423012" lon="12.72646">
        <ele>1337.29372</ele>
      </trkpt>
      <trkpt lat="47.423057" lon="12.726374">
        <ele>1337.70797</ele>
      </trkpt>
      <trkpt lat="47.423156" lon="12.725586">
        <ele>1335.65747</ele>
      </trkpt>
      <trkpt lat="47.423255" lon="12.725031">
        <ele>1327.12277</ele>
      </trkpt>
      <trkpt lat="47.423328" lon="12.724966">
        <ele>1324.09182</ele>
      </trkpt>
      <trkpt lat="47.4234" lon="12.72503">
        <ele>1324.24834</ele>
      </trkpt>
      <trkpt lat="47.423524" lon="12.726412">
        <ele>1325.4552</ele>
      </trkpt>
      <trkpt lat="47.423618" lon="12.726473">
        <ele>1321.20813</ele>
      </trkpt>
      <trkpt lat="47.423698" lon="12.726362">
        <ele>1320.10159</ele>
      </trkpt>
      <trkpt lat="47.423778" lon="12.725659">
        <ele>1324.16468</ele>
      </trkpt>
      <trkpt lat="47.42394" lon="12.724877">
        <ele>1315.30997</ele>
      </trkpt>
      <trkpt lat="47.424008" lon="12.724797">
        <ele>1311.70863</ele>
      </trkpt>
      <trkpt lat="47.424069" lon="12.7249">
        <ele>1314.27606</ele>
      </trkpt>
      <trkpt lat="47.424121" lon="12.725696">
        <ele>1313.72973</ele>
      </trkpt>
      <trkpt lat="47.424196" lon="12.726431">
        <ele>1294.49155</ele>
      </trkpt>
      <trkpt lat="47.42427" lon="12.726507">
        <ele>1287.39949</ele>
      </trkpt>
      <trkpt lat="47.424344" lon="12.726359">
        <ele>1289.00462</ele>
      </trkpt>
      <trkpt lat="47.424393" lon="12.725548">
        <ele>1307.8808</ele>
      </trkpt>
      <trkpt lat="47.424463" lon="12.724937">
        <ele>1308.15956</ele>
      </trkpt>
      <trkpt lat="47.42454" lon="12.724827">
        <ele>1304.19325</ele>
      </trkpt>
      <trkpt lat="47.424642" lon="12.724908">
        <ele>1302.52039</ele>
      </trkpt>
      <trkpt lat="47.42471" lon="12.725389">
        <ele>1296.08711</ele>
      </trkpt>
      <trkpt lat="47.424831" lon="12.726431">
        <ele>1264.53765</ele>
      </trkpt>
      <trkpt lat="47.424896" lon="12.726491">
        <ele>1259.98312</ele>
      </trkpt>
      <trkpt lat="47.425037" lon="12.725024">
        <ele>1286.23141</ele>
      </trkpt>
      <trkpt lat="47.425119" lon="12.724551">
        <ele>1276.06708</ele>
      </trkpt>
      <trkpt lat="47.425234" lon="12.724491">
        <ele>1269.42431</ele>
      </trkpt>
      <trkpt lat="47.425279" lon="12.724699">
        <ele>1274.60017</ele>
      </trkpt>
      <trkpt lat="47.425263" lon="12.725208">
        <ele>1277.53468</ele>
      </trkpt>
      <trkpt lat="47.425238" lon="12.725585">
        <ele>1270.48758</ele>
      </trkpt>
      <trkpt lat="47.425205" lon="12.726365">
        <ele>1251.14612</ele>
      </trkpt>
      <trkpt lat="47.425266" lon="12.726382">
        <ele>1247.491</ele>
      </trkpt>
      <trkpt lat="47.425467" lon="12.725628">
        <ele>1255.817</ele>
      </trkpt>
      <trkpt lat="47.42562" lon="12.724696">
        <ele>1258.74873</ele>
      </trkpt>
      <trkpt lat="47.425738" lon="12.724538">
        <ele>1249.67847</ele>
      </trkpt>
      <trkpt lat="47.425811" lon="12.724654">
        <ele>1248.20721</ele>
      </trkpt>
      <trkpt lat="47.425824" lon="12.725224">
        <ele>1244.1818</ele>
      </trkpt>
      <trkpt lat="47.425794" lon="12.72587">
        <ele>1232.39803</ele>
      </trkpt>
      <trkpt lat="47.42587" lon="12.726717">
        <ele>1213.58475</ele>
      </trkpt>
      <trkpt lat="47.425946" lon="12.72677">
        <ele>1209.73944</ele>
      </trkpt>
      <trkpt lat="47.426019" lon="12.726615">
        <ele>1209.92929</ele>
      </trkpt>
      <trkpt lat="47.426134" lon="12.725698">
        <ele>1219.88872</ele>
      </trkpt>
      <trkpt lat="47.426233" lon="12.725248">
        <ele>1222.19652</ele>
      </trkpt>
      <trkpt lat="47.426432" lon="12.724979">
        <ele>1215.99706</ele>
      </trkpt>
      <trkpt lat="47.426766" lon="12.724893">
        <ele>1204.21139</ele>
      </trkpt>
      <trkpt lat="47.427173" lon="12.725129">
        <ele>1187.78162</ele>
      </trkpt>
      <trkpt lat="47.427463" lon="12.725408">
        <ele>1169.83555</ele>
      </trkpt>
      <trkpt lat="47.427623" lon="12.725258">
        <ele>1164.73656</ele>
      </trkpt>
      <trkpt lat="47.427565" lon="12.72485">
        <ele>1169.49097</ele>
      </trkpt>
      <trkpt lat="47.427361" lon="12.724507">
        <ele>1173.06165</ele>
      </trkpt>
      <trkpt lat="47.4271" lon="12.724164">
        <ele>1173.95524</ele>
      </trkpt>
      <trkpt lat="47.427114" lon="12.723863">
        <ele>1157.55624</ele>
      </trkpt>
      <trkpt lat="47.427274" lon="12.723756">
        <ele>1148.37008</ele>
      </trkpt>
      <trkpt lat="47.427405" lon="12.723734">
        <ele>1145.31715</ele>
      </trkpt>
      <trkpt lat="47.427579" lon="12.723691">
        <ele>1140.40071</ele>
      </trkpt>
      <trkpt lat="47.427811" lon="12.723649">
        <ele>1135.7667</ele>
      </trkpt>
      <trkpt lat="47.427942" lon="12.723606">
        <ele>1132.95123</ele>
      </trkpt>
      <trkpt lat="47.428102" lon="12.723455">
        <ele>1126.04228</ele>
      </trkpt>
      <trkpt lat="47.428044" lon="12.723225">
        <ele>1120.29791</ele>
      </trkpt>
      <trkpt lat="47.427884" lon="12.723091">
        <ele>1121.9432</ele>
      </trkpt>
      <trkpt lat="47.427361" lon="12.722661">
        <ele>1116.97573</ele>
      </trkpt>
      <trkpt lat="47.427782" lon="12.722383">
        <ele>1102.97548</ele>
      </trkpt>
      <trkpt lat="47.427986" lon="12.721986">
        <ele>1087.24922</ele>
      </trkpt>
      <trkpt lat="47.428261" lon="12.722018">
        <ele>1084.87025</ele>
      </trkpt>
      <trkpt lat="47.428439" lon="12.722021">
        <ele>1083.21587</ele>
      </trkpt>
      <trkpt lat="47.428607" lon="12.721888">
        <ele>1079.58145</ele>
      </trkpt>
      <trkpt lat="47.428661" lon="12.721846">
        <ele>1079.11786</ele>
      </trkpt>
      <trkpt lat="47.428775" lon="12.721805">
        <ele>1078.47219</ele>
      </trkpt>
      <trkpt lat="47.428887" lon="12.721849">
        <ele>1076.84158</ele>
      </trkpt>
      <trkpt lat="47.429111" lon="12.721932">
        <ele>1074.04084</ele>
      </trkpt>
      <trkpt lat="47.429372" lon="12.722001">
        <ele>1070.54083</ele>
      </trkpt>
      <trkpt lat="47.429604" lon="12.722039">
        <ele>1068.54665</ele>
      </trkpt>
      <trkpt lat="47.429873" lon="12.722071">
        <ele>1066.23262</ele>
      </trkpt>
      <trkpt lat="47.430061" lon="12.722189">
        <ele>1063.53597</ele>
      </trkpt>
      <trkpt lat="47.430207" lon="12.722297">
        <ele>1060.9918</ele>
      </trkpt>
      <trkpt lat="47.43031" lon="12.722324">
        <ele>1060.77132</ele>
      </trkpt>
      <trkpt lat="47.430417" lon="12.722275">
        <ele>1058.64439</ele>
      </trkpt>
      <trkpt lat="47.430622" lon="12.722291">
        <ele>1056.70859</ele>
      </trkpt>
      <trkpt lat="47.430714" lon="12.722419">
        <ele>1054.64217</ele>
      </trkpt>
      <trkpt lat="47.430826" lon="12.722795">
        <ele>1051.64962</ele>
      </trkpt>
      <trkpt lat="47.430926" lon="12.723063">
        <ele>1049.14604</ele>
      </trkpt>
      <trkpt lat="47.431031" lon="12.723433">
        <ele>1044.96147</ele>
      </trkpt>
      <trkpt lat="47.431093" lon="12.723814">
        <ele>1043.07576</ele>
      </trkpt>
      <trkpt lat="47.431049" lon="12.723987">
        <ele>1042.82192</ele>
      </trkpt>
      <trkpt lat="47.430927" lon="12.724288">
        <ele>1039.7616</ele>
      </trkpt>
      <trkpt lat="47.430891" lon="12.724522">
        <ele>1038.08122</ele>
      </trkpt>
      <trkpt lat="47.430903" lon="12.72478">
        <ele>1036.09232</ele>
      </trkpt>
      <trkpt lat="47.430957" lon="12.725231">
        <ele>1034.40431</ele>
      </trkpt>
      <trkpt lat="47.430932" lon="12.725698">
        <ele>1032.10746</ele>
      </trkpt>
      <trkpt lat="47.430908" lon="12.726086">
        <ele>1030.44978</ele>
      </trkpt>
      <trkpt lat="47.430901" lon="12.726322">
        <ele>1029.5197</ele>
      </trkpt>
      <trkpt lat="47.43086" lon="12.726663">
        <ele>1028.48893</ele>
      </trkpt>
      <trkpt lat="47.430802" lon="12.727135">
        <ele>1026.30757</ele>
      </trkpt>
      <trkpt lat="47.430728" lon="12.727432">
        <ele>1025.71948</ele>
      </trkpt>
      <trkpt lat="47.430548" lon="12.727854">
        <ele>1024.44059</ele>
      </trkpt>
      <trkpt lat="47.43052" lon="12.728289">
        <ele>1018.26387</ele>
      </trkpt>
      <trkpt lat="47.430548" lon="12.728455">
        <ele>1014.37284</ele>
      </trkpt>
      <trkpt lat="47.430639" lon="12.728596">
        <ele>1010.80462</ele>
      </trkpt>
      <trkpt lat="47.430859" lon="12.72871">
        <ele>1006.15884</ele>
      </trkpt>
      <trkpt lat="47.430984" lon="12.72869">
        <ele>1004.42855</ele>
      </trkpt>
      <trkpt lat="47.43115" lon="12.728602">
        <ele>1001.32837</ele>
      </trkpt>
      <trkpt lat="47.431319" lon="12.728392">
        <ele>1000.3031</ele>
      </trkpt>
      <trkpt lat="47.431393" lon="12.728263">
        <ele>999.63562</ele>
      </trkpt>
      <trkpt lat="47.43153" lon="12.728237">
        <ele>996.5444</ele>
      </trkpt>
      <trkpt lat="47.4317" lon="12.728253">
        <ele>991.36948</ele>
      </trkpt>
      <trkpt lat="47.431846" lon="12.728252">
        <ele>987.7634</ele>
      </trkpt>
      <trkpt lat="47.432008" lon="12.728201">
        <ele>984.78132</ele>
      </trkpt>
      <trkpt lat="47.432136" lon="12.728144">
        <ele>982.27939</ele>
      </trkpt>
      <trkpt lat="47.432285" lon="12.728014">
        <ele>979.79903</ele>
      </trkpt>
      <trkpt lat="47.432421" lon="12.72792">
        <ele>977.46307</ele>
      </trkpt>
      <trkpt lat="47.432626" lon="12.728002">
        <ele>973.9796</ele>
      </trkpt>
      <trkpt lat="47.43278" lon="12.728082">
        <ele>970.73395</ele>
      </trkpt>
      <trkpt lat="47.43285" lon="12.728035">
        <ele>969.2601</ele>
      </trkpt>
      <trkpt lat="47.432887" lon="12.727946">
        <ele>968.42269</ele>
      </trkpt>
      <trkpt lat="47.432949" lon="12.727871">
        <ele>966.53706</ele>
      </trkpt>
      <trkpt lat="47.433049" lon="12.727876">
        <ele>963.28286</ele>
      </trkpt>
      <trkpt lat="47.433119" lon="12.727741">
        <ele>962.14159</ele>
      </trkpt>
      <trkpt lat="47.43326" lon="12.727703">
        <ele>958.18466</ele>
      </trkpt>
      <trkpt lat="47.433378" lon="12.727575">
        <ele>955.42054</ele>
      </trkpt>
      <trkpt lat="47.433475" lon="12.727492">
        <ele>953.24672</ele>
      </trkpt>
      <trkpt lat="47.43357" lon="12.727491">
        <ele>950.07856</ele>
      </trkpt>
      <trkpt lat="47.433653" lon="12.727429">
        <ele>947.70065</ele>
      </trkpt>
      <trkpt lat="47.433809" lon="12.727096">
        <ele>944.92762</ele>
      </trkpt>
      <trkpt lat="47.433884" lon="12.727126">
        <ele>942.73638</ele>
      </trkpt>
      <trkpt lat="47.433934" lon="12.727248">
        <ele>940.05247</ele>
      </trkpt>
      <trkpt lat="47.433997" lon="12.727265">
        <ele>937.84051</ele>
      </trkpt>
      <trkpt lat="47.434116" lon="12.727056">
        <ele>935.15243</ele>
      </trkpt>
      <trkpt lat="47.434161" lon="12.726951">
        <ele>934.31672</ele>
      </trkpt>
      <trkpt lat="47.43424" lon="12.726852">
        <ele>932.21544</ele>
      </trkpt>
      <trkpt lat="47.434331" lon="12.726894">
        <ele>928.91419</ele>
      </trkpt>
      <trkpt lat="47.434374" lon="12.72699">
        <ele>927.17486</ele>
      </trkpt>
      <trkpt lat="47.434428" lon="12.72715">
        <ele>925.33953</ele>
      </trkpt>
      <trkpt lat="47.434499" lon="12.727156">
        <ele>923.83973</ele>
      </trkpt>
      <trkpt lat="47.434586" lon="12.727124">
        <ele>921.27535</ele>
      </trkpt>
      <trkpt lat="47.434648" lon="12.727123">
        <ele>919.47008</ele>
      </trkpt>
      <trkpt lat="47.434682" lon="12.727233">
        <ele>919.17652</ele>
      </trkpt>
      <trkpt lat="47.434786" lon="12.727311">
        <ele>917.27206</ele>
      </trkpt>
      <trkpt lat="47.434832" lon="12.727256">
        <ele>915.46272</ele>
      </trkpt>
      <trkpt lat="47.434931" lon="12.727206">
        <ele>911.91209</ele>
      </trkpt>
      <trkpt lat="47.435114" lon="12.72721">
        <ele>906.83963</ele>
      </trkpt>
      <trkpt lat="47.435091" lon="12.727758">
        <ele>905.75016</ele>
      </trkpt>
      <trkpt lat="47.435127" lon="12.728208">
        <ele>900.31679</ele>
      </trkpt>
      <trkpt lat="47.435128" lon="12.728565">
        <ele>896.56357</ele>
      </trkpt>
      <trkpt lat="47.435182" lon="12.728882">
        <ele>894.72674</ele>
      </trkpt>
      <trkpt lat="47.435121" lon="12.7293">
        <ele>891.0602</ele>
      </trkpt>
      <trkpt lat="47.435165" lon="12.729662">
        <ele>888.06491</ele>
      </trkpt>
      <trkpt lat="47.435135" lon="12.729957">
        <ele>885.77005</ele>
      </trkpt>
      <trkpt lat="47.435142" lon="12.730193">
        <ele>884.44959</ele>
      </trkpt>
      <trkpt lat="47.435222" lon="12.730231">
        <ele>882.85304</ele>
      </trkpt>
      <trkpt lat="47.435301" lon="12.730193">
        <ele>881.49131</ele>
      </trkpt>
      <trkpt lat="47.435378" lon="12.730069">
        <ele>880.1552</ele>
      </trkpt>
      <trkpt lat="47.435534" lon="12.730021">
        <ele>877.30521</ele>
      </trkpt>
      <trkpt lat="47.435681" lon="12.730067">
        <ele>875.12617</ele>
      </trkpt>
      <trkpt lat="47.435809" lon="12.730139">
        <ele>873.24246</ele>
      </trkpt>
      <trkpt lat="47.436037" lon="12.730333">
        <ele>869.47077</ele>
      </trkpt>
      <trkpt lat="47.436281" lon="12.730268">
        <ele>866.25898</ele>
      </trkpt>
      <trkpt lat="47.436513" lon="12.730193">
        <ele>863.98293</ele>
      </trkpt>
      <trkpt lat="47.436775" lon="12.73015">
        <ele>861.67907</ele>
      </trkpt>
      <trkpt lat="47.43674" lon="12.730236">
        <ele>860.99356</ele>
      </trkpt>
      <trkpt lat="47.436564" lon="12.730365">
        <ele>859.45099</ele>
      </trkpt>
      <trkpt lat="47.436296" lon="12.730569">
        <ele>856.56049</ele>
      </trkpt>
      <trkpt lat="47.436259" lon="12.73074">
        <ele>855.53954</ele>
      </trkpt>
      <trkpt lat="47.436375" lon="12.730933">
        <ele>856.94777</ele>
      </trkpt>
      <trkpt lat="47.436579" lon="12.731084">
        <ele>855.6778</ele>
      </trkpt>
      <trkpt lat="47.436738" lon="12.731298">
        <ele>854.55796</ele>
      </trkpt>
      <trkpt lat="47.436893" lon="12.731449">
        <ele>856.58162</ele>
      </trkpt>
      <trkpt lat="47.437036" lon="12.731524">
        <ele>856.2803</ele>
      </trkpt>
      <trkpt lat="47.437196" lon="12.731674">
        <ele>854.56375</ele>
      </trkpt>
      <trkpt lat="47.437333" lon="12.731706">
        <ele>853.64375</ele>
      </trkpt>
      <trkpt lat="47.437486" lon="12.731609">
        <ele>851.81533</ele>
      </trkpt>
      <trkpt lat="47.437696" lon="12.731684">
        <ele>851.66772</ele>
      </trkpt>
      <trkpt lat="47.43784" lon="12.731684">
        <ele>850.84543</ele>
      </trkpt>
      <trkpt lat="47.437987" lon="12.731631">
        <ele>848.89679</ele>
      </trkpt>
      <trkpt lat="47.438149" lon="12.731616">
        <ele>845.99692</ele>
      </trkpt>
      <trkpt lat="47.438206" lon="12.731644">
        <ele>844.97148</ele>
      </trkpt>
      <trkpt lat="47.438225" lon="12.732089">
        <ele>842.70099</ele>
      </trkpt>
      <trkpt lat="47.438262" lon="12.732693">
        <ele>842.82982</ele>
      </trkpt>
      <trkpt lat="47.438278" lon="12.732981">
        <ele>843.15824</ele>
      </trkpt>
      <trkpt lat="47.438281" lon="12.733034">
        <ele>843.10562</ele>
      </trkpt>
      <trkpt lat="47.438295" lon="12.733356">
        <ele>842.68954</ele>
      </trkpt>
      <trkpt lat="47.438249" lon="12.73344">
        <ele>843.66974</ele>
      </trkpt>
      <trkpt lat="47.438238" lon="12.733531">
        <ele>844.38834</ele>
      </trkpt>
      <trkpt lat="47.438283" lon="12.733611">
        <ele>844.81815</ele>
      </trkpt>
      <trkpt lat="47.438364" lon="12.733643">
        <ele>845.93268</ele>
      </trkpt>
      <trkpt lat="47.438375" lon="12.734124">
        <ele>847.8286</ele>
      </trkpt>
      <trkpt lat="47.438487" lon="12.734115">
        <ele>847.63335</ele>
      </trkpt>
      <trkpt lat="47.43861" lon="12.734105">
        <ele>847.00946</ele>
      </trkpt>
      <trkpt lat="47.438835" lon="12.733966">
        <ele>843.51647</ele>
      </trkpt>
      <trkpt lat="47.438846" lon="12.734003">
        <ele>843.52066</ele>
      </trkpt>
      <trkpt lat="47.438829" lon="12.734487">
        <ele>844.24215</ele>
      </trkpt>
      <trkpt lat="47.438808" lon="12.734912">
        <ele>842.65901</ele>
      </trkpt>
      <trkpt lat="47.438817" lon="12.735262">
        <ele>840.75679</ele>
      </trkpt>
      <trkpt lat="47.438835" lon="12.73549">
        <ele>839.38424</ele>
      </trkpt>
      <trkpt lat="47.438856" lon="12.735762">
        <ele>837.62721</ele>
      </trkpt>
      <trkpt lat="47.438892" lon="12.735989">
        <ele>835.46878</ele>
      </trkpt>
      <trkpt lat="47.438943" lon="12.735942">
        <ele>834.7346</ele>
      </trkpt>
      <trkpt lat="47.438974" lon="12.735767">
        <ele>833.29467</ele>
      </trkpt>
      <trkpt lat="47.439009" lon="12.735609">
        <ele>832.27735</ele>
      </trkpt>
      <trkpt lat="47.439082" lon="12.73527">
        <ele>829.5251</ele>
      </trkpt>
      <trkpt lat="47.439233" lon="12.734715">
        <ele>824.0952</ele>
      </trkpt>
      <trkpt lat="47.43935" lon="12.734271">
        <ele>821.06036</ele>
      </trkpt>
      <trkpt lat="47.439439" lon="12.733956">
        <ele>817.30377</ele>
      </trkpt>
      <trkpt lat="47.439462" lon="12.733123">
        <ele>817.3517</ele>
      </trkpt>
      <trkpt lat="47.438852" lon="12.73305">
        <ele>831.22623</ele>
      </trkpt>
      <trkpt lat="47.43832" lon="12.732986">
        <ele>842.67232</ele>
      </trkpt>
      <trkpt lat="47.438278" lon="12.732981">
        <ele>843.15824</ele>
      </trkpt>
      <trkpt lat="47.437792" lon="12.732923">
        <ele>850.98487</ele>
      </trkpt>
      <trkpt lat="47.431981" lon="12.732229">
        <ele>972.36291</ele>
      </trkpt>
      <trkpt lat="47.429606" lon="12.731945">
        <ele>1008.3161</ele>
      </trkpt>
      <trkpt lat="47.420463" lon="12.730854">
        <ele>1383.09632</ele>
      </trkpt>
      <trkpt lat="47.416536" lon="12.724498">
        <ele>1565.01767</ele>
      </trkpt>
      <trkpt lat="47.412366" lon="12.717751">
        <ele>1648.7657</ele>
      </trkpt>
      <trkpt lat="47.410654" lon="12.714982">
        <ele>1757.7855</ele>
      </trkpt>
      <trkpt lat="47.410567" lon="12.714629">
        <ele>1758.85809</ele>
      </trkpt>
      <trkpt lat="47.410511" lon="12.714423">
        <ele>1758.67152</ele>
      </trkpt>
      <trkpt lat="47.410482" lon="12.714214">
        <ele>1758.27562</ele>
      </trkpt>
      <trkpt lat="47.410451" lon="12.714146">
        <ele>1758.48457</ele>
      </trkpt>
      <trkpt lat="47.41042" lon="12.714078">
        <ele>1758.69565</ele>
      </trkpt>
      <trkpt lat="47.41036" lon="12.713875">
        <ele>1759.61118</ele>
      </trkpt>
      <trkpt lat="47.410322" lon="12.713755">
        <ele>1760.42749</ele>
      </trkpt>
      <trkpt lat="47.410198" lon="12.713459">
        <ele>1762.87344</ele>
      </trkpt>
      <trkpt lat="47.410126" lon="12.713254">
        <ele>1764.94354</ele>
      </trkpt>
      <trkpt lat="47.41004" lon="12.713042">
        <ele>1766.96411</ele>
      </trkpt>
      <trkpt lat="47.409899" lon="12.712799">
        <ele>1767.32392</ele>
      </trkpt>
      <trkpt lat="47.409776" lon="12.712571">
        <ele>1767.19229</ele>
      </trkpt>
      <trkpt lat="47.40962" lon="12.712248">
        <ele>1768.37098</ele>
      </trkpt>
      <trkpt lat="47.409464" lon="12.711873">
        <ele>1772.28552</ele>
      </trkpt>
      <trkpt lat="47.409396" lon="12.71171">
        <ele>1772.78496</ele>
      </trkpt>
      <trkpt lat="47.409353" lon="12.71155">
        <ele>1772.88195</ele>
      </trkpt>
      <trkpt lat="47.40934" lon="12.711399">
        <ele>1772.15616</ele>
      </trkpt>
      <trkpt lat="47.409321" lon="12.711236">
        <ele>1771.35854</ele>
      </trkpt>
      <trkpt lat="47.409302" lon="12.711076">
        <ele>1771.1556</ele>
      </trkpt>
      <trkpt lat="47.409274" lon="12.710899">
        <ele>1772.1938</ele>
      </trkpt>
      <trkpt lat="47.409257" lon="12.710778">
        <ele>1773.03929</ele>
      </trkpt>
      <trkpt lat="47.409236" lon="12.710666">
        <ele>1772.66731</ele>
      </trkpt>
      <trkpt lat="47.409206" lon="12.710549">
        <ele>1771.67808</ele>
      </trkpt>
      <trkpt lat="47.409172" lon="12.710449">
        <ele>1771.03032</ele>
      </trkpt>
      <trkpt lat="47.409144" lon="12.710357">
        <ele>1770.22744</ele>
      </trkpt>
      <trkpt lat="47.409116" lon="12.710229">
        <ele>1768.92715</ele>
      </trkpt>
      <trkpt lat="47.409088" lon="12.710139">
        <ele>1768.7652</ele>
      </trkpt>
      <trkpt lat="47.409067" lon="12.710035">
        <ele>1768.47496</ele>
      </trkpt>
      <trkpt lat="47.409043" lon="12.709894">
        <ele>1767.5495</ele>
      </trkpt>
      <trkpt lat="47.409003" lon="12.709795">
        <ele>1766.95076</ele>
      </trkpt>
      <trkpt lat="47.408964" lon="12.7097">
        <ele>1765.84727</ele>
      </trkpt>
      <trkpt lat="47.408924" lon="12.709614">
        <ele>1764.56341</ele>
      </trkpt>
      <trkpt lat="47.408866" lon="12.709507">
        <ele>1762.95088</ele>
      </trkpt>
      <trkpt lat="47.408823" lon="12.709437">
        <ele>1761.73371</ele>
      </trkpt>
      <trkpt lat="47.408745" lon="12.709352">
        <ele>1760.7361</ele>
      </trkpt>
      <trkpt lat="47.408708" lon="12.709292">
        <ele>1760.07455</ele>
      </trkpt>
      <trkpt lat="47.408664" lon="12.709187">
        <ele>1758.78043</ele>
      </trkpt>
      <trkpt lat="47.408617" lon="12.70907">
        <ele>1758.2228</ele>
      </trkpt>
      <trkpt lat="47.408572" lon="12.708969">
        <ele>1757.6745</ele>
      </trkpt>
      <trkpt lat="47.408538" lon="12.708903">
        <ele>1757.03576</ele>
      </trkpt>
      <trkpt lat="47.408491" lon="12.708829">
        <ele>1756.07541</ele>
      </trkpt>
      <trkpt lat="47.408418" lon="12.708722">
        <ele>1755.05517</ele>
      </trkpt>
      <trkpt lat="47.408356" lon="12.708604">
        <ele>1753.85975</ele>
      </trkpt>
      <trkpt lat="47.408296" lon="12.708502">
        <ele>1752.84478</ele>
      </trkpt>
      <trkpt lat="47.40816" lon="12.708338">
        <ele>1752.74076</ele>
      </trkpt>
      <trkpt lat="47.408104" lon="12.708222">
        <ele>1752.17245</ele>
      </trkpt>
      <trkpt lat="47.408051" lon="12.708101">
        <ele>1752.21091</ele>
      </trkpt>
      <trkpt lat="47.408" lon="12.707987">
        <ele>1752.11053</ele>
      </trkpt>
      <trkpt lat="47.407946" lon="12.707806">
        <ele>1751.26448</ele>
      </trkpt>
      <trkpt lat="47.407927" lon="12.707697">
        <ele>1750.48053</ele>
      </trkpt>
      <trkpt lat="47.407901" lon="12.70758">
        <ele>1749.53661</ele>
      </trkpt>
      <trkpt lat="47.407872" lon="12.707479">
        <ele>1748.87719</ele>
      </trkpt>
      <trkpt lat="47.40785" lon="12.707362">
        <ele>1748.88237</ele>
      </trkpt>
      <trkpt lat="47.407844" lon="12.707283">
        <ele>1748.83582</ele>
      </trkpt>
      <trkpt lat="47.407856" lon="12.707185">
        <ele>1747.79742</ele>
      </trkpt>
      <trkpt lat="47.40785" lon="12.707091">
        <ele>1747.2038</ele>
      </trkpt>
      <trkpt lat="47.407835" lon="12.706974">
        <ele>1746.44879</ele>
      </trkpt>
      <trkpt lat="47.40781" lon="12.706852">
        <ele>1745.78175</ele>
      </trkpt>
      <trkpt lat="47.407784" lon="12.706762">
        <ele>1745.18117</ele>
      </trkpt>
      <trkpt lat="47.407752" lon="12.706645">
        <ele>1744.28847</ele>
      </trkpt>
      <trkpt lat="47.407728" lon="12.70657">
        <ele>1744.03187</ele>
      </trkpt>
      <trkpt lat="47.407713" lon="12.706491">
        <ele>1743.019</ele>
      </trkpt>
      <trkpt lat="47.407684" lon="12.706395">
        <ele>1742.27668</ele>
      </trkpt>
      <trkpt lat="47.407654" lon="12.706308">
        <ele>1741.94374</ele>
      </trkpt>
      <trkpt lat="47.407626" lon="12.706203">
        <ele>1741.82871</ele>
      </trkpt>
      <trkpt lat="47.407594" lon="12.706026">
        <ele>1741.00277</ele>
      </trkpt>
      <trkpt lat="47.407573" lon="12.705842">
        <ele>1740.44011</ele>
      </trkpt>
      <trkpt lat="47.407553" lon="12.705654">
        <ele>1740.9778</ele>
      </trkpt>
      <trkpt lat="47.407541" lon="12.705452">
        <ele>1740.95404</ele>
      </trkpt>
      <trkpt lat="47.407534" lon="12.705279">
        <ele>1739.8803</ele>
      </trkpt>
      <trkpt lat="47.407534" lon="12.705187">
        <ele>1739.64319</ele>
      </trkpt>
      <trkpt lat="47.407547" lon="12.70508">
        <ele>1738.93477</ele>
      </trkpt>
      <trkpt lat="47.40756" lon="12.70499">
        <ele>1737.83687</ele>
      </trkpt>
      <trkpt lat="47.407558" lon="12.704899">
        <ele>1737.53423</ele>
      </trkpt>
      <trkpt lat="47.407558" lon="12.704783">
        <ele>1736.4259</ele>
      </trkpt>
      <trkpt lat="47.407541" lon="12.704689">
        <ele>1736.09486</ele>
      </trkpt>
      <trkpt lat="47.407492" lon="12.704531">
        <ele>1735.95736</ele>
      </trkpt>
      <trkpt lat="47.407447" lon="12.704393">
        <ele>1735.3076</ele>
      </trkpt>
      <trkpt lat="47.407396" lon="12.704262">
        <ele>1734.49599</ele>
      </trkpt>
      <trkpt lat="47.407342" lon="12.704087">
        <ele>1733.58713</ele>
      </trkpt>
      <trkpt lat="47.407287" lon="12.703947">
        <ele>1732.46316</ele>
      </trkpt>
      <trkpt lat="47.407248" lon="12.703821">
        <ele>1730.74066</ele>
      </trkpt>
      <trkpt lat="47.407222" lon="12.703729">
        <ele>1729.13401</ele>
      </trkpt>
      <trkpt lat="47.407212" lon="12.703665">
        <ele>1727.30107</ele>
      </trkpt>
      <trkpt lat="47.407174" lon="12.70359">
        <ele>1725.6432</ele>
      </trkpt>
      <trkpt lat="47.407109" lon="12.703494">
        <ele>1723.58235</ele>
      </trkpt>
      <trkpt lat="47.407047" lon="12.703379">
        <ele>1721.65462</ele>
      </trkpt>
      <trkpt lat="47.406986" lon="12.70327">
        <ele>1720.41724</ele>
      </trkpt>
      <trkpt lat="47.406926" lon="12.703182">
        <ele>1720.28331</ele>
      </trkpt>
      <trkpt lat="47.406862" lon="12.703074">
        <ele>1719.71399</ele>
      </trkpt>
      <trkpt lat="47.406798" lon="12.703014">
        <ele>1720.00324</ele>
      </trkpt>
      <trkpt lat="47.406747" lon="12.70299">
        <ele>1720.45903</ele>
      </trkpt>
      <trkpt lat="47.406686" lon="12.702931">
        <ele>1720.6919</ele>
      </trkpt>
      <trkpt lat="47.40663" lon="12.702893">
        <ele>1720.83767</ele>
      </trkpt>
      <trkpt lat="47.406569" lon="12.702865">
        <ele>1720.09647</ele>
      </trkpt>
      <trkpt lat="47.406496" lon="12.702809">
        <ele>1718.96036</ele>
      </trkpt>
      <trkpt lat="47.406455" lon="12.702767">
        <ele>1718.09952</ele>
      </trkpt>
      <trkpt lat="47.406381" lon="12.702703">
        <ele>1718.18225</ele>
      </trkpt>
      <trkpt lat="47.406331" lon="12.702663">
        <ele>1717.87925</ele>
      </trkpt>
      <trkpt lat="47.406257" lon="12.702626">
        <ele>1717.39906</ele>
      </trkpt>
      <trkpt lat="47.406208" lon="12.702609">
        <ele>1717.17634</ele>
      </trkpt>
      <trkpt lat="47.406131" lon="12.702594">
        <ele>1717.8447</ele>
      </trkpt>
      <trkpt lat="47.40606" lon="12.702567">
        <ele>1717.47441</ele>
      </trkpt>
      <trkpt lat="47.406001" lon="12.702553">
        <ele>1717.53796</ele>
      </trkpt>
      <trkpt lat="47.405935" lon="12.702526">
        <ele>1717.57291</ele>
      </trkpt>
      <trkpt lat="47.405874" lon="12.702491">
        <ele>1717.35709</ele>
      </trkpt>
      <trkpt lat="47.405842" lon="12.702477">
        <ele>1717.76351</ele>
      </trkpt>
      <trkpt lat="47.405808" lon="12.702448">
        <ele>1718.04562</ele>
      </trkpt>
      <trkpt lat="47.405781" lon="12.702406">
        <ele>1717.90826</ele>
      </trkpt>
      <trkpt lat="47.405761" lon="12.702367">
        <ele>1717.65314</ele>
      </trkpt>
      <trkpt lat="47.405726" lon="12.702318">
        <ele>1717.7326</ele>
      </trkpt>
      <trkpt lat="47.405679" lon="12.702249">
        <ele>1717.70943</ele>
      </trkpt>
      <trkpt lat="47.405643" lon="12.702191">
        <ele>1717.67445</ele>
      </trkpt>
      <trkpt lat="47.405569" lon="12.702075">
        <ele>1718.28547</ele>
      </trkpt>
      <trkpt lat="47.405515" lon="12.702002">
        <ele>1718.99472</ele>
      </trkpt>
      <trkpt lat="47.405441" lon="12.701883">
        <ele>1719.14161</ele>
      </trkpt>
      <trkpt lat="47.405398" lon="12.70181">
        <ele>1718.65823</ele>
      </trkpt>
      <trkpt lat="47.405374" lon="12.701761">
        <ele>1718.19553</ele>
      </trkpt>
      <trkpt lat="47.405359" lon="12.70172">
        <ele>1717.49558</ele>
      </trkpt>
      <trkpt lat="47.405332" lon="12.701663">
        <ele>1716.8966</ele>
      </trkpt>
      <trkpt lat="47.405294" lon="12.701587">
        <ele>1716.84622</ele>
      </trkpt>
      <trkpt lat="47.405272" lon="12.701543">
        <ele>1716.9095</ele>
      </trkpt>
      <trkpt lat="47.405247" lon="12.701493">
        <ele>1716.92568</ele>
      </trkpt>
      <trkpt lat="47.40522" lon="12.701457">
        <ele>1717.2997</ele>
      </trkpt>
      <trkpt lat="47.405188" lon="12.701392">
        <ele>1717.18475</ele>
      </trkpt>
      <trkpt lat="47.405136" lon="12.701279">
        <ele>1716.65791</ele>
      </trkpt>
      <trkpt lat="47.405114" lon="12.70123">
        <ele>1716.85476</ele>
      </trkpt>
      <trkpt lat="47.405096" lon="12.701176">
        <ele>1717.18697</ele>
      </trkpt>
      <trkpt lat="47.405076" lon="12.701127">
        <ele>1717.58331</ele>
      </trkpt>
      <trkpt lat="47.40506" lon="12.701089">
        <ele>1717.79234</ele>
      </trkpt>
      <trkpt lat="47.405042" lon="12.701055">
        <ele>1718.18032</ele>
      </trkpt>
      <trkpt lat="47.40502" lon="12.701012">
        <ele>1718.80811</ele>
      </trkpt>
      <trkpt lat="47.405015" lon="12.700973">
        <ele>1718.52719</ele>
      </trkpt>
      <trkpt lat="47.405013" lon="12.700954">
        <ele>1718.37058</ele>
      </trkpt>
      <trkpt lat="47.405003" lon="12.700923">
        <ele>1718.60965</ele>
      </trkpt>
      <trkpt lat="47.404983" lon="12.700856">
        <ele>1718.83311</ele>
      </trkpt>
      <trkpt lat="47.404956" lon="12.70079">
        <ele>1719.07828</ele>
      </trkpt>
      <trkpt lat="47.404927" lon="12.700744">
        <ele>1719.77361</ele>
      </trkpt>
      <trkpt lat="47.404906" lon="12.700715">
        <ele>1720.46947</ele>
      </trkpt>
      <trkpt lat="47.404878" lon="12.7007">
        <ele>1722.1312</ele>
      </trkpt>
      <trkpt lat="47.404861" lon="12.700686">
        <ele>1722.9997</ele>
      </trkpt>
      <trkpt lat="47.404848" lon="12.700665">
        <ele>1723.35622</ele>
      </trkpt>
      <trkpt lat="47.404818" lon="12.700642">
        <ele>1724.47874</ele>
      </trkpt>
      <trkpt lat="47.404796" lon="12.700607">
        <ele>1724.68017</ele>
      </trkpt>
      <trkpt lat="47.404774" lon="12.700589">
        <ele>1725.32298</ele>
      </trkpt>
      <trkpt lat="47.404747" lon="12.700584">
        <ele>1726.51405</ele>
      </trkpt>
      <trkpt lat="47.404718" lon="12.700573">
        <ele>1727.61279</ele>
      </trkpt>
      <trkpt lat="47.404709" lon="12.700558">
        <ele>1727.7663</ele>
      </trkpt>
      <trkpt lat="47.4047" lon="12.700533">
        <ele>1727.78849</ele>
      </trkpt>
      <trkpt lat="47.404676" lon="12.700499">
        <ele>1728.30139</ele>
      </trkpt>
      <trkpt lat="47.404664" lon="12.700467">
        <ele>1728.34591</ele>
      </trkpt>
      <trkpt lat="47.40464" lon="12.700432">
        <ele>1728.87998</ele>
      </trkpt>
      <trkpt lat="47.404608" lon="12.700384">
        <ele>1729.42493</ele>
      </trkpt>
      <trkpt lat="47.404589" lon="12.700336">
        <ele>1729.41767</ele>
      </trkpt>
      <trkpt lat="47.404562" lon="12.700273">
        <ele>1729.59167</ele>
      </trkpt>
      <trkpt lat="47.404547" lon="12.700248">
        <ele>1729.91451</ele>
      </trkpt>
      <trkpt lat="47.404519" lon="12.700207">
        <ele>1730.63101</ele>
      </trkpt>
      <trkpt lat="47.404496" lon="12.700188">
        <ele>1731.37338</ele>
      </trkpt>
      <trkpt lat="47.404481" lon="12.700169">
        <ele>1731.73762</ele>
      </trkpt>
      <trkpt lat="47.404464" lon="12.700131">
        <ele>1731.88783</ele>
      </trkpt>
      <trkpt lat="47.404439" lon="12.700093">
        <ele>1732.27351</ele>
      </trkpt>
      <trkpt lat="47.404421" lon="12.70006">
        <ele>1732.47565</ele>
      </trkpt>
      <trkpt lat="47.404409" lon="12.700019">
        <ele>1732.31964</ele>
      </trkpt>
      <trkpt lat="47.404391" lon="12.699972">
        <ele>1732.34429</ele>
      </trkpt>
      <trkpt lat="47.404364" lon="12.699921">
        <ele>1732.94507</ele>
      </trkpt>
      <trkpt lat="47.404348" lon="12.699898">
        <ele>1733.5187</ele>
      </trkpt>
      <trkpt lat="47.404333" lon="12.699852">
        <ele>1733.90664</ele>
      </trkpt>
      <trkpt lat="47.404325" lon="12.699799">
        <ele>1733.94921</ele>
      </trkpt>
      <trkpt lat="47.404317" lon="12.699729">
        <ele>1734.05181</ele>
      </trkpt>
      <trkpt lat="47.404306" lon="12.699665">
        <ele>1734.36697</ele>
      </trkpt>
      <trkpt lat="47.404298" lon="12.699597">
        <ele>1734.43881</ele>
      </trkpt>
      <trkpt lat="47.40429" lon="12.699545">
        <ele>1734.67474</ele>
      </trkpt>
      <trkpt lat="47.404276" lon="12.699475">
        <ele>1735.30959</ele>
      </trkpt>
      <trkpt lat="47.404272" lon="12.69943">
        <ele>1735.42651</ele>
      </trkpt>
      <trkpt lat="47.404269" lon="12.699367">
        <ele>1735.40609</ele>
      </trkpt>
      <trkpt lat="47.404257" lon="12.699303">
        <ele>1735.78452</ele>
      </trkpt>
      <trkpt lat="47.404238" lon="12.69924">
        <ele>1736.37292</ele>
      </trkpt>
      <trkpt lat="47.404226" lon="12.699204">
        <ele>1736.74439</ele>
      </trkpt>
      <trkpt lat="47.404217" lon="12.699162">
        <ele>1736.9396</ele>
      </trkpt>
      <trkpt lat="47.404203" lon="12.699111">
        <ele>1737.39124</ele>
      </trkpt>
      <trkpt lat="47.404186" lon="12.69906">
        <ele>1737.95034</ele>
      </trkpt>
      <trkpt lat="47.404176" lon="12.699023">
        <ele>1738.09863</ele>
      </trkpt>
      <trkpt lat="47.404154" lon="12.698985">
        <ele>1738.61432</ele>
      </trkpt>
      <trkpt lat="47.404137" lon="12.698949">
        <ele>1738.85797</ele>
      </trkpt>
      <trkpt lat="47.404114" lon="12.698892">
        <ele>1739.31159</ele>
      </trkpt>
      <trkpt lat="47.404081" lon="12.698816">
        <ele>1740.58353</ele>
      </trkpt>
      <trkpt lat="47.404059" lon="12.698782">
        <ele>1741.67234</ele>
      </trkpt>
      <trkpt lat="47.404049" lon="12.69874">
        <ele>1742.20235</ele>
      </trkpt>
      <trkpt lat="47.404039" lon="12.698703">
        <ele>1742.87252</ele>
      </trkpt>
      <trkpt lat="47.404037" lon="12.698667">
        <ele>1743.15071</ele>
      </trkpt>
      <trkpt lat="47.404017" lon="12.698605">
        <ele>1744.46504</ele>
      </trkpt>
      <trkpt lat="47.403998" lon="12.698553">
        <ele>1745.72946</ele>
      </trkpt>
      <trkpt lat="47.403978" lon="12.698487">
        <ele>1746.81487</ele>
      </trkpt>
      <trkpt lat="47.403954" lon="12.698408">
        <ele>1747.45107</ele>
      </trkpt>
      <trkpt lat="47.403929" lon="12.69832">
        <ele>1748.50641</ele>
      </trkpt>
      <trkpt lat="47.403922" lon="12.698265">
        <ele>1748.98497</ele>
      </trkpt>
      <trkpt lat="47.403921" lon="12.698201">
        <ele>1749.1168</ele>
      </trkpt>
      <trkpt lat="47.403918" lon="12.69815">
        <ele>1749.3687</ele>
      </trkpt>
      <trkpt lat="47.403908" lon="12.698112">
        <ele>1750.14364</ele>
      </trkpt>
      <trkpt lat="47.403903" lon="12.69807">
        <ele>1750.71953</ele>
      </trkpt>
      <trkpt lat="47.403899" lon="12.698033">
        <ele>1751.25184</ele>
      </trkpt>
      <trkpt lat="47.403895" lon="12.698">
        <ele>1751.7962</ele>
      </trkpt>
      <trkpt lat="47.403881" lon="12.69794">
        <ele>1753.37181</ele>
      </trkpt>
      <trkpt lat="47.403871" lon="12.697904">
        <ele>1754.54079</ele>
      </trkpt>
      <trkpt lat="47.403851" lon="12.697901">
        <ele>1756.04066</ele>
      </trkpt>
      <trkpt lat="47.403839" lon="12.697922">
        <ele>1756.72136</ele>
      </trkpt>
      <trkpt lat="47.403835" lon="12.697953">
        <ele>1756.67123</ele>
      </trkpt>
      <trkpt lat="47.403826" lon="12.697996">
        <ele>1757.03569</ele>
      </trkpt>
      <trkpt lat="47.403819" lon="12.698042">
        <ele>1757.32348</ele>
      </trkpt>
      <trkpt lat="47.403808" lon="12.698091">
        <ele>1757.931</ele>
      </trkpt>
      <trkpt lat="47.40378" lon="12.698174">
        <ele>1759.35524</ele>
      </trkpt>
      <trkpt lat="47.403766" lon="12.698213">
        <ele>1760.11988</ele>
      </trkpt>
      <trkpt lat="47.403757" lon="12.698241">
        <ele>1760.74365</ele>
      </trkpt>
      <trkpt lat="47.403752" lon="12.698274">
        <ele>1761.13517</ele>
      </trkpt>
      <trkpt lat="47.403749" lon="12.69832">
        <ele>1761.48441</ele>
      </trkpt>
      <trkpt lat="47.403744" lon="12.698388">
        <ele>1762.09215</ele>
      </trkpt>
      <trkpt lat="47.403729" lon="12.698448">
        <ele>1763.54924</ele>
      </trkpt>
      <trkpt lat="47.403711" lon="12.698509">
        <ele>1764.9657</ele>
      </trkpt>
      <trkpt lat="47.403685" lon="12.698583">
        <ele>1766.48909</ele>
      </trkpt>
      <trkpt lat="47.403651" lon="12.698671">
        <ele>1768.23822</ele>
      </trkpt>
      <trkpt lat="47.403625" lon="12.698727">
        <ele>1769.61141</ele>
      </trkpt>
      <trkpt lat="47.403603" lon="12.698785">
        <ele>1770.814</ele>
      </trkpt>
      <trkpt lat="47.403586" lon="12.698886">
        <ele>1772.26666</ele>
      </trkpt>
      <trkpt lat="47.403577" lon="12.698953">
        <ele>1773.3336</ele>
      </trkpt>
      <trkpt lat="47.403575" lon="12.698986">
        <ele>1773.74377</ele>
      </trkpt>
      <trkpt lat="47.403575" lon="12.699014">
        <ele>1773.98878</ele>
      </trkpt>
      <trkpt lat="47.403567" lon="12.699021">
        <ele>1774.63952</ele>
      </trkpt>
      <trkpt lat="47.403556" lon="12.698999">
        <ele>1775.27548</ele>
      </trkpt>
      <trkpt lat="47.403543" lon="12.69895">
        <ele>1775.90613</ele>
      </trkpt>
      <trkpt lat="47.403528" lon="12.698871">
        <ele>1776.70046</ele>
      </trkpt>
      <trkpt lat="47.403527" lon="12.698821">
        <ele>1776.64952</ele>
      </trkpt>
      <trkpt lat="47.403525" lon="12.698791">
        <ele>1776.84254</ele>
      </trkpt>
      <trkpt lat="47.403524" lon="12.698744">
        <ele>1777.2503</ele>
      </trkpt>
      <trkpt lat="47.403534" lon="12.698686">
        <ele>1777.2615</ele>
      </trkpt>
      <trkpt lat="47.403536" lon="12.698617">
        <ele>1778.06791</ele>
      </trkpt>
      <trkpt lat="47.40354" lon="12.69856">
        <ele>1778.3826</ele>
      </trkpt>
      <trkpt lat="47.403539" lon="12.698485">
        <ele>1779.71086</ele>
      </trkpt>
      <trkpt lat="47.403539" lon="12.698444">
        <ele>1780.72996</ele>
      </trkpt>
      <trkpt lat="47.403552" lon="12.698405">
        <ele>1780.60142</ele>
      </trkpt>
      <trkpt lat="47.403561" lon="12.698357">
        <ele>1780.94419</ele>
      </trkpt>
      <trkpt lat="47.403564" lon="12.698314">
        <ele>1781.76548</ele>
      </trkpt>
      <trkpt lat="47.403571" lon="12.698254">
        <ele>1782.38217</ele>
      </trkpt>
      <trkpt lat="47.403577" lon="12.698199">
        <ele>1782.22646</ele>
      </trkpt>
      <trkpt lat="47.403575" lon="12.698165">
        <ele>1782.44348</ele>
      </trkpt>
      <trkpt lat="47.403568" lon="12.698125">
        <ele>1783.22343</ele>
      </trkpt>
      <trkpt lat="47.403564" lon="12.698064">
        <ele>1784.26183</ele>
      </trkpt>
      <trkpt lat="47.403571" lon="12.698025">
        <ele>1784.17842</ele>
      </trkpt>
      <trkpt lat="47.403581" lon="12.697983">
        <ele>1783.74672</ele>
      </trkpt>
      <trkpt lat="47.403578" lon="12.697942">
        <ele>1784.15076</ele>
      </trkpt>
      <trkpt lat="47.403568" lon="12.69791">
        <ele>1784.94816</ele>
      </trkpt>
      <trkpt lat="47.403571" lon="12.697872">
        <ele>1784.49076</ele>
      </trkpt>
      <trkpt lat="47.403561" lon="12.697791">
        <ele>1784.70665</ele>
      </trkpt>
      <trkpt lat="47.403535" lon="12.69772">
        <ele>1785.96485</ele>
      </trkpt>
      <trkpt lat="47.403518" lon="12.697661">
        <ele>1786.66188</ele>
      </trkpt>
      <trkpt lat="47.403493" lon="12.697569">
        <ele>1787.49809</ele>
      </trkpt>
      <trkpt lat="47.40347" lon="12.697493">
        <ele>1788.36942</ele>
      </trkpt>
      <trkpt lat="47.403443" lon="12.697425">
        <ele>1789.23184</ele>
      </trkpt>
      <trkpt lat="47.403412" lon="12.697375">
        <ele>1790.16194</ele>
      </trkpt>
      <trkpt lat="47.403374" lon="12.697336">
        <ele>1791.51872</ele>
      </trkpt>
      <trkpt lat="47.403336" lon="12.697278">
        <ele>1792.47928</ele>
      </trkpt>
      <trkpt lat="47.403302" lon="12.697221">
        <ele>1793.13823</ele>
      </trkpt>
      <trkpt lat="47.403258" lon="12.697152">
        <ele>1793.73324</ele>
      </trkpt>
      <trkpt lat="47.403211" lon="12.69707">
        <ele>1794.27884</ele>
      </trkpt>
      <trkpt lat="47.403154" lon="12.696981">
        <ele>1795.37067</ele>
      </trkpt>
      <trkpt lat="47.403109" lon="12.696912">
        <ele>1796.43348</ele>
      </trkpt>
      <trkpt lat="47.403079" lon="12.696869">
        <ele>1797.11716</ele>
      </trkpt>
      <trkpt lat="47.403025" lon="12.696832">
        <ele>1797.91528</ele>
      </trkpt>
      <trkpt lat="47.402915" lon="12.696784">
        <ele>1798.92369</ele>
      </trkpt>
      <trkpt lat="47.402881" lon="12.696807">
        <ele>1798.84191</ele>
      </trkpt>
      <trkpt lat="47.402824" lon="12.696832">
        <ele>1798.55204</ele>
      </trkpt>
      <trkpt lat="47.402783" lon="12.696831">
        <ele>1798.15357</ele>
      </trkpt>
      <trkpt lat="47.402729" lon="12.696785">
        <ele>1797.20017</ele>
      </trkpt>
      <trkpt lat="47.402643" lon="12.696673">
        <ele>1795.0159</ele>
      </trkpt>
      <trkpt lat="47.402575" lon="12.696573">
        <ele>1793.09527</ele>
      </trkpt>
      <trkpt lat="47.402542" lon="12.696499">
        <ele>1792.08232</ele>
      </trkpt>
      <trkpt lat="47.40252" lon="12.696409">
        <ele>1791.3856</ele>
      </trkpt>
      <trkpt lat="47.402506" lon="12.696312">
        <ele>1791.40879</ele>
      </trkpt>
      <trkpt lat="47.402497" lon="12.696193">
        <ele>1791.97032</ele>
      </trkpt>
      <trkpt lat="47.402487" lon="12.696005">
        <ele>1793.05026</ele>
      </trkpt>
      <trkpt lat="47.402489" lon="12.695844">
        <ele>1794.26752</ele>
      </trkpt>
      <trkpt lat="47.402494" lon="12.695657">
        <ele>1795.73422</ele>
      </trkpt>
      <trkpt lat="47.402486" lon="12.695499">
        <ele>1797.07954</ele>
      </trkpt>
      <trkpt lat="47.402475" lon="12.695375">
        <ele>1797.63731</ele>
      </trkpt>
      <trkpt lat="47.402455" lon="12.695234">
        <ele>1797.89645</ele>
      </trkpt>
      <trkpt lat="47.402449" lon="12.695102">
        <ele>1798.51011</ele>
      </trkpt>
      <trkpt lat="47.402473" lon="12.694959">
        <ele>1799.66264</ele>
      </trkpt>
      <trkpt lat="47.402521" lon="12.694816">
        <ele>1801.4386</ele>
      </trkpt>
      <trkpt lat="47.402568" lon="12.694673">
        <ele>1803.79195</ele>
      </trkpt>
      <trkpt lat="47.402594" lon="12.694546">
        <ele>1805.13947</ele>
      </trkpt>
      <trkpt lat="47.402597" lon="12.694438">
        <ele>1806.11606</ele>
      </trkpt>
      <trkpt lat="47.402583" lon="12.694308">
        <ele>1807.61312</ele>
      </trkpt>
      <trkpt lat="47.402541" lon="12.694186">
        <ele>1808.361</ele>
      </trkpt>
      <trkpt lat="47.402468" lon="12.694034">
        <ele>1809.45641</ele>
      </trkpt>
      <trkpt lat="47.402367" lon="12.693855">
        <ele>1810.27733</ele>
      </trkpt>
      <trkpt lat="47.402244" lon="12.693676">
        <ele>1811.03032</ele>
      </trkpt>
      <trkpt lat="47.402158" lon="12.693566">
        <ele>1810.79824</ele>
      </trkpt>
      <trkpt lat="47.402068" lon="12.693428">
        <ele>1810.58795</ele>
      </trkpt>
      <trkpt lat="47.401994" lon="12.693264">
        <ele>1810.60136</ele>
      </trkpt>
      <trkpt lat="47.4019" lon="12.693065">
        <ele>1811.3868</ele>
      </trkpt>
      <trkpt lat="47.401768" lon="12.692781">
        <ele>1813.03072</ele>
      </trkpt>
      <trkpt lat="47.40169" lon="12.69256">
        <ele>1814.62909</ele>
      </trkpt>
      <trkpt lat="47.4016" lon="12.69246">
        <ele>1813.61571</ele>
      </trkpt>
      <trkpt lat="47.40136" lon="12.69179">
        <ele>1815.34618</ele>
      </trkpt>
      <trkpt lat="47.40107" lon="12.6912">
        <ele>1817.60528</ele>
      </trkpt>
      <trkpt lat="47.40067" lon="12.69079">
        <ele>1816.83979</ele>
      </trkpt>
      <trkpt lat="47.4006" lon="12.69059">
        <ele>1817.24085</ele>
      </trkpt>
      <trkpt lat="47.40056" lon="12.69036">
        <ele>1818.94894</ele>
      </trkpt>
      <trkpt lat="47.40037" lon="12.69002">
        <ele>1818.0368</ele>
      </trkpt>
      <trkpt lat="47.40018" lon="12.68926">
        <ele>1820.37376</ele>
      </trkpt>
      <trkpt lat="47.39992" lon="12.68871">
        <ele>1821.74682</ele>
      </trkpt>
      <trkpt lat="47.39912" lon="12.68815">
        <ele>1819.9688</ele>
      </trkpt>
      <trkpt lat="47.39888" lon="12.68744">
        <ele>1818.10565</ele>
      </trkpt>
      <trkpt lat="47.39884" lon="12.68682">
        <ele>1817.03052</ele>
      </trkpt>
      <trkpt lat="47.39884" lon="12.68683">
        <ele>1817.03543</ele>
      </trkpt>
      <trkpt lat="47.3988" lon="12.68578">
        <ele>1812.52874</ele>
      </trkpt>
      <trkpt lat="47.39871" lon="12.6852">
        <ele>1808.15018</ele>
      </trkpt>
      <trkpt lat="47.39918" lon="12.68404">
        <ele>1805.11462</ele>
      </trkpt>
      <trkpt lat="47.39938" lon="12.68353">
        <ele>1803.71495</ele>
      </trkpt>
      <trkpt lat="47.39979" lon="12.68287">
        <ele>1802.27686</ele>
      </trkpt>
      <trkpt lat="47.39994" lon="12.68249">
        <ele>1803.23421</ele>
      </trkpt>
      <trkpt lat="47.39991" lon="12.68212">
        <ele>1800.94857</ele>
      </trkpt>
      <trkpt lat="47.39997" lon="12.6817">
        <ele>1799.53335</ele>
      </trkpt>
      <trkpt lat="47.40007" lon="12.68137">
        <ele>1800.37665</ele>
      </trkpt>
      <trkpt lat="47.400419" lon="12.680726">
        <ele>1799.11069</ele>
      </trkpt>
      <trkpt lat="47.40071" lon="12.68019">
        <ele>1796.91498</ele>
      </trkpt>
      <trkpt lat="47.40117" lon="12.67969">
        <ele>1796.74264</ele>
      </trkpt>
      <trkpt lat="47.40135" lon="12.67954">
        <ele>1798.555</ele>
      </trkpt>
      <trkpt lat="47.40139" lon="12.67921">
        <ele>1797.45582</ele>
      </trkpt>
      <trkpt lat="47.40161" lon="12.67857">
        <ele>1794.7194</ele>
      </trkpt>
      <trkpt lat="47.40189" lon="12.67784">
        <ele>1795.28708</ele>
      </trkpt>
      <trkpt lat="47.40199" lon="12.6775">
        <ele>1795.05391</ele>
      </trkpt>
      <trkpt lat="47.40197" lon="12.67733">
        <ele>1793.92876</ele>
      </trkpt>
      <trkpt lat="47.40197" lon="12.67734">
        <ele>1793.90678</ele>
      </trkpt>
      <trkpt lat="47.40192" lon="12.67701">
        <ele>1791.97365</ele>
      </trkpt>
      <trkpt lat="47.40193" lon="12.67665">
        <ele>1790.64144</ele>
      </trkpt>
      <trkpt lat="47.4019" lon="12.67639">
        <ele>1787.78218</ele>
      </trkpt>
      <trkpt lat="47.40194" lon="12.6763">
        <ele>1789.12968</ele>
      </trkpt>
      <trkpt lat="47.40194" lon="12.67597">
        <ele>1788.6534</ele>
      </trkpt>
      <trkpt lat="47.40199" lon="12.67561">
        <ele>1787.71018</ele>
      </trkpt>
      <trkpt lat="47.40198" lon="12.67541">
        <ele>1786.05831</ele>
      </trkpt>
      <trkpt lat="47.40201" lon="12.67497">
        <ele>1783.96194</ele>
      </trkpt>
      <trkpt lat="47.40195" lon="12.67467">
        <ele>1781.54687</ele>
      </trkpt>
      <trkpt lat="47.40219" lon="12.67393">
        <ele>1780.41615</ele>
      </trkpt>
      <trkpt lat="47.40235" lon="12.67353">
        <ele>1778.63331</ele>
      </trkpt>
      <trkpt lat="47.40249" lon="12.67335">
        <ele>1777.48635</ele>
      </trkpt>
      <trkpt lat="47.40263" lon="12.67298">
        <ele>1774.32747</ele>
      </trkpt>
      <trkpt lat="47.40279" lon="12.67278">
        <ele>1773.2598</ele>
      </trkpt>
      <trkpt lat="47.40285" lon="12.67269">
        <ele>1772.85162</ele>
      </trkpt>
      <trkpt lat="47.40301" lon="12.67232">
        <ele>1772.57962</ele>
      </trkpt>
      <trkpt lat="47.40311" lon="12.6717">
        <ele>1766.64927</ele>
      </trkpt>
      <trkpt lat="47.40317" lon="12.67151">
        <ele>1763.36403</ele>
      </trkpt>
      <trkpt lat="47.40344" lon="12.67136">
        <ele>1761.6523</ele>
      </trkpt>
      <trkpt lat="47.40346" lon="12.67119">
        <ele>1759.61279</ele>
      </trkpt>
      <trkpt lat="47.40355" lon="12.67088">
        <ele>1757.62564</ele>
      </trkpt>
      <trkpt lat="47.40372" lon="12.67052">
        <ele>1755.88468</ele>
      </trkpt>
      <trkpt lat="47.4039" lon="12.67009">
        <ele>1751.77091</ele>
      </trkpt>
      <trkpt lat="47.40414" lon="12.66967">
        <ele>1750.28778</ele>
      </trkpt>
      <trkpt lat="47.40445" lon="12.66903">
        <ele>1746.87633</ele>
      </trkpt>
      <trkpt lat="47.40451" lon="12.6688">
        <ele>1745.97355</ele>
      </trkpt>
      <trkpt lat="47.40474" lon="12.66841">
        <ele>1748.50132</ele>
      </trkpt>
      <trkpt lat="47.40482" lon="12.66829">
        <ele>1748.58911</ele>
      </trkpt>
      <trkpt lat="47.40528" lon="12.668">
        <ele>1751.46972</ele>
      </trkpt>
      <trkpt lat="47.405442" lon="12.667928">
        <ele>1752.78026</ele>
      </trkpt>
      <trkpt lat="47.40573" lon="12.6678">
        <ele>1752.99993</ele>
      </trkpt>
      <trkpt lat="47.40588" lon="12.66758">
        <ele>1757.75648</ele>
      </trkpt>
      <trkpt lat="47.40617" lon="12.66687">
        <ele>1755.66897</ele>
      </trkpt>
      <trkpt lat="47.40649" lon="12.66632">
        <ele>1751.86839</ele>
      </trkpt>
      <trkpt lat="47.40663" lon="12.66602">
        <ele>1754.37814</ele>
      </trkpt>
      <trkpt lat="47.40682" lon="12.66579">
        <ele>1754.12686</ele>
      </trkpt>
      <trkpt lat="47.40693" lon="12.66542">
        <ele>1752.55463</ele>
      </trkpt>
      <trkpt lat="47.40691" lon="12.66518">
        <ele>1748.80993</ele>
      </trkpt>
      <trkpt lat="47.40702" lon="12.66484">
        <ele>1752.77161</ele>
      </trkpt>
      <trkpt lat="47.40713" lon="12.66436">
        <ele>1753.88837</ele>
      </trkpt>
      <trkpt lat="47.40732" lon="12.66336">
        <ele>1757.30821</ele>
      </trkpt>
      <trkpt lat="47.40747" lon="12.66315">
        <ele>1759.7976</ele>
      </trkpt>
      <trkpt lat="47.407579" lon="12.662569">
        <ele>1756.023</ele>
      </trkpt>
      <trkpt lat="47.40764" lon="12.66211">
        <ele>1752.82744</ele>
      </trkpt>
      <trkpt lat="47.4078" lon="12.66172">
        <ele>1750.57136</ele>
      </trkpt>
      <trkpt lat="47.40795" lon="12.66127">
        <ele>1750.9007</ele>
      </trkpt>
      <trkpt lat="47.40802" lon="12.661">
        <ele>1750.29454</ele>
      </trkpt>
      <trkpt lat="47.4081" lon="12.66091">
        <ele>1751.98592</ele>
      </trkpt>
      <trkpt lat="47.40851" lon="12.66039">
        <ele>1754.2347</ele>
      </trkpt>
      <trkpt lat="47.40869" lon="12.66028">
        <ele>1757.74217</ele>
      </trkpt>
      <trkpt lat="47.40877" lon="12.66013">
        <ele>1757.60856</ele>
      </trkpt>
      <trkpt lat="47.40879" lon="12.65993">
        <ele>1756.26034</ele>
      </trkpt>
      <trkpt lat="47.40888" lon="12.65989">
        <ele>1759.06434</ele>
      </trkpt>
      <trkpt lat="47.40904" lon="12.65995">
        <ele>1761.70741</ele>
      </trkpt>
      <trkpt lat="47.40921" lon="12.66013">
        <ele>1762.34491</ele>
      </trkpt>
      <trkpt lat="47.40935" lon="12.65997">
        <ele>1763.44409</ele>
      </trkpt>
      <trkpt lat="47.40941" lon="12.65972">
        <ele>1762.0899</ele>
      </trkpt>
      <trkpt lat="47.40939" lon="12.65953">
        <ele>1760.92094</ele>
      </trkpt>
      <trkpt lat="47.40929" lon="12.6591">
        <ele>1759.67656</ele>
      </trkpt>
      <trkpt lat="47.40928" lon="12.65854">
        <ele>1756.79274</ele>
      </trkpt>
      <trkpt lat="47.40931" lon="12.65799">
        <ele>1753.4643</ele>
      </trkpt>
      <trkpt lat="47.40939" lon="12.65737">
        <ele>1750.66467</ele>
      </trkpt>
      <trkpt lat="47.40944" lon="12.6569">
        <ele>1749.89993</ele>
      </trkpt>
      <trkpt lat="47.4096" lon="12.65622">
        <ele>1744.1954</ele>
      </trkpt>
      <trkpt lat="47.4096" lon="12.65607">
        <ele>1743.02707</ele>
      </trkpt>
      <trkpt lat="47.40963" lon="12.65593">
        <ele>1742.25205</ele>
      </trkpt>
      <trkpt lat="47.409477" lon="12.655623">
        <ele>1741.65701</ele>
      </trkpt>
      <trkpt lat="47.409413" lon="12.655484">
        <ele>1741.34525</ele>
      </trkpt>
      <trkpt lat="47.409357" lon="12.655273">
        <ele>1741.43584</ele>
      </trkpt>
      <trkpt lat="47.409324" lon="12.655294">
        <ele>1740.99898</ele>
      </trkpt>
      <trkpt lat="47.40927" lon="12.6553">
        <ele>1740.20484</ele>
      </trkpt>
      <trkpt lat="47.40915" lon="12.65522">
        <ele>1738.40489</ele>
      </trkpt>
      <trkpt lat="47.40908" lon="12.65522">
        <ele>1736.842</ele>
      </trkpt>
      <trkpt lat="47.40903" lon="12.65529">
        <ele>1735.32279</ele>
      </trkpt>
      <trkpt lat="47.409018" lon="12.655421">
        <ele>1734.46186</ele>
      </trkpt>
      <trkpt lat="47.408967" lon="12.655596">
        <ele>1733.6437</ele>
      </trkpt>
      <trkpt lat="47.408927" lon="12.655704">
        <ele>1733.32917</ele>
      </trkpt>
      <trkpt lat="47.408854" lon="12.655807">
        <ele>1732.80755</ele>
      </trkpt>
      <trkpt lat="47.408773" lon="12.655857">
        <ele>1732.1359</ele>
      </trkpt>
      <trkpt lat="47.40866" lon="12.65591">
        <ele>1730.38251</ele>
      </trkpt>
      <trkpt lat="47.4086" lon="12.65592">
        <ele>1728.92065</ele>
      </trkpt>
      <trkpt lat="47.40857" lon="12.65589">
        <ele>1727.81859</ele>
      </trkpt>
      <trkpt lat="47.40854" lon="12.65569">
        <ele>1725.86894</ele>
      </trkpt>
      <trkpt lat="47.40854" lon="12.65568">
        <ele>1725.85404</ele>
      </trkpt>
      <trkpt lat="47.40853" lon="12.65559">
        <ele>1725.84195</ele>
      </trkpt>
      <trkpt lat="47.40849" lon="12.65556">
        <ele>1724.98768</ele>
      </trkpt>
      <trkpt lat="47.40845" lon="12.6556">
        <ele>1723.79985</ele>
      </trkpt>
      <trkpt lat="47.40843" lon="12.65564">
        <ele>1723.28228</ele>
      </trkpt>
      <trkpt lat="47.40833" lon="12.65593">
        <ele>1720.68961</ele>
      </trkpt>
      <trkpt lat="47.408268" lon="12.656088">
        <ele>1719.651</ele>
      </trkpt>
      <trkpt lat="47.408218" lon="12.656145">
        <ele>1719.11138</ele>
      </trkpt>
      <trkpt lat="47.408188" lon="12.656136">
        <ele>1718.153</ele>
      </trkpt>
      <trkpt lat="47.40817" lon="12.656062">
        <ele>1716.75994</ele>
      </trkpt>
      <trkpt lat="47.408146" lon="12.656051">
        <ele>1716.13228</ele>
      </trkpt>
      <trkpt lat="47.408112" lon="12.656086">
        <ele>1715.69006</ele>
      </trkpt>
      <trkpt lat="47.408083" lon="12.656086">
        <ele>1714.95224</ele>
      </trkpt>
      <trkpt lat="47.40806" lon="12.656053">
        <ele>1714.015</ele>
      </trkpt>
      <trkpt lat="47.40802" lon="12.65587">
        <ele>1711.43794</ele>
      </trkpt>
      <trkpt lat="47.40802" lon="12.65586">
        <ele>1711.42598</ele>
      </trkpt>
      <trkpt lat="47.40798" lon="12.65565">
        <ele>1710.93908</ele>
      </trkpt>
      <trkpt lat="47.40791" lon="12.65543">
        <ele>1708.01927</ele>
      </trkpt>
      <trkpt lat="47.407864" lon="12.655032">
        <ele>1703.97512</ele>
      </trkpt>
      <trkpt lat="47.407856" lon="12.65499">
        <ele>1703.72638</ele>
      </trkpt>
      <trkpt lat="47.407812" lon="12.654976">
        <ele>1701.95936</ele>
      </trkpt>
      <trkpt lat="47.407788" lon="12.65501">
        <ele>1700.88113</ele>
      </trkpt>
      <trkpt lat="47.407765" lon="12.655071">
        <ele>1699.70292</ele>
      </trkpt>
      <trkpt lat="47.40775" lon="12.65513">
        <ele>1698.93899</ele>
      </trkpt>
      <trkpt lat="47.407685" lon="12.655309">
        <ele>1697.0213</ele>
      </trkpt>
      <trkpt lat="47.407603" lon="12.655423">
        <ele>1694.53514</ele>
      </trkpt>
      <trkpt lat="47.407559" lon="12.655491">
        <ele>1692.776</ele>
      </trkpt>
      <trkpt lat="47.40754" lon="12.65556">
        <ele>1692.14456</ele>
      </trkpt>
      <trkpt lat="47.407521" lon="12.655717">
        <ele>1692.62125</ele>
      </trkpt>
      <trkpt lat="47.407512" lon="12.655831">
        <ele>1692.76549</ele>
      </trkpt>
      <trkpt lat="47.407499" lon="12.655876">
        <ele>1692.17113</ele>
      </trkpt>
      <trkpt lat="47.407471" lon="12.655881">
        <ele>1691.2595</ele>
      </trkpt>
      <trkpt lat="47.407453" lon="12.655855">
        <ele>1690.77169</ele>
      </trkpt>
      <trkpt lat="47.407425" lon="12.655789">
        <ele>1689.99013</ele>
      </trkpt>
      <trkpt lat="47.407422" lon="12.655722">
        <ele>1689.54255</ele>
      </trkpt>
      <trkpt lat="47.407432" lon="12.655638">
        <ele>1688.98266</ele>
      </trkpt>
      <trkpt lat="47.407434" lon="12.655591">
        <ele>1688.47883</ele>
      </trkpt>
      <trkpt lat="47.407412" lon="12.655569">
        <ele>1687.55686</ele>
      </trkpt>
      <trkpt lat="47.407386" lon="12.655579">
        <ele>1686.91576</ele>
      </trkpt>
      <trkpt lat="47.407349" lon="12.655648">
        <ele>1686.57853</ele>
      </trkpt>
      <trkpt lat="47.407341" lon="12.65572">
        <ele>1686.93638</ele>
      </trkpt>
      <trkpt lat="47.407341" lon="12.655825">
        <ele>1687.22938</ele>
      </trkpt>
      <trkpt lat="47.407338" lon="12.655906">
        <ele>1686.69636</ele>
      </trkpt>
      <trkpt lat="47.407329" lon="12.655957">
        <ele>1685.90907</ele>
      </trkpt>
      <trkpt lat="47.407292" lon="12.655966">
        <ele>1684.33266</ele>
      </trkpt>
      <trkpt lat="47.407266" lon="12.655931">
        <ele>1683.73003</ele>
      </trkpt>
      <trkpt lat="47.407217" lon="12.655803">
        <ele>1682.24961</ele>
      </trkpt>
      <trkpt lat="47.407196" lon="12.655725">
        <ele>1681.00303</ele>
      </trkpt>
      <trkpt lat="47.407157" lon="12.655594">
        <ele>1678.06201</ele>
      </trkpt>
      <trkpt lat="47.407148" lon="12.655324">
        <ele>1674.79695</ele>
      </trkpt>
      <trkpt lat="47.407124" lon="12.655119">
        <ele>1672.87102</ele>
      </trkpt>
      <trkpt lat="47.407099" lon="12.6549">
        <ele>1671.41257</ele>
      </trkpt>
      <trkpt lat="47.40707" lon="12.65465">
        <ele>1668.769</ele>
      </trkpt>
      <trkpt lat="47.407015" lon="12.654283">
        <ele>1664.73239</ele>
      </trkpt>
      <trkpt lat="47.406941" lon="12.654002">
        <ele>1663.26564</ele>
      </trkpt>
      <trkpt lat="47.406889" lon="12.65382">
        <ele>1662.11552</ele>
      </trkpt>
      <trkpt lat="47.406868" lon="12.653717">
        <ele>1661.2211</ele>
      </trkpt>
      <trkpt lat="47.406869" lon="12.653636">
        <ele>1660.89141</ele>
      </trkpt>
      <trkpt lat="47.406867" lon="12.653564">
        <ele>1660.45771</ele>
      </trkpt>
      <trkpt lat="47.406887" lon="12.653504">
        <ele>1660.69412</ele>
      </trkpt>
      <trkpt lat="47.406891" lon="12.653459">
        <ele>1660.40233</ele>
      </trkpt>
      <trkpt lat="47.406874" lon="12.653437">
        <ele>1659.55669</ele>
      </trkpt>
      <trkpt lat="47.406839" lon="12.653431">
        <ele>1658.18981</ele>
      </trkpt>
      <trkpt lat="47.40676" lon="12.65351">
        <ele>1655.73073</ele>
      </trkpt>
      <trkpt lat="47.4067" lon="12.65362">
        <ele>1653.97553</ele>
      </trkpt>
      <trkpt lat="47.40664" lon="12.65377">
        <ele>1652.2217</ele>
      </trkpt>
      <trkpt lat="47.406609" lon="12.653919">
        <ele>1651.67222</ele>
      </trkpt>
      <trkpt lat="47.406588" lon="12.65406">
        <ele>1650.62621</ele>
      </trkpt>
      <trkpt lat="47.406597" lon="12.654206">
        <ele>1649.52941</ele>
      </trkpt>
      <trkpt lat="47.406633" lon="12.654327">
        <ele>1648.95759</ele>
      </trkpt>
      <trkpt lat="47.406652" lon="12.654423">
        <ele>1648.56748</ele>
      </trkpt>
      <trkpt lat="47.406675" lon="12.654507">
        <ele>1648.95308</ele>
      </trkpt>
      <trkpt lat="47.406659" lon="12.654542">
        <ele>1648.10828</ele>
      </trkpt>
      <trkpt lat="47.406632" lon="12.654543">
        <ele>1646.98021</ele>
      </trkpt>
      <trkpt lat="47.406589" lon="12.654493">
        <ele>1645.64193</ele>
      </trkpt>
      <trkpt lat="47.406549" lon="12.654404">
        <ele>1645.19747</ele>
      </trkpt>
      <trkpt lat="47.406523" lon="12.654332">
        <ele>1645.30338</ele>
      </trkpt>
      <trkpt lat="47.40648" lon="12.65415">
        <ele>1645.53985</ele>
      </trkpt>
      <trkpt lat="47.40648" lon="12.654119">
        <ele>1645.73825</ele>
      </trkpt>
      <trkpt lat="47.406465" lon="12.6541">
        <ele>1645.18332</ele>
      </trkpt>
      <trkpt lat="47.406442" lon="12.654112">
        <ele>1644.12192</ele>
      </trkpt>
      <trkpt lat="47.406424" lon="12.654185">
        <ele>1642.94929</ele>
      </trkpt>
      <trkpt lat="47.406415" lon="12.654341">
        <ele>1641.72703</ele>
      </trkpt>
      <trkpt lat="47.406413" lon="12.65441">
        <ele>1641.12029</ele>
      </trkpt>
      <trkpt lat="47.406408" lon="12.654464">
        <ele>1640.45759</ele>
      </trkpt>
      <trkpt lat="47.406378" lon="12.654472">
        <ele>1639.21155</ele>
      </trkpt>
      <trkpt lat="47.406348" lon="12.654435">
        <ele>1638.22931</ele>
      </trkpt>
      <trkpt lat="47.406316" lon="12.654311">
        <ele>1637.71336</ele>
      </trkpt>
      <trkpt lat="47.40628" lon="12.65412">
        <ele>1636.20654</ele>
      </trkpt>
      <trkpt lat="47.406267" lon="12.65388">
        <ele>1634.67736</ele>
      </trkpt>
      <trkpt lat="47.406259" lon="12.653766">
        <ele>1633.27679</ele>
      </trkpt>
      <trkpt lat="47.406262" lon="12.653681">
        <ele>1632.68913</ele>
      </trkpt>
      <trkpt lat="47.406271" lon="12.6536">
        <ele>1632.31402</ele>
      </trkpt>
      <trkpt lat="47.406265" lon="12.653546">
        <ele>1631.50805</ele>
      </trkpt>
      <trkpt lat="47.406244" lon="12.653366">
        <ele>1628.68674</ele>
      </trkpt>
      <trkpt lat="47.406219" lon="12.653189">
        <ele>1626.48681</ele>
      </trkpt>
      <trkpt lat="47.406211" lon="12.653022">
        <ele>1625.61705</ele>
      </trkpt>
      <trkpt lat="47.406197" lon="12.652975">
        <ele>1625.21589</ele>
      </trkpt>
      <trkpt lat="47.406193" lon="12.652831">
        <ele>1625.41067</ele>
      </trkpt>
      <trkpt lat="47.406207" lon="12.652691">
        <ele>1625.71121</ele>
      </trkpt>
      <trkpt lat="47.406237" lon="12.652449">
        <ele>1625.33768</ele>
      </trkpt>
      <trkpt lat="47.40624" lon="12.652237">
        <ele>1624.20857</ele>
      </trkpt>
      <trkpt lat="47.406226" lon="12.652043">
        <ele>1623.04193</ele>
      </trkpt>
      <trkpt lat="47.406205" lon="12.65185">
        <ele>1622.02676</ele>
      </trkpt>
      <trkpt lat="47.406167" lon="12.651597">
        <ele>1620.77641</ele>
      </trkpt>
      <trkpt lat="47.406124" lon="12.651327">
        <ele>1620.02877</ele>
      </trkpt>
      <trkpt lat="47.406097" lon="12.651103">
        <ele>1619.64411</ele>
      </trkpt>
      <trkpt lat="47.406088" lon="12.650941">
        <ele>1618.8038</ele>
      </trkpt>
      <trkpt lat="47.406096" lon="12.650863">
        <ele>1618.61159</ele>
      </trkpt>
      <trkpt lat="47.406113" lon="12.650699">
        <ele>1617.91636</ele>
      </trkpt>
      <trkpt lat="47.406116" lon="12.650563">
        <ele>1616.54394</ele>
      </trkpt>
      <trkpt lat="47.406118" lon="12.650445">
        <ele>1615.16037</ele>
      </trkpt>
      <trkpt lat="47.406121" lon="12.650217">
        <ele>1612.87524</ele>
      </trkpt>
      <trkpt lat="47.406138" lon="12.649952">
        <ele>1611.53277</ele>
      </trkpt>
      <trkpt lat="47.406151" lon="12.649738">
        <ele>1610.23786</ele>
      </trkpt>
      <trkpt lat="47.40617" lon="12.649474">
        <ele>1607.65571</ele>
      </trkpt>
      <trkpt lat="47.406241" lon="12.649145">
        <ele>1607.49906</ele>
      </trkpt>
      <trkpt lat="47.406212" lon="12.649091">
        <ele>1606.22307</ele>
      </trkpt>
      <trkpt lat="47.406165" lon="12.649115">
        <ele>1604.7608</ele>
      </trkpt>
      <trkpt lat="47.406139" lon="12.649038">
        <ele>1603.12507</ele>
      </trkpt>
      <trkpt lat="47.406168" lon="12.648866">
        <ele>1602.55784</ele>
      </trkpt>
      <trkpt lat="47.406401" lon="12.647935">
        <ele>1600.26402</ele>
      </trkpt>
      <trkpt lat="47.406424" lon="12.647753">
        <ele>1598.55369</ele>
      </trkpt>
      <trkpt lat="47.406456" lon="12.647582">
        <ele>1597.72998</ele>
      </trkpt>
      <trkpt lat="47.406506" lon="12.64735">
        <ele>1597.10472</ele>
      </trkpt>
      <trkpt lat="47.40653" lon="12.647159">
        <ele>1595.75298</ele>
      </trkpt>
      <trkpt lat="47.406569" lon="12.64694">
        <ele>1594.48346</ele>
      </trkpt>
      <trkpt lat="47.406597" lon="12.646747">
        <ele>1592.24082</ele>
      </trkpt>
      <trkpt lat="47.406625" lon="12.646574">
        <ele>1591.1249</ele>
      </trkpt>
      <trkpt lat="47.406641" lon="12.646462">
        <ele>1590.6293</ele>
      </trkpt>
      <trkpt lat="47.406655" lon="12.646317">
        <ele>1589.49006</ele>
      </trkpt>
      <trkpt lat="47.406675" lon="12.646154">
        <ele>1587.72464</ele>
      </trkpt>
      <trkpt lat="47.40673" lon="12.645948">
        <ele>1585.92908</ele>
      </trkpt>
      <trkpt lat="47.406824" lon="12.645704">
        <ele>1583.99127</ele>
      </trkpt>
      <trkpt lat="47.406897" lon="12.645546">
        <ele>1583.67535</ele>
      </trkpt>
      <trkpt lat="47.40696" lon="12.645418">
        <ele>1584.08601</ele>
      </trkpt>
      <trkpt lat="47.406989" lon="12.645344">
        <ele>1584.01751</ele>
      </trkpt>
      <trkpt lat="47.406995" lon="12.645249">
        <ele>1582.3941</ele>
      </trkpt>
      <trkpt lat="47.406993" lon="12.645183">
        <ele>1581.05666</ele>
      </trkpt>
      <trkpt lat="47.406993" lon="12.645138">
        <ele>1580.3103</ele>
      </trkpt>
      <trkpt lat="47.407018" lon="12.645007">
        <ele>1578.70872</ele>
      </trkpt>
      <trkpt lat="47.407044" lon="12.644935">
        <ele>1577.9862</ele>
      </trkpt>
      <trkpt lat="47.407079" lon="12.644854">
        <ele>1576.93047</ele>
      </trkpt>
      <trkpt lat="47.407128" lon="12.644678">
        <ele>1574.59758</ele>
      </trkpt>
      <trkpt lat="47.407134" lon="12.644574">
        <ele>1573.52221</ele>
      </trkpt>
      <trkpt lat="47.407133" lon="12.644482">
        <ele>1572.55412</ele>
      </trkpt>
      <trkpt lat="47.407139" lon="12.644291">
        <ele>1571.76033</ele>
      </trkpt>
      <trkpt lat="47.407157" lon="12.644159">
        <ele>1572.25563</ele>
      </trkpt>
      <trkpt lat="47.407172" lon="12.644007">
        <ele>1570.34646</ele>
      </trkpt>
      <trkpt lat="47.407177" lon="12.643843">
        <ele>1568.25673</ele>
      </trkpt>
      <trkpt lat="47.407183" lon="12.643766">
        <ele>1568.03323</ele>
      </trkpt>
      <trkpt lat="47.407193" lon="12.643577">
        <ele>1568.62596</ele>
      </trkpt>
      <trkpt lat="47.407205" lon="12.643429">
        <ele>1569.22048</ele>
      </trkpt>
      <trkpt lat="47.407192" lon="12.643393">
        <ele>1568.76009</ele>
      </trkpt>
      <trkpt lat="47.407172" lon="12.6433">
        <ele>1567.73799</ele>
      </trkpt>
      <trkpt lat="47.407172" lon="12.643249">
        <ele>1567.48858</ele>
      </trkpt>
      <trkpt lat="47.407158" lon="12.643166">
        <ele>1566.45192</ele>
      </trkpt>
      <trkpt lat="47.407119" lon="12.643166">
        <ele>1564.89712</ele>
      </trkpt>
      <trkpt lat="47.407114" lon="12.643189">
        <ele>1564.9809</ele>
      </trkpt>
      <trkpt lat="47.407082" lon="12.643231">
        <ele>1564.06875</ele>
      </trkpt>
      <trkpt lat="47.407069" lon="12.643266">
        <ele>1563.80343</ele>
      </trkpt>
      <trkpt lat="47.40703" lon="12.643325">
        <ele>1562.52662</ele>
      </trkpt>
      <trkpt lat="47.406991" lon="12.643338">
        <ele>1560.99398</ele>
      </trkpt>
      <trkpt lat="47.406974" lon="12.643496">
        <ele>1561.74149</ele>
      </trkpt>
      <trkpt lat="47.406949" lon="12.643523">
        <ele>1560.65291</ele>
      </trkpt>
      <trkpt lat="47.406918" lon="12.643515">
        <ele>1559.0281</ele>
      </trkpt>
      <trkpt lat="47.406896" lon="12.643437">
        <ele>1557.11673</ele>
      </trkpt>
      <trkpt lat="47.406891" lon="12.643311">
        <ele>1555.63079</ele>
      </trkpt>
      <trkpt lat="47.406865" lon="12.643244">
        <ele>1553.2549</ele>
      </trkpt>
      <trkpt lat="47.406822" lon="12.643308">
        <ele>1551.64928</ele>
      </trkpt>
      <trkpt lat="47.406807" lon="12.643453">
        <ele>1552.74976</ele>
      </trkpt>
      <trkpt lat="47.406767" lon="12.643617">
        <ele>1553.33954</ele>
      </trkpt>
      <trkpt lat="47.406718" lon="12.643676">
        <ele>1552.78991</ele>
      </trkpt>
      <trkpt lat="47.406683" lon="12.643721">
        <ele>1552.80868</ele>
      </trkpt>
      <trkpt lat="47.406627" lon="12.643783">
        <ele>1552.50736</ele>
      </trkpt>
      <trkpt lat="47.406562" lon="12.643835">
        <ele>1551.30697</ele>
      </trkpt>
      <trkpt lat="47.40651" lon="12.643891">
        <ele>1549.85193</ele>
      </trkpt>
      <trkpt lat="47.406464" lon="12.643949">
        <ele>1549.51879</ele>
      </trkpt>
      <trkpt lat="47.406417" lon="12.644004">
        <ele>1549.07619</ele>
      </trkpt>
      <trkpt lat="47.406321" lon="12.644086">
        <ele>1548.3135</ele>
      </trkpt>
      <trkpt lat="47.406243" lon="12.644161">
        <ele>1547.31945</ele>
      </trkpt>
      <trkpt lat="47.406187" lon="12.644229">
        <ele>1545.90896</ele>
      </trkpt>
      <trkpt lat="47.406148" lon="12.644291">
        <ele>1545.32327</ele>
      </trkpt>
      <trkpt lat="47.406076" lon="12.644346">
        <ele>1543.97691</ele>
      </trkpt>
      <trkpt lat="47.406011" lon="12.644379">
        <ele>1542.71267</ele>
      </trkpt>
      <trkpt lat="47.405955" lon="12.644432">
        <ele>1542.13549</ele>
      </trkpt>
      <trkpt lat="47.40587" lon="12.644458">
        <ele>1540.34297</ele>
      </trkpt>
      <trkpt lat="47.405809" lon="12.644475">
        <ele>1538.80876</ele>
      </trkpt>
      <trkpt lat="47.405759" lon="12.644521">
        <ele>1538.01155</ele>
      </trkpt>
      <trkpt lat="47.405744" lon="12.644553">
        <ele>1538.03535</ele>
      </trkpt>
      <trkpt lat="47.405744" lon="12.644572">
        <ele>1538.35838</ele>
      </trkpt>
      <trkpt lat="47.405725" lon="12.64466">
        <ele>1539.12522</ele>
      </trkpt>
      <trkpt lat="47.405701" lon="12.644705">
        <ele>1539.02067</ele>
      </trkpt>
      <trkpt lat="47.405675" lon="12.644728">
        <ele>1538.46674</ele>
      </trkpt>
      <trkpt lat="47.40566" lon="12.644728">
        <ele>1537.90394</ele>
      </trkpt>
      <trkpt lat="47.405653" lon="12.644683">
        <ele>1536.80257</ele>
      </trkpt>
      <trkpt lat="47.405672" lon="12.644631">
        <ele>1536.62442</ele>
      </trkpt>
      <trkpt lat="47.405698" lon="12.644551">
        <ele>1536.23849</ele>
      </trkpt>
      <trkpt lat="47.405723" lon="12.644435">
        <ele>1535.06339</ele>
      </trkpt>
      <trkpt lat="47.405755" lon="12.644312">
        <ele>1534.0388</ele>
      </trkpt>
      <trkpt lat="47.40577" lon="12.644199">
        <ele>1532.41953</ele>
      </trkpt>
      <trkpt lat="47.405787" lon="12.644132">
        <ele>1531.67868</ele>
      </trkpt>
      <trkpt lat="47.405789" lon="12.644045">
        <ele>1529.96986</ele>
      </trkpt>
      <trkpt lat="47.405786" lon="12.643977">
        <ele>1528.3833</ele>
      </trkpt>
      <trkpt lat="47.405756" lon="12.643987">
        <ele>1527.35997</ele>
      </trkpt>
      <trkpt lat="47.405721" lon="12.644043">
        <ele>1527.11751</ele>
      </trkpt>
      <trkpt lat="47.405678" lon="12.644111">
        <ele>1526.74389</ele>
      </trkpt>
      <trkpt lat="47.405637" lon="12.644169">
        <ele>1526.15123</ele>
      </trkpt>
      <trkpt lat="47.405604" lon="12.644211">
        <ele>1525.53622</ele>
      </trkpt>
      <trkpt lat="47.405591" lon="12.644237">
        <ele>1525.50136</ele>
      </trkpt>
      <trkpt lat="47.405561" lon="12.644295">
        <ele>1525.38404</ele>
      </trkpt>
      <trkpt lat="47.405493" lon="12.644537">
        <ele>1527.45155</ele>
      </trkpt>
      <trkpt lat="47.405437" lon="12.644743">
        <ele>1528.93329</ele>
      </trkpt>
      <trkpt lat="47.40538" lon="12.644741">
        <ele>1526.67436</ele>
      </trkpt>
      <trkpt lat="47.405368" lon="12.644615">
        <ele>1523.59334</ele>
      </trkpt>
      <trkpt lat="47.40541" lon="12.644408">
        <ele>1521.26844</ele>
      </trkpt>
      <trkpt lat="47.405478" lon="12.644196">
        <ele>1519.72975</ele>
      </trkpt>
      <trkpt lat="47.405448" lon="12.644151">
        <ele>1517.22371</ele>
      </trkpt>
      <trkpt lat="47.405453" lon="12.644092">
        <ele>1516.06222</ele>
      </trkpt>
      <trkpt lat="47.405472" lon="12.643991">
        <ele>1514.509</ele>
      </trkpt>
      <trkpt lat="47.405489" lon="12.643885">
        <ele>1512.69558</ele>
      </trkpt>
      <trkpt lat="47.405499" lon="12.643795">
        <ele>1511.30391</ele>
      </trkpt>
      <trkpt lat="47.405512" lon="12.643708">
        <ele>1510.32417</ele>
      </trkpt>
      <trkpt lat="47.405522" lon="12.64365">
        <ele>1509.82398</ele>
      </trkpt>
      <trkpt lat="47.405522" lon="12.643582">
        <ele>1508.70974</ele>
      </trkpt>
      <trkpt lat="47.405489" lon="12.643621">
        <ele>1508.33418</ele>
      </trkpt>
      <trkpt lat="47.405451" lon="12.643683">
        <ele>1508.05525</ele>
      </trkpt>
      <trkpt lat="47.405407" lon="12.643703">
        <ele>1506.85507</ele>
      </trkpt>
      <trkpt lat="47.405374" lon="12.643729">
        <ele>1505.95877</ele>
      </trkpt>
      <trkpt lat="47.405357" lon="12.6437">
        <ele>1504.80264</ele>
      </trkpt>
      <trkpt lat="47.405357" lon="12.643662">
        <ele>1504.13995</ele>
      </trkpt>
      <trkpt lat="47.405372" lon="12.643633">
        <ele>1504.25584</ele>
      </trkpt>
      <trkpt lat="47.405389" lon="12.643594">
        <ele>1504.14282</ele>
      </trkpt>
      <trkpt lat="47.405475" lon="12.643422">
        <ele>1502.76417</ele>
      </trkpt>
      <trkpt lat="47.405536" lon="12.643312">
        <ele>1500.05064</ele>
      </trkpt>
      <trkpt lat="47.405582" lon="12.643113">
        <ele>1495.54447</ele>
      </trkpt>
      <trkpt lat="47.4056" lon="12.643096">
        <ele>1495.63949</ele>
      </trkpt>
      <trkpt lat="47.405622" lon="12.643059">
        <ele>1495.66744</ele>
      </trkpt>
      <trkpt lat="47.405658" lon="12.643032">
        <ele>1496.03743</ele>
      </trkpt>
      <trkpt lat="47.4057" lon="12.643014">
        <ele>1496.65673</ele>
      </trkpt>
      <trkpt lat="47.405662" lon="12.642946">
        <ele>1495.85934</ele>
      </trkpt>
      <trkpt lat="47.405616" lon="12.642976">
        <ele>1495.48701</ele>
      </trkpt>
      <trkpt lat="47.405615" lon="12.642893">
        <ele>1495.58594</ele>
      </trkpt>
      <trkpt lat="47.405656" lon="12.642769">
        <ele>1496.0332</ele>
      </trkpt>
      <trkpt lat="47.405631" lon="12.642734">
        <ele>1495.98866</ele>
      </trkpt>
      <trkpt lat="47.405584" lon="12.642783">
        <ele>1495.54567</ele>
      </trkpt>
      <trkpt lat="47.405547" lon="12.642831">
        <ele>1495.23257</ele>
      </trkpt>
      <trkpt lat="47.405459" lon="12.643">
        <ele>1493.96864</ele>
      </trkpt>
      <trkpt lat="47.405419" lon="12.64315">
        <ele>1493.72189</ele>
      </trkpt>
      <trkpt lat="47.405339" lon="12.643182">
        <ele>1491.30845</ele>
      </trkpt>
      <trkpt lat="47.405333" lon="12.643005">
        <ele>1490.47191</ele>
      </trkpt>
      <trkpt lat="47.405299" lon="12.642914">
        <ele>1488.01115</ele>
      </trkpt>
      <trkpt lat="47.405255" lon="12.642965">
        <ele>1486.58313</ele>
      </trkpt>
      <trkpt lat="47.405223" lon="12.643174">
        <ele>1487.49032</ele>
      </trkpt>
      <trkpt lat="47.405204" lon="12.643241">
        <ele>1487.10939</ele>
      </trkpt>
      <trkpt lat="47.405159" lon="12.643182">
        <ele>1485.26827</ele>
      </trkpt>
      <trkpt lat="47.405107" lon="12.643193">
        <ele>1482.74338</ele>
      </trkpt>
      <trkpt lat="47.405027" lon="12.643248">
        <ele>1478.90297</ele>
      </trkpt>
      <trkpt lat="47.404958" lon="12.643329">
        <ele>1477.69105</ele>
      </trkpt>
      <trkpt lat="47.404871" lon="12.643433">
        <ele>1476.19172</ele>
      </trkpt>
      <trkpt lat="47.404821" lon="12.643463">
        <ele>1474.38486</ele>
      </trkpt>
      <trkpt lat="47.404721" lon="12.643545">
        <ele>1471.61941</ele>
      </trkpt>
      <trkpt lat="47.404633" lon="12.643735">
        <ele>1471.47921</ele>
      </trkpt>
      <trkpt lat="47.404582" lon="12.643797">
        <ele>1471.62941</ele>
      </trkpt>
      <trkpt lat="47.404565" lon="12.643697">
        <ele>1470.54417</ele>
      </trkpt>
      <trkpt lat="47.404567" lon="12.643539">
        <ele>1467.55246</ele>
      </trkpt>
      <trkpt lat="47.404529" lon="12.643515">
        <ele>1466.18158</ele>
      </trkpt>
      <trkpt lat="47.404482" lon="12.643566">
        <ele>1466.69508</ele>
      </trkpt>
      <trkpt lat="47.404425" lon="12.64369">
        <ele>1468.0502</ele>
      </trkpt>
      <trkpt lat="47.404391" lon="12.643748">
        <ele>1468.16646</ele>
      </trkpt>
      <trkpt lat="47.404348" lon="12.643794">
        <ele>1467.82731</ele>
      </trkpt>
      <trkpt lat="47.404293" lon="12.643815">
        <ele>1466.61027</ele>
      </trkpt>
      <trkpt lat="47.404306" lon="12.643719">
        <ele>1465.55481</ele>
      </trkpt>
      <trkpt lat="47.404328" lon="12.643638">
        <ele>1463.94648</ele>
      </trkpt>
      <trkpt lat="47.40436" lon="12.643587">
        <ele>1463.60092</ele>
      </trkpt>
      <trkpt lat="47.404426" lon="12.643462">
        <ele>1462.27736</ele>
      </trkpt>
      <trkpt lat="47.404445" lon="12.643352">
        <ele>1459.9409</ele>
      </trkpt>
      <trkpt lat="47.404453" lon="12.643278">
        <ele>1458.95099</ele>
      </trkpt>
      <trkpt lat="47.404515" lon="12.643223">
        <ele>1458.44324</ele>
      </trkpt>
      <trkpt lat="47.404511" lon="12.643153">
        <ele>1458.47659</ele>
      </trkpt>
      <trkpt lat="47.404453" lon="12.643107">
        <ele>1458.97611</ele>
      </trkpt>
      <trkpt lat="47.404411" lon="12.643113">
        <ele>1459.05559</ele>
      </trkpt>
      <trkpt lat="47.404393" lon="12.643043">
        <ele>1457.96699</ele>
      </trkpt>
      <trkpt lat="47.404435" lon="12.643008">
        <ele>1457.61257</ele>
      </trkpt>
      <trkpt lat="47.404554" lon="12.642968">
        <ele>1457.13815</ele>
      </trkpt>
      <trkpt lat="47.40456" lon="12.642939">
        <ele>1456.52364</ele>
      </trkpt>
      <trkpt lat="47.404586" lon="12.642894">
        <ele>1455.37419</ele>
      </trkpt>
      <trkpt lat="47.404586" lon="12.642846">
        <ele>1453.96085</ele>
      </trkpt>
      <trkpt lat="47.404553" lon="12.64283">
        <ele>1453.29834</ele>
      </trkpt>
      <trkpt lat="47.404544" lon="12.642791">
        <ele>1452.50906</ele>
      </trkpt>
      <trkpt lat="47.404522" lon="12.642702">
        <ele>1451.3754</ele>
      </trkpt>
      <trkpt lat="47.404462" lon="12.642686">
        <ele>1451.52768</ele>
      </trkpt>
      <trkpt lat="47.404444" lon="12.64263">
        <ele>1450.6253</ele>
      </trkpt>
      <trkpt lat="47.404442" lon="12.64252">
        <ele>1448.86952</ele>
      </trkpt>
      <trkpt lat="47.404515" lon="12.642402">
        <ele>1446.82127</ele>
      </trkpt>
      <trkpt lat="47.4046" lon="12.64234">
        <ele>1446.16587</ele>
      </trkpt>
      <trkpt lat="47.404609" lon="12.642241">
        <ele>1445.60754</ele>
      </trkpt>
      <trkpt lat="47.40458" lon="12.642198">
        <ele>1444.71798</ele>
      </trkpt>
      <trkpt lat="47.404533" lon="12.642206">
        <ele>1444.26439</ele>
      </trkpt>
      <trkpt lat="47.40446" lon="12.642252">
        <ele>1444.22666</ele>
      </trkpt>
      <trkpt lat="47.404386" lon="12.642265">
        <ele>1443.93146</ele>
      </trkpt>
      <trkpt lat="47.404338" lon="12.642311">
        <ele>1444.51005</ele>
      </trkpt>
      <trkpt lat="47.404295" lon="12.642343">
        <ele>1444.67657</ele>
      </trkpt>
      <trkpt lat="47.404271" lon="12.642378">
        <ele>1444.87044</ele>
      </trkpt>
      <trkpt lat="47.404265" lon="12.642452">
        <ele>1445.76512</ele>
      </trkpt>
      <trkpt lat="47.404263" lon="12.642455">
        <ele>1445.77204</ele>
      </trkpt>
      <trkpt lat="47.40423" lon="12.642475">
        <ele>1445.28898</ele>
      </trkpt>
      <trkpt lat="47.40421" lon="12.64243">
        <ele>1444.18348</ele>
      </trkpt>
      <trkpt lat="47.404212" lon="12.642407">
        <ele>1444.01002</ele>
      </trkpt>
      <trkpt lat="47.404212" lon="12.642375">
        <ele>1443.70731</ele>
      </trkpt>
      <trkpt lat="47.404179" lon="12.642327">
        <ele>1442.29793</ele>
      </trkpt>
      <trkpt lat="47.404127" lon="12.642331">
        <ele>1440.74361</ele>
      </trkpt>
      <trkpt lat="47.404081" lon="12.642361">
        <ele>1439.54614</ele>
      </trkpt>
      <trkpt lat="47.40406" lon="12.642419">
        <ele>1439.27375</ele>
      </trkpt>
      <trkpt lat="47.404016" lon="12.642477">
        <ele>1438.13649</ele>
      </trkpt>
      <trkpt lat="47.403984" lon="12.642542">
        <ele>1437.22709</ele>
      </trkpt>
      <trkpt lat="47.403956" lon="12.642591">
        <ele>1436.08236</ele>
      </trkpt>
      <trkpt lat="47.403926" lon="12.642671">
        <ele>1434.57408</ele>
      </trkpt>
      <trkpt lat="47.403881" lon="12.64273">
        <ele>1432.77835</ele>
      </trkpt>
      <trkpt lat="47.403839" lon="12.642766">
        <ele>1431.15762</ele>
      </trkpt>
      <trkpt lat="47.403835" lon="12.642791">
        <ele>1431.05535</ele>
      </trkpt>
      <trkpt lat="47.403809" lon="12.64276">
        <ele>1429.89382</ele>
      </trkpt>
      <trkpt lat="47.403819" lon="12.642679">
        <ele>1429.99529</ele>
      </trkpt>
      <trkpt lat="47.40384" lon="12.642583">
        <ele>1430.38936</ele>
      </trkpt>
      <trkpt lat="47.40387" lon="12.64245">
        <ele>1431.19801</ele>
      </trkpt>
      <trkpt lat="47.403876" lon="12.642418">
        <ele>1431.23067</ele>
      </trkpt>
      <trkpt lat="47.403889" lon="12.642347">
        <ele>1431.07241</ele>
      </trkpt>
      <trkpt lat="47.403889" lon="12.642322">
        <ele>1430.67789</ele>
      </trkpt>
      <trkpt lat="47.403856" lon="12.642316">
        <ele>1428.90316</ele>
      </trkpt>
      <trkpt lat="47.403817" lon="12.64238">
        <ele>1427.68497</ele>
      </trkpt>
      <trkpt lat="47.403781" lon="12.642442">
        <ele>1426.52692</ele>
      </trkpt>
      <trkpt lat="47.403735" lon="12.642532">
        <ele>1425.27209</ele>
      </trkpt>
      <trkpt lat="47.403701" lon="12.64261">
        <ele>1424.56208</ele>
      </trkpt>
      <trkpt lat="47.403669" lon="12.642684">
        <ele>1424.0837</ele>
      </trkpt>
      <trkpt lat="47.403636" lon="12.642768">
        <ele>1423.94745</ele>
      </trkpt>
      <trkpt lat="47.403596" lon="12.642894">
        <ele>1423.03463</ele>
      </trkpt>
      <trkpt lat="47.403535" lon="12.642985">
        <ele>1421.15537</ele>
      </trkpt>
      <trkpt lat="47.403475" lon="12.643089">
        <ele>1419.64439</ele>
      </trkpt>
      <trkpt lat="47.403453" lon="12.643134">
        <ele>1419.19131</ele>
      </trkpt>
      <trkpt lat="47.40341" lon="12.643218">
        <ele>1418.11988</ele>
      </trkpt>
      <trkpt lat="47.403377" lon="12.643247">
        <ele>1417.31686</ele>
      </trkpt>
      <trkpt lat="47.4033" lon="12.643346">
        <ele>1416.96789</ele>
      </trkpt>
      <trkpt lat="47.403218" lon="12.643418">
        <ele>1416.66543</ele>
      </trkpt>
      <trkpt lat="47.40312" lon="12.643501">
        <ele>1416.29394</ele>
      </trkpt>
      <trkpt lat="47.403011" lon="12.643598">
        <ele>1413.73469</ele>
      </trkpt>
      <trkpt lat="47.402917" lon="12.643649">
        <ele>1410.43751</ele>
      </trkpt>
      <trkpt lat="47.402872" lon="12.64371">
        <ele>1408.76186</ele>
      </trkpt>
      <trkpt lat="47.402794" lon="12.643842">
        <ele>1406.54852</ele>
      </trkpt>
      <trkpt lat="47.402734" lon="12.64399">
        <ele>1405.37702</ele>
      </trkpt>
      <trkpt lat="47.40267" lon="12.644159">
        <ele>1405.20386</ele>
      </trkpt>
      <trkpt lat="47.402632" lon="12.644199">
        <ele>1404.33202</ele>
      </trkpt>
      <trkpt lat="47.402597" lon="12.644124">
        <ele>1402.13109</ele>
      </trkpt>
      <trkpt lat="47.402597" lon="12.64396">
        <ele>1400.26574</ele>
      </trkpt>
      <trkpt lat="47.402556" lon="12.643939">
        <ele>1398.17984</ele>
      </trkpt>
      <trkpt lat="47.402499" lon="12.644035">
        <ele>1397.88845</ele>
      </trkpt>
      <trkpt lat="47.402441" lon="12.644244">
        <ele>1398.81881</ele>
      </trkpt>
      <trkpt lat="47.402391" lon="12.644357">
        <ele>1398.29917</ele>
      </trkpt>
      <trkpt lat="47.402322" lon="12.644428">
        <ele>1396.73148</ele>
      </trkpt>
      <trkpt lat="47.402277" lon="12.644509">
        <ele>1395.40242</ele>
      </trkpt>
      <trkpt lat="47.402206" lon="12.644632">
        <ele>1393.72437</ele>
      </trkpt>
      <trkpt lat="47.402128" lon="12.644848">
        <ele>1393.19833</ele>
      </trkpt>
      <trkpt lat="47.40204" lon="12.645087">
        <ele>1391.23362</ele>
      </trkpt>
      <trkpt lat="47.401958" lon="12.645255">
        <ele>1390.43307</ele>
      </trkpt>
      <trkpt lat="47.401894" lon="12.645378">
        <ele>1389.48499</ele>
      </trkpt>
      <trkpt lat="47.401766" lon="12.645534">
        <ele>1389.30085</ele>
      </trkpt>
      <trkpt lat="47.401705" lon="12.645596">
        <ele>1388.68586</ele>
      </trkpt>
      <trkpt lat="47.401623" lon="12.645713">
        <ele>1387.88538</ele>
      </trkpt>
      <trkpt lat="47.401558" lon="12.645836">
        <ele>1387.77132</ele>
      </trkpt>
      <trkpt lat="47.401502" lon="12.645945">
        <ele>1387.38358</ele>
      </trkpt>
      <trkpt lat="47.401461" lon="12.646004">
        <ele>1386.63228</ele>
      </trkpt>
      <trkpt lat="47.401407" lon="12.646088">
        <ele>1385.74236</ele>
      </trkpt>
      <trkpt lat="47.401203" lon="12.646401">
        <ele>1385.64156</ele>
      </trkpt>
      <trkpt lat="47.40143" lon="12.64574">
        <ele>1380.93947</ele>
      </trkpt>
      <trkpt lat="47.40151" lon="12.64546">
        <ele>1379.03694</ele>
      </trkpt>
      <trkpt lat="47.40159" lon="12.64506">
        <ele>1376.35738</ele>
      </trkpt>
      <trkpt lat="47.40162" lon="12.64449">
        <ele>1371.8275</ele>
      </trkpt>
      <trkpt lat="47.40165" lon="12.64423">
        <ele>1369.84191</ele>
      </trkpt>
      <trkpt lat="47.40179" lon="12.64359">
        <ele>1365.06271</ele>
      </trkpt>
      <trkpt lat="47.4019" lon="12.64334">
        <ele>1363.23535</ele>
      </trkpt>
      <trkpt lat="47.40195" lon="12.64318">
        <ele>1361.25588</ele>
      </trkpt>
      <trkpt lat="47.40209" lon="12.64297">
        <ele>1360.81001</ele>
      </trkpt>
      <trkpt lat="47.40207" lon="12.64289">
        <ele>1360.7557</ele>
      </trkpt>
      <trkpt lat="47.402" lon="12.64292">
        <ele>1358.61285</ele>
      </trkpt>
      <trkpt lat="47.402" lon="12.64293">
        <ele>1358.66598</ele>
      </trkpt>
      <trkpt lat="47.40182" lon="12.64311">
        <ele>1358.76046</ele>
      </trkpt>
      <trkpt lat="47.40178" lon="12.64309">
        <ele>1357.3974</ele>
      </trkpt>
      <trkpt lat="47.40175" lon="12.64303">
        <ele>1355.92259</ele>
      </trkpt>
      <trkpt lat="47.40175" lon="12.64295">
        <ele>1355.01036</ele>
      </trkpt>
      <trkpt lat="47.40182" lon="12.64288">
        <ele>1354.81555</ele>
      </trkpt>
      <trkpt lat="47.40182" lon="12.64289">
        <ele>1354.98072</ele>
      </trkpt>
      <trkpt lat="47.40191" lon="12.6428">
        <ele>1354.71487</ele>
      </trkpt>
      <trkpt lat="47.40191" lon="12.64273">
        <ele>1353.9243</ele>
      </trkpt>
      <trkpt lat="47.4019" lon="12.6427">
        <ele>1353.3037</ele>
      </trkpt>
      <trkpt lat="47.40187" lon="12.6427">
        <ele>1352.67851</ele>
      </trkpt>
      <trkpt lat="47.40186" lon="12.6427">
        <ele>1352.54177</ele>
      </trkpt>
      <trkpt lat="47.40181" lon="12.64268">
        <ele>1351.66807</ele>
      </trkpt>
      <trkpt lat="47.40177" lon="12.64263">
        <ele>1350.54174</ele>
      </trkpt>
      <trkpt lat="47.40177" lon="12.6425">
        <ele>1348.56941</ele>
      </trkpt>
      <trkpt lat="47.40167" lon="12.64244">
        <ele>1346.04163</ele>
      </trkpt>
      <trkpt lat="47.40166" lon="12.64244">
        <ele>1345.78614</ele>
      </trkpt>
      <trkpt lat="47.40161" lon="12.64241">
        <ele>1343.72641</ele>
      </trkpt>
      <trkpt lat="47.40157" lon="12.64226">
        <ele>1340.47137</ele>
      </trkpt>
      <trkpt lat="47.40159" lon="12.64205">
        <ele>1338.04787</ele>
      </trkpt>
      <trkpt lat="47.401669" lon="12.641872">
        <ele>1338.94753</ele>
      </trkpt>
      <trkpt lat="47.40178" lon="12.64162">
        <ele>1337.06562</ele>
      </trkpt>
      <trkpt lat="47.40178" lon="12.64157">
        <ele>1335.99153</ele>
      </trkpt>
      <trkpt lat="47.40174" lon="12.64155">
        <ele>1334.50016</ele>
      </trkpt>
      <trkpt lat="47.40155" lon="12.64177">
        <ele>1333.90813</ele>
      </trkpt>
      <trkpt lat="47.40145" lon="12.64185">
        <ele>1330.47138</ele>
      </trkpt>
      <trkpt lat="47.40142" lon="12.64184">
        <ele>1328.84158</ele>
      </trkpt>
      <trkpt lat="47.40141" lon="12.64177">
        <ele>1327.70519</ele>
      </trkpt>
      <trkpt lat="47.40176" lon="12.64102">
        <ele>1320.15236</ele>
      </trkpt>
      <trkpt lat="47.40186" lon="12.64074">
        <ele>1318.83616</ele>
      </trkpt>
      <trkpt lat="47.40201" lon="12.64052">
        <ele>1320.98662</ele>
      </trkpt>
      <trkpt lat="47.40209" lon="12.64034">
        <ele>1320.03714</ele>
      </trkpt>
      <trkpt lat="47.4021" lon="12.64023">
        <ele>1317.89954</ele>
      </trkpt>
      <trkpt lat="47.40221" lon="12.63989">
        <ele>1315.19136</ele>
      </trkpt>
      <trkpt lat="47.4022" lon="12.63985">
        <ele>1314.64577</ele>
      </trkpt>
      <trkpt lat="47.40217" lon="12.63979">
        <ele>1313.4273</ele>
      </trkpt>
      <trkpt lat="47.40208" lon="12.63981">
        <ele>1312.21369</ele>
      </trkpt>
      <trkpt lat="47.40196" lon="12.64008">
        <ele>1310.76276</ele>
      </trkpt>
      <trkpt lat="47.40182" lon="12.64024">
        <ele>1306.20003</ele>
      </trkpt>
      <trkpt lat="47.40173" lon="12.64039">
        <ele>1304.31495</ele>
      </trkpt>
      <trkpt lat="47.40168" lon="12.64045">
        <ele>1303.64642</ele>
      </trkpt>
      <trkpt lat="47.40133" lon="12.6407">
        <ele>1302.79109</ele>
      </trkpt>
      <trkpt lat="47.40113" lon="12.64103">
        <ele>1302.07658</ele>
      </trkpt>
      <trkpt lat="47.40107" lon="12.64119">
        <ele>1301.92462</ele>
      </trkpt>
      <trkpt lat="47.40098" lon="12.64125">
        <ele>1300.15352</ele>
      </trkpt>
      <trkpt lat="47.40095" lon="12.64139">
        <ele>1300.69863</ele>
      </trkpt>
      <trkpt lat="47.40091" lon="12.6414">
        <ele>1300.19948</ele>
      </trkpt>
      <trkpt lat="47.40089" lon="12.64138">
        <ele>1299.61796</ele>
      </trkpt>
      <trkpt lat="47.40088" lon="12.64131">
        <ele>1298.66926</ele>
      </trkpt>
      <trkpt lat="47.4009" lon="12.64122">
        <ele>1298.16813</ele>
      </trkpt>
      <trkpt lat="47.40087" lon="12.64117">
        <ele>1297.03719</ele>
      </trkpt>
      <trkpt lat="47.40084" lon="12.64117">
        <ele>1296.37172</ele>
      </trkpt>
      <trkpt lat="47.40079" lon="12.64123">
        <ele>1295.8645</ele>
      </trkpt>
      <trkpt lat="47.40075" lon="12.64134">
        <ele>1295.88817</ele>
      </trkpt>
      <trkpt lat="47.40067" lon="12.64139">
        <ele>1293.89293</ele>
      </trkpt>
      <trkpt lat="47.40064" lon="12.64157">
        <ele>1293.83963</ele>
      </trkpt>
      <trkpt lat="47.40061" lon="12.6416">
        <ele>1292.9447</ele>
      </trkpt>
      <trkpt lat="47.40056" lon="12.64159">
        <ele>1291.73059</ele>
      </trkpt>
      <trkpt lat="47.40054" lon="12.64154">
        <ele>1291.30362</ele>
      </trkpt>
      <trkpt lat="47.40056" lon="12.6414">
        <ele>1290.74932</ele>
      </trkpt>
      <trkpt lat="47.4005" lon="12.64128">
        <ele>1288.03214</ele>
      </trkpt>
      <trkpt lat="47.40049" lon="12.64123">
        <ele>1286.79783</ele>
      </trkpt>
      <trkpt lat="47.40053" lon="12.64112">
        <ele>1285.29597</ele>
      </trkpt>
      <trkpt lat="47.4006" lon="12.64092">
        <ele>1283.86279</ele>
      </trkpt>
      <trkpt lat="47.40063" lon="12.64073">
        <ele>1281.25518</ele>
      </trkpt>
      <trkpt lat="47.40068" lon="12.64051">
        <ele>1278.58241</ele>
      </trkpt>
      <trkpt lat="47.40072" lon="12.6404">
        <ele>1277.2237</ele>
      </trkpt>
      <trkpt lat="47.40066" lon="12.64039">
        <ele>1275.0938</ele>
      </trkpt>
      <trkpt lat="47.4006" lon="12.64045">
        <ele>1274.53734</ele>
      </trkpt>
      <trkpt lat="47.40044" lon="12.64054">
        <ele>1270.44146</ele>
      </trkpt>
      <trkpt lat="47.40035" lon="12.64064">
        <ele>1270.6421</ele>
      </trkpt>
      <trkpt lat="47.4003" lon="12.64063">
        <ele>1269.13829</ele>
      </trkpt>
      <trkpt lat="47.40029" lon="12.64057">
        <ele>1267.72494</ele>
      </trkpt>
      <trkpt lat="47.40033" lon="12.64047">
        <ele>1266.29509</ele>
      </trkpt>
      <trkpt lat="47.40028" lon="12.64039">
        <ele>1263.57147</ele>
      </trkpt>
      <trkpt lat="47.40028" lon="12.64033">
        <ele>1262.39233</ele>
      </trkpt>
      <trkpt lat="47.40029" lon="12.64029">
        <ele>1261.80485</ele>
      </trkpt>
      <trkpt lat="47.40036" lon="12.64026">
        <ele>1261.73222</ele>
      </trkpt>
      <trkpt lat="47.40042" lon="12.64017">
        <ele>1260.20952</ele>
      </trkpt>
      <trkpt lat="47.40046" lon="12.63996">
        <ele>1256.79161</ele>
      </trkpt>
      <trkpt lat="47.4005" lon="12.63984">
        <ele>1255.83608</ele>
      </trkpt>
      <trkpt lat="47.40052" lon="12.63969">
        <ele>1254.45416</ele>
      </trkpt>
      <trkpt lat="47.40051" lon="12.63963">
        <ele>1253.75875</ele>
      </trkpt>
      <trkpt lat="47.40048" lon="12.63959">
        <ele>1252.86402</ele>
      </trkpt>
      <trkpt lat="47.40038" lon="12.63964">
        <ele>1251.85632</ele>
      </trkpt>
      <trkpt lat="47.40034" lon="12.63963">
        <ele>1251.15562</ele>
      </trkpt>
      <trkpt lat="47.40033" lon="12.63955">
        <ele>1249.25093</ele>
      </trkpt>
      <trkpt lat="47.4004" lon="12.63931">
        <ele>1247.36037</ele>
      </trkpt>
      <trkpt lat="47.40036" lon="12.63926">
        <ele>1246.53947</ele>
      </trkpt>
      <trkpt lat="47.40027" lon="12.63924">
        <ele>1245.01415</ele>
      </trkpt>
      <trkpt lat="47.40026" lon="12.63919">
        <ele>1244.52254</ele>
      </trkpt>
      <trkpt lat="47.40027" lon="12.63909">
        <ele>1242.49121</ele>
      </trkpt>
      <trkpt lat="47.40042" lon="12.63869">
        <ele>1239.22577</ele>
      </trkpt>
      <trkpt lat="47.40041" lon="12.6386">
        <ele>1236.94461</ele>
      </trkpt>
      <trkpt lat="47.40041" lon="12.63859">
        <ele>1236.71006</ele>
      </trkpt>
      <trkpt lat="47.4004" lon="12.63847">
        <ele>1233.60439</ele>
      </trkpt>
      <trkpt lat="47.40045" lon="12.63838">
        <ele>1233.02401</ele>
      </trkpt>
      <trkpt lat="47.40055" lon="12.6383">
        <ele>1233.71861</ele>
      </trkpt>
      <trkpt lat="47.4006" lon="12.63817">
        <ele>1233.47118</ele>
      </trkpt>
      <trkpt lat="47.40061" lon="12.63808">
        <ele>1232.27277</ele>
      </trkpt>
      <trkpt lat="47.40057" lon="12.63785">
        <ele>1226.81356</ele>
      </trkpt>
      <trkpt lat="47.40057" lon="12.63769">
        <ele>1223.82466</ele>
      </trkpt>
      <trkpt lat="47.40064" lon="12.63737">
        <ele>1219.59268</ele>
      </trkpt>
      <trkpt lat="47.40067" lon="12.63714">
        <ele>1215.76713</ele>
      </trkpt>
      <trkpt lat="47.4007" lon="12.63698">
        <ele>1213.45588</ele>
      </trkpt>
      <trkpt lat="47.40083" lon="12.63682">
        <ele>1214.06509</ele>
      </trkpt>
      <trkpt lat="47.40085" lon="12.63676">
        <ele>1213.46148</ele>
      </trkpt>
      <trkpt lat="47.40083" lon="12.63671">
        <ele>1212.00665</ele>
      </trkpt>
      <trkpt lat="47.4008" lon="12.63669">
        <ele>1210.84219</ele>
      </trkpt>
      <trkpt lat="47.40073" lon="12.63671">
        <ele>1209.49975</ele>
      </trkpt>
      <trkpt lat="47.40043" lon="12.63688">
        <ele>1203.18038</ele>
      </trkpt>
      <trkpt lat="47.40034" lon="12.63697">
        <ele>1201.31498</ele>
      </trkpt>
      <trkpt lat="47.40028" lon="12.63699">
        <ele>1199.9701</ele>
      </trkpt>
      <trkpt lat="47.40018" lon="12.63708">
        <ele>1198.20587</ele>
      </trkpt>
      <trkpt lat="47.40002" lon="12.63717">
        <ele>1192.70553</ele>
      </trkpt>
      <trkpt lat="47.40001" lon="12.63716">
        <ele>1192.23686</ele>
      </trkpt>
      <trkpt lat="47.39966" lon="12.63767">
        <ele>1190.11245</ele>
      </trkpt>
      <trkpt lat="47.39936" lon="12.6377">
        <ele>1183.53725</ele>
      </trkpt>
      <trkpt lat="47.39914" lon="12.63788">
        <ele>1184.79218</ele>
      </trkpt>
      <trkpt lat="47.39914" lon="12.63789">
        <ele>1184.96702</ele>
      </trkpt>
      <trkpt lat="47.39907" lon="12.63795">
        <ele>1185.57925</ele>
      </trkpt>
      <trkpt lat="47.39902" lon="12.63792">
        <ele>1184.45465</ele>
      </trkpt>
      <trkpt lat="47.39902" lon="12.63766">
        <ele>1179.6616</ele>
      </trkpt>
      <trkpt lat="47.39908" lon="12.63753">
        <ele>1177.42555</ele>
      </trkpt>
      <trkpt lat="47.3992" lon="12.63741">
        <ele>1176.73863</ele>
      </trkpt>
      <trkpt lat="47.39921" lon="12.63732">
        <ele>1175.52057</ele>
      </trkpt>
      <trkpt lat="47.39918" lon="12.63724">
        <ele>1174.69441</ele>
      </trkpt>
      <trkpt lat="47.39909" lon="12.63723">
        <ele>1173.55735</ele>
      </trkpt>
      <trkpt lat="47.39903" lon="12.63732">
        <ele>1172.83505</ele>
      </trkpt>
      <trkpt lat="47.39899" lon="12.63734">
        <ele>1172.02603</ele>
      </trkpt>
      <trkpt lat="47.39896" lon="12.6373">
        <ele>1170.82959</ele>
      </trkpt>
      <trkpt lat="47.39894" lon="12.63714">
        <ele>1169.62597</ele>
      </trkpt>
      <trkpt lat="47.39889" lon="12.6371">
        <ele>1167.78599</ele>
      </trkpt>
      <trkpt lat="47.39875" lon="12.63723">
        <ele>1164.82318</ele>
      </trkpt>
      <trkpt lat="47.39859" lon="12.63723">
        <ele>1159.64501</ele>
      </trkpt>
      <trkpt lat="47.39848" lon="12.63732">
        <ele>1157.41289</ele>
      </trkpt>
      <trkpt lat="47.39836" lon="12.63751">
        <ele>1154.07543</ele>
      </trkpt>
      <trkpt lat="47.39826" lon="12.63771">
        <ele>1151.7455</ele>
      </trkpt>
      <trkpt lat="47.39811" lon="12.63814">
        <ele>1147.55409</ele>
      </trkpt>
      <trkpt lat="47.398" lon="12.63858">
        <ele>1142.66365</ele>
      </trkpt>
      <trkpt lat="47.39794" lon="12.63875">
        <ele>1141.63307</ele>
      </trkpt>
      <trkpt lat="47.39782" lon="12.63894">
        <ele>1137.23498</ele>
      </trkpt>
      <trkpt lat="47.39776" lon="12.63899">
        <ele>1137.43242</ele>
      </trkpt>
      <trkpt lat="47.39762" lon="12.63905">
        <ele>1137.05367</ele>
      </trkpt>
      <trkpt lat="47.39752" lon="12.63912">
        <ele>1136.83298</ele>
      </trkpt>
      <trkpt lat="47.39746" lon="12.63921">
        <ele>1136.09091</ele>
      </trkpt>
      <trkpt lat="47.39738" lon="12.63937">
        <ele>1134.88026</ele>
      </trkpt>
      <trkpt lat="47.39716" lon="12.63962">
        <ele>1129.20298</ele>
      </trkpt>
      <trkpt lat="47.39716" lon="12.63963">
        <ele>1129.31728</ele>
      </trkpt>
      <trkpt lat="47.397026" lon="12.63978">
        <ele>1128.36245</ele>
      </trkpt>
      <trkpt lat="47.39676" lon="12.64008">
        <ele>1127.39152</ele>
      </trkpt>
      <trkpt lat="47.39658" lon="12.64018">
        <ele>1123.97712</ele>
      </trkpt>
      <trkpt lat="47.39649" lon="12.64021">
        <ele>1120.97733</ele>
      </trkpt>
      <trkpt lat="47.39638" lon="12.64031">
        <ele>1118.16672</ele>
      </trkpt>
      <trkpt lat="47.39626" lon="12.64034">
        <ele>1114.7148</ele>
      </trkpt>
      <trkpt lat="47.39612" lon="12.64044">
        <ele>1111.65003</ele>
      </trkpt>
      <trkpt lat="47.39607" lon="12.64044">
        <ele>1109.65837</ele>
      </trkpt>
      <trkpt lat="47.39608" lon="12.64024">
        <ele>1106.35256</ele>
      </trkpt>
      <trkpt lat="47.39606" lon="12.64019">
        <ele>1105.28203</ele>
      </trkpt>
      <trkpt lat="47.39604" lon="12.64021">
        <ele>1104.73557</ele>
      </trkpt>
      <trkpt lat="47.39588" lon="12.64035">
        <ele>1101.45597</ele>
      </trkpt>
      <trkpt lat="47.3958" lon="12.64037">
        <ele>1100.5372</ele>
      </trkpt>
      <trkpt lat="47.39576" lon="12.64035">
        <ele>1099.48982</ele>
      </trkpt>
      <trkpt lat="47.39575" lon="12.6403">
        <ele>1098.27569</ele>
      </trkpt>
      <trkpt lat="47.39575" lon="12.64001">
        <ele>1093.39766</ele>
      </trkpt>
      <trkpt lat="47.39571" lon="12.63991">
        <ele>1092.38163</ele>
      </trkpt>
      <trkpt lat="47.3956" lon="12.63986">
        <ele>1091.36048</ele>
      </trkpt>
      <trkpt lat="47.39539" lon="12.63986">
        <ele>1086.89264</ele>
      </trkpt>
      <trkpt lat="47.39537" lon="12.63984">
        <ele>1086.32861</ele>
      </trkpt>
      <trkpt lat="47.39537" lon="12.63978">
        <ele>1085.46598</ele>
      </trkpt>
      <trkpt lat="47.39543" lon="12.63964">
        <ele>1084.73559</ele>
      </trkpt>
      <trkpt lat="47.39542" lon="12.63958">
        <ele>1083.37132</ele>
      </trkpt>
      <trkpt lat="47.39536" lon="12.63957">
        <ele>1082.20654</ele>
      </trkpt>
      <trkpt lat="47.39529" lon="12.63962">
        <ele>1082.31051</ele>
      </trkpt>
      <trkpt lat="47.39526" lon="12.63959">
        <ele>1081.43375</ele>
      </trkpt>
      <trkpt lat="47.39525" lon="12.63954">
        <ele>1080.63127</ele>
      </trkpt>
      <trkpt lat="47.39527" lon="12.63945">
        <ele>1079.37673</ele>
      </trkpt>
      <trkpt lat="47.39526" lon="12.63938">
        <ele>1077.95525</ele>
      </trkpt>
      <trkpt lat="47.3951" lon="12.63914">
        <ele>1072.13635</ele>
      </trkpt>
      <trkpt lat="47.39505" lon="12.63912">
        <ele>1072.01663</ele>
      </trkpt>
      <trkpt lat="47.39503" lon="12.63915">
        <ele>1072.39985</ele>
      </trkpt>
      <trkpt lat="47.39499" lon="12.63921">
        <ele>1072.40604</ele>
      </trkpt>
      <trkpt lat="47.39479" lon="12.63937">
        <ele>1070.95027</ele>
      </trkpt>
      <trkpt lat="47.394718" lon="12.639475">
        <ele>1070.67157</ele>
      </trkpt>
      <trkpt lat="47.39466" lon="12.639588">
        <ele>1070.82393</ele>
      </trkpt>
      <trkpt lat="47.394609" lon="12.639599">
        <ele>1070.05831</ele>
      </trkpt>
      <trkpt lat="47.394558" lon="12.639572">
        <ele>1068.70145</ele>
      </trkpt>
      <trkpt lat="47.394536" lon="12.639491">
        <ele>1067.25511</ele>
      </trkpt>
      <trkpt lat="47.394547" lon="12.639416">
        <ele>1066.628</ele>
      </trkpt>
      <trkpt lat="47.394558" lon="12.639341">
        <ele>1066.08955</ele>
      </trkpt>
      <trkpt lat="47.394565" lon="12.639277">
        <ele>1065.61887</ele>
      </trkpt>
      <trkpt lat="47.394529" lon="12.639223">
        <ele>1064.37882</ele>
      </trkpt>
      <trkpt lat="47.394467" lon="12.639234">
        <ele>1063.45931</ele>
      </trkpt>
      <trkpt lat="47.394417" lon="12.639245">
        <ele>1062.77566</ele>
      </trkpt>
      <trkpt lat="47.394366" lon="12.639218">
        <ele>1061.68891</ele>
      </trkpt>
      <trkpt lat="47.394344" lon="12.639175">
        <ele>1060.7672</ele>
      </trkpt>
      <trkpt lat="47.394322" lon="12.639111">
        <ele>1059.52247</ele>
      </trkpt>
      <trkpt lat="47.394333" lon="12.638993">
        <ele>1058.51339</ele>
      </trkpt>
      <trkpt lat="47.39434" lon="12.638917">
        <ele>1057.72447</ele>
      </trkpt>
      <trkpt lat="47.394318" lon="12.638848">
        <ele>1056.53867</ele>
      </trkpt>
      <trkpt lat="47.394289" lon="12.638805">
        <ele>1055.63759</ele>
      </trkpt>
      <trkpt lat="47.394253" lon="12.638773">
        <ele>1054.79681</ele>
      </trkpt>
      <trkpt lat="47.394231" lon="12.638719">
        <ele>1053.96085</ele>
      </trkpt>
      <trkpt lat="47.394217" lon="12.638633">
        <ele>1052.9323</ele>
      </trkpt>
      <trkpt lat="47.394202" lon="12.638537">
        <ele>1051.87802</ele>
      </trkpt>
      <trkpt lat="47.394151" lon="12.638483">
        <ele>1050.8126</ele>
      </trkpt>
      <trkpt lat="47.39415" lon="12.63848">
        <ele>1050.77479</ele>
      </trkpt>
      <trkpt lat="47.39402" lon="12.63837">
        <ele>1048.00878</ele>
      </trkpt>
      <trkpt lat="47.39388" lon="12.63831">
        <ele>1045.3955</ele>
      </trkpt>
      <trkpt lat="47.39381" lon="12.6383">
        <ele>1044.18399</ele>
      </trkpt>
      <trkpt lat="47.39348" lon="12.63836">
        <ele>1040.7412</ele>
      </trkpt>
      <trkpt lat="47.39323" lon="12.63853">
        <ele>1034.90986</ele>
      </trkpt>
      <trkpt lat="47.39298" lon="12.63874">
        <ele>1031.14665</ele>
      </trkpt>
      <trkpt lat="47.39262" lon="12.63904">
        <ele>1026.23626</ele>
      </trkpt>
      <trkpt lat="47.39239" lon="12.63928">
        <ele>1022.49517</ele>
      </trkpt>
      <trkpt lat="47.39221" lon="12.63955">
        <ele>1020.82187</ele>
      </trkpt>
      <trkpt lat="47.3922" lon="12.63945">
        <ele>1020.05777</ele>
      </trkpt>
      <trkpt lat="47.39215" lon="12.63941">
        <ele>1018.70671</ele>
      </trkpt>
      <trkpt lat="47.39211" lon="12.63943">
        <ele>1018.25533</ele>
      </trkpt>
      <trkpt lat="47.392052" lon="12.639182">
        <ele>1016.94975</ele>
      </trkpt>
      <trkpt lat="47.391965" lon="12.639032">
        <ele>1015.55467</ele>
      </trkpt>
      <trkpt lat="47.391861" lon="12.638975">
        <ele>1013.65586</ele>
      </trkpt>
      <trkpt lat="47.391719" lon="12.638907">
        <ele>1011.64243</ele>
      </trkpt>
      <trkpt lat="47.391667" lon="12.638856">
        <ele>1011.19808</ele>
      </trkpt>
      <trkpt lat="47.391653" lon="12.638489">
        <ele>1009.93226</ele>
      </trkpt>
      <trkpt lat="47.391614" lon="12.637989">
        <ele>1006.66752</ele>
      </trkpt>
      <trkpt lat="47.39158" lon="12.637536">
        <ele>1004.04734</ele>
      </trkpt>
      <trkpt lat="47.391538" lon="12.637187">
        <ele>999.15682</ele>
      </trkpt>
      <trkpt lat="47.391529" lon="12.636908">
        <ele>997.94597</ele>
      </trkpt>
      <trkpt lat="47.391511" lon="12.636658">
        <ele>997.75762</ele>
      </trkpt>
      <trkpt lat="47.391467" lon="12.636484">
        <ele>997.49131</ele>
      </trkpt>
      <trkpt lat="47.391403" lon="12.636363">
        <ele>997.11207</ele>
      </trkpt>
      <trkpt lat="47.391311" lon="12.636259">
        <ele>996.38</ele>
      </trkpt>
      <trkpt lat="47.391141" lon="12.636122">
        <ele>995.60953</ele>
      </trkpt>
      <trkpt lat="47.390978" lon="12.636002">
        <ele>994.10874</ele>
      </trkpt>
      <trkpt lat="47.390863" lon="12.635957">
        <ele>994.10222</ele>
      </trkpt>
      <trkpt lat="47.390823" lon="12.635858">
        <ele>994.03916</ele>
      </trkpt>
      <trkpt lat="47.390806" lon="12.635707">
        <ele>993.91312</ele>
      </trkpt>
      <trkpt lat="47.390805" lon="12.635428">
        <ele>992.84326</ele>
      </trkpt>
      <trkpt lat="47.390803" lon="12.635155">
        <ele>992.22335</ele>
      </trkpt>
      <trkpt lat="47.390825" lon="12.634922">
        <ele>991.40696</ele>
      </trkpt>
      <trkpt lat="47.390816" lon="12.634753">
        <ele>990.78466</ele>
      </trkpt>
      <trkpt lat="47.390788" lon="12.634724">
        <ele>990.61437</ele>
      </trkpt>
      <trkpt lat="47.390741" lon="12.634731">
        <ele>990.41158</ele>
      </trkpt>
      <trkpt lat="47.390682" lon="12.634801">
        <ele>990.25361</ele>
      </trkpt>
      <trkpt lat="47.390616" lon="12.634913">
        <ele>990.01073</ele>
      </trkpt>
      <trkpt lat="47.39053" lon="12.635065">
        <ele>989.48626</ele>
      </trkpt>
      <trkpt lat="47.390415" lon="12.635399">
        <ele>991.37146</ele>
      </trkpt>
      <trkpt lat="47.390316" lon="12.635323">
        <ele>990.24106</ele>
      </trkpt>
      <trkpt lat="47.389956" lon="12.635189">
        <ele>988.54916</ele>
      </trkpt>
      <trkpt lat="47.389788" lon="12.63515">
        <ele>988.12221</ele>
      </trkpt>
      <trkpt lat="47.380384" lon="12.632934">
        <ele>1484.73823</ele>
      </trkpt>
      <trkpt lat="47.367885" lon="12.638025">
        <ele>2013.113</ele>
      </trkpt>
      <trkpt lat="47.367663" lon="12.63804">
        <ele>2013.15181</ele>
      </trkpt>
      <trkpt lat="47.3676" lon="12.637766">
        <ele>2013.08047</ele>
      </trkpt>
      <trkpt lat="47.367533" lon="12.637317">
        <ele>2013.14016</ele>
      </trkpt>
      <trkpt lat="47.367508" lon="12.637108">
        <ele>2012.9614</ele>
      </trkpt>
      <trkpt lat="47.367526" lon="12.636982">
        <ele>2012.68598</ele>
      </trkpt>
      <trkpt lat="47.367566" lon="12.636898">
        <ele>2012.97728</ele>
      </trkpt>
      <trkpt lat="47.367584" lon="12.636831">
        <ele>2013.00612</ele>
      </trkpt>
      <trkpt lat="47.367594" lon="12.636793">
        <ele>2012.66111</ele>
      </trkpt>
      <trkpt lat="47.367589" lon="12.63672">
        <ele>2011.34906</ele>
      </trkpt>
      <trkpt lat="47.367574" lon="12.636681">
        <ele>2010.43049</ele>
      </trkpt>
      <trkpt lat="47.36754" lon="12.636557">
        <ele>2007.09422</ele>
      </trkpt>
      <trkpt lat="47.36753" lon="12.63652">
        <ele>2006.5929</ele>
      </trkpt>
      <trkpt lat="47.36752" lon="12.63633">
        <ele>2004.9293</ele>
      </trkpt>
      <trkpt lat="47.367505" lon="12.636277">
        <ele>2004.52774</ele>
      </trkpt>
      <trkpt lat="47.3675" lon="12.63626">
        <ele>2004.26636</ele>
      </trkpt>
      <trkpt lat="47.36741" lon="12.636094">
        <ele>2001.6008</ele>
      </trkpt>
      <trkpt lat="47.36739" lon="12.636049">
        <ele>2000.941</ele>
      </trkpt>
      <trkpt lat="47.367367" lon="12.636004">
        <ele>2000.49245</ele>
      </trkpt>
      <trkpt lat="47.367354" lon="12.635981">
        <ele>2000.29385</ele>
      </trkpt>
      <trkpt lat="47.367343" lon="12.635943">
        <ele>1999.95164</ele>
      </trkpt>
      <trkpt lat="47.367337" lon="12.63589">
        <ele>1999.41094</ele>
      </trkpt>
      <trkpt lat="47.367334" lon="12.635736">
        <ele>1997.56763</ele>
      </trkpt>
      <trkpt lat="47.367321" lon="12.635583">
        <ele>1995.28557</ele>
      </trkpt>
      <trkpt lat="47.367304" lon="12.635468">
        <ele>1993.53648</ele>
      </trkpt>
      <trkpt lat="47.3673" lon="12.635451">
        <ele>1993.32861</ele>
      </trkpt>
      <trkpt lat="47.367294" lon="12.635424">
        <ele>1992.95617</ele>
      </trkpt>
      <trkpt lat="47.36726" lon="12.63539">
        <ele>1992.00591</ele>
      </trkpt>
      <trkpt lat="47.367222" lon="12.635377">
        <ele>1991.01227</ele>
      </trkpt>
      <trkpt lat="47.36717" lon="12.63536">
        <ele>1989.90218</ele>
      </trkpt>
      <trkpt lat="47.36707" lon="12.63527">
        <ele>1986.50211</ele>
      </trkpt>
      <trkpt lat="47.367041" lon="12.635229">
        <ele>1985.24801</ele>
      </trkpt>
      <trkpt lat="47.366908" lon="12.635045">
        <ele>1980.4688</ele>
      </trkpt>
      <trkpt lat="47.36689" lon="12.63502">
        <ele>1979.97065</ele>
      </trkpt>
      <trkpt lat="47.366863" lon="12.634967">
        <ele>1979.01291</ele>
      </trkpt>
      <trkpt lat="47.36686" lon="12.634943">
        <ele>1978.53691</ele>
      </trkpt>
      <trkpt lat="47.36686" lon="12.634882">
        <ele>1977.32375</ele>
      </trkpt>
      <trkpt lat="47.366861" lon="12.634873">
        <ele>1977.14762</ele>
      </trkpt>
      <trkpt lat="47.366874" lon="12.634804">
        <ele>1976.01581</ele>
      </trkpt>
      <trkpt lat="47.366897" lon="12.634706">
        <ele>1975.23023</ele>
      </trkpt>
      <trkpt lat="47.3669" lon="12.634682">
        <ele>1975.07535</ele>
      </trkpt>
      <trkpt lat="47.3669" lon="12.634622">
        <ele>1974.57355</ele>
      </trkpt>
      <trkpt lat="47.366897" lon="12.634613">
        <ele>1974.43636</ele>
      </trkpt>
      <trkpt lat="47.366879" lon="12.63457">
        <ele>1973.55842</ele>
      </trkpt>
      <trkpt lat="47.36687" lon="12.63455">
        <ele>1973.06263</ele>
      </trkpt>
      <trkpt lat="47.36673" lon="12.63435">
        <ele>1968.65371</ele>
      </trkpt>
      <trkpt lat="47.366612" lon="12.634076">
        <ele>1965.64068</ele>
      </trkpt>
      <trkpt lat="47.36639" lon="12.63356">
        <ele>1961.79983</ele>
      </trkpt>
      <trkpt lat="47.36611" lon="12.63299">
        <ele>1957.30701</ele>
      </trkpt>
      <trkpt lat="47.36602" lon="12.63271">
        <ele>1954.47443</ele>
      </trkpt>
      <trkpt lat="47.365852" lon="12.632485">
        <ele>1949.6751</ele>
      </trkpt>
      <trkpt lat="47.365798" lon="12.632455">
        <ele>1948.7633</ele>
      </trkpt>
      <trkpt lat="47.365748" lon="12.632438">
        <ele>1947.92756</ele>
      </trkpt>
      <trkpt lat="47.365641" lon="12.632401">
        <ele>1946.20983</ele>
      </trkpt>
      <trkpt lat="47.365553" lon="12.632357">
        <ele>1944.86287</ele>
      </trkpt>
      <trkpt lat="47.365491" lon="12.632316">
        <ele>1944.18322</ele>
      </trkpt>
      <trkpt lat="47.365425" lon="12.632275">
        <ele>1943.68869</ele>
      </trkpt>
      <trkpt lat="47.365372" lon="12.632244">
        <ele>1943.54178</ele>
      </trkpt>
      <trkpt lat="47.36533" lon="12.632196">
        <ele>1943.5185</ele>
      </trkpt>
      <trkpt lat="47.365326" lon="12.63219">
        <ele>1943.48868</ele>
      </trkpt>
      <trkpt lat="47.365286" lon="12.63212">
        <ele>1942.86574</ele>
      </trkpt>
      <trkpt lat="47.365281" lon="12.632067">
        <ele>1942.0898</ele>
      </trkpt>
      <trkpt lat="47.365285" lon="12.631966">
        <ele>1940.30995</ele>
      </trkpt>
      <trkpt lat="47.365316" lon="12.631868">
        <ele>1938.02784</ele>
      </trkpt>
      <trkpt lat="47.365344" lon="12.631774">
        <ele>1935.97997</ele>
      </trkpt>
      <trkpt lat="47.365371" lon="12.631672">
        <ele>1933.74177</ele>
      </trkpt>
      <trkpt lat="47.365413" lon="12.631543">
        <ele>1930.22899</ele>
      </trkpt>
      <trkpt lat="47.365427" lon="12.63148">
        <ele>1928.75107</ele>
      </trkpt>
      <trkpt lat="47.365427" lon="12.63142">
        <ele>1927.91776</ele>
      </trkpt>
      <trkpt lat="47.36539" lon="12.631285">
        <ele>1927.85583</ele>
      </trkpt>
      <trkpt lat="47.365376" lon="12.631198">
        <ele>1927.55644</ele>
      </trkpt>
      <trkpt lat="47.365378" lon="12.631153">
        <ele>1926.93992</ele>
      </trkpt>
      <trkpt lat="47.365392" lon="12.631128">
        <ele>1925.91843</ele>
      </trkpt>
      <trkpt lat="47.365418" lon="12.631121">
        <ele>1924.51697</ele>
      </trkpt>
      <trkpt lat="47.365437" lon="12.631141">
        <ele>1923.82733</ele>
      </trkpt>
      <trkpt lat="47.365465" lon="12.631169">
        <ele>1922.80614</ele>
      </trkpt>
      <trkpt lat="47.365489" lon="12.631203">
        <ele>1922.04159</ele>
      </trkpt>
      <trkpt lat="47.365501" lon="12.631221">
        <ele>1921.68421</ele>
      </trkpt>
      <trkpt lat="47.365513" lon="12.631224">
        <ele>1921.17905</ele>
      </trkpt>
      <trkpt lat="47.365541" lon="12.631213">
        <ele>1919.80771</ele>
      </trkpt>
      <trkpt lat="47.365551" lon="12.631192">
        <ele>1919.09475</ele>
      </trkpt>
      <trkpt lat="47.365555" lon="12.631168">
        <ele>1918.59389</ele>
      </trkpt>
      <trkpt lat="47.365555" lon="12.631112">
        <ele>1917.82415</ele>
      </trkpt>
      <trkpt lat="47.36554" lon="12.631046">
        <ele>1917.58987</ele>
      </trkpt>
      <trkpt lat="47.365526" lon="12.630976">
        <ele>1916.97691</ele>
      </trkpt>
      <trkpt lat="47.365513" lon="12.630865">
        <ele>1915.71624</ele>
      </trkpt>
      <trkpt lat="47.365498" lon="12.630757">
        <ele>1915.76095</ele>
      </trkpt>
      <trkpt lat="47.365495" lon="12.630659">
        <ele>1915.60131</ele>
      </trkpt>
      <trkpt lat="47.3655" lon="12.630569">
        <ele>1914.74288</ele>
      </trkpt>
      <trkpt lat="47.365527" lon="12.630453">
        <ele>1912.459</ele>
      </trkpt>
      <trkpt lat="47.365532" lon="12.630397">
        <ele>1911.93837</ele>
      </trkpt>
      <trkpt lat="47.365557" lon="12.630331">
        <ele>1910.47174</ele>
      </trkpt>
      <trkpt lat="47.365581" lon="12.630257">
        <ele>1909.40034</ele>
      </trkpt>
      <trkpt lat="47.365601" lon="12.630191">
        <ele>1908.69961</ele>
      </trkpt>
      <trkpt lat="47.365613" lon="12.630128">
        <ele>1908.50389</ele>
      </trkpt>
      <trkpt lat="47.365624" lon="12.630075">
        <ele>1908.01221</ele>
      </trkpt>
      <trkpt lat="47.365664" lon="12.629974">
        <ele>1905.35871</ele>
      </trkpt>
      <trkpt lat="47.36569" lon="12.629865">
        <ele>1904.03412</ele>
      </trkpt>
      <trkpt lat="47.365727" lon="12.629771">
        <ele>1902.31627</ele>
      </trkpt>
      <trkpt lat="47.365736" lon="12.629715">
        <ele>1902.24884</ele>
      </trkpt>
      <trkpt lat="47.36574" lon="12.629641">
        <ele>1902.59231</ele>
      </trkpt>
      <trkpt lat="47.365764" lon="12.629603">
        <ele>1901.37372</ele>
      </trkpt>
      <trkpt lat="47.365785" lon="12.629589">
        <ele>1900.22037</ele>
      </trkpt>
      <trkpt lat="47.365816" lon="12.629592">
        <ele>1898.41764</ele>
      </trkpt>
      <trkpt lat="47.365849" lon="12.629616">
        <ele>1896.43277</ele>
      </trkpt>
      <trkpt lat="47.365871" lon="12.629661">
        <ele>1894.89634</ele>
      </trkpt>
      <trkpt lat="47.365885" lon="12.629751">
        <ele>1893.11283</ele>
      </trkpt>
      <trkpt lat="47.365903" lon="12.629838">
        <ele>1891.05476</ele>
      </trkpt>
      <trkpt lat="47.365913" lon="12.629929">
        <ele>1889.96791</ele>
      </trkpt>
      <trkpt lat="47.365927" lon="12.630026">
        <ele>1889.00781</ele>
      </trkpt>
      <trkpt lat="47.365964" lon="12.630123">
        <ele>1887.01393</ele>
      </trkpt>
      <trkpt lat="47.36599" lon="12.630192">
        <ele>1885.70434</ele>
      </trkpt>
      <trkpt lat="47.366016" lon="12.630227">
        <ele>1884.57063</ele>
      </trkpt>
      <trkpt lat="47.366045" lon="12.63023">
        <ele>1883.21704</ele>
      </trkpt>
      <trkpt lat="47.366071" lon="12.630223">
        <ele>1881.95441</ele>
      </trkpt>
      <trkpt lat="47.36609" lon="12.630195">
        <ele>1880.88185</ele>
      </trkpt>
      <trkpt lat="47.366129" lon="12.6301">
        <ele>1878.55116</ele>
      </trkpt>
      <trkpt lat="47.366152" lon="12.629985">
        <ele>1877.54161</ele>
      </trkpt>
      <trkpt lat="47.366201" lon="12.629831">
        <ele>1876.33797</ele>
      </trkpt>
      <trkpt lat="47.366241" lon="12.629729">
        <ele>1875.02387</ele>
      </trkpt>
      <trkpt lat="47.366283" lon="12.629634">
        <ele>1873.70431</ele>
      </trkpt>
      <trkpt lat="47.366322" lon="12.629553">
        <ele>1873.03088</ele>
      </trkpt>
      <trkpt lat="47.366355" lon="12.629459">
        <ele>1873.02349</ele>
      </trkpt>
      <trkpt lat="47.366395" lon="12.629434">
        <ele>1871.63602</ele>
      </trkpt>
      <trkpt lat="47.366445" lon="12.629402">
        <ele>1869.87698</ele>
      </trkpt>
      <trkpt lat="47.366492" lon="12.629359">
        <ele>1868.18197</ele>
      </trkpt>
      <trkpt lat="47.366541" lon="12.629282">
        <ele>1866.99554</ele>
      </trkpt>
      <trkpt lat="47.366576" lon="12.629222">
        <ele>1866.33695</ele>
      </trkpt>
      <trkpt lat="47.366616" lon="12.629183">
        <ele>1865.23974</ele>
      </trkpt>
      <trkpt lat="47.36665" lon="12.629193">
        <ele>1863.25934</ele>
      </trkpt>
      <trkpt lat="47.366666" lon="12.629232">
        <ele>1861.33973</ele>
      </trkpt>
      <trkpt lat="47.366667" lon="12.629263">
        <ele>1860.39788</ele>
      </trkpt>
      <trkpt lat="47.36666" lon="12.629315">
        <ele>1859.37901</ele>
      </trkpt>
      <trkpt lat="47.366658" lon="12.629354">
        <ele>1858.57429</ele>
      </trkpt>
      <trkpt lat="47.366653" lon="12.629417">
        <ele>1857.58189</ele>
      </trkpt>
      <trkpt lat="47.36666" lon="12.62942">
        <ele>1857.153</ele>
      </trkpt>
      <trkpt lat="47.366679" lon="12.629434">
        <ele>1855.89183</ele>
      </trkpt>
      <trkpt lat="47.366701" lon="12.629409">
        <ele>1855.22651</ele>
      </trkpt>
      <trkpt lat="47.366719" lon="12.629391">
        <ele>1854.72653</ele>
      </trkpt>
      <trkpt lat="47.366743" lon="12.629335">
        <ele>1854.99317</ele>
      </trkpt>
      <trkpt lat="47.366771" lon="12.629286">
        <ele>1855.02121</ele>
      </trkpt>
      <trkpt lat="47.366816" lon="12.62923">
        <ele>1854.47961</ele>
      </trkpt>
      <trkpt lat="47.36687" lon="12.629187">
        <ele>1853.05703</ele>
      </trkpt>
      <trkpt lat="47.366896" lon="12.629155">
        <ele>1852.55809</ele>
      </trkpt>
      <trkpt lat="47.366945" lon="12.629141">
        <ele>1850.3683</ele>
      </trkpt>
      <trkpt lat="47.366972" lon="12.629172">
        <ele>1848.31936</ele>
      </trkpt>
      <trkpt lat="47.366967" lon="12.629221">
        <ele>1847.44254</ele>
      </trkpt>
      <trkpt lat="47.366958" lon="12.629276">
        <ele>1846.57503</ele>
      </trkpt>
      <trkpt lat="47.366942" lon="12.62935">
        <ele>1845.63723</ele>
      </trkpt>
      <trkpt lat="47.36694" lon="12.629395">
        <ele>1844.79581</ele>
      </trkpt>
      <trkpt lat="47.366964" lon="12.629398">
        <ele>1843.63553</ele>
      </trkpt>
      <trkpt lat="47.367001" lon="12.629353">
        <ele>1842.81319</ele>
      </trkpt>
      <trkpt lat="47.367046" lon="12.629265">
        <ele>1842.47228</ele>
      </trkpt>
      <trkpt lat="47.367074" lon="12.62923">
        <ele>1841.78284</ele>
      </trkpt>
      <trkpt lat="47.367076" lon="12.629226">
        <ele>1841.76817</ele>
      </trkpt>
      <trkpt lat="47.367093" lon="12.629201">
        <ele>1841.4613</ele>
      </trkpt>
      <trkpt lat="47.367121" lon="12.629187">
        <ele>1840.39257</ele>
      </trkpt>
      <trkpt lat="47.367152" lon="12.629204">
        <ele>1838.45515</ele>
      </trkpt>
      <trkpt lat="47.367164" lon="12.62927">
        <ele>1836.21097</ele>
      </trkpt>
      <trkpt lat="47.367181" lon="12.629291">
        <ele>1835.01464</ele>
      </trkpt>
      <trkpt lat="47.367224" lon="12.629301">
        <ele>1833.01522</ele>
      </trkpt>
      <trkpt lat="47.36724" lon="12.629294">
        <ele>1832.44759</ele>
      </trkpt>
      <trkpt lat="47.367287" lon="12.629269">
        <ele>1830.96904</ele>
      </trkpt>
      <trkpt lat="47.367318" lon="12.629279">
        <ele>1829.63669</ele>
      </trkpt>
      <trkpt lat="47.367335" lon="12.629334">
        <ele>1828.50622</ele>
      </trkpt>
      <trkpt lat="47.367345" lon="12.629432">
        <ele>1828.04434</ele>
      </trkpt>
      <trkpt lat="47.367367" lon="12.629553">
        <ele>1828.01244</ele>
      </trkpt>
      <trkpt lat="47.367399" lon="12.629682">
        <ele>1827.65856</ele>
      </trkpt>
      <trkpt lat="47.367462" lon="12.629883">
        <ele>1826.76742</ele>
      </trkpt>
      <trkpt lat="47.367541" lon="12.630032">
        <ele>1826.97797</ele>
      </trkpt>
      <trkpt lat="47.36762" lon="12.630171">
        <ele>1827.42326</ele>
      </trkpt>
      <trkpt lat="47.367682" lon="12.630288">
        <ele>1827.35294</ele>
      </trkpt>
      <trkpt lat="47.367718" lon="12.630396">
        <ele>1827.21841</ele>
      </trkpt>
      <trkpt lat="47.367719" lon="12.630459">
        <ele>1827.38775</ele>
      </trkpt>
      <trkpt lat="47.367688" lon="12.630508">
        <ele>1827.61973</ele>
      </trkpt>
      <trkpt lat="47.36765" lon="12.630533">
        <ele>1827.47462</ele>
      </trkpt>
      <trkpt lat="47.367627" lon="12.630526">
        <ele>1827.59707</ele>
      </trkpt>
      <trkpt lat="47.367509" lon="12.630242">
        <ele>1827.36609</ele>
      </trkpt>
      <trkpt lat="47.367076" lon="12.629226">
        <ele>1841.76817</ele>
      </trkpt>
      <trkpt lat="47.364516" lon="12.623221">
        <ele>2087.33054</ele>
      </trkpt>
      <trkpt lat="47.364494" lon="12.623131">
        <ele>2087.40007</ele>
      </trkpt>
      <trkpt lat="47.364522" lon="12.623082">
        <ele>2087.40657</ele>
      </trkpt>
      <trkpt lat="47.36455" lon="12.623053">
        <ele>2087.51133</ele>
      </trkpt>
      <trkpt lat="47.364595" lon="12.623025">
        <ele>2087.86136</ele>
      </trkpt>
      <trkpt lat="47.364621" lon="12.623012">
        <ele>2088.17947</ele>
      </trkpt>
      <trkpt lat="47.364701" lon="12.623027">
        <ele>2088.8714</ele>
      </trkpt>
      <trkpt lat="47.364769" lon="12.622982">
        <ele>2089.71764</ele>
      </trkpt>
      <trkpt lat="47.364765" lon="12.62287">
        <ele>2090.19085</ele>
      </trkpt>
      <trkpt lat="47.364719" lon="12.622689">
        <ele>2090.51043</ele>
      </trkpt>
      <trkpt lat="47.364687" lon="12.6225">
        <ele>2088.7768</ele>
      </trkpt>
      <trkpt lat="47.364673" lon="12.622362">
        <ele>2086.89997</ele>
      </trkpt>
      <trkpt lat="47.364654" lon="12.622297">
        <ele>2085.92515</ele>
      </trkpt>
      <trkpt lat="47.36464" lon="12.622275">
        <ele>2085.44998</ele>
      </trkpt>
      <trkpt lat="47.364613" lon="12.622248">
        <ele>2084.75817</ele>
      </trkpt>
      <trkpt lat="47.3646" lon="12.622234">
        <ele>2084.39671</ele>
      </trkpt>
      <trkpt lat="47.364525" lon="12.622174">
        <ele>2082.69848</ele>
      </trkpt>
      <trkpt lat="47.364516" lon="12.622167">
        <ele>2082.46513</ele>
      </trkpt>
      <trkpt lat="47.364463" lon="12.622117">
        <ele>2080.63551</ele>
      </trkpt>
      <trkpt lat="47.364391" lon="12.622054">
        <ele>2077.97762</ele>
      </trkpt>
      <trkpt lat="47.364376" lon="12.622041">
        <ele>2077.52148</ele>
      </trkpt>
      <trkpt lat="47.364318" lon="12.621957">
        <ele>2076.37759</ele>
      </trkpt>
      <trkpt lat="47.36427" lon="12.621867">
        <ele>2076.49094</ele>
      </trkpt>
      <trkpt lat="47.364254" lon="12.621853">
        <ele>2076.57986</ele>
      </trkpt>
      <trkpt lat="47.364229" lon="12.621853">
        <ele>2076.35363</ele>
      </trkpt>
      <trkpt lat="47.364216" lon="12.621853">
        <ele>2076.16181</ele>
      </trkpt>
      <trkpt lat="47.364186" lon="12.621881">
        <ele>2075.53271</ele>
      </trkpt>
      <trkpt lat="47.36416" lon="12.621919">
        <ele>2075.1681</ele>
      </trkpt>
      <trkpt lat="47.364122" lon="12.621968">
        <ele>2074.71994</ele>
      </trkpt>
      <trkpt lat="47.364093" lon="12.621986">
        <ele>2074.12263</ele>
      </trkpt>
      <trkpt lat="47.36408" lon="12.621976">
        <ele>2073.61999</ele>
      </trkpt>
      <trkpt lat="47.364061" lon="12.621865">
        <ele>2072.13943</ele>
      </trkpt>
      <trkpt lat="47.364061" lon="12.621789">
        <ele>2071.98602</ele>
      </trkpt>
      <trkpt lat="47.364066" lon="12.62171">
        <ele>2071.96534</ele>
      </trkpt>
      <trkpt lat="47.364075" lon="12.621651">
        <ele>2072.07316</ele>
      </trkpt>
      <trkpt lat="47.364066" lon="12.621635">
        <ele>2071.67499</ele>
      </trkpt>
      <trkpt lat="47.364047" lon="12.621622">
        <ele>2070.95776</ele>
      </trkpt>
      <trkpt lat="47.364031" lon="12.621645">
        <ele>2070.50286</ele>
      </trkpt>
      <trkpt lat="47.364012" lon="12.621694">
        <ele>2069.92278</ele>
      </trkpt>
      <trkpt lat="47.363989" lon="12.621746">
        <ele>2069.05179</ele>
      </trkpt>
      <trkpt lat="47.363971" lon="12.621759">
        <ele>2068.37385</ele>
      </trkpt>
      <trkpt lat="47.363953" lon="12.621749">
        <ele>2067.71914</ele>
      </trkpt>
      <trkpt lat="47.363946" lon="12.621714">
        <ele>2067.52248</ele>
      </trkpt>
      <trkpt lat="47.36395" lon="12.62163">
        <ele>2067.68542</ele>
      </trkpt>
      <trkpt lat="47.363951" lon="12.621568">
        <ele>2067.51771</ele>
      </trkpt>
      <trkpt lat="47.363955" lon="12.621479">
        <ele>2067.0777</ele>
      </trkpt>
      <trkpt lat="47.363935" lon="12.621441">
        <ele>2066.17958</ele>
      </trkpt>
      <trkpt lat="47.363905" lon="12.621438">
        <ele>2065.31113</ele>
      </trkpt>
      <trkpt lat="47.363887" lon="12.621471">
        <ele>2065.01977</ele>
      </trkpt>
      <trkpt lat="47.363879" lon="12.621527">
        <ele>2065.082</ele>
      </trkpt>
      <trkpt lat="47.363865" lon="12.621541">
        <ele>2064.68667</ele>
      </trkpt>
      <trkpt lat="47.363838" lon="12.621548">
        <ele>2063.80492</ele>
      </trkpt>
      <trkpt lat="47.363827" lon="12.621513">
        <ele>2063.26706</ele>
      </trkpt>
      <trkpt lat="47.363825" lon="12.621471">
        <ele>2063.01488</ele>
      </trkpt>
      <trkpt lat="47.363832" lon="12.621335">
        <ele>2062.32215</ele>
      </trkpt>
      <trkpt lat="47.363836" lon="12.621221">
        <ele>2061.07861</ele>
      </trkpt>
      <trkpt lat="47.36382" lon="12.621161">
        <ele>2059.8674</ele>
      </trkpt>
      <trkpt lat="47.363778" lon="12.621083">
        <ele>2057.46581</ele>
      </trkpt>
      <trkpt lat="47.363783" lon="12.621059">
        <ele>2056.9295</ele>
      </trkpt>
      <trkpt lat="47.363816" lon="12.621052">
        <ele>2057.18424</ele>
      </trkpt>
      <trkpt lat="47.363891" lon="12.621005">
        <ele>2056.22729</ele>
      </trkpt>
      <trkpt lat="47.363931" lon="12.620958">
        <ele>2054.34131</ele>
      </trkpt>
      <trkpt lat="47.363976" lon="12.62088">
        <ele>2050.56294</ele>
      </trkpt>
      <trkpt lat="47.364018" lon="12.620852">
        <ele>2049.46522</ele>
      </trkpt>
      <trkpt lat="47.364063" lon="12.62082">
        <ele>2048.37756</ele>
      </trkpt>
      <trkpt lat="47.364113" lon="12.6208">
        <ele>2047.81186</ele>
      </trkpt>
      <trkpt lat="47.364133" lon="12.620768">
        <ele>2046.79894</ele>
      </trkpt>
      <trkpt lat="47.36413" lon="12.620731">
        <ele>2045.6562</ele>
      </trkpt>
      <trkpt lat="47.36411" lon="12.620693">
        <ele>2044.52861</ele>
      </trkpt>
      <trkpt lat="47.364091" lon="12.620651">
        <ele>2043.45355</ele>
      </trkpt>
      <trkpt lat="47.364064" lon="12.620605">
        <ele>2042.36392</ele>
      </trkpt>
      <trkpt lat="47.364033" lon="12.62057">
        <ele>2041.39139</ele>
      </trkpt>
      <trkpt lat="47.364006" lon="12.620547">
        <ele>2040.69325</ele>
      </trkpt>
      <trkpt lat="47.36394" lon="12.620524">
        <ele>2039.95348</ele>
      </trkpt>
      <trkpt lat="47.363918" lon="12.62052">
        <ele>2039.7782</ele>
      </trkpt>
      <trkpt lat="47.363855" lon="12.620522">
        <ele>2039.31972</ele>
      </trkpt>
      <trkpt lat="47.363797" lon="12.620523">
        <ele>2038.49359</ele>
      </trkpt>
      <trkpt lat="47.363717" lon="12.620526">
        <ele>2037.45664</ele>
      </trkpt>
      <trkpt lat="47.363715" lon="12.620526">
        <ele>2037.43008</ele>
      </trkpt>
      <trkpt lat="47.363657" lon="12.620553">
        <ele>2037.4367</ele>
      </trkpt>
      <trkpt lat="47.363584" lon="12.620582">
        <ele>2037.11038</ele>
      </trkpt>
      <trkpt lat="47.363515" lon="12.620575">
        <ele>2035.46193</ele>
      </trkpt>
      <trkpt lat="47.363437" lon="12.620597">
        <ele>2034.59185</ele>
      </trkpt>
      <trkpt lat="47.363313" lon="12.620663">
        <ele>2033.6856</ele>
      </trkpt>
      <trkpt lat="47.363265" lon="12.62068">
        <ele>2033.29627</ele>
      </trkpt>
      <trkpt lat="47.363224" lon="12.620666">
        <ele>2032.28526</ele>
      </trkpt>
      <trkpt lat="47.363215" lon="12.620624">
        <ele>2030.93099</ele>
      </trkpt>
      <trkpt lat="47.363235" lon="12.62058">
        <ele>2030.2723</ele>
      </trkpt>
      <trkpt lat="47.363347" lon="12.620451">
        <ele>2030.48977</ele>
      </trkpt>
      <trkpt lat="47.363439" lon="12.620355">
        <ele>2030.0478</ele>
      </trkpt>
      <trkpt lat="47.36346" lon="12.620321">
        <ele>2029.41319</ele>
      </trkpt>
      <trkpt lat="47.363483" lon="12.620294">
        <ele>2028.84597</ele>
      </trkpt>
      <trkpt lat="47.363448" lon="12.620261">
        <ele>2027.33726</ele>
      </trkpt>
      <trkpt lat="47.363403" lon="12.620257">
        <ele>2026.64199</ele>
      </trkpt>
      <trkpt lat="47.363056" lon="12.620424">
        <ele>2023.34015</ele>
      </trkpt>
      <trkpt lat="47.363035" lon="12.620441">
        <ele>2023.31877</ele>
      </trkpt>
      <trkpt lat="47.363004" lon="12.620455">
        <ele>2023.11038</ele>
      </trkpt>
      <trkpt lat="47.362962" lon="12.620459">
        <ele>2022.718</ele>
      </trkpt>
      <trkpt lat="47.362918" lon="12.620438">
        <ele>2021.76609</ele>
      </trkpt>
      <trkpt lat="47.362909" lon="12.620392">
        <ele>2020.08362</ele>
      </trkpt>
      <trkpt lat="47.362924" lon="12.620359">
        <ele>2019.13468</ele>
      </trkpt>
      <trkpt lat="47.362986" lon="12.620292">
        <ele>2018.23543</ele>
      </trkpt>
      <trkpt lat="47.363044" lon="12.620235">
        <ele>2018.2165</ele>
      </trkpt>
      <trkpt lat="47.363129" lon="12.620175">
        <ele>2019.18228</ele>
      </trkpt>
      <trkpt lat="47.363131" lon="12.620135">
        <ele>2018.24134</ele>
      </trkpt>
      <trkpt lat="47.363121" lon="12.620107">
        <ele>2017.41067</ele>
      </trkpt>
      <trkpt lat="47.363085" lon="12.620093">
        <ele>2016.71383</ele>
      </trkpt>
      <trkpt lat="47.362994" lon="12.620109">
        <ele>2015.1247</ele>
      </trkpt>
      <trkpt lat="47.362937" lon="12.620138">
        <ele>2014.41371</ele>
      </trkpt>
      <trkpt lat="47.362896" lon="12.620149">
        <ele>2014.05677</ele>
      </trkpt>
      <trkpt lat="47.362857" lon="12.620118">
        <ele>2013.21082</ele>
      </trkpt>
      <trkpt lat="47.362852" lon="12.620066">
        <ele>2012.28814</ele>
      </trkpt>
      <trkpt lat="47.362867" lon="12.619961">
        <ele>2010.53482</ele>
      </trkpt>
      <trkpt lat="47.362858" lon="12.619913">
        <ele>2009.06883</ele>
      </trkpt>
      <trkpt lat="47.362807" lon="12.619891">
        <ele>2007.21094</ele>
      </trkpt>
      <trkpt lat="47.36273" lon="12.619891">
        <ele>2006.44019</ele>
      </trkpt>
      <trkpt lat="47.362645" lon="12.619894">
        <ele>2006.75441</ele>
      </trkpt>
      <trkpt lat="47.362605" lon="12.619897">
        <ele>2006.94398</ele>
      </trkpt>
      <trkpt lat="47.362533" lon="12.619896">
        <ele>2006.47489</ele>
      </trkpt>
      <trkpt lat="47.362502" lon="12.619893">
        <ele>2006.02087</ele>
      </trkpt>
      <trkpt lat="47.362463" lon="12.619888">
        <ele>2005.26031</ele>
      </trkpt>
      <trkpt lat="47.36241" lon="12.61989">
        <ele>2004.76571</ele>
      </trkpt>
      <trkpt lat="47.362336" lon="12.619892">
        <ele>2004.42361</ele>
      </trkpt>
      <trkpt lat="47.362277" lon="12.619871">
        <ele>2003.25893</ele>
      </trkpt>
      <trkpt lat="47.362255" lon="12.619841">
        <ele>2002.18361</ele>
      </trkpt>
      <trkpt lat="47.362244" lon="12.619771">
        <ele>1999.80091</ele>
      </trkpt>
      <trkpt lat="47.362229" lon="12.619726">
        <ele>1998.02079</ele>
      </trkpt>
      <trkpt lat="47.362206" lon="12.61971">
        <ele>1997.22509</ele>
      </trkpt>
      <trkpt lat="47.362188" lon="12.619701">
        <ele>1996.72657</ele>
      </trkpt>
      <trkpt lat="47.362155" lon="12.61971">
        <ele>1996.59635</ele>
      </trkpt>
      <trkpt lat="47.362104" lon="12.619734">
        <ele>1996.36327</ele>
      </trkpt>
      <trkpt lat="47.362065" lon="12.619763">
        <ele>1996.19193</ele>
      </trkpt>
      <trkpt lat="47.362041" lon="12.619783">
        <ele>1995.98053</ele>
      </trkpt>
      <trkpt lat="47.362026" lon="12.619807">
        <ele>1996.02106</ele>
      </trkpt>
      <trkpt lat="47.362027" lon="12.619807">
        <ele>1996.05118</ele>
      </trkpt>
      <trkpt lat="47.361991" lon="12.619874">
        <ele>1996.12659</ele>
      </trkpt>
      <trkpt lat="47.361952" lon="12.619891">
        <ele>1995.39277</ele>
      </trkpt>
      <trkpt lat="47.361933" lon="12.619868">
        <ele>1994.51387</ele>
      </trkpt>
      <trkpt lat="47.361924" lon="12.619821">
        <ele>1993.50257</ele>
      </trkpt>
      <trkpt lat="47.361931" lon="12.619773">
        <ele>1993.01735</ele>
      </trkpt>
      <trkpt lat="47.361976" lon="12.61967">
        <ele>1992.54319</ele>
      </trkpt>
      <trkpt lat="47.361981" lon="12.619603">
        <ele>1991.59331</ele>
      </trkpt>
      <trkpt lat="47.361969" lon="12.619582">
        <ele>1991.10059</ele>
      </trkpt>
      <trkpt lat="47.361949" lon="12.619567">
        <ele>1990.58727</ele>
      </trkpt>
      <trkpt lat="47.361917" lon="12.619549">
        <ele>1989.78797</ele>
      </trkpt>
      <trkpt lat="47.361878" lon="12.619537">
        <ele>1988.86492</ele>
      </trkpt>
      <trkpt lat="47.36187" lon="12.619535">
        <ele>1988.66223</ele>
      </trkpt>
      <trkpt lat="47.361842" lon="12.619526">
        <ele>1987.86183</ele>
      </trkpt>
      <trkpt lat="47.361778" lon="12.619506">
        <ele>1986.11368</ele>
      </trkpt>
      <trkpt lat="47.361759" lon="12.619503">
        <ele>1985.73208</ele>
      </trkpt>
      <trkpt lat="47.361735" lon="12.619501">
        <ele>1985.30674</ele>
      </trkpt>
      <trkpt lat="47.361676" lon="12.619494">
        <ele>1984.11714</ele>
      </trkpt>
      <trkpt lat="47.361613" lon="12.619496">
        <ele>1983.00477</ele>
      </trkpt>
      <trkpt lat="47.361511" lon="12.619512">
        <ele>1981.54629</ele>
      </trkpt>
      <trkpt lat="47.361506" lon="12.619513">
        <ele>1981.49659</ele>
      </trkpt>
      <trkpt lat="47.361483" lon="12.619507">
        <ele>1981.013</ele>
      </trkpt>
      <trkpt lat="47.361467" lon="12.619497">
        <ele>1980.52562</ele>
      </trkpt>
      <trkpt lat="47.361428" lon="12.61946">
        <ele>1979.05351</ele>
      </trkpt>
      <trkpt lat="47.361413" lon="12.619446">
        <ele>1978.56211</ele>
      </trkpt>
      <trkpt lat="47.361368" lon="12.619404">
        <ele>1977.35236</ele>
      </trkpt>
      <trkpt lat="47.361342" lon="12.619345">
        <ele>1976.28549</ele>
      </trkpt>
      <trkpt lat="47.361309" lon="12.619297">
        <ele>1975.38293</ele>
      </trkpt>
      <trkpt lat="47.361261" lon="12.619226">
        <ele>1974.55746</ele>
      </trkpt>
      <trkpt lat="47.361225" lon="12.619214">
        <ele>1974.29461</ele>
      </trkpt>
      <trkpt lat="47.36117" lon="12.6192">
        <ele>1973.95114</ele>
      </trkpt>
      <trkpt lat="47.361157" lon="12.619188">
        <ele>1973.84809</ele>
      </trkpt>
      <trkpt lat="47.361118" lon="12.619152">
        <ele>1973.26791</ele>
      </trkpt>
      <trkpt lat="47.361089" lon="12.619123">
        <ele>1972.67523</ele>
      </trkpt>
      <trkpt lat="47.361063" lon="12.619097">
        <ele>1972.20435</ele>
      </trkpt>
      <trkpt lat="47.361015" lon="12.619042">
        <ele>1971.43018</ele>
      </trkpt>
      <trkpt lat="47.36099" lon="12.619016">
        <ele>1971.09908</ele>
      </trkpt>
      <trkpt lat="47.360976" lon="12.619002">
        <ele>1970.88116</ele>
      </trkpt>
      <trkpt lat="47.360938" lon="12.618941">
        <ele>1969.80627</ele>
      </trkpt>
      <trkpt lat="47.360919" lon="12.618887">
        <ele>1969.06431</ele>
      </trkpt>
      <trkpt lat="47.360913" lon="12.618878">
        <ele>1968.97627</ele>
      </trkpt>
      <trkpt lat="47.360894" lon="12.618848">
        <ele>1968.73455</ele>
      </trkpt>
      <trkpt lat="47.360861" lon="12.618818">
        <ele>1968.58106</ele>
      </trkpt>
      <trkpt lat="47.360821" lon="12.618768">
        <ele>1968.31362</ele>
      </trkpt>
      <trkpt lat="47.360817" lon="12.618761">
        <ele>1968.2824</ele>
      </trkpt>
      <trkpt lat="47.360801" lon="12.618738">
        <ele>1968.25224</ele>
      </trkpt>
      <trkpt lat="47.360757" lon="12.618652">
        <ele>1967.98202</ele>
      </trkpt>
      <trkpt lat="47.360744" lon="12.618627">
        <ele>1967.87845</ele>
      </trkpt>
      <trkpt lat="47.360696" lon="12.618544">
        <ele>1967.59217</ele>
      </trkpt>
      <trkpt lat="47.360693" lon="12.618539">
        <ele>1967.55677</ele>
      </trkpt>
      <trkpt lat="47.36064" lon="12.618449">
        <ele>1966.62152</ele>
      </trkpt>
      <trkpt lat="47.360623" lon="12.618419">
        <ele>1966.2371</ele>
      </trkpt>
      <trkpt lat="47.360612" lon="12.6184">
        <ele>1965.92566</ele>
      </trkpt>
      <trkpt lat="47.360573" lon="12.61836">
        <ele>1964.85591</ele>
      </trkpt>
      <trkpt lat="47.360559" lon="12.618354">
        <ele>1964.5878</ele>
      </trkpt>
      <trkpt lat="47.360537" lon="12.618345">
        <ele>1964.2074</ele>
      </trkpt>
      <trkpt lat="47.360529" lon="12.618343">
        <ele>1964.12192</ele>
      </trkpt>
      <trkpt lat="47.360514" lon="12.618336">
        <ele>1963.907</ele>
      </trkpt>
      <trkpt lat="47.36048" lon="12.618306">
        <ele>1963.07514</ele>
      </trkpt>
      <trkpt lat="47.360475" lon="12.618304">
        <ele>1963.02187</ele>
      </trkpt>
      <trkpt lat="47.360445" lon="12.618293">
        <ele>1962.723</ele>
      </trkpt>
      <trkpt lat="47.360397" lon="12.618283">
        <ele>1962.55467</ele>
      </trkpt>
      <trkpt lat="47.360342" lon="12.618275">
        <ele>1962.5091</ele>
      </trkpt>
      <trkpt lat="47.360293" lon="12.618276">
        <ele>1962.64474</ele>
      </trkpt>
      <trkpt lat="47.360263" lon="12.618279">
        <ele>1962.81903</ele>
      </trkpt>
      <trkpt lat="47.360262" lon="12.618279">
        <ele>1962.82351</ele>
      </trkpt>
      <trkpt lat="47.360239" lon="12.618277">
        <ele>1962.90415</ele>
      </trkpt>
      <trkpt lat="47.360225" lon="12.618273">
        <ele>1962.92806</ele>
      </trkpt>
      <trkpt lat="47.360195" lon="12.618243">
        <ele>1962.81482</ele>
      </trkpt>
      <trkpt lat="47.360177" lon="12.618214">
        <ele>1962.74851</ele>
      </trkpt>
      <trkpt lat="47.36016" lon="12.618186">
        <ele>1962.70593</ele>
      </trkpt>
      <trkpt lat="47.360124" lon="12.618144">
        <ele>1962.63446</ele>
      </trkpt>
      <trkpt lat="47.360106" lon="12.618132">
        <ele>1962.61915</ele>
      </trkpt>
      <trkpt lat="47.36006" lon="12.618096">
        <ele>1962.35462</ele>
      </trkpt>
      <trkpt lat="47.360039" lon="12.618079">
        <ele>1962.13399</ele>
      </trkpt>
      <trkpt lat="47.360015" lon="12.618062">
        <ele>1961.88054</ele>
      </trkpt>
      <trkpt lat="47.359992" lon="12.618044">
        <ele>1961.60305</ele>
      </trkpt>
      <trkpt lat="47.359934" lon="12.617997">
        <ele>1961.05751</ele>
      </trkpt>
      <trkpt lat="47.359865" lon="12.617935">
        <ele>1960.8055</ele>
      </trkpt>
      <trkpt lat="47.359796" lon="12.617861">
        <ele>1960.5623</ele>
      </trkpt>
      <trkpt lat="47.359773" lon="12.617825">
        <ele>1960.22526</ele>
      </trkpt>
      <trkpt lat="47.359768" lon="12.617819">
        <ele>1960.1699</ele>
      </trkpt>
      <trkpt lat="47.359721" lon="12.617741">
        <ele>1959.62723</ele>
      </trkpt>
      <trkpt lat="47.359683" lon="12.617691">
        <ele>1959.32348</ele>
      </trkpt>
      <trkpt lat="47.359672" lon="12.617676">
        <ele>1959.2738</ele>
      </trkpt>
      <trkpt lat="47.35962" lon="12.617608">
        <ele>1959.21956</ele>
      </trkpt>
      <trkpt lat="47.359595" lon="12.617581">
        <ele>1959.1137</ele>
      </trkpt>
      <trkpt lat="47.359552" lon="12.617548">
        <ele>1959.04221</ele>
      </trkpt>
      <trkpt lat="47.35951" lon="12.617518">
        <ele>1959.05973</ele>
      </trkpt>
      <trkpt lat="47.35948" lon="12.6175">
        <ele>1959.17963</ele>
      </trkpt>
      <trkpt lat="47.359419" lon="12.617475">
        <ele>1959.39013</ele>
      </trkpt>
      <trkpt lat="47.359357" lon="12.617445">
        <ele>1959.31294</ele>
      </trkpt>
      <trkpt lat="47.359336" lon="12.617434">
        <ele>1959.35282</ele>
      </trkpt>
      <trkpt lat="47.35928" lon="12.617393">
        <ele>1959.32595</ele>
      </trkpt>
      <trkpt lat="47.35923" lon="12.61734">
        <ele>1959.05254</ele>
      </trkpt>
      <trkpt lat="47.359183" lon="12.617257">
        <ele>1957.09475</ele>
      </trkpt>
      <trkpt lat="47.359163" lon="12.617222">
        <ele>1956.10852</ele>
      </trkpt>
      <trkpt lat="47.359115" lon="12.617165">
        <ele>1955.03013</ele>
      </trkpt>
      <trkpt lat="47.359072" lon="12.617112">
        <ele>1953.47697</ele>
      </trkpt>
      <trkpt lat="47.35902" lon="12.61708">
        <ele>1952.48372</ele>
      </trkpt>
      <trkpt lat="47.359008" lon="12.617072">
        <ele>1952.25989</ele>
      </trkpt>
      <trkpt lat="47.358998" lon="12.617067">
        <ele>1952.14763</ele>
      </trkpt>
      <trkpt lat="47.358952" lon="12.617037">
        <ele>1951.52076</ele>
      </trkpt>
      <trkpt lat="47.358914" lon="12.617013">
        <ele>1951.16235</ele>
      </trkpt>
      <trkpt lat="47.358874" lon="12.616979">
        <ele>1950.64913</ele>
      </trkpt>
      <trkpt lat="47.358872" lon="12.616977">
        <ele>1950.61198</ele>
      </trkpt>
      <trkpt lat="47.358824" lon="12.616926">
        <ele>1949.35748</ele>
      </trkpt>
      <trkpt lat="47.358807" lon="12.616915">
        <ele>1949.02657</ele>
      </trkpt>
      <trkpt lat="47.358754" lon="12.61689">
        <ele>1948.22445</ele>
      </trkpt>
      <trkpt lat="47.358623" lon="12.616849">
        <ele>1947.12599</ele>
      </trkpt>
      <trkpt lat="47.358621" lon="12.616848">
        <ele>1947.09194</ele>
      </trkpt>
      <trkpt lat="47.358472" lon="12.61677">
        <ele>1944.29224</ele>
      </trkpt>
      <trkpt lat="47.358316" lon="12.616688">
        <ele>1942.1222</ele>
      </trkpt>
      <trkpt lat="47.358283" lon="12.616671">
        <ele>1942.12806</ele>
      </trkpt>
      <trkpt lat="47.358249" lon="12.616647">
        <ele>1942.16807</ele>
      </trkpt>
      <trkpt lat="47.358151" lon="12.616535">
        <ele>1941.64587</ele>
      </trkpt>
      <trkpt lat="47.358132" lon="12.616513">
        <ele>1941.7004</ele>
      </trkpt>
      <trkpt lat="47.35802" lon="12.616416">
        <ele>1942.81735</ele>
      </trkpt>
      <trkpt lat="47.357979" lon="12.616396">
        <ele>1943.23474</ele>
      </trkpt>
      <trkpt lat="47.357972" lon="12.616393">
        <ele>1943.31124</ele>
      </trkpt>
      <trkpt lat="47.357969" lon="12.616392">
        <ele>1943.34494</ele>
      </trkpt>
      <trkpt lat="47.357928" lon="12.616358">
        <ele>1943.64509</ele>
      </trkpt>
      <trkpt lat="47.357887" lon="12.61631">
        <ele>1943.64184</ele>
      </trkpt>
      <trkpt lat="47.357855" lon="12.616287">
        <ele>1943.6747</ele>
      </trkpt>
      <trkpt lat="47.357843" lon="12.616276">
        <ele>1943.62854</ele>
      </trkpt>
      <trkpt lat="47.357829" lon="12.616264">
        <ele>1943.56939</ele>
      </trkpt>
      <trkpt lat="47.357762" lon="12.6162">
        <ele>1943.05886</ele>
      </trkpt>
      <trkpt lat="47.357719" lon="12.616155">
        <ele>1942.73023</ele>
      </trkpt>
      <trkpt lat="47.357702" lon="12.616136">
        <ele>1942.55299</ele>
      </trkpt>
      <trkpt lat="47.357673" lon="12.616113">
        <ele>1942.36624</ele>
      </trkpt>
      <trkpt lat="47.357623" lon="12.616089">
        <ele>1942.28015</ele>
      </trkpt>
      <trkpt lat="47.357597" lon="12.616078">
        <ele>1942.26232</ele>
      </trkpt>
      <trkpt lat="47.357585" lon="12.616076">
        <ele>1942.30841</ele>
      </trkpt>
      <trkpt lat="47.357547" lon="12.616071">
        <ele>1942.47345</ele>
      </trkpt>
      <trkpt lat="47.357495" lon="12.616064">
        <ele>1942.6454</ele>
      </trkpt>
      <trkpt lat="47.357455" lon="12.616055">
        <ele>1942.76541</ele>
      </trkpt>
      <trkpt lat="47.357451" lon="12.616053">
        <ele>1942.76379</ele>
      </trkpt>
      <trkpt lat="47.357396" lon="12.61601">
        <ele>1942.4398</ele>
      </trkpt>
      <trkpt lat="47.357375" lon="12.615989">
        <ele>1942.2201</ele>
      </trkpt>
      <trkpt lat="47.357356" lon="12.615962">
        <ele>1941.84019</ele>
      </trkpt>
      <trkpt lat="47.357347" lon="12.615951">
        <ele>1941.66267</ele>
      </trkpt>
      <trkpt lat="47.357314" lon="12.615907">
        <ele>1940.7673</ele>
      </trkpt>
      <trkpt lat="47.357272" lon="12.615831">
        <ele>1939.16881</ele>
      </trkpt>
      <trkpt lat="47.357227" lon="12.615753">
        <ele>1937.74052</ele>
      </trkpt>
      <trkpt lat="47.357224" lon="12.615747">
        <ele>1937.62903</ele>
      </trkpt>
      <trkpt lat="47.357195" lon="12.615702">
        <ele>1936.8664</ele>
      </trkpt>
      <trkpt lat="47.357173" lon="12.615681">
        <ele>1936.60017</ele>
      </trkpt>
      <trkpt lat="47.357171" lon="12.615679">
        <ele>1936.57369</ele>
      </trkpt>
      <trkpt lat="47.357159" lon="12.615664">
        <ele>1936.34837</ele>
      </trkpt>
      <trkpt lat="47.357136" lon="12.615617">
        <ele>1935.52616</ele>
      </trkpt>
      <trkpt lat="47.357112" lon="12.615582">
        <ele>1935.00024</ele>
      </trkpt>
      <trkpt lat="47.3571" lon="12.615564">
        <ele>1934.71918</ele>
      </trkpt>
      <trkpt lat="47.357054" lon="12.615485">
        <ele>1933.08228</ele>
      </trkpt>
      <trkpt lat="47.357022" lon="12.615445">
        <ele>1932.05928</ele>
      </trkpt>
      <trkpt lat="47.357" lon="12.615428">
        <ele>1931.60884</ele>
      </trkpt>
      <trkpt lat="47.356957" lon="12.615413">
        <ele>1931.18907</ele>
      </trkpt>
      <trkpt lat="47.356916" lon="12.615392">
        <ele>1930.55309</ele>
      </trkpt>
      <trkpt lat="47.356864" lon="12.615372">
        <ele>1930.03303</ele>
      </trkpt>
      <trkpt lat="47.356817" lon="12.615332">
        <ele>1928.75368</ele>
      </trkpt>
      <trkpt lat="47.356751" lon="12.615298">
        <ele>1927.49731</ele>
      </trkpt>
      <trkpt lat="47.356696" lon="12.615271">
        <ele>1926.17548</ele>
      </trkpt>
      <trkpt lat="47.356652" lon="12.61525">
        <ele>1925.01936</ele>
      </trkpt>
      <trkpt lat="47.356643" lon="12.61525">
        <ele>1924.91603</ele>
      </trkpt>
      <trkpt lat="47.356582" lon="12.615256">
        <ele>1924.21272</ele>
      </trkpt>
      <trkpt lat="47.356514" lon="12.615243">
        <ele>1922.99614</ele>
      </trkpt>
      <trkpt lat="47.356471" lon="12.615229">
        <ele>1922.05955</ele>
      </trkpt>
      <trkpt lat="47.356418" lon="12.615218">
        <ele>1920.88706</ele>
      </trkpt>
      <trkpt lat="47.356369" lon="12.615208">
        <ele>1919.81816</ele>
      </trkpt>
      <trkpt lat="47.356266" lon="12.615187">
        <ele>1917.98236</ele>
      </trkpt>
      <trkpt lat="47.356236" lon="12.615164">
        <ele>1917.15578</ele>
      </trkpt>
      <trkpt lat="47.356192" lon="12.615128">
        <ele>1915.90419</ele>
      </trkpt>
      <trkpt lat="47.356157" lon="12.615114">
        <ele>1915.34187</ele>
      </trkpt>
      <trkpt lat="47.356151" lon="12.615112">
        <ele>1915.25986</ele>
      </trkpt>
      <trkpt lat="47.356093" lon="12.615081">
        <ele>1914.07544</ele>
      </trkpt>
      <trkpt lat="47.356027" lon="12.615028">
        <ele>1912.14738</ele>
      </trkpt>
      <trkpt lat="47.355922" lon="12.614979">
        <ele>1910.26431</ele>
      </trkpt>
      <trkpt lat="47.355915" lon="12.614975">
        <ele>1910.12571</ele>
      </trkpt>
      <trkpt lat="47.355865" lon="12.614949">
        <ele>1909.26651</ele>
      </trkpt>
      <trkpt lat="47.355863" lon="12.614947">
        <ele>1909.21955</ele>
      </trkpt>
      <trkpt lat="47.355855" lon="12.614943">
        <ele>1909.11964</ele>
      </trkpt>
      <trkpt lat="47.355802" lon="12.6149">
        <ele>1908.19127</ele>
      </trkpt>
      <trkpt lat="47.355754" lon="12.614888">
        <ele>1907.86193</ele>
      </trkpt>
      <trkpt lat="47.355708" lon="12.614863">
        <ele>1907.92406</ele>
      </trkpt>
      <trkpt lat="47.355659" lon="12.614814">
        <ele>1907.60314</ele>
      </trkpt>
      <trkpt lat="47.355572" lon="12.614768">
        <ele>1907.69274</ele>
      </trkpt>
      <trkpt lat="47.355537" lon="12.614749">
        <ele>1907.69342</ele>
      </trkpt>
      <trkpt lat="47.355508" lon="12.614728">
        <ele>1907.63294</ele>
      </trkpt>
      <trkpt lat="47.355473" lon="12.614703">
        <ele>1907.58868</ele>
      </trkpt>
      <trkpt lat="47.355427" lon="12.61467">
        <ele>1907.15946</ele>
      </trkpt>
      <trkpt lat="47.355397" lon="12.614652">
        <ele>1906.70212</ele>
      </trkpt>
      <trkpt lat="47.355362" lon="12.614641">
        <ele>1906.38611</ele>
      </trkpt>
      <trkpt lat="47.355352" lon="12.614638">
        <ele>1906.28644</ele>
      </trkpt>
      <trkpt lat="47.355307" lon="12.614613">
        <ele>1905.44459</ele>
      </trkpt>
      <trkpt lat="47.355245" lon="12.614559">
        <ele>1904.08872</ele>
      </trkpt>
      <trkpt lat="47.355235" lon="12.61455">
        <ele>1903.88678</ele>
      </trkpt>
      <trkpt lat="47.3552" lon="12.614526">
        <ele>1903.18724</ele>
      </trkpt>
      <trkpt lat="47.355181" lon="12.61453">
        <ele>1903.02925</ele>
      </trkpt>
      <trkpt lat="47.355149" lon="12.614543">
        <ele>1902.73266</ele>
      </trkpt>
      <trkpt lat="47.355126" lon="12.614547">
        <ele>1902.49096</ele>
      </trkpt>
      <trkpt lat="47.355113" lon="12.614549">
        <ele>1902.48257</ele>
      </trkpt>
      <trkpt lat="47.35508" lon="12.614534">
        <ele>1902.35958</ele>
      </trkpt>
      <trkpt lat="47.355057" lon="12.614507">
        <ele>1902.01194</ele>
      </trkpt>
      <trkpt lat="47.355043" lon="12.61449">
        <ele>1901.7707</ele>
      </trkpt>
      <trkpt lat="47.355012" lon="12.614454">
        <ele>1900.97226</ele>
      </trkpt>
      <trkpt lat="47.354977" lon="12.614419">
        <ele>1899.84423</ele>
      </trkpt>
      <trkpt lat="47.354924" lon="12.614401">
        <ele>1899.21791</ele>
      </trkpt>
      <trkpt lat="47.354919" lon="12.614395">
        <ele>1899.04185</ele>
      </trkpt>
      <trkpt lat="47.354881" lon="12.614355">
        <ele>1897.94409</ele>
      </trkpt>
      <trkpt lat="47.354869" lon="12.614347">
        <ele>1897.76247</ele>
      </trkpt>
      <trkpt lat="47.354836" lon="12.614325">
        <ele>1897.37244</ele>
      </trkpt>
      <trkpt lat="47.354811" lon="12.614305">
        <ele>1897.08116</ele>
      </trkpt>
      <trkpt lat="47.354802" lon="12.614297">
        <ele>1896.96082</ele>
      </trkpt>
      <trkpt lat="47.354753" lon="12.614242">
        <ele>1895.89889</ele>
      </trkpt>
      <trkpt lat="47.354747" lon="12.614235">
        <ele>1895.74273</ele>
      </trkpt>
      <trkpt lat="47.354708" lon="12.614189">
        <ele>1894.63501</ele>
      </trkpt>
      <trkpt lat="47.354703" lon="12.614183">
        <ele>1894.49095</ele>
      </trkpt>
      <trkpt lat="47.354645" lon="12.614107">
        <ele>1892.94308</ele>
      </trkpt>
      <trkpt lat="47.354628" lon="12.614083">
        <ele>1892.58147</ele>
      </trkpt>
      <trkpt lat="47.354593" lon="12.614033">
        <ele>1892.06478</ele>
      </trkpt>
      <trkpt lat="47.354573" lon="12.613985">
        <ele>1891.59888</ele>
      </trkpt>
      <trkpt lat="47.354542" lon="12.613886">
        <ele>1890.49149</ele>
      </trkpt>
      <trkpt lat="47.354536" lon="12.613872">
        <ele>1890.37692</ele>
      </trkpt>
      <trkpt lat="47.354505" lon="12.613803">
        <ele>1889.76788</ele>
      </trkpt>
      <trkpt lat="47.354504" lon="12.6138">
        <ele>1889.72834</ele>
      </trkpt>
      <trkpt lat="47.354485" lon="12.613769">
        <ele>1889.39587</ele>
      </trkpt>
      <trkpt lat="47.354459" lon="12.61374">
        <ele>1888.89146</ele>
      </trkpt>
      <trkpt lat="47.354403" lon="12.61373">
        <ele>1888.56008</ele>
      </trkpt>
      <trkpt lat="47.354337" lon="12.613719">
        <ele>1887.81279</ele>
      </trkpt>
      <trkpt lat="47.354303" lon="12.613699">
        <ele>1886.79289</ele>
      </trkpt>
      <trkpt lat="47.354276" lon="12.613691">
        <ele>1886.29117</ele>
      </trkpt>
      <trkpt lat="47.354275" lon="12.613692">
        <ele>1886.32584</ele>
      </trkpt>
      <trkpt lat="47.354237" lon="12.613693">
        <ele>1886.14677</ele>
      </trkpt>
      <trkpt lat="47.354193" lon="12.61369">
        <ele>1885.89745</ele>
      </trkpt>
      <trkpt lat="47.354161" lon="12.613686">
        <ele>1885.7596</ele>
      </trkpt>
      <trkpt lat="47.354119" lon="12.613664">
        <ele>1884.93914</ele>
      </trkpt>
      <trkpt lat="47.354108" lon="12.61366">
        <ele>1884.81701</ele>
      </trkpt>
      <trkpt lat="47.35409" lon="12.613655">
        <ele>1884.74504</ele>
      </trkpt>
      <trkpt lat="47.354069" lon="12.613645">
        <ele>1884.54572</ele>
      </trkpt>
      <trkpt lat="47.354063" lon="12.613643">
        <ele>1884.52478</ele>
      </trkpt>
      <trkpt lat="47.354039" lon="12.613628">
        <ele>1884.12941</ele>
      </trkpt>
      <trkpt lat="47.354028" lon="12.613623">
        <ele>1883.97167</ele>
      </trkpt>
      <trkpt lat="47.354006" lon="12.613608">
        <ele>1883.37958</ele>
      </trkpt>
      <trkpt lat="47.353928" lon="12.613612">
        <ele>1882.60755</ele>
      </trkpt>
      <trkpt lat="47.353809" lon="12.613651">
        <ele>1880.80217</ele>
      </trkpt>
      <trkpt lat="47.353769" lon="12.61362">
        <ele>1879.91631</ele>
      </trkpt>
      <trkpt lat="47.353765" lon="12.613617">
        <ele>1879.8295</ele>
      </trkpt>
      <trkpt lat="47.353713" lon="12.613559">
        <ele>1877.78849</ele>
      </trkpt>
      <trkpt lat="47.353712" lon="12.613558">
        <ele>1877.74213</ele>
      </trkpt>
      <trkpt lat="47.35366" lon="12.613557">
        <ele>1877.21798</ele>
      </trkpt>
      <trkpt lat="47.353636" lon="12.613555">
        <ele>1877.07714</ele>
      </trkpt>
      <trkpt lat="47.353617" lon="12.613553">
        <ele>1877.00742</ele>
      </trkpt>
      <trkpt lat="47.353577" lon="12.613534">
        <ele>1876.42144</ele>
      </trkpt>
      <trkpt lat="47.35357" lon="12.613531">
        <ele>1876.33381</ele>
      </trkpt>
      <trkpt lat="47.353549" lon="12.613525">
        <ele>1876.21351</ele>
      </trkpt>
      <trkpt lat="47.353533" lon="12.613522">
        <ele>1876.18645</ele>
      </trkpt>
      <trkpt lat="47.353481" lon="12.613514">
        <ele>1875.92865</ele>
      </trkpt>
      <trkpt lat="47.353395" lon="12.613504">
        <ele>1874.64991</ele>
      </trkpt>
      <trkpt lat="47.353385" lon="12.6135">
        <ele>1874.41802</ele>
      </trkpt>
      <trkpt lat="47.353383" lon="12.6135">
        <ele>1874.381</ele>
      </trkpt>
      <trkpt lat="47.353314" lon="12.613469">
        <ele>1872.30694</ele>
      </trkpt>
      <trkpt lat="47.353282" lon="12.613455">
        <ele>1871.5332</ele>
      </trkpt>
      <trkpt lat="47.353113" lon="12.613338">
        <ele>1866.95978</ele>
      </trkpt>
      <trkpt lat="47.353034" lon="12.613283">
        <ele>1866.30643</ele>
      </trkpt>
      <trkpt lat="47.352997" lon="12.613187">
        <ele>1864.8739</ele>
      </trkpt>
      <trkpt lat="47.352978" lon="12.613102">
        <ele>1863.39549</ele>
      </trkpt>
      <trkpt lat="47.352964" lon="12.613039">
        <ele>1862.42808</ele>
      </trkpt>
      <trkpt lat="47.352951" lon="12.612998">
        <ele>1862.06854</ele>
      </trkpt>
      <trkpt lat="47.352929" lon="12.612969">
        <ele>1861.9224</ele>
      </trkpt>
      <trkpt lat="47.352891" lon="12.612949">
        <ele>1861.7979</ele>
      </trkpt>
      <trkpt lat="47.352852" lon="12.61293">
        <ele>1861.60894</ele>
      </trkpt>
      <trkpt lat="47.352823" lon="12.612906">
        <ele>1861.40831</ele>
      </trkpt>
      <trkpt lat="47.352788" lon="12.61289">
        <ele>1861.32662</ele>
      </trkpt>
      <trkpt lat="47.352746" lon="12.61287">
        <ele>1861.3938</ele>
      </trkpt>
      <trkpt lat="47.352717" lon="12.612861">
        <ele>1861.45423</ele>
      </trkpt>
      <trkpt lat="47.352678" lon="12.612839">
        <ele>1861.68616</ele>
      </trkpt>
      <trkpt lat="47.352673" lon="12.612836">
        <ele>1861.72105</ele>
      </trkpt>
      <trkpt lat="47.352613" lon="12.61281">
        <ele>1861.97286</ele>
      </trkpt>
      <trkpt lat="47.35259" lon="12.6128">
        <ele>1861.95695</ele>
      </trkpt>
      <trkpt lat="47.352522" lon="12.612802">
        <ele>1861.74391</ele>
      </trkpt>
      <trkpt lat="47.352423" lon="12.61276">
        <ele>1859.85736</ele>
      </trkpt>
      <trkpt lat="47.352368" lon="12.612727">
        <ele>1858.84725</ele>
      </trkpt>
      <trkpt lat="47.352367" lon="12.612726">
        <ele>1858.83187</ele>
      </trkpt>
      <trkpt lat="47.352358" lon="12.612712">
        <ele>1858.69856</ele>
      </trkpt>
      <trkpt lat="47.352336" lon="12.612678">
        <ele>1858.35811</ele>
      </trkpt>
      <trkpt lat="47.352309" lon="12.612651">
        <ele>1857.8351</ele>
      </trkpt>
      <trkpt lat="47.352272" lon="12.612633">
        <ele>1857.20166</ele>
      </trkpt>
      <trkpt lat="47.352232" lon="12.612616">
        <ele>1856.72024</ele>
      </trkpt>
      <trkpt lat="47.352199" lon="12.61259">
        <ele>1856.43332</ele>
      </trkpt>
      <trkpt lat="47.352186" lon="12.612575">
        <ele>1856.22819</ele>
      </trkpt>
      <trkpt lat="47.352123" lon="12.612509">
        <ele>1854.99743</ele>
      </trkpt>
      <trkpt lat="47.352109" lon="12.612496">
        <ele>1854.79045</ele>
      </trkpt>
      <trkpt lat="47.352051" lon="12.612435">
        <ele>1853.56697</ele>
      </trkpt>
      <trkpt lat="47.352036" lon="12.61242">
        <ele>1853.27354</ele>
      </trkpt>
      <trkpt lat="47.351981" lon="12.612367">
        <ele>1852.77248</ele>
      </trkpt>
      <trkpt lat="47.35197" lon="12.612356">
        <ele>1852.67305</ele>
      </trkpt>
      <trkpt lat="47.351956" lon="12.612343">
        <ele>1852.55942</ele>
      </trkpt>
      <trkpt lat="47.351915" lon="12.61232">
        <ele>1852.82312</ele>
      </trkpt>
      <trkpt lat="47.351891" lon="12.612288">
        <ele>1852.48213</ele>
      </trkpt>
      <trkpt lat="47.351859" lon="12.612247">
        <ele>1851.56816</ele>
      </trkpt>
      <trkpt lat="47.351794" lon="12.612222">
        <ele>1851.02303</ele>
      </trkpt>
      <trkpt lat="47.35179" lon="12.612221">
        <ele>1851.03153</ele>
      </trkpt>
      <trkpt lat="47.351756" lon="12.612223">
        <ele>1851.85377</ele>
      </trkpt>
      <trkpt lat="47.351745" lon="12.61222">
        <ele>1852.06492</ele>
      </trkpt>
      <trkpt lat="47.351653" lon="12.612111">
        <ele>1851.00555</ele>
      </trkpt>
      <trkpt lat="47.351594" lon="12.612053">
        <ele>1852.39414</ele>
      </trkpt>
      <trkpt lat="47.35159" lon="12.612049">
        <ele>1852.42117</ele>
      </trkpt>
      <trkpt lat="47.351583" lon="12.61204">
        <ele>1852.36225</ele>
      </trkpt>
      <trkpt lat="47.351541" lon="12.611988">
        <ele>1851.73624</ele>
      </trkpt>
      <trkpt lat="47.351503" lon="12.611952">
        <ele>1851.56998</ele>
      </trkpt>
      <trkpt lat="47.351481" lon="12.611935">
        <ele>1851.4637</ele>
      </trkpt>
      <trkpt lat="47.351434" lon="12.611911">
        <ele>1850.78019</ele>
      </trkpt>
      <trkpt lat="47.351404" lon="12.611888">
        <ele>1850.01344</ele>
      </trkpt>
      <trkpt lat="47.351341" lon="12.611857">
        <ele>1848.67962</ele>
      </trkpt>
      <trkpt lat="47.351226" lon="12.61181">
        <ele>1846.52947</ele>
      </trkpt>
      <trkpt lat="47.351189" lon="12.611776">
        <ele>1845.2941</ele>
      </trkpt>
      <trkpt lat="47.351167" lon="12.611756">
        <ele>1844.57668</ele>
      </trkpt>
      <trkpt lat="47.35104" lon="12.61164">
        <ele>1840.54389</ele>
      </trkpt>
      <trkpt lat="47.351017" lon="12.611621">
        <ele>1839.90285</ele>
      </trkpt>
      <trkpt lat="47.350992" lon="12.611607">
        <ele>1839.40528</ele>
      </trkpt>
      <trkpt lat="47.350962" lon="12.611584">
        <ele>1838.58256</ele>
      </trkpt>
      <trkpt lat="47.350949" lon="12.611575">
        <ele>1838.23183</ele>
      </trkpt>
      <trkpt lat="47.350912" lon="12.611568">
        <ele>1837.73461</ele>
      </trkpt>
      <trkpt lat="47.350887" lon="12.61156">
        <ele>1837.24366</ele>
      </trkpt>
      <trkpt lat="47.350885" lon="12.611552">
        <ele>1836.98016</ele>
      </trkpt>
      <trkpt lat="47.350929" lon="12.611494">
        <ele>1835.53921</ele>
      </trkpt>
      <trkpt lat="47.350943" lon="12.611472">
        <ele>1834.88149</ele>
      </trkpt>
      <trkpt lat="47.350948" lon="12.611463">
        <ele>1834.59512</ele>
      </trkpt>
      <trkpt lat="47.35096" lon="12.611436">
        <ele>1833.68951</ele>
      </trkpt>
      <trkpt lat="47.350938" lon="12.611402">
        <ele>1832.34229</ele>
      </trkpt>
      <trkpt lat="47.350902" lon="12.61139">
        <ele>1831.71478</ele>
      </trkpt>
      <trkpt lat="47.350878" lon="12.611394">
        <ele>1831.6855</ele>
      </trkpt>
      <trkpt lat="47.350789" lon="12.611407">
        <ele>1830.97271</ele>
      </trkpt>
      <trkpt lat="47.350782" lon="12.611408">
        <ele>1830.88706</ele>
      </trkpt>
      <trkpt lat="47.350747" lon="12.611413">
        <ele>1830.39266</ele>
      </trkpt>
      <trkpt lat="47.350741" lon="12.611414">
        <ele>1830.30042</ele>
      </trkpt>
      <trkpt lat="47.350659" lon="12.611411">
        <ele>1828.47377</ele>
      </trkpt>
      <trkpt lat="47.350639" lon="12.61141">
        <ele>1828.03376</ele>
      </trkpt>
      <trkpt lat="47.350506" lon="12.611393">
        <ele>1824.86753</ele>
      </trkpt>
      <trkpt lat="47.350497" lon="12.611392">
        <ele>1824.71721</ele>
      </trkpt>
      <trkpt lat="47.350433" lon="12.611378">
        <ele>1823.63527</ele>
      </trkpt>
      <trkpt lat="47.350425" lon="12.611376">
        <ele>1823.54048</ele>
      </trkpt>
      <trkpt lat="47.350382" lon="12.611361">
        <ele>1823.25208</ele>
      </trkpt>
      <trkpt lat="47.3502" lon="12.611288">
        <ele>1822.68383</ele>
      </trkpt>
      <trkpt lat="47.350167" lon="12.611252">
        <ele>1822.07205</ele>
      </trkpt>
      <trkpt lat="47.350141" lon="12.611214">
        <ele>1821.3882</ele>
      </trkpt>
      <trkpt lat="47.350124" lon="12.611194">
        <ele>1821.08917</ele>
      </trkpt>
      <trkpt lat="47.350107" lon="12.611175">
        <ele>1820.78831</ele>
      </trkpt>
      <trkpt lat="47.350059" lon="12.611161">
        <ele>1820.80075</ele>
      </trkpt>
      <trkpt lat="47.35001" lon="12.611161">
        <ele>1820.94955</ele>
      </trkpt>
      <trkpt lat="47.349937" lon="12.611171">
        <ele>1821.51994</ele>
      </trkpt>
      <trkpt lat="47.349869" lon="12.611178">
        <ele>1821.95952</ele>
      </trkpt>
      <trkpt lat="47.349811" lon="12.611176">
        <ele>1821.52345</ele>
      </trkpt>
      <trkpt lat="47.349806" lon="12.611175">
        <ele>1821.45558</ele>
      </trkpt>
      <trkpt lat="47.34978" lon="12.611172">
        <ele>1821.21407</ele>
      </trkpt>
      <trkpt lat="47.349735" lon="12.611161">
        <ele>1820.82872</ele>
      </trkpt>
      <trkpt lat="47.349635" lon="12.61116">
        <ele>1820.25111</ele>
      </trkpt>
      <trkpt lat="47.349567" lon="12.61116">
        <ele>1819.85071</ele>
      </trkpt>
      <trkpt lat="47.349464" lon="12.611148">
        <ele>1819.45457</ele>
      </trkpt>
      <trkpt lat="47.34946" lon="12.611147">
        <ele>1819.43416</ele>
      </trkpt>
      <trkpt lat="47.349301" lon="12.611097">
        <ele>1817.37594</ele>
      </trkpt>
      <trkpt lat="47.349231" lon="12.611073">
        <ele>1815.49976</ele>
      </trkpt>
      <trkpt lat="47.349225" lon="12.611071">
        <ele>1815.31197</ele>
      </trkpt>
      <trkpt lat="47.34903" lon="12.611014">
        <ele>1810.35983</ele>
      </trkpt>
      <trkpt lat="47.348969" lon="12.61099">
        <ele>1808.8097</ele>
      </trkpt>
      <trkpt lat="47.348968" lon="12.61099">
        <ele>1808.77918</ele>
      </trkpt>
      <trkpt lat="47.348947" lon="12.610989">
        <ele>1807.97071</ele>
      </trkpt>
      <trkpt lat="47.34892" lon="12.611009">
        <ele>1807.21269</ele>
      </trkpt>
      <trkpt lat="47.348903" lon="12.611033">
        <ele>1806.95067</ele>
      </trkpt>
      <trkpt lat="47.348898" lon="12.611041">
        <ele>1806.89654</ele>
      </trkpt>
      <trkpt lat="47.348862" lon="12.611085">
        <ele>1806.04539</ele>
      </trkpt>
      <trkpt lat="47.348836" lon="12.611129">
        <ele>1805.47828</ele>
      </trkpt>
      <trkpt lat="47.348817" lon="12.61117">
        <ele>1805.67744</ele>
      </trkpt>
      <trkpt lat="47.348808" lon="12.611179">
        <ele>1805.67729</ele>
      </trkpt>
      <trkpt lat="47.348797" lon="12.61118">
        <ele>1805.54829</ele>
      </trkpt>
      <trkpt lat="47.348775" lon="12.611169">
        <ele>1805.54274</ele>
      </trkpt>
      <trkpt lat="47.348761" lon="12.611151">
        <ele>1805.60079</ele>
      </trkpt>
      <trkpt lat="47.348746" lon="12.611107">
        <ele>1805.20799</ele>
      </trkpt>
      <trkpt lat="47.348732" lon="12.611055">
        <ele>1804.88322</ele>
      </trkpt>
      <trkpt lat="47.348729" lon="12.611042">
        <ele>1804.79543</ele>
      </trkpt>
      <trkpt lat="47.348726" lon="12.611029">
        <ele>1804.70894</ele>
      </trkpt>
      <trkpt lat="47.348713" lon="12.610965">
        <ele>1804.06511</ele>
      </trkpt>
      <trkpt lat="47.348709" lon="12.610942">
        <ele>1803.75831</ele>
      </trkpt>
      <trkpt lat="47.348708" lon="12.61094">
        <ele>1803.76685</ele>
      </trkpt>
      <trkpt lat="47.348684" lon="12.610768">
        <ele>1800.82067</ele>
      </trkpt>
      <trkpt lat="47.348662" lon="12.610715">
        <ele>1800.04166</ele>
      </trkpt>
      <trkpt lat="47.34862" lon="12.610669">
        <ele>1799.09557</ele>
      </trkpt>
      <trkpt lat="47.348563" lon="12.610642">
        <ele>1798.14463</ele>
      </trkpt>
      <trkpt lat="47.348547" lon="12.610634">
        <ele>1797.74724</ele>
      </trkpt>
      <trkpt lat="47.34855" lon="12.61061">
        <ele>1796.77452</ele>
      </trkpt>
      <trkpt lat="47.348579" lon="12.610587">
        <ele>1795.89752</ele>
      </trkpt>
      <trkpt lat="47.34859" lon="12.610581">
        <ele>1795.64184</ele>
      </trkpt>
      <trkpt lat="47.348634" lon="12.610557">
        <ele>1794.41711</ele>
      </trkpt>
      <trkpt lat="47.348636" lon="12.610556">
        <ele>1794.36314</ele>
      </trkpt>
      <trkpt lat="47.348664" lon="12.610531">
        <ele>1793.19031</ele>
      </trkpt>
      <trkpt lat="47.348669" lon="12.610511">
        <ele>1792.45051</ele>
      </trkpt>
      <trkpt lat="47.348653" lon="12.610483">
        <ele>1791.61319</ele>
      </trkpt>
      <trkpt lat="47.348648" lon="12.610475">
        <ele>1791.34179</ele>
      </trkpt>
      <trkpt lat="47.348616" lon="12.610458">
        <ele>1790.71431</ele>
      </trkpt>
      <trkpt lat="47.348579" lon="12.610432">
        <ele>1789.64643</ele>
      </trkpt>
      <trkpt lat="47.348548" lon="12.610411">
        <ele>1788.69551</ele>
      </trkpt>
      <trkpt lat="47.348545" lon="12.610409">
        <ele>1788.60695</ele>
      </trkpt>
      <trkpt lat="47.348454" lon="12.610329">
        <ele>1785.61436</ele>
      </trkpt>
      <trkpt lat="47.348442" lon="12.610319">
        <ele>1785.29704</ele>
      </trkpt>
      <trkpt lat="47.348342" lon="12.610205">
        <ele>1781.89445</ele>
      </trkpt>
      <trkpt lat="47.348336" lon="12.610198">
        <ele>1781.67437</ele>
      </trkpt>
      <trkpt lat="47.348296" lon="12.610168">
        <ele>1780.76218</ele>
      </trkpt>
      <trkpt lat="47.348261" lon="12.610149">
        <ele>1780.34993</ele>
      </trkpt>
      <trkpt lat="47.348254" lon="12.610141">
        <ele>1780.16842</ele>
      </trkpt>
      <trkpt lat="47.348194" lon="12.610059">
        <ele>1778.45187</ele>
      </trkpt>
      <trkpt lat="47.348139" lon="12.609981">
        <ele>1776.79644</ele>
      </trkpt>
      <trkpt lat="47.348078" lon="12.609902">
        <ele>1775.19393</ele>
      </trkpt>
      <trkpt lat="47.34805" lon="12.609859">
        <ele>1774.31522</ele>
      </trkpt>
      <trkpt lat="47.348049" lon="12.609858">
        <ele>1774.2941</ele>
      </trkpt>
      <trkpt lat="47.348004" lon="12.609803">
        <ele>1772.80903</ele>
      </trkpt>
      <trkpt lat="47.347966" lon="12.609775">
        <ele>1771.83766</ele>
      </trkpt>
      <trkpt lat="47.347959" lon="12.609766">
        <ele>1771.54057</ele>
      </trkpt>
      <trkpt lat="47.347954" lon="12.609763">
        <ele>1771.43594</ele>
      </trkpt>
      <trkpt lat="47.347884" lon="12.609712">
        <ele>1769.80051</ele>
      </trkpt>
      <trkpt lat="47.347875" lon="12.609705">
        <ele>1769.57392</ele>
      </trkpt>
      <trkpt lat="47.347802" lon="12.609622">
        <ele>1767.09274</ele>
      </trkpt>
      <trkpt lat="47.347772" lon="12.609593">
        <ele>1766.23139</ele>
      </trkpt>
      <trkpt lat="47.347736" lon="12.609557">
        <ele>1765.20832</ele>
      </trkpt>
      <trkpt lat="47.347724" lon="12.609547">
        <ele>1764.89692</ele>
      </trkpt>
      <trkpt lat="47.347704" lon="12.609539">
        <ele>1764.53267</ele>
      </trkpt>
      <trkpt lat="47.347678" lon="12.609532">
        <ele>1764.016</ele>
      </trkpt>
      <trkpt lat="47.347664" lon="12.60953">
        <ele>1763.72629</ele>
      </trkpt>
      <trkpt lat="47.347631" lon="12.609535">
        <ele>1763.25962</ele>
      </trkpt>
      <trkpt lat="47.347591" lon="12.609547">
        <ele>1763.09462</ele>
      </trkpt>
      <trkpt lat="47.34758" lon="12.609543">
        <ele>1762.90897</ele>
      </trkpt>
      <trkpt lat="47.347553" lon="12.609532">
        <ele>1762.47571</ele>
      </trkpt>
      <trkpt lat="47.347548" lon="12.609528">
        <ele>1762.3539</ele>
      </trkpt>
      <trkpt lat="47.347471" lon="12.609446">
        <ele>1760.13933</ele>
      </trkpt>
      <trkpt lat="47.347423" lon="12.609403">
        <ele>1758.99301</ele>
      </trkpt>
      <trkpt lat="47.347383" lon="12.609386">
        <ele>1758.38528</ele>
      </trkpt>
      <trkpt lat="47.347337" lon="12.609381">
        <ele>1758.13505</ele>
      </trkpt>
      <trkpt lat="47.347298" lon="12.60933">
        <ele>1756.94458</ele>
      </trkpt>
      <trkpt lat="47.347265" lon="12.609279">
        <ele>1755.82614</ele>
      </trkpt>
      <trkpt lat="47.347249" lon="12.609264">
        <ele>1755.5311</ele>
      </trkpt>
      <trkpt lat="47.34723" lon="12.609236">
        <ele>1754.88249</ele>
      </trkpt>
      <trkpt lat="47.347213" lon="12.609204">
        <ele>1754.06371</ele>
      </trkpt>
      <trkpt lat="47.347212" lon="12.609202">
        <ele>1754.01023</ele>
      </trkpt>
      <trkpt lat="47.347202" lon="12.609183">
        <ele>1753.49294</ele>
      </trkpt>
      <trkpt lat="47.347195" lon="12.609178">
        <ele>1753.35857</ele>
      </trkpt>
      <trkpt lat="47.347169" lon="12.609173">
        <ele>1753.20154</ele>
      </trkpt>
      <trkpt lat="47.347141" lon="12.609178">
        <ele>1753.23908</ele>
      </trkpt>
      <trkpt lat="47.347103" lon="12.609167">
        <ele>1752.58087</ele>
      </trkpt>
      <trkpt lat="47.347062" lon="12.609153">
        <ele>1751.81342</ele>
      </trkpt>
      <trkpt lat="47.347019" lon="12.609139">
        <ele>1751.1247</ele>
      </trkpt>
      <trkpt lat="47.346973" lon="12.609131">
        <ele>1750.54382</ele>
      </trkpt>
      <trkpt lat="47.346922" lon="12.609132">
        <ele>1750.10375</ele>
      </trkpt>
      <trkpt lat="47.346877" lon="12.609131">
        <ele>1749.83961</ele>
      </trkpt>
      <trkpt lat="47.346821" lon="12.609126">
        <ele>1749.74129</ele>
      </trkpt>
      <trkpt lat="47.346767" lon="12.609126">
        <ele>1750.08667</ele>
      </trkpt>
      <trkpt lat="47.346717" lon="12.609113">
        <ele>1749.98285</ele>
      </trkpt>
      <trkpt lat="47.346698" lon="12.609107">
        <ele>1749.93318</ele>
      </trkpt>
      <trkpt lat="47.346692" lon="12.609106">
        <ele>1749.96669</ele>
      </trkpt>
      <trkpt lat="47.346626" lon="12.609093">
        <ele>1750.29248</ele>
      </trkpt>
      <trkpt lat="47.346617" lon="12.609091">
        <ele>1750.31371</ele>
      </trkpt>
      <trkpt lat="47.346562" lon="12.609095">
        <ele>1751.16156</ele>
      </trkpt>
      <trkpt lat="47.346498" lon="12.609098">
        <ele>1751.72989</ele>
      </trkpt>
      <trkpt lat="47.346454" lon="12.609103">
        <ele>1751.95768</ele>
      </trkpt>
      <trkpt lat="47.346366" lon="12.609118">
        <ele>1751.44161</ele>
      </trkpt>
      <trkpt lat="47.346255" lon="12.609124">
        <ele>1748.86216</ele>
      </trkpt>
      <trkpt lat="47.3462" lon="12.609138">
        <ele>1748.07119</ele>
      </trkpt>
      <trkpt lat="47.346118" lon="12.609158">
        <ele>1746.98499</ele>
      </trkpt>
      <trkpt lat="47.346073" lon="12.609175">
        <ele>1746.66251</ele>
      </trkpt>
      <trkpt lat="47.34597" lon="12.609209">
        <ele>1746.6255</ele>
      </trkpt>
      <trkpt lat="47.345951" lon="12.609217">
        <ele>1746.73132</ele>
      </trkpt>
      <trkpt lat="47.34593" lon="12.609225">
        <ele>1746.82687</ele>
      </trkpt>
      <trkpt lat="47.345866" lon="12.609253">
        <ele>1746.93979</ele>
      </trkpt>
      <trkpt lat="47.345838" lon="12.60926">
        <ele>1746.9075</ele>
      </trkpt>
      <trkpt lat="47.345792" lon="12.609265">
        <ele>1746.72505</ele>
      </trkpt>
      <trkpt lat="47.345758" lon="12.609247">
        <ele>1746.31889</ele>
      </trkpt>
      <trkpt lat="47.345736" lon="12.609203">
        <ele>1745.82737</ele>
      </trkpt>
      <trkpt lat="47.345711" lon="12.609141">
        <ele>1745.404</ele>
      </trkpt>
      <trkpt lat="47.345657" lon="12.609078">
        <ele>1745.37835</ele>
      </trkpt>
      <trkpt lat="47.345651" lon="12.609072">
        <ele>1745.36061</ele>
      </trkpt>
      <trkpt lat="47.345606" lon="12.609033">
        <ele>1744.81819</ele>
      </trkpt>
      <trkpt lat="47.345562" lon="12.609007">
        <ele>1743.98707</ele>
      </trkpt>
      <trkpt lat="47.345525" lon="12.609001">
        <ele>1743.55173</ele>
      </trkpt>
      <trkpt lat="47.345486" lon="12.608988">
        <ele>1742.87507</ele>
      </trkpt>
      <trkpt lat="47.34548" lon="12.608986">
        <ele>1742.76578</ele>
      </trkpt>
      <trkpt lat="47.345468" lon="12.60896">
        <ele>1741.82331</ele>
      </trkpt>
      <trkpt lat="47.345474" lon="12.608939">
        <ele>1741.18845</ele>
      </trkpt>
      <trkpt lat="47.345489" lon="12.608913">
        <ele>1740.51162</ele>
      </trkpt>
      <trkpt lat="47.34563" lon="12.60874">
        <ele>1736.45307</ele>
      </trkpt>
      <trkpt lat="47.345648" lon="12.608724">
        <ele>1736.12152</ele>
      </trkpt>
      <trkpt lat="47.345713" lon="12.608679">
        <ele>1734.62591</ele>
      </trkpt>
      <trkpt lat="47.345714" lon="12.608679">
        <ele>1734.62223</ele>
      </trkpt>
      <trkpt lat="47.345837" lon="12.608664">
        <ele>1732.9974</ele>
      </trkpt>
      <trkpt lat="47.345911" lon="12.608635">
        <ele>1730.52724</ele>
      </trkpt>
      <trkpt lat="47.345957" lon="12.608591">
        <ele>1727.97817</ele>
      </trkpt>
      <trkpt lat="47.34596" lon="12.608589">
        <ele>1727.85839</ele>
      </trkpt>
      <trkpt lat="47.345979" lon="12.608573">
        <ele>1726.97625</ele>
      </trkpt>
      <trkpt lat="47.345999" lon="12.608564">
        <ele>1726.43728</ele>
      </trkpt>
      <trkpt lat="47.346035" lon="12.60856">
        <ele>1726.07057</ele>
      </trkpt>
      <trkpt lat="47.346079" lon="12.608547">
        <ele>1725.64822</ele>
      </trkpt>
      <trkpt lat="47.346135" lon="12.608525">
        <ele>1725.55662</ele>
      </trkpt>
      <trkpt lat="47.346143" lon="12.608517">
        <ele>1725.3753</ele>
      </trkpt>
      <trkpt lat="47.346167" lon="12.608493">
        <ele>1724.84912</ele>
      </trkpt>
      <trkpt lat="47.346204" lon="12.608455">
        <ele>1724.23096</ele>
      </trkpt>
      <trkpt lat="47.346243" lon="12.608395">
        <ele>1722.99153</ele>
      </trkpt>
      <trkpt lat="47.346311" lon="12.608327">
        <ele>1722.37834</ele>
      </trkpt>
      <trkpt lat="47.346338" lon="12.608293">
        <ele>1721.98552</ele>
      </trkpt>
      <trkpt lat="47.346348" lon="12.608281">
        <ele>1721.87879</ele>
      </trkpt>
      <trkpt lat="47.346374" lon="12.608232">
        <ele>1721.15132</ele>
      </trkpt>
      <trkpt lat="47.346381" lon="12.608224">
        <ele>1721.14937</ele>
      </trkpt>
      <trkpt lat="47.346451" lon="12.608168">
        <ele>1721.27675</ele>
      </trkpt>
      <trkpt lat="47.346453" lon="12.608166">
        <ele>1721.23741</ele>
      </trkpt>
      <trkpt lat="47.346519" lon="12.608092">
        <ele>1719.1015</ele>
      </trkpt>
      <trkpt lat="47.346537" lon="12.608076">
        <ele>1718.64713</ele>
      </trkpt>
      <trkpt lat="47.346564" lon="12.608051">
        <ele>1717.93947</ele>
      </trkpt>
      <trkpt lat="47.346594" lon="12.60804">
        <ele>1717.55857</ele>
      </trkpt>
      <trkpt lat="47.346622" lon="12.608044">
        <ele>1717.50883</ele>
      </trkpt>
      <trkpt lat="47.346645" lon="12.608062">
        <ele>1717.81497</ele>
      </trkpt>
      <trkpt lat="47.346668" lon="12.608077">
        <ele>1718.02143</ele>
      </trkpt>
      <trkpt lat="47.346676" lon="12.608079">
        <ele>1717.99947</ele>
      </trkpt>
      <trkpt lat="47.346706" lon="12.608085">
        <ele>1717.83022</ele>
      </trkpt>
      <trkpt lat="47.346723" lon="12.608087">
        <ele>1717.64193</ele>
      </trkpt>
      <trkpt lat="47.346752" lon="12.608088">
        <ele>1717.17608</ele>
      </trkpt>
      <trkpt lat="47.346755" lon="12.608087">
        <ele>1717.08942</ele>
      </trkpt>
      <trkpt lat="47.346777" lon="12.608073">
        <ele>1716.22089</ele>
      </trkpt>
      <trkpt lat="47.346777" lon="12.608071">
        <ele>1716.15202</ele>
      </trkpt>
      <trkpt lat="47.346773" lon="12.608025">
        <ele>1714.68656</ele>
      </trkpt>
      <trkpt lat="47.346757" lon="12.608007">
        <ele>1714.47877</ele>
      </trkpt>
      <trkpt lat="47.346714" lon="12.607986">
        <ele>1714.80002</ele>
      </trkpt>
      <trkpt lat="47.346688" lon="12.607973">
        <ele>1714.84111</ele>
      </trkpt>
      <trkpt lat="47.346637" lon="12.607939">
        <ele>1714.27691</ele>
      </trkpt>
      <trkpt lat="47.346635" lon="12.607937">
        <ele>1714.22301</ele>
      </trkpt>
      <trkpt lat="47.34663" lon="12.607919">
        <ele>1713.62809</ele>
      </trkpt>
      <trkpt lat="47.346624" lon="12.607893">
        <ele>1712.73883</ele>
      </trkpt>
      <trkpt lat="47.346644" lon="12.607878">
        <ele>1712.06398</ele>
      </trkpt>
      <trkpt lat="47.346683" lon="12.60787">
        <ele>1711.36276</ele>
      </trkpt>
      <trkpt lat="47.346735" lon="12.607867">
        <ele>1710.09844</ele>
      </trkpt>
      <trkpt lat="47.346771" lon="12.607866">
        <ele>1708.91737</ele>
      </trkpt>
      <trkpt lat="47.346849" lon="12.607875">
        <ele>1706.1999</ele>
      </trkpt>
      <trkpt lat="47.346866" lon="12.607873">
        <ele>1705.48762</ele>
      </trkpt>
      <trkpt lat="47.3469" lon="12.607871">
        <ele>1704.63472</ele>
      </trkpt>
      <trkpt lat="47.346929" lon="12.607854">
        <ele>1703.74332</ele>
      </trkpt>
      <trkpt lat="47.346936" lon="12.60785">
        <ele>1703.56831</ele>
      </trkpt>
      <trkpt lat="47.346978" lon="12.607802">
        <ele>1701.91209</ele>
      </trkpt>
      <trkpt lat="47.347021" lon="12.607788">
        <ele>1701.09687</ele>
      </trkpt>
      <trkpt lat="47.347104" lon="12.607792">
        <ele>1699.47522</ele>
      </trkpt>
      <trkpt lat="47.347179" lon="12.607803">
        <ele>1697.9046</ele>
      </trkpt>
      <trkpt lat="47.347197" lon="12.607804">
        <ele>1697.52562</ele>
      </trkpt>
      <trkpt lat="47.347294" lon="12.607806">
        <ele>1695.25967</ele>
      </trkpt>
      <trkpt lat="47.347355" lon="12.607802">
        <ele>1693.55433</ele>
      </trkpt>
      <trkpt lat="47.347409" lon="12.607797">
        <ele>1692.20465</ele>
      </trkpt>
      <trkpt lat="47.347547" lon="12.607749">
        <ele>1693.64986</ele>
      </trkpt>
      <trkpt lat="47.347551" lon="12.607748">
        <ele>1693.62127</ele>
      </trkpt>
      <trkpt lat="47.34766" lon="12.60771">
        <ele>1691.41722</ele>
      </trkpt>
      <trkpt lat="47.34802" lon="12.60768">
        <ele>1692.99973</ele>
      </trkpt>
      <trkpt lat="47.348095" lon="12.607633">
        <ele>1691.34553</ele>
      </trkpt>
      <trkpt lat="47.348118" lon="12.607617">
        <ele>1690.84724</ele>
      </trkpt>
      <trkpt lat="47.348126" lon="12.607612">
        <ele>1690.70265</ele>
      </trkpt>
      <trkpt lat="47.34815" lon="12.607596">
        <ele>1690.2672</ele>
      </trkpt>
      <trkpt lat="47.348224" lon="12.607575">
        <ele>1689.58441</ele>
      </trkpt>
      <trkpt lat="47.34826" lon="12.607529">
        <ele>1688.54483</ele>
      </trkpt>
      <trkpt lat="47.348264" lon="12.607525">
        <ele>1688.46003</ele>
      </trkpt>
      <trkpt lat="47.348282" lon="12.607507">
        <ele>1688.08169</ele>
      </trkpt>
      <trkpt lat="47.348288" lon="12.607502">
        <ele>1687.97362</ele>
      </trkpt>
      <trkpt lat="47.348308" lon="12.607495">
        <ele>1687.78502</ele>
      </trkpt>
      <trkpt lat="47.34835" lon="12.607491">
        <ele>1687.4815</ele>
      </trkpt>
      <trkpt lat="47.348375" lon="12.607478">
        <ele>1687.02705</ele>
      </trkpt>
      <trkpt lat="47.348379" lon="12.607476">
        <ele>1686.95498</ele>
      </trkpt>
      <trkpt lat="47.34842" lon="12.607442">
        <ele>1685.96317</ele>
      </trkpt>
      <trkpt lat="47.348436" lon="12.607429">
        <ele>1685.58519</ele>
      </trkpt>
      <trkpt lat="47.34849" lon="12.60741">
        <ele>1684.9998</ele>
      </trkpt>
      <trkpt lat="47.348524" lon="12.607404">
        <ele>1684.9831</ele>
      </trkpt>
      <trkpt lat="47.348556" lon="12.607398">
        <ele>1685.08222</ele>
      </trkpt>
      <trkpt lat="47.348572" lon="12.607395">
        <ele>1685.11997</ele>
      </trkpt>
      <trkpt lat="47.348613" lon="12.607383">
        <ele>1684.91396</ele>
      </trkpt>
      <trkpt lat="47.348618" lon="12.607381">
        <ele>1684.85704</ele>
      </trkpt>
      <trkpt lat="47.348668" lon="12.607358">
        <ele>1684.16446</ele>
      </trkpt>
      <trkpt lat="47.348687" lon="12.607349">
        <ele>1683.93686</ele>
      </trkpt>
      <trkpt lat="47.348739" lon="12.607333">
        <ele>1683.65806</ele>
      </trkpt>
      <trkpt lat="47.348781" lon="12.6073">
        <ele>1682.82865</ele>
      </trkpt>
      <trkpt lat="47.348795" lon="12.60729">
        <ele>1682.57331</ele>
      </trkpt>
      <trkpt lat="47.348823" lon="12.607279">
        <ele>1682.36925</ele>
      </trkpt>
      <trkpt lat="47.348834" lon="12.607276">
        <ele>1682.33331</ele>
      </trkpt>
      <trkpt lat="47.348869" lon="12.607276">
        <ele>1682.56949</ele>
      </trkpt>
      <trkpt lat="47.348872" lon="12.607276">
        <ele>1682.59385</ele>
      </trkpt>
      <trkpt lat="47.348898" lon="12.607277">
        <ele>1682.86446</ele>
      </trkpt>
      <trkpt lat="47.348907" lon="12.60725">
        <ele>1681.83807</ele>
      </trkpt>
      <trkpt lat="47.3489" lon="12.607236">
        <ele>1681.22987</ele>
      </trkpt>
      <trkpt lat="47.34888" lon="12.607216">
        <ele>1680.31162</ele>
      </trkpt>
      <trkpt lat="47.348807" lon="12.607177">
        <ele>1678.5269</ele>
      </trkpt>
      <trkpt lat="47.348778" lon="12.607171">
        <ele>1678.22181</ele>
      </trkpt>
      <trkpt lat="47.348712" lon="12.607184">
        <ele>1678.69071</ele>
      </trkpt>
      <trkpt lat="47.348691" lon="12.607182">
        <ele>1678.67202</ele>
      </trkpt>
      <trkpt lat="47.348689" lon="12.607182">
        <ele>1678.67702</ele>
      </trkpt>
      <trkpt lat="47.348658" lon="12.60717">
        <ele>1678.39673</ele>
      </trkpt>
      <trkpt lat="47.348608" lon="12.607125">
        <ele>1677.30975</ele>
      </trkpt>
      <trkpt lat="47.348603" lon="12.60712">
        <ele>1677.19433</ele>
      </trkpt>
      <trkpt lat="47.348596" lon="12.607114">
        <ele>1677.05954</ele>
      </trkpt>
      <trkpt lat="47.34857" lon="12.607089">
        <ele>1676.47508</ele>
      </trkpt>
      <trkpt lat="47.348546" lon="12.60707">
        <ele>1676.01398</ele>
      </trkpt>
      <trkpt lat="47.348544" lon="12.607069">
        <ele>1675.98979</ele>
      </trkpt>
      <trkpt lat="47.348528" lon="12.607058">
        <ele>1675.69135</ele>
      </trkpt>
      <trkpt lat="47.34852" lon="12.607032">
        <ele>1674.87641</ele>
      </trkpt>
      <trkpt lat="47.348528" lon="12.607005">
        <ele>1673.98294</ele>
      </trkpt>
      <trkpt lat="47.348545" lon="12.606991">
        <ele>1673.51602</ele>
      </trkpt>
      <trkpt lat="47.348557" lon="12.606982">
        <ele>1673.20478</ele>
      </trkpt>
      <trkpt lat="47.34868" lon="12.60698">
        <ele>1672.51507</ele>
      </trkpt>
      <trkpt lat="47.348758" lon="12.606995">
        <ele>1672.40009</ele>
      </trkpt>
      <trkpt lat="47.348818" lon="12.606982">
        <ele>1671.28009</ele>
      </trkpt>
      <trkpt lat="47.348833" lon="12.606972">
        <ele>1670.68824</ele>
      </trkpt>
      <trkpt lat="47.348847" lon="12.606939">
        <ele>1669.07691</ele>
      </trkpt>
      <trkpt lat="47.348852" lon="12.606935">
        <ele>1668.83289</ele>
      </trkpt>
      <trkpt lat="47.348867" lon="12.606924">
        <ele>1668.13575</ele>
      </trkpt>
      <trkpt lat="47.348898" lon="12.606927">
        <ele>1667.81207</ele>
      </trkpt>
      <trkpt lat="47.348931" lon="12.60694">
        <ele>1667.89906</ele>
      </trkpt>
      <trkpt lat="47.348959" lon="12.606952">
        <ele>1668.05752</ele>
      </trkpt>
      <trkpt lat="47.348982" lon="12.606961">
        <ele>1668.2419</ele>
      </trkpt>
      <trkpt lat="47.348983" lon="12.60696">
        <ele>1668.18473</ele>
      </trkpt>
      <trkpt lat="47.349" lon="12.60695">
        <ele>1667.5165</ele>
      </trkpt>
      <trkpt lat="47.349002" lon="12.606942">
        <ele>1667.11786</ele>
      </trkpt>
      <trkpt lat="47.349003" lon="12.606911">
        <ele>1665.70297</ele>
      </trkpt>
      <trkpt lat="47.348987" lon="12.606882">
        <ele>1664.66131</ele>
      </trkpt>
      <trkpt lat="47.348966" lon="12.606857">
        <ele>1663.83382</ele>
      </trkpt>
      <trkpt lat="47.348941" lon="12.606811">
        <ele>1662.2596</ele>
      </trkpt>
      <trkpt lat="47.348917" lon="12.606773">
        <ele>1661.06957</ele>
      </trkpt>
      <trkpt lat="47.348913" lon="12.606765">
        <ele>1660.81953</ele>
      </trkpt>
      <trkpt lat="47.348893" lon="12.606737">
        <ele>1660.04086</ele>
      </trkpt>
      <trkpt lat="47.348831" lon="12.606704">
        <ele>1659.44988</ele>
      </trkpt>
      <trkpt lat="47.348765" lon="12.606676">
        <ele>1659.0825</ele>
      </trkpt>
      <trkpt lat="47.348752" lon="12.60667">
        <ele>1658.95731</ele>
      </trkpt>
      <trkpt lat="47.34873" lon="12.606639">
        <ele>1658.02904</ele>
      </trkpt>
      <trkpt lat="47.348737" lon="12.606627">
        <ele>1657.64982</ele>
      </trkpt>
      <trkpt lat="47.348751" lon="12.606617">
        <ele>1657.35734</ele>
      </trkpt>
      <trkpt lat="47.348775" lon="12.606613">
        <ele>1657.25444</ele>
      </trkpt>
      <trkpt lat="47.348821" lon="12.60662">
        <ele>1657.36997</ele>
      </trkpt>
      <trkpt lat="47.348882" lon="12.606639">
        <ele>1657.78876</ele>
      </trkpt>
      <trkpt lat="47.348975" lon="12.606644">
        <ele>1657.46407</ele>
      </trkpt>
      <trkpt lat="47.349" lon="12.606643">
        <ele>1657.06413</ele>
      </trkpt>
      <trkpt lat="47.34904" lon="12.60665">
        <ele>1656.23784</ele>
      </trkpt>
      <trkpt lat="47.349079" lon="12.60665">
        <ele>1654.43507</ele>
      </trkpt>
      <trkpt lat="47.349169" lon="12.606649">
        <ele>1652.83697</ele>
      </trkpt>
      <trkpt lat="47.349181" lon="12.606646">
        <ele>1652.95768</ele>
      </trkpt>
      <trkpt lat="47.349235" lon="12.606592">
        <ele>1652.71474</ele>
      </trkpt>
      <trkpt lat="47.349276" lon="12.606547">
        <ele>1652.74632</ele>
      </trkpt>
      <trkpt lat="47.349282" lon="12.606538">
        <ele>1652.59378</ele>
      </trkpt>
      <trkpt lat="47.349371" lon="12.606505">
        <ele>1652.3182</ele>
      </trkpt>
      <trkpt lat="47.349424" lon="12.606448">
        <ele>1651.68591</ele>
      </trkpt>
      <trkpt lat="47.349428" lon="12.606443">
        <ele>1651.67272</ele>
      </trkpt>
      <trkpt lat="47.349456" lon="12.606404">
        <ele>1651.3278</ele>
      </trkpt>
      <trkpt lat="47.34949" lon="12.606399">
        <ele>1651.43908</ele>
      </trkpt>
      <trkpt lat="47.349533" lon="12.606395">
        <ele>1651.31837</ele>
      </trkpt>
      <trkpt lat="47.349596" lon="12.606392">
        <ele>1650.8929</ele>
      </trkpt>
      <trkpt lat="47.349622" lon="12.606389">
        <ele>1650.53573</ele>
      </trkpt>
      <trkpt lat="47.349689" lon="12.60639">
        <ele>1650.10742</ele>
      </trkpt>
      <trkpt lat="47.349815" lon="12.606404">
        <ele>1649.91213</ele>
      </trkpt>
      <trkpt lat="47.349925" lon="12.606438">
        <ele>1648.85665</ele>
      </trkpt>
      <trkpt lat="47.349995" lon="12.606461">
        <ele>1648.28616</ele>
      </trkpt>
      <trkpt lat="47.350083" lon="12.606463">
        <ele>1647.3334</ele>
      </trkpt>
      <trkpt lat="47.350109" lon="12.606463">
        <ele>1647.12004</ele>
      </trkpt>
      <trkpt lat="47.350183" lon="12.606463">
        <ele>1646.42135</ele>
      </trkpt>
      <trkpt lat="47.350315" lon="12.606473">
        <ele>1646.098</ele>
      </trkpt>
      <trkpt lat="47.350432" lon="12.606478">
        <ele>1645.92447</ele>
      </trkpt>
      <trkpt lat="47.350458" lon="12.606479">
        <ele>1646.01597</ele>
      </trkpt>
      <trkpt lat="47.350541" lon="12.606479">
        <ele>1645.71945</ele>
      </trkpt>
      <trkpt lat="47.350581" lon="12.606479">
        <ele>1645.31723</ele>
      </trkpt>
      <trkpt lat="47.350664" lon="12.60646">
        <ele>1643.77388</ele>
      </trkpt>
      <trkpt lat="47.350682" lon="12.606456">
        <ele>1643.94621</ele>
      </trkpt>
      <trkpt lat="47.350758" lon="12.606399">
        <ele>1643.88281</ele>
      </trkpt>
      <trkpt lat="47.350848" lon="12.606333">
        <ele>1644.437</ele>
      </trkpt>
      <trkpt lat="47.350916" lon="12.606281">
        <ele>1644.51077</ele>
      </trkpt>
      <trkpt lat="47.351002" lon="12.606247">
        <ele>1642.89057</ele>
      </trkpt>
      <trkpt lat="47.351102" lon="12.606218">
        <ele>1640.54943</ele>
      </trkpt>
      <trkpt lat="47.351179" lon="12.60619">
        <ele>1639.53446</ele>
      </trkpt>
      <trkpt lat="47.35136" lon="12.606112">
        <ele>1640.57628</ele>
      </trkpt>
      <trkpt lat="47.35144" lon="12.606059">
        <ele>1640.55812</ele>
      </trkpt>
      <trkpt lat="47.351577" lon="12.606009">
        <ele>1640.34557</ele>
      </trkpt>
      <trkpt lat="47.35171" lon="12.605967">
        <ele>1638.1944</ele>
      </trkpt>
      <trkpt lat="47.351817" lon="12.605993">
        <ele>1638.17862</ele>
      </trkpt>
      <trkpt lat="47.351958" lon="12.606048">
        <ele>1637.30506</ele>
      </trkpt>
      <trkpt lat="47.35201" lon="12.606058">
        <ele>1636.35034</ele>
      </trkpt>
      <trkpt lat="47.352056" lon="12.606068">
        <ele>1635.4377</ele>
      </trkpt>
      <trkpt lat="47.352482" lon="12.605998">
        <ele>1633.51192</ele>
      </trkpt>
      <trkpt lat="47.352495" lon="12.605998">
        <ele>1633.65639</ele>
      </trkpt>
      <trkpt lat="47.352637" lon="12.605994">
        <ele>1633.24239</ele>
      </trkpt>
      <trkpt lat="47.352657" lon="12.605997">
        <ele>1633.06062</ele>
      </trkpt>
      <trkpt lat="47.352773" lon="12.606024">
        <ele>1631.86823</ele>
      </trkpt>
      <trkpt lat="47.352865" lon="12.606095">
        <ele>1631.97859</ele>
      </trkpt>
      <trkpt lat="47.352906" lon="12.606146">
        <ele>1632.31393</ele>
      </trkpt>
      <trkpt lat="47.352927" lon="12.606175">
        <ele>1632.64649</ele>
      </trkpt>
      <trkpt lat="47.352935" lon="12.606186">
        <ele>1632.80144</ele>
      </trkpt>
      <trkpt lat="47.352938" lon="12.606188">
        <ele>1632.8311</ele>
      </trkpt>
      <trkpt lat="47.353049" lon="12.606256">
        <ele>1634.21431</ele>
      </trkpt>
      <trkpt lat="47.353066" lon="12.606271">
        <ele>1634.55998</ele>
      </trkpt>
      <trkpt lat="47.35313" lon="12.606328">
        <ele>1635.79449</ele>
      </trkpt>
      <trkpt lat="47.353162" lon="12.606364">
        <ele>1636.37799</ele>
      </trkpt>
      <trkpt lat="47.353204" lon="12.606411">
        <ele>1636.94334</ele>
      </trkpt>
      <trkpt lat="47.353269" lon="12.606453">
        <ele>1637.61738</ele>
      </trkpt>
      <trkpt lat="47.353296" lon="12.606461">
        <ele>1637.94434</ele>
      </trkpt>
      <trkpt lat="47.35331" lon="12.606463">
        <ele>1638.104</ele>
      </trkpt>
      <trkpt lat="47.353369" lon="12.60647">
        <ele>1639.15537</ele>
      </trkpt>
      <trkpt lat="47.353401" lon="12.606463">
        <ele>1639.72572</ele>
      </trkpt>
      <trkpt lat="47.353402" lon="12.606463">
        <ele>1639.7525</ele>
      </trkpt>
      <trkpt lat="47.353449" lon="12.606433">
        <ele>1640.45643</ele>
      </trkpt>
      <trkpt lat="47.353533" lon="12.606387">
        <ele>1642.14197</ele>
      </trkpt>
      <trkpt lat="47.353596" lon="12.606364">
        <ele>1643.07122</ele>
      </trkpt>
      <trkpt lat="47.353672" lon="12.606353">
        <ele>1644.20941</ele>
      </trkpt>
      <trkpt lat="47.353698" lon="12.60635">
        <ele>1644.53469</ele>
      </trkpt>
      <trkpt lat="47.353794" lon="12.606356">
        <ele>1645.90152</ele>
      </trkpt>
      <trkpt lat="47.353832" lon="12.606347">
        <ele>1646.09482</ele>
      </trkpt>
      <trkpt lat="47.353859" lon="12.606321">
        <ele>1645.74991</ele>
      </trkpt>
      <trkpt lat="47.353886" lon="12.606298">
        <ele>1645.35949</ele>
      </trkpt>
      <trkpt lat="47.353893" lon="12.606292">
        <ele>1645.23987</ele>
      </trkpt>
      <trkpt lat="47.353934" lon="12.606273">
        <ele>1644.86412</ele>
      </trkpt>
      <trkpt lat="47.353977" lon="12.606259">
        <ele>1644.62879</ele>
      </trkpt>
      <trkpt lat="47.35403" lon="12.606247">
        <ele>1644.66667</ele>
      </trkpt>
      <trkpt lat="47.354054" lon="12.606243">
        <ele>1644.76724</ele>
      </trkpt>
      <trkpt lat="47.354087" lon="12.606238">
        <ele>1644.95814</ele>
      </trkpt>
      <trkpt lat="47.354136" lon="12.606217">
        <ele>1644.96985</ele>
      </trkpt>
      <trkpt lat="47.354171" lon="12.606207">
        <ele>1645.04584</ele>
      </trkpt>
      <trkpt lat="47.354174" lon="12.606207">
        <ele>1645.0706</ele>
      </trkpt>
      <trkpt lat="47.354177" lon="12.606205">
        <ele>1645.04093</ele>
      </trkpt>
      <trkpt lat="47.354345" lon="12.606147">
        <ele>1644.56192</ele>
      </trkpt>
      <trkpt lat="47.354435" lon="12.606104">
        <ele>1643.7394</ele>
      </trkpt>
      <trkpt lat="47.354493" lon="12.606086">
        <ele>1643.38079</ele>
      </trkpt>
      <trkpt lat="47.354527" lon="12.606093">
        <ele>1643.49776</ele>
      </trkpt>
      <trkpt lat="47.354545" lon="12.606096">
        <ele>1643.48767</ele>
      </trkpt>
      <trkpt lat="47.354592" lon="12.606122">
        <ele>1643.63721</ele>
      </trkpt>
      <trkpt lat="47.354608" lon="12.606124">
        <ele>1643.46954</ele>
      </trkpt>
      <trkpt lat="47.354652" lon="12.60613">
        <ele>1642.73144</ele>
      </trkpt>
      <trkpt lat="47.354676" lon="12.606133">
        <ele>1642.22842</ele>
      </trkpt>
      <trkpt lat="47.354756" lon="12.606206">
        <ele>1641.56886</ele>
      </trkpt>
      <trkpt lat="47.354764" lon="12.606218">
        <ele>1641.51298</ele>
      </trkpt>
      <trkpt lat="47.35478" lon="12.606248">
        <ele>1641.39079</ele>
      </trkpt>
      <trkpt lat="47.354783" lon="12.606257">
        <ele>1641.38523</ele>
      </trkpt>
      <trkpt lat="47.354786" lon="12.60628">
        <ele>1641.48937</ele>
      </trkpt>
      <trkpt lat="47.354789" lon="12.606303">
        <ele>1641.5913</ele>
      </trkpt>
      <trkpt lat="47.354791" lon="12.606308">
        <ele>1641.57488</ele>
      </trkpt>
      <trkpt lat="47.354802" lon="12.606326">
        <ele>1641.39902</ele>
      </trkpt>
      <trkpt lat="47.354803" lon="12.606328">
        <ele>1641.38453</ele>
      </trkpt>
      <trkpt lat="47.354824" lon="12.606366">
        <ele>1641.02187</ele>
      </trkpt>
      <trkpt lat="47.354833" lon="12.606386">
        <ele>1640.87973</ele>
      </trkpt>
      <trkpt lat="47.354839" lon="12.606401">
        <ele>1640.79859</ele>
      </trkpt>
      <trkpt lat="47.354846" lon="12.606434">
        <ele>1640.81997</ele>
      </trkpt>
      <trkpt lat="47.35487" lon="12.60648">
        <ele>1640.49873</ele>
      </trkpt>
      <trkpt lat="47.354909" lon="12.606528">
        <ele>1639.83336</ele>
      </trkpt>
      <trkpt lat="47.355038" lon="12.606638">
        <ele>1638.87944</ele>
      </trkpt>
      <trkpt lat="47.355097" lon="12.60666">
        <ele>1638.78027</ele>
      </trkpt>
      <trkpt lat="47.355117" lon="12.60666">
        <ele>1638.66623</ele>
      </trkpt>
      <trkpt lat="47.355123" lon="12.606658">
        <ele>1638.61885</ele>
      </trkpt>
      <trkpt lat="47.355158" lon="12.60663">
        <ele>1638.41091</ele>
      </trkpt>
      <trkpt lat="47.355178" lon="12.606595">
        <ele>1638.33401</ele>
      </trkpt>
      <trkpt lat="47.355237" lon="12.606489">
        <ele>1638.57483</ele>
      </trkpt>
      <trkpt lat="47.355239" lon="12.606485">
        <ele>1638.57349</ele>
      </trkpt>
      <trkpt lat="47.355267" lon="12.606416">
        <ele>1638.15794</ele>
      </trkpt>
      <trkpt lat="47.355289" lon="12.606384">
        <ele>1637.74531</ele>
      </trkpt>
      <trkpt lat="47.35531" lon="12.606352">
        <ele>1637.05149</ele>
      </trkpt>
      <trkpt lat="47.35532" lon="12.606341">
        <ele>1636.77321</ele>
      </trkpt>
      <trkpt lat="47.35534" lon="12.606335">
        <ele>1636.58394</ele>
      </trkpt>
      <trkpt lat="47.355396" lon="12.606326">
        <ele>1635.71522</ele>
      </trkpt>
      <trkpt lat="47.355415" lon="12.606323">
        <ele>1635.45209</ele>
      </trkpt>
      <trkpt lat="47.355484" lon="12.606321">
        <ele>1634.98377</ele>
      </trkpt>
      <trkpt lat="47.355496" lon="12.606315">
        <ele>1634.90602</ele>
      </trkpt>
      <trkpt lat="47.355508" lon="12.60626">
        <ele>1633.96642</ele>
      </trkpt>
      <trkpt lat="47.355506" lon="12.606197">
        <ele>1632.60584</ele>
      </trkpt>
      <trkpt lat="47.35551" lon="12.606182">
        <ele>1632.33082</ele>
      </trkpt>
      <trkpt lat="47.355519" lon="12.606149">
        <ele>1631.75306</ele>
      </trkpt>
      <trkpt lat="47.355549" lon="12.606118">
        <ele>1631.77601</ele>
      </trkpt>
      <trkpt lat="47.355585" lon="12.606083">
        <ele>1631.76254</ele>
      </trkpt>
      <trkpt lat="47.355605" lon="12.606056">
        <ele>1631.32354</ele>
      </trkpt>
      <trkpt lat="47.355647" lon="12.605998">
        <ele>1629.8173</ele>
      </trkpt>
      <trkpt lat="47.355652" lon="12.605994">
        <ele>1629.68747</ele>
      </trkpt>
      <trkpt lat="47.355696" lon="12.605961">
        <ele>1628.56</ele>
      </trkpt>
      <trkpt lat="47.355732" lon="12.605909">
        <ele>1627.19681</ele>
      </trkpt>
      <trkpt lat="47.355734" lon="12.605907">
        <ele>1627.1707</ele>
      </trkpt>
      <trkpt lat="47.355762" lon="12.605846">
        <ele>1626.55214</ele>
      </trkpt>
      <trkpt lat="47.355806" lon="12.60578">
        <ele>1626.81468</ele>
      </trkpt>
      <trkpt lat="47.356184" lon="12.605624">
        <ele>1623.43694</ele>
      </trkpt>
      <trkpt lat="47.356359" lon="12.605528">
        <ele>1620.80876</ele>
      </trkpt>
      <trkpt lat="47.356362" lon="12.605527">
        <ele>1620.76666</ele>
      </trkpt>
      <trkpt lat="47.356408" lon="12.605507">
        <ele>1619.95915</ele>
      </trkpt>
      <trkpt lat="47.356468" lon="12.605504">
        <ele>1619.45381</ele>
      </trkpt>
      <trkpt lat="47.35652" lon="12.605505">
        <ele>1619.35342</ele>
      </trkpt>
      <trkpt lat="47.356617" lon="12.60548">
        <ele>1618.91919</ele>
      </trkpt>
      <trkpt lat="47.356703" lon="12.605446">
        <ele>1618.66651</ele>
      </trkpt>
      <trkpt lat="47.356785" lon="12.605411">
        <ele>1619.09694</ele>
      </trkpt>
      <trkpt lat="47.356827" lon="12.60539">
        <ele>1619.17657</ele>
      </trkpt>
      <trkpt lat="47.35694" lon="12.60539">
        <ele>1619.83139</ele>
      </trkpt>
      <trkpt lat="47.35712" lon="12.605321">
        <ele>1617.83571</ele>
      </trkpt>
      <trkpt lat="47.357223" lon="12.605331">
        <ele>1617.6781</ele>
      </trkpt>
      <trkpt lat="47.357308" lon="12.605354">
        <ele>1618.16369</ele>
      </trkpt>
      <trkpt lat="47.357422" lon="12.605377">
        <ele>1618.02419</ele>
      </trkpt>
      <trkpt lat="47.357511" lon="12.605383">
        <ele>1617.13664</ele>
      </trkpt>
      <trkpt lat="47.357556" lon="12.605378">
        <ele>1616.86788</ele>
      </trkpt>
      <trkpt lat="47.35764" lon="12.605364">
        <ele>1616.33175</ele>
      </trkpt>
      <trkpt lat="47.357683" lon="12.605353">
        <ele>1616.07453</ele>
      </trkpt>
      <trkpt lat="47.357745" lon="12.605326">
        <ele>1615.55433</ele>
      </trkpt>
      <trkpt lat="47.357797" lon="12.605292">
        <ele>1614.91954</ele>
      </trkpt>
      <trkpt lat="47.35781" lon="12.605289">
        <ele>1614.92992</ele>
      </trkpt>
      <trkpt lat="47.357844" lon="12.60528">
        <ele>1614.79718</ele>
      </trkpt>
      <trkpt lat="47.357865" lon="12.605278">
        <ele>1614.72596</ele>
      </trkpt>
      <trkpt lat="47.357909" lon="12.60528">
        <ele>1614.61157</ele>
      </trkpt>
      <trkpt lat="47.357938" lon="12.60528">
        <ele>1614.38269</ele>
      </trkpt>
      <trkpt lat="47.357995" lon="12.605287">
        <ele>1613.86671</ele>
      </trkpt>
      <trkpt lat="47.358108" lon="12.605291">
        <ele>1611.83095</ele>
      </trkpt>
      <trkpt lat="47.358271" lon="12.605382">
        <ele>1611.27014</ele>
      </trkpt>
      <trkpt lat="47.358445" lon="12.605479">
        <ele>1610.53099</ele>
      </trkpt>
      <trkpt lat="47.358578" lon="12.605564">
        <ele>1609.927</ele>
      </trkpt>
      <trkpt lat="47.358609" lon="12.605516">
        <ele>1608.32816</ele>
      </trkpt>
      <trkpt lat="47.358518" lon="12.605406">
        <ele>1607.3855</ele>
      </trkpt>
      <trkpt lat="47.358451" lon="12.605326">
        <ele>1606.59159</ele>
      </trkpt>
      <trkpt lat="47.358488" lon="12.605283">
        <ele>1604.51545</ele>
      </trkpt>
      <trkpt lat="47.358593" lon="12.605366">
        <ele>1604.25037</ele>
      </trkpt>
      <trkpt lat="47.358715" lon="12.60543">
        <ele>1603.00352</ele>
      </trkpt>
      <trkpt lat="47.358804" lon="12.605484">
        <ele>1602.58489</ele>
      </trkpt>
      <trkpt lat="47.358858" lon="12.605487">
        <ele>1601.18701</ele>
      </trkpt>
      <trkpt lat="47.3589" lon="12.605444">
        <ele>1598.46469</ele>
      </trkpt>
      <trkpt lat="47.358876" lon="12.605377">
        <ele>1597.20353</ele>
      </trkpt>
      <trkpt lat="47.358862" lon="12.605358">
        <ele>1597.10751</ele>
      </trkpt>
      <trkpt lat="47.358811" lon="12.605336">
        <ele>1597.59873</ele>
      </trkpt>
      <trkpt lat="47.358753" lon="12.605288">
        <ele>1597.1105</ele>
      </trkpt>
      <trkpt lat="47.358717" lon="12.605232">
        <ele>1596.30316</ele>
      </trkpt>
      <trkpt lat="47.358739" lon="12.60519">
        <ele>1595.00955</ele>
      </trkpt>
      <trkpt lat="47.358737" lon="12.60518">
        <ele>1594.77358</ele>
      </trkpt>
      <trkpt lat="47.358766" lon="12.605124">
        <ele>1592.52226</ele>
      </trkpt>
      <trkpt lat="47.358822" lon="12.605135">
        <ele>1591.81151</ele>
      </trkpt>
      <trkpt lat="47.358887" lon="12.605119">
        <ele>1590.0832</ele>
      </trkpt>
      <trkpt lat="47.358911" lon="12.605111">
        <ele>1589.44563</ele>
      </trkpt>
      <trkpt lat="47.358957" lon="12.605107">
        <ele>1588.62158</ele>
      </trkpt>
      <trkpt lat="47.3591" lon="12.605195">
        <ele>1588.17767</ele>
      </trkpt>
      <trkpt lat="47.359122" lon="12.605212">
        <ele>1587.81807</ele>
      </trkpt>
      <trkpt lat="47.359191" lon="12.605263">
        <ele>1586.69578</ele>
      </trkpt>
      <trkpt lat="47.359382" lon="12.605318">
        <ele>1582.35422</ele>
      </trkpt>
      <trkpt lat="47.359503" lon="12.605327">
        <ele>1581.92013</ele>
      </trkpt>
      <trkpt lat="47.359645" lon="12.605307">
        <ele>1580.67118</ele>
      </trkpt>
      <trkpt lat="47.359719" lon="12.605294">
        <ele>1580.27454</ele>
      </trkpt>
      <trkpt lat="47.3597" lon="12.60525">
        <ele>1579.01406</ele>
      </trkpt>
      <trkpt lat="47.35962" lon="12.60524">
        <ele>1578.88586</ele>
      </trkpt>
      <trkpt lat="47.35957" lon="12.60518">
        <ele>1577.50732</ele>
      </trkpt>
      <trkpt lat="47.359583" lon="12.605168">
        <ele>1577.02765</ele>
      </trkpt>
      <trkpt lat="47.359665" lon="12.605092">
        <ele>1574.0298</ele>
      </trkpt>
      <trkpt lat="47.359742" lon="12.605078">
        <ele>1574.0901</ele>
      </trkpt>
      <trkpt lat="47.359829" lon="12.605081">
        <ele>1574.81643</ele>
      </trkpt>
      <trkpt lat="47.359889" lon="12.605061">
        <ele>1573.86408</ele>
      </trkpt>
      <trkpt lat="47.359979" lon="12.605059">
        <ele>1572.54863</ele>
      </trkpt>
      <trkpt lat="47.359993" lon="12.605059">
        <ele>1572.31671</ele>
      </trkpt>
      <trkpt lat="47.360098" lon="12.605055">
        <ele>1570.68972</ele>
      </trkpt>
      <trkpt lat="47.360169" lon="12.605029">
        <ele>1569.47056</ele>
      </trkpt>
      <trkpt lat="47.360177" lon="12.605023">
        <ele>1569.25771</ele>
      </trkpt>
      <trkpt lat="47.360277" lon="12.604961">
        <ele>1568.52832</ele>
      </trkpt>
      <trkpt lat="47.360363" lon="12.604789">
        <ele>1564.26921</ele>
      </trkpt>
      <trkpt lat="47.360387" lon="12.604692">
        <ele>1561.95657</ele>
      </trkpt>
      <trkpt lat="47.360504" lon="12.604682">
        <ele>1563.44228</ele>
      </trkpt>
      <trkpt lat="47.360566" lon="12.604668">
        <ele>1563.78947</ele>
      </trkpt>
      <trkpt lat="47.36067" lon="12.60462">
        <ele>1562.95953</ele>
      </trkpt>
      <trkpt lat="47.360795" lon="12.604655">
        <ele>1563.59977</ele>
      </trkpt>
      <trkpt lat="47.360811" lon="12.604599">
        <ele>1561.81517</ele>
      </trkpt>
      <trkpt lat="47.360713" lon="12.604534">
        <ele>1559.91388</ele>
      </trkpt>
      <trkpt lat="47.360702" lon="12.604475">
        <ele>1558.21065</ele>
      </trkpt>
      <trkpt lat="47.360753" lon="12.604419">
        <ele>1557.24127</ele>
      </trkpt>
      <trkpt lat="47.360877" lon="12.604505">
        <ele>1559.28467</ele>
      </trkpt>
      <trkpt lat="47.36092" lon="12.604473">
        <ele>1558.32195</ele>
      </trkpt>
      <trkpt lat="47.360919" lon="12.604398">
        <ele>1556.91008</ele>
      </trkpt>
      <trkpt lat="47.360871" lon="12.604322">
        <ele>1555.46262</ele>
      </trkpt>
      <trkpt lat="47.360885" lon="12.604271">
        <ele>1554.05828</ele>
      </trkpt>
      <trkpt lat="47.360917" lon="12.604251">
        <ele>1553.19615</ele>
      </trkpt>
      <trkpt lat="47.360961" lon="12.604268">
        <ele>1553.2223</ele>
      </trkpt>
      <trkpt lat="47.361002" lon="12.604294">
        <ele>1553.35242</ele>
      </trkpt>
      <trkpt lat="47.361018" lon="12.604305">
        <ele>1553.31457</ele>
      </trkpt>
      <trkpt lat="47.361075" lon="12.604347">
        <ele>1552.99759</ele>
      </trkpt>
      <trkpt lat="47.361142" lon="12.604341">
        <ele>1551.46339</ele>
      </trkpt>
      <trkpt lat="47.361135" lon="12.604277">
        <ele>1550.04671</ele>
      </trkpt>
      <trkpt lat="47.361071" lon="12.604194">
        <ele>1549.12753</ele>
      </trkpt>
      <trkpt lat="47.361075" lon="12.6041">
        <ele>1546.6357</ele>
      </trkpt>
      <trkpt lat="47.36118" lon="12.60408">
        <ele>1545.08282</ele>
      </trkpt>
      <trkpt lat="47.361191" lon="12.604023">
        <ele>1543.65237</ele>
      </trkpt>
      <trkpt lat="47.3612" lon="12.60398">
        <ele>1542.51377</ele>
      </trkpt>
      <trkpt lat="47.361175" lon="12.603853">
        <ele>1539.96657</ele>
      </trkpt>
      <trkpt lat="47.361172" lon="12.603849">
        <ele>1539.89947</ele>
      </trkpt>
      <trkpt lat="47.361145" lon="12.60382">
        <ele>1539.27592</ele>
      </trkpt>
      <trkpt lat="47.361115" lon="12.603787">
        <ele>1538.22386</ele>
      </trkpt>
      <trkpt lat="47.361036" lon="12.603751">
        <ele>1536.69443</ele>
      </trkpt>
      <trkpt lat="47.360997" lon="12.603742">
        <ele>1536.16319</ele>
      </trkpt>
      <trkpt lat="47.36097" lon="12.60367">
        <ele>1533.93365</ele>
      </trkpt>
      <trkpt lat="47.361004" lon="12.603567">
        <ele>1531.11941</ele>
      </trkpt>
      <trkpt lat="47.361041" lon="12.603509">
        <ele>1529.47617</ele>
      </trkpt>
      <trkpt lat="47.361087" lon="12.603489">
        <ele>1528.83658</ele>
      </trkpt>
      <trkpt lat="47.36141" lon="12.603411">
        <ele>1522.76158</ele>
      </trkpt>
      <trkpt lat="47.361542" lon="12.603456">
        <ele>1520.36413</ele>
      </trkpt>
      <trkpt lat="47.36155" lon="12.60346">
        <ele>1520.1486</ele>
      </trkpt>
      <trkpt lat="47.361893" lon="12.603664">
        <ele>1514.8438</ele>
      </trkpt>
      <trkpt lat="47.362097" lon="12.603837">
        <ele>1512.74276</ele>
      </trkpt>
      <trkpt lat="47.36229" lon="12.60408">
        <ele>1507.55714</ele>
      </trkpt>
      <trkpt lat="47.362367" lon="12.60423">
        <ele>1506.11228</ele>
      </trkpt>
      <trkpt lat="47.362435" lon="12.60438">
        <ele>1504.36318</ele>
      </trkpt>
      <trkpt lat="47.362504" lon="12.604578">
        <ele>1503.22279</ele>
      </trkpt>
      <trkpt lat="47.362511" lon="12.604597">
        <ele>1503.0057</ele>
      </trkpt>
      <trkpt lat="47.362559" lon="12.604728">
        <ele>1502.289</ele>
      </trkpt>
      <trkpt lat="47.362606" lon="12.604825">
        <ele>1501.6633</ele>
      </trkpt>
      <trkpt lat="47.36266" lon="12.60492">
        <ele>1500.62871</ele>
      </trkpt>
      <trkpt lat="47.362684" lon="12.604956">
        <ele>1500.54846</ele>
      </trkpt>
      <trkpt lat="47.36281" lon="12.60515">
        <ele>1500.53096</ele>
      </trkpt>
      <trkpt lat="47.362876" lon="12.605296">
        <ele>1500.46824</ele>
      </trkpt>
      <trkpt lat="47.362924" lon="12.605399">
        <ele>1499.1358</ele>
      </trkpt>
      <trkpt lat="47.362993" lon="12.605563">
        <ele>1499.45011</ele>
      </trkpt>
      <trkpt lat="47.363028" lon="12.605635">
        <ele>1499.84402</ele>
      </trkpt>
      <trkpt lat="47.36314" lon="12.60597">
        <ele>1498.97008</ele>
      </trkpt>
      <trkpt lat="47.363164" lon="12.606016">
        <ele>1498.0385</ele>
      </trkpt>
      <trkpt lat="47.36329" lon="12.60626">
        <ele>1496.36992</ele>
      </trkpt>
      <trkpt lat="47.36332" lon="12.606275">
        <ele>1496.34282</ele>
      </trkpt>
      <trkpt lat="47.363364" lon="12.606275">
        <ele>1496.26432</ele>
      </trkpt>
      <trkpt lat="47.36338" lon="12.606273">
        <ele>1496.37887</ele>
      </trkpt>
      <trkpt lat="47.363448" lon="12.60622">
        <ele>1496.47385</ele>
      </trkpt>
      <trkpt lat="47.363511" lon="12.606134">
        <ele>1496.59094</ele>
      </trkpt>
      <trkpt lat="47.363573" lon="12.606035">
        <ele>1496.58131</ele>
      </trkpt>
      <trkpt lat="47.363576" lon="12.606029">
        <ele>1496.52324</ele>
      </trkpt>
      <trkpt lat="47.363673" lon="12.605875">
        <ele>1495.17717</ele>
      </trkpt>
      <trkpt lat="47.363798" lon="12.605751">
        <ele>1494.01738</ele>
      </trkpt>
      <trkpt lat="47.363892" lon="12.605631">
        <ele>1493.50651</ele>
      </trkpt>
      <trkpt lat="47.364044" lon="12.605471">
        <ele>1492.19947</ele>
      </trkpt>
      <trkpt lat="47.364173" lon="12.605399">
        <ele>1491.36266</ele>
      </trkpt>
      <trkpt lat="47.364328" lon="12.605385">
        <ele>1490.58282</ele>
      </trkpt>
      <trkpt lat="47.364368" lon="12.605382">
        <ele>1490.24255</ele>
      </trkpt>
      <trkpt lat="47.36451" lon="12.605375">
        <ele>1489.30562</ele>
      </trkpt>
      <trkpt lat="47.364702" lon="12.60533">
        <ele>1488.03281</ele>
      </trkpt>
      <trkpt lat="47.364778" lon="12.605286">
        <ele>1487.19239</ele>
      </trkpt>
      <trkpt lat="47.36489" lon="12.605204">
        <ele>1486.19907</ele>
      </trkpt>
      <trkpt lat="47.365262" lon="12.604923">
        <ele>1483.6172</ele>
      </trkpt>
      <trkpt lat="47.365366" lon="12.604841">
        <ele>1483.55442</ele>
      </trkpt>
      <trkpt lat="47.36541" lon="12.604795">
        <ele>1483.46972</ele>
      </trkpt>
      <trkpt lat="47.3654" lon="12.60475">
        <ele>1482.56955</ele>
      </trkpt>
      <trkpt lat="47.365296" lon="12.60476">
        <ele>1481.17839</ele>
      </trkpt>
      <trkpt lat="47.365227" lon="12.604779">
        <ele>1480.56077</ele>
      </trkpt>
      <trkpt lat="47.365139" lon="12.604798">
        <ele>1479.76043</ele>
      </trkpt>
      <trkpt lat="47.364987" lon="12.604802">
        <ele>1477.38728</ele>
      </trkpt>
      <trkpt lat="47.364906" lon="12.604798">
        <ele>1476.2078</ele>
      </trkpt>
      <trkpt lat="47.36483" lon="12.604789">
        <ele>1474.89844</ele>
      </trkpt>
      <trkpt lat="47.364747" lon="12.604771">
        <ele>1472.87277</ele>
      </trkpt>
      <trkpt lat="47.364651" lon="12.604691">
        <ele>1469.45671</ele>
      </trkpt>
      <trkpt lat="47.364599" lon="12.604645">
        <ele>1467.78428</ele>
      </trkpt>
      <trkpt lat="47.36454" lon="12.60462">
        <ele>1466.97597</ele>
      </trkpt>
      <trkpt lat="47.364491" lon="12.604628">
        <ele>1466.53605</ele>
      </trkpt>
      <trkpt lat="47.364418" lon="12.604655">
        <ele>1465.52461</ele>
      </trkpt>
      <trkpt lat="47.364321" lon="12.604662">
        <ele>1463.46631</ele>
      </trkpt>
      <trkpt lat="47.364228" lon="12.604695">
        <ele>1463.77604</ele>
      </trkpt>
      <trkpt lat="47.36414" lon="12.6047">
        <ele>1463.95797</ele>
      </trkpt>
      <trkpt lat="47.364069" lon="12.604662">
        <ele>1462.98465</ele>
      </trkpt>
      <trkpt lat="47.364005" lon="12.604655">
        <ele>1462.91941</ele>
      </trkpt>
      <trkpt lat="47.36396" lon="12.60462">
        <ele>1462.60062</ele>
      </trkpt>
      <trkpt lat="47.363954" lon="12.60455">
        <ele>1461.58751</ele>
      </trkpt>
      <trkpt lat="47.363997" lon="12.604516">
        <ele>1460.97813</ele>
      </trkpt>
      <trkpt lat="47.364047" lon="12.60449">
        <ele>1460.56428</ele>
      </trkpt>
      <trkpt lat="47.364144" lon="12.604409">
        <ele>1460.231</ele>
      </trkpt>
      <trkpt lat="47.364185" lon="12.604341">
        <ele>1459.27171</ele>
      </trkpt>
      <trkpt lat="47.364212" lon="12.604303">
        <ele>1458.61595</ele>
      </trkpt>
      <trkpt lat="47.364347" lon="12.604231">
        <ele>1456.10286</ele>
      </trkpt>
      <trkpt lat="47.364468" lon="12.604161">
        <ele>1454.39157</ele>
      </trkpt>
      <trkpt lat="47.364544" lon="12.604135">
        <ele>1454.33374</ele>
      </trkpt>
      <trkpt lat="47.3646" lon="12.60413">
        <ele>1454.72763</ele>
      </trkpt>
      <trkpt lat="47.364671" lon="12.60409">
        <ele>1454.01692</ele>
      </trkpt>
      <trkpt lat="47.364736" lon="12.604034">
        <ele>1452.94129</ele>
      </trkpt>
      <trkpt lat="47.364825" lon="12.603939">
        <ele>1450.8202</ele>
      </trkpt>
      <trkpt lat="47.364904" lon="12.603902">
        <ele>1449.61047</ele>
      </trkpt>
      <trkpt lat="47.36495" lon="12.60386">
        <ele>1448.31546</ele>
      </trkpt>
      <trkpt lat="47.36503" lon="12.60377">
        <ele>1446.32528</ele>
      </trkpt>
      <trkpt lat="47.365092" lon="12.603729">
        <ele>1444.81251</ele>
      </trkpt>
      <trkpt lat="47.365145" lon="12.603715">
        <ele>1444.50219</ele>
      </trkpt>
      <trkpt lat="47.365197" lon="12.60368">
        <ele>1443.99609</ele>
      </trkpt>
      <trkpt lat="47.365238" lon="12.603598">
        <ele>1443.31881</ele>
      </trkpt>
      <trkpt lat="47.365257" lon="12.603465">
        <ele>1441.54611</ele>
      </trkpt>
      <trkpt lat="47.365293" lon="12.603356">
        <ele>1440.06412</ele>
      </trkpt>
      <trkpt lat="47.365376" lon="12.603297">
        <ele>1438.83029</ele>
      </trkpt>
      <trkpt lat="47.365541" lon="12.603215">
        <ele>1438.106</ele>
      </trkpt>
      <trkpt lat="47.365627" lon="12.603141">
        <ele>1437.66617</ele>
      </trkpt>
      <trkpt lat="47.365665" lon="12.603094">
        <ele>1436.83742</ele>
      </trkpt>
      <trkpt lat="47.365678" lon="12.60306">
        <ele>1436.09606</ele>
      </trkpt>
      <trkpt lat="47.36567" lon="12.60302">
        <ele>1435.11491</ele>
      </trkpt>
      <trkpt lat="47.36563" lon="12.60297">
        <ele>1433.62159</ele>
      </trkpt>
      <trkpt lat="47.365566" lon="12.602948">
        <ele>1432.22898</ele>
      </trkpt>
      <trkpt lat="47.365504" lon="12.602945">
        <ele>1431.85491</ele>
      </trkpt>
      <trkpt lat="47.36545" lon="12.60293">
        <ele>1430.93898</ele>
      </trkpt>
      <trkpt lat="47.36544" lon="12.60286">
        <ele>1429.81176</ele>
      </trkpt>
      <trkpt lat="47.365467" lon="12.602795">
        <ele>1428.92414</ele>
      </trkpt>
      <trkpt lat="47.365566" lon="12.602729">
        <ele>1426.3708</ele>
      </trkpt>
      <trkpt lat="47.36565" lon="12.602674">
        <ele>1424.84523</ele>
      </trkpt>
      <trkpt lat="47.36571" lon="12.60268">
        <ele>1424.58295</ele>
      </trkpt>
      <trkpt lat="47.36587" lon="12.60274">
        <ele>1424.16288</ele>
      </trkpt>
      <trkpt lat="47.36592" lon="12.60271">
        <ele>1422.89147</ele>
      </trkpt>
      <trkpt lat="47.36593" lon="12.60268">
        <ele>1421.87323</ele>
      </trkpt>
      <trkpt lat="47.36592" lon="12.60264">
        <ele>1420.56962</ele>
      </trkpt>
      <trkpt lat="47.3659" lon="12.6026">
        <ele>1419.26087</ele>
      </trkpt>
      <trkpt lat="47.36584" lon="12.60258">
        <ele>1418.99173</ele>
      </trkpt>
      <trkpt lat="47.36569" lon="12.60246">
        <ele>1415.11316</ele>
      </trkpt>
      <trkpt lat="47.36557" lon="12.60241">
        <ele>1414.54854</ele>
      </trkpt>
      <trkpt lat="47.36551" lon="12.60233">
        <ele>1413.69186</ele>
      </trkpt>
      <trkpt lat="47.36543" lon="12.6022">
        <ele>1410.56664</ele>
      </trkpt>
      <trkpt lat="47.36538" lon="12.60216">
        <ele>1408.53103</ele>
      </trkpt>
      <trkpt lat="47.36526" lon="12.60212">
        <ele>1406.32192</ele>
      </trkpt>
      <trkpt lat="47.36519" lon="12.60206">
        <ele>1404.30947</ele>
      </trkpt>
      <trkpt lat="47.36508" lon="12.60201">
        <ele>1402.7842</ele>
      </trkpt>
      <trkpt lat="47.36504" lon="12.60202">
        <ele>1402.74687</ele>
      </trkpt>
      <trkpt lat="47.365013" lon="12.60203">
        <ele>1402.57515</ele>
      </trkpt>
      <trkpt lat="47.364992" lon="12.602074">
        <ele>1402.94772</ele>
      </trkpt>
      <trkpt lat="47.36495" lon="12.60209">
        <ele>1402.26044</ele>
      </trkpt>
      <trkpt lat="47.36493" lon="12.60203">
        <ele>1400.50478</ele>
      </trkpt>
      <trkpt lat="47.364952" lon="12.601951">
        <ele>1399.64537</ele>
      </trkpt>
      <trkpt lat="47.364998" lon="12.601905">
        <ele>1399.42813</ele>
      </trkpt>
      <trkpt lat="47.365057" lon="12.601836">
        <ele>1398.21325</ele>
      </trkpt>
      <trkpt lat="47.365122" lon="12.60179">
        <ele>1398.24192</ele>
      </trkpt>
      <trkpt lat="47.365167" lon="12.60175">
        <ele>1397.4939</ele>
      </trkpt>
      <trkpt lat="47.365265" lon="12.601731">
        <ele>1396.48855</ele>
      </trkpt>
      <trkpt lat="47.365364" lon="12.601706">
        <ele>1395.01965</ele>
      </trkpt>
      <trkpt lat="47.365457" lon="12.601702">
        <ele>1393.38329</ele>
      </trkpt>
      <trkpt lat="47.36553" lon="12.60168">
        <ele>1392.52428</ele>
      </trkpt>
      <trkpt lat="47.36561" lon="12.60163">
        <ele>1391.17462</ele>
      </trkpt>
      <trkpt lat="47.3657" lon="12.601531">
        <ele>1388.09027</ele>
      </trkpt>
      <trkpt lat="47.365764" lon="12.60153">
        <ele>1386.79238</ele>
      </trkpt>
      <trkpt lat="47.3658" lon="12.60156">
        <ele>1386.68877</ele>
      </trkpt>
      <trkpt lat="47.365867" lon="12.60165">
        <ele>1386.21144</ele>
      </trkpt>
      <trkpt lat="47.36592" lon="12.60169">
        <ele>1385.0424</ele>
      </trkpt>
      <trkpt lat="47.36605" lon="12.60156">
        <ele>1379.90826</ele>
      </trkpt>
      <trkpt lat="47.36615" lon="12.60154">
        <ele>1378.72331</ele>
      </trkpt>
      <trkpt lat="47.3662" lon="12.6015">
        <ele>1378.27324</ele>
      </trkpt>
      <trkpt lat="47.36631" lon="12.60133">
        <ele>1376.9569</ele>
      </trkpt>
      <trkpt lat="47.366378" lon="12.601192">
        <ele>1375.1586</ele>
      </trkpt>
      <trkpt lat="47.366444" lon="12.601031">
        <ele>1373.50273</ele>
      </trkpt>
      <trkpt lat="47.366391" lon="12.60099">
        <ele>1372.48336</ele>
      </trkpt>
      <trkpt lat="47.36623" lon="12.60099">
        <ele>1369.23738</ele>
      </trkpt>
      <trkpt lat="47.366144" lon="12.600968">
        <ele>1365.37681</ele>
      </trkpt>
      <trkpt lat="47.366061" lon="12.600927">
        <ele>1363.63314</ele>
      </trkpt>
      <trkpt lat="47.36592" lon="12.600701">
        <ele>1362.31555</ele>
      </trkpt>
      <trkpt lat="47.365838" lon="12.600588">
        <ele>1359.7503</ele>
      </trkpt>
      <trkpt lat="47.365741" lon="12.600531">
        <ele>1358.22421</ele>
      </trkpt>
      <trkpt lat="47.365596" lon="12.60043">
        <ele>1355.6167</ele>
      </trkpt>
      <trkpt lat="47.365544" lon="12.600415">
        <ele>1355.2831</ele>
      </trkpt>
      <trkpt lat="47.365459" lon="12.600402">
        <ele>1354.21574</ele>
      </trkpt>
      <trkpt lat="47.365451" lon="12.600355">
        <ele>1352.10527</ele>
      </trkpt>
      <trkpt lat="47.365506" lon="12.600325">
        <ele>1350.82119</ele>
      </trkpt>
      <trkpt lat="47.36558" lon="12.60034">
        <ele>1351.44879</ele>
      </trkpt>
      <trkpt lat="47.36565" lon="12.60034">
        <ele>1350.9878</ele>
      </trkpt>
      <trkpt lat="47.36565" lon="12.60031">
        <ele>1349.70266</ele>
      </trkpt>
      <trkpt lat="47.36564" lon="12.60028">
        <ele>1348.49739</ele>
      </trkpt>
      <trkpt lat="47.365583" lon="12.600246">
        <ele>1347.12231</ele>
      </trkpt>
      <trkpt lat="47.365505" lon="12.60023">
        <ele>1346.65038</ele>
      </trkpt>
      <trkpt lat="47.365405" lon="12.600228">
        <ele>1346.36716</ele>
      </trkpt>
      <trkpt lat="47.365304" lon="12.600246">
        <ele>1346.71257</ele>
      </trkpt>
      <trkpt lat="47.365302" lon="12.600195">
        <ele>1344.46981</ele>
      </trkpt>
      <trkpt lat="47.365418" lon="12.600122">
        <ele>1341.94663</ele>
      </trkpt>
      <trkpt lat="47.365519" lon="12.600042">
        <ele>1338.64356</ele>
      </trkpt>
      <trkpt lat="47.365661" lon="12.600011">
        <ele>1336.52139</ele>
      </trkpt>
      <trkpt lat="47.365723" lon="12.600005">
        <ele>1335.43269</ele>
      </trkpt>
      <trkpt lat="47.365733" lon="12.599972">
        <ele>1333.87052</ele>
      </trkpt>
      <trkpt lat="47.365716" lon="12.599929">
        <ele>1332.59317</ele>
      </trkpt>
      <trkpt lat="47.36566" lon="12.599893">
        <ele>1332.07949</ele>
      </trkpt>
      <trkpt lat="47.365604" lon="12.599893">
        <ele>1332.58521</ele>
      </trkpt>
      <trkpt lat="47.36554" lon="12.5999">
        <ele>1332.97908</ele>
      </trkpt>
      <trkpt lat="47.365442" lon="12.599888">
        <ele>1332.17045</ele>
      </trkpt>
      <trkpt lat="47.36537" lon="12.599898">
        <ele>1332.2836</ele>
      </trkpt>
      <trkpt lat="47.365251" lon="12.599926">
        <ele>1331.39089</ele>
      </trkpt>
      <trkpt lat="47.365176" lon="12.599922">
        <ele>1329.87878</ele>
      </trkpt>
      <trkpt lat="47.365064" lon="12.599963">
        <ele>1328.53006</ele>
      </trkpt>
      <trkpt lat="47.364916" lon="12.600052">
        <ele>1326.79653</ele>
      </trkpt>
      <trkpt lat="47.3649" lon="12.600018">
        <ele>1325.24565</ele>
      </trkpt>
      <trkpt lat="47.364966" lon="12.599909">
        <ele>1323.3519</ele>
      </trkpt>
      <trkpt lat="47.365033" lon="12.599829">
        <ele>1323.27673</ele>
      </trkpt>
      <trkpt lat="47.365117" lon="12.599747">
        <ele>1322.6397</ele>
      </trkpt>
      <trkpt lat="47.365203" lon="12.59969">
        <ele>1322.15819</ele>
      </trkpt>
      <trkpt lat="47.3653" lon="12.59959">
        <ele>1319.20791</ele>
      </trkpt>
      <trkpt lat="47.365349" lon="12.599535">
        <ele>1317.18646</ele>
      </trkpt>
      <trkpt lat="47.365417" lon="12.599494">
        <ele>1316.34737</ele>
      </trkpt>
      <trkpt lat="47.36548" lon="12.599453">
        <ele>1315.76089</ele>
      </trkpt>
      <trkpt lat="47.36557" lon="12.59942">
        <ele>1315.31107</ele>
      </trkpt>
      <trkpt lat="47.36571" lon="12.599484">
        <ele>1314.51303</ele>
      </trkpt>
      <trkpt lat="47.3659" lon="12.59951">
        <ele>1311.15352</ele>
      </trkpt>
      <trkpt lat="47.36601" lon="12.59949">
        <ele>1309.9278</ele>
      </trkpt>
      <trkpt lat="47.366046" lon="12.59947">
        <ele>1309.17613</ele>
      </trkpt>
      <trkpt lat="47.366037" lon="12.59943">
        <ele>1307.9947</ele>
      </trkpt>
      <trkpt lat="47.366002" lon="12.599388">
        <ele>1307.04738</ele>
      </trkpt>
      <trkpt lat="47.365963" lon="12.599366">
        <ele>1306.80304</ele>
      </trkpt>
      <trkpt lat="47.365975" lon="12.599316">
        <ele>1305.43861</ele>
      </trkpt>
      <trkpt lat="47.366016" lon="12.599271">
        <ele>1303.91642</ele>
      </trkpt>
      <trkpt lat="47.36608" lon="12.599233">
        <ele>1302.37013</ele>
      </trkpt>
      <trkpt lat="47.366198" lon="12.599097">
        <ele>1300.01211</ele>
      </trkpt>
      <trkpt lat="47.36643" lon="12.59889">
        <ele>1298.68983</ele>
      </trkpt>
      <trkpt lat="47.366507" lon="12.598798">
        <ele>1296.39897</ele>
      </trkpt>
      <trkpt lat="47.366606" lon="12.598729">
        <ele>1295.22663</ele>
      </trkpt>
      <trkpt lat="47.366671" lon="12.598665">
        <ele>1295.16434</ele>
      </trkpt>
      <trkpt lat="47.36675" lon="12.598551">
        <ele>1293.87107</ele>
      </trkpt>
      <trkpt lat="47.366806" lon="12.598486">
        <ele>1292.51141</ele>
      </trkpt>
      <trkpt lat="47.36684" lon="12.59846">
        <ele>1291.79987</ele>
      </trkpt>
      <trkpt lat="47.366963" lon="12.598389">
        <ele>1289.75953</ele>
      </trkpt>
      <trkpt lat="47.367116" lon="12.598395">
        <ele>1290.50052</ele>
      </trkpt>
      <trkpt lat="47.367192" lon="12.598368">
        <ele>1290.04193</ele>
      </trkpt>
      <trkpt lat="47.367192" lon="12.598271">
        <ele>1286.8306</ele>
      </trkpt>
      <trkpt lat="47.367079" lon="12.598239">
        <ele>1286.46138</ele>
      </trkpt>
      <trkpt lat="47.366985" lon="12.598202">
        <ele>1285.22192</ele>
      </trkpt>
      <trkpt lat="47.366927" lon="12.598116">
        <ele>1282.64804</ele>
      </trkpt>
      <trkpt lat="47.367003" lon="12.598084">
        <ele>1281.54455</ele>
      </trkpt>
      <trkpt lat="47.367105" lon="12.59811">
        <ele>1281.53884</ele>
      </trkpt>
      <trkpt lat="47.367297" lon="12.598186">
        <ele>1280.96869</ele>
      </trkpt>
      <trkpt lat="47.367424" lon="12.598223">
        <ele>1280.87828</ele>
      </trkpt>
      <trkpt lat="47.367515" lon="12.598202">
        <ele>1279.28575</ele>
      </trkpt>
      <trkpt lat="47.367653" lon="12.598153">
        <ele>1278.50427</ele>
      </trkpt>
      <trkpt lat="47.367882" lon="12.598078">
        <ele>1278.11483</ele>
      </trkpt>
      <trkpt lat="47.368057" lon="12.598025">
        <ele>1276.48149</ele>
      </trkpt>
      <trkpt lat="47.368224" lon="12.597971">
        <ele>1273.65599</ele>
      </trkpt>
      <trkpt lat="47.368413" lon="12.59795">
        <ele>1271.23627</ele>
      </trkpt>
      <trkpt lat="47.368543" lon="12.598046">
        <ele>1273.51083</ele>
      </trkpt>
      <trkpt lat="47.368667" lon="12.597987">
        <ele>1271.6537</ele>
      </trkpt>
      <trkpt lat="47.368594" lon="12.597907">
        <ele>1270.05206</ele>
      </trkpt>
      <trkpt lat="47.368471" lon="12.597848">
        <ele>1269.23664</ele>
      </trkpt>
      <trkpt lat="47.368471" lon="12.597746">
        <ele>1267.16799</ele>
      </trkpt>
      <trkpt lat="47.368547" lon="12.597708">
        <ele>1266.17325</ele>
      </trkpt>
      <trkpt lat="47.368634" lon="12.597644">
        <ele>1263.71104</ele>
      </trkpt>
      <trkpt lat="47.368602" lon="12.597499">
        <ele>1262.01163</ele>
      </trkpt>
      <trkpt lat="47.368587" lon="12.597386">
        <ele>1260.70647</ele>
      </trkpt>
      <trkpt lat="47.368798" lon="12.59692">
        <ele>1255.22928</ele>
      </trkpt>
      <trkpt lat="47.368921" lon="12.596694">
        <ele>1252.42015</ele>
      </trkpt>
      <trkpt lat="47.368732" lon="12.596544">
        <ele>1249.78886</ele>
      </trkpt>
      <trkpt lat="47.36882" lon="12.59634">
        <ele>1242.17194</ele>
      </trkpt>
      <trkpt lat="47.369016" lon="12.596405">
        <ele>1246.66504</ele>
      </trkpt>
      <trkpt lat="47.369118" lon="12.596147">
        <ele>1236.88042</ele>
      </trkpt>
      <trkpt lat="47.369306" lon="12.596265">
        <ele>1241.46531</ele>
      </trkpt>
      <trkpt lat="47.369561" lon="12.596254">
        <ele>1238.10561</ele>
      </trkpt>
      <trkpt lat="47.369851" lon="12.596158">
        <ele>1227.59018</ele>
      </trkpt>
      <trkpt lat="47.369757" lon="12.595922">
        <ele>1220.30669</ele>
      </trkpt>
      <trkpt lat="47.369684" lon="12.595761">
        <ele>1214.68961</ele>
      </trkpt>
      <trkpt lat="47.369561" lon="12.595688">
        <ele>1211.77462</ele>
      </trkpt>
      <trkpt lat="47.3694" lon="12.595577">
        <ele>1209.94317</ele>
      </trkpt>
      <trkpt lat="47.36924" lon="12.5954">
        <ele>1206.2577</ele>
      </trkpt>
      <trkpt lat="47.369292" lon="12.59516">
        <ele>1195.41084</ele>
      </trkpt>
      <trkpt lat="47.369589" lon="12.594925">
        <ele>1188.55549</ele>
      </trkpt>
      <trkpt lat="47.369831" lon="12.594766">
        <ele>1185.70711</ele>
      </trkpt>
      <trkpt lat="47.36997" lon="12.59464">
        <ele>1183.12875</ele>
      </trkpt>
      <trkpt lat="47.370568" lon="12.594406">
        <ele>1169.64459</ele>
      </trkpt>
      <trkpt lat="47.371214" lon="12.594451">
        <ele>1156.25471</ele>
      </trkpt>
      <trkpt lat="47.371494" lon="12.594795">
        <ele>1158.43973</ele>
      </trkpt>
      <trkpt lat="47.371784" lon="12.595042">
        <ele>1150.68927</ele>
      </trkpt>
      <trkpt lat="47.371523" lon="12.594345">
        <ele>1145.1477</ele>
      </trkpt>
      <trkpt lat="47.371966" lon="12.594559">
        <ele>1135.33357</ele>
      </trkpt>
      <trkpt lat="47.371726" lon="12.594109">
        <ele>1130.52175</ele>
      </trkpt>
      <trkpt lat="47.372097" lon="12.594398">
        <ele>1125.82698</ele>
      </trkpt>
      <trkpt lat="47.371922" lon="12.593937">
        <ele>1120.04267</ele>
      </trkpt>
      <trkpt lat="47.37222" lon="12.594216">
        <ele>1116.63421</ele>
      </trkpt>
      <trkpt lat="47.372039" lon="12.593765">
        <ele>1111.2729</ele>
      </trkpt>
      <trkpt lat="47.372336" lon="12.594055">
        <ele>1107.87187</ele>
      </trkpt>
      <trkpt lat="47.372155" lon="12.593604">
        <ele>1102.10849</ele>
      </trkpt>
      <trkpt lat="47.372431" lon="12.593808">
        <ele>1096.75359</ele>
      </trkpt>
      <trkpt lat="47.372336" lon="12.593529">
        <ele>1092.31636</ele>
      </trkpt>
      <trkpt lat="47.372613" lon="12.59384">
        <ele>1090.42971</ele>
      </trkpt>
      <trkpt lat="47.372809" lon="12.59369">
        <ele>1085.35463</ele>
      </trkpt>
      <trkpt lat="47.372954" lon="12.593465">
        <ele>1084.05218</ele>
      </trkpt>
      <trkpt lat="47.373114" lon="12.59325">
        <ele>1083.64864</ele>
      </trkpt>
      <trkpt lat="47.373274" lon="12.593207">
        <ele>1082.9645</ele>
      </trkpt>
      <trkpt lat="47.37343" lon="12.59316">
        <ele>1079.94547</ele>
      </trkpt>
      <trkpt lat="47.37382" lon="12.59293">
        <ele>1073.90615</ele>
      </trkpt>
      <trkpt lat="47.37388" lon="12.59286">
        <ele>1072.97192</ele>
      </trkpt>
      <trkpt lat="47.374036" lon="12.592788">
        <ele>1072.19213</ele>
      </trkpt>
      <trkpt lat="47.374261" lon="12.592761">
        <ele>1070.49028</ele>
      </trkpt>
      <trkpt lat="47.374458" lon="12.592776">
        <ele>1069.5695</ele>
      </trkpt>
      <trkpt lat="47.374557" lon="12.5926">
        <ele>1068.01543</ele>
      </trkpt>
      <trkpt lat="47.374397" lon="12.59214">
        <ele>1069.54005</ele>
      </trkpt>
      <trkpt lat="47.374223" lon="12.591702">
        <ele>1069.90696</ele>
      </trkpt>
      <trkpt lat="47.374164" lon="12.591461">
        <ele>1067.46625</ele>
      </trkpt>
      <trkpt lat="47.374241" lon="12.591292">
        <ele>1067.2071</ele>
      </trkpt>
      <trkpt lat="47.374461" lon="12.591079">
        <ele>1065.62345</ele>
      </trkpt>
      <trkpt lat="47.375198" lon="12.590381">
        <ele>1060.75791</ele>
      </trkpt>
      <trkpt lat="47.375649" lon="12.590007">
        <ele>1057.82427</ele>
      </trkpt>
      <trkpt lat="47.375737" lon="12.589859">
        <ele>1057.4242</ele>
      </trkpt>
      <trkpt lat="47.375725" lon="12.589649">
        <ele>1057.502</ele>
      </trkpt>
      <trkpt lat="47.375649" lon="12.589503">
        <ele>1057.94565</ele>
      </trkpt>
      <trkpt lat="47.374994" lon="12.589082">
        <ele>1062.59472</ele>
      </trkpt>
      <trkpt lat="47.363161" lon="12.581333">
        <ele>1524.76186</ele>
      </trkpt>
      <trkpt lat="47.363044" lon="12.581542">
        <ele>1525.59219</ele>
      </trkpt>
      <trkpt lat="47.363133" lon="12.581644">
        <ele>1525.15866</ele>
      </trkpt>
      <trkpt lat="47.36325" lon="12.581648">
        <ele>1524.27936</ele>
      </trkpt>
      <trkpt lat="47.363369" lon="12.581674">
        <ele>1522.44967</ele>
      </trkpt>
      <trkpt lat="47.363503" lon="12.581706">
        <ele>1520.94729</ele>
      </trkpt>
      <trkpt lat="47.36359" lon="12.581735">
        <ele>1520.36205</ele>
      </trkpt>
      <trkpt lat="47.36363" lon="12.581796">
        <ele>1519.87698</ele>
      </trkpt>
      <trkpt lat="47.363643" lon="12.581864">
        <ele>1519.08663</ele>
      </trkpt>
      <trkpt lat="47.363706" lon="12.581951">
        <ele>1517.38769</ele>
      </trkpt>
      <trkpt lat="47.363835" lon="12.582107">
        <ele>1513.0737</ele>
      </trkpt>
      <trkpt lat="47.363934" lon="12.582224">
        <ele>1509.65122</ele>
      </trkpt>
      <trkpt lat="47.36399" lon="12.582269">
        <ele>1507.8448</ele>
      </trkpt>
      <trkpt lat="47.364042" lon="12.582284">
        <ele>1506.7617</ele>
      </trkpt>
      <trkpt lat="47.364099" lon="12.582264">
        <ele>1506.55026</ele>
      </trkpt>
      <trkpt lat="47.364161" lon="12.582204">
        <ele>1507.33773</ele>
      </trkpt>
      <trkpt lat="47.36421" lon="12.582155">
        <ele>1507.4689</ele>
      </trkpt>
      <trkpt lat="47.36426" lon="12.582091">
        <ele>1507.42669</ele>
      </trkpt>
      <trkpt lat="47.364306" lon="12.582042">
        <ele>1506.8668</ele>
      </trkpt>
      <trkpt lat="47.364367" lon="12.582007">
        <ele>1505.39037</ele>
      </trkpt>
      <trkpt lat="47.364437" lon="12.581966">
        <ele>1503.64669</ele>
      </trkpt>
      <trkpt lat="47.364475" lon="12.581918">
        <ele>1503.28147</ele>
      </trkpt>
      <trkpt lat="47.364501" lon="12.581868">
        <ele>1503.7359</ele>
      </trkpt>
      <trkpt lat="47.364533" lon="12.581818">
        <ele>1504.41936</ele>
      </trkpt>
      <trkpt lat="47.364562" lon="12.581803">
        <ele>1504.33118</ele>
      </trkpt>
      <trkpt lat="47.364576" lon="12.581844">
        <ele>1502.47258</ele>
      </trkpt>
      <trkpt lat="47.364566" lon="12.581934">
        <ele>1499.99485</ele>
      </trkpt>
      <trkpt lat="47.364547" lon="12.581996">
        <ele>1499.33685</ele>
      </trkpt>
      <trkpt lat="47.364521" lon="12.582076">
        <ele>1498.72274</ele>
      </trkpt>
      <trkpt lat="47.364496" lon="12.582163">
        <ele>1498.06326</ele>
      </trkpt>
      <trkpt lat="47.364463" lon="12.582245">
        <ele>1497.56098</ele>
      </trkpt>
      <trkpt lat="47.364421" lon="12.582316">
        <ele>1497.21782</ele>
      </trkpt>
      <trkpt lat="47.364372" lon="12.582395">
        <ele>1496.46211</ele>
      </trkpt>
      <trkpt lat="47.364334" lon="12.582461">
        <ele>1496.11054</ele>
      </trkpt>
      <trkpt lat="47.364302" lon="12.582523">
        <ele>1495.95442</ele>
      </trkpt>
      <trkpt lat="47.364285" lon="12.582585">
        <ele>1495.68741</ele>
      </trkpt>
      <trkpt lat="47.364298" lon="12.582626">
        <ele>1495.19512</ele>
      </trkpt>
      <trkpt lat="47.36433" lon="12.58263">
        <ele>1494.31213</ele>
      </trkpt>
      <trkpt lat="47.364369" lon="12.582609">
        <ele>1493.09388</ele>
      </trkpt>
      <trkpt lat="47.364412" lon="12.582555">
        <ele>1492.18493</ele>
      </trkpt>
      <trkpt lat="47.364453" lon="12.582484">
        <ele>1491.69195</ele>
      </trkpt>
      <trkpt lat="47.364488" lon="12.582427">
        <ele>1491.41869</ele>
      </trkpt>
      <trkpt lat="47.364538" lon="12.582345">
        <ele>1491.69991</ele>
      </trkpt>
      <trkpt lat="47.36458" lon="12.582298">
        <ele>1491.21889</ele>
      </trkpt>
      <trkpt lat="47.364623" lon="12.582264">
        <ele>1490.23304</ele>
      </trkpt>
      <trkpt lat="47.36467" lon="12.582212">
        <ele>1489.50123</ele>
      </trkpt>
      <trkpt lat="47.364712" lon="12.582159">
        <ele>1489.09559</ele>
      </trkpt>
      <trkpt lat="47.364766" lon="12.582113">
        <ele>1487.9929</ele>
      </trkpt>
      <trkpt lat="47.364855" lon="12.582062">
        <ele>1485.47878</ele>
      </trkpt>
      <trkpt lat="47.364956" lon="12.582003">
        <ele>1482.92089</ele>
      </trkpt>
      <trkpt lat="47.365019" lon="12.58196">
        <ele>1481.72987</ele>
      </trkpt>
      <trkpt lat="47.365084" lon="12.581942">
        <ele>1479.85823</ele>
      </trkpt>
      <trkpt lat="47.365158" lon="12.581933">
        <ele>1476.99079</ele>
      </trkpt>
      <trkpt lat="47.365236" lon="12.58188">
        <ele>1475.06099</ele>
      </trkpt>
      <trkpt lat="47.36529" lon="12.581826">
        <ele>1474.60776</ele>
      </trkpt>
      <trkpt lat="47.365342" lon="12.58179">
        <ele>1473.67714</ele>
      </trkpt>
      <trkpt lat="47.365406" lon="12.581784">
        <ele>1471.59973</ele>
      </trkpt>
      <trkpt lat="47.365472" lon="12.581797">
        <ele>1468.85096</ele>
      </trkpt>
      <trkpt lat="47.365507" lon="12.5818">
        <ele>1467.65769</ele>
      </trkpt>
      <trkpt lat="47.365559" lon="12.58178">
        <ele>1467.0257</ele>
      </trkpt>
      <trkpt lat="47.365605" lon="12.581743">
        <ele>1467.61678</ele>
      </trkpt>
      <trkpt lat="47.365651" lon="12.581722">
        <ele>1467.99288</ele>
      </trkpt>
      <trkpt lat="47.365716" lon="12.581719">
        <ele>1467.23596</ele>
      </trkpt>
      <trkpt lat="47.365789" lon="12.581727">
        <ele>1465.3612</ele>
      </trkpt>
      <trkpt lat="47.365867" lon="12.581712">
        <ele>1463.9122</ele>
      </trkpt>
      <trkpt lat="47.365929" lon="12.581699">
        <ele>1461.81204</ele>
      </trkpt>
      <trkpt lat="47.366004" lon="12.581681">
        <ele>1459.24162</ele>
      </trkpt>
      <trkpt lat="47.366058" lon="12.581657">
        <ele>1458.25293</ele>
      </trkpt>
      <trkpt lat="47.36609" lon="12.581628">
        <ele>1458.36769</ele>
      </trkpt>
      <trkpt lat="47.366132" lon="12.5816">
        <ele>1458.6039</ele>
      </trkpt>
      <trkpt lat="47.366168" lon="12.581603">
        <ele>1458.13569</ele>
      </trkpt>
      <trkpt lat="47.366194" lon="12.581641">
        <ele>1457.02644</ele>
      </trkpt>
      <trkpt lat="47.366198" lon="12.581676">
        <ele>1456.40856</ele>
      </trkpt>
      <trkpt lat="47.366173" lon="12.58171">
        <ele>1456.02627</ele>
      </trkpt>
      <trkpt lat="47.366115" lon="12.581756">
        <ele>1455.73329</ele>
      </trkpt>
      <trkpt lat="47.366087" lon="12.581811">
        <ele>1455.1419</ele>
      </trkpt>
      <trkpt lat="47.366066" lon="12.581887">
        <ele>1454.40724</ele>
      </trkpt>
      <trkpt lat="47.366029" lon="12.581966">
        <ele>1453.18008</ele>
      </trkpt>
      <trkpt lat="47.365991" lon="12.58201">
        <ele>1452.88923</ele>
      </trkpt>
      <trkpt lat="47.365923" lon="12.58207">
        <ele>1452.44675</ele>
      </trkpt>
      <trkpt lat="47.365873" lon="12.582103">
        <ele>1452.25291</ele>
      </trkpt>
      <trkpt lat="47.36582" lon="12.582116">
        <ele>1452.40842</ele>
      </trkpt>
      <trkpt lat="47.365808" lon="12.582144">
        <ele>1451.76844</ele>
      </trkpt>
      <trkpt lat="47.365811" lon="12.582192">
        <ele>1450.51564</ele>
      </trkpt>
      <trkpt lat="47.365869" lon="12.582195">
        <ele>1449.72149</ele>
      </trkpt>
      <trkpt lat="47.365938" lon="12.582181">
        <ele>1448.76663</ele>
      </trkpt>
      <trkpt lat="47.366036" lon="12.582124">
        <ele>1447.82181</ele>
      </trkpt>
      <trkpt lat="47.366105" lon="12.582087">
        <ele>1446.36407</ele>
      </trkpt>
      <trkpt lat="47.366155" lon="12.582045">
        <ele>1445.46785</ele>
      </trkpt>
      <trkpt lat="47.366202" lon="12.582008">
        <ele>1444.87144</ele>
      </trkpt>
      <trkpt lat="47.366277" lon="12.581979">
        <ele>1443.90136</ele>
      </trkpt>
      <trkpt lat="47.366355" lon="12.581946">
        <ele>1443.11762</ele>
      </trkpt>
      <trkpt lat="47.366406" lon="12.581906">
        <ele>1442.54757</ele>
      </trkpt>
      <trkpt lat="47.366459" lon="12.581847">
        <ele>1441.90949</ele>
      </trkpt>
      <trkpt lat="47.366525" lon="12.581807">
        <ele>1440.40734</ele>
      </trkpt>
      <trkpt lat="47.366592" lon="12.581788">
        <ele>1438.83041</ele>
      </trkpt>
      <trkpt lat="47.366753" lon="12.581739">
        <ele>1436.13043</ele>
      </trkpt>
      <trkpt lat="47.366871" lon="12.581694">
        <ele>1433.41423</ele>
      </trkpt>
      <trkpt lat="47.36696" lon="12.581647">
        <ele>1430.8487</ele>
      </trkpt>
      <trkpt lat="47.367051" lon="12.581583">
        <ele>1426.805</ele>
      </trkpt>
      <trkpt lat="47.367134" lon="12.581478">
        <ele>1423.47521</ele>
      </trkpt>
      <trkpt lat="47.36718" lon="12.581388">
        <ele>1424.21328</ele>
      </trkpt>
      <trkpt lat="47.367242" lon="12.581318">
        <ele>1424.33147</ele>
      </trkpt>
      <trkpt lat="47.367306" lon="12.581302">
        <ele>1424.07565</ele>
      </trkpt>
      <trkpt lat="47.367394" lon="12.581287">
        <ele>1423.79921</ele>
      </trkpt>
      <trkpt lat="47.36746" lon="12.581293">
        <ele>1423.1675</ele>
      </trkpt>
      <trkpt lat="47.367523" lon="12.5813">
        <ele>1422.81396</ele>
      </trkpt>
      <trkpt lat="47.367623" lon="12.581325">
        <ele>1422.15027</ele>
      </trkpt>
      <trkpt lat="47.367684" lon="12.581316">
        <ele>1422.13752</ele>
      </trkpt>
      <trkpt lat="47.367776" lon="12.581324">
        <ele>1421.54917</ele>
      </trkpt>
      <trkpt lat="47.36782" lon="12.581339">
        <ele>1421.32759</ele>
      </trkpt>
      <trkpt lat="47.367861" lon="12.581354">
        <ele>1421.08674</ele>
      </trkpt>
      <trkpt lat="47.367915" lon="12.581362">
        <ele>1420.87697</ele>
      </trkpt>
      <trkpt lat="47.367948" lon="12.581375">
        <ele>1420.65926</ele>
      </trkpt>
      <trkpt lat="47.368011" lon="12.581426">
        <ele>1419.83239</ele>
      </trkpt>
      <trkpt lat="47.368048" lon="12.581504">
        <ele>1418.39312</ele>
      </trkpt>
      <trkpt lat="47.368066" lon="12.581573">
        <ele>1417.02503</ele>
      </trkpt>
      <trkpt lat="47.36808" lon="12.581685">
        <ele>1414.97954</ele>
      </trkpt>
      <trkpt lat="47.368114" lon="12.581741">
        <ele>1413.99401</ele>
      </trkpt>
      <trkpt lat="47.368163" lon="12.58179">
        <ele>1413.01331</ele>
      </trkpt>
      <trkpt lat="47.368197" lon="12.581839">
        <ele>1411.7544</ele>
      </trkpt>
      <trkpt lat="47.368201" lon="12.581898">
        <ele>1410.55755</ele>
      </trkpt>
      <trkpt lat="47.368184" lon="12.581929">
        <ele>1410.2478</ele>
      </trkpt>
      <trkpt lat="47.368139" lon="12.581981">
        <ele>1409.42091</ele>
      </trkpt>
      <trkpt lat="47.368098" lon="12.582037">
        <ele>1408.43985</ele>
      </trkpt>
      <trkpt lat="47.368086" lon="12.582091">
        <ele>1407.4639</ele>
      </trkpt>
      <trkpt lat="47.368093" lon="12.582153">
        <ele>1406.18361</ele>
      </trkpt>
      <trkpt lat="47.368109" lon="12.582245">
        <ele>1404.05119</ele>
      </trkpt>
      <trkpt lat="47.368127" lon="12.582333">
        <ele>1401.97779</ele>
      </trkpt>
      <trkpt lat="47.368146" lon="12.582455">
        <ele>1398.98715</ele>
      </trkpt>
      <trkpt lat="47.368163" lon="12.582649">
        <ele>1394.24355</ele>
      </trkpt>
      <trkpt lat="47.368123" lon="12.582777">
        <ele>1392.36867</ele>
      </trkpt>
      <trkpt lat="47.368122" lon="12.582918">
        <ele>1389.88188</ele>
      </trkpt>
      <trkpt lat="47.368159" lon="12.583045">
        <ele>1387.00154</ele>
      </trkpt>
      <trkpt lat="47.368209" lon="12.58316">
        <ele>1384.17491</ele>
      </trkpt>
      <trkpt lat="47.368268" lon="12.583289">
        <ele>1380.82913</ele>
      </trkpt>
      <trkpt lat="47.368329" lon="12.583429">
        <ele>1377.13527</ele>
      </trkpt>
      <trkpt lat="47.36838" lon="12.583517">
        <ele>1373.70871</ele>
      </trkpt>
      <trkpt lat="47.368434" lon="12.583577">
        <ele>1370.77403</ele>
      </trkpt>
      <trkpt lat="47.368465" lon="12.583639">
        <ele>1368.71696</ele>
      </trkpt>
      <trkpt lat="47.368523" lon="12.583684">
        <ele>1366.28516</ele>
      </trkpt>
      <trkpt lat="47.368615" lon="12.583686">
        <ele>1363.60456</ele>
      </trkpt>
      <trkpt lat="47.368674" lon="12.583651">
        <ele>1362.01242</ele>
      </trkpt>
      <trkpt lat="47.368749" lon="12.583557">
        <ele>1359.76669</ele>
      </trkpt>
      <trkpt lat="47.368846" lon="12.58337">
        <ele>1357.70206</ele>
      </trkpt>
      <trkpt lat="47.368912" lon="12.583209">
        <ele>1354.82716</ele>
      </trkpt>
      <trkpt lat="47.368974" lon="12.583059">
        <ele>1353.89883</ele>
      </trkpt>
      <trkpt lat="47.369014" lon="12.582961">
        <ele>1354.5621</ele>
      </trkpt>
      <trkpt lat="47.369076" lon="12.582893">
        <ele>1354.30382</ele>
      </trkpt>
      <trkpt lat="47.36913" lon="12.582871">
        <ele>1353.48194</ele>
      </trkpt>
      <trkpt lat="47.369167" lon="12.582894">
        <ele>1352.15856</ele>
      </trkpt>
      <trkpt lat="47.369216" lon="12.582962">
        <ele>1350.03267</ele>
      </trkpt>
      <trkpt lat="47.369256" lon="12.583007">
        <ele>1348.71897</ele>
      </trkpt>
      <trkpt lat="47.369305" lon="12.583049">
        <ele>1347.7794</ele>
      </trkpt>
      <trkpt lat="47.369357" lon="12.583094">
        <ele>1347.14383</ele>
      </trkpt>
      <trkpt lat="47.369407" lon="12.583115">
        <ele>1346.79316</ele>
      </trkpt>
      <trkpt lat="47.369467" lon="12.583102">
        <ele>1346.33607</ele>
      </trkpt>
      <trkpt lat="47.369562" lon="12.583044">
        <ele>1345.85974</ele>
      </trkpt>
      <trkpt lat="47.369663" lon="12.582969">
        <ele>1345.40777</ele>
      </trkpt>
      <trkpt lat="47.369733" lon="12.582896">
        <ele>1344.97493</ele>
      </trkpt>
      <trkpt lat="47.369795" lon="12.582813">
        <ele>1344.43708</ele>
      </trkpt>
      <trkpt lat="47.369845" lon="12.582686">
        <ele>1344.10088</ele>
      </trkpt>
      <trkpt lat="47.36987" lon="12.582629">
        <ele>1343.81125</ele>
      </trkpt>
      <trkpt lat="47.369918" lon="12.582576">
        <ele>1342.81084</ele>
      </trkpt>
      <trkpt lat="47.36996" lon="12.582521">
        <ele>1342.45694</ele>
      </trkpt>
      <trkpt lat="47.369997" lon="12.582455">
        <ele>1342.65526</ele>
      </trkpt>
      <trkpt lat="47.37002" lon="12.582405">
        <ele>1342.86852</ele>
      </trkpt>
      <trkpt lat="47.370051" lon="12.582345">
        <ele>1342.5427</ele>
      </trkpt>
      <trkpt lat="47.370082" lon="12.582301">
        <ele>1341.7301</ele>
      </trkpt>
      <trkpt lat="47.370135" lon="12.582253">
        <ele>1340.38401</ele>
      </trkpt>
      <trkpt lat="47.370193" lon="12.582175">
        <ele>1339.76799</ele>
      </trkpt>
      <trkpt lat="47.370237" lon="12.582113">
        <ele>1339.37468</ele>
      </trkpt>
      <trkpt lat="47.370321" lon="12.58201">
        <ele>1337.73712</ele>
      </trkpt>
      <trkpt lat="47.370375" lon="12.581942">
        <ele>1336.38671</ele>
      </trkpt>
      <trkpt lat="47.370432" lon="12.581848">
        <ele>1336.76209</ele>
      </trkpt>
      <trkpt lat="47.370467" lon="12.581793">
        <ele>1336.72909</ele>
      </trkpt>
      <trkpt lat="47.370503" lon="12.581785">
        <ele>1336.19988</ele>
      </trkpt>
      <trkpt lat="47.370527" lon="12.581818">
        <ele>1335.44674</ele>
      </trkpt>
      <trkpt lat="47.370545" lon="12.581892">
        <ele>1334.30904</ele>
      </trkpt>
      <trkpt lat="47.370569" lon="12.581972">
        <ele>1332.78834</ele>
      </trkpt>
      <trkpt lat="47.370591" lon="12.582076">
        <ele>1331.16949</ele>
      </trkpt>
      <trkpt lat="47.370609" lon="12.582138">
        <ele>1329.73476</ele>
      </trkpt>
      <trkpt lat="47.370602" lon="12.582202">
        <ele>1328.98964</ele>
      </trkpt>
      <trkpt lat="47.370579" lon="12.582257">
        <ele>1328.5438</ele>
      </trkpt>
      <trkpt lat="47.370549" lon="12.582295">
        <ele>1328.02404</ele>
      </trkpt>
      <trkpt lat="47.370503" lon="12.582322">
        <ele>1326.95774</ele>
      </trkpt>
      <trkpt lat="47.37046" lon="12.582352">
        <ele>1326.13849</ele>
      </trkpt>
      <trkpt lat="47.370425" lon="12.582409">
        <ele>1324.96724</ele>
      </trkpt>
      <trkpt lat="47.370399" lon="12.582472">
        <ele>1323.82834</ele>
      </trkpt>
      <trkpt lat="47.370372" lon="12.582551">
        <ele>1323.266</ele>
      </trkpt>
      <trkpt lat="47.370333" lon="12.582687">
        <ele>1323.71973</ele>
      </trkpt>
      <trkpt lat="47.370321" lon="12.582782">
        <ele>1323.30663</ele>
      </trkpt>
      <trkpt lat="47.370308" lon="12.582912">
        <ele>1322.22182</ele>
      </trkpt>
      <trkpt lat="47.370297" lon="12.583006">
        <ele>1321.51363</ele>
      </trkpt>
      <trkpt lat="47.370293" lon="12.583118">
        <ele>1319.85956</ele>
      </trkpt>
      <trkpt lat="47.370324" lon="12.583222">
        <ele>1316.97517</ele>
      </trkpt>
      <trkpt lat="47.370347" lon="12.583349">
        <ele>1314.49573</ele>
      </trkpt>
      <trkpt lat="47.370353" lon="12.583458">
        <ele>1312.64998</ele>
      </trkpt>
      <trkpt lat="47.370347" lon="12.583566">
        <ele>1310.5136</ele>
      </trkpt>
      <trkpt lat="47.370321" lon="12.583707">
        <ele>1307.80244</ele>
      </trkpt>
      <trkpt lat="47.370308" lon="12.583835">
        <ele>1305.42417</ele>
      </trkpt>
      <trkpt lat="47.370282" lon="12.583949">
        <ele>1303.99252</ele>
      </trkpt>
      <trkpt lat="47.370238" lon="12.584077">
        <ele>1302.43947</ele>
      </trkpt>
      <trkpt lat="47.370187" lon="12.584191">
        <ele>1301.65363</ele>
      </trkpt>
      <trkpt lat="47.370118" lon="12.584365">
        <ele>1300.92068</ele>
      </trkpt>
      <trkpt lat="47.370081" lon="12.584492">
        <ele>1300.0942</ele>
      </trkpt>
      <trkpt lat="47.370076" lon="12.584589">
        <ele>1298.41152</ele>
      </trkpt>
      <trkpt lat="47.37009" lon="12.584728">
        <ele>1295.39079</ele>
      </trkpt>
      <trkpt lat="47.37011" lon="12.584939">
        <ele>1290.95878</ele>
      </trkpt>
      <trkpt lat="47.370131" lon="12.585126">
        <ele>1287.55196</ele>
      </trkpt>
      <trkpt lat="47.370154" lon="12.585278">
        <ele>1285.51145</ele>
      </trkpt>
      <trkpt lat="47.370167" lon="12.585369">
        <ele>1284.26836</ele>
      </trkpt>
      <trkpt lat="47.370168" lon="12.585464">
        <ele>1284.28641</ele>
      </trkpt>
      <trkpt lat="47.370284" lon="12.585594">
        <ele>1281.42892</ele>
      </trkpt>
      <trkpt lat="47.370444" lon="12.585754">
        <ele>1275.61976</ele>
      </trkpt>
      <trkpt lat="47.370627" lon="12.58595">
        <ele>1270.6878</ele>
      </trkpt>
      <trkpt lat="47.370818" lon="12.586135">
        <ele>1266.82447</ele>
      </trkpt>
      <trkpt lat="47.370939" lon="12.586286">
        <ele>1263.07991</ele>
      </trkpt>
      <trkpt lat="47.370976" lon="12.586355">
        <ele>1261.49656</ele>
      </trkpt>
      <trkpt lat="47.371015" lon="12.58647">
        <ele>1259.28523</ele>
      </trkpt>
      <trkpt lat="47.37103" lon="12.586597">
        <ele>1257.93051</ele>
      </trkpt>
      <trkpt lat="47.371032" lon="12.586743">
        <ele>1255.66354</ele>
      </trkpt>
      <trkpt lat="47.371034" lon="12.586903">
        <ele>1253.00157</ele>
      </trkpt>
      <trkpt lat="47.37104" lon="12.58706">
        <ele>1250.1504</ele>
      </trkpt>
      <trkpt lat="47.37104" lon="12.587188">
        <ele>1248.29034</ele>
      </trkpt>
      <trkpt lat="47.371041" lon="12.587286">
        <ele>1246.74714</ele>
      </trkpt>
      <trkpt lat="47.371046" lon="12.58735">
        <ele>1245.45915</ele>
      </trkpt>
      <trkpt lat="47.371073" lon="12.587358">
        <ele>1244.4701</ele>
      </trkpt>
      <trkpt lat="47.371103" lon="12.587335">
        <ele>1244.01492</ele>
      </trkpt>
      <trkpt lat="47.371145" lon="12.587287">
        <ele>1243.34224</ele>
      </trkpt>
      <trkpt lat="47.37121" lon="12.58722">
        <ele>1242.26181</ele>
      </trkpt>
      <trkpt lat="47.371281" lon="12.587157">
        <ele>1240.6105</ele>
      </trkpt>
      <trkpt lat="47.371372" lon="12.587066">
        <ele>1238.13802</ele>
      </trkpt>
      <trkpt lat="47.371439" lon="12.586975">
        <ele>1236.57472</ele>
      </trkpt>
      <trkpt lat="47.371509" lon="12.586828">
        <ele>1235.11244</ele>
      </trkpt>
      <trkpt lat="47.371555" lon="12.58672">
        <ele>1234.59169</ele>
      </trkpt>
      <trkpt lat="47.371592" lon="12.586688">
        <ele>1233.43993</ele>
      </trkpt>
      <trkpt lat="47.371642" lon="12.586641">
        <ele>1232.1282</ele>
      </trkpt>
      <trkpt lat="47.371688" lon="12.586582">
        <ele>1230.75936</ele>
      </trkpt>
      <trkpt lat="47.371723" lon="12.586526">
        <ele>1229.05498</ele>
      </trkpt>
      <trkpt lat="47.371741" lon="12.586475">
        <ele>1227.94832</ele>
      </trkpt>
      <trkpt lat="47.371742" lon="12.586369">
        <ele>1226.48607</ele>
      </trkpt>
      <trkpt lat="47.371724" lon="12.586269">
        <ele>1225.75861</ele>
      </trkpt>
      <trkpt lat="47.371707" lon="12.586209">
        <ele>1225.8084</ele>
      </trkpt>
      <trkpt lat="47.3717" lon="12.586124">
        <ele>1224.99938</ele>
      </trkpt>
      <trkpt lat="47.371708" lon="12.586036">
        <ele>1223.33652</ele>
      </trkpt>
      <trkpt lat="47.371704" lon="12.585895">
        <ele>1220.973</ele>
      </trkpt>
      <trkpt lat="47.371705" lon="12.585777">
        <ele>1218.52752</ele>
      </trkpt>
      <trkpt lat="47.371711" lon="12.585698">
        <ele>1217.17581</ele>
      </trkpt>
      <trkpt lat="47.371728" lon="12.58563">
        <ele>1216.26218</ele>
      </trkpt>
      <trkpt lat="47.371752" lon="12.585569">
        <ele>1216.08544</ele>
      </trkpt>
      <trkpt lat="47.371782" lon="12.585514">
        <ele>1215.80816</ele>
      </trkpt>
      <trkpt lat="47.371812" lon="12.585461">
        <ele>1215.30585</ele>
      </trkpt>
      <trkpt lat="47.371853" lon="12.585396">
        <ele>1214.51393</ele>
      </trkpt>
      <trkpt lat="47.371882" lon="12.58532">
        <ele>1214.28862</ele>
      </trkpt>
      <trkpt lat="47.371897" lon="12.585258">
        <ele>1214.29094</ele>
      </trkpt>
      <trkpt lat="47.371895" lon="12.585212">
        <ele>1214.64118</ele>
      </trkpt>
      <trkpt lat="47.371886" lon="12.58516">
        <ele>1215.19418</ele>
      </trkpt>
      <trkpt lat="47.371891" lon="12.585134">
        <ele>1214.97145</ele>
      </trkpt>
      <trkpt lat="47.371912" lon="12.58513">
        <ele>1214.05606</ele>
      </trkpt>
      <trkpt lat="47.371936" lon="12.585142">
        <ele>1213.03989</ele>
      </trkpt>
      <trkpt lat="47.371967" lon="12.585183">
        <ele>1211.70359</ele>
      </trkpt>
      <trkpt lat="47.371986" lon="12.585229">
        <ele>1210.73273</ele>
      </trkpt>
      <trkpt lat="47.372005" lon="12.585319">
        <ele>1209.35276</ele>
      </trkpt>
      <trkpt lat="47.372013" lon="12.585398">
        <ele>1208.25774</ele>
      </trkpt>
      <trkpt lat="47.372022" lon="12.585465">
        <ele>1207.08848</ele>
      </trkpt>
      <trkpt lat="47.372034" lon="12.585532">
        <ele>1205.78179</ele>
      </trkpt>
      <trkpt lat="47.37204" lon="12.585617">
        <ele>1204.45213</ele>
      </trkpt>
      <trkpt lat="47.372044" lon="12.585698">
        <ele>1203.06789</ele>
      </trkpt>
      <trkpt lat="47.372043" lon="12.585766">
        <ele>1202.14021</ele>
      </trkpt>
      <trkpt lat="47.372044" lon="12.585829">
        <ele>1201.58541</ele>
      </trkpt>
      <trkpt lat="47.372061" lon="12.585843">
        <ele>1200.64223</ele>
      </trkpt>
      <trkpt lat="47.372087" lon="12.585847">
        <ele>1199.30443</ele>
      </trkpt>
      <trkpt lat="47.372118" lon="12.585822">
        <ele>1198.17421</ele>
      </trkpt>
      <trkpt lat="47.372145" lon="12.585773">
        <ele>1197.83158</ele>
      </trkpt>
      <trkpt lat="47.372162" lon="12.58573">
        <ele>1197.88443</ele>
      </trkpt>
      <trkpt lat="47.372204" lon="12.58566">
        <ele>1197.383</ele>
      </trkpt>
      <trkpt lat="47.372236" lon="12.585601">
        <ele>1196.90992</ele>
      </trkpt>
      <trkpt lat="47.372271" lon="12.585533">
        <ele>1196.15245</ele>
      </trkpt>
      <trkpt lat="47.372295" lon="12.585482">
        <ele>1195.40635</ele>
      </trkpt>
      <trkpt lat="47.372305" lon="12.585423">
        <ele>1195.1095</ele>
      </trkpt>
      <trkpt lat="47.372315" lon="12.585377">
        <ele>1194.64894</ele>
      </trkpt>
      <trkpt lat="47.372329" lon="12.585355">
        <ele>1193.98561</ele>
      </trkpt>
      <trkpt lat="47.372357" lon="12.585353">
        <ele>1192.81629</ele>
      </trkpt>
      <trkpt lat="47.372388" lon="12.58537">
        <ele>1191.57864</ele>
      </trkpt>
      <trkpt lat="47.372408" lon="12.585403">
        <ele>1190.81998</ele>
      </trkpt>
      <trkpt lat="47.372428" lon="12.585454">
        <ele>1190.01546</ele>
      </trkpt>
      <trkpt lat="47.372458" lon="12.585519">
        <ele>1188.86017</ele>
      </trkpt>
      <trkpt lat="47.372481" lon="12.58557">
        <ele>1188.01362</ele>
      </trkpt>
      <trkpt lat="47.372487" lon="12.585636">
        <ele>1187.77291</ele>
      </trkpt>
      <trkpt lat="47.372503" lon="12.585667">
        <ele>1187.1901</ele>
      </trkpt>
      <trkpt lat="47.372522" lon="12.585671">
        <ele>1186.57445</ele>
      </trkpt>
      <trkpt lat="47.372551" lon="12.585672">
        <ele>1185.65605</ele>
      </trkpt>
      <trkpt lat="47.372572" lon="12.585643">
        <ele>1184.94065</ele>
      </trkpt>
      <trkpt lat="47.372588" lon="12.585605">
        <ele>1184.26607</ele>
      </trkpt>
      <trkpt lat="47.372592" lon="12.585536">
        <ele>1183.61363</ele>
      </trkpt>
      <trkpt lat="47.372584" lon="12.585485">
        <ele>1183.4014</ele>
      </trkpt>
      <trkpt lat="47.372574" lon="12.585435">
        <ele>1183.21084</ele>
      </trkpt>
      <trkpt lat="47.372568" lon="12.58539">
        <ele>1182.94209</ele>
      </trkpt>
      <trkpt lat="47.37256" lon="12.585344">
        <ele>1182.8498</ele>
      </trkpt>
      <trkpt lat="47.372586" lon="12.585321">
        <ele>1181.45701</ele>
      </trkpt>
      <trkpt lat="47.372609" lon="12.585321">
        <ele>1180.47395</ele>
      </trkpt>
      <trkpt lat="47.372647" lon="12.585354">
        <ele>1179.4513</ele>
      </trkpt>
      <trkpt lat="47.372681" lon="12.585396">
        <ele>1178.89646</ele>
      </trkpt>
      <trkpt lat="47.372719" lon="12.585439">
        <ele>1178.31428</ele>
      </trkpt>
      <trkpt lat="47.37276" lon="12.585461">
        <ele>1177.54502</ele>
      </trkpt>
      <trkpt lat="47.372817" lon="12.585522">
        <ele>1177.07708</ele>
      </trkpt>
      <trkpt lat="47.372855" lon="12.585624">
        <ele>1176.47263</ele>
      </trkpt>
      <trkpt lat="47.372888" lon="12.585738">
        <ele>1175.41537</ele>
      </trkpt>
      <trkpt lat="47.372908" lon="12.585793">
        <ele>1174.40544</ele>
      </trkpt>
      <trkpt lat="47.372924" lon="12.585924">
        <ele>1172.59733</ele>
      </trkpt>
      <trkpt lat="47.372944" lon="12.58606">
        <ele>1170.60575</ele>
      </trkpt>
      <trkpt lat="47.372957" lon="12.58616">
        <ele>1168.84156</ele>
      </trkpt>
      <trkpt lat="47.372988" lon="12.586215">
        <ele>1167.44345</ele>
      </trkpt>
      <trkpt lat="47.373027" lon="12.586228">
        <ele>1166.52436</ele>
      </trkpt>
      <trkpt lat="47.373071" lon="12.586198">
        <ele>1165.78046</ele>
      </trkpt>
      <trkpt lat="47.373112" lon="12.586132">
        <ele>1164.72686</ele>
      </trkpt>
      <trkpt lat="47.373148" lon="12.586042">
        <ele>1162.82612</ele>
      </trkpt>
      <trkpt lat="47.373177" lon="12.585932">
        <ele>1161.1568</ele>
      </trkpt>
      <trkpt lat="47.373203" lon="12.585825">
        <ele>1159.69361</ele>
      </trkpt>
      <trkpt lat="47.373277" lon="12.585676">
        <ele>1155.53431</ele>
      </trkpt>
      <trkpt lat="47.37333" lon="12.585582">
        <ele>1152.41031</ele>
      </trkpt>
      <trkpt lat="47.373355" lon="12.585527">
        <ele>1151.16128</ele>
      </trkpt>
      <trkpt lat="47.373368" lon="12.585437">
        <ele>1150.07086</ele>
      </trkpt>
      <trkpt lat="47.373372" lon="12.585352">
        <ele>1149.1843</ele>
      </trkpt>
      <trkpt lat="47.373346" lon="12.585243">
        <ele>1149.02754</ele>
      </trkpt>
      <trkpt lat="47.373318" lon="12.585174">
        <ele>1148.84255</ele>
      </trkpt>
      <trkpt lat="47.373307" lon="12.58509">
        <ele>1148.23755</ele>
      </trkpt>
      <trkpt lat="47.373332" lon="12.585065">
        <ele>1147.76805</ele>
      </trkpt>
      <trkpt lat="47.373392" lon="12.585064">
        <ele>1146.88428</ele>
      </trkpt>
      <trkpt lat="47.373463" lon="12.585071">
        <ele>1145.4267</ele>
      </trkpt>
      <trkpt lat="47.373536" lon="12.585106">
        <ele>1143.74086</ele>
      </trkpt>
      <trkpt lat="47.373619" lon="12.585162">
        <ele>1143.02887</ele>
      </trkpt>
      <trkpt lat="47.37367" lon="12.585241">
        <ele>1142.94314</ele>
      </trkpt>
      <trkpt lat="47.373708" lon="12.585352">
        <ele>1142.72213</ele>
      </trkpt>
      <trkpt lat="47.373729" lon="12.585453">
        <ele>1142.41107</ele>
      </trkpt>
      <trkpt lat="47.373745" lon="12.585561">
        <ele>1142.07878</ele>
      </trkpt>
      <trkpt lat="47.373745" lon="12.585671">
        <ele>1142.22376</ele>
      </trkpt>
      <trkpt lat="47.373752" lon="12.585769">
        <ele>1142.14674</ele>
      </trkpt>
      <trkpt lat="47.373785" lon="12.585875">
        <ele>1141.18776</ele>
      </trkpt>
      <trkpt lat="47.373822" lon="12.586054">
        <ele>1139.12518</ele>
      </trkpt>
      <trkpt lat="47.373839" lon="12.586158">
        <ele>1138.08399</ele>
      </trkpt>
      <trkpt lat="47.373844" lon="12.586227">
        <ele>1137.65811</ele>
      </trkpt>
      <trkpt lat="47.373837" lon="12.586313">
        <ele>1137.52609</ele>
      </trkpt>
      <trkpt lat="47.373839" lon="12.586375">
        <ele>1137.14712</ele>
      </trkpt>
      <trkpt lat="47.373855" lon="12.586419">
        <ele>1136.22049</ele>
      </trkpt>
      <trkpt lat="47.37389" lon="12.586423">
        <ele>1135.27155</ele>
      </trkpt>
      <trkpt lat="47.373924" lon="12.58639">
        <ele>1134.6105</ele>
      </trkpt>
      <trkpt lat="47.373955" lon="12.586327">
        <ele>1133.63857</ele>
      </trkpt>
      <trkpt lat="47.373985" lon="12.586206">
        <ele>1132.59158</ele>
      </trkpt>
      <trkpt lat="47.374012" lon="12.58607">
        <ele>1131.75315</ele>
      </trkpt>
      <trkpt lat="47.374026" lon="12.585979">
        <ele>1131.33652</ele>
      </trkpt>
      <trkpt lat="47.374034" lon="12.5859">
        <ele>1131.04576</ele>
      </trkpt>
      <trkpt lat="47.374034" lon="12.585798">
        <ele>1130.82288</ele>
      </trkpt>
      <trkpt lat="47.374051" lon="12.585718">
        <ele>1129.82813</ele>
      </trkpt>
      <trkpt lat="47.37407" lon="12.585648">
        <ele>1128.66873</ele>
      </trkpt>
      <trkpt lat="47.374097" lon="12.585545">
        <ele>1126.87241</ele>
      </trkpt>
      <trkpt lat="47.374116" lon="12.585457">
        <ele>1125.40451</ele>
      </trkpt>
      <trkpt lat="47.374129" lon="12.585288">
        <ele>1123.77811</ele>
      </trkpt>
      <trkpt lat="47.374135" lon="12.58517">
        <ele>1123.18271</ele>
      </trkpt>
      <trkpt lat="47.374134" lon="12.585021">
        <ele>1122.72106</ele>
      </trkpt>
      <trkpt lat="47.374133" lon="12.584901">
        <ele>1122.23859</ele>
      </trkpt>
      <trkpt lat="47.374137" lon="12.584773">
        <ele>1121.80613</ele>
      </trkpt>
      <trkpt lat="47.374138" lon="12.58468">
        <ele>1121.4176</ele>
      </trkpt>
      <trkpt lat="47.374154" lon="12.584591">
        <ele>1120.28961</ele>
      </trkpt>
      <trkpt lat="47.374178" lon="12.584575">
        <ele>1119.4675</ele>
      </trkpt>
      <trkpt lat="47.374209" lon="12.584597">
        <ele>1118.81321</ele>
      </trkpt>
      <trkpt lat="47.374233" lon="12.584649">
        <ele>1118.59986</ele>
      </trkpt>
      <trkpt lat="47.374261" lon="12.584741">
        <ele>1118.22938</ele>
      </trkpt>
      <trkpt lat="47.3743" lon="12.584825">
        <ele>1117.25367</ele>
      </trkpt>
      <trkpt lat="47.374361" lon="12.584905">
        <ele>1115.76249</ele>
      </trkpt>
      <trkpt lat="47.374408" lon="12.584957">
        <ele>1114.87614</ele>
      </trkpt>
      <trkpt lat="47.374444" lon="12.584972">
        <ele>1114.06526</ele>
      </trkpt>
      <trkpt lat="47.374489" lon="12.584943">
        <ele>1112.51891</ele>
      </trkpt>
      <trkpt lat="47.374511" lon="12.584897">
        <ele>1111.49273</ele>
      </trkpt>
      <trkpt lat="47.374524" lon="12.584777">
        <ele>1110.2254</ele>
      </trkpt>
      <trkpt lat="47.374511" lon="12.584669">
        <ele>1109.77093</ele>
      </trkpt>
      <trkpt lat="47.374487" lon="12.584585">
        <ele>1109.5609</ele>
      </trkpt>
      <trkpt lat="47.374462" lon="12.584493">
        <ele>1109.13941</ele>
      </trkpt>
      <trkpt lat="47.374443" lon="12.584363">
        <ele>1108.15519</ele>
      </trkpt>
      <trkpt lat="47.374432" lon="12.584285">
        <ele>1107.71748</ele>
      </trkpt>
      <trkpt lat="47.374429" lon="12.584189">
        <ele>1106.80808</ele>
      </trkpt>
      <trkpt lat="47.37444" lon="12.584078">
        <ele>1105.02484</ele>
      </trkpt>
      <trkpt lat="47.374449" lon="12.58395">
        <ele>1103.16576</ele>
      </trkpt>
      <trkpt lat="47.37444" lon="12.583767">
        <ele>1101.26266</ele>
      </trkpt>
      <trkpt lat="47.374435" lon="12.583664">
        <ele>1100.20915</ele>
      </trkpt>
      <trkpt lat="47.374432" lon="12.583597">
        <ele>1099.39401</ele>
      </trkpt>
      <trkpt lat="47.374422" lon="12.583553">
        <ele>1099.017</ele>
      </trkpt>
      <trkpt lat="47.374402" lon="12.583496">
        <ele>1098.62285</ele>
      </trkpt>
      <trkpt lat="47.374371" lon="12.583466">
        <ele>1098.86364</ele>
      </trkpt>
      <trkpt lat="47.37434" lon="12.583424">
        <ele>1098.71635</ele>
      </trkpt>
      <trkpt lat="47.37432" lon="12.583387">
        <ele>1098.33489</ele>
      </trkpt>
      <trkpt lat="47.3743" lon="12.583349">
        <ele>1097.82919</ele>
      </trkpt>
      <trkpt lat="47.374302" lon="12.583292">
        <ele>1096.42926</ele>
      </trkpt>
      <trkpt lat="47.37432" lon="12.583276">
        <ele>1096.13427</ele>
      </trkpt>
      <trkpt lat="47.37435" lon="12.58327">
        <ele>1095.87555</ele>
      </trkpt>
      <trkpt lat="47.374395" lon="12.583292">
        <ele>1095.10674</ele>
      </trkpt>
      <trkpt lat="47.374443" lon="12.583346">
        <ele>1094.26857</ele>
      </trkpt>
      <trkpt lat="47.374487" lon="12.583384">
        <ele>1093.0582</ele>
      </trkpt>
      <trkpt lat="47.374534" lon="12.583461">
        <ele>1092.6591</ele>
      </trkpt>
      <trkpt lat="47.374573" lon="12.583512">
        <ele>1092.49125</ele>
      </trkpt>
      <trkpt lat="47.374607" lon="12.583583">
        <ele>1092.77326</ele>
      </trkpt>
      <trkpt lat="47.374646" lon="12.583656">
        <ele>1092.53621</ele>
      </trkpt>
      <trkpt lat="47.374671" lon="12.58371">
        <ele>1092.44262</ele>
      </trkpt>
      <trkpt lat="47.374685" lon="12.583717">
        <ele>1091.99566</ele>
      </trkpt>
      <trkpt lat="47.374705" lon="12.583702">
        <ele>1090.88577</ele>
      </trkpt>
      <trkpt lat="47.374706" lon="12.583653">
        <ele>1090.01204</ele>
      </trkpt>
      <trkpt lat="47.3747" lon="12.583582">
        <ele>1089.10912</ele>
      </trkpt>
      <trkpt lat="47.374694" lon="12.583507">
        <ele>1088.1906</ele>
      </trkpt>
      <trkpt lat="47.374668" lon="12.583416">
        <ele>1087.72278</ele>
      </trkpt>
      <trkpt lat="47.374638" lon="12.58331">
        <ele>1087.3256</ele>
      </trkpt>
      <trkpt lat="47.37459" lon="12.583218">
        <ele>1087.57098</ele>
      </trkpt>
      <trkpt lat="47.374561" lon="12.583159">
        <ele>1087.77706</ele>
      </trkpt>
      <trkpt lat="47.374532" lon="12.583097">
        <ele>1088.16918</ele>
      </trkpt>
      <trkpt lat="47.374543" lon="12.583053">
        <ele>1087.01392</ele>
      </trkpt>
      <trkpt lat="47.374559" lon="12.583034">
        <ele>1086.21528</ele>
      </trkpt>
      <trkpt lat="47.374598" lon="12.583028">
        <ele>1085.33151</ele>
      </trkpt>
      <trkpt lat="47.374644" lon="12.583056">
        <ele>1084.45067</ele>
      </trkpt>
      <trkpt lat="47.374684" lon="12.583114">
        <ele>1083.82915</ele>
      </trkpt>
      <trkpt lat="47.374725" lon="12.583155">
        <ele>1082.77029</ele>
      </trkpt>
      <trkpt lat="47.374749" lon="12.583202">
        <ele>1082.27269</ele>
      </trkpt>
      <trkpt lat="47.374756" lon="12.583239">
        <ele>1082.29483</ele>
      </trkpt>
      <trkpt lat="47.374782" lon="12.58325">
        <ele>1081.4689</ele>
      </trkpt>
      <trkpt lat="47.374821" lon="12.583238">
        <ele>1080.02086</ele>
      </trkpt>
      <trkpt lat="47.37484" lon="12.583191">
        <ele>1079.07418</ele>
      </trkpt>
      <trkpt lat="47.374851" lon="12.583111">
        <ele>1078.18316</ele>
      </trkpt>
      <trkpt lat="47.374843" lon="12.583028">
        <ele>1077.86596</ele>
      </trkpt>
      <trkpt lat="47.374841" lon="12.582953">
        <ele>1077.33858</ele>
      </trkpt>
      <trkpt lat="47.374843" lon="12.582867">
        <ele>1076.42106</ele>
      </trkpt>
      <trkpt lat="47.374845" lon="12.582804">
        <ele>1075.71557</ele>
      </trkpt>
      <trkpt lat="47.374833" lon="12.582751">
        <ele>1075.62329</ele>
      </trkpt>
      <trkpt lat="47.374822" lon="12.582705">
        <ele>1075.55944</ele>
      </trkpt>
      <trkpt lat="47.374822" lon="12.582668">
        <ele>1075.28973</ele>
      </trkpt>
      <trkpt lat="47.374847" lon="12.582637">
        <ele>1074.17151</ele>
      </trkpt>
      <trkpt lat="47.374871" lon="12.582645">
        <ele>1073.28002</ele>
      </trkpt>
      <trkpt lat="47.374915" lon="12.582686">
        <ele>1071.86703</ele>
      </trkpt>
      <trkpt lat="47.37497" lon="12.582751">
        <ele>1069.79478</ele>
      </trkpt>
      <trkpt lat="47.375018" lon="12.582891">
        <ele>1069.16459</ele>
      </trkpt>
      <trkpt lat="47.375028" lon="12.582958">
        <ele>1069.18243</ele>
      </trkpt>
      <trkpt lat="47.375061" lon="12.58306">
        <ele>1068.24594</ele>
      </trkpt>
      <trkpt lat="47.375076" lon="12.583123">
        <ele>1067.73304</ele>
      </trkpt>
      <trkpt lat="47.375099" lon="12.583275">
        <ele>1066.65789</ele>
      </trkpt>
      <trkpt lat="47.375118" lon="12.583398">
        <ele>1065.188</ele>
      </trkpt>
      <trkpt lat="47.375145" lon="12.583487">
        <ele>1063.59414</ele>
      </trkpt>
      <trkpt lat="47.375203" lon="12.583524">
        <ele>1062.73259</ele>
      </trkpt>
      <trkpt lat="47.375252" lon="12.583527">
        <ele>1062.76761</ele>
      </trkpt>
      <trkpt lat="47.375309" lon="12.583514">
        <ele>1062.49355</ele>
      </trkpt>
      <trkpt lat="47.375389" lon="12.583486">
        <ele>1062.49256</ele>
      </trkpt>
      <trkpt lat="47.375625" lon="12.58338">
        <ele>1062.29006</ele>
      </trkpt>
      <trkpt lat="47.37591" lon="12.583259">
        <ele>1061.00461</ele>
      </trkpt>
      <trkpt lat="47.376163" lon="12.584328">
        <ele>1058.8968</ele>
      </trkpt>
      <trkpt lat="47.376328" lon="12.585082">
        <ele>1058.11454</ele>
      </trkpt>
      <trkpt lat="47.376472" lon="12.585899">
        <ele>1055.94105</ele>
      </trkpt>
      <trkpt lat="47.376607" lon="12.586905">
        <ele>1053.97412</ele>
      </trkpt>
      <trkpt lat="47.376709" lon="12.587722">
        <ele>1053.20041</ele>
      </trkpt>
      <trkpt lat="47.376832" lon="12.588508">
        <ele>1052.63376</ele>
      </trkpt>
      <trkpt lat="47.376943" lon="12.589105">
        <ele>1052.41077</ele>
      </trkpt>
      <trkpt lat="47.377127" lon="12.589448">
        <ele>1050.36559</ele>
      </trkpt>
      <trkpt lat="47.377353" lon="12.58976">
        <ele>1051.18824</ele>
      </trkpt>
      <trkpt lat="47.377601" lon="12.590009">
        <ele>1049.98052</ele>
      </trkpt>
      <trkpt lat="47.37771" lon="12.590259">
        <ele>1049.66423</ele>
      </trkpt>
      <trkpt lat="47.37783" lon="12.59101">
        <ele>1048.42022</ele>
      </trkpt>
      <trkpt lat="47.37818" lon="12.59276">
        <ele>1045.42459</ele>
      </trkpt>
      <trkpt lat="47.378332" lon="12.593519">
        <ele>1044.36222</ele>
      </trkpt>
      <trkpt lat="47.37837" lon="12.59371">
        <ele>1044.33119</ele>
      </trkpt>
      <trkpt lat="47.378471" lon="12.594466">
        <ele>1043.2605</ele>
      </trkpt>
      <trkpt lat="47.37851" lon="12.59476">
        <ele>1042.97869</ele>
      </trkpt>
      <trkpt lat="47.37851" lon="12.59477">
        <ele>1042.95868</ele>
      </trkpt>
      <trkpt lat="47.37859" lon="12.59565">
        <ele>1041.4766</ele>
      </trkpt>
      <trkpt lat="47.378602" lon="12.595917">
        <ele>1041.09345</ele>
      </trkpt>
      <trkpt lat="47.37861" lon="12.59611">
        <ele>1040.77836</ele>
      </trkpt>
      <trkpt lat="47.37868" lon="12.59684">
        <ele>1039.98087</ele>
      </trkpt>
      <trkpt lat="47.3788" lon="12.59808">
        <ele>1038.12885</ele>
      </trkpt>
      <trkpt lat="47.378882" lon="12.598557">
        <ele>1037.43492</ele>
      </trkpt>
      <trkpt lat="47.37893" lon="12.59884">
        <ele>1037.69812</ele>
      </trkpt>
      <trkpt lat="47.37915" lon="12.59965">
        <ele>1036.50534</ele>
      </trkpt>
      <trkpt lat="47.37915" lon="12.59964">
        <ele>1036.50806</ele>
      </trkpt>
      <trkpt lat="47.37921" lon="12.59981">
        <ele>1036.23498</ele>
      </trkpt>
      <trkpt lat="47.3795" lon="12.6005">
        <ele>1034.93899</ele>
      </trkpt>
      <trkpt lat="47.37963" lon="12.600695">
        <ele>1034.59941</ele>
      </trkpt>
      <trkpt lat="47.37972" lon="12.60083">
        <ele>1034.27047</ele>
      </trkpt>
      <trkpt lat="47.37995" lon="12.60109">
        <ele>1033.9858</ele>
      </trkpt>
      <trkpt lat="47.38019" lon="12.60128">
        <ele>1034.10595</ele>
      </trkpt>
      <trkpt lat="47.38057" lon="12.6015">
        <ele>1034.57679</ele>
      </trkpt>
      <trkpt lat="47.38064" lon="12.60164">
        <ele>1034.59005</ele>
      </trkpt>
      <trkpt lat="47.38069" lon="12.60167">
        <ele>1034.61008</ele>
      </trkpt>
      <trkpt lat="47.3808" lon="12.60165">
        <ele>1034.70329</ele>
      </trkpt>
      <trkpt lat="47.38092" lon="12.6017">
        <ele>1035.06416</ele>
      </trkpt>
      <trkpt lat="47.381035" lon="12.601781">
        <ele>1034.94836</ele>
      </trkpt>
      <trkpt lat="47.38114" lon="12.60192">
        <ele>1034.29398</ele>
      </trkpt>
      <trkpt lat="47.38149" lon="12.60254">
        <ele>1032.36558</ele>
      </trkpt>
      <trkpt lat="47.38157" lon="12.60272">
        <ele>1031.69752</ele>
      </trkpt>
      <trkpt lat="47.38173" lon="12.60318">
        <ele>1030.20129</ele>
      </trkpt>
      <trkpt lat="47.38172" lon="12.60318">
        <ele>1030.22643</ele>
      </trkpt>
      <trkpt lat="47.38199" lon="12.60412">
        <ele>1028.68006</ele>
      </trkpt>
      <trkpt lat="47.38203" lon="12.60421">
        <ele>1028.54421</ele>
      </trkpt>
      <trkpt lat="47.38215" lon="12.60435">
        <ele>1028.32339</ele>
      </trkpt>
      <trkpt lat="47.38209" lon="12.60473">
        <ele>1027.69987</ele>
      </trkpt>
      <trkpt lat="47.38184" lon="12.60575">
        <ele>1026.05847</ele>
      </trkpt>
      <trkpt lat="47.38183" lon="12.60582">
        <ele>1026.02308</ele>
      </trkpt>
      <trkpt lat="47.38184" lon="12.60596">
        <ele>1025.86867</ele>
      </trkpt>
      <trkpt lat="47.3819" lon="12.60614">
        <ele>1025.61507</ele>
      </trkpt>
      <trkpt lat="47.38207" lon="12.60658">
        <ele>1024.80624</ele>
      </trkpt>
      <trkpt lat="47.38229" lon="12.6073">
        <ele>1024.1453</ele>
      </trkpt>
      <trkpt lat="47.382383" lon="12.607637">
        <ele>1023.37095</ele>
      </trkpt>
      <trkpt lat="47.3825" lon="12.60806">
        <ele>1022.70907</ele>
      </trkpt>
      <trkpt lat="47.38256" lon="12.60824">
        <ele>1022.57874</ele>
      </trkpt>
      <trkpt lat="47.38256" lon="12.60823">
        <ele>1022.5904</ele>
      </trkpt>
      <trkpt lat="47.38289" lon="12.60919">
        <ele>1023.73733</ele>
      </trkpt>
      <trkpt lat="47.383" lon="12.60958">
        <ele>1023.76347</ele>
      </trkpt>
      <trkpt lat="47.38307" lon="12.6097">
        <ele>1023.89923</ele>
      </trkpt>
      <trkpt lat="47.38327" lon="12.60983">
        <ele>1022.72002</ele>
      </trkpt>
      <trkpt lat="47.38359" lon="12.61017">
        <ele>1020.59504</ele>
      </trkpt>
      <trkpt lat="47.38364" lon="12.61024">
        <ele>1020.26327</ele>
      </trkpt>
      <trkpt lat="47.38378" lon="12.61055">
        <ele>1019.26805</ele>
      </trkpt>
      <trkpt lat="47.38403" lon="12.61083">
        <ele>1017.70861</ele>
      </trkpt>
      <trkpt lat="47.38406" lon="12.61097">
        <ele>1017.43528</ele>
      </trkpt>
      <trkpt lat="47.38406" lon="12.61146">
        <ele>1016.96528</ele>
      </trkpt>
      <trkpt lat="47.38412" lon="12.61226">
        <ele>1017.44458</ele>
      </trkpt>
      <trkpt lat="47.38418" lon="12.61256">
        <ele>1019.79357</ele>
      </trkpt>
      <trkpt lat="47.3845" lon="12.61341">
        <ele>1017.01298</ele>
      </trkpt>
      <trkpt lat="47.38484" lon="12.61411">
        <ele>1014.53012</ele>
      </trkpt>
      <trkpt lat="47.38506" lon="12.61448">
        <ele>1014.76787</ele>
      </trkpt>
      <trkpt lat="47.38523" lon="12.61471">
        <ele>1016.17584</ele>
      </trkpt>
      <trkpt lat="47.38566" lon="12.61485">
        <ele>1012.25577</ele>
      </trkpt>
      <trkpt lat="47.38583" lon="12.615">
        <ele>1012.21328</ele>
      </trkpt>
      <trkpt lat="47.38615" lon="12.61559">
        <ele>1013.0704</ele>
      </trkpt>
      <trkpt lat="47.38647" lon="12.61614">
        <ele>1012.23462</ele>
      </trkpt>
      <trkpt lat="47.38663" lon="12.61633">
        <ele>1010.4861</ele>
      </trkpt>
      <trkpt lat="47.38679" lon="12.61664">
        <ele>1009.56791</ele>
      </trkpt>
      <trkpt lat="47.38679" lon="12.61663">
        <ele>1009.47265</ele>
      </trkpt>
      <trkpt lat="47.38714" lon="12.61733">
        <ele>1008.07504</ele>
      </trkpt>
      <trkpt lat="47.38724" lon="12.61769">
        <ele>1008.28449</ele>
      </trkpt>
      <trkpt lat="47.38735" lon="12.61796">
        <ele>1007.54574</ele>
      </trkpt>
      <trkpt lat="47.38745" lon="12.61832">
        <ele>1007.36202</ele>
      </trkpt>
      <trkpt lat="47.38764" lon="12.61965">
        <ele>1006.281</ele>
      </trkpt>
      <trkpt lat="47.38769" lon="12.61991">
        <ele>1006.90783</ele>
      </trkpt>
      <trkpt lat="47.38781" lon="12.62031">
        <ele>1005.94349</ele>
      </trkpt>
      <trkpt lat="47.38787" lon="12.6209">
        <ele>1006.87969</ele>
      </trkpt>
      <trkpt lat="47.38803" lon="12.62157">
        <ele>1006.31497</ele>
      </trkpt>
      <trkpt lat="47.38818" lon="12.62203">
        <ele>1004.92343</ele>
      </trkpt>
      <trkpt lat="47.38845" lon="12.62275">
        <ele>1003.36637</ele>
      </trkpt>
      <trkpt lat="47.38845" lon="12.62274">
        <ele>1003.24795</ele>
      </trkpt>
      <trkpt lat="47.38875" lon="12.62367">
        <ele>1002.84546</ele>
      </trkpt>
      <trkpt lat="47.38886" lon="12.62416">
        <ele>1003.0459</ele>
      </trkpt>
      <trkpt lat="47.38916" lon="12.62507">
        <ele>1001.20885</ele>
      </trkpt>
      <trkpt lat="47.38938" lon="12.62561">
        <ele>999.40677</ele>
      </trkpt>
      <trkpt lat="47.38949" lon="12.62599">
        <ele>998.98904</ele>
      </trkpt>
      <trkpt lat="47.3896" lon="12.62648">
        <ele>998.6173</ele>
      </trkpt>
      <trkpt lat="47.3896" lon="12.62647">
        <ele>998.57742</ele>
      </trkpt>
      <trkpt lat="47.3898" lon="12.62735">
        <ele>998.64556</ele>
      </trkpt>
      <trkpt lat="47.38984" lon="12.62747">
        <ele>998.89177</ele>
      </trkpt>
      <trkpt lat="47.39001" lon="12.62782">
        <ele>997.8663</ele>
      </trkpt>
      <trkpt lat="47.39033" lon="12.62838">
        <ele>996.01766</ele>
      </trkpt>
      <trkpt lat="47.39036" lon="12.62847">
        <ele>996.38006</ele>
      </trkpt>
      <trkpt lat="47.39036" lon="12.62859">
        <ele>996.39109</ele>
      </trkpt>
      <trkpt lat="47.39015" lon="12.62985">
        <ele>994.53141</ele>
      </trkpt>
      <trkpt lat="47.39015" lon="12.62991">
        <ele>994.50651</ele>
      </trkpt>
      <trkpt lat="47.39017" lon="12.62996">
        <ele>994.5323</ele>
      </trkpt>
      <trkpt lat="47.3902" lon="12.62999">
        <ele>994.55305</ele>
      </trkpt>
      <trkpt lat="47.3905" lon="12.6301">
        <ele>994.03309</ele>
      </trkpt>
      <trkpt lat="47.3904" lon="12.63124">
        <ele>993.50472</ele>
      </trkpt>
      <trkpt lat="47.390387" lon="12.63156">
        <ele>992.13006</ele>
      </trkpt>
      <trkpt lat="47.39038" lon="12.63173">
        <ele>992.55163</ele>
      </trkpt>
      <trkpt lat="47.39041" lon="12.6321">
        <ele>992.6005</ele>
      </trkpt>
      <trkpt lat="47.3904" lon="12.6321">
        <ele>993.16981</ele>
      </trkpt>
      <trkpt lat="47.390412" lon="12.632292">
        <ele>991.85805</ele>
      </trkpt>
      <trkpt lat="47.39044" lon="12.63272">
        <ele>991.76164</ele>
      </trkpt>
      <trkpt lat="47.39037" lon="12.63314">
        <ele>991.54711</ele>
      </trkpt>
      <trkpt lat="47.39029" lon="12.6334">
        <ele>991.41275</ele>
      </trkpt>
      <trkpt lat="47.39011" lon="12.63382">
        <ele>990.78258</ele>
      </trkpt>
      <trkpt lat="47.38984" lon="12.63432">
        <ele>989.54161</ele>
      </trkpt>
      <trkpt lat="47.38974" lon="12.63448">
        <ele>989.69005</ele>
      </trkpt>
      <trkpt lat="47.38984" lon="12.63467">
        <ele>988.18734</ele>
      </trkpt>
      <trkpt lat="47.38982" lon="12.63474">
        <ele>988.25561</ele>
      </trkpt>
      <trkpt lat="47.38971" lon="12.63505">
        <ele>987.8086</ele>
      </trkpt>
      <trkpt lat="47.38975" lon="12.63512">
        <ele>988.25025</ele>
      </trkpt>
      <trkpt lat="47.389788" lon="12.63515">
        <ele>988.12221</ele>
      </trkpt>
      <trkpt lat="47.38984" lon="12.63519">
        <ele>987.83894</ele>
      </trkpt>
      <trkpt lat="47.389944" lon="12.635213">
        <ele>988.37627</ele>
      </trkpt>
      <trkpt lat="47.389949" lon="12.635199">
        <ele>988.44937</ele>
      </trkpt>
      <trkpt lat="47.389956" lon="12.635189">
        <ele>988.54916</ele>
      </trkpt>
      <trkpt lat="47.390027" lon="12.635096">
        <ele>989.35315</ele>
      </trkpt>
      <trkpt lat="47.390078" lon="12.635028">
        <ele>989.43072</ele>
      </trkpt>
      <trkpt lat="47.390226" lon="12.634833">
        <ele>989.39548</ele>
      </trkpt>
      <trkpt lat="47.390228" lon="12.634831">
        <ele>989.39646</ele>
      </trkpt>
      <trkpt lat="47.390422" lon="12.634964">
        <ele>989.29453</ele>
      </trkpt>
      <trkpt lat="47.390616" lon="12.634913">
        <ele>990.01073</ele>
      </trkpt>
      <trkpt lat="47.390682" lon="12.634801">
        <ele>990.25361</ele>
      </trkpt>
      <trkpt lat="47.390741" lon="12.634731">
        <ele>990.41158</ele>
      </trkpt>
      <trkpt lat="47.390788" lon="12.634724">
        <ele>990.61437</ele>
      </trkpt>
      <trkpt lat="47.390816" lon="12.634753">
        <ele>990.78466</ele>
      </trkpt>
      <trkpt lat="47.390825" lon="12.634922">
        <ele>991.40696</ele>
      </trkpt>
      <trkpt lat="47.390803" lon="12.635155">
        <ele>992.22335</ele>
      </trkpt>
      <trkpt lat="47.390805" lon="12.635428">
        <ele>992.84326</ele>
      </trkpt>
      <trkpt lat="47.390806" lon="12.635707">
        <ele>993.91312</ele>
      </trkpt>
      <trkpt lat="47.390823" lon="12.635858">
        <ele>994.03916</ele>
      </trkpt>
      <trkpt lat="47.390863" lon="12.635957">
        <ele>994.10222</ele>
      </trkpt>
      <trkpt lat="47.390978" lon="12.636002">
        <ele>994.10874</ele>
      </trkpt>
      <trkpt lat="47.391141" lon="12.636122">
        <ele>995.60953</ele>
      </trkpt>
      <trkpt lat="47.391311" lon="12.636259">
        <ele>996.38</ele>
      </trkpt>
      <trkpt lat="47.391403" lon="12.636363">
        <ele>997.11207</ele>
      </trkpt>
      <trkpt lat="47.391467" lon="12.636484">
        <ele>997.49131</ele>
      </trkpt>
      <trkpt lat="47.391511" lon="12.636658">
        <ele>997.75762</ele>
      </trkpt>
      <trkpt lat="47.391529" lon="12.636908">
        <ele>997.94597</ele>
      </trkpt>
      <trkpt lat="47.391538" lon="12.637187">
        <ele>999.15682</ele>
      </trkpt>
      <trkpt lat="47.39158" lon="12.637536">
        <ele>1004.04734</ele>
      </trkpt>
      <trkpt lat="47.391614" lon="12.637989">
        <ele>1006.66752</ele>
      </trkpt>
      <trkpt lat="47.391653" lon="12.638489">
        <ele>1009.93226</ele>
      </trkpt>
      <trkpt lat="47.391667" lon="12.638856">
        <ele>1011.19808</ele>
      </trkpt>
      <trkpt lat="47.391677" lon="12.63932">
        <ele>1013.01489</ele>
      </trkpt>
      <trkpt lat="47.391695" lon="12.639657">
        <ele>1014.19399</ele>
      </trkpt>
      <trkpt lat="47.391659" lon="12.640262">
        <ele>1015.51337</ele>
        <name>47.391659,12.640262</name>
      </trkpt>
    </trkseg>
  </trk>
</gpx>