<?xml version='1.0' encoding='UTF-8'?>
<gpx version="1.1" creator="https://www.komoot.de" xmlns="http://www.topografix.com/GPX/1/1" xmlns:xsi="http://www.w3.org/2001/XMLSchema-instance" xsi:schemaLocation="http://www.topografix.com/GPX/1/1 http://www.topografix.com/GPX/1/1/gpx.xsd">
  <metadata>
    <name>Mutztrail (leicht) – Nauders</name>
    <author>
      <link href="https://www.komoot.de">
        <text>komoot</text>
        <type>text/html</type>
      </link>
    </author>
  </metadata>
  <trk>
    <name>Mutztrail (leicht) – Nauders</name>
    <type>mtb_advanced</type>
    <trkseg>
      <trkpt lat="46.881956" lon="10.491497">
        <ele>1801.719649</ele>
      </trkpt>
      <trkpt lat="46.881944" lon="10.491475">
        <ele>1801.719649</ele>
      </trkpt>
      <trkpt lat="46.881937" lon="10.491464">
        <ele>1801.719649</ele>
      </trkpt>
      <trkpt lat="46.881931" lon="10.491458">
        <ele>1801.719649</ele>
      </trkpt>
      <trkpt lat="46.881924" lon="10.491449">
        <ele>1801.719649</ele>
      </trkpt>
      <trkpt lat="46.881922" lon="10.491436">
        <ele>1801.719649</ele>
      </trkpt>
      <trkpt lat="46.881917" lon="10.491428">
        <ele>1801.719649</ele>
      </trkpt>
      <trkpt lat="46.881906" lon="10.491420">
        <ele>1801.719649</ele>
      </trkpt>
      <trkpt lat="46.881902" lon="10.491413">
        <ele>1801.719649</ele>
      </trkpt>
      <trkpt lat="46.881900" lon="10.491404">
        <ele>1801.719649</ele>
      </trkpt>
      <trkpt lat="46.881897" lon="10.491388">
        <ele>1801.719649</ele>
      </trkpt>
      <trkpt lat="46.881888" lon="10.491373">
        <ele>1801.716578</ele>
      </trkpt>
      <trkpt lat="46.881876" lon="10.491354">
        <ele>1801.399123</ele>
      </trkpt>
      <trkpt lat="46.881868" lon="10.491336">
        <ele>1801.135648</ele>
      </trkpt>
      <trkpt lat="46.881863" lon="10.491331">
        <ele>1801.026914</ele>
      </trkpt>
      <trkpt lat="46.881855" lon="10.491329">
        <ele>1800.881203</ele>
      </trkpt>
      <trkpt lat="46.881837" lon="10.491325">
        <ele>1800.554332</ele>
      </trkpt>
      <trkpt lat="46.881829" lon="10.491321">
        <ele>1800.402547</ele>
      </trkpt>
      <trkpt lat="46.881823" lon="10.491314">
        <ele>1800.264769</ele>
      </trkpt>
      <trkpt lat="46.881798" lon="10.491283">
        <ele>1799.676405</ele>
      </trkpt>
      <trkpt lat="46.881784" lon="10.491257">
        <ele>1799.270235</ele>
      </trkpt>
      <trkpt lat="46.881776" lon="10.491242">
        <ele>1799.036758</ele>
      </trkpt>
      <trkpt lat="46.881771" lon="10.491235">
        <ele>1798.912512</ele>
      </trkpt>
      <trkpt lat="46.881758" lon="10.491222">
        <ele>1798.629804</ele>
      </trkpt>
      <trkpt lat="46.881750" lon="10.491213">
        <ele>1798.448623</ele>
      </trkpt>
      <trkpt lat="46.881742" lon="10.491202">
        <ele>1798.251518</ele>
      </trkpt>
      <trkpt lat="46.881734" lon="10.491187">
        <ele>1798.018041</ele>
      </trkpt>
      <trkpt lat="46.881727" lon="10.491166">
        <ele>1797.731329</ele>
      </trkpt>
      <trkpt lat="46.881712" lon="10.491141">
        <ele>1797.757257</ele>
      </trkpt>
      <trkpt lat="46.881700" lon="10.491123">
        <ele>1797.820789</ele>
      </trkpt>
      <trkpt lat="46.881690" lon="10.491097">
        <ele>1797.896169</ele>
      </trkpt>
      <trkpt lat="46.881685" lon="10.491077">
        <ele>1797.949977</ele>
      </trkpt>
      <trkpt lat="46.881684" lon="10.491063">
        <ele>1797.985543</ele>
      </trkpt>
      <trkpt lat="46.881686" lon="10.491052">
        <ele>1798.014303</ele>
      </trkpt>
      <trkpt lat="46.881685" lon="10.491040">
        <ele>1798.044847</ele>
      </trkpt>
      <trkpt lat="46.881681" lon="10.491028">
        <ele>1798.078581</ele>
      </trkpt>
      <trkpt lat="46.881677" lon="10.491014">
        <ele>1798.116921</ele>
      </trkpt>
      <trkpt lat="46.881675" lon="10.490998">
        <ele>1798.158018</ele>
      </trkpt>
      <trkpt lat="46.881674" lon="10.490987">
        <ele>1798.186056</ele>
      </trkpt>
      <trkpt lat="46.881677" lon="10.490980">
        <ele>1798.206932</ele>
      </trkpt>
      <trkpt lat="46.881680" lon="10.490973">
        <ele>1798.227808</ele>
      </trkpt>
      <trkpt lat="46.881684" lon="10.490967">
        <ele>1798.248985</ele>
      </trkpt>
      <trkpt lat="46.881686" lon="10.490962">
        <ele>1798.263623</ele>
      </trkpt>
      <trkpt lat="46.881688" lon="10.490957">
        <ele>1798.278261</ele>
      </trkpt>
      <trkpt lat="46.881688" lon="10.490947">
        <ele>1798.303528</ele>
      </trkpt>
      <trkpt lat="46.881688" lon="10.490935">
        <ele>1798.333848</ele>
      </trkpt>
      <trkpt lat="46.881689" lon="10.490917">
        <ele>1798.379478</ele>
      </trkpt>
      <trkpt lat="46.881686" lon="10.490895">
        <ele>1798.436160</ele>
      </trkpt>
      <trkpt lat="46.881680" lon="10.490874">
        <ele>1798.493670</ele>
      </trkpt>
      <trkpt lat="46.881677" lon="10.490857">
        <ele>1798.548908</ele>
      </trkpt>
      <trkpt lat="46.881675" lon="10.490833">
        <ele>1798.637930</ele>
      </trkpt>
      <trkpt lat="46.881676" lon="10.490810">
        <ele>1798.722787</ele>
      </trkpt>
      <trkpt lat="46.881675" lon="10.490795">
        <ele>1798.778279</ele>
      </trkpt>
      <trkpt lat="46.881675" lon="10.490768">
        <ele>1798.877693</ele>
      </trkpt>
      <trkpt lat="46.881675" lon="10.490751">
        <ele>1798.940287</ele>
      </trkpt>
      <trkpt lat="46.881677" lon="10.490736">
        <ele>1798.996558</ele>
      </trkpt>
      <trkpt lat="46.881683" lon="10.490726">
        <ele>1799.045552</ele>
      </trkpt>
      <trkpt lat="46.881694" lon="10.490712">
        <ele>1799.124092</ele>
      </trkpt>
      <trkpt lat="46.881697" lon="10.490702">
        <ele>1799.164302</ele>
      </trkpt>
      <trkpt lat="46.881698" lon="10.490688">
        <ele>1799.216131</ele>
      </trkpt>
      <trkpt lat="46.881701" lon="10.490676">
        <ele>1799.263178</ele>
      </trkpt>
      <trkpt lat="46.881704" lon="10.490662">
        <ele>1799.317199</ele>
      </trkpt>
      <trkpt lat="46.881709" lon="10.490650">
        <ele>1799.368946</ele>
      </trkpt>
      <trkpt lat="46.881711" lon="10.490636">
        <ele>1799.421608</ele>
      </trkpt>
      <trkpt lat="46.881711" lon="10.490621">
        <ele>1799.476838</ele>
      </trkpt>
      <trkpt lat="46.881708" lon="10.490606">
        <ele>1799.534384</ele>
      </trkpt>
      <trkpt lat="46.881705" lon="10.490588">
        <ele>1799.602601</ele>
      </trkpt>
      <trkpt lat="46.881704" lon="10.490574">
        <ele>1799.654430</ele>
      </trkpt>
      <trkpt lat="46.881703" lon="10.490567">
        <ele>1799.680761</ele>
      </trkpt>
      <trkpt lat="46.881707" lon="10.490548">
        <ele>1799.672097</ele>
      </trkpt>
      <trkpt lat="46.881707" lon="10.490540">
        <ele>1799.617154</ele>
      </trkpt>
      <trkpt lat="46.881703" lon="10.490525">
        <ele>1799.506575</ele>
      </trkpt>
      <trkpt lat="46.881703" lon="10.490517">
        <ele>1799.451633</ele>
      </trkpt>
      <trkpt lat="46.881704" lon="10.490503">
        <ele>1799.354960</ele>
      </trkpt>
      <trkpt lat="46.881703" lon="10.490490">
        <ele>1799.265115</ele>
      </trkpt>
      <trkpt lat="46.881701" lon="10.490476">
        <ele>1799.166888</ele>
      </trkpt>
      <trkpt lat="46.881698" lon="10.490451">
        <ele>1798.992567</ele>
      </trkpt>
      <trkpt lat="46.881699" lon="10.490435">
        <ele>1798.882224</ele>
      </trkpt>
      <trkpt lat="46.881706" lon="10.490421">
        <ele>1798.763095</ele>
      </trkpt>
      <trkpt lat="46.881708" lon="10.490414">
        <ele>1798.710990</ele>
      </trkpt>
      <trkpt lat="46.881707" lon="10.490408">
        <ele>1798.668576</ele>
      </trkpt>
      <trkpt lat="46.881701" lon="10.490396">
        <ele>1798.566465</ele>
      </trkpt>
      <trkpt lat="46.881697" lon="10.490384">
        <ele>1798.474774</ele>
      </trkpt>
      <trkpt lat="46.881692" lon="10.490355">
        <ele>1798.269369</ele>
      </trkpt>
      <trkpt lat="46.881690" lon="10.490342">
        <ele>1798.177854</ele>
      </trkpt>
      <trkpt lat="46.881690" lon="10.490309">
        <ele>1797.951217</ele>
      </trkpt>
      <trkpt lat="46.881689" lon="10.490301">
        <ele>1797.895363</ele>
      </trkpt>
      <trkpt lat="46.881686" lon="10.490291">
        <ele>1797.820361</ele>
      </trkpt>
      <trkpt lat="46.881679" lon="10.490279">
        <ele>1797.712014</ele>
      </trkpt>
      <trkpt lat="46.881678" lon="10.490270">
        <ele>1797.649393</ele>
      </trkpt>
      <trkpt lat="46.881681" lon="10.490266">
        <ele>1797.608609</ele>
      </trkpt>
      <trkpt lat="46.881684" lon="10.490255">
        <ele>1797.527272</ele>
      </trkpt>
      <trkpt lat="46.881683" lon="10.490248">
        <ele>1797.478158</ele>
      </trkpt>
      <trkpt lat="46.881680" lon="10.490241">
        <ele>1797.410742</ele>
      </trkpt>
      <trkpt lat="46.881679" lon="10.490226">
        <ele>1797.282635</ele>
      </trkpt>
      <trkpt lat="46.881679" lon="10.490209">
        <ele>1797.138133</ele>
      </trkpt>
      <trkpt lat="46.881678" lon="10.490190">
        <ele>1796.976153</ele>
      </trkpt>
      <trkpt lat="46.881675" lon="10.490170">
        <ele>1796.802105</ele>
      </trkpt>
      <trkpt lat="46.881675" lon="10.490154">
        <ele>1796.666103</ele>
      </trkpt>
      <trkpt lat="46.881675" lon="10.490138">
        <ele>1796.530102</ele>
      </trkpt>
      <trkpt lat="46.881671" lon="10.490121">
        <ele>1796.377277</ele>
      </trkpt>
      <trkpt lat="46.881667" lon="10.490107">
        <ele>1796.248298</ele>
      </trkpt>
      <trkpt lat="46.881667" lon="10.490093">
        <ele>1796.129296</ele>
      </trkpt>
      <trkpt lat="46.881668" lon="10.490072">
        <ele>1795.950361</ele>
      </trkpt>
      <trkpt lat="46.881668" lon="10.490052">
        <ele>1795.780359</ele>
      </trkpt>
      <trkpt lat="46.881664" lon="10.490034">
        <ele>1795.619474</ele>
      </trkpt>
      <trkpt lat="46.881654" lon="10.490021">
        <ele>1795.453112</ele>
      </trkpt>
      <trkpt lat="46.881640" lon="10.490004">
        <ele>1795.226854</ele>
      </trkpt>
      <trkpt lat="46.881634" lon="10.489993">
        <ele>1795.107229</ele>
      </trkpt>
      <trkpt lat="46.881631" lon="10.489972">
        <ele>1794.924869</ele>
      </trkpt>
      <trkpt lat="46.881633" lon="10.489954">
        <ele>1794.769859</ele>
      </trkpt>
      <trkpt lat="46.881628" lon="10.489933">
        <ele>1794.553543</ele>
      </trkpt>
      <trkpt lat="46.881625" lon="10.489911">
        <ele>1794.304698</ele>
      </trkpt>
      <trkpt lat="46.881627" lon="10.489890">
        <ele>1794.069505</ele>
      </trkpt>
      <trkpt lat="46.881629" lon="10.489876">
        <ele>1793.910854</ele>
      </trkpt>
      <trkpt lat="46.881630" lon="10.489850">
        <ele>1793.621992</ele>
      </trkpt>
      <trkpt lat="46.881628" lon="10.489830">
        <ele>1793.397780</ele>
      </trkpt>
      <trkpt lat="46.881625" lon="10.489820">
        <ele>1793.276640</ele>
      </trkpt>
      <trkpt lat="46.881618" lon="10.489812">
        <ele>1793.132487</ele>
      </trkpt>
      <trkpt lat="46.881614" lon="10.489801">
        <ele>1792.994276</ele>
      </trkpt>
      <trkpt lat="46.881611" lon="10.489781">
        <ele>1792.767146</ele>
      </trkpt>
      <trkpt lat="46.881603" lon="10.489756">
        <ele>1792.460945</ele>
      </trkpt>
      <trkpt lat="46.881597" lon="10.489744">
        <ele>1792.296022</ele>
      </trkpt>
      <trkpt lat="46.881585" lon="10.489725">
        <ele>1792.009063</ele>
      </trkpt>
      <trkpt lat="46.881579" lon="10.489713">
        <ele>1791.844140</ele>
      </trkpt>
      <trkpt lat="46.881573" lon="10.489699">
        <ele>1791.660842</ele>
      </trkpt>
      <trkpt lat="46.881567" lon="10.489687">
        <ele>1791.495918</ele>
      </trkpt>
      <trkpt lat="46.881564" lon="10.489673">
        <ele>1791.333169</ele>
      </trkpt>
      <trkpt lat="46.881563" lon="10.489663">
        <ele>1791.221063</ele>
      </trkpt>
      <trkpt lat="46.881561" lon="10.489653">
        <ele>1791.105486</ele>
      </trkpt>
      <trkpt lat="46.881556" lon="10.489641">
        <ele>1790.999860</ele>
      </trkpt>
      <trkpt lat="46.881554" lon="10.489625">
        <ele>1790.945396</ele>
      </trkpt>
      <trkpt lat="46.881556" lon="10.489611">
        <ele>1790.897505</ele>
      </trkpt>
      <trkpt lat="46.881558" lon="10.489581">
        <ele>1790.796574</ele>
      </trkpt>
      <trkpt lat="46.881562" lon="10.489564">
        <ele>1790.736371</ele>
      </trkpt>
      <trkpt lat="46.881562" lon="10.489555">
        <ele>1790.706235</ele>
      </trkpt>
      <trkpt lat="46.881559" lon="10.489544">
        <ele>1790.666578</ele>
      </trkpt>
      <trkpt lat="46.881555" lon="10.489510">
        <ele>1790.551055</ele>
      </trkpt>
      <trkpt lat="46.881553" lon="10.489469">
        <ele>1790.413419</ele>
      </trkpt>
      <trkpt lat="46.881559" lon="10.489449">
        <ele>1790.340282</ele>
      </trkpt>
      <trkpt lat="46.881561" lon="10.489432">
        <ele>1790.282521</ele>
      </trkpt>
      <trkpt lat="46.881561" lon="10.489417">
        <ele>1790.232294</ele>
      </trkpt>
      <trkpt lat="46.881560" lon="10.489398">
        <ele>1790.168485</ele>
      </trkpt>
      <trkpt lat="46.881560" lon="10.489382">
        <ele>1790.114909</ele>
      </trkpt>
      <trkpt lat="46.881563" lon="10.489356">
        <ele>1790.026617</ele>
      </trkpt>
      <trkpt lat="46.881566" lon="10.489334">
        <ele>1789.951499</ele>
      </trkpt>
      <trkpt lat="46.881564" lon="10.489324">
        <ele>1789.913328</ele>
      </trkpt>
      <trkpt lat="46.881559" lon="10.489305">
        <ele>1789.782167</ele>
      </trkpt>
      <trkpt lat="46.881557" lon="10.489290">
        <ele>1789.683712</ele>
      </trkpt>
      <trkpt lat="46.881560" lon="10.489276">
        <ele>1789.589192</ele>
      </trkpt>
      <trkpt lat="46.881564" lon="10.489266">
        <ele>1789.514549</ele>
      </trkpt>
      <trkpt lat="46.881565" lon="10.489253">
        <ele>1789.430272</ele>
      </trkpt>
      <trkpt lat="46.881561" lon="10.489235">
        <ele>1789.308337</ele>
      </trkpt>
      <trkpt lat="46.881562" lon="10.489218">
        <ele>1789.198415</ele>
      </trkpt>
      <trkpt lat="46.881562" lon="10.489209">
        <ele>1789.140435</ele>
      </trkpt>
      <trkpt lat="46.881559" lon="10.489196">
        <ele>1789.052041</ele>
      </trkpt>
      <trkpt lat="46.881560" lon="10.489184">
        <ele>1788.974162</ele>
      </trkpt>
      <trkpt lat="46.881564" lon="10.489174">
        <ele>1788.899519</ele>
      </trkpt>
      <trkpt lat="46.881574" lon="10.489156">
        <ele>1788.750086</ele>
      </trkpt>
      <trkpt lat="46.881577" lon="10.489139">
        <ele>1788.636977</ele>
      </trkpt>
      <trkpt lat="46.881569" lon="10.489116">
        <ele>1788.470724</ele>
      </trkpt>
      <trkpt lat="46.881556" lon="10.489085">
        <ele>1788.236424</ele>
      </trkpt>
      <trkpt lat="46.881548" lon="10.489054">
        <ele>1788.022955</ele>
      </trkpt>
      <trkpt lat="46.881546" lon="10.489026">
        <ele>1787.841590</ele>
      </trkpt>
      <trkpt lat="46.881549" lon="10.489010">
        <ele>1787.767435</ele>
      </trkpt>
      <trkpt lat="46.881548" lon="10.488990">
        <ele>1787.701944</ele>
      </trkpt>
      <trkpt lat="46.881542" lon="10.488960">
        <ele>1787.599860</ele>
      </trkpt>
      <trkpt lat="46.881545" lon="10.488933">
        <ele>1787.510525</ele>
      </trkpt>
      <trkpt lat="46.881549" lon="10.488920">
        <ele>1787.463966</ele>
      </trkpt>
      <trkpt lat="46.881555" lon="10.488897">
        <ele>1787.383566</ele>
      </trkpt>
      <trkpt lat="46.881562" lon="10.488882">
        <ele>1787.324250</ele>
      </trkpt>
      <trkpt lat="46.881567" lon="10.488859">
        <ele>1787.245428</ele>
      </trkpt>
      <trkpt lat="46.881570" lon="10.488844">
        <ele>1787.194386</ele>
      </trkpt>
      <trkpt lat="46.881576" lon="10.488832">
        <ele>1787.145830</ele>
      </trkpt>
      <trkpt lat="46.881587" lon="10.488815">
        <ele>1787.069378</ele>
      </trkpt>
      <trkpt lat="46.881592" lon="10.488801">
        <ele>1787.017791</ele>
      </trkpt>
      <trkpt lat="46.881595" lon="10.488787">
        <ele>1786.969875</ele>
      </trkpt>
      <trkpt lat="46.881590" lon="10.488769">
        <ele>1786.906421</ele>
      </trkpt>
      <trkpt lat="46.881579" lon="10.488779">
        <ele>1786.844542</ele>
      </trkpt>
      <trkpt lat="46.881557" lon="10.488820">
        <ele>1786.693771</ele>
      </trkpt>
      <trkpt lat="46.881539" lon="10.488870">
        <ele>1786.577593</ele>
      </trkpt>
      <trkpt lat="46.881507" lon="10.488962">
        <ele>1786.365374</ele>
      </trkpt>
      <trkpt lat="46.881482" lon="10.489055">
        <ele>1786.159926</ele>
      </trkpt>
      <trkpt lat="46.881468" lon="10.489116">
        <ele>1785.998123</ele>
      </trkpt>
      <trkpt lat="46.881460" lon="10.489172">
        <ele>1785.729286</ele>
      </trkpt>
      <trkpt lat="46.881455" lon="10.489183">
        <ele>1785.667209</ele>
      </trkpt>
      <trkpt lat="46.881438" lon="10.489185">
        <ele>1785.549957</ele>
      </trkpt>
      <trkpt lat="46.881429" lon="10.489162">
        <ele>1785.425419</ele>
      </trkpt>
      <trkpt lat="46.881420" lon="10.489121">
        <ele>1785.223063</ele>
      </trkpt>
      <trkpt lat="46.881416" lon="10.489101">
        <ele>1785.125140</ele>
      </trkpt>
      <trkpt lat="46.881408" lon="10.489066">
        <ele>1784.951718</ele>
      </trkpt>
      <trkpt lat="46.881399" lon="10.489046">
        <ele>1784.839196</ele>
      </trkpt>
      <trkpt lat="46.881398" lon="10.489012">
        <ele>1784.679278</ele>
      </trkpt>
      <trkpt lat="46.881389" lon="10.488956">
        <ele>1784.377601</ele>
      </trkpt>
      <trkpt lat="46.881384" lon="10.488918">
        <ele>1784.136335</ele>
      </trkpt>
      <trkpt lat="46.881364" lon="10.488868">
        <ele>1783.775146</ele>
      </trkpt>
      <trkpt lat="46.881361" lon="10.488850">
        <ele>1783.659634</ele>
      </trkpt>
      <trkpt lat="46.881358" lon="10.488802">
        <ele>1783.359123</ele>
      </trkpt>
      <trkpt lat="46.881356" lon="10.488789">
        <ele>1783.276045</ele>
      </trkpt>
      <trkpt lat="46.881354" lon="10.488771">
        <ele>1783.162348</ele>
      </trkpt>
      <trkpt lat="46.881360" lon="10.488747">
        <ele>1783.003022</ele>
      </trkpt>
      <trkpt lat="46.881367" lon="10.488735">
        <ele>1782.904664</ele>
      </trkpt>
      <trkpt lat="46.881372" lon="10.488713">
        <ele>1782.760119</ele>
      </trkpt>
      <trkpt lat="46.881376" lon="10.488702">
        <ele>1782.682436</ele>
      </trkpt>
      <trkpt lat="46.881377" lon="10.488683">
        <ele>1782.563627</ele>
      </trkpt>
      <trkpt lat="46.881375" lon="10.488668">
        <ele>1782.468345</ele>
      </trkpt>
      <trkpt lat="46.881372" lon="10.488654">
        <ele>1782.373661</ele>
      </trkpt>
      <trkpt lat="46.881370" lon="10.488631">
        <ele>1782.223101</ele>
      </trkpt>
      <trkpt lat="46.881376" lon="10.488608">
        <ele>1782.063237</ele>
      </trkpt>
      <trkpt lat="46.881373" lon="10.488590">
        <ele>1781.942925</ele>
      </trkpt>
      <trkpt lat="46.881367" lon="10.488576">
        <ele>1781.835619</ele>
      </trkpt>
      <trkpt lat="46.881358" lon="10.488568">
        <ele>1781.735570</ele>
      </trkpt>
      <trkpt lat="46.881343" lon="10.488565">
        <ele>1781.591736</ele>
      </trkpt>
      <trkpt lat="46.881330" lon="10.488552">
        <ele>1781.442134</ele>
      </trkpt>
      <trkpt lat="46.881316" lon="10.488537">
        <ele>1781.277273</ele>
      </trkpt>
      <trkpt lat="46.881308" lon="10.488513">
        <ele>1781.103878</ele>
      </trkpt>
      <trkpt lat="46.881309" lon="10.488468">
        <ele>1780.811505</ele>
      </trkpt>
      <trkpt lat="46.881309" lon="10.488453">
        <ele>1780.714098</ele>
      </trkpt>
      <trkpt lat="46.881309" lon="10.488439">
        <ele>1780.623186</ele>
      </trkpt>
      <trkpt lat="46.881305" lon="10.488421">
        <ele>1780.500276</ele>
      </trkpt>
      <trkpt lat="46.881299" lon="10.488407">
        <ele>1780.392970</ele>
      </trkpt>
      <trkpt lat="46.881289" lon="10.488396">
        <ele>1780.256623</ele>
      </trkpt>
      <trkpt lat="46.881275" lon="10.488393">
        <ele>1780.068753</ele>
      </trkpt>
      <trkpt lat="46.881260" lon="10.488398">
        <ele>1779.864485</ele>
      </trkpt>
      <trkpt lat="46.881244" lon="10.488407">
        <ele>1779.636882</ele>
      </trkpt>
      <trkpt lat="46.881227" lon="10.488406">
        <ele>1779.410980</ele>
      </trkpt>
      <trkpt lat="46.881217" lon="10.488399">
        <ele>1779.263789</ele>
      </trkpt>
      <trkpt lat="46.881197" lon="10.488376">
        <ele>1778.926019</ele>
      </trkpt>
      <trkpt lat="46.881183" lon="10.488368">
        <ele>1778.726457</ele>
      </trkpt>
      <trkpt lat="46.881173" lon="10.488365">
        <ele>1778.590918</ele>
      </trkpt>
      <trkpt lat="46.881159" lon="10.488358">
        <ele>1778.394476</ele>
      </trkpt>
      <trkpt lat="46.881151" lon="10.488349">
        <ele>1778.260482</ele>
      </trkpt>
      <trkpt lat="46.881147" lon="10.488323">
        <ele>1778.018618</ele>
      </trkpt>
      <trkpt lat="46.881138" lon="10.488307">
        <ele>1777.830562</ele>
      </trkpt>
      <trkpt lat="46.881117" lon="10.488305">
        <ele>1777.551142</ele>
      </trkpt>
      <trkpt lat="46.881104" lon="10.488312">
        <ele>1777.367213</ele>
      </trkpt>
      <trkpt lat="46.881090" lon="10.488327">
        <ele>1777.416222</ele>
      </trkpt>
      <trkpt lat="46.881081" lon="10.488353">
        <ele>1777.528660</ele>
      </trkpt>
      <trkpt lat="46.881083" lon="10.488386">
        <ele>1777.656474</ele>
      </trkpt>
      <trkpt lat="46.881093" lon="10.488405">
        <ele>1777.748989</ele>
      </trkpt>
      <trkpt lat="46.881112" lon="10.488422">
        <ele>1777.874698</ele>
      </trkpt>
      <trkpt lat="46.881138" lon="10.488428">
        <ele>1778.023266</ele>
      </trkpt>
      <trkpt lat="46.881150" lon="10.488439">
        <ele>1778.103195</ele>
      </trkpt>
      <trkpt lat="46.881166" lon="10.488454">
        <ele>1778.210456</ele>
      </trkpt>
      <trkpt lat="46.881179" lon="10.488484">
        <ele>1778.347496</ele>
      </trkpt>
      <trkpt lat="46.881187" lon="10.488491">
        <ele>1778.400110</ele>
      </trkpt>
      <trkpt lat="46.881203" lon="10.488513">
        <ele>1778.524045</ele>
      </trkpt>
      <trkpt lat="46.881216" lon="10.488531">
        <ele>1778.573873</ele>
      </trkpt>
      <trkpt lat="46.881222" lon="10.488542">
        <ele>1778.508202</ele>
      </trkpt>
      <trkpt lat="46.881235" lon="10.488573">
        <ele>1778.338489</ele>
      </trkpt>
      <trkpt lat="46.881236" lon="10.488579">
        <ele>1778.309670</ele>
      </trkpt>
      <trkpt lat="46.881238" lon="10.488592">
        <ele>1778.247490</ele>
      </trkpt>
      <trkpt lat="46.881240" lon="10.488621">
        <ele>1778.111478</ele>
      </trkpt>
      <trkpt lat="46.881236" lon="10.488635">
        <ele>1778.040671</ele>
      </trkpt>
      <trkpt lat="46.881244" lon="10.488657">
        <ele>1777.924387</ele>
      </trkpt>
      <trkpt lat="46.881244" lon="10.488673">
        <ele>1777.849725</ele>
      </trkpt>
      <trkpt lat="46.881238" lon="10.488687">
        <ele>1777.772616</ele>
      </trkpt>
      <trkpt lat="46.881229" lon="10.488697">
        <ele>1777.695461</ele>
      </trkpt>
      <trkpt lat="46.881222" lon="10.488700">
        <ele>1777.645664</ele>
      </trkpt>
      <trkpt lat="46.881211" lon="10.488704">
        <ele>1777.568281</ele>
      </trkpt>
      <trkpt lat="46.881193" lon="10.488700">
        <ele>1777.443985</ele>
      </trkpt>
      <trkpt lat="46.881177" lon="10.488687">
        <ele>1777.319038</ele>
      </trkpt>
      <trkpt lat="46.881168" lon="10.488673">
        <ele>1777.229354</ele>
      </trkpt>
      <trkpt lat="46.881159" lon="10.488665">
        <ele>1777.157459</ele>
      </trkpt>
      <trkpt lat="46.881148" lon="10.488662">
        <ele>1777.081068</ele>
      </trkpt>
      <trkpt lat="46.881133" lon="10.488656">
        <ele>1776.737689</ele>
      </trkpt>
      <trkpt lat="46.881121" lon="10.488653">
        <ele>1776.440443</ele>
      </trkpt>
      <trkpt lat="46.881107" lon="10.488642">
        <ele>1776.052434</ele>
      </trkpt>
      <trkpt lat="46.881098" lon="10.488635">
        <ele>1775.803562</ele>
      </trkpt>
      <trkpt lat="46.881072" lon="10.488609">
        <ele>1775.034605</ele>
      </trkpt>
      <trkpt lat="46.881063" lon="10.488603">
        <ele>1774.793117</ele>
      </trkpt>
      <trkpt lat="46.881054" lon="10.488599">
        <ele>1774.563452</ele>
      </trkpt>
      <trkpt lat="46.881040" lon="10.488608">
        <ele>1774.190075</ele>
      </trkpt>
      <trkpt lat="46.881031" lon="10.488613">
        <ele>1773.955016</ele>
      </trkpt>
      <trkpt lat="46.881021" lon="10.488615">
        <ele>1773.708579</ele>
      </trkpt>
      <trkpt lat="46.881008" lon="10.488616">
        <ele>1773.390725</ele>
      </trkpt>
      <trkpt lat="46.880996" lon="10.488613">
        <ele>1773.093479</ele>
      </trkpt>
      <trkpt lat="46.880983" lon="10.488606">
        <ele>1772.755248</ele>
      </trkpt>
      <trkpt lat="46.880963" lon="10.488604">
        <ele>1772.265777</ele>
      </trkpt>
      <trkpt lat="46.880951" lon="10.488608">
        <ele>1771.965269</ele>
      </trkpt>
      <trkpt lat="46.880943" lon="10.488618">
        <ele>1771.708350</ele>
      </trkpt>
      <trkpt lat="46.880935" lon="10.488626">
        <ele>1771.611468</ele>
      </trkpt>
      <trkpt lat="46.880925" lon="10.488646">
        <ele>1771.744906</ele>
      </trkpt>
      <trkpt lat="46.880926" lon="10.488677">
        <ele>1771.912024</ele>
      </trkpt>
      <trkpt lat="46.880940" lon="10.488699">
        <ele>1772.073888</ele>
      </trkpt>
      <trkpt lat="46.880964" lon="10.488704">
        <ele>1772.264873</ele>
      </trkpt>
      <trkpt lat="46.880983" lon="10.488731">
        <ele>1772.473548</ele>
      </trkpt>
      <trkpt lat="46.880993" lon="10.488747">
        <ele>1772.590296</ele>
      </trkpt>
      <trkpt lat="46.881002" lon="10.488766">
        <ele>1772.714776</ele>
      </trkpt>
      <trkpt lat="46.881008" lon="10.488778">
        <ele>1772.794839</ele>
      </trkpt>
      <trkpt lat="46.881013" lon="10.488793">
        <ele>1772.884706</ele>
      </trkpt>
      <trkpt lat="46.881022" lon="10.488819">
        <ele>1773.041644</ele>
      </trkpt>
      <trkpt lat="46.881029" lon="10.488832">
        <ele>1773.130761</ele>
      </trkpt>
      <trkpt lat="46.881036" lon="10.488843">
        <ele>1773.211692</ele>
      </trkpt>
      <trkpt lat="46.881044" lon="10.488853">
        <ele>1773.294590</ele>
      </trkpt>
      <trkpt lat="46.881052" lon="10.488861">
        <ele>1773.306024</ele>
      </trkpt>
      <trkpt lat="46.881061" lon="10.488872">
        <ele>1773.129221</ele>
      </trkpt>
      <trkpt lat="46.881071" lon="10.488887">
        <ele>1772.913302</ele>
      </trkpt>
      <trkpt lat="46.881078" lon="10.488896">
        <ele>1772.772808</ele>
      </trkpt>
      <trkpt lat="46.881083" lon="10.488908">
        <ele>1772.627987</ele>
      </trkpt>
      <trkpt lat="46.881087" lon="10.488935">
        <ele>1772.343299</ele>
      </trkpt>
      <trkpt lat="46.881087" lon="10.488949">
        <ele>1772.199032</ele>
      </trkpt>
      <trkpt lat="46.881084" lon="10.488963">
        <ele>1772.047842</ele>
      </trkpt>
      <trkpt lat="46.881076" lon="10.488973">
        <ele>1771.889207</ele>
      </trkpt>
      <trkpt lat="46.881064" lon="10.488984">
        <ele>1771.675716</ele>
      </trkpt>
      <trkpt lat="46.881052" lon="10.488987">
        <ele>1771.492180</ele>
      </trkpt>
      <trkpt lat="46.881041" lon="10.488986">
        <ele>1771.326023</ele>
      </trkpt>
      <trkpt lat="46.881030" lon="10.488981">
        <ele>1771.152367</ele>
      </trkpt>
      <trkpt lat="46.881020" lon="10.488977">
        <ele>1770.996072</ele>
      </trkpt>
      <trkpt lat="46.881002" lon="10.488979">
        <ele>1770.723921</ele>
      </trkpt>
      <trkpt lat="46.880991" lon="10.488975">
        <ele>1770.553038</ele>
      </trkpt>
      <trkpt lat="46.880980" lon="10.488970">
        <ele>1770.379381</ele>
      </trkpt>
      <trkpt lat="46.880968" lon="10.488960">
        <ele>1770.171178</ele>
      </trkpt>
      <trkpt lat="46.880960" lon="10.488948">
        <ele>1769.998443</ele>
      </trkpt>
      <trkpt lat="46.880957" lon="10.488932">
        <ele>1769.804417</ele>
      </trkpt>
      <trkpt lat="46.880951" lon="10.488919">
        <ele>1769.614455</ele>
      </trkpt>
      <trkpt lat="46.880936" lon="10.488912">
        <ele>1769.335500</ele>
      </trkpt>
      <trkpt lat="46.880919" lon="10.488917">
        <ele>1769.028277</ele>
      </trkpt>
      <trkpt lat="46.880907" lon="10.488917">
        <ele>1768.815668</ele>
      </trkpt>
      <trkpt lat="46.880899" lon="10.488909">
        <ele>1768.643982</ele>
      </trkpt>
      <trkpt lat="46.880893" lon="10.488890">
        <ele>1768.390518</ele>
      </trkpt>
      <trkpt lat="46.880886" lon="10.488881">
        <ele>1768.225410</ele>
      </trkpt>
      <trkpt lat="46.880876" lon="10.488879">
        <ele>1768.046587</ele>
      </trkpt>
      <trkpt lat="46.880862" lon="10.488886">
        <ele>1767.784457</ele>
      </trkpt>
      <trkpt lat="46.880850" lon="10.488899">
        <ele>1767.519905</ele>
      </trkpt>
      <trkpt lat="46.880844" lon="10.488914">
        <ele>1767.309433</ele>
      </trkpt>
      <trkpt lat="46.880840" lon="10.488933">
        <ele>1767.068672</ele>
      </trkpt>
      <trkpt lat="46.880842" lon="10.488947">
        <ele>1766.895466</ele>
      </trkpt>
      <trkpt lat="46.880844" lon="10.488960">
        <ele>1766.734094</ele>
      </trkpt>
      <trkpt lat="46.880848" lon="10.488979">
        <ele>1766.493334</ele>
      </trkpt>
      <trkpt lat="46.880856" lon="10.488999">
        <ele>1766.212704</ele>
      </trkpt>
      <trkpt lat="46.880878" lon="10.489023">
        <ele>1766.138499</ele>
      </trkpt>
      <trkpt lat="46.880886" lon="10.489040">
        <ele>1766.301840</ele>
      </trkpt>
      <trkpt lat="46.880901" lon="10.489081">
        <ele>1766.669872</ele>
      </trkpt>
      <trkpt lat="46.880919" lon="10.489100">
        <ele>1766.926865</ele>
      </trkpt>
      <trkpt lat="46.880930" lon="10.489123">
        <ele>1767.149021</ele>
      </trkpt>
      <trkpt lat="46.880941" lon="10.489137">
        <ele>1767.317832</ele>
      </trkpt>
      <trkpt lat="46.880954" lon="10.489169">
        <ele>1767.612435</ele>
      </trkpt>
      <trkpt lat="46.880957" lon="10.489208">
        <ele>1767.923030</ele>
      </trkpt>
      <trkpt lat="46.880956" lon="10.489224">
        <ele>1768.050182</ele>
      </trkpt>
      <trkpt lat="46.880963" lon="10.489247">
        <ele>1768.249434</ele>
      </trkpt>
      <trkpt lat="46.880979" lon="10.489266">
        <ele>1768.488032</ele>
      </trkpt>
      <trkpt lat="46.880985" lon="10.489281">
        <ele>1768.553338</ele>
      </trkpt>
      <trkpt lat="46.880989" lon="10.489296">
        <ele>1768.483818</ele>
      </trkpt>
      <trkpt lat="46.880991" lon="10.489312">
        <ele>1768.413589</ele>
      </trkpt>
      <trkpt lat="46.880994" lon="10.489323">
        <ele>1768.362453</ele>
      </trkpt>
      <trkpt lat="46.881001" lon="10.489339">
        <ele>1768.280430</ele>
      </trkpt>
      <trkpt lat="46.881003" lon="10.489350">
        <ele>1768.231283</ele>
      </trkpt>
      <trkpt lat="46.881001" lon="10.489368">
        <ele>1768.152544</ele>
      </trkpt>
      <trkpt lat="46.881004" lon="10.489382">
        <ele>1768.089196</ele>
      </trkpt>
      <trkpt lat="46.881008" lon="10.489398">
        <ele>1768.015636</ele>
      </trkpt>
      <trkpt lat="46.881008" lon="10.489417">
        <ele>1767.933600</ele>
      </trkpt>
      <trkpt lat="46.881003" lon="10.489436">
        <ele>1767.845694</ele>
      </trkpt>
      <trkpt lat="46.881003" lon="10.489447">
        <ele>1767.798199</ele>
      </trkpt>
      <trkpt lat="46.881008" lon="10.489475">
        <ele>1767.673245</ele>
      </trkpt>
      <trkpt lat="46.881011" lon="10.489489">
        <ele>1767.609897</ele>
      </trkpt>
      <trkpt lat="46.881012" lon="10.489512">
        <ele>1767.510389</ele>
      </trkpt>
      <trkpt lat="46.881010" lon="10.489533">
        <ele>1767.418841</ele>
      </trkpt>
      <trkpt lat="46.881004" lon="10.489550">
        <ele>1767.336232</ele>
      </trkpt>
      <trkpt lat="46.880998" lon="10.489569">
        <ele>1767.245864</ele>
      </trkpt>
      <trkpt lat="46.880996" lon="10.489600">
        <ele>1767.037183</ele>
      </trkpt>
      <trkpt lat="46.880996" lon="10.489623">
        <ele>1766.781635</ele>
      </trkpt>
      <trkpt lat="46.880992" lon="10.489661">
        <ele>1766.354447</ele>
      </trkpt>
      <trkpt lat="46.880988" lon="10.489685">
        <ele>1766.079975</ele>
      </trkpt>
      <trkpt lat="46.880987" lon="10.489704">
        <ele>1765.868245</ele>
      </trkpt>
      <trkpt lat="46.880993" lon="10.489725">
        <ele>1765.615354</ele>
      </trkpt>
      <trkpt lat="46.880995" lon="10.489745">
        <ele>1765.390773</ele>
      </trkpt>
      <trkpt lat="46.881001" lon="10.489757">
        <ele>1765.225578</ele>
      </trkpt>
      <trkpt lat="46.881014" lon="10.489776">
        <ele>1764.926879</ele>
      </trkpt>
      <trkpt lat="46.881023" lon="10.489807">
        <ele>1764.552662</ele>
      </trkpt>
      <trkpt lat="46.881023" lon="10.489837">
        <ele>1764.219338</ele>
      </trkpt>
      <trkpt lat="46.881018" lon="10.489857">
        <ele>1763.982725</ele>
      </trkpt>
      <trkpt lat="46.880988" lon="10.489910">
        <ele>1763.126515</ele>
      </trkpt>
      <trkpt lat="46.880983" lon="10.489918">
        <ele>1762.967450</ele>
      </trkpt>
      <trkpt lat="46.880978" lon="10.489928">
        <ele>1762.785646</ele>
      </trkpt>
      <trkpt lat="46.880973" lon="10.489945">
        <ele>1762.514083</ele>
      </trkpt>
      <trkpt lat="46.880968" lon="10.489968">
        <ele>1762.159935</ele>
      </trkpt>
      <trkpt lat="46.880965" lon="10.489984">
        <ele>1761.916485</ele>
      </trkpt>
      <trkpt lat="46.880958" lon="10.489996">
        <ele>1761.684997</ele>
      </trkpt>
      <trkpt lat="46.880950" lon="10.490011">
        <ele>1761.405819</ele>
      </trkpt>
      <trkpt lat="46.880948" lon="10.490024">
        <ele>1761.210291</ele>
      </trkpt>
      <trkpt lat="46.880941" lon="10.490044">
        <ele>1760.880584</ele>
      </trkpt>
      <trkpt lat="46.880939" lon="10.490058">
        <ele>1760.670716</ele>
      </trkpt>
      <trkpt lat="46.880940" lon="10.490083">
        <ele>1760.303251</ele>
      </trkpt>
      <trkpt lat="46.880942" lon="10.490111">
        <ele>1759.890156</ele>
      </trkpt>
      <trkpt lat="46.880948" lon="10.490131">
        <ele>1759.569663</ele>
      </trkpt>
      <trkpt lat="46.880952" lon="10.490138">
        <ele>1759.435782</ele>
      </trkpt>
      <trkpt lat="46.880955" lon="10.490149">
        <ele>1759.261999</ele>
      </trkpt>
      <trkpt lat="46.880955" lon="10.490155">
        <ele>1759.173958</ele>
      </trkpt>
      <trkpt lat="46.880955" lon="10.490160">
        <ele>1759.100591</ele>
      </trkpt>
      <trkpt lat="46.880956" lon="10.490166">
        <ele>1759.009970</ele>
      </trkpt>
      <trkpt lat="46.880958" lon="10.490172">
        <ele>1758.912018</ele>
      </trkpt>
      <trkpt lat="46.880963" lon="10.490184">
        <ele>1758.705799</ele>
      </trkpt>
      <trkpt lat="46.880966" lon="10.490195">
        <ele>1758.613868</ele>
      </trkpt>
      <trkpt lat="46.880968" lon="10.490213">
        <ele>1758.497013</ele>
      </trkpt>
      <trkpt lat="46.880974" lon="10.490237">
        <ele>1758.333261</ele>
      </trkpt>
      <trkpt lat="46.880974" lon="10.490250">
        <ele>1758.249958</ele>
      </trkpt>
      <trkpt lat="46.880966" lon="10.490280">
        <ele>1758.043611</ele>
      </trkpt>
      <trkpt lat="46.880971" lon="10.490316">
        <ele>1757.808214</ele>
      </trkpt>
      <trkpt lat="46.880970" lon="10.490348">
        <ele>1757.602949</ele>
      </trkpt>
      <trkpt lat="46.880960" lon="10.490383">
        <ele>1757.359868</ele>
      </trkpt>
      <trkpt lat="46.880958" lon="10.490419">
        <ele>1757.128425</ele>
      </trkpt>
      <trkpt lat="46.880949" lon="10.490438">
        <ele>1756.980297</ele>
      </trkpt>
      <trkpt lat="46.880944" lon="10.490464">
        <ele>1756.807225</ele>
      </trkpt>
      <trkpt lat="46.880943" lon="10.490478">
        <ele>1756.717026</ele>
      </trkpt>
      <trkpt lat="46.880940" lon="10.490502">
        <ele>1756.554760</ele>
      </trkpt>
      <trkpt lat="46.880933" lon="10.490553">
        <ele>1755.999167</ele>
      </trkpt>
      <trkpt lat="46.880932" lon="10.490577">
        <ele>1755.742353</ele>
      </trkpt>
      <trkpt lat="46.880926" lon="10.490600">
        <ele>1755.479412</ele>
      </trkpt>
      <trkpt lat="46.880923" lon="10.490613">
        <ele>1755.332862</ele>
      </trkpt>
      <trkpt lat="46.880901" lon="10.490643">
        <ele>1754.862912</ele>
      </trkpt>
      <trkpt lat="46.880897" lon="10.490662">
        <ele>1754.650570</ele>
      </trkpt>
      <trkpt lat="46.880896" lon="10.490691">
        <ele>1754.340433</ele>
      </trkpt>
      <trkpt lat="46.880894" lon="10.490733">
        <ele>1753.890754</ele>
      </trkpt>
      <trkpt lat="46.880889" lon="10.490744">
        <ele>1753.749658</ele>
      </trkpt>
      <trkpt lat="46.880877" lon="10.490757">
        <ele>1753.516332</ele>
      </trkpt>
      <trkpt lat="46.880864" lon="10.490773">
        <ele>1753.250870</ele>
      </trkpt>
      <trkpt lat="46.880853" lon="10.490795">
        <ele>1752.916741</ele>
      </trkpt>
      <trkpt lat="46.880847" lon="10.490838">
        <ele>1752.239369</ele>
      </trkpt>
      <trkpt lat="46.880848" lon="10.490854">
        <ele>1751.991386</ele>
      </trkpt>
      <trkpt lat="46.880853" lon="10.490878">
        <ele>1751.604133</ele>
      </trkpt>
      <trkpt lat="46.880848" lon="10.490897">
        <ele>1751.289894</ele>
      </trkpt>
      <trkpt lat="46.880834" lon="10.490909">
        <ele>1750.923499</ele>
      </trkpt>
      <trkpt lat="46.880821" lon="10.490911">
        <ele>1750.628327</ele>
      </trkpt>
      <trkpt lat="46.880806" lon="10.490900">
        <ele>1750.249443</ele>
      </trkpt>
      <trkpt lat="46.880801" lon="10.490888">
        <ele>1750.032529</ele>
      </trkpt>
      <trkpt lat="46.880794" lon="10.490864">
        <ele>1749.629785</ele>
      </trkpt>
      <trkpt lat="46.880787" lon="10.490841">
        <ele>1749.241190</ele>
      </trkpt>
      <trkpt lat="46.880780" lon="10.490832">
        <ele>1749.030758</ele>
      </trkpt>
      <trkpt lat="46.880770" lon="10.490810">
        <ele>1748.622970</ele>
      </trkpt>
      <trkpt lat="46.880764" lon="10.490796">
        <ele>1748.367924</ele>
      </trkpt>
      <trkpt lat="46.880759" lon="10.490782">
        <ele>1748.124121</ele>
      </trkpt>
      <trkpt lat="46.880756" lon="10.490769">
        <ele>1747.994721</ele>
      </trkpt>
      <trkpt lat="46.880755" lon="10.490755">
        <ele>1748.044220</ele>
      </trkpt>
      <trkpt lat="46.880756" lon="10.490738">
        <ele>1748.104221</ele>
      </trkpt>
      <trkpt lat="46.880755" lon="10.490711">
        <ele>1748.199305</ele>
      </trkpt>
      <trkpt lat="46.880752" lon="10.490697">
        <ele>1748.250898</ele>
      </trkpt>
      <trkpt lat="46.880744" lon="10.490674">
        <ele>1748.341647</ele>
      </trkpt>
      <trkpt lat="46.880744" lon="10.490656">
        <ele>1748.404943</ele>
      </trkpt>
      <trkpt lat="46.880745" lon="10.490635">
        <ele>1748.478968</ele>
      </trkpt>
      <trkpt lat="46.880747" lon="10.490623">
        <ele>1748.522403</ele>
      </trkpt>
      <trkpt lat="46.880753" lon="10.490609">
        <ele>1748.580510</ele>
      </trkpt>
      <trkpt lat="46.880764" lon="10.490584">
        <ele>1748.685062</ele>
      </trkpt>
      <trkpt lat="46.880780" lon="10.490555">
        <ele>1748.816116</ele>
      </trkpt>
      <trkpt lat="46.880799" lon="10.490466">
        <ele>1749.135878</ele>
      </trkpt>
      <trkpt lat="46.880793" lon="10.490419">
        <ele>1749.130876</ele>
      </trkpt>
      <trkpt lat="46.880775" lon="10.490373">
        <ele>1749.125330</ele>
      </trkpt>
      <trkpt lat="46.880753" lon="10.490243">
        <ele>1749.111319</ele>
      </trkpt>
      <trkpt lat="46.880740" lon="10.490171">
        <ele>1749.103528</ele>
      </trkpt>
      <trkpt lat="46.880738" lon="10.490132">
        <ele>1749.322894</ele>
      </trkpt>
      <trkpt lat="46.880730" lon="10.490046">
        <ele>1750.210389</ele>
      </trkpt>
      <trkpt lat="46.880738" lon="10.490001">
        <ele>1750.685844</ele>
      </trkpt>
      <trkpt lat="46.880739" lon="10.489932">
        <ele>1751.391558</ele>
      </trkpt>
      <trkpt lat="46.880750" lon="10.489862">
        <ele>1752.126013</ele>
      </trkpt>
      <trkpt lat="46.880757" lon="10.489820">
        <ele>1752.464086</ele>
      </trkpt>
      <trkpt lat="46.880759" lon="10.489775">
        <ele>1752.459259</ele>
      </trkpt>
      <trkpt lat="46.880756" lon="10.489755">
        <ele>1752.457067</ele>
      </trkpt>
      <trkpt lat="46.880743" lon="10.489729">
        <ele>1752.453619</ele>
      </trkpt>
      <trkpt lat="46.880731" lon="10.489687">
        <ele>1752.448746</ele>
      </trkpt>
      <trkpt lat="46.880722" lon="10.489627">
        <ele>1752.442170</ele>
      </trkpt>
      <trkpt lat="46.880722" lon="10.489606">
        <ele>1752.439922</ele>
      </trkpt>
      <trkpt lat="46.880717" lon="10.489552">
        <ele>1752.434089</ele>
      </trkpt>
      <trkpt lat="46.880705" lon="10.489513">
        <ele>1752.341547</ele>
      </trkpt>
      <trkpt lat="46.880695" lon="10.489492">
        <ele>1751.793620</ele>
      </trkpt>
      <trkpt lat="46.880690" lon="10.489469">
        <ele>1751.276917</ele>
      </trkpt>
      <trkpt lat="46.880689" lon="10.489438">
        <ele>1750.612511</ele>
      </trkpt>
      <trkpt lat="46.880682" lon="10.489421">
        <ele>1750.187627</ele>
      </trkpt>
      <trkpt lat="46.880602" lon="10.489356">
        <ele>1747.321457</ele>
      </trkpt>
      <trkpt lat="46.880559" lon="10.489368">
        <ele>1745.950365</ele>
      </trkpt>
      <trkpt lat="46.880549" lon="10.489368">
        <ele>1745.637153</ele>
      </trkpt>
      <trkpt lat="46.880538" lon="10.489366">
        <ele>1745.293010</ele>
      </trkpt>
      <trkpt lat="46.880527" lon="10.489364">
        <ele>1744.956591</ele>
      </trkpt>
      <trkpt lat="46.880518" lon="10.489362">
        <ele>1744.680308</ele>
      </trkpt>
      <trkpt lat="46.880507" lon="10.489363">
        <ele>1744.345814</ele>
      </trkpt>
      <trkpt lat="46.880496" lon="10.489371">
        <ele>1743.972988</ele>
      </trkpt>
      <trkpt lat="46.880486" lon="10.489383">
        <ele>1743.580454</ele>
      </trkpt>
      <trkpt lat="46.880475" lon="10.489389">
        <ele>1743.224155</ele>
      </trkpt>
      <trkpt lat="46.880433" lon="10.489408">
        <ele>1741.889906</ele>
      </trkpt>
      <trkpt lat="46.880414" lon="10.489412">
        <ele>1741.307315</ele>
      </trkpt>
      <trkpt lat="46.880404" lon="10.489411">
        <ele>1741.003106</ele>
      </trkpt>
      <trkpt lat="46.880395" lon="10.489405">
        <ele>1740.702933</ele>
      </trkpt>
      <trkpt lat="46.880388" lon="10.489398">
        <ele>1740.445596</ele>
      </trkpt>
      <trkpt lat="46.880378" lon="10.489388">
        <ele>1740.077971</ele>
      </trkpt>
      <trkpt lat="46.880372" lon="10.489376">
        <ele>1739.769538</ele>
      </trkpt>
      <trkpt lat="46.880369" lon="10.489361">
        <ele>1739.445316</ele>
      </trkpt>
      <trkpt lat="46.880369" lon="10.489348">
        <ele>1739.175631</ele>
      </trkpt>
      <trkpt lat="46.880372" lon="10.489325">
        <ele>1738.689887</ele>
      </trkpt>
      <trkpt lat="46.880380" lon="10.489306">
        <ele>1738.588299</ele>
      </trkpt>
      <trkpt lat="46.880396" lon="10.489264">
        <ele>1738.658952</ele>
      </trkpt>
      <trkpt lat="46.880408" lon="10.489240">
        <ele>1738.702646</ele>
      </trkpt>
      <trkpt lat="46.880425" lon="10.489209">
        <ele>1738.761047</ele>
      </trkpt>
      <trkpt lat="46.880438" lon="10.489172">
        <ele>1738.822177</ele>
      </trkpt>
      <trkpt lat="46.880441" lon="10.489154">
        <ele>1738.849402</ele>
      </trkpt>
      <trkpt lat="46.880435" lon="10.489140">
        <ele>1738.873683</ele>
      </trkpt>
      <trkpt lat="46.880422" lon="10.489129">
        <ele>1738.905967</ele>
      </trkpt>
      <trkpt lat="46.880410" lon="10.489129">
        <ele>1738.931764</ele>
      </trkpt>
      <trkpt lat="46.880398" lon="10.489139">
        <ele>1738.961453</ele>
      </trkpt>
      <trkpt lat="46.880378" lon="10.489159">
        <ele>1739.013533</ele>
      </trkpt>
      <trkpt lat="46.880355" lon="10.489220">
        <ele>1738.854282</ele>
      </trkpt>
      <trkpt lat="46.880357" lon="10.489240">
        <ele>1738.769999</ele>
      </trkpt>
      <trkpt lat="46.880349" lon="10.489251">
        <ele>1738.703025</ele>
      </trkpt>
      <trkpt lat="46.880340" lon="10.489252">
        <ele>1738.647963</ele>
      </trkpt>
      <trkpt lat="46.880330" lon="10.489248">
        <ele>1738.584721</ele>
      </trkpt>
      <trkpt lat="46.880325" lon="10.489236">
        <ele>1738.526120</ele>
      </trkpt>
      <trkpt lat="46.880323" lon="10.489221">
        <ele>1738.462394</ele>
      </trkpt>
      <trkpt lat="46.880325" lon="10.489199">
        <ele>1738.369852</ele>
      </trkpt>
      <trkpt lat="46.880327" lon="10.489175">
        <ele>1738.269037</ele>
      </trkpt>
      <trkpt lat="46.880332" lon="10.489167">
        <ele>1738.223836</ele>
      </trkpt>
      <trkpt lat="46.880333" lon="10.489147">
        <ele>1738.140218</ele>
      </trkpt>
      <trkpt lat="46.880332" lon="10.489131">
        <ele>1738.073223</ele>
      </trkpt>
      <trkpt lat="46.880323" lon="10.489115">
        <ele>1737.986821</ele>
      </trkpt>
      <trkpt lat="46.880319" lon="10.489097">
        <ele>1737.907898</ele>
      </trkpt>
      <trkpt lat="46.880313" lon="10.489082">
        <ele>1737.835429</ele>
      </trkpt>
      <trkpt lat="46.880311" lon="10.489069">
        <ele>1737.779866</ele>
      </trkpt>
      <trkpt lat="46.880313" lon="10.489040">
        <ele>1737.703676</ele>
      </trkpt>
      <trkpt lat="46.880309" lon="10.489025">
        <ele>1737.807099</ele>
      </trkpt>
      <trkpt lat="46.880295" lon="10.488991">
        <ele>1738.062062</ele>
      </trkpt>
      <trkpt lat="46.880292" lon="10.488972">
        <ele>1738.187320</ele>
      </trkpt>
      <trkpt lat="46.880291" lon="10.488953">
        <ele>1738.309726</ele>
      </trkpt>
      <trkpt lat="46.880285" lon="10.488943">
        <ele>1738.395197</ele>
      </trkpt>
      <trkpt lat="46.880280" lon="10.488924">
        <ele>1738.525974</ele>
      </trkpt>
      <trkpt lat="46.880277" lon="10.488889">
        <ele>1738.752554</ele>
      </trkpt>
      <trkpt lat="46.880272" lon="10.488873">
        <ele>1738.865560</ele>
      </trkpt>
      <trkpt lat="46.880261" lon="10.488842">
        <ele>1739.089919</ele>
      </trkpt>
      <trkpt lat="46.880247" lon="10.488802">
        <ele>1739.378580</ele>
      </trkpt>
      <trkpt lat="46.880242" lon="10.488776">
        <ele>1739.552073</ele>
      </trkpt>
      <trkpt lat="46.880242" lon="10.488749">
        <ele>1739.725505</ele>
      </trkpt>
      <trkpt lat="46.880233" lon="10.488701">
        <ele>1739.458224</ele>
      </trkpt>
      <trkpt lat="46.880229" lon="10.488672">
        <ele>1739.212869</ele>
      </trkpt>
      <trkpt lat="46.880231" lon="10.488639">
        <ele>1738.938114</ele>
      </trkpt>
      <trkpt lat="46.880230" lon="10.488612">
        <ele>1738.713865</ele>
      </trkpt>
      <trkpt lat="46.880223" lon="10.488596">
        <ele>1738.556318</ele>
      </trkpt>
      <trkpt lat="46.880211" lon="10.488590">
        <ele>1738.402451</ele>
      </trkpt>
      <trkpt lat="46.880201" lon="10.488594">
        <ele>1738.276666</ele>
      </trkpt>
      <trkpt lat="46.880195" lon="10.488604">
        <ele>1738.166313</ele>
      </trkpt>
      <trkpt lat="46.880188" lon="10.488631">
        <ele>1737.926826</ele>
      </trkpt>
      <trkpt lat="46.880187" lon="10.488662">
        <ele>1737.669445</ele>
      </trkpt>
      <trkpt lat="46.880195" lon="10.488733">
        <ele>1737.072669</ele>
      </trkpt>
      <trkpt lat="46.880200" lon="10.488776">
        <ele>1736.505146</ele>
      </trkpt>
      <trkpt lat="46.880199" lon="10.488808">
        <ele>1736.083356</ele>
      </trkpt>
      <trkpt lat="46.880201" lon="10.488846">
        <ele>1735.581523</ele>
      </trkpt>
      <trkpt lat="46.880199" lon="10.488866">
        <ele>1735.315376</ele>
      </trkpt>
      <trkpt lat="46.880201" lon="10.488909">
        <ele>1734.747878</ele>
      </trkpt>
      <trkpt lat="46.880201" lon="10.488977">
        <ele>1733.852510</ele>
      </trkpt>
      <trkpt lat="46.880207" lon="10.489028">
        <ele>1733.171110</ele>
      </trkpt>
      <trkpt lat="46.880222" lon="10.489082">
        <ele>1732.605740</ele>
      </trkpt>
      <trkpt lat="46.880229" lon="10.489110">
        <ele>1732.456243</ele>
      </trkpt>
      <trkpt lat="46.880231" lon="10.489135">
        <ele>1732.330029</ele>
      </trkpt>
      <trkpt lat="46.880229" lon="10.489157">
        <ele>1732.218743</ele>
      </trkpt>
      <trkpt lat="46.880221" lon="10.489168">
        <ele>1732.138204</ele>
      </trkpt>
      <trkpt lat="46.880211" lon="10.489165">
        <ele>1732.063318</ele>
      </trkpt>
      <trkpt lat="46.880203" lon="10.489146">
        <ele>1731.951420</ele>
      </trkpt>
      <trkpt lat="46.880189" lon="10.489095">
        <ele>1731.675838</ele>
      </trkpt>
      <trkpt lat="46.880186" lon="10.489081">
        <ele>1731.602268</ele>
      </trkpt>
      <trkpt lat="46.880175" lon="10.489045">
        <ele>1731.404537</ele>
      </trkpt>
      <trkpt lat="46.880173" lon="10.489025">
        <ele>1731.303183</ele>
      </trkpt>
      <trkpt lat="46.880170" lon="10.489000">
        <ele>1731.175908</ele>
      </trkpt>
      <trkpt lat="46.880163" lon="10.488980">
        <ele>1731.068488</ele>
      </trkpt>
      <trkpt lat="46.880149" lon="10.488962">
        <ele>1730.972842</ele>
      </trkpt>
      <trkpt lat="46.880142" lon="10.488942">
        <ele>1730.894025</ele>
      </trkpt>
      <trkpt lat="46.880141" lon="10.488926">
        <ele>1730.837668</ele>
      </trkpt>
      <trkpt lat="46.880141" lon="10.488913">
        <ele>1730.792067</ele>
      </trkpt>
      <trkpt lat="46.880139" lon="10.488897">
        <ele>1730.735013</ele>
      </trkpt>
      <trkpt lat="46.880139" lon="10.488862">
        <ele>1730.612243</ele>
      </trkpt>
      <trkpt lat="46.880143" lon="10.488844">
        <ele>1730.545851</ele>
      </trkpt>
      <trkpt lat="46.880149" lon="10.488833">
        <ele>1730.496486</ele>
      </trkpt>
      <trkpt lat="46.880151" lon="10.488804">
        <ele>1730.394246</ele>
      </trkpt>
      <trkpt lat="46.880145" lon="10.488786">
        <ele>1730.323999</ele>
      </trkpt>
      <trkpt lat="46.880129" lon="10.488778">
        <ele>1730.237228</ele>
      </trkpt>
      <trkpt lat="46.880121" lon="10.488787">
        <ele>1730.185439</ele>
      </trkpt>
      <trkpt lat="46.880101" lon="10.488869">
        <ele>1729.782526</ele>
      </trkpt>
      <trkpt lat="46.880099" lon="10.488891">
        <ele>1729.542756</ele>
      </trkpt>
      <trkpt lat="46.880100" lon="10.488936">
        <ele>1729.056341</ele>
      </trkpt>
      <trkpt lat="46.880101" lon="10.488966">
        <ele>1728.731851</ele>
      </trkpt>
      <trkpt lat="46.880104" lon="10.488985">
        <ele>1728.521179</ele>
      </trkpt>
      <trkpt lat="46.880103" lon="10.489001">
        <ele>1728.347602</ele>
      </trkpt>
      <trkpt lat="46.880104" lon="10.489041">
        <ele>1727.915172</ele>
      </trkpt>
      <trkpt lat="46.880103" lon="10.489072">
        <ele>1727.579891</ele>
      </trkpt>
      <trkpt lat="46.880108" lon="10.489115">
        <ele>1727.108666</ele>
      </trkpt>
      <trkpt lat="46.880117" lon="10.489148">
        <ele>1726.724819</ele>
      </trkpt>
      <trkpt lat="46.880118" lon="10.489164">
        <ele>1726.551242</ele>
      </trkpt>
      <trkpt lat="46.880120" lon="10.489185">
        <ele>1726.330869</ele>
      </trkpt>
      <trkpt lat="46.880112" lon="10.489206">
        <ele>1726.115243</ele>
      </trkpt>
      <trkpt lat="46.880110" lon="10.489239">
        <ele>1725.818105</ele>
      </trkpt>
      <trkpt lat="46.880105" lon="10.489252">
        <ele>1725.684317</ele>
      </trkpt>
      <trkpt lat="46.880103" lon="10.489267">
        <ele>1725.547246</ele>
      </trkpt>
      <trkpt lat="46.880104" lon="10.489283">
        <ele>1725.403144</ele>
      </trkpt>
      <trkpt lat="46.880102" lon="10.489305">
        <ele>1725.204088</ele>
      </trkpt>
      <trkpt lat="46.880100" lon="10.489323">
        <ele>1725.040527</ele>
      </trkpt>
      <trkpt lat="46.880098" lon="10.489370">
        <ele>1724.618169</ele>
      </trkpt>
      <trkpt lat="46.880102" lon="10.489388">
        <ele>1724.448409</ele>
      </trkpt>
      <trkpt lat="46.880094" lon="10.489421">
        <ele>1724.134368</ele>
      </trkpt>
      <trkpt lat="46.880094" lon="10.489438">
        <ele>1723.981895</ele>
      </trkpt>
      <trkpt lat="46.880089" lon="10.489455">
        <ele>1723.815906</ele>
      </trkpt>
      <trkpt lat="46.880087" lon="10.489475">
        <ele>1723.634617</ele>
      </trkpt>
      <trkpt lat="46.880084" lon="10.489494">
        <ele>1723.459718</ele>
      </trkpt>
      <trkpt lat="46.880080" lon="10.489509">
        <ele>1723.398829</ele>
      </trkpt>
      <trkpt lat="46.880078" lon="10.489527">
        <ele>1723.361856</ele>
      </trkpt>
      <trkpt lat="46.880079" lon="10.489546">
        <ele>1723.323220</ele>
      </trkpt>
      <trkpt lat="46.880075" lon="10.489582">
        <ele>1723.249274</ele>
      </trkpt>
      <trkpt lat="46.880081" lon="10.489631">
        <ele>1723.148347</ele>
      </trkpt>
      <trkpt lat="46.880083" lon="10.489665">
        <ele>1723.079159</ele>
      </trkpt>
      <trkpt lat="46.880088" lon="10.489680">
        <ele>1723.045323</ele>
      </trkpt>
      <trkpt lat="46.880094" lon="10.489728">
        <ele>1722.946392</ele>
      </trkpt>
      <trkpt lat="46.880097" lon="10.489742">
        <ele>1722.916645</ele>
      </trkpt>
      <trkpt lat="46.880099" lon="10.489762">
        <ele>1722.875664</ele>
      </trkpt>
      <trkpt lat="46.880116" lon="10.489803">
        <ele>1722.778440</ele>
      </trkpt>
      <trkpt lat="46.880119" lon="10.489829">
        <ele>1722.656706</ele>
      </trkpt>
      <trkpt lat="46.880120" lon="10.489842">
        <ele>1722.572438</ele>
      </trkpt>
      <trkpt lat="46.880123" lon="10.489855">
        <ele>1722.484053</ele>
      </trkpt>
      <trkpt lat="46.880142" lon="10.489872">
        <ele>1722.274166</ele>
      </trkpt>
      <trkpt lat="46.880147" lon="10.489885">
        <ele>1722.178079</ele>
      </trkpt>
      <trkpt lat="46.880145" lon="10.489904">
        <ele>1722.054246</ele>
      </trkpt>
      <trkpt lat="46.880137" lon="10.489918">
        <ele>1721.936702</ele>
      </trkpt>
      <trkpt lat="46.880126" lon="10.489923">
        <ele>1721.828150</ele>
      </trkpt>
      <trkpt lat="46.880112" lon="10.489924">
        <ele>1721.696056</ele>
      </trkpt>
      <trkpt lat="46.880102" lon="10.489913">
        <ele>1721.578150</ele>
      </trkpt>
      <trkpt lat="46.880094" lon="10.489906">
        <ele>1721.490303</ele>
      </trkpt>
      <trkpt lat="46.880084" lon="10.489888">
        <ele>1721.340886</ele>
      </trkpt>
      <trkpt lat="46.880079" lon="10.489862">
        <ele>1721.166903</ele>
      </trkpt>
      <trkpt lat="46.880068" lon="10.489801">
        <ele>1720.760523</ele>
      </trkpt>
      <trkpt lat="46.880053" lon="10.489766">
        <ele>1720.541189</ele>
      </trkpt>
      <trkpt lat="46.880047" lon="10.489738">
        <ele>1720.413941</ele>
      </trkpt>
      <trkpt lat="46.880038" lon="10.489691">
        <ele>1720.202281</ele>
      </trkpt>
      <trkpt lat="46.880031" lon="10.489642">
        <ele>1719.985204</ele>
      </trkpt>
      <trkpt lat="46.880028" lon="10.489625">
        <ele>1719.909067</ele>
      </trkpt>
      <trkpt lat="46.880030" lon="10.489599">
        <ele>1719.795607</ele>
      </trkpt>
      <trkpt lat="46.880020" lon="10.489555">
        <ele>1719.594533</ele>
      </trkpt>
      <trkpt lat="46.880012" lon="10.489524">
        <ele>1719.450841</ele>
      </trkpt>
      <trkpt lat="46.879990" lon="10.489479">
        <ele>1719.210762</ele>
      </trkpt>
      <trkpt lat="46.879973" lon="10.489436">
        <ele>1718.851045</ele>
      </trkpt>
      <trkpt lat="46.879963" lon="10.489407">
        <ele>1718.615833</ele>
      </trkpt>
      <trkpt lat="46.879942" lon="10.489398">
        <ele>1718.384004</ele>
      </trkpt>
      <trkpt lat="46.879931" lon="10.489402">
        <ele>1718.263922</ele>
      </trkpt>
      <trkpt lat="46.879922" lon="10.489417">
        <ele>1718.119388</ele>
      </trkpt>
      <trkpt lat="46.879920" lon="10.489440">
        <ele>1717.951491</ele>
      </trkpt>
      <trkpt lat="46.879925" lon="10.489462">
        <ele>1717.783603</ele>
      </trkpt>
      <trkpt lat="46.879936" lon="10.489554">
        <ele>1717.107272</ele>
      </trkpt>
      <trkpt lat="46.879962" lon="10.489641">
        <ele>1715.988811</ele>
      </trkpt>
      <trkpt lat="46.879973" lon="10.489657">
        <ele>1715.651603</ele>
      </trkpt>
      <trkpt lat="46.879974" lon="10.489683">
        <ele>1715.264647</ele>
      </trkpt>
      <trkpt lat="46.879965" lon="10.489702">
        <ele>1714.921151</ele>
      </trkpt>
      <trkpt lat="46.879952" lon="10.489710">
        <ele>1714.614557</ele>
      </trkpt>
      <trkpt lat="46.879941" lon="10.489715">
        <ele>1714.364150</ele>
      </trkpt>
      <trkpt lat="46.879927" lon="10.489714">
        <ele>1714.059438</ele>
      </trkpt>
      <trkpt lat="46.879918" lon="10.489709">
        <ele>1713.850153</ele>
      </trkpt>
      <trkpt lat="46.879910" lon="10.489696">
        <ele>1713.590227</ele>
      </trkpt>
      <trkpt lat="46.879892" lon="10.489663">
        <ele>1712.962872</ele>
      </trkpt>
      <trkpt lat="46.879880" lon="10.489656">
        <ele>1712.682028</ele>
      </trkpt>
      <trkpt lat="46.879870" lon="10.489656">
        <ele>1712.464636</ele>
      </trkpt>
      <trkpt lat="46.879848" lon="10.489660">
        <ele>1711.982693</ele>
      </trkpt>
      <trkpt lat="46.879837" lon="10.489662">
        <ele>1711.713065</ele>
      </trkpt>
      <trkpt lat="46.879816" lon="10.489660">
        <ele>1711.189988</ele>
      </trkpt>
      <trkpt lat="46.879801" lon="10.489642">
        <ele>1710.707774</ele>
      </trkpt>
      <trkpt lat="46.879795" lon="10.489632">
        <ele>1710.481707</ele>
      </trkpt>
      <trkpt lat="46.879787" lon="10.489627">
        <ele>1710.265475</ele>
      </trkpt>
      <trkpt lat="46.879775" lon="10.489616">
        <ele>1709.913492</ele>
      </trkpt>
      <trkpt lat="46.879747" lon="10.489591">
        <ele>1709.098157</ele>
      </trkpt>
      <trkpt lat="46.879736" lon="10.489549">
        <ele>1708.334000</ele>
      </trkpt>
      <trkpt lat="46.879723" lon="10.489533">
        <ele>1707.911738</ele>
      </trkpt>
      <trkpt lat="46.879712" lon="10.489535">
        <ele>1707.636221</ele>
      </trkpt>
      <trkpt lat="46.879703" lon="10.489545">
        <ele>1707.355315</ele>
      </trkpt>
      <trkpt lat="46.879699" lon="10.489557">
        <ele>1707.128487</ele>
      </trkpt>
      <trkpt lat="46.879697" lon="10.489578">
        <ele>1706.768256</ele>
      </trkpt>
      <trkpt lat="46.879700" lon="10.489592">
        <ele>1706.518984</ele>
      </trkpt>
      <trkpt lat="46.879734" lon="10.489654">
        <ele>1706.522814</ele>
      </trkpt>
      <trkpt lat="46.879745" lon="10.489683">
        <ele>1706.603451</ele>
      </trkpt>
      <trkpt lat="46.879759" lon="10.489713">
        <ele>1706.691769</ele>
      </trkpt>
      <trkpt lat="46.879771" lon="10.489742">
        <ele>1706.774191</ele>
      </trkpt>
      <trkpt lat="46.879775" lon="10.489758">
        <ele>1706.815612</ele>
      </trkpt>
      <trkpt lat="46.879791" lon="10.489780">
        <ele>1706.893715</ele>
      </trkpt>
      <trkpt lat="46.879793" lon="10.489796">
        <ele>1706.933261</ele>
      </trkpt>
      <trkpt lat="46.879790" lon="10.489810">
        <ele>1706.968933</ele>
      </trkpt>
      <trkpt lat="46.879779" lon="10.489827">
        <ele>1707.025848</ele>
      </trkpt>
      <trkpt lat="46.879765" lon="10.489837">
        <ele>1707.081264</ele>
      </trkpt>
      <trkpt lat="46.879748" lon="10.489831">
        <ele>1707.143468</ele>
      </trkpt>
      <trkpt lat="46.879732" lon="10.489817">
        <ele>1706.631405</ele>
      </trkpt>
      <trkpt lat="46.879721" lon="10.489782">
        <ele>1705.771206</ele>
      </trkpt>
      <trkpt lat="46.879680" lon="10.489693">
        <ele>1703.374633</ele>
      </trkpt>
      <trkpt lat="46.879677" lon="10.489679">
        <ele>1703.047013</ele>
      </trkpt>
      <trkpt lat="46.879672" lon="10.489664">
        <ele>1702.674361</ele>
      </trkpt>
      <trkpt lat="46.879661" lon="10.489643">
        <ele>1702.083577</ele>
      </trkpt>
      <trkpt lat="46.879630" lon="10.489607">
        <ele>1700.790594</ele>
      </trkpt>
      <trkpt lat="46.879617" lon="10.489587">
        <ele>1700.174308</ele>
      </trkpt>
      <trkpt lat="46.879607" lon="10.489577">
        <ele>1699.792889</ele>
      </trkpt>
      <trkpt lat="46.879601" lon="10.489565">
        <ele>1699.621290</ele>
      </trkpt>
      <trkpt lat="46.879600" lon="10.489542">
        <ele>1699.355297</ele>
      </trkpt>
      <trkpt lat="46.879599" lon="10.489519">
        <ele>1699.089303</ele>
      </trkpt>
      <trkpt lat="46.879597" lon="10.489490">
        <ele>1698.752897</ele>
      </trkpt>
      <trkpt lat="46.879594" lon="10.489470">
        <ele>1698.516572</ele>
      </trkpt>
      <trkpt lat="46.879587" lon="10.489448">
        <ele>1698.236494</ele>
      </trkpt>
      <trkpt lat="46.879583" lon="10.489428">
        <ele>1697.995983</ele>
      </trkpt>
      <trkpt lat="46.879580" lon="10.489405">
        <ele>1697.725736</ele>
      </trkpt>
      <trkpt lat="46.879579" lon="10.489392">
        <ele>1697.574748</ele>
      </trkpt>
      <trkpt lat="46.879581" lon="10.489377">
        <ele>1697.398360</ele>
      </trkpt>
      <trkpt lat="46.879577" lon="10.489351">
        <ele>1697.090771</ele>
      </trkpt>
      <trkpt lat="46.879574" lon="10.489336">
        <ele>1696.910388</ele>
      </trkpt>
      <trkpt lat="46.879576" lon="10.489311">
        <ele>1696.619878</ele>
      </trkpt>
      <trkpt lat="46.879579" lon="10.489272">
        <ele>1696.166914</ele>
      </trkpt>
      <trkpt lat="46.879589" lon="10.489236">
        <ele>1696.298526</ele>
      </trkpt>
      <trkpt lat="46.879591" lon="10.489218">
        <ele>1696.504136</ele>
      </trkpt>
      <trkpt lat="46.879596" lon="10.489191">
        <ele>1696.819530</ele>
      </trkpt>
      <trkpt lat="46.879602" lon="10.489177">
        <ele>1697.005837</ele>
      </trkpt>
      <trkpt lat="46.879617" lon="10.489153">
        <ele>1697.372497</ele>
      </trkpt>
      <trkpt lat="46.879623" lon="10.489139">
        <ele>1697.558805</ele>
      </trkpt>
      <trkpt lat="46.879626" lon="10.489122">
        <ele>1697.756761</ele>
      </trkpt>
      <trkpt lat="46.879622" lon="10.489100">
        <ele>1698.013432</ele>
      </trkpt>
      <trkpt lat="46.879619" lon="10.489079">
        <ele>1698.255318</ele>
      </trkpt>
      <trkpt lat="46.879621" lon="10.489032">
        <ele>1698.786259</ele>
      </trkpt>
      <trkpt lat="46.879627" lon="10.488995">
        <ele>1699.215005</ele>
      </trkpt>
      <trkpt lat="46.879627" lon="10.488980">
        <ele>1699.384126</ele>
      </trkpt>
      <trkpt lat="46.879633" lon="10.488952">
        <ele>1699.714970</ele>
      </trkpt>
      <trkpt lat="46.879642" lon="10.488923">
        <ele>1700.071216</ele>
      </trkpt>
      <trkpt lat="46.879647" lon="10.488900">
        <ele>1700.341146</ele>
      </trkpt>
      <trkpt lat="46.879658" lon="10.488877">
        <ele>1700.655093</ele>
      </trkpt>
      <trkpt lat="46.879664" lon="10.488865">
        <ele>1700.821375</ele>
      </trkpt>
      <trkpt lat="46.879670" lon="10.488853">
        <ele>1700.987658</ele>
      </trkpt>
      <trkpt lat="46.879682" lon="10.488826">
        <ele>1701.347848</ele>
      </trkpt>
      <trkpt lat="46.879685" lon="10.488814">
        <ele>1701.490752</ele>
      </trkpt>
      <trkpt lat="46.879687" lon="10.488800">
        <ele>1701.650711</ele>
      </trkpt>
      <trkpt lat="46.879685" lon="10.488774">
        <ele>1701.943332</ele>
      </trkpt>
      <trkpt lat="46.879685" lon="10.488757">
        <ele>1702.133461</ele>
      </trkpt>
      <trkpt lat="46.879682" lon="10.488743">
        <ele>1702.297551</ele>
      </trkpt>
      <trkpt lat="46.879675" lon="10.488724">
        <ele>1702.538950</ele>
      </trkpt>
      <trkpt lat="46.879669" lon="10.488706">
        <ele>1702.762925</ele>
      </trkpt>
      <trkpt lat="46.879658" lon="10.488674">
        <ele>1703.163523</ele>
      </trkpt>
      <trkpt lat="46.879653" lon="10.488655">
        <ele>1703.391224</ele>
      </trkpt>
      <trkpt lat="46.879646" lon="10.488613">
        <ele>1703.408132</ele>
      </trkpt>
      <trkpt lat="46.879640" lon="10.488582">
        <ele>1703.414967</ele>
      </trkpt>
      <trkpt lat="46.879645" lon="10.488555">
        <ele>1703.420901</ele>
      </trkpt>
      <trkpt lat="46.879645" lon="10.488542">
        <ele>1703.423658</ele>
      </trkpt>
      <trkpt lat="46.879641" lon="10.488527">
        <ele>1703.427074</ele>
      </trkpt>
      <trkpt lat="46.879643" lon="10.488509">
        <ele>1703.430942</ele>
      </trkpt>
      <trkpt lat="46.879616" lon="10.488432">
        <ele>1703.449301</ele>
      </trkpt>
      <trkpt lat="46.879581" lon="10.488276">
        <ele>1703.449436</ele>
      </trkpt>
      <trkpt lat="46.879564" lon="10.488215">
        <ele>1703.431606</ele>
      </trkpt>
      <trkpt lat="46.879556" lon="10.488177">
        <ele>1703.420844</ele>
      </trkpt>
      <trkpt lat="46.879544" lon="10.488085">
        <ele>1703.395493</ele>
      </trkpt>
      <trkpt lat="46.879543" lon="10.488047">
        <ele>1703.385200</ele>
      </trkpt>
      <trkpt lat="46.879540" lon="10.488014">
        <ele>1703.157038</ele>
      </trkpt>
      <trkpt lat="46.879537" lon="10.487957">
        <ele>1702.217123</ele>
      </trkpt>
      <trkpt lat="46.879528" lon="10.487929">
        <ele>1701.708414</ele>
      </trkpt>
      <trkpt lat="46.879526" lon="10.487886">
        <ele>1700.999812</ele>
      </trkpt>
      <trkpt lat="46.879513" lon="10.487873">
        <ele>1700.621055</ele>
      </trkpt>
      <trkpt lat="46.879492" lon="10.487872">
        <ele>1700.115674</ele>
      </trkpt>
      <trkpt lat="46.879477" lon="10.487879">
        <ele>1699.736967</ele>
      </trkpt>
      <trkpt lat="46.879466" lon="10.487889">
        <ele>1699.425462</ele>
      </trkpt>
      <trkpt lat="46.879458" lon="10.487897">
        <ele>1699.192381</ele>
      </trkpt>
      <trkpt lat="46.879450" lon="10.487906">
        <ele>1698.949642</ele>
      </trkpt>
      <trkpt lat="46.879440" lon="10.487913">
        <ele>1698.682996</ele>
      </trkpt>
      <trkpt lat="46.879422" lon="10.487914">
        <ele>1698.249729</ele>
      </trkpt>
      <trkpt lat="46.879404" lon="10.487907">
        <ele>1697.776991</ele>
      </trkpt>
      <trkpt lat="46.879393" lon="10.487894">
        <ele>1697.387425</ele>
      </trkpt>
      <trkpt lat="46.879372" lon="10.487872">
        <ele>1696.675858</ele>
      </trkpt>
      <trkpt lat="46.879355" lon="10.487852">
        <ele>1696.074876</ele>
      </trkpt>
      <trkpt lat="46.879333" lon="10.487821">
        <ele>1695.233384</ele>
      </trkpt>
      <trkpt lat="46.879325" lon="10.487813">
        <ele>1694.966424</ele>
      </trkpt>
      <trkpt lat="46.879301" lon="10.487797">
        <ele>1694.239830</ele>
      </trkpt>
      <trkpt lat="46.879275" lon="10.487796">
        <ele>1693.523304</ele>
      </trkpt>
      <trkpt lat="46.879261" lon="10.487796">
        <ele>1693.137615</ele>
      </trkpt>
      <trkpt lat="46.879241" lon="10.487785">
        <ele>1692.548981</ele>
      </trkpt>
      <trkpt lat="46.879224" lon="10.487784">
        <ele>1692.080267</ele>
      </trkpt>
      <trkpt lat="46.879209" lon="10.487776">
        <ele>1691.778818</ele>
      </trkpt>
      <trkpt lat="46.879196" lon="10.487767">
        <ele>1691.780857</ele>
      </trkpt>
      <trkpt lat="46.879184" lon="10.487755">
        <ele>1691.782918</ele>
      </trkpt>
      <trkpt lat="46.879175" lon="10.487743">
        <ele>1691.784645</ele>
      </trkpt>
      <trkpt lat="46.879167" lon="10.487732">
        <ele>1691.786202</ele>
      </trkpt>
      <trkpt lat="46.879163" lon="10.487718">
        <ele>1691.787673</ele>
      </trkpt>
      <trkpt lat="46.879152" lon="10.487692">
        <ele>1691.790637</ele>
      </trkpt>
      <trkpt lat="46.879146" lon="10.487674">
        <ele>1691.792578</ele>
      </trkpt>
      <trkpt lat="46.879138" lon="10.487642">
        <ele>1691.795880</ele>
      </trkpt>
      <trkpt lat="46.879127" lon="10.487596">
        <ele>1691.800604</ele>
      </trkpt>
      <trkpt lat="46.879124" lon="10.487559">
        <ele>1691.804216</ele>
      </trkpt>
      <trkpt lat="46.879120" lon="10.487536">
        <ele>1691.806516</ele>
      </trkpt>
      <trkpt lat="46.879107" lon="10.487519">
        <ele>1691.808989</ele>
      </trkpt>
      <trkpt lat="46.879095" lon="10.487511">
        <ele>1691.692694</ele>
      </trkpt>
      <trkpt lat="46.879080" lon="10.487510">
        <ele>1691.404819</ele>
      </trkpt>
      <trkpt lat="46.879071" lon="10.487510">
        <ele>1691.232273</ele>
      </trkpt>
      <trkpt lat="46.879054" lon="10.487519">
        <ele>1690.885669</ele>
      </trkpt>
      <trkpt lat="46.879042" lon="10.487532">
        <ele>1690.599398</ele>
      </trkpt>
      <trkpt lat="46.879024" lon="10.487542">
        <ele>1690.230262</ele>
      </trkpt>
      <trkpt lat="46.879011" lon="10.487543">
        <ele>1689.980685</ele>
      </trkpt>
      <trkpt lat="46.879002" lon="10.487547">
        <ele>1689.800352</ele>
      </trkpt>
      <trkpt lat="46.878988" lon="10.487559">
        <ele>1689.489272</ele>
      </trkpt>
      <trkpt lat="46.878964" lon="10.487579">
        <ele>1688.959738</ele>
      </trkpt>
      <trkpt lat="46.878942" lon="10.487595">
        <ele>1688.488717</ele>
      </trkpt>
      <trkpt lat="46.878927" lon="10.487593">
        <ele>1688.199948</ele>
      </trkpt>
      <trkpt lat="46.878914" lon="10.487584">
        <ele>1687.924218</ele>
      </trkpt>
      <trkpt lat="46.878887" lon="10.487580">
        <ele>1687.453602</ele>
      </trkpt>
      <trkpt lat="46.878871" lon="10.487579">
        <ele>1687.305989</ele>
      </trkpt>
      <trkpt lat="46.878861" lon="10.487575">
        <ele>1687.210431</ele>
      </trkpt>
      <trkpt lat="46.878826" lon="10.487557">
        <ele>1686.868468</ele>
      </trkpt>
      <trkpt lat="46.878815" lon="10.487549">
        <ele>1686.755239</ele>
      </trkpt>
      <trkpt lat="46.878800" lon="10.487536">
        <ele>1686.594538</ele>
      </trkpt>
      <trkpt lat="46.878788" lon="10.487510">
        <ele>1686.396879</ele>
      </trkpt>
      <trkpt lat="46.878783" lon="10.487495">
        <ele>1686.291733</ele>
      </trkpt>
      <trkpt lat="46.878776" lon="10.487486">
        <ele>1686.205835</ele>
      </trkpt>
      <trkpt lat="46.878759" lon="10.487473">
        <ele>1686.029023</ele>
      </trkpt>
      <trkpt lat="46.878720" lon="10.487459">
        <ele>1685.658880</ele>
      </trkpt>
      <trkpt lat="46.878697" lon="10.487450">
        <ele>1685.439427</ele>
      </trkpt>
      <trkpt lat="46.878686" lon="10.487440">
        <ele>1685.603444</ele>
      </trkpt>
      <trkpt lat="46.878676" lon="10.487426">
        <ele>1685.813177</ele>
      </trkpt>
      <trkpt lat="46.878669" lon="10.487413">
        <ele>1685.984587</ele>
      </trkpt>
      <trkpt lat="46.878665" lon="10.487399">
        <ele>1686.141752</ele>
      </trkpt>
      <trkpt lat="46.878661" lon="10.487385">
        <ele>1686.298917</ele>
      </trkpt>
      <trkpt lat="46.878652" lon="10.487362">
        <ele>1686.573417</ele>
      </trkpt>
      <trkpt lat="46.878647" lon="10.487340">
        <ele>1686.813551</ele>
      </trkpt>
      <trkpt lat="46.878646" lon="10.487326">
        <ele>1686.959348</ele>
      </trkpt>
      <trkpt lat="46.878648" lon="10.487302">
        <ele>1687.209773</ele>
      </trkpt>
      <trkpt lat="46.878658" lon="10.487283">
        <ele>1687.458147</ele>
      </trkpt>
      <trkpt lat="46.878670" lon="10.487242">
        <ele>1687.920103</ele>
      </trkpt>
      <trkpt lat="46.878672" lon="10.487228">
        <ele>1688.068244</ele>
      </trkpt>
      <trkpt lat="46.878679" lon="10.487206">
        <ele>1688.319590</ele>
      </trkpt>
      <trkpt lat="46.878687" lon="10.487187">
        <ele>1688.550725</ele>
      </trkpt>
      <trkpt lat="46.878695" lon="10.487151">
        <ele>1688.804979</ele>
      </trkpt>
      <trkpt lat="46.878700" lon="10.487138">
        <ele>1688.763660</ele>
      </trkpt>
      <trkpt lat="46.878699" lon="10.487124">
        <ele>1688.724668</ele>
      </trkpt>
      <trkpt lat="46.878693" lon="10.487098">
        <ele>1688.648654</ele>
      </trkpt>
      <trkpt lat="46.878687" lon="10.487077">
        <ele>1688.585607</ele>
      </trkpt>
      <trkpt lat="46.878683" lon="10.487065">
        <ele>1688.548625</ele>
      </trkpt>
      <trkpt lat="46.878677" lon="10.487054">
        <ele>1688.509642</ele>
      </trkpt>
      <trkpt lat="46.878666" lon="10.487049">
        <ele>1688.462964</ele>
      </trkpt>
      <trkpt lat="46.878652" lon="10.487044">
        <ele>1688.404563</ele>
      </trkpt>
      <trkpt lat="46.878633" lon="10.487046">
        <ele>1688.327368</ele>
      </trkpt>
      <trkpt lat="46.878622" lon="10.487057">
        <ele>1688.273373</ele>
      </trkpt>
      <trkpt lat="46.878612" lon="10.487076">
        <ele>1688.206949</ele>
      </trkpt>
      <trkpt lat="46.878607" lon="10.487087">
        <ele>1688.170357</ele>
      </trkpt>
      <trkpt lat="46.878609" lon="10.487105">
        <ele>1688.119842</ele>
      </trkpt>
      <trkpt lat="46.878620" lon="10.487119">
        <ele>1688.060757</ele>
      </trkpt>
      <trkpt lat="46.878638" lon="10.487124">
        <ele>1687.986510</ele>
      </trkpt>
      <trkpt lat="46.878651" lon="10.487132">
        <ele>1687.929358</ele>
      </trkpt>
      <trkpt lat="46.878659" lon="10.487151">
        <ele>1687.763199</ele>
      </trkpt>
      <trkpt lat="46.878657" lon="10.487171">
        <ele>1687.601772</ele>
      </trkpt>
      <trkpt lat="46.878647" lon="10.487190">
        <ele>1687.410262</ele>
      </trkpt>
      <trkpt lat="46.878632" lon="10.487203">
        <ele>1687.206563</ele>
      </trkpt>
      <trkpt lat="46.878615" lon="10.487205">
        <ele>1687.007299</ele>
      </trkpt>
      <trkpt lat="46.878597" lon="10.487204">
        <ele>1686.796842</ele>
      </trkpt>
      <trkpt lat="46.878581" lon="10.487186">
        <ele>1686.561021</ele>
      </trkpt>
      <trkpt lat="46.878563" lon="10.487182">
        <ele>1686.348303</ele>
      </trkpt>
      <trkpt lat="46.878551" lon="10.487181">
        <ele>1686.207871</ele>
      </trkpt>
      <trkpt lat="46.878541" lon="10.487183">
        <ele>1686.089948</ele>
      </trkpt>
      <trkpt lat="46.878527" lon="10.487178">
        <ele>1685.921573</ele>
      </trkpt>
      <trkpt lat="46.878512" lon="10.487173">
        <ele>1685.741826</ele>
      </trkpt>
      <trkpt lat="46.878494" lon="10.487158">
        <ele>1685.499794</ele>
      </trkpt>
      <trkpt lat="46.878485" lon="10.487152">
        <ele>1685.384237</ele>
      </trkpt>
      <trkpt lat="46.878460" lon="10.487130">
        <ele>1685.218627</ele>
      </trkpt>
      <trkpt lat="46.878452" lon="10.487121">
        <ele>1685.182478</ele>
      </trkpt>
      <trkpt lat="46.878436" lon="10.487117">
        <ele>1685.124337</ele>
      </trkpt>
      <trkpt lat="46.878424" lon="10.487101">
        <ele>1685.066180</ele>
      </trkpt>
      <trkpt lat="46.878413" lon="10.487083">
        <ele>1685.007064</ele>
      </trkpt>
      <trkpt lat="46.878397" lon="10.487061">
        <ele>1684.928413</ele>
      </trkpt>
      <trkpt lat="46.878387" lon="10.487037">
        <ele>1684.859595</ele>
      </trkpt>
      <trkpt lat="46.878375" lon="10.487022">
        <ele>1684.803058</ele>
      </trkpt>
      <trkpt lat="46.878361" lon="10.487006">
        <ele>1684.739424</ele>
      </trkpt>
      <trkpt lat="46.878348" lon="10.486991">
        <ele>1684.680119</ele>
      </trkpt>
      <trkpt lat="46.878328" lon="10.486980">
        <ele>1684.603585</ele>
      </trkpt>
      <trkpt lat="46.878311" lon="10.486971">
        <ele>1684.538828</ele>
      </trkpt>
      <trkpt lat="46.878295" lon="10.486966">
        <ele>1684.443579</ele>
      </trkpt>
      <trkpt lat="46.878257" lon="10.486963">
        <ele>1683.834286</ele>
      </trkpt>
      <trkpt lat="46.878244" lon="10.486970">
        <ele>1683.612496</ele>
      </trkpt>
      <trkpt lat="46.878232" lon="10.486982">
        <ele>1683.379771</ele>
      </trkpt>
      <trkpt lat="46.878226" lon="10.486993">
        <ele>1683.225754</ele>
      </trkpt>
      <trkpt lat="46.878217" lon="10.487017">
        <ele>1682.926165</ele>
      </trkpt>
      <trkpt lat="46.878213" lon="10.487030">
        <ele>1682.770141</ele>
      </trkpt>
      <trkpt lat="46.878208" lon="10.487042">
        <ele>1682.616336</ele>
      </trkpt>
      <trkpt lat="46.878204" lon="10.487079">
        <ele>1682.206369</ele>
      </trkpt>
      <trkpt lat="46.878200" lon="10.487121">
        <ele>1681.742274</ele>
      </trkpt>
      <trkpt lat="46.878199" lon="10.487177">
        <ele>1681.129193</ele>
      </trkpt>
      <trkpt lat="46.878169" lon="10.487369">
        <ele>1679.153031</ele>
      </trkpt>
      <trkpt lat="46.878176" lon="10.487465">
        <ele>1678.195245</ele>
      </trkpt>
      <trkpt lat="46.878186" lon="10.487537">
        <ele>1677.701319</ele>
      </trkpt>
      <trkpt lat="46.878191" lon="10.487570">
        <ele>1677.853309</ele>
      </trkpt>
      <trkpt lat="46.878206" lon="10.487588">
        <ele>1677.980932</ele>
      </trkpt>
      <trkpt lat="46.878222" lon="10.487594">
        <ele>1678.089588</ele>
      </trkpt>
      <trkpt lat="46.878238" lon="10.487594">
        <ele>1678.194841</ele>
      </trkpt>
      <trkpt lat="46.878251" lon="10.487585">
        <ele>1678.289451</ele>
      </trkpt>
      <trkpt lat="46.878275" lon="10.487548">
        <ele>1678.518811</ele>
      </trkpt>
      <trkpt lat="46.878306" lon="10.487487">
        <ele>1678.860604</ele>
      </trkpt>
      <trkpt lat="46.878339" lon="10.487437">
        <ele>1679.090652</ele>
      </trkpt>
      <trkpt lat="46.878369" lon="10.487389">
        <ele>1679.018138</ele>
      </trkpt>
      <trkpt lat="46.878384" lon="10.487384">
        <ele>1678.993045</ele>
      </trkpt>
      <trkpt lat="46.878403" lon="10.487389">
        <ele>1678.961557</ele>
      </trkpt>
      <trkpt lat="46.878415" lon="10.487403">
        <ele>1678.936523</ele>
      </trkpt>
      <trkpt lat="46.878422" lon="10.487430">
        <ele>1678.904328</ele>
      </trkpt>
      <trkpt lat="46.878422" lon="10.487454">
        <ele>1678.877570</ele>
      </trkpt>
      <trkpt lat="46.878417" lon="10.487468">
        <ele>1678.859959</ele>
      </trkpt>
      <trkpt lat="46.878414" lon="10.487478">
        <ele>1678.847783</ele>
      </trkpt>
      <trkpt lat="46.878389" lon="10.487501">
        <ele>1678.799614</ele>
      </trkpt>
      <trkpt lat="46.878358" lon="10.487528">
        <ele>1678.740768</ele>
      </trkpt>
      <trkpt lat="46.878317" lon="10.487577">
        <ele>1678.673489</ele>
      </trkpt>
      <trkpt lat="46.878310" lon="10.487592">
        <ele>1678.657736</ele>
      </trkpt>
      <trkpt lat="46.878312" lon="10.487613">
        <ele>1678.639344</ele>
      </trkpt>
      <trkpt lat="46.878323" lon="10.487632">
        <ele>1678.617747</ele>
      </trkpt>
      <trkpt lat="46.878330" lon="10.487641">
        <ele>1678.605921</ele>
      </trkpt>
      <trkpt lat="46.878341" lon="10.487646">
        <ele>1678.591305</ele>
      </trkpt>
      <trkpt lat="46.878354" lon="10.487646">
        <ele>1678.574808</ele>
      </trkpt>
      <trkpt lat="46.878365" lon="10.487636">
        <ele>1678.558374</ele>
      </trkpt>
      <trkpt lat="46.878375" lon="10.487627">
        <ele>1678.543476</ele>
      </trkpt>
      <trkpt lat="46.878382" lon="10.487600">
        <ele>1678.518428</ele>
      </trkpt>
      <trkpt lat="46.878377" lon="10.487580">
        <ele>1678.499957</ele>
      </trkpt>
      <trkpt lat="46.878374" lon="10.487555">
        <ele>1678.477940</ele>
      </trkpt>
      <trkpt lat="46.878384" lon="10.487535">
        <ele>1678.456447</ele>
      </trkpt>
      <trkpt lat="46.878400" lon="10.487527">
        <ele>1678.301147</ele>
      </trkpt>
      <trkpt lat="46.878414" lon="10.487529">
        <ele>1678.164064</ele>
      </trkpt>
      <trkpt lat="46.878427" lon="10.487534">
        <ele>1678.033070</ele>
      </trkpt>
      <trkpt lat="46.878442" lon="10.487553">
        <ele>1677.839711</ele>
      </trkpt>
      <trkpt lat="46.878446" lon="10.487568">
        <ele>1677.732455</ele>
      </trkpt>
      <trkpt lat="46.878445" lon="10.487591">
        <ele>1677.578934</ele>
      </trkpt>
      <trkpt lat="46.878438" lon="10.487601">
        <ele>1677.483587</ele>
      </trkpt>
      <trkpt lat="46.878430" lon="10.487619">
        <ele>1677.340564</ele>
      </trkpt>
      <trkpt lat="46.878411" lon="10.487649">
        <ele>1677.068128</ele>
      </trkpt>
      <trkpt lat="46.878405" lon="10.487663">
        <ele>1676.958054</ele>
      </trkpt>
      <trkpt lat="46.878402" lon="10.487692">
        <ele>1676.762673</ele>
      </trkpt>
      <trkpt lat="46.878403" lon="10.487708">
        <ele>1676.655646</ele>
      </trkpt>
      <trkpt lat="46.878387" lon="10.487792">
        <ele>1675.885860</ele>
      </trkpt>
      <trkpt lat="46.878371" lon="10.487836">
        <ele>1675.222401</ele>
      </trkpt>
      <trkpt lat="46.878363" lon="10.487865">
        <ele>1674.806097</ele>
      </trkpt>
      <trkpt lat="46.878358" lon="10.487873">
        <ele>1674.661793</ele>
      </trkpt>
      <trkpt lat="46.878349" lon="10.487884">
        <ele>1674.433399</ele>
      </trkpt>
      <trkpt lat="46.878344" lon="10.487896">
        <ele>1674.246315</ele>
      </trkpt>
      <trkpt lat="46.878341" lon="10.487919">
        <ele>1673.934611</ele>
      </trkpt>
      <trkpt lat="46.878338" lon="10.487927">
        <ele>1673.813141</ele>
      </trkpt>
      <trkpt lat="46.878332" lon="10.487937">
        <ele>1673.636010</ele>
      </trkpt>
      <trkpt lat="46.878321" lon="10.487954">
        <ele>1673.324391</ele>
      </trkpt>
      <trkpt lat="46.878316" lon="10.487965">
        <ele>1673.148537</ele>
      </trkpt>
      <trkpt lat="46.878314" lon="10.487978">
        <ele>1672.971150</ele>
      </trkpt>
      <trkpt lat="46.878312" lon="10.487996">
        <ele>1672.728387</ele>
      </trkpt>
      <trkpt lat="46.878309" lon="10.488012">
        <ele>1672.507525</ele>
      </trkpt>
      <trkpt lat="46.878300" lon="10.488029">
        <ele>1672.221280</ele>
      </trkpt>
      <trkpt lat="46.878292" lon="10.488042">
        <ele>1671.988423</ele>
      </trkpt>
      <trkpt lat="46.878289" lon="10.488048">
        <ele>1671.889463</ele>
      </trkpt>
      <trkpt lat="46.878288" lon="10.488059">
        <ele>1671.823896</ele>
      </trkpt>
      <trkpt lat="46.878287" lon="10.488064">
        <ele>1671.794202</ele>
      </trkpt>
      <trkpt lat="46.878278" lon="10.488080">
        <ele>1671.676095</ele>
      </trkpt>
      <trkpt lat="46.878271" lon="10.488093">
        <ele>1671.581767</ele>
      </trkpt>
      <trkpt lat="46.878267" lon="10.488105">
        <ele>1671.505669</ele>
      </trkpt>
      <trkpt lat="46.878264" lon="10.488121">
        <ele>1671.411102</ele>
      </trkpt>
      <trkpt lat="46.878262" lon="10.488130">
        <ele>1671.357160</ele>
      </trkpt>
      <trkpt lat="46.878243" lon="10.488170">
        <ele>1671.079522</ele>
      </trkpt>
      <trkpt lat="46.878226" lon="10.488201">
        <ele>1670.852990</ele>
      </trkpt>
      <trkpt lat="46.878217" lon="10.488223">
        <ele>1670.706850</ele>
      </trkpt>
      <trkpt lat="46.878213" lon="10.488265">
        <ele>1670.465143</ele>
      </trkpt>
      <trkpt lat="46.878208" lon="10.488278">
        <ele>1670.380120</ele>
      </trkpt>
      <trkpt lat="46.878202" lon="10.488290">
        <ele>1670.295375</ele>
      </trkpt>
      <trkpt lat="46.878193" lon="10.488295">
        <ele>1670.215098</ele>
      </trkpt>
      <trkpt lat="46.878185" lon="10.488296">
        <ele>1670.148146</ele>
      </trkpt>
      <trkpt lat="46.878171" lon="10.488302">
        <ele>1670.026499</ele>
      </trkpt>
      <trkpt lat="46.878162" lon="10.488310">
        <ele>1669.957774</ele>
      </trkpt>
      <trkpt lat="46.878147" lon="10.488330">
        <ele>1669.833441</ele>
      </trkpt>
      <trkpt lat="46.878138" lon="10.488356">
        <ele>1669.711400</ele>
      </trkpt>
      <trkpt lat="46.878135" lon="10.488385">
        <ele>1669.588577</ele>
      </trkpt>
      <trkpt lat="46.878134" lon="10.488412">
        <ele>1669.475347</ele>
      </trkpt>
      <trkpt lat="46.878122" lon="10.488451">
        <ele>1669.296249</ele>
      </trkpt>
      <trkpt lat="46.878114" lon="10.488489">
        <ele>1669.129745</ele>
      </trkpt>
      <trkpt lat="46.878114" lon="10.488526">
        <ele>1668.974804</ele>
      </trkpt>
      <trkpt lat="46.878109" lon="10.488568">
        <ele>1668.796279</ele>
      </trkpt>
      <trkpt lat="46.878102" lon="10.488610">
        <ele>1668.571928</ele>
      </trkpt>
      <trkpt lat="46.878088" lon="10.488648">
        <ele>1667.956839</ele>
      </trkpt>
      <trkpt lat="46.878078" lon="10.488677">
        <ele>1667.494026</ele>
      </trkpt>
      <trkpt lat="46.878073" lon="10.488705">
        <ele>1667.081673</ele>
      </trkpt>
      <trkpt lat="46.878075" lon="10.488735">
        <ele>1666.652184</ele>
      </trkpt>
      <trkpt lat="46.878076" lon="10.488775">
        <ele>1666.081854</ele>
      </trkpt>
      <trkpt lat="46.878185" lon="10.489023">
        <ele>1661.277644</ele>
      </trkpt>
      <trkpt lat="46.878203" lon="10.489044">
        <ele>1660.657631</ele>
      </trkpt>
      <trkpt lat="46.878229" lon="10.489070">
        <ele>1659.809497</ele>
      </trkpt>
      <trkpt lat="46.878256" lon="10.489074">
        <ele>1659.078662</ele>
      </trkpt>
      <trkpt lat="46.878274" lon="10.489084">
        <ele>1658.560141</ele>
      </trkpt>
      <trkpt lat="46.878286" lon="10.489107">
        <ele>1658.027514</ele>
      </trkpt>
      <trkpt lat="46.878289" lon="10.489137">
        <ele>1657.738684</ele>
      </trkpt>
      <trkpt lat="46.878297" lon="10.489169">
        <ele>1657.511197</ele>
      </trkpt>
      <trkpt lat="46.878308" lon="10.489191">
        <ele>1657.329214</ele>
      </trkpt>
      <trkpt lat="46.878327" lon="10.489201">
        <ele>1657.131991</ele>
      </trkpt>
      <trkpt lat="46.878332" lon="10.489223">
        <ele>1656.977203</ele>
      </trkpt>
      <trkpt lat="46.878326" lon="10.489251">
        <ele>1656.781292</ele>
      </trkpt>
      <trkpt lat="46.878317" lon="10.489270">
        <ele>1656.626959</ele>
      </trkpt>
      <trkpt lat="46.878315" lon="10.489296">
        <ele>1656.452275</ele>
      </trkpt>
      <trkpt lat="46.878323" lon="10.489322">
        <ele>1656.261912</ele>
      </trkpt>
      <trkpt lat="46.878323" lon="10.489343">
        <ele>1656.121707</ele>
      </trkpt>
      <trkpt lat="46.878313" lon="10.489382">
        <ele>1655.843609</ele>
      </trkpt>
      <trkpt lat="46.878310" lon="10.489413">
        <ele>1655.666201</ele>
      </trkpt>
      <trkpt lat="46.878316" lon="10.489452">
        <ele>1655.536832</ele>
      </trkpt>
      <trkpt lat="46.878312" lon="10.489482">
        <ele>1655.437917</ele>
      </trkpt>
      <trkpt lat="46.878304" lon="10.489524">
        <ele>1655.296819</ele>
      </trkpt>
      <trkpt lat="46.878302" lon="10.489539">
        <ele>1655.247362</ele>
      </trkpt>
      <trkpt lat="46.878306" lon="10.489555">
        <ele>1655.192229</ele>
      </trkpt>
      <trkpt lat="46.878312" lon="10.489572">
        <ele>1655.130313</ele>
      </trkpt>
      <trkpt lat="46.878315" lon="10.489587">
        <ele>1655.079735</ele>
      </trkpt>
      <trkpt lat="46.878317" lon="10.489615">
        <ele>1654.988628</ele>
      </trkpt>
      <trkpt lat="46.878319" lon="10.489629">
        <ele>1654.942343</ele>
      </trkpt>
      <trkpt lat="46.878327" lon="10.489643">
        <ele>1654.883291</ele>
      </trkpt>
      <trkpt lat="46.878336" lon="10.489647">
        <ele>1654.838758</ele>
      </trkpt>
      <trkpt lat="46.878345" lon="10.489655">
        <ele>1654.788900</ele>
      </trkpt>
      <trkpt lat="46.878351" lon="10.489672">
        <ele>1654.726985</ele>
      </trkpt>
      <trkpt lat="46.878352" lon="10.489690">
        <ele>1654.668541</ele>
      </trkpt>
      <trkpt lat="46.878356" lon="10.489715">
        <ele>1654.517272</ele>
      </trkpt>
      <trkpt lat="46.878365" lon="10.489728">
        <ele>1654.368778</ele>
      </trkpt>
      <trkpt lat="46.878378" lon="10.489737">
        <ele>1654.199920</ele>
      </trkpt>
      <trkpt lat="46.878387" lon="10.489748">
        <ele>1654.062229</ele>
      </trkpt>
      <trkpt lat="46.878390" lon="10.489760">
        <ele>1653.959686</ele>
      </trkpt>
      <trkpt lat="46.878394" lon="10.489776">
        <ele>1653.822960</ele>
      </trkpt>
      <trkpt lat="46.878400" lon="10.489788">
        <ele>1653.703641</ele>
      </trkpt>
      <trkpt lat="46.878410" lon="10.489795">
        <ele>1653.573485</ele>
      </trkpt>
      <trkpt lat="46.878423" lon="10.489801">
        <ele>1653.413439</ele>
      </trkpt>
      <trkpt lat="46.878439" lon="10.489815">
        <ele>1653.194551</ele>
      </trkpt>
      <trkpt lat="46.878455" lon="10.489834">
        <ele>1652.952601</ele>
      </trkpt>
      <trkpt lat="46.878467" lon="10.489857">
        <ele>1652.720392</ele>
      </trkpt>
      <trkpt lat="46.878471" lon="10.489880">
        <ele>1652.529927</ele>
      </trkpt>
      <trkpt lat="46.878465" lon="10.489900">
        <ele>1652.354641</ele>
      </trkpt>
      <trkpt lat="46.878462" lon="10.489919">
        <ele>1652.198143</ele>
      </trkpt>
      <trkpt lat="46.878469" lon="10.489953">
        <ele>1651.968302</ele>
      </trkpt>
      <trkpt lat="46.878476" lon="10.489979">
        <ele>1651.901213</ele>
      </trkpt>
      <trkpt lat="46.878473" lon="10.489994">
        <ele>1651.863691</ele>
      </trkpt>
      <trkpt lat="46.878469" lon="10.490003">
        <ele>1651.837918</ele>
      </trkpt>
      <trkpt lat="46.878462" lon="10.490015">
        <ele>1651.800043</ele>
      </trkpt>
      <trkpt lat="46.878453" lon="10.490021">
        <ele>1651.765305</ele>
      </trkpt>
      <trkpt lat="46.878440" lon="10.490025">
        <ele>1651.718647</ele>
      </trkpt>
      <trkpt lat="46.878427" lon="10.490024">
        <ele>1651.672924</ele>
      </trkpt>
      <trkpt lat="46.878410" lon="10.490020">
        <ele>1651.612448</ele>
      </trkpt>
      <trkpt lat="46.878400" lon="10.490011">
        <ele>1651.571211</ele>
      </trkpt>
      <trkpt lat="46.878397" lon="10.489999">
        <ele>1651.540534</ele>
      </trkpt>
      <trkpt lat="46.878396" lon="10.489982">
        <ele>1651.499570</ele>
      </trkpt>
      <trkpt lat="46.878392" lon="10.489969">
        <ele>1651.465343</ele>
      </trkpt>
      <trkpt lat="46.878380" lon="10.489958">
        <ele>1651.415605</ele>
      </trkpt>
      <trkpt lat="46.878359" lon="10.489956">
        <ele>1651.341691</ele>
      </trkpt>
      <trkpt lat="46.878339" lon="10.489963">
        <ele>1651.269463</ele>
      </trkpt>
      <trkpt lat="46.878326" lon="10.489974">
        <ele>1651.216716</ele>
      </trkpt>
      <trkpt lat="46.878321" lon="10.489992">
        <ele>1651.067131</ele>
      </trkpt>
      <trkpt lat="46.878326" lon="10.490010">
        <ele>1650.870880</ele>
      </trkpt>
      <trkpt lat="46.878329" lon="10.490038">
        <ele>1650.584608</ele>
      </trkpt>
      <trkpt lat="46.878329" lon="10.490057">
        <ele>1650.392695</ele>
      </trkpt>
      <trkpt lat="46.878332" lon="10.490079">
        <ele>1650.166102</ele>
      </trkpt>
      <trkpt lat="46.878340" lon="10.490095">
        <ele>1649.965870</ele>
      </trkpt>
      <trkpt lat="46.878358" lon="10.490121">
        <ele>1649.592086</ele>
      </trkpt>
      <trkpt lat="46.878388" lon="10.490153">
        <ele>1649.043460</ele>
      </trkpt>
      <trkpt lat="46.878408" lon="10.490165">
        <ele>1648.724034</ele>
      </trkpt>
      <trkpt lat="46.878429" lon="10.490178">
        <ele>1648.387083</ele>
      </trkpt>
      <trkpt lat="46.878438" lon="10.490203">
        <ele>1648.101687</ele>
      </trkpt>
      <trkpt lat="46.878433" lon="10.490243">
        <ele>1647.888237</ele>
      </trkpt>
      <trkpt lat="46.878413" lon="10.490265">
        <ele>1647.904568</ele>
      </trkpt>
      <trkpt lat="46.878391" lon="10.490280">
        <ele>1647.920409</ele>
      </trkpt>
      <trkpt lat="46.878375" lon="10.490284">
        <ele>1647.931002</ele>
      </trkpt>
      <trkpt lat="46.878356" lon="10.490279">
        <ele>1647.943602</ele>
      </trkpt>
      <trkpt lat="46.878334" lon="10.490265">
        <ele>1647.959259</ele>
      </trkpt>
      <trkpt lat="46.878321" lon="10.490255">
        <ele>1647.968845</ele>
      </trkpt>
      <trkpt lat="46.878296" lon="10.490217">
        <ele>1647.992374</ele>
      </trkpt>
      <trkpt lat="46.878276" lon="10.490208">
        <ele>1648.006030</ele>
      </trkpt>
      <trkpt lat="46.878259" lon="10.490215">
        <ele>1648.017556</ele>
      </trkpt>
      <trkpt lat="46.878241" lon="10.490232">
        <ele>1647.995311</ele>
      </trkpt>
      <trkpt lat="46.878218" lon="10.490242">
        <ele>1647.895493</ele>
      </trkpt>
      <trkpt lat="46.878196" lon="10.490243">
        <ele>1647.803927</ele>
      </trkpt>
      <trkpt lat="46.878168" lon="10.490257">
        <ele>1647.680829</ele>
      </trkpt>
      <trkpt lat="46.878135" lon="10.490282">
        <ele>1647.526231</ele>
      </trkpt>
      <trkpt lat="46.878101" lon="10.490299">
        <ele>1647.376755</ele>
      </trkpt>
      <trkpt lat="46.878068" lon="10.490310">
        <ele>1647.235954</ele>
      </trkpt>
      <trkpt lat="46.878044" lon="10.490311">
        <ele>1647.136071</ele>
      </trkpt>
      <trkpt lat="46.878017" lon="10.490299">
        <ele>1646.949269</ele>
      </trkpt>
      <trkpt lat="46.877997" lon="10.490250">
        <ele>1646.631890</ele>
      </trkpt>
      <trkpt lat="46.877984" lon="10.490226">
        <ele>1646.461597</ele>
      </trkpt>
      <trkpt lat="46.877968" lon="10.490208">
        <ele>1646.297388</ele>
      </trkpt>
      <trkpt lat="46.877947" lon="10.490206">
        <ele>1646.126178</ele>
      </trkpt>
      <trkpt lat="46.877929" lon="10.490214">
        <ele>1645.973128</ele>
      </trkpt>
      <trkpt lat="46.877924" lon="10.490223">
        <ele>1645.908631</ele>
      </trkpt>
      <trkpt lat="46.877915" lon="10.490238">
        <ele>1645.797637</ele>
      </trkpt>
      <trkpt lat="46.877912" lon="10.490258">
        <ele>1645.683767</ele>
      </trkpt>
      <trkpt lat="46.877922" lon="10.490294">
        <ele>1645.467666</ele>
      </trkpt>
      <trkpt lat="46.877941" lon="10.490322">
        <ele>1645.256805</ele>
      </trkpt>
      <trkpt lat="46.877954" lon="10.490335">
        <ele>1645.207402</ele>
      </trkpt>
      <trkpt lat="46.877964" lon="10.490349">
        <ele>1645.163978</ele>
      </trkpt>
      <trkpt lat="46.877971" lon="10.490367">
        <ele>1645.119567</ele>
      </trkpt>
      <trkpt lat="46.877982" lon="10.490396">
        <ele>1645.048442</ele>
      </trkpt>
      <trkpt lat="46.877991" lon="10.490412">
        <ele>1645.004006</ele>
      </trkpt>
      <trkpt lat="46.878003" lon="10.490422">
        <ele>1644.960679</ele>
      </trkpt>
      <trkpt lat="46.878019" lon="10.490427">
        <ele>1644.909349</ele>
      </trkpt>
      <trkpt lat="46.878032" lon="10.490428">
        <ele>1644.868508</ele>
      </trkpt>
      <trkpt lat="46.878045" lon="10.490429">
        <ele>1644.827667</ele>
      </trkpt>
      <trkpt lat="46.878057" lon="10.490433">
        <ele>1644.789054</ele>
      </trkpt>
      <trkpt lat="46.878070" lon="10.490448">
        <ele>1644.737110</ele>
      </trkpt>
      <trkpt lat="46.878080" lon="10.490453">
        <ele>1644.703955</ele>
      </trkpt>
      <trkpt lat="46.878088" lon="10.490453">
        <ele>1644.678857</ele>
      </trkpt>
      <trkpt lat="46.878106" lon="10.490445">
        <ele>1644.619837</ele>
      </trkpt>
      <trkpt lat="46.878128" lon="10.490443">
        <ele>1644.545225</ele>
      </trkpt>
      <trkpt lat="46.878151" lon="10.490446">
        <ele>1644.408240</ele>
      </trkpt>
      <trkpt lat="46.878172" lon="10.490444">
        <ele>1644.283398</ele>
      </trkpt>
      <trkpt lat="46.878184" lon="10.490439">
        <ele>1644.209379</ele>
      </trkpt>
      <trkpt lat="46.878195" lon="10.490431">
        <ele>1644.136504</ele>
      </trkpt>
      <trkpt lat="46.878212" lon="10.490428">
        <ele>1644.034924</ele>
      </trkpt>
      <trkpt lat="46.878228" lon="10.490432">
        <ele>1643.938630</ele>
      </trkpt>
      <trkpt lat="46.878251" lon="10.490448">
        <ele>1643.787546</ele>
      </trkpt>
      <trkpt lat="46.878270" lon="10.490470">
        <ele>1643.643800</ele>
      </trkpt>
      <trkpt lat="46.878283" lon="10.490470">
        <ele>1643.566679</ele>
      </trkpt>
      <trkpt lat="46.878300" lon="10.490466">
        <ele>1643.464534</ele>
      </trkpt>
      <trkpt lat="46.878317" lon="10.490469">
        <ele>1643.362953</ele>
      </trkpt>
      <trkpt lat="46.878328" lon="10.490480">
        <ele>1643.283909</ele>
      </trkpt>
      <trkpt lat="46.878332" lon="10.490514">
        <ele>1643.148669</ele>
      </trkpt>
      <trkpt lat="46.878328" lon="10.490539">
        <ele>1643.050690</ele>
      </trkpt>
      <trkpt lat="46.878319" lon="10.490556">
        <ele>1642.968635</ele>
      </trkpt>
      <trkpt lat="46.878305" lon="10.490565">
        <ele>1642.883265</ele>
      </trkpt>
      <trkpt lat="46.878291" lon="10.490569">
        <ele>1642.803632</ele>
      </trkpt>
      <trkpt lat="46.878278" lon="10.490569">
        <ele>1642.731057</ele>
      </trkpt>
      <trkpt lat="46.878269" lon="10.490563">
        <ele>1642.675842</ele>
      </trkpt>
      <trkpt lat="46.878249" lon="10.490547">
        <ele>1642.548585</ele>
      </trkpt>
      <trkpt lat="46.878242" lon="10.490544">
        <ele>1642.507864</ele>
      </trkpt>
      <trkpt lat="46.878233" lon="10.490547">
        <ele>1642.456333</ele>
      </trkpt>
      <trkpt lat="46.878217" lon="10.490558">
        <ele>1642.357639</ele>
      </trkpt>
      <trkpt lat="46.878203" lon="10.490564">
        <ele>1642.276197</ele>
      </trkpt>
      <trkpt lat="46.878186" lon="10.490561">
        <ele>1642.180604</ele>
      </trkpt>
      <trkpt lat="46.878172" lon="10.490564">
        <ele>1642.101613</ele>
      </trkpt>
      <trkpt lat="46.878155" lon="10.490580">
        <ele>1641.988764</ele>
      </trkpt>
      <trkpt lat="46.878138" lon="10.490588">
        <ele>1641.836900</ele>
      </trkpt>
      <trkpt lat="46.878119" lon="10.490591">
        <ele>1641.659601</ele>
      </trkpt>
      <trkpt lat="46.878099" lon="10.490604">
        <ele>1641.456557</ele>
      </trkpt>
      <trkpt lat="46.878068" lon="10.490630">
        <ele>1641.125038</ele>
      </trkpt>
      <trkpt lat="46.878046" lon="10.490636">
        <ele>1640.917413</ele>
      </trkpt>
      <trkpt lat="46.878023" lon="10.490632">
        <ele>1640.702525</ele>
      </trkpt>
      <trkpt lat="46.878003" lon="10.490613">
        <ele>1640.481281</ele>
      </trkpt>
      <trkpt lat="46.877989" lon="10.490612">
        <ele>1640.351240</ele>
      </trkpt>
      <trkpt lat="46.877975" lon="10.490615">
        <ele>1640.219966</ele>
      </trkpt>
      <trkpt lat="46.877960" lon="10.490624">
        <ele>1640.069552</ele>
      </trkpt>
      <trkpt lat="46.877948" lon="10.490647">
        <ele>1639.886058</ele>
      </trkpt>
      <trkpt lat="46.877941" lon="10.490674">
        <ele>1639.961718</ele>
      </trkpt>
      <trkpt lat="46.877947" lon="10.490689">
        <ele>1640.010790</ele>
      </trkpt>
      <trkpt lat="46.877958" lon="10.490709">
        <ele>1640.083271</ele>
      </trkpt>
      <trkpt lat="46.877968" lon="10.490717">
        <ele>1640.130351</ele>
      </trkpt>
      <trkpt lat="46.877986" lon="10.490720">
        <ele>1640.205184</ele>
      </trkpt>
      <trkpt lat="46.878003" lon="10.490714">
        <ele>1640.277420</ele>
      </trkpt>
      <trkpt lat="46.878021" lon="10.490708">
        <ele>1640.353678</ele>
      </trkpt>
      <trkpt lat="46.878036" lon="10.490699">
        <ele>1640.420647</ele>
      </trkpt>
      <trkpt lat="46.878063" lon="10.490678">
        <ele>1640.546958</ele>
      </trkpt>
      <trkpt lat="46.878072" lon="10.490671">
        <ele>1640.589062</ele>
      </trkpt>
      <trkpt lat="46.878079" lon="10.490671">
        <ele>1640.617977</ele>
      </trkpt>
      <trkpt lat="46.878086" lon="10.490672">
        <ele>1640.647029</ele>
      </trkpt>
      <trkpt lat="46.878099" lon="10.490681">
        <ele>1640.706437</ele>
      </trkpt>
      <trkpt lat="46.878113" lon="10.490686">
        <ele>1640.765965</ele>
      </trkpt>
      <trkpt lat="46.878124" lon="10.490685">
        <ele>1640.809527</ele>
      </trkpt>
      <trkpt lat="46.878138" lon="10.490675">
        <ele>1640.714745</ele>
      </trkpt>
      <trkpt lat="46.878149" lon="10.490675">
        <ele>1640.647824</ele>
      </trkpt>
      <trkpt lat="46.878158" lon="10.490678">
        <ele>1640.591668</ele>
      </trkpt>
      <trkpt lat="46.878178" lon="10.490688">
        <ele>1640.463083</ele>
      </trkpt>
      <trkpt lat="46.878204" lon="10.490711">
        <ele>1640.278237</ele>
      </trkpt>
      <trkpt lat="46.878227" lon="10.490747">
        <ele>1640.073320</ele>
      </trkpt>
      <trkpt lat="46.878254" lon="10.490761">
        <ele>1639.899047</ele>
      </trkpt>
      <trkpt lat="46.878274" lon="10.490768">
        <ele>1639.773939</ele>
      </trkpt>
      <trkpt lat="46.878289" lon="10.490784">
        <ele>1639.661003</ele>
      </trkpt>
      <trkpt lat="46.878294" lon="10.490805">
        <ele>1639.568528</ele>
      </trkpt>
      <trkpt lat="46.878297" lon="10.490824">
        <ele>1639.487435</ele>
      </trkpt>
      <trkpt lat="46.878289" lon="10.490847">
        <ele>1639.398303</ele>
      </trkpt>
      <trkpt lat="46.878280" lon="10.490858">
        <ele>1639.347623</ele>
      </trkpt>
      <trkpt lat="46.878263" lon="10.490866">
        <ele>1639.270452</ele>
      </trkpt>
      <trkpt lat="46.878252" lon="10.490865">
        <ele>1639.222825</ele>
      </trkpt>
      <trkpt lat="46.878241" lon="10.490864">
        <ele>1639.175198</ele>
      </trkpt>
      <trkpt lat="46.878222" lon="10.490851">
        <ele>1639.084555</ele>
      </trkpt>
      <trkpt lat="46.878212" lon="10.490828">
        <ele>1639.004037</ele>
      </trkpt>
      <trkpt lat="46.878204" lon="10.490814">
        <ele>1638.950135</ele>
      </trkpt>
      <trkpt lat="46.878190" lon="10.490802">
        <ele>1638.880016</ele>
      </trkpt>
      <trkpt lat="46.878171" lon="10.490798">
        <ele>1638.797064</ele>
      </trkpt>
      <trkpt lat="46.878157" lon="10.490798">
        <ele>1638.736564</ele>
      </trkpt>
      <trkpt lat="46.878135" lon="10.490808">
        <ele>1638.637010</ele>
      </trkpt>
      <trkpt lat="46.878108" lon="10.490836">
        <ele>1638.493991</ele>
      </trkpt>
      <trkpt lat="46.878082" lon="10.490845">
        <ele>1638.409574</ele>
      </trkpt>
      <trkpt lat="46.878062" lon="10.490846">
        <ele>1638.352031</ele>
      </trkpt>
      <trkpt lat="46.878030" lon="10.490849">
        <ele>1638.259825</ele>
      </trkpt>
      <trkpt lat="46.878016" lon="10.490863">
        <ele>1638.211062</ele>
      </trkpt>
      <trkpt lat="46.878007" lon="10.490880">
        <ele>1638.168797</ele>
      </trkpt>
      <trkpt lat="46.878009" lon="10.490904">
        <ele>1638.121274</ele>
      </trkpt>
      <trkpt lat="46.878018" lon="10.490924">
        <ele>1638.074209</ele>
      </trkpt>
      <trkpt lat="46.878031" lon="10.490934">
        <ele>1638.031975</ele>
      </trkpt>
      <trkpt lat="46.878046" lon="10.490939">
        <ele>1637.987736</ele>
      </trkpt>
      <trkpt lat="46.878063" lon="10.490935">
        <ele>1637.938224</ele>
      </trkpt>
      <trkpt lat="46.878077" lon="10.490929">
        <ele>1637.896275</ele>
      </trkpt>
      <trkpt lat="46.878093" lon="10.490910">
        <ele>1637.837018</ele>
      </trkpt>
      <trkpt lat="46.878111" lon="10.490884">
        <ele>1637.810523</ele>
      </trkpt>
      <trkpt lat="46.878129" lon="10.490869">
        <ele>1637.796464</ele>
      </trkpt>
      <trkpt lat="46.878153" lon="10.490863">
        <ele>1637.779940</ele>
      </trkpt>
      <trkpt lat="46.878166" lon="10.490862">
        <ele>1637.771106</ele>
      </trkpt>
      <trkpt lat="46.878181" lon="10.490863">
        <ele>1637.760915</ele>
      </trkpt>
      <trkpt lat="46.878195" lon="10.490868">
        <ele>1637.751135</ele>
      </trkpt>
      <trkpt lat="46.878212" lon="10.490878">
        <ele>1637.738701</ele>
      </trkpt>
      <trkpt lat="46.878226" lon="10.490897">
        <ele>1637.725741</ele>
      </trkpt>
      <trkpt lat="46.878231" lon="10.490908">
        <ele>1637.719613</ele>
      </trkpt>
      <trkpt lat="46.878234" lon="10.490928">
        <ele>1637.710114</ele>
      </trkpt>
      <trkpt lat="46.878229" lon="10.490945">
        <ele>1637.701529</ele>
      </trkpt>
      <trkpt lat="46.878221" lon="10.490957">
        <ele>1637.693753</ele>
      </trkpt>
      <trkpt lat="46.878198" lon="10.490974">
        <ele>1637.676265</ele>
      </trkpt>
      <trkpt lat="46.878181" lon="10.490973">
        <ele>1637.511463</ele>
      </trkpt>
      <trkpt lat="46.878167" lon="10.490964">
        <ele>1637.289243</ele>
      </trkpt>
      <trkpt lat="46.878152" lon="10.490940">
        <ele>1636.966217</ele>
      </trkpt>
      <trkpt lat="46.878137" lon="10.490932">
        <ele>1636.734208</ele>
      </trkpt>
      <trkpt lat="46.878124" lon="10.490933">
        <ele>1636.545034</ele>
      </trkpt>
      <trkpt lat="46.878116" lon="10.490944">
        <ele>1636.385492</ele>
      </trkpt>
      <trkpt lat="46.878111" lon="10.490956">
        <ele>1636.245895</ele>
      </trkpt>
      <trkpt lat="46.878107" lon="10.490974">
        <ele>1636.057886</ele>
      </trkpt>
      <trkpt lat="46.878094" lon="10.490995">
        <ele>1635.776460</ele>
      </trkpt>
      <trkpt lat="46.878081" lon="10.491011">
        <ele>1635.529586</ele>
      </trkpt>
      <trkpt lat="46.878049" lon="10.491046">
        <ele>1634.948976</ele>
      </trkpt>
      <trkpt lat="46.878031" lon="10.491063">
        <ele>1634.637633</ele>
      </trkpt>
      <trkpt lat="46.878014" lon="10.491078">
        <ele>1634.334612</ele>
      </trkpt>
      <trkpt lat="46.877983" lon="10.491089">
        <ele>1633.750637</ele>
      </trkpt>
      <trkpt lat="46.877946" lon="10.491086">
        <ele>1633.072235</ele>
      </trkpt>
      <trkpt lat="46.877933" lon="10.491088">
        <ele>1632.832930</ele>
      </trkpt>
      <trkpt lat="46.877921" lon="10.491088">
        <ele>1632.613245</ele>
      </trkpt>
      <trkpt lat="46.877908" lon="10.491085">
        <ele>1632.372310</ele>
      </trkpt>
      <trkpt lat="46.877895" lon="10.491076">
        <ele>1632.109014</ele>
      </trkpt>
      <trkpt lat="46.877876" lon="10.491073">
        <ele>1631.759159</ele>
      </trkpt>
      <trkpt lat="46.877856" lon="10.491079">
        <ele>1631.385398</ele>
      </trkpt>
      <trkpt lat="46.877839" lon="10.491091">
        <ele>1631.039843</ele>
      </trkpt>
      <trkpt lat="46.877823" lon="10.491092">
        <ele>1630.746662</ele>
      </trkpt>
      <trkpt lat="46.877804" lon="10.491083">
        <ele>1630.381048</ele>
      </trkpt>
      <trkpt lat="46.877779" lon="10.491080">
        <ele>1630.052678</ele>
      </trkpt>
      <trkpt lat="46.877744" lon="10.491086">
        <ele>1629.637405</ele>
      </trkpt>
      <trkpt lat="46.877709" lon="10.491080">
        <ele>1629.222133</ele>
      </trkpt>
      <trkpt lat="46.877678" lon="10.491058">
        <ele>1628.816104</ele>
      </trkpt>
      <trkpt lat="46.877651" lon="10.491051">
        <ele>1628.492970</ele>
      </trkpt>
      <trkpt lat="46.877633" lon="10.491050">
        <ele>1628.280700</ele>
      </trkpt>
      <trkpt lat="46.877622" lon="10.491056">
        <ele>1628.142355</ele>
      </trkpt>
      <trkpt lat="46.877610" lon="10.491069">
        <ele>1627.966392</ele>
      </trkpt>
      <trkpt lat="46.877606" lon="10.491098">
        <ele>1627.728081</ele>
      </trkpt>
      <trkpt lat="46.877612" lon="10.491121">
        <ele>1627.577707</ele>
      </trkpt>
      <trkpt lat="46.877628" lon="10.491139">
        <ele>1627.443665</ele>
      </trkpt>
      <trkpt lat="46.877656" lon="10.491154">
        <ele>1627.245640</ele>
      </trkpt>
      <trkpt lat="46.877681" lon="10.491172">
        <ele>1627.060595</ele>
      </trkpt>
      <trkpt lat="46.877701" lon="10.491188">
        <ele>1626.909211</ele>
      </trkpt>
      <trkpt lat="46.877716" lon="10.491193">
        <ele>1626.807042</ele>
      </trkpt>
      <trkpt lat="46.877737" lon="10.491197">
        <ele>1626.666403</ele>
      </trkpt>
      <trkpt lat="46.877749" lon="10.491200">
        <ele>1626.585555</ele>
      </trkpt>
      <trkpt lat="46.877761" lon="10.491210">
        <ele>1626.493840</ele>
      </trkpt>
      <trkpt lat="46.877767" lon="10.491233">
        <ele>1626.382086</ele>
      </trkpt>
      <trkpt lat="46.877768" lon="10.491261">
        <ele>1626.254805</ele>
      </trkpt>
      <trkpt lat="46.877758" lon="10.491280">
        <ele>1626.145115</ele>
      </trkpt>
      <trkpt lat="46.877736" lon="10.491295">
        <ele>1625.733391</ele>
      </trkpt>
      <trkpt lat="46.877712" lon="10.491300">
        <ele>1625.322173</ele>
      </trkpt>
      <trkpt lat="46.877672" lon="10.491302">
        <ele>1624.643260</ele>
      </trkpt>
      <trkpt lat="46.877605" lon="10.491311">
        <ele>1623.501963</ele>
      </trkpt>
      <trkpt lat="46.877573" lon="10.491307">
        <ele>1622.957171</ele>
      </trkpt>
      <trkpt lat="46.877534" lon="10.491313">
        <ele>1622.300250</ele>
      </trkpt>
      <trkpt lat="46.877508" lon="10.491317">
        <ele>1621.946935</ele>
      </trkpt>
      <trkpt lat="46.877485" lon="10.491330">
        <ele>1621.613707</ele>
      </trkpt>
      <trkpt lat="46.877465" lon="10.491347">
        <ele>1621.301104</ele>
      </trkpt>
      <trkpt lat="46.877459" lon="10.491365">
        <ele>1621.116102</ele>
      </trkpt>
      <trkpt lat="46.877461" lon="10.491389">
        <ele>1620.892749</ele>
      </trkpt>
      <trkpt lat="46.877470" lon="10.491415">
        <ele>1620.623519</ele>
      </trkpt>
      <trkpt lat="46.877533" lon="10.491522">
        <ele>1619.318922</ele>
      </trkpt>
      <trkpt lat="46.877546" lon="10.491547">
        <ele>1619.232156</ele>
      </trkpt>
      <trkpt lat="46.877562" lon="10.491566">
        <ele>1619.167043</ele>
      </trkpt>
      <trkpt lat="46.877568" lon="10.491573">
        <ele>1619.142795</ele>
      </trkpt>
      <trkpt lat="46.877573" lon="10.491581">
        <ele>1619.119382</ele>
      </trkpt>
      <trkpt lat="46.877577" lon="10.491595">
        <ele>1619.086610</ele>
      </trkpt>
      <trkpt lat="46.877580" lon="10.491614">
        <ele>1619.044493</ele>
      </trkpt>
      <trkpt lat="46.877586" lon="10.491630">
        <ele>1619.005078</ele>
      </trkpt>
      <trkpt lat="46.877590" lon="10.491635">
        <ele>1618.988454</ele>
      </trkpt>
      <trkpt lat="46.877595" lon="10.491639">
        <ele>1618.970448</ele>
      </trkpt>
      <trkpt lat="46.877615" lon="10.491696">
        <ele>1618.832067</ele>
      </trkpt>
      <trkpt lat="46.877624" lon="10.491714">
        <ele>1618.783901</ele>
      </trkpt>
      <trkpt lat="46.877631" lon="10.491726">
        <ele>1618.749828</ele>
      </trkpt>
      <trkpt lat="46.877640" lon="10.491740">
        <ele>1618.708320</ele>
      </trkpt>
      <trkpt lat="46.877654" lon="10.491746">
        <ele>1618.662226</ele>
      </trkpt>
      <trkpt lat="46.877668" lon="10.491746">
        <ele>1618.617991</ele>
      </trkpt>
      <trkpt lat="46.877678" lon="10.491742">
        <ele>1618.585235</ele>
      </trkpt>
      <trkpt lat="46.877690" lon="10.491742">
        <ele>1618.723536</ele>
      </trkpt>
      <trkpt lat="46.877705" lon="10.491752">
        <ele>1618.922759</ele>
      </trkpt>
      <trkpt lat="46.877712" lon="10.491756">
        <ele>1619.013584</ele>
      </trkpt>
      <trkpt lat="46.877728" lon="10.491759">
        <ele>1619.208538</ele>
      </trkpt>
      <trkpt lat="46.877737" lon="10.491757">
        <ele>1619.318558</ele>
      </trkpt>
      <trkpt lat="46.877751" lon="10.491762">
        <ele>1619.492728</ele>
      </trkpt>
      <trkpt lat="46.877766" lon="10.491778">
        <ele>1619.717086</ele>
      </trkpt>
      <trkpt lat="46.877781" lon="10.491787">
        <ele>1619.913027</ele>
      </trkpt>
      <trkpt lat="46.877802" lon="10.491789">
        <ele>1620.167365</ele>
      </trkpt>
      <trkpt lat="46.877818" lon="10.491778">
        <ele>1620.381026</ele>
      </trkpt>
      <trkpt lat="46.877833" lon="10.491776">
        <ele>1620.563064</ele>
      </trkpt>
      <trkpt lat="46.877844" lon="10.491781">
        <ele>1620.702277</ele>
      </trkpt>
      <trkpt lat="46.877861" lon="10.491787">
        <ele>1620.913630</ele>
      </trkpt>
      <trkpt lat="46.877870" lon="10.491790">
        <ele>1621.025189</ele>
      </trkpt>
      <trkpt lat="46.877901" lon="10.491791">
        <ele>1621.309765</ele>
      </trkpt>
      <trkpt lat="46.877927" lon="10.491802">
        <ele>1621.338478</ele>
      </trkpt>
      <trkpt lat="46.877944" lon="10.491828">
        <ele>1621.364569</ele>
      </trkpt>
      <trkpt lat="46.877951" lon="10.491874">
        <ele>1621.398743</ele>
      </trkpt>
      <trkpt lat="46.877958" lon="10.491906">
        <ele>1621.423108</ele>
      </trkpt>
      <trkpt lat="46.877973" lon="10.491935">
        <ele>1621.449480</ele>
      </trkpt>
      <trkpt lat="46.878009" lon="10.491958">
        <ele>1621.491154</ele>
      </trkpt>
      <trkpt lat="46.878016" lon="10.491985">
        <ele>1621.512095</ele>
      </trkpt>
      <trkpt lat="46.878013" lon="10.492013">
        <ele>1621.532647</ele>
      </trkpt>
      <trkpt lat="46.878002" lon="10.492030">
        <ele>1621.380798</ele>
      </trkpt>
      <trkpt lat="46.877991" lon="10.492034">
        <ele>1621.190174</ele>
      </trkpt>
      <trkpt lat="46.877968" lon="10.492036">
        <ele>1620.802686</ele>
      </trkpt>
      <trkpt lat="46.877950" lon="10.492028">
        <ele>1620.486307</ele>
      </trkpt>
      <trkpt lat="46.877930" lon="10.492006">
        <ele>1620.065480</ele>
      </trkpt>
      <trkpt lat="46.877879" lon="10.491980">
        <ele>1619.157194</ele>
      </trkpt>
      <trkpt lat="46.877821" lon="10.491984">
        <ele>1618.180688</ele>
      </trkpt>
      <trkpt lat="46.877795" lon="10.491997">
        <ele>1617.728172</ele>
      </trkpt>
      <trkpt lat="46.877783" lon="10.491998">
        <ele>1617.574557</ele>
      </trkpt>
      <trkpt lat="46.877775" lon="10.491992">
        <ele>1617.459660</ele>
      </trkpt>
      <trkpt lat="46.877761" lon="10.491974">
        <ele>1617.221451</ele>
      </trkpt>
      <trkpt lat="46.877750" lon="10.491970">
        <ele>1617.076587</ele>
      </trkpt>
      <trkpt lat="46.877742" lon="10.491971">
        <ele>1616.973971</ele>
      </trkpt>
      <trkpt lat="46.877733" lon="10.491977">
        <ele>1616.847565</ele>
      </trkpt>
      <trkpt lat="46.877726" lon="10.491996">
        <ele>1616.659003</ele>
      </trkpt>
      <trkpt lat="46.877727" lon="10.492025">
        <ele>1616.405330</ele>
      </trkpt>
      <trkpt lat="46.877739" lon="10.492052">
        <ele>1616.123977</ele>
      </trkpt>
      <trkpt lat="46.877744" lon="10.492070">
        <ele>1615.954236</ele>
      </trkpt>
      <trkpt lat="46.877743" lon="10.492085">
        <ele>1615.822571</ele>
      </trkpt>
      <trkpt lat="46.877737" lon="10.492105">
        <ele>1615.631760</ele>
      </trkpt>
      <trkpt lat="46.877722" lon="10.492127">
        <ele>1615.360298</ele>
      </trkpt>
      <trkpt lat="46.877703" lon="10.492149">
        <ele>1615.050611</ele>
      </trkpt>
      <trkpt lat="46.877622" lon="10.492314">
        <ele>1613.148927</ele>
      </trkpt>
      <trkpt lat="46.877610" lon="10.492336">
        <ele>1612.883634</ele>
      </trkpt>
      <trkpt lat="46.877553" lon="10.492437">
        <ele>1611.639695</ele>
      </trkpt>
      <trkpt lat="46.877543" lon="10.492455">
        <ele>1611.405903</ele>
      </trkpt>
      <trkpt lat="46.877463" lon="10.492577">
        <ele>1609.701898</ele>
      </trkpt>
      <trkpt lat="46.877454" lon="10.492588">
        <ele>1609.528970</ele>
      </trkpt>
      <trkpt lat="46.877441" lon="10.492610">
        <ele>1609.235855</ele>
      </trkpt>
      <trkpt lat="46.877423" lon="10.492629">
        <ele>1608.908562</ele>
      </trkpt>
      <trkpt lat="46.877398" lon="10.492650">
        <ele>1608.483481</ele>
      </trkpt>
      <trkpt lat="46.877384" lon="10.492670">
        <ele>1608.262150</ele>
      </trkpt>
      <trkpt lat="46.877337" lon="10.492764">
        <ele>1607.375492</ele>
      </trkpt>
      <trkpt lat="46.877315" lon="10.492832">
        <ele>1606.802734</ele>
      </trkpt>
      <trkpt lat="46.877303" lon="10.492880">
        <ele>1606.413626</ele>
      </trkpt>
      <trkpt lat="46.877303" lon="10.492937">
        <ele>1605.979671</ele>
      </trkpt>
      <trkpt lat="46.877299" lon="10.492992">
        <ele>1605.752065</ele>
      </trkpt>
      <trkpt lat="46.877296" lon="10.493031">
        <ele>1605.595327</ele>
      </trkpt>
      <trkpt lat="46.877299" lon="10.493070">
        <ele>1605.438590</ele>
      </trkpt>
      <trkpt lat="46.877294" lon="10.493103">
        <ele>1605.303599</ele>
      </trkpt>
      <trkpt lat="46.877282" lon="10.493135">
        <ele>1605.157832</ele>
      </trkpt>
      <trkpt lat="46.877274" lon="10.493156">
        <ele>1605.061820</ele>
      </trkpt>
      <trkpt lat="46.877271" lon="10.493176">
        <ele>1604.980045</ele>
      </trkpt>
      <trkpt lat="46.877272" lon="10.493211">
        <ele>1604.840143</ele>
      </trkpt>
      <trkpt lat="46.877271" lon="10.493233">
        <ele>1604.752088</ele>
      </trkpt>
      <trkpt lat="46.877266" lon="10.493257">
        <ele>1604.651936</ele>
      </trkpt>
      <trkpt lat="46.877265" lon="10.493279">
        <ele>1604.608229</ele>
      </trkpt>
      <trkpt lat="46.877277" lon="10.493332">
        <ele>1604.497556</ele>
      </trkpt>
      <trkpt lat="46.877281" lon="10.493407">
        <ele>1604.348435</ele>
      </trkpt>
      <trkpt lat="46.877279" lon="10.493438">
        <ele>1604.286712</ele>
      </trkpt>
      <trkpt lat="46.877277" lon="10.493457">
        <ele>1604.248605</ele>
      </trkpt>
      <trkpt lat="46.877273" lon="10.493471">
        <ele>1604.218527</ele>
      </trkpt>
      <trkpt lat="46.877259" lon="10.493502">
        <ele>1604.144876</ele>
      </trkpt>
      <trkpt lat="46.877254" lon="10.493520">
        <ele>1604.106362</ele>
      </trkpt>
      <trkpt lat="46.877250" lon="10.493557">
        <ele>1604.032107</ele>
      </trkpt>
      <trkpt lat="46.877245" lon="10.493573">
        <ele>1603.995582</ele>
      </trkpt>
      <trkpt lat="46.877240" lon="10.493586">
        <ele>1603.948360</ele>
      </trkpt>
      <trkpt lat="46.877235" lon="10.493603">
        <ele>1603.889773</ele>
      </trkpt>
      <trkpt lat="46.877235" lon="10.493625">
        <ele>1603.820127</ele>
      </trkpt>
      <trkpt lat="46.877239" lon="10.493642">
        <ele>1603.763211</ele>
      </trkpt>
      <trkpt lat="46.877252" lon="10.493708">
        <ele>1603.545773</ele>
      </trkpt>
      <trkpt lat="46.877259" lon="10.493753">
        <ele>1603.399674</ele>
      </trkpt>
      <trkpt lat="46.877262" lon="10.493774">
        <ele>1603.331758</ele>
      </trkpt>
      <trkpt lat="46.877272" lon="10.493850">
        <ele>1603.086747</ele>
      </trkpt>
      <trkpt lat="46.877268" lon="10.493871">
        <ele>1603.017735</ele>
      </trkpt>
      <trkpt lat="46.877260" lon="10.493884">
        <ele>1602.962360</ele>
      </trkpt>
      <trkpt lat="46.877243" lon="10.493910">
        <ele>1602.749473</ele>
      </trkpt>
      <trkpt lat="46.877228" lon="10.493936">
        <ele>1602.545115</ele>
      </trkpt>
      <trkpt lat="46.877221" lon="10.493968">
        <ele>1602.343303</ele>
      </trkpt>
      <trkpt lat="46.877220" lon="10.493993">
        <ele>1602.192883</ele>
      </trkpt>
      <trkpt lat="46.877216" lon="10.494021">
        <ele>1602.021066</ele>
      </trkpt>
      <trkpt lat="46.877208" lon="10.494047">
        <ele>1601.849803</ele>
      </trkpt>
      <trkpt lat="46.877195" lon="10.494066">
        <ele>1601.688331</ele>
      </trkpt>
      <trkpt lat="46.877185" lon="10.494083">
        <ele>1601.553616</ele>
      </trkpt>
      <trkpt lat="46.877174" lon="10.494109">
        <ele>1601.369953</ele>
      </trkpt>
      <trkpt lat="46.877170" lon="10.494124">
        <ele>1601.273242</ele>
      </trkpt>
      <trkpt lat="46.877167" lon="10.494153">
        <ele>1601.097068</ele>
      </trkpt>
      <trkpt lat="46.877170" lon="10.494184">
        <ele>1600.849364</ele>
      </trkpt>
      <trkpt lat="46.877167" lon="10.494210">
        <ele>1600.563593</ele>
      </trkpt>
      <trkpt lat="46.877159" lon="10.494236">
        <ele>1600.254576</ele>
      </trkpt>
      <trkpt lat="46.877146" lon="10.494264">
        <ele>1599.887735</ele>
      </trkpt>
      <trkpt lat="46.877139" lon="10.494287">
        <ele>1599.614872</ele>
      </trkpt>
      <trkpt lat="46.877135" lon="10.494313">
        <ele>1599.326038</ele>
      </trkpt>
      <trkpt lat="46.877133" lon="10.494338">
        <ele>1599.053241</ele>
      </trkpt>
      <trkpt lat="46.877128" lon="10.494358">
        <ele>1598.822440</ele>
      </trkpt>
      <trkpt lat="46.877122" lon="10.494369">
        <ele>1598.669920</ele>
      </trkpt>
      <trkpt lat="46.877114" lon="10.494379">
        <ele>1598.503084</ele>
      </trkpt>
      <trkpt lat="46.877106" lon="10.494398">
        <ele>1598.261234</ele>
      </trkpt>
      <trkpt lat="46.877101" lon="10.494424">
        <ele>1597.968509</ele>
      </trkpt>
      <trkpt lat="46.877094" lon="10.494441">
        <ele>1597.753419</ele>
      </trkpt>
      <trkpt lat="46.877082" lon="10.494459">
        <ele>1597.480919</ele>
      </trkpt>
      <trkpt lat="46.877079" lon="10.494471">
        <ele>1597.376592</ele>
      </trkpt>
      <trkpt lat="46.877080" lon="10.494484">
        <ele>1597.298492</ele>
      </trkpt>
      <trkpt lat="46.877074" lon="10.494495">
        <ele>1597.214477</ele>
      </trkpt>
      <trkpt lat="46.877062" lon="10.494506">
        <ele>1597.090799</ele>
      </trkpt>
      <trkpt lat="46.877050" lon="10.494521">
        <ele>1596.952948</ele>
      </trkpt>
      <trkpt lat="46.877030" lon="10.494552">
        <ele>1596.698465</ele>
      </trkpt>
      <trkpt lat="46.877018" lon="10.494564">
        <ele>1596.571515</ele>
      </trkpt>
      <trkpt lat="46.877001" lon="10.494572">
        <ele>1596.415551</ele>
      </trkpt>
      <trkpt lat="46.876980" lon="10.494572">
        <ele>1596.232145</ele>
      </trkpt>
      <trkpt lat="46.876955" lon="10.494568">
        <ele>1596.012502</ele>
      </trkpt>
      <trkpt lat="46.876891" lon="10.494560">
        <ele>1595.450523</ele>
      </trkpt>
      <trkpt lat="46.876875" lon="10.494564">
        <ele>1595.267259</ele>
      </trkpt>
      <trkpt lat="46.876845" lon="10.494591">
        <ele>1594.869583</ele>
      </trkpt>
      <trkpt lat="46.876824" lon="10.494600">
        <ele>1594.622520</ele>
      </trkpt>
      <trkpt lat="46.876784" lon="10.494605">
        <ele>1594.169261</ele>
      </trkpt>
      <trkpt lat="46.876757" lon="10.494605">
        <ele>1593.864421</ele>
      </trkpt>
      <trkpt lat="46.876744" lon="10.494608">
        <ele>1593.715832</ele>
      </trkpt>
      <trkpt lat="46.876737" lon="10.494617">
        <ele>1593.610614</ele>
      </trkpt>
      <trkpt lat="46.876729" lon="10.494620">
        <ele>1593.517371</ele>
      </trkpt>
      <trkpt lat="46.876711" lon="10.494619">
        <ele>1593.313998</ele>
      </trkpt>
      <trkpt lat="46.876696" lon="10.494613">
        <ele>1593.138426</ele>
      </trkpt>
      <trkpt lat="46.876685" lon="10.494617">
        <ele>1593.010453</ele>
      </trkpt>
      <trkpt lat="46.876681" lon="10.494622">
        <ele>1592.951051</ele>
      </trkpt>
      <trkpt lat="46.876667" lon="10.494626">
        <ele>1592.875343</ele>
      </trkpt>
      <trkpt lat="46.876641" lon="10.494623">
        <ele>1592.779572</ele>
      </trkpt>
      <trkpt lat="46.876621" lon="10.494626">
        <ele>1592.705745</ele>
      </trkpt>
      <trkpt lat="46.876602" lon="10.494634">
        <ele>1592.633143</ele>
      </trkpt>
      <trkpt lat="46.876558" lon="10.494640">
        <ele>1592.470870</ele>
      </trkpt>
      <trkpt lat="46.876516" lon="10.494634">
        <ele>1592.315909</ele>
      </trkpt>
      <trkpt lat="46.876487" lon="10.494623">
        <ele>1592.205897</ele>
      </trkpt>
      <trkpt lat="46.876401" lon="10.494608">
        <ele>1591.952941</ele>
      </trkpt>
      <trkpt lat="46.876373" lon="10.494604">
        <ele>1591.882750</ele>
      </trkpt>
      <trkpt lat="46.876356" lon="10.494607">
        <ele>1591.840029</ele>
      </trkpt>
      <trkpt lat="46.876340" lon="10.494612">
        <ele>1591.799209</ele>
      </trkpt>
      <trkpt lat="46.876329" lon="10.494624">
        <ele>1591.764974</ele>
      </trkpt>
      <trkpt lat="46.876322" lon="10.494637">
        <ele>1591.736750</ele>
      </trkpt>
      <trkpt lat="46.876318" lon="10.494674">
        <ele>1591.672862</ele>
      </trkpt>
      <trkpt lat="46.876322" lon="10.494710">
        <ele>1591.610659</ele>
      </trkpt>
      <trkpt lat="46.876339" lon="10.494754">
        <ele>1591.508399</ele>
      </trkpt>
      <trkpt lat="46.876345" lon="10.494784">
        <ele>1591.298825</ele>
      </trkpt>
      <trkpt lat="46.876348" lon="10.494815">
        <ele>1591.088907</ele>
      </trkpt>
      <trkpt lat="46.876343" lon="10.494856">
        <ele>1590.809674</ele>
      </trkpt>
      <trkpt lat="46.876344" lon="10.494910">
        <ele>1590.447487</ele>
      </trkpt>
      <trkpt lat="46.876359" lon="10.494982">
        <ele>1589.942826</ele>
      </trkpt>
      <trkpt lat="46.876375" lon="10.495047">
        <ele>1589.479626</ele>
      </trkpt>
      <trkpt lat="46.876381" lon="10.495066">
        <ele>1589.339300</ele>
      </trkpt>
      <trkpt lat="46.876390" lon="10.495079">
        <ele>1589.321355</ele>
      </trkpt>
      <trkpt lat="46.876431" lon="10.495108">
        <ele>1589.307556</ele>
      </trkpt>
      <trkpt lat="46.876443" lon="10.495126">
        <ele>1589.302349</ele>
      </trkpt>
      <trkpt lat="46.876450" lon="10.495147">
        <ele>1589.297509</ele>
      </trkpt>
      <trkpt lat="46.876456" lon="10.495178">
        <ele>1589.290836</ele>
      </trkpt>
      <trkpt lat="46.876457" lon="10.495209">
        <ele>1589.284408</ele>
      </trkpt>
      <trkpt lat="46.876453" lon="10.495237">
        <ele>1589.278483</ele>
      </trkpt>
      <trkpt lat="46.876455" lon="10.495267">
        <ele>1589.272240</ele>
      </trkpt>
      <trkpt lat="46.876472" lon="10.495317">
        <ele>1589.260673</ele>
      </trkpt>
      <trkpt lat="46.876494" lon="10.495347">
        <ele>1589.234511</ele>
      </trkpt>
      <trkpt lat="46.876508" lon="10.495374">
        <ele>1589.203810</ele>
      </trkpt>
      <trkpt lat="46.876518" lon="10.495415">
        <ele>1589.164372</ele>
      </trkpt>
      <trkpt lat="46.876526" lon="10.495436">
        <ele>1589.142592</ele>
      </trkpt>
      <trkpt lat="46.876538" lon="10.495453">
        <ele>1589.120453</ele>
      </trkpt>
      <trkpt lat="46.876559" lon="10.495487">
        <ele>1589.078940</ele>
      </trkpt>
      <trkpt lat="46.876581" lon="10.495539">
        <ele>1589.023537</ele>
      </trkpt>
      <trkpt lat="46.876595" lon="10.495584">
        <ele>1588.978746</ele>
      </trkpt>
      <trkpt lat="46.876597" lon="10.495623">
        <ele>1588.688566</ele>
      </trkpt>
      <trkpt lat="46.876603" lon="10.495661">
        <ele>1588.065978</ele>
      </trkpt>
      <trkpt lat="46.876618" lon="10.495709">
        <ele>1587.223452</ele>
      </trkpt>
      <trkpt lat="46.876621" lon="10.495740">
        <ele>1586.723646</ele>
      </trkpt>
      <trkpt lat="46.876620" lon="10.495781">
        <ele>1586.068724</ele>
      </trkpt>
      <trkpt lat="46.876626" lon="10.495818">
        <ele>1585.461679</ele>
      </trkpt>
      <trkpt lat="46.876634" lon="10.495840">
        <ele>1585.063880</ele>
      </trkpt>
      <trkpt lat="46.876649" lon="10.495884">
        <ele>1584.278979</ele>
      </trkpt>
      <trkpt lat="46.876665" lon="10.495958">
        <ele>1583.257435</ele>
      </trkpt>
      <trkpt lat="46.876687" lon="10.496021">
        <ele>1582.495636</ele>
      </trkpt>
      <trkpt lat="46.876707" lon="10.496075">
        <ele>1581.834280</ele>
      </trkpt>
      <trkpt lat="46.876722" lon="10.496140">
        <ele>1581.095532</ele>
      </trkpt>
      <trkpt lat="46.876728" lon="10.496212">
        <ele>1580.314475</ele>
      </trkpt>
      <trkpt lat="46.876745" lon="10.496283">
        <ele>1579.948370</ele>
      </trkpt>
      <trkpt lat="46.876777" lon="10.496354">
        <ele>1579.646784</ele>
      </trkpt>
      <trkpt lat="46.876786" lon="10.496383">
        <ele>1579.533840</ele>
      </trkpt>
      <trkpt lat="46.876791" lon="10.496415">
        <ele>1579.417433</ele>
      </trkpt>
      <trkpt lat="46.876802" lon="10.496446">
        <ele>1579.293571</ele>
      </trkpt>
      <trkpt lat="46.876823" lon="10.496482">
        <ele>1579.125740</ele>
      </trkpt>
      <trkpt lat="46.876831" lon="10.496500">
        <ele>1579.049601</ele>
      </trkpt>
      <trkpt lat="46.876841" lon="10.496528">
        <ele>1579.047310</ele>
      </trkpt>
      <trkpt lat="46.876855" lon="10.496551">
        <ele>1579.130075</ele>
      </trkpt>
      <trkpt lat="46.876871" lon="10.496565">
        <ele>1579.203371</ele>
      </trkpt>
      <trkpt lat="46.876885" lon="10.496584">
        <ele>1579.278449</ele>
      </trkpt>
      <trkpt lat="46.876912" lon="10.496634">
        <ele>1579.449689</ele>
      </trkpt>
      <trkpt lat="46.876931" lon="10.496660">
        <ele>1579.551973</ele>
      </trkpt>
      <trkpt lat="46.876947" lon="10.496679">
        <ele>1579.632992</ele>
      </trkpt>
      <trkpt lat="46.876964" lon="10.496692">
        <ele>1579.708407</ele>
      </trkpt>
      <trkpt lat="46.876980" lon="10.496697">
        <ele>1579.772729</ele>
      </trkpt>
      <trkpt lat="46.876996" lon="10.496705">
        <ele>1579.839205</ele>
      </trkpt>
      <trkpt lat="46.877020" lon="10.496723">
        <ele>1580.024581</ele>
      </trkpt>
      <trkpt lat="46.877038" lon="10.496732">
        <ele>1580.196124</ele>
      </trkpt>
      <trkpt lat="46.877052" lon="10.496740">
        <ele>1580.331665</ele>
      </trkpt>
      <trkpt lat="46.877066" lon="10.496743">
        <ele>1580.459263</ele>
      </trkpt>
      <trkpt lat="46.877099" lon="10.496740">
        <ele>1580.757429</ele>
      </trkpt>
      <trkpt lat="46.877124" lon="10.496738">
        <ele>1580.983215</ele>
      </trkpt>
      <trkpt lat="46.877140" lon="10.496741">
        <ele>1581.128683</ele>
      </trkpt>
      <trkpt lat="46.877151" lon="10.496751">
        <ele>1581.245473</ele>
      </trkpt>
      <trkpt lat="46.877162" lon="10.496755">
        <ele>1581.347689</ele>
      </trkpt>
      <trkpt lat="46.877173" lon="10.496755">
        <ele>1581.446887</ele>
      </trkpt>
      <trkpt lat="46.877187" lon="10.496750">
        <ele>1581.576846</ele>
      </trkpt>
      <trkpt lat="46.877203" lon="10.496750">
        <ele>1581.721133</ele>
      </trkpt>
      <trkpt lat="46.877223" lon="10.496764">
        <ele>1581.919087</ele>
      </trkpt>
      <trkpt lat="46.877232" lon="10.496766">
        <ele>1581.984269</ele>
      </trkpt>
      <trkpt lat="46.877243" lon="10.496762">
        <ele>1582.065430</ele>
      </trkpt>
      <trkpt lat="46.877252" lon="10.496755">
        <ele>1582.138415</ele>
      </trkpt>
      <trkpt lat="46.877261" lon="10.496750">
        <ele>1582.207348</ele>
      </trkpt>
      <trkpt lat="46.877266" lon="10.496750">
        <ele>1582.243150</ele>
      </trkpt>
      <trkpt lat="46.877278" lon="10.496755">
        <ele>1582.332491</ele>
      </trkpt>
      <trkpt lat="46.877282" lon="10.496755">
        <ele>1582.361133</ele>
      </trkpt>
      <trkpt lat="46.877287" lon="10.496752">
        <ele>1582.399829</ele>
      </trkpt>
      <trkpt lat="46.877302" lon="10.496739">
        <ele>1582.524667</ele>
      </trkpt>
      <trkpt lat="46.877322" lon="10.496730">
        <ele>1582.674495</ele>
      </trkpt>
      <trkpt lat="46.877334" lon="10.496723">
        <ele>1582.766999</ele>
      </trkpt>
      <trkpt lat="46.877348" lon="10.496708">
        <ele>1582.891253</ele>
      </trkpt>
      <trkpt lat="46.877355" lon="10.496700">
        <ele>1582.954857</ele>
      </trkpt>
      <trkpt lat="46.877374" lon="10.496693">
        <ele>1583.095152</ele>
      </trkpt>
      <trkpt lat="46.877396" lon="10.496677">
        <ele>1583.271072</ele>
      </trkpt>
      <trkpt lat="46.877412" lon="10.496662">
        <ele>1583.407143</ele>
      </trkpt>
      <trkpt lat="46.877429" lon="10.496656">
        <ele>1583.504377</ele>
      </trkpt>
      <trkpt lat="46.877436" lon="10.496657">
        <ele>1583.427525</ele>
      </trkpt>
      <trkpt lat="46.877438" lon="10.496658">
        <ele>1583.404431</ele>
      </trkpt>
      <trkpt lat="46.877444" lon="10.496659">
        <ele>1583.338446</ele>
      </trkpt>
      <trkpt lat="46.877454" lon="10.496676">
        <ele>1583.170929</ele>
      </trkpt>
      <trkpt lat="46.877461" lon="10.496696">
        <ele>1583.003104</ele>
      </trkpt>
      <trkpt lat="46.877469" lon="10.496707">
        <ele>1582.883139</ele>
      </trkpt>
      <trkpt lat="46.877490" lon="10.496726">
        <ele>1582.613339</ele>
      </trkpt>
      <trkpt lat="46.877500" lon="10.496743">
        <ele>1582.445822</ele>
      </trkpt>
      <trkpt lat="46.877508" lon="10.496769">
        <ele>1582.232858</ele>
      </trkpt>
      <trkpt lat="46.877519" lon="10.496787">
        <ele>1582.052520</ele>
      </trkpt>
      <trkpt lat="46.877534" lon="10.496800">
        <ele>1581.862016</ele>
      </trkpt>
      <trkpt lat="46.877550" lon="10.496809">
        <ele>1581.674710</ele>
      </trkpt>
      <trkpt lat="46.877577" lon="10.496814">
        <ele>1581.377333</ele>
      </trkpt>
      <trkpt lat="46.877605" lon="10.496810">
        <ele>1581.069928</ele>
      </trkpt>
      <trkpt lat="46.877639" lon="10.496787">
        <ele>1581.053989</ele>
      </trkpt>
      <trkpt lat="46.877666" lon="10.496775">
        <ele>1581.045879</ele>
      </trkpt>
      <trkpt lat="46.877685" lon="10.496774">
        <ele>1581.040415</ele>
      </trkpt>
      <trkpt lat="46.877700" lon="10.496777">
        <ele>1581.036064</ele>
      </trkpt>
      <trkpt lat="46.877720" lon="10.496776">
        <ele>1581.030313</ele>
      </trkpt>
      <trkpt lat="46.877735" lon="10.496768">
        <ele>1581.025725</ele>
      </trkpt>
      <trkpt lat="46.877749" lon="10.496763">
        <ele>1581.021583</ele>
      </trkpt>
      <trkpt lat="46.877762" lon="10.496766">
        <ele>1581.017801</ele>
      </trkpt>
      <trkpt lat="46.877787" lon="10.496780">
        <ele>1581.010107</ele>
      </trkpt>
      <trkpt lat="46.877806" lon="10.496785">
        <ele>1581.004559</ele>
      </trkpt>
      <trkpt lat="46.877831" lon="10.496787">
        <ele>1580.971816</ele>
      </trkpt>
      <trkpt lat="46.877852" lon="10.496795">
        <ele>1580.905144</ele>
      </trkpt>
      <trkpt lat="46.877865" lon="10.496808">
        <ele>1580.856763</ele>
      </trkpt>
      <trkpt lat="46.877874" lon="10.496819">
        <ele>1580.820731</ele>
      </trkpt>
      <trkpt lat="46.877885" lon="10.496826">
        <ele>1580.783876</ele>
      </trkpt>
      <trkpt lat="46.877897" lon="10.496830">
        <ele>1580.746062</ele>
      </trkpt>
      <trkpt lat="46.877905" lon="10.496833">
        <ele>1580.720688</ele>
      </trkpt>
      <trkpt lat="46.877916" lon="10.496840">
        <ele>1580.683832</ele>
      </trkpt>
      <trkpt lat="46.877934" lon="10.496869">
        <ele>1580.601566</ele>
      </trkpt>
      <trkpt lat="46.877956" lon="10.496892">
        <ele>1580.518487</ele>
      </trkpt>
      <trkpt lat="46.877979" lon="10.496908">
        <ele>1580.440240</ele>
      </trkpt>
      <trkpt lat="46.877990" lon="10.496921">
        <ele>1580.396793</ele>
      </trkpt>
      <trkpt lat="46.877996" lon="10.496935">
        <ele>1580.362090</ele>
      </trkpt>
      <trkpt lat="46.878002" lon="10.496951">
        <ele>1580.323763</ele>
      </trkpt>
      <trkpt lat="46.878003" lon="10.496967">
        <ele>1580.309230</ele>
      </trkpt>
      <trkpt lat="46.878002" lon="10.496980">
        <ele>1580.309230</ele>
      </trkpt>
      <trkpt lat="46.878006" lon="10.496999">
        <ele>1580.309230</ele>
      </trkpt>
      <trkpt lat="46.878016" lon="10.497013">
        <ele>1580.309230</ele>
      </trkpt>
      <trkpt lat="46.878018" lon="10.497023">
        <ele>1580.309230</ele>
      </trkpt>
      <trkpt lat="46.878018" lon="10.497034">
        <ele>1580.309230</ele>
      </trkpt>
      <trkpt lat="46.878011" lon="10.497070">
        <ele>1580.309230</ele>
      </trkpt>
      <trkpt lat="46.878014" lon="10.497101">
        <ele>1580.309230</ele>
      </trkpt>
      <trkpt lat="46.878025" lon="10.497135">
        <ele>1580.309230</ele>
      </trkpt>
      <trkpt lat="46.878050" lon="10.497188">
        <ele>1580.309230</ele>
      </trkpt>
      <trkpt lat="46.878067" lon="10.497232">
        <ele>1580.309230</ele>
      </trkpt>
    </trkseg>
  </trk>
</gpx>