<?xml version="1.0" encoding="UTF-8" standalone="yes"?>
<gpx xmlns:gpxtpx1="http://www.garmin.com/xmlschemas/TrackPointExtension/v1" xmlns="http://www.topografix.com/GPX/1/1" xmlns:trp="http://www.garmin.com/xmlschemas/TripExtensions/v1" xmlns:gpxx="http://www.garmin.com/xmlschemas/GpxExtensions/v3" xmlns:gpxtpx="http://www.garmin.com/xmlschemas/TrackPointExtension/v2" version="1.1" creator="RouteConverter 2.34-SNAPSHOT-359">
    <metadata>
        <link href="http://www.garmin.com">
            <text>Garmin International</text>
        </link>
        <time>2023-08-11T10:02:08.618Z</time>
        <bounds minlat="49.682490024715662" minlon="7.14020200073719" maxlat="49.718177989125252" maxlon="7.192746978253126"/>
    </metadata>
    <trk>
        <name>RadLust MTB-Trail WaldMeister (wildganz.com)</name>
        <desc>Anspruchsvolle MTB-Strecke mit hohem Trail-Anteil für fortgeschrittene MTB-Piloten. Auf dem Rundkurs können schwierige Stellen (A-Linie) durch eine B-Linie umfahren werden.</desc>
        <extensions>
            <gpxx:TrackExtension>
                <gpxx:DisplayColor>DarkGray</gpxx:DisplayColor>
            </gpxx:TrackExtension>
        </extensions>
        <trkseg>
            <trkpt lat="49.696548" lon="7.154811">
                <ele>581.0</ele>
                <name>Birkenweg, 55767 Hattgenstein, Rheinland-Pfalz, Deutschland</name>
            </trkpt>
            <trkpt lat="49.696466" lon="7.154767">
                <ele>581.0</ele>
                <name>Position 2</name>
            </trkpt>
            <trkpt lat="49.69623" lon="7.154628">
                <ele>580.0</ele>
                <name>Position 3</name>
            </trkpt>
            <trkpt lat="49.696034" lon="7.154512">
                <ele>580.0</ele>
                <name>Position 4</name>
            </trkpt>
            <trkpt lat="49.696034" lon="7.154512">
                <ele>580.0</ele>
                <name>Position 5</name>
            </trkpt>
            <trkpt lat="49.696284" lon="7.153529">
                <ele>591.0</ele>
                <name>Position 6</name>
            </trkpt>
            <trkpt lat="49.696284" lon="7.153529">
                <ele>591.0</ele>
                <name>Position 7</name>
            </trkpt>
            <trkpt lat="49.695815" lon="7.152488">
                <ele>594.0</ele>
                <name>Position 8</name>
            </trkpt>
            <trkpt lat="49.695815" lon="7.152488">
                <ele>594.0</ele>
                <name>Position 9</name>
            </trkpt>
            <trkpt lat="49.695764" lon="7.152514">
                <ele>594.0</ele>
                <name>Position 10</name>
            </trkpt>
            <trkpt lat="49.695709" lon="7.152509">
                <ele>594.0</ele>
                <name>Position 11</name>
            </trkpt>
            <trkpt lat="49.695584" lon="7.152474">
                <ele>593.0</ele>
                <name>Position 12</name>
            </trkpt>
            <trkpt lat="49.69554" lon="7.152476">
                <ele>593.0</ele>
                <name>Position 13</name>
            </trkpt>
            <trkpt lat="49.695491" lon="7.152495">
                <ele>593.0</ele>
                <name>Position 14</name>
            </trkpt>
            <trkpt lat="49.695463" lon="7.152524">
                <ele>592.0</ele>
                <name>Position 15</name>
            </trkpt>
            <trkpt lat="49.695463" lon="7.152524">
                <ele>592.0</ele>
                <name>Position 16</name>
            </trkpt>
            <trkpt lat="49.695491" lon="7.152495">
                <ele>593.0</ele>
                <name>Position 17</name>
            </trkpt>
            <trkpt lat="49.69554" lon="7.152476">
                <ele>593.0</ele>
                <name>Position 18</name>
            </trkpt>
            <trkpt lat="49.695584" lon="7.152474">
                <ele>593.0</ele>
                <name>Position 19</name>
            </trkpt>
            <trkpt lat="49.695709" lon="7.152509">
                <ele>594.0</ele>
                <name>Position 20</name>
            </trkpt>
            <trkpt lat="49.695764" lon="7.152514">
                <ele>594.0</ele>
                <name>Position 21</name>
            </trkpt>
            <trkpt lat="49.695815" lon="7.152488">
                <ele>594.0</ele>
                <name>Position 22</name>
            </trkpt>
            <trkpt lat="49.695866" lon="7.152404">
                <ele>595.0</ele>
                <name>Position 23</name>
            </trkpt>
            <trkpt lat="49.695912" lon="7.15228">
                <ele>596.0</ele>
                <name>Position 24</name>
            </trkpt>
            <trkpt lat="49.695952" lon="7.152243">
                <ele>596.0</ele>
                <name>Position 25</name>
            </trkpt>
            <trkpt lat="49.696248" lon="7.151977">
                <ele>597.0</ele>
                <name>Position 26</name>
            </trkpt>
            <trkpt lat="49.696212" lon="7.15191">
                <ele>598.0</ele>
                <name>Position 27</name>
            </trkpt>
            <trkpt lat="49.696126" lon="7.151773">
                <ele>598.0</ele>
                <name>Position 28</name>
            </trkpt>
            <trkpt lat="49.695969" lon="7.15184">
                <ele>598.0</ele>
                <name>Position 29</name>
            </trkpt>
            <trkpt lat="49.695857" lon="7.151745">
                <ele>598.0</ele>
                <name>Position 30</name>
            </trkpt>
            <trkpt lat="49.695851" lon="7.151586">
                <ele>599.0</ele>
                <name>Position 31</name>
            </trkpt>
            <trkpt lat="49.695747" lon="7.151579">
                <ele>599.0</ele>
                <name>Position 32</name>
            </trkpt>
            <trkpt lat="49.695485" lon="7.151281">
                <ele>599.0</ele>
                <name>Position 33</name>
            </trkpt>
            <trkpt lat="49.695345" lon="7.151198">
                <ele>598.0</ele>
                <name>Position 34</name>
            </trkpt>
            <trkpt lat="49.695292" lon="7.151108">
                <ele>599.0</ele>
                <name>Position 35</name>
            </trkpt>
            <trkpt lat="49.695292" lon="7.151108">
                <ele>599.0</ele>
                <name>Position 36</name>
            </trkpt>
            <trkpt lat="49.695227" lon="7.150999">
                <ele>599.0</ele>
                <name>Position 37</name>
            </trkpt>
            <trkpt lat="49.69505" lon="7.150873">
                <ele>599.0</ele>
                <name>Position 38</name>
            </trkpt>
            <trkpt lat="49.694983" lon="7.1507">
                <ele>599.0</ele>
                <name>Position 39</name>
            </trkpt>
            <trkpt lat="49.694835" lon="7.150568">
                <ele>599.0</ele>
                <name>Position 40</name>
            </trkpt>
            <trkpt lat="49.694815" lon="7.150453">
                <ele>599.0</ele>
                <name>Position 41</name>
            </trkpt>
            <trkpt lat="49.694752" lon="7.150285">
                <ele>600.0</ele>
                <name>Position 42</name>
            </trkpt>
            <trkpt lat="49.694565" lon="7.150006">
                <ele>600.0</ele>
                <name>Position 43</name>
            </trkpt>
            <trkpt lat="49.694458" lon="7.14979">
                <ele>600.0</ele>
                <name>Position 44</name>
            </trkpt>
            <trkpt lat="49.694467" lon="7.149649">
                <ele>600.0</ele>
                <name>Position 45</name>
            </trkpt>
            <trkpt lat="49.694363" lon="7.149552">
                <ele>600.0</ele>
                <name>Position 46</name>
            </trkpt>
            <trkpt lat="49.694063" lon="7.149358">
                <ele>599.0</ele>
                <name>Position 47</name>
            </trkpt>
            <trkpt lat="49.69369" lon="7.149204">
                <ele>597.0</ele>
                <name>Position 48</name>
            </trkpt>
            <trkpt lat="49.693434" lon="7.149166">
                <ele>596.0</ele>
                <name>Position 49</name>
            </trkpt>
            <trkpt lat="49.693178" lon="7.149129">
                <ele>593.0</ele>
                <name>Position 50</name>
            </trkpt>
            <trkpt lat="49.693157" lon="7.148973">
                <ele>593.0</ele>
                <name>Position 51</name>
            </trkpt>
            <trkpt lat="49.693143" lon="7.148907">
                <ele>593.0</ele>
                <name>Position 52</name>
            </trkpt>
            <trkpt lat="49.693143" lon="7.148907">
                <ele>593.0</ele>
                <name>Position 53</name>
            </trkpt>
            <trkpt lat="49.691835" lon="7.149954">
                <ele>560.0</ele>
                <name>Position 54</name>
            </trkpt>
            <trkpt lat="49.691835" lon="7.149954">
                <ele>560.0</ele>
                <name>Position 55</name>
            </trkpt>
            <trkpt lat="49.691821" lon="7.149796">
                <ele>560.0</ele>
                <name>Position 56</name>
            </trkpt>
            <trkpt lat="49.691729" lon="7.149331">
                <ele>562.0</ele>
                <name>Position 57</name>
            </trkpt>
            <trkpt lat="49.691607" lon="7.148804">
                <ele>564.0</ele>
                <name>Position 58</name>
            </trkpt>
            <trkpt lat="49.691486" lon="7.148425">
                <ele>564.0</ele>
                <name>Position 59</name>
            </trkpt>
            <trkpt lat="49.691486" lon="7.148425">
                <ele>564.0</ele>
                <name>Position 60</name>
            </trkpt>
            <trkpt lat="49.691607" lon="7.148804">
                <ele>564.0</ele>
                <name>Position 61</name>
            </trkpt>
            <trkpt lat="49.691729" lon="7.149331">
                <ele>562.0</ele>
                <name>Position 62</name>
            </trkpt>
            <trkpt lat="49.691821" lon="7.149796">
                <ele>560.0</ele>
                <name>Position 63</name>
            </trkpt>
            <trkpt lat="49.691862" lon="7.150256">
                <ele>558.0</ele>
                <name>Position 64</name>
            </trkpt>
            <trkpt lat="49.691934" lon="7.150461">
                <ele>558.0</ele>
                <name>Position 65</name>
            </trkpt>
            <trkpt lat="49.692004" lon="7.150721">
                <ele>557.0</ele>
                <name>Position 66</name>
            </trkpt>
            <trkpt lat="49.692052" lon="7.150992">
                <ele>556.0</ele>
                <name>Position 67</name>
            </trkpt>
            <trkpt lat="49.692088" lon="7.151137">
                <ele>556.0</ele>
                <name>Position 68</name>
            </trkpt>
            <trkpt lat="49.692129" lon="7.151311">
                <ele>556.0</ele>
                <name>Position 69</name>
            </trkpt>
            <trkpt lat="49.692092" lon="7.15128">
                <ele>555.0</ele>
                <name>Position 70</name>
            </trkpt>
            <trkpt lat="49.691884" lon="7.150939">
                <ele>554.0</ele>
                <name>Position 71</name>
            </trkpt>
            <trkpt lat="49.691716" lon="7.150604">
                <ele>553.0</ele>
                <name>Position 72</name>
            </trkpt>
            <trkpt lat="49.691508" lon="7.150254">
                <ele>550.0</ele>
                <name>Position 73</name>
            </trkpt>
            <trkpt lat="49.691299" lon="7.149903">
                <ele>548.0</ele>
                <name>Position 74</name>
            </trkpt>
            <trkpt lat="49.691212" lon="7.14969">
                <ele>547.0</ele>
                <name>Position 75</name>
            </trkpt>
            <trkpt lat="49.691064" lon="7.149376">
                <ele>544.0</ele>
                <name>Position 76</name>
            </trkpt>
            <trkpt lat="49.69082" lon="7.14893">
                <ele>540.0</ele>
                <name>Position 77</name>
            </trkpt>
            <trkpt lat="49.690556" lon="7.148419">
                <ele>534.0</ele>
                <name>Position 78</name>
            </trkpt>
            <trkpt lat="49.690515" lon="7.14831">
                <ele>534.0</ele>
                <name>Position 79</name>
            </trkpt>
            <trkpt lat="49.690512" lon="7.148304">
                <ele>534.0</ele>
                <name>Position 80</name>
            </trkpt>
            <trkpt lat="49.690512" lon="7.148304">
                <ele>534.0</ele>
                <name>Position 81</name>
            </trkpt>
            <trkpt lat="49.690359" lon="7.147906">
                <ele>532.0</ele>
                <name>Position 82</name>
            </trkpt>
            <trkpt lat="49.690182" lon="7.147523">
                <ele>529.0</ele>
                <name>Position 83</name>
            </trkpt>
            <trkpt lat="49.690004" lon="7.14714">
                <ele>526.0</ele>
                <name>Position 84</name>
            </trkpt>
            <trkpt lat="49.689887" lon="7.146815">
                <ele>525.0</ele>
                <name>Position 85</name>
            </trkpt>
            <trkpt lat="49.689769" lon="7.146491">
                <ele>522.0</ele>
                <name>Position 86</name>
            </trkpt>
            <trkpt lat="49.689633" lon="7.14592">
                <ele>521.0</ele>
                <name>Position 87</name>
            </trkpt>
            <trkpt lat="49.689496" lon="7.145348">
                <ele>519.0</ele>
                <name>Position 88</name>
            </trkpt>
            <trkpt lat="49.689489" lon="7.145321">
                <ele>519.0</ele>
                <name>Position 89</name>
            </trkpt>
            <trkpt lat="49.689416" lon="7.14547">
                <ele>516.0</ele>
                <name>Position 90</name>
            </trkpt>
            <trkpt lat="49.689381" lon="7.145534">
                <ele>515.0</ele>
                <name>Position 91</name>
            </trkpt>
            <trkpt lat="49.689294" lon="7.145665">
                <ele>511.0</ele>
                <name>Position 92</name>
            </trkpt>
            <trkpt lat="49.689371" lon="7.14573">
                <ele>514.0</ele>
                <name>Position 93</name>
            </trkpt>
            <trkpt lat="49.689428" lon="7.145883">
                <ele>515.0</ele>
                <name>Position 94</name>
            </trkpt>
            <trkpt lat="49.68954" lon="7.146515">
                <ele>514.0</ele>
                <name>Position 95</name>
            </trkpt>
            <trkpt lat="49.689653" lon="7.147147">
                <ele>515.0</ele>
                <name>Position 96</name>
            </trkpt>
            <trkpt lat="49.689766" lon="7.14778">
                <ele>515.0</ele>
                <name>Position 97</name>
            </trkpt>
            <trkpt lat="49.689791" lon="7.148024">
                <ele>514.0</ele>
                <name>Position 98</name>
            </trkpt>
            <trkpt lat="49.689792" lon="7.148033">
                <ele>514.0</ele>
                <name>Position 99</name>
            </trkpt>
            <trkpt lat="49.689792" lon="7.148033">
                <ele>514.0</ele>
                <name>Position 100</name>
            </trkpt>
            <trkpt lat="49.689791" lon="7.148024">
                <ele>514.0</ele>
                <name>Position 101</name>
            </trkpt>
            <trkpt lat="49.689766" lon="7.14778">
                <ele>515.0</ele>
                <name>Position 102</name>
            </trkpt>
            <trkpt lat="49.689653" lon="7.147147">
                <ele>515.0</ele>
                <name>Position 103</name>
            </trkpt>
            <trkpt lat="49.68954" lon="7.146515">
                <ele>514.0</ele>
                <name>Position 104</name>
            </trkpt>
            <trkpt lat="49.689428" lon="7.145883">
                <ele>515.0</ele>
                <name>Position 105</name>
            </trkpt>
            <trkpt lat="49.689371" lon="7.14573">
                <ele>514.0</ele>
                <name>Position 106</name>
            </trkpt>
            <trkpt lat="49.689294" lon="7.145665">
                <ele>511.0</ele>
                <name>Position 107</name>
            </trkpt>
            <trkpt lat="49.689381" lon="7.145534">
                <ele>515.0</ele>
                <name>Position 108</name>
            </trkpt>
            <trkpt lat="49.689416" lon="7.14547">
                <ele>516.0</ele>
                <name>Position 109</name>
            </trkpt>
            <trkpt lat="49.689366" lon="7.145434">
                <ele>514.0</ele>
                <name>Position 110</name>
            </trkpt>
            <trkpt lat="49.689307" lon="7.145389">
                <ele>513.0</ele>
                <name>Position 111</name>
            </trkpt>
            <trkpt lat="49.689104" lon="7.145333">
                <ele>507.0</ele>
                <name>Position 112</name>
            </trkpt>
            <trkpt lat="49.689039" lon="7.145281">
                <ele>506.0</ele>
                <name>Position 113</name>
            </trkpt>
            <trkpt lat="49.688983" lon="7.145169">
                <ele>505.0</ele>
                <name>Position 114</name>
            </trkpt>
            <trkpt lat="49.688851" lon="7.144844">
                <ele>503.0</ele>
                <name>Position 115</name>
            </trkpt>
            <trkpt lat="49.688775" lon="7.144592">
                <ele>501.0</ele>
                <name>Position 116</name>
            </trkpt>
            <trkpt lat="49.688775" lon="7.144592">
                <ele>501.0</ele>
                <name>Position 117</name>
            </trkpt>
            <trkpt lat="49.688851" lon="7.144844">
                <ele>503.0</ele>
                <name>Position 118</name>
            </trkpt>
            <trkpt lat="49.688983" lon="7.145169">
                <ele>505.0</ele>
                <name>Position 119</name>
            </trkpt>
            <trkpt lat="49.689039" lon="7.145281">
                <ele>506.0</ele>
                <name>Position 120</name>
            </trkpt>
            <trkpt lat="49.689104" lon="7.145333">
                <ele>507.0</ele>
                <name>Position 121</name>
            </trkpt>
            <trkpt lat="49.689307" lon="7.145389">
                <ele>513.0</ele>
                <name>Position 122</name>
            </trkpt>
            <trkpt lat="49.689366" lon="7.145434">
                <ele>514.0</ele>
                <name>Position 123</name>
            </trkpt>
            <trkpt lat="49.689416" lon="7.14547">
                <ele>516.0</ele>
                <name>Position 124</name>
            </trkpt>
            <trkpt lat="49.689381" lon="7.145534">
                <ele>515.0</ele>
                <name>Position 125</name>
            </trkpt>
            <trkpt lat="49.689294" lon="7.145665">
                <ele>511.0</ele>
                <name>Position 126</name>
            </trkpt>
            <trkpt lat="49.689214" lon="7.145637">
                <ele>509.0</ele>
                <name>Position 127</name>
            </trkpt>
            <trkpt lat="49.689102" lon="7.145766">
                <ele>505.0</ele>
                <name>Position 128</name>
            </trkpt>
            <trkpt lat="49.689074" lon="7.14592">
                <ele>503.0</ele>
                <name>Position 129</name>
            </trkpt>
            <trkpt lat="49.689033" lon="7.146448">
                <ele>499.0</ele>
                <name>Position 130</name>
            </trkpt>
            <trkpt lat="49.689018" lon="7.146782">
                <ele>496.0</ele>
                <name>Position 131</name>
            </trkpt>
            <trkpt lat="49.688966" lon="7.146862">
                <ele>495.0</ele>
                <name>Position 132</name>
            </trkpt>
            <trkpt lat="49.688893" lon="7.146885">
                <ele>493.0</ele>
                <name>Position 133</name>
            </trkpt>
            <trkpt lat="49.688743" lon="7.146639">
                <ele>490.0</ele>
                <name>Position 134</name>
            </trkpt>
            <trkpt lat="49.688651" lon="7.146434">
                <ele>488.0</ele>
                <name>Position 135</name>
            </trkpt>
            <trkpt lat="49.68849" lon="7.146047">
                <ele>487.0</ele>
                <name>Position 136</name>
            </trkpt>
            <trkpt lat="49.68834" lon="7.145743">
                <ele>484.0</ele>
                <name>Position 137</name>
            </trkpt>
            <trkpt lat="49.688257" lon="7.14551">
                <ele>485.0</ele>
                <name>Position 138</name>
            </trkpt>
            <trkpt lat="49.688181" lon="7.145343">
                <ele>485.0</ele>
                <name>Position 139</name>
            </trkpt>
            <trkpt lat="49.688136" lon="7.14533">
                <ele>484.0</ele>
                <name>Position 140</name>
            </trkpt>
            <trkpt lat="49.688136" lon="7.14533">
                <ele>484.0</ele>
                <name>Position 141</name>
            </trkpt>
            <trkpt lat="49.687828" lon="7.144253">
                <ele>484.0</ele>
                <name>Position 142</name>
            </trkpt>
            <trkpt lat="49.687828" lon="7.144253">
                <ele>484.0</ele>
                <name>Position 143</name>
            </trkpt>
            <trkpt lat="49.687807" lon="7.144259">
                <ele>484.0</ele>
                <name>Position 144</name>
            </trkpt>
            <trkpt lat="49.687662" lon="7.144269">
                <ele>481.0</ele>
                <name>Position 145</name>
            </trkpt>
            <trkpt lat="49.68747" lon="7.144244">
                <ele>478.0</ele>
                <name>Position 146</name>
            </trkpt>
            <trkpt lat="49.687299" lon="7.143977">
                <ele>476.0</ele>
                <name>Position 147</name>
            </trkpt>
            <trkpt lat="49.68722" lon="7.143922">
                <ele>476.0</ele>
                <name>Position 148</name>
            </trkpt>
            <trkpt lat="49.687147" lon="7.1439">
                <ele>475.0</ele>
                <name>Position 149</name>
            </trkpt>
            <trkpt lat="49.687147" lon="7.1439">
                <ele>475.0</ele>
                <name>Position 150</name>
            </trkpt>
            <trkpt lat="49.686959" lon="7.144209">
                <ele>472.0</ele>
                <name>Position 151</name>
            </trkpt>
            <trkpt lat="49.686771" lon="7.144518">
                <ele>468.0</ele>
                <name>Position 152</name>
            </trkpt>
            <trkpt lat="49.686767" lon="7.14428">
                <ele>469.0</ele>
                <name>Position 153</name>
            </trkpt>
            <trkpt lat="49.686834" lon="7.144013">
                <ele>471.0</ele>
                <name>Position 154</name>
            </trkpt>
            <trkpt lat="49.686916" lon="7.143793">
                <ele>473.0</ele>
                <name>Position 155</name>
            </trkpt>
            <trkpt lat="49.68697" lon="7.143651">
                <ele>474.0</ele>
                <name>Position 156</name>
            </trkpt>
            <trkpt lat="49.68697" lon="7.143651">
                <ele>474.0</ele>
                <name>Position 157</name>
            </trkpt>
            <trkpt lat="49.686916" lon="7.143793">
                <ele>473.0</ele>
                <name>Position 158</name>
            </trkpt>
            <trkpt lat="49.686834" lon="7.144013">
                <ele>471.0</ele>
                <name>Position 159</name>
            </trkpt>
            <trkpt lat="49.686767" lon="7.14428">
                <ele>469.0</ele>
                <name>Position 160</name>
            </trkpt>
            <trkpt lat="49.686771" lon="7.144518">
                <ele>468.0</ele>
                <name>Position 161</name>
            </trkpt>
            <trkpt lat="49.686704" lon="7.14459">
                <ele>467.0</ele>
                <name>Position 162</name>
            </trkpt>
            <trkpt lat="49.686697" lon="7.14468">
                <ele>467.0</ele>
                <name>Position 163</name>
            </trkpt>
            <trkpt lat="49.686676" lon="7.145181">
                <ele>464.0</ele>
                <name>Position 164</name>
            </trkpt>
            <trkpt lat="49.686648" lon="7.145193">
                <ele>464.0</ele>
                <name>Position 165</name>
            </trkpt>
            <trkpt lat="49.686568" lon="7.145144">
                <ele>465.0</ele>
                <name>Position 166</name>
            </trkpt>
            <trkpt lat="49.686462" lon="7.145107">
                <ele>467.0</ele>
                <name>Position 167</name>
            </trkpt>
            <trkpt lat="49.686393" lon="7.14511">
                <ele>467.0</ele>
                <name>Position 168</name>
            </trkpt>
            <trkpt lat="49.686337" lon="7.145143">
                <ele>467.0</ele>
                <name>Position 169</name>
            </trkpt>
            <trkpt lat="49.686241" lon="7.145287">
                <ele>467.0</ele>
                <name>Position 170</name>
            </trkpt>
            <trkpt lat="49.686223" lon="7.14541">
                <ele>466.0</ele>
                <name>Position 171</name>
            </trkpt>
            <trkpt lat="49.686168" lon="7.145589">
                <ele>465.0</ele>
                <name>Position 172</name>
            </trkpt>
            <trkpt lat="49.686038" lon="7.145822">
                <ele>464.0</ele>
                <name>Position 173</name>
            </trkpt>
            <trkpt lat="49.686018" lon="7.145839">
                <ele>465.0</ele>
                <name>Position 174</name>
            </trkpt>
            <trkpt lat="49.68599" lon="7.145856">
                <ele>465.0</ele>
                <name>Position 175</name>
            </trkpt>
            <trkpt lat="49.685943" lon="7.145884">
                <ele>465.0</ele>
                <name>Position 176</name>
            </trkpt>
            <trkpt lat="49.685917" lon="7.145961">
                <ele>464.0</ele>
                <name>Position 177</name>
            </trkpt>
            <trkpt lat="49.685903" lon="7.146141">
                <ele>463.0</ele>
                <name>Position 178</name>
            </trkpt>
            <trkpt lat="49.685892" lon="7.146222">
                <ele>462.0</ele>
                <name>Position 179</name>
            </trkpt>
            <trkpt lat="49.685832" lon="7.146422">
                <ele>460.0</ele>
                <name>Position 180</name>
            </trkpt>
            <trkpt lat="49.685795" lon="7.146477">
                <ele>460.0</ele>
                <name>Position 181</name>
            </trkpt>
            <trkpt lat="49.685668" lon="7.146641">
                <ele>461.0</ele>
                <name>Position 182</name>
            </trkpt>
            <trkpt lat="49.685647" lon="7.146787">
                <ele>461.0</ele>
                <name>Position 183</name>
            </trkpt>
            <trkpt lat="49.685636" lon="7.147091">
                <ele>460.0</ele>
                <name>Position 184</name>
            </trkpt>
            <trkpt lat="49.685642" lon="7.14758">
                <ele>459.0</ele>
                <name>Position 185</name>
            </trkpt>
            <trkpt lat="49.685644" lon="7.147668">
                <ele>459.0</ele>
                <name>Position 186</name>
            </trkpt>
            <trkpt lat="49.685624" lon="7.147649">
                <ele>460.0</ele>
                <name>Position 187</name>
            </trkpt>
            <trkpt lat="49.685592" lon="7.147599">
                <ele>460.0</ele>
                <name>Position 188</name>
            </trkpt>
            <trkpt lat="49.685524" lon="7.147295">
                <ele>462.0</ele>
                <name>Position 189</name>
            </trkpt>
            <trkpt lat="49.685513" lon="7.147209">
                <ele>463.0</ele>
                <name>Position 190</name>
            </trkpt>
            <trkpt lat="49.685518" lon="7.147133">
                <ele>463.0</ele>
                <name>Position 191</name>
            </trkpt>
            <trkpt lat="49.685506" lon="7.147076">
                <ele>463.0</ele>
                <name>Position 192</name>
            </trkpt>
            <trkpt lat="49.68547" lon="7.146969">
                <ele>464.0</ele>
                <name>Position 193</name>
            </trkpt>
            <trkpt lat="49.685373" lon="7.146782">
                <ele>466.0</ele>
                <name>Position 194</name>
            </trkpt>
            <trkpt lat="49.685151" lon="7.146434">
                <ele>471.0</ele>
                <name>Position 195</name>
            </trkpt>
            <trkpt lat="49.685155" lon="7.146281">
                <ele>472.0</ele>
                <name>Position 196</name>
            </trkpt>
            <trkpt lat="49.685176" lon="7.146093">
                <ele>473.0</ele>
                <name>Position 197</name>
            </trkpt>
            <trkpt lat="49.685176" lon="7.146065">
                <ele>474.0</ele>
                <name>Position 198</name>
            </trkpt>
            <trkpt lat="49.685176" lon="7.146065">
                <ele>474.0</ele>
                <name>Position 199</name>
            </trkpt>
            <trkpt lat="49.685176" lon="7.146093">
                <ele>473.0</ele>
                <name>Position 200</name>
            </trkpt>
            <trkpt lat="49.685155" lon="7.146281">
                <ele>472.0</ele>
                <name>Position 201</name>
            </trkpt>
            <trkpt lat="49.685154" lon="7.146315">
                <ele>472.0</ele>
                <name>Position 202</name>
            </trkpt>
            <trkpt lat="49.685154" lon="7.146315">
                <ele>472.0</ele>
                <name>Position 203</name>
            </trkpt>
            <trkpt lat="49.685151" lon="7.146434">
                <ele>471.0</ele>
                <name>Position 204</name>
            </trkpt>
            <trkpt lat="49.68508" lon="7.146325">
                <ele>473.0</ele>
                <name>Position 205</name>
            </trkpt>
            <trkpt lat="49.685039" lon="7.146268">
                <ele>474.0</ele>
                <name>Position 206</name>
            </trkpt>
            <trkpt lat="49.68498" lon="7.146227">
                <ele>475.0</ele>
                <name>Position 207</name>
            </trkpt>
            <trkpt lat="49.68491" lon="7.146203">
                <ele>476.0</ele>
                <name>Position 208</name>
            </trkpt>
            <trkpt lat="49.684868" lon="7.146218">
                <ele>477.0</ele>
                <name>Position 209</name>
            </trkpt>
            <trkpt lat="49.684835" lon="7.146193">
                <ele>477.0</ele>
                <name>Position 210</name>
            </trkpt>
            <trkpt lat="49.68476" lon="7.14607">
                <ele>479.0</ele>
                <name>Position 211</name>
            </trkpt>
            <trkpt lat="49.684736" lon="7.145969">
                <ele>480.0</ele>
                <name>Position 212</name>
            </trkpt>
            <trkpt lat="49.684734" lon="7.145934">
                <ele>480.0</ele>
                <name>Position 213</name>
            </trkpt>
            <trkpt lat="49.684703" lon="7.145842">
                <ele>481.0</ele>
                <name>Position 214</name>
            </trkpt>
            <trkpt lat="49.684281" lon="7.14567">
                <ele>486.0</ele>
                <name>Position 215</name>
            </trkpt>
            <trkpt lat="49.683984" lon="7.14555">
                <ele>490.0</ele>
                <name>Position 216</name>
            </trkpt>
            <trkpt lat="49.683984" lon="7.14555">
                <ele>490.0</ele>
                <name>Position 217</name>
            </trkpt>
            <trkpt lat="49.68386" lon="7.145499">
                <ele>492.0</ele>
                <name>Position 218</name>
            </trkpt>
            <trkpt lat="49.68381" lon="7.145438">
                <ele>493.0</ele>
                <name>Position 219</name>
            </trkpt>
            <trkpt lat="49.683721" lon="7.145546">
                <ele>493.0</ele>
                <name>Position 220</name>
            </trkpt>
            <trkpt lat="49.683502" lon="7.145716">
                <ele>494.0</ele>
                <name>Position 221</name>
            </trkpt>
            <trkpt lat="49.683282" lon="7.145887">
                <ele>495.0</ele>
                <name>Position 222</name>
            </trkpt>
            <trkpt lat="49.683164" lon="7.145435">
                <ele>498.0</ele>
                <name>Position 223</name>
            </trkpt>
            <trkpt lat="49.683045" lon="7.144984">
                <ele>501.0</ele>
                <name>Position 224</name>
            </trkpt>
            <trkpt lat="49.682927" lon="7.144532">
                <ele>503.0</ele>
                <name>Position 225</name>
            </trkpt>
            <trkpt lat="49.682857" lon="7.144237">
                <ele>505.0</ele>
                <name>Position 226</name>
            </trkpt>
            <trkpt lat="49.682717" lon="7.14401">
                <ele>506.0</ele>
                <name>Position 227</name>
            </trkpt>
            <trkpt lat="49.68249" lon="7.143791">
                <ele>508.0</ele>
                <name>Position 228</name>
            </trkpt>
            <trkpt lat="49.68249" lon="7.143791">
                <ele>508.0</ele>
                <name>Position 229</name>
            </trkpt>
            <trkpt lat="49.682717" lon="7.14401">
                <ele>506.0</ele>
                <name>Position 230</name>
            </trkpt>
            <trkpt lat="49.682857" lon="7.144237">
                <ele>505.0</ele>
                <name>Position 231</name>
            </trkpt>
            <trkpt lat="49.682927" lon="7.144532">
                <ele>503.0</ele>
                <name>Position 232</name>
            </trkpt>
            <trkpt lat="49.683045" lon="7.144984">
                <ele>501.0</ele>
                <name>Position 233</name>
            </trkpt>
            <trkpt lat="49.683164" lon="7.145435">
                <ele>498.0</ele>
                <name>Position 234</name>
            </trkpt>
            <trkpt lat="49.683282" lon="7.145887">
                <ele>495.0</ele>
                <name>Position 235</name>
            </trkpt>
            <trkpt lat="49.683502" lon="7.145716">
                <ele>494.0</ele>
                <name>Position 236</name>
            </trkpt>
            <trkpt lat="49.683721" lon="7.145546">
                <ele>493.0</ele>
                <name>Position 237</name>
            </trkpt>
            <trkpt lat="49.68381" lon="7.145438">
                <ele>493.0</ele>
                <name>Position 238</name>
            </trkpt>
            <trkpt lat="49.684037" lon="7.145225">
                <ele>491.0</ele>
                <name>Position 239</name>
            </trkpt>
            <trkpt lat="49.684323" lon="7.145029">
                <ele>490.0</ele>
                <name>Position 240</name>
            </trkpt>
            <trkpt lat="49.684383" lon="7.145025">
                <ele>489.0</ele>
                <name>Position 241</name>
            </trkpt>
            <trkpt lat="49.684486" lon="7.14497">
                <ele>488.0</ele>
                <name>Position 242</name>
            </trkpt>
            <trkpt lat="49.684623" lon="7.144878">
                <ele>487.0</ele>
                <name>Position 243</name>
            </trkpt>
            <trkpt lat="49.684354" lon="7.144562">
                <ele>492.0</ele>
                <name>Position 244</name>
            </trkpt>
            <trkpt lat="49.684231" lon="7.144305">
                <ele>496.0</ele>
                <name>Position 245</name>
            </trkpt>
            <trkpt lat="49.684231" lon="7.144305">
                <ele>496.0</ele>
                <name>Position 246</name>
            </trkpt>
            <trkpt lat="49.684167" lon="7.144173">
                <ele>498.0</ele>
                <name>Position 247</name>
            </trkpt>
            <trkpt lat="49.68398" lon="7.143783">
                <ele>501.0</ele>
                <name>Position 248</name>
            </trkpt>
            <trkpt lat="49.683844" lon="7.143575">
                <ele>503.0</ele>
                <name>Position 249</name>
            </trkpt>
            <trkpt lat="49.683844" lon="7.143575">
                <ele>503.0</ele>
                <name>Position 250</name>
            </trkpt>
            <trkpt lat="49.68398" lon="7.143783">
                <ele>501.0</ele>
                <name>Position 251</name>
            </trkpt>
            <trkpt lat="49.684105" lon="7.144044">
                <ele>499.0</ele>
                <name>Position 252</name>
            </trkpt>
            <trkpt lat="49.684105" lon="7.144044">
                <ele>499.0</ele>
                <name>Position 253</name>
            </trkpt>
            <trkpt lat="49.684667" lon="7.14348">
                <ele>500.0</ele>
                <name>Position 254</name>
            </trkpt>
            <trkpt lat="49.684667" lon="7.14348">
                <ele>500.0</ele>
                <name>Position 255</name>
            </trkpt>
            <trkpt lat="49.684451" lon="7.143188">
                <ele>503.0</ele>
                <name>Position 256</name>
            </trkpt>
            <trkpt lat="49.684451" lon="7.143188">
                <ele>503.0</ele>
                <name>Position 257</name>
            </trkpt>
            <trkpt lat="49.684698" lon="7.142309">
                <ele>504.0</ele>
                <name>Position 258</name>
            </trkpt>
            <trkpt lat="49.684698" lon="7.142309">
                <ele>504.0</ele>
                <name>Position 259</name>
            </trkpt>
            <trkpt lat="49.684808" lon="7.142359">
                <ele>504.0</ele>
                <name>Position 260</name>
            </trkpt>
            <trkpt lat="49.684879" lon="7.142358">
                <ele>503.0</ele>
                <name>Position 261</name>
            </trkpt>
            <trkpt lat="49.684879" lon="7.142358">
                <ele>503.0</ele>
                <name>Position 262</name>
            </trkpt>
            <trkpt lat="49.685097" lon="7.143415">
                <ele>498.0</ele>
                <name>Position 263</name>
            </trkpt>
            <trkpt lat="49.685097" lon="7.143415">
                <ele>498.0</ele>
                <name>Position 264</name>
            </trkpt>
            <trkpt lat="49.685459" lon="7.144298">
                <ele>483.0</ele>
                <name>Position 265</name>
            </trkpt>
            <trkpt lat="49.685459" lon="7.144298">
                <ele>483.0</ele>
                <name>Position 266</name>
            </trkpt>
            <trkpt lat="49.685678" lon="7.144129">
                <ele>482.0</ele>
                <name>Position 267</name>
            </trkpt>
            <trkpt lat="49.68604" lon="7.143851">
                <ele>481.0</ele>
                <name>Position 268</name>
            </trkpt>
            <trkpt lat="49.68604" lon="7.143851">
                <ele>481.0</ele>
                <name>Position 269</name>
            </trkpt>
            <trkpt lat="49.685926" lon="7.143939">
                <ele>482.0</ele>
                <name>Position 270</name>
            </trkpt>
            <trkpt lat="49.685926" lon="7.143939">
                <ele>482.0</ele>
                <name>Position 271</name>
            </trkpt>
            <trkpt lat="49.686025" lon="7.143862">
                <ele>481.0</ele>
                <name>Position 272</name>
            </trkpt>
            <trkpt lat="49.686025" lon="7.143862">
                <ele>481.0</ele>
                <name>Position 273</name>
            </trkpt>
            <trkpt lat="49.685813" lon="7.144025">
                <ele>483.0</ele>
                <name>Position 274</name>
            </trkpt>
            <trkpt lat="49.685813" lon="7.144025">
                <ele>483.0</ele>
                <name>Position 275</name>
            </trkpt>
            <trkpt lat="49.685837" lon="7.14296">
                <ele>496.0</ele>
                <name>Position 276</name>
            </trkpt>
            <trkpt lat="49.685837" lon="7.14296">
                <ele>496.0</ele>
                <name>Position 277</name>
            </trkpt>
            <trkpt lat="49.685616" lon="7.143127">
                <ele>496.0</ele>
                <name>Position 278</name>
            </trkpt>
            <trkpt lat="49.685616" lon="7.143127">
                <ele>496.0</ele>
                <name>Position 279</name>
            </trkpt>
            <trkpt lat="49.68531" lon="7.142218">
                <ele>501.0</ele>
                <name>Position 280</name>
            </trkpt>
            <trkpt lat="49.68531" lon="7.142218">
                <ele>501.0</ele>
                <name>Position 281</name>
            </trkpt>
            <trkpt lat="49.685323" lon="7.142211">
                <ele>501.0</ele>
                <name>Position 282</name>
            </trkpt>
            <trkpt lat="49.685539" lon="7.142074">
                <ele>501.0</ele>
                <name>Position 283</name>
            </trkpt>
            <trkpt lat="49.685699" lon="7.141973">
                <ele>501.0</ele>
                <name>Position 284</name>
            </trkpt>
            <trkpt lat="49.685699" lon="7.141973">
                <ele>501.0</ele>
                <name>Position 285</name>
            </trkpt>
            <trkpt lat="49.686492" lon="7.142897">
                <ele>482.0</ele>
                <name>Position 286</name>
            </trkpt>
            <trkpt lat="49.686492" lon="7.142897">
                <ele>482.0</ele>
                <name>Position 287</name>
            </trkpt>
            <trkpt lat="49.68647" lon="7.142985">
                <ele>481.0</ele>
                <name>Position 288</name>
            </trkpt>
            <trkpt lat="49.686457" lon="7.143178">
                <ele>479.0</ele>
                <name>Position 289</name>
            </trkpt>
            <trkpt lat="49.686485" lon="7.143373">
                <ele>476.0</ele>
                <name>Position 290</name>
            </trkpt>
            <trkpt lat="49.686481" lon="7.143447">
                <ele>476.0</ele>
                <name>Position 291</name>
            </trkpt>
            <trkpt lat="49.686455" lon="7.143507">
                <ele>476.0</ele>
                <name>Position 292</name>
            </trkpt>
            <trkpt lat="49.686409" lon="7.143567">
                <ele>476.0</ele>
                <name>Position 293</name>
            </trkpt>
            <trkpt lat="49.686092" lon="7.143811">
                <ele>481.0</ele>
                <name>Position 294</name>
            </trkpt>
            <trkpt lat="49.686092" lon="7.143811">
                <ele>481.0</ele>
                <name>Position 295</name>
            </trkpt>
            <trkpt lat="49.686409" lon="7.143567">
                <ele>476.0</ele>
                <name>Position 296</name>
            </trkpt>
            <trkpt lat="49.686455" lon="7.143507">
                <ele>476.0</ele>
                <name>Position 297</name>
            </trkpt>
            <trkpt lat="49.686481" lon="7.143447">
                <ele>476.0</ele>
                <name>Position 298</name>
            </trkpt>
            <trkpt lat="49.686485" lon="7.143373">
                <ele>476.0</ele>
                <name>Position 299</name>
            </trkpt>
            <trkpt lat="49.686457" lon="7.143178">
                <ele>479.0</ele>
                <name>Position 300</name>
            </trkpt>
            <trkpt lat="49.68647" lon="7.142985">
                <ele>481.0</ele>
                <name>Position 301</name>
            </trkpt>
            <trkpt lat="49.686561" lon="7.142609">
                <ele>484.0</ele>
                <name>Position 302</name>
            </trkpt>
            <trkpt lat="49.686652" lon="7.142233">
                <ele>487.0</ele>
                <name>Position 303</name>
            </trkpt>
            <trkpt lat="49.686683" lon="7.142212">
                <ele>487.0</ele>
                <name>Position 304</name>
            </trkpt>
            <trkpt lat="49.686722" lon="7.142224">
                <ele>486.0</ele>
                <name>Position 305</name>
            </trkpt>
            <trkpt lat="49.686766" lon="7.142252">
                <ele>486.0</ele>
                <name>Position 306</name>
            </trkpt>
            <trkpt lat="49.686812" lon="7.142281">
                <ele>485.0</ele>
                <name>Position 307</name>
            </trkpt>
            <trkpt lat="49.686858" lon="7.142306">
                <ele>485.0</ele>
                <name>Position 308</name>
            </trkpt>
            <trkpt lat="49.686925" lon="7.142292">
                <ele>484.0</ele>
                <name>Position 309</name>
            </trkpt>
            <trkpt lat="49.687044" lon="7.142258">
                <ele>484.0</ele>
                <name>Position 310</name>
            </trkpt>
            <trkpt lat="49.687037" lon="7.14231">
                <ele>483.0</ele>
                <name>Position 311</name>
            </trkpt>
            <trkpt lat="49.68706" lon="7.142482">
                <ele>482.0</ele>
                <name>Position 312</name>
            </trkpt>
            <trkpt lat="49.687094" lon="7.142602">
                <ele>481.0</ele>
                <name>Position 313</name>
            </trkpt>
            <trkpt lat="49.687149" lon="7.142681">
                <ele>481.0</ele>
                <name>Position 314</name>
            </trkpt>
            <trkpt lat="49.687289" lon="7.142818">
                <ele>480.0</ele>
                <name>Position 315</name>
            </trkpt>
            <trkpt lat="49.687228" lon="7.142979">
                <ele>479.0</ele>
                <name>Position 316</name>
            </trkpt>
            <trkpt lat="49.687106" lon="7.143297">
                <ele>476.0</ele>
                <name>Position 317</name>
            </trkpt>
            <trkpt lat="49.686984" lon="7.143615">
                <ele>474.0</ele>
                <name>Position 318</name>
            </trkpt>
            <trkpt lat="49.686916" lon="7.143793">
                <ele>473.0</ele>
                <name>Position 319</name>
            </trkpt>
            <trkpt lat="49.686834" lon="7.144013">
                <ele>471.0</ele>
                <name>Position 320</name>
            </trkpt>
            <trkpt lat="49.686767" lon="7.14428">
                <ele>469.0</ele>
                <name>Position 321</name>
            </trkpt>
            <trkpt lat="49.686771" lon="7.144518">
                <ele>468.0</ele>
                <name>Position 322</name>
            </trkpt>
            <trkpt lat="49.686959" lon="7.144209">
                <ele>472.0</ele>
                <name>Position 323</name>
            </trkpt>
            <trkpt lat="49.687049" lon="7.144061">
                <ele>473.0</ele>
                <name>Position 324</name>
            </trkpt>
            <trkpt lat="49.687049" lon="7.144061">
                <ele>473.0</ele>
                <name>Position 325</name>
            </trkpt>
            <trkpt lat="49.687147" lon="7.1439">
                <ele>475.0</ele>
                <name>Position 326</name>
            </trkpt>
            <trkpt lat="49.687299" lon="7.143874">
                <ele>477.0</ele>
                <name>Position 327</name>
            </trkpt>
            <trkpt lat="49.687435" lon="7.143834">
                <ele>478.0</ele>
                <name>Position 328</name>
            </trkpt>
            <trkpt lat="49.687549" lon="7.143717">
                <ele>480.0</ele>
                <name>Position 329</name>
            </trkpt>
            <trkpt lat="49.687584" lon="7.143657">
                <ele>480.0</ele>
                <name>Position 330</name>
            </trkpt>
            <trkpt lat="49.687584" lon="7.143657">
                <ele>480.0</ele>
                <name>Position 331</name>
            </trkpt>
            <trkpt lat="49.687623" lon="7.143593">
                <ele>481.0</ele>
                <name>Position 332</name>
            </trkpt>
            <trkpt lat="49.687666" lon="7.143478">
                <ele>482.0</ele>
                <name>Position 333</name>
            </trkpt>
            <trkpt lat="49.687684" lon="7.143377">
                <ele>482.0</ele>
                <name>Position 334</name>
            </trkpt>
            <trkpt lat="49.687739" lon="7.143216">
                <ele>483.0</ele>
                <name>Position 335</name>
            </trkpt>
            <trkpt lat="49.687787" lon="7.143152">
                <ele>484.0</ele>
                <name>Position 336</name>
            </trkpt>
            <trkpt lat="49.68785" lon="7.143135">
                <ele>485.0</ele>
                <name>Position 337</name>
            </trkpt>
            <trkpt lat="49.687925" lon="7.143098">
                <ele>486.0</ele>
                <name>Position 338</name>
            </trkpt>
            <trkpt lat="49.687987" lon="7.14303">
                <ele>486.0</ele>
                <name>Position 339</name>
            </trkpt>
            <trkpt lat="49.688341" lon="7.143306">
                <ele>492.0</ele>
                <name>Position 340</name>
            </trkpt>
            <trkpt lat="49.688411" lon="7.143409">
                <ele>493.0</ele>
                <name>Position 341</name>
            </trkpt>
            <trkpt lat="49.688538" lon="7.143491">
                <ele>495.0</ele>
                <name>Position 342</name>
            </trkpt>
            <trkpt lat="49.688738" lon="7.143102">
                <ele>497.0</ele>
                <name>Position 343</name>
            </trkpt>
            <trkpt lat="49.688917" lon="7.142802">
                <ele>498.0</ele>
                <name>Position 344</name>
            </trkpt>
            <trkpt lat="49.688947" lon="7.142756">
                <ele>498.0</ele>
                <name>Position 345</name>
            </trkpt>
            <trkpt lat="49.688947" lon="7.142756">
                <ele>498.0</ele>
                <name>Position 346</name>
            </trkpt>
            <trkpt lat="49.688917" lon="7.142802">
                <ele>498.0</ele>
                <name>Position 347</name>
            </trkpt>
            <trkpt lat="49.688738" lon="7.143102">
                <ele>497.0</ele>
                <name>Position 348</name>
            </trkpt>
            <trkpt lat="49.688538" lon="7.143491">
                <ele>495.0</ele>
                <name>Position 349</name>
            </trkpt>
            <trkpt lat="49.688411" lon="7.143409">
                <ele>493.0</ele>
                <name>Position 350</name>
            </trkpt>
            <trkpt lat="49.688341" lon="7.143306">
                <ele>492.0</ele>
                <name>Position 351</name>
            </trkpt>
            <trkpt lat="49.687987" lon="7.14303">
                <ele>486.0</ele>
                <name>Position 352</name>
            </trkpt>
            <trkpt lat="49.687967" lon="7.142911">
                <ele>486.0</ele>
                <name>Position 353</name>
            </trkpt>
            <trkpt lat="49.687941" lon="7.142661">
                <ele>485.0</ele>
                <name>Position 354</name>
            </trkpt>
            <trkpt lat="49.687966" lon="7.142502">
                <ele>486.0</ele>
                <name>Position 355</name>
            </trkpt>
            <trkpt lat="49.688036" lon="7.142343">
                <ele>486.0</ele>
                <name>Position 356</name>
            </trkpt>
            <trkpt lat="49.688017" lon="7.142223">
                <ele>485.0</ele>
                <name>Position 357</name>
            </trkpt>
            <trkpt lat="49.687982" lon="7.142033">
                <ele>484.0</ele>
                <name>Position 358</name>
            </trkpt>
            <trkpt lat="49.687908" lon="7.141753">
                <ele>483.0</ele>
                <name>Position 359</name>
            </trkpt>
            <trkpt lat="49.687861" lon="7.141658">
                <ele>482.0</ele>
                <name>Position 360</name>
            </trkpt>
            <trkpt lat="49.687745" lon="7.141654">
                <ele>482.0</ele>
                <name>Position 361</name>
            </trkpt>
            <trkpt lat="49.687798" lon="7.141513">
                <ele>483.0</ele>
                <name>Position 362</name>
            </trkpt>
            <trkpt lat="49.68795" lon="7.141114">
                <ele>486.0</ele>
                <name>Position 363</name>
            </trkpt>
            <trkpt lat="49.687976" lon="7.141045">
                <ele>487.0</ele>
                <name>Position 364</name>
            </trkpt>
            <trkpt lat="49.687989" lon="7.141012">
                <ele>487.0</ele>
                <name>Position 365</name>
            </trkpt>
            <trkpt lat="49.688081" lon="7.140774">
                <ele>489.0</ele>
                <name>Position 366</name>
            </trkpt>
            <trkpt lat="49.688161" lon="7.140202">
                <ele>499.0</ele>
                <name>Position 367</name>
            </trkpt>
            <trkpt lat="49.688269" lon="7.140207">
                <ele>497.0</ele>
                <name>Position 368</name>
            </trkpt>
            <trkpt lat="49.688385" lon="7.140239">
                <ele>495.0</ele>
                <name>Position 369</name>
            </trkpt>
            <trkpt lat="49.688413" lon="7.140247">
                <ele>495.0</ele>
                <name>Position 370</name>
            </trkpt>
            <trkpt lat="49.688465" lon="7.140261">
                <ele>495.0</ele>
                <name>Position 371</name>
            </trkpt>
            <trkpt lat="49.688527" lon="7.140288">
                <ele>495.0</ele>
                <name>Position 372</name>
            </trkpt>
            <trkpt lat="49.68871" lon="7.140352">
                <ele>495.0</ele>
                <name>Position 373</name>
            </trkpt>
            <trkpt lat="49.688782" lon="7.14041">
                <ele>495.0</ele>
                <name>Position 374</name>
            </trkpt>
            <trkpt lat="49.688957" lon="7.140553">
                <ele>494.0</ele>
                <name>Position 375</name>
            </trkpt>
            <trkpt lat="49.689151" lon="7.140773">
                <ele>493.0</ele>
                <name>Position 376</name>
            </trkpt>
            <trkpt lat="49.68938" lon="7.141041">
                <ele>495.0</ele>
                <name>Position 377</name>
            </trkpt>
            <trkpt lat="49.689622" lon="7.141286">
                <ele>497.0</ele>
                <name>Position 378</name>
            </trkpt>
            <trkpt lat="49.689884" lon="7.141503">
                <ele>497.0</ele>
                <name>Position 379</name>
            </trkpt>
            <trkpt lat="49.690119" lon="7.141616">
                <ele>497.0</ele>
                <name>Position 380</name>
            </trkpt>
            <trkpt lat="49.690354" lon="7.14173">
                <ele>499.0</ele>
                <name>Position 381</name>
            </trkpt>
            <trkpt lat="49.690424" lon="7.141757">
                <ele>500.0</ele>
                <name>Position 382</name>
            </trkpt>
            <trkpt lat="49.690692" lon="7.141802">
                <ele>503.0</ele>
                <name>Position 383</name>
            </trkpt>
            <trkpt lat="49.690692" lon="7.141802">
                <ele>503.0</ele>
                <name>Position 384</name>
            </trkpt>
            <trkpt lat="49.690976" lon="7.142516">
                <ele>518.0</ele>
                <name>Position 385</name>
            </trkpt>
            <trkpt lat="49.690976" lon="7.142516">
                <ele>518.0</ele>
                <name>Position 386</name>
            </trkpt>
            <trkpt lat="49.691006" lon="7.142515">
                <ele>518.0</ele>
                <name>Position 387</name>
            </trkpt>
            <trkpt lat="49.691311" lon="7.142448">
                <ele>520.0</ele>
                <name>Position 388</name>
            </trkpt>
            <trkpt lat="49.69163" lon="7.142229">
                <ele>520.0</ele>
                <name>Position 389</name>
            </trkpt>
            <trkpt lat="49.691838" lon="7.142066">
                <ele>519.0</ele>
                <name>Position 390</name>
            </trkpt>
            <trkpt lat="49.692045" lon="7.141903">
                <ele>518.0</ele>
                <name>Position 391</name>
            </trkpt>
            <trkpt lat="49.69247" lon="7.141677">
                <ele>516.0</ele>
                <name>Position 392</name>
            </trkpt>
            <trkpt lat="49.692488" lon="7.141665">
                <ele>515.0</ele>
                <name>Position 393</name>
            </trkpt>
            <trkpt lat="49.692679" lon="7.141538">
                <ele>517.0</ele>
                <name>Position 394</name>
            </trkpt>
            <trkpt lat="49.692866" lon="7.141525">
                <ele>518.0</ele>
                <name>Position 395</name>
            </trkpt>
            <trkpt lat="49.692919" lon="7.141539">
                <ele>518.0</ele>
                <name>Position 396</name>
            </trkpt>
            <trkpt lat="49.692919" lon="7.141539">
                <ele>518.0</ele>
                <name>Position 397</name>
            </trkpt>
            <trkpt lat="49.692866" lon="7.141525">
                <ele>518.0</ele>
                <name>Position 398</name>
            </trkpt>
            <trkpt lat="49.692679" lon="7.141538">
                <ele>517.0</ele>
                <name>Position 399</name>
            </trkpt>
            <trkpt lat="49.69254" lon="7.14163">
                <ele>516.0</ele>
                <name>Position 400</name>
            </trkpt>
            <trkpt lat="49.69254" lon="7.14163">
                <ele>516.0</ele>
                <name>Position 401</name>
            </trkpt>
            <trkpt lat="49.69251" lon="7.142299">
                <ele>532.0</ele>
                <name>Position 402</name>
            </trkpt>
            <trkpt lat="49.69251" lon="7.142299">
                <ele>532.0</ele>
                <name>Position 403</name>
            </trkpt>
            <trkpt lat="49.692616" lon="7.142248">
                <ele>531.0</ele>
                <name>Position 404</name>
            </trkpt>
            <trkpt lat="49.69279" lon="7.142203">
                <ele>530.0</ele>
                <name>Position 405</name>
            </trkpt>
            <trkpt lat="49.692953" lon="7.142207">
                <ele>531.0</ele>
                <name>Position 406</name>
            </trkpt>
            <trkpt lat="49.693085" lon="7.14225">
                <ele>533.0</ele>
                <name>Position 407</name>
            </trkpt>
            <trkpt lat="49.693238" lon="7.142346">
                <ele>535.0</ele>
                <name>Position 408</name>
            </trkpt>
            <trkpt lat="49.693353" lon="7.142494">
                <ele>538.0</ele>
                <name>Position 409</name>
            </trkpt>
            <trkpt lat="49.693631" lon="7.142544">
                <ele>535.0</ele>
                <name>Position 410</name>
            </trkpt>
            <trkpt lat="49.694051" lon="7.142556">
                <ele>530.0</ele>
                <name>Position 411</name>
            </trkpt>
            <trkpt lat="49.694185" lon="7.142559">
                <ele>528.0</ele>
                <name>Position 412</name>
            </trkpt>
            <trkpt lat="49.694294" lon="7.142556">
                <ele>527.0</ele>
                <name>Position 413</name>
            </trkpt>
            <trkpt lat="49.694345" lon="7.14252">
                <ele>526.0</ele>
                <name>Position 414</name>
            </trkpt>
            <trkpt lat="49.694398" lon="7.142441">
                <ele>525.0</ele>
                <name>Position 415</name>
            </trkpt>
            <trkpt lat="49.694443" lon="7.142618">
                <ele>527.0</ele>
                <name>Position 416</name>
            </trkpt>
            <trkpt lat="49.69452" lon="7.142791">
                <ele>529.0</ele>
                <name>Position 417</name>
            </trkpt>
            <trkpt lat="49.69468" lon="7.143027">
                <ele>530.0</ele>
                <name>Position 418</name>
            </trkpt>
            <trkpt lat="49.694897" lon="7.14326">
                <ele>530.0</ele>
                <name>Position 419</name>
            </trkpt>
            <trkpt lat="49.695113" lon="7.143492">
                <ele>532.0</ele>
                <name>Position 420</name>
            </trkpt>
            <trkpt lat="49.695389" lon="7.143788">
                <ele>535.0</ele>
                <name>Position 421</name>
            </trkpt>
            <trkpt lat="49.695735" lon="7.144031">
                <ele>535.0</ele>
                <name>Position 422</name>
            </trkpt>
            <trkpt lat="49.695781" lon="7.144077">
                <ele>535.0</ele>
                <name>Position 423</name>
            </trkpt>
            <trkpt lat="49.695781" lon="7.144077">
                <ele>535.0</ele>
                <name>Position 424</name>
            </trkpt>
            <trkpt lat="49.695146" lon="7.144826">
                <ele>554.0</ele>
                <name>Position 425</name>
            </trkpt>
            <trkpt lat="49.695146" lon="7.144826">
                <ele>554.0</ele>
                <name>Position 426</name>
            </trkpt>
            <trkpt lat="49.694871" lon="7.144765">
                <ele>556.0</ele>
                <name>Position 427</name>
            </trkpt>
            <trkpt lat="49.694871" lon="7.144765">
                <ele>556.0</ele>
                <name>Position 428</name>
            </trkpt>
            <trkpt lat="49.694771" lon="7.144531">
                <ele>553.0</ele>
                <name>Position 429</name>
            </trkpt>
            <trkpt lat="49.694771" lon="7.144531">
                <ele>553.0</ele>
                <name>Position 430</name>
            </trkpt>
            <trkpt lat="49.693949" lon="7.143709">
                <ele>551.0</ele>
                <name>Position 431</name>
            </trkpt>
            <trkpt lat="49.693949" lon="7.143709">
                <ele>551.0</ele>
                <name>Position 432</name>
            </trkpt>
            <trkpt lat="49.693627" lon="7.143602">
                <ele>554.0</ele>
                <name>Position 433</name>
            </trkpt>
            <trkpt lat="49.693627" lon="7.143602">
                <ele>554.0</ele>
                <name>Position 434</name>
            </trkpt>
            <trkpt lat="49.693459" lon="7.14373">
                <ele>559.0</ele>
                <name>Position 435</name>
            </trkpt>
            <trkpt lat="49.693459" lon="7.14373">
                <ele>559.0</ele>
                <name>Position 436</name>
            </trkpt>
            <trkpt lat="49.693504" lon="7.143971">
                <ele>561.0</ele>
                <name>Position 437</name>
            </trkpt>
            <trkpt lat="49.693504" lon="7.143971">
                <ele>561.0</ele>
                <name>Position 438</name>
            </trkpt>
            <trkpt lat="49.693882" lon="7.144279">
                <ele>560.0</ele>
                <name>Position 439</name>
            </trkpt>
            <trkpt lat="49.693882" lon="7.144279">
                <ele>560.0</ele>
                <name>Position 440</name>
            </trkpt>
            <trkpt lat="49.694148" lon="7.144768">
                <ele>564.0</ele>
                <name>Position 441</name>
            </trkpt>
            <trkpt lat="49.694148" lon="7.144768">
                <ele>564.0</ele>
                <name>Position 442</name>
            </trkpt>
            <trkpt lat="49.694122" lon="7.145023">
                <ele>568.0</ele>
                <name>Position 443</name>
            </trkpt>
            <trkpt lat="49.694122" lon="7.145023">
                <ele>568.0</ele>
                <name>Position 444</name>
            </trkpt>
            <trkpt lat="49.694338" lon="7.145324">
                <ele>570.0</ele>
                <name>Position 445</name>
            </trkpt>
            <trkpt lat="49.694338" lon="7.145324">
                <ele>570.0</ele>
                <name>Position 446</name>
            </trkpt>
            <trkpt lat="49.694564" lon="7.145295">
                <ele>568.0</ele>
                <name>Position 447</name>
            </trkpt>
            <trkpt lat="49.694564" lon="7.145295">
                <ele>568.0</ele>
                <name>Position 448</name>
            </trkpt>
            <trkpt lat="49.694631" lon="7.146528">
                <ele>584.0</ele>
                <name>Position 449</name>
            </trkpt>
            <trkpt lat="49.694631" lon="7.146528">
                <ele>584.0</ele>
                <name>Position 450</name>
            </trkpt>
            <trkpt lat="49.694666" lon="7.146547">
                <ele>584.0</ele>
                <name>Position 451</name>
            </trkpt>
            <trkpt lat="49.6948" lon="7.146652">
                <ele>584.0</ele>
                <name>Position 452</name>
            </trkpt>
            <trkpt lat="49.695027" lon="7.146804">
                <ele>584.0</ele>
                <name>Position 453</name>
            </trkpt>
            <trkpt lat="49.695042" lon="7.146814">
                <ele>584.0</ele>
                <name>Position 454</name>
            </trkpt>
            <trkpt lat="49.695198" lon="7.146898">
                <ele>583.0</ele>
                <name>Position 455</name>
            </trkpt>
            <trkpt lat="49.695376" lon="7.146968">
                <ele>582.0</ele>
                <name>Position 456</name>
            </trkpt>
            <trkpt lat="49.695538" lon="7.147089">
                <ele>583.0</ele>
                <name>Position 457</name>
            </trkpt>
            <trkpt lat="49.695674" lon="7.147157">
                <ele>582.0</ele>
                <name>Position 458</name>
            </trkpt>
            <trkpt lat="49.695874" lon="7.147299">
                <ele>583.0</ele>
                <name>Position 459</name>
            </trkpt>
            <trkpt lat="49.696185" lon="7.147651">
                <ele>581.0</ele>
                <name>Position 460</name>
            </trkpt>
            <trkpt lat="49.696422" lon="7.147989">
                <ele>582.0</ele>
                <name>Position 461</name>
            </trkpt>
            <trkpt lat="49.69666" lon="7.148327">
                <ele>583.0</ele>
                <name>Position 462</name>
            </trkpt>
            <trkpt lat="49.696904" lon="7.148707">
                <ele>584.0</ele>
                <name>Position 463</name>
            </trkpt>
            <trkpt lat="49.697147" lon="7.149087">
                <ele>584.0</ele>
                <name>Position 464</name>
            </trkpt>
            <trkpt lat="49.69722" lon="7.149189">
                <ele>584.0</ele>
                <name>Position 465</name>
            </trkpt>
            <trkpt lat="49.697441" lon="7.149498">
                <ele>583.0</ele>
                <name>Position 466</name>
            </trkpt>
            <trkpt lat="49.697662" lon="7.149807">
                <ele>585.0</ele>
                <name>Position 467</name>
            </trkpt>
            <trkpt lat="49.697807" lon="7.149982">
                <ele>586.0</ele>
                <name>Position 468</name>
            </trkpt>
            <trkpt lat="49.697935" lon="7.150137">
                <ele>586.0</ele>
                <name>Position 469</name>
            </trkpt>
            <trkpt lat="49.698284" lon="7.150557">
                <ele>586.0</ele>
                <name>Position 470</name>
            </trkpt>
            <trkpt lat="49.698543" lon="7.150886">
                <ele>587.0</ele>
                <name>Position 471</name>
            </trkpt>
            <trkpt lat="49.698703" lon="7.15109">
                <ele>587.0</ele>
                <name>Position 472</name>
            </trkpt>
            <trkpt lat="49.698703" lon="7.15109">
                <ele>587.0</ele>
                <name>Position 473</name>
            </trkpt>
            <trkpt lat="49.698287" lon="7.152134">
                <ele>598.0</ele>
                <name>Position 474</name>
            </trkpt>
            <trkpt lat="49.698287" lon="7.152134">
                <ele>598.0</ele>
                <name>Position 475</name>
            </trkpt>
            <trkpt lat="49.698467" lon="7.152312">
                <ele>598.0</ele>
                <name>Position 476</name>
            </trkpt>
            <trkpt lat="49.698703" lon="7.152615">
                <ele>597.0</ele>
                <name>Position 477</name>
            </trkpt>
            <trkpt lat="49.698703" lon="7.152615">
                <ele>597.0</ele>
                <name>Position 478</name>
            </trkpt>
            <trkpt lat="49.698467" lon="7.152312">
                <ele>598.0</ele>
                <name>Position 479</name>
            </trkpt>
            <trkpt lat="49.698149" lon="7.151997">
                <ele>597.0</ele>
                <name>Position 480</name>
            </trkpt>
            <trkpt lat="49.69793" lon="7.151893">
                <ele>598.0</ele>
                <name>Position 481</name>
            </trkpt>
            <trkpt lat="49.697597" lon="7.151868">
                <ele>598.0</ele>
                <name>Position 482</name>
            </trkpt>
            <trkpt lat="49.697319" lon="7.151909">
                <ele>598.0</ele>
                <name>Position 483</name>
            </trkpt>
            <trkpt lat="49.69704" lon="7.152033">
                <ele>598.0</ele>
                <name>Position 484</name>
            </trkpt>
            <trkpt lat="49.696873" lon="7.152158">
                <ele>597.0</ele>
                <name>Position 485</name>
            </trkpt>
            <trkpt lat="49.696714" lon="7.152496">
                <ele>595.0</ele>
                <name>Position 486</name>
            </trkpt>
            <trkpt lat="49.696928" lon="7.15271">
                <ele>596.0</ele>
                <name>Position 487</name>
            </trkpt>
            <trkpt lat="49.697142" lon="7.152924">
                <ele>596.0</ele>
                <name>Position 488</name>
            </trkpt>
            <trkpt lat="49.697171" lon="7.152953">
                <ele>596.0</ele>
                <name>Position 489</name>
            </trkpt>
            <trkpt lat="49.697204" lon="7.152985">
                <ele>597.0</ele>
                <name>Position 490</name>
            </trkpt>
            <trkpt lat="49.697417" lon="7.153192">
                <ele>597.0</ele>
                <name>Position 491</name>
            </trkpt>
            <trkpt lat="49.69765" lon="7.153414">
                <ele>597.0</ele>
                <name>Position 492</name>
            </trkpt>
            <trkpt lat="49.697882" lon="7.153637">
                <ele>597.0</ele>
                <name>Position 493</name>
            </trkpt>
            <trkpt lat="49.698072" lon="7.153743">
                <ele>597.0</ele>
                <name>Position 494</name>
            </trkpt>
            <trkpt lat="49.698223" lon="7.153869">
                <ele>596.0</ele>
                <name>Position 495</name>
            </trkpt>
            <trkpt lat="49.698277" lon="7.153913">
                <ele>596.0</ele>
                <name>Position 496</name>
            </trkpt>
            <trkpt lat="49.698375" lon="7.154018">
                <ele>596.0</ele>
                <name>Position 497</name>
            </trkpt>
            <trkpt lat="49.698434" lon="7.154091">
                <ele>596.0</ele>
                <name>Position 498</name>
            </trkpt>
            <trkpt lat="49.698612" lon="7.154314">
                <ele>595.0</ele>
                <name>Position 499</name>
            </trkpt>
            <trkpt lat="49.698686" lon="7.154392">
                <ele>594.0</ele>
                <name>Position 500</name>
            </trkpt>
            <trkpt lat="49.698749" lon="7.154459">
                <ele>594.0</ele>
                <name>Position 501</name>
            </trkpt>
            <trkpt lat="49.698749" lon="7.154459">
                <ele>594.0</ele>
                <name>Position 502</name>
            </trkpt>
            <trkpt lat="49.699164" lon="7.153498">
                <ele>597.0</ele>
                <name>Position 503</name>
            </trkpt>
            <trkpt lat="49.699164" lon="7.153498">
                <ele>597.0</ele>
                <name>Position 504</name>
            </trkpt>
            <trkpt lat="49.699181" lon="7.153517">
                <ele>596.0</ele>
                <name>Position 505</name>
            </trkpt>
            <trkpt lat="49.699317" lon="7.153584">
                <ele>596.0</ele>
                <name>Position 506</name>
            </trkpt>
            <trkpt lat="49.699499" lon="7.153718">
                <ele>595.0</ele>
                <name>Position 507</name>
            </trkpt>
            <trkpt lat="49.69955" lon="7.153806">
                <ele>595.0</ele>
                <name>Position 508</name>
            </trkpt>
            <trkpt lat="49.69955" lon="7.153806">
                <ele>595.0</ele>
                <name>Position 509</name>
            </trkpt>
            <trkpt lat="49.699064" lon="7.154824">
                <ele>592.0</ele>
                <name>Position 510</name>
            </trkpt>
            <trkpt lat="49.699064" lon="7.154824">
                <ele>592.0</ele>
                <name>Position 511</name>
            </trkpt>
            <trkpt lat="49.699096" lon="7.154863">
                <ele>592.0</ele>
                <name>Position 512</name>
            </trkpt>
            <trkpt lat="49.699106" lon="7.154876">
                <ele>592.0</ele>
                <name>Position 513</name>
            </trkpt>
            <trkpt lat="49.699106" lon="7.154876">
                <ele>592.0</ele>
                <name>Position 514</name>
            </trkpt>
            <trkpt lat="49.699744" lon="7.154311">
                <ele>594.0</ele>
                <name>Position 515</name>
            </trkpt>
            <trkpt lat="49.699744" lon="7.154311">
                <ele>594.0</ele>
                <name>Position 516</name>
            </trkpt>
            <trkpt lat="49.699779" lon="7.154438">
                <ele>593.0</ele>
                <name>Position 517</name>
            </trkpt>
            <trkpt lat="49.699797" lon="7.154478">
                <ele>593.0</ele>
                <name>Position 518</name>
            </trkpt>
            <trkpt lat="49.699868" lon="7.154645">
                <ele>592.0</ele>
                <name>Position 519</name>
            </trkpt>
            <trkpt lat="49.700104" lon="7.155063">
                <ele>589.0</ele>
                <name>Position 520</name>
            </trkpt>
            <trkpt lat="49.700217" lon="7.155601">
                <ele>585.0</ele>
                <name>Position 521</name>
            </trkpt>
            <trkpt lat="49.700229" lon="7.155872">
                <ele>584.0</ele>
                <name>Position 522</name>
            </trkpt>
            <trkpt lat="49.700136" lon="7.156273">
                <ele>581.0</ele>
                <name>Position 523</name>
            </trkpt>
            <trkpt lat="49.700002" lon="7.156118">
                <ele>583.0</ele>
                <name>Position 524</name>
            </trkpt>
            <trkpt lat="49.699772" lon="7.155788">
                <ele>585.0</ele>
                <name>Position 525</name>
            </trkpt>
            <trkpt lat="49.699541" lon="7.155458">
                <ele>587.0</ele>
                <name>Position 526</name>
            </trkpt>
            <trkpt lat="49.699495" lon="7.155392">
                <ele>588.0</ele>
                <name>Position 527</name>
            </trkpt>
            <trkpt lat="49.699495" lon="7.155392">
                <ele>588.0</ele>
                <name>Position 528</name>
            </trkpt>
            <trkpt lat="49.699541" lon="7.155458">
                <ele>587.0</ele>
                <name>Position 529</name>
            </trkpt>
            <trkpt lat="49.699772" lon="7.155788">
                <ele>585.0</ele>
                <name>Position 530</name>
            </trkpt>
            <trkpt lat="49.700002" lon="7.156118">
                <ele>583.0</ele>
                <name>Position 531</name>
            </trkpt>
            <trkpt lat="49.700136" lon="7.156273">
                <ele>581.0</ele>
                <name>Position 532</name>
            </trkpt>
            <trkpt lat="49.700229" lon="7.155872">
                <ele>584.0</ele>
                <name>Position 533</name>
            </trkpt>
            <trkpt lat="49.700217" lon="7.155601">
                <ele>585.0</ele>
                <name>Position 534</name>
            </trkpt>
            <trkpt lat="49.700126" lon="7.155168">
                <ele>588.0</ele>
                <name>Position 535</name>
            </trkpt>
            <trkpt lat="49.700126" lon="7.155168">
                <ele>588.0</ele>
                <name>Position 536</name>
            </trkpt>
            <trkpt lat="49.700217" lon="7.155601">
                <ele>585.0</ele>
                <name>Position 537</name>
            </trkpt>
            <trkpt lat="49.700229" lon="7.155872">
                <ele>584.0</ele>
                <name>Position 538</name>
            </trkpt>
            <trkpt lat="49.700136" lon="7.156273">
                <ele>581.0</ele>
                <name>Position 539</name>
            </trkpt>
            <trkpt lat="49.700002" lon="7.156118">
                <ele>583.0</ele>
                <name>Position 540</name>
            </trkpt>
            <trkpt lat="49.699772" lon="7.155788">
                <ele>585.0</ele>
                <name>Position 541</name>
            </trkpt>
            <trkpt lat="49.699726" lon="7.155723">
                <ele>585.0</ele>
                <name>Position 542</name>
            </trkpt>
            <trkpt lat="49.699726" lon="7.155723">
                <ele>585.0</ele>
                <name>Position 543</name>
            </trkpt>
            <trkpt lat="49.699772" lon="7.155788">
                <ele>585.0</ele>
                <name>Position 544</name>
            </trkpt>
            <trkpt lat="49.700002" lon="7.156118">
                <ele>583.0</ele>
                <name>Position 545</name>
            </trkpt>
            <trkpt lat="49.700136" lon="7.156273">
                <ele>581.0</ele>
                <name>Position 546</name>
            </trkpt>
            <trkpt lat="49.700229" lon="7.155872">
                <ele>584.0</ele>
                <name>Position 547</name>
            </trkpt>
            <trkpt lat="49.70036" lon="7.155531">
                <ele>584.0</ele>
                <name>Position 548</name>
            </trkpt>
            <trkpt lat="49.700416" lon="7.155626">
                <ele>583.0</ele>
                <name>Position 549</name>
            </trkpt>
            <trkpt lat="49.700481" lon="7.15584">
                <ele>582.0</ele>
                <name>Position 550</name>
            </trkpt>
            <trkpt lat="49.70056" lon="7.156034">
                <ele>580.0</ele>
                <name>Position 551</name>
            </trkpt>
            <trkpt lat="49.700701" lon="7.156256">
                <ele>579.0</ele>
                <name>Position 552</name>
            </trkpt>
            <trkpt lat="49.700981" lon="7.156706">
                <ele>575.0</ele>
                <name>Position 553</name>
            </trkpt>
            <trkpt lat="49.701012" lon="7.156756">
                <ele>575.0</ele>
                <name>Position 554</name>
            </trkpt>
            <trkpt lat="49.701286" lon="7.157174">
                <ele>572.0</ele>
                <name>Position 555</name>
            </trkpt>
            <trkpt lat="49.70156" lon="7.157591">
                <ele>568.0</ele>
                <name>Position 556</name>
            </trkpt>
            <trkpt lat="49.701716" lon="7.157829">
                <ele>566.0</ele>
                <name>Position 557</name>
            </trkpt>
            <trkpt lat="49.701746" lon="7.157871">
                <ele>565.0</ele>
                <name>Position 558</name>
            </trkpt>
            <trkpt lat="49.701746" lon="7.157871">
                <ele>565.0</ele>
                <name>Position 559</name>
            </trkpt>
            <trkpt lat="49.702228" lon="7.157263">
                <ele>564.0</ele>
                <name>Position 560</name>
            </trkpt>
            <trkpt lat="49.702228" lon="7.157263">
                <ele>564.0</ele>
                <name>Position 561</name>
            </trkpt>
            <trkpt lat="49.70263" lon="7.157623">
                <ele>558.0</ele>
                <name>Position 562</name>
            </trkpt>
            <trkpt lat="49.70263" lon="7.157623">
                <ele>558.0</ele>
                <name>Position 563</name>
            </trkpt>
            <trkpt lat="49.703053" lon="7.15831">
                <ele>543.0</ele>
                <name>Position 564</name>
            </trkpt>
            <trkpt lat="49.703053" lon="7.15831">
                <ele>543.0</ele>
                <name>Position 565</name>
            </trkpt>
            <trkpt lat="49.70329" lon="7.1581">
                <ele>543.0</ele>
                <name>Position 566</name>
            </trkpt>
            <trkpt lat="49.703528" lon="7.157888">
                <ele>545.0</ele>
                <name>Position 567</name>
            </trkpt>
            <trkpt lat="49.703824" lon="7.157656">
                <ele>546.0</ele>
                <name>Position 568</name>
            </trkpt>
            <trkpt lat="49.704113" lon="7.15743">
                <ele>547.0</ele>
                <name>Position 569</name>
            </trkpt>
            <trkpt lat="49.704465" lon="7.157231">
                <ele>546.0</ele>
                <name>Position 570</name>
            </trkpt>
            <trkpt lat="49.704817" lon="7.157032">
                <ele>546.0</ele>
                <name>Position 571</name>
            </trkpt>
            <trkpt lat="49.705107" lon="7.156868">
                <ele>546.0</ele>
                <name>Position 572</name>
            </trkpt>
            <trkpt lat="49.705396" lon="7.156704">
                <ele>546.0</ele>
                <name>Position 573</name>
            </trkpt>
            <trkpt lat="49.705747" lon="7.156509">
                <ele>546.0</ele>
                <name>Position 574</name>
            </trkpt>
            <trkpt lat="49.706143" lon="7.156294">
                <ele>543.0</ele>
                <name>Position 575</name>
            </trkpt>
            <trkpt lat="49.706539" lon="7.156079">
                <ele>540.0</ele>
                <name>Position 576</name>
            </trkpt>
            <trkpt lat="49.70662" lon="7.155995">
                <ele>540.0</ele>
                <name>Position 577</name>
            </trkpt>
            <trkpt lat="49.706683" lon="7.156049">
                <ele>539.0</ele>
                <name>Position 578</name>
            </trkpt>
            <trkpt lat="49.706789" lon="7.156116">
                <ele>536.0</ele>
                <name>Position 579</name>
            </trkpt>
            <trkpt lat="49.70683" lon="7.156128">
                <ele>535.0</ele>
                <name>Position 580</name>
            </trkpt>
            <trkpt lat="49.706918" lon="7.156118">
                <ele>533.0</ele>
                <name>Position 581</name>
            </trkpt>
            <trkpt lat="49.70683" lon="7.156641">
                <ele>530.0</ele>
                <name>Position 582</name>
            </trkpt>
            <trkpt lat="49.706743" lon="7.157164">
                <ele>527.0</ele>
                <name>Position 583</name>
            </trkpt>
            <trkpt lat="49.706655" lon="7.157688">
                <ele>524.0</ele>
                <name>Position 584</name>
            </trkpt>
            <trkpt lat="49.706596" lon="7.157897">
                <ele>524.0</ele>
                <name>Position 585</name>
            </trkpt>
            <trkpt lat="49.706596" lon="7.157897">
                <ele>524.0</ele>
                <name>Position 586</name>
            </trkpt>
            <trkpt lat="49.707099" lon="7.157701">
                <ele>513.0</ele>
                <name>Position 587</name>
            </trkpt>
            <trkpt lat="49.707099" lon="7.157701">
                <ele>513.0</ele>
                <name>Position 588</name>
            </trkpt>
            <trkpt lat="49.707102" lon="7.157691">
                <ele>513.0</ele>
                <name>Position 589</name>
            </trkpt>
            <trkpt lat="49.707297" lon="7.157247">
                <ele>512.0</ele>
                <name>Position 590</name>
            </trkpt>
            <trkpt lat="49.707479" lon="7.156765">
                <ele>512.0</ele>
                <name>Position 591</name>
            </trkpt>
            <trkpt lat="49.707645" lon="7.156257">
                <ele>516.0</ele>
                <name>Position 592</name>
            </trkpt>
            <trkpt lat="49.707878" lon="7.155685">
                <ele>519.0</ele>
                <name>Position 593</name>
            </trkpt>
            <trkpt lat="49.707931" lon="7.155556">
                <ele>520.0</ele>
                <name>Position 594</name>
            </trkpt>
            <trkpt lat="49.708186" lon="7.155056">
                <ele>520.0</ele>
                <name>Position 595</name>
            </trkpt>
            <trkpt lat="49.708402" lon="7.15465">
                <ele>521.0</ele>
                <name>Position 596</name>
            </trkpt>
            <trkpt lat="49.708619" lon="7.154243">
                <ele>524.0</ele>
                <name>Position 597</name>
            </trkpt>
            <trkpt lat="49.708804" lon="7.153832">
                <ele>526.0</ele>
                <name>Position 598</name>
            </trkpt>
            <trkpt lat="49.708862" lon="7.153639">
                <ele>527.0</ele>
                <name>Position 599</name>
            </trkpt>
            <trkpt lat="49.708949" lon="7.153469">
                <ele>526.0</ele>
                <name>Position 600</name>
            </trkpt>
            <trkpt lat="49.709154" lon="7.153203">
                <ele>524.0</ele>
                <name>Position 601</name>
            </trkpt>
            <trkpt lat="49.709221" lon="7.153106">
                <ele>526.0</ele>
                <name>Position 602</name>
            </trkpt>
            <trkpt lat="49.709294" lon="7.153038">
                <ele>528.0</ele>
                <name>Position 603</name>
            </trkpt>
            <trkpt lat="49.709426" lon="7.152948">
                <ele>530.0</ele>
                <name>Position 604</name>
            </trkpt>
            <trkpt lat="49.709392" lon="7.152837">
                <ele>531.0</ele>
                <name>Position 605</name>
            </trkpt>
            <trkpt lat="49.709382" lon="7.152747">
                <ele>533.0</ele>
                <name>Position 606</name>
            </trkpt>
            <trkpt lat="49.709402" lon="7.152623">
                <ele>535.0</ele>
                <name>Position 607</name>
            </trkpt>
            <trkpt lat="49.709483" lon="7.152461">
                <ele>537.0</ele>
                <name>Position 608</name>
            </trkpt>
            <trkpt lat="49.709711" lon="7.152127">
                <ele>541.0</ele>
                <name>Position 609</name>
            </trkpt>
            <trkpt lat="49.709938" lon="7.151793">
                <ele>542.0</ele>
                <name>Position 610</name>
            </trkpt>
            <trkpt lat="49.710166" lon="7.151459">
                <ele>546.0</ele>
                <name>Position 611</name>
            </trkpt>
            <trkpt lat="49.710334" lon="7.151199">
                <ele>549.0</ele>
                <name>Position 612</name>
            </trkpt>
            <trkpt lat="49.710501" lon="7.150939">
                <ele>549.0</ele>
                <name>Position 613</name>
            </trkpt>
            <trkpt lat="49.710676" lon="7.150712">
                <ele>547.0</ele>
                <name>Position 614</name>
            </trkpt>
            <trkpt lat="49.710851" lon="7.150485">
                <ele>546.0</ele>
                <name>Position 615</name>
            </trkpt>
            <trkpt lat="49.71104" lon="7.150296">
                <ele>547.0</ele>
                <name>Position 616</name>
            </trkpt>
            <trkpt lat="49.711125" lon="7.150235">
                <ele>548.0</ele>
                <name>Position 617</name>
            </trkpt>
            <trkpt lat="49.711532" lon="7.150063">
                <ele>546.0</ele>
                <name>Position 618</name>
            </trkpt>
            <trkpt lat="49.711695" lon="7.149993">
                <ele>545.0</ele>
                <name>Position 619</name>
            </trkpt>
            <trkpt lat="49.712068" lon="7.149853">
                <ele>546.0</ele>
                <name>Position 620</name>
            </trkpt>
            <trkpt lat="49.712441" lon="7.149712">
                <ele>548.0</ele>
                <name>Position 621</name>
            </trkpt>
            <trkpt lat="49.712814" lon="7.149571">
                <ele>550.0</ele>
                <name>Position 622</name>
            </trkpt>
            <trkpt lat="49.713186" lon="7.149431">
                <ele>550.0</ele>
                <name>Position 623</name>
            </trkpt>
            <trkpt lat="49.713405" lon="7.149335">
                <ele>549.0</ele>
                <name>Position 624</name>
            </trkpt>
            <trkpt lat="49.713556" lon="7.149233">
                <ele>549.0</ele>
                <name>Position 625</name>
            </trkpt>
            <trkpt lat="49.713757" lon="7.149043">
                <ele>550.0</ele>
                <name>Position 626</name>
            </trkpt>
            <trkpt lat="49.714064" lon="7.148633">
                <ele>554.0</ele>
                <name>Position 627</name>
            </trkpt>
            <trkpt lat="49.714114" lon="7.148566">
                <ele>555.0</ele>
                <name>Position 628</name>
            </trkpt>
            <trkpt lat="49.714275" lon="7.148401">
                <ele>556.0</ele>
                <name>Position 629</name>
            </trkpt>
            <trkpt lat="49.714473" lon="7.148228">
                <ele>556.0</ele>
                <name>Position 630</name>
            </trkpt>
            <trkpt lat="49.714651" lon="7.148127">
                <ele>555.0</ele>
                <name>Position 631</name>
            </trkpt>
            <trkpt lat="49.714862" lon="7.147974">
                <ele>555.0</ele>
                <name>Position 632</name>
            </trkpt>
            <trkpt lat="49.715072" lon="7.147821">
                <ele>557.0</ele>
                <name>Position 633</name>
            </trkpt>
            <trkpt lat="49.715264" lon="7.147562">
                <ele>561.0</ele>
                <name>Position 634</name>
            </trkpt>
            <trkpt lat="49.715456" lon="7.147304">
                <ele>564.0</ele>
                <name>Position 635</name>
            </trkpt>
            <trkpt lat="49.715554" lon="7.147187">
                <ele>565.0</ele>
                <name>Position 636</name>
            </trkpt>
            <trkpt lat="49.715591" lon="7.147266">
                <ele>565.0</ele>
                <name>Position 637</name>
            </trkpt>
            <trkpt lat="49.71569" lon="7.147455">
                <ele>564.0</ele>
                <name>Position 638</name>
            </trkpt>
            <trkpt lat="49.71584" lon="7.147626">
                <ele>564.0</ele>
                <name>Position 639</name>
            </trkpt>
            <trkpt lat="49.716059" lon="7.147779">
                <ele>566.0</ele>
                <name>Position 640</name>
            </trkpt>
            <trkpt lat="49.716207" lon="7.147928">
                <ele>567.0</ele>
                <name>Position 641</name>
            </trkpt>
            <trkpt lat="49.716322" lon="7.148043">
                <ele>569.0</ele>
                <name>Position 642</name>
            </trkpt>
            <trkpt lat="49.716484" lon="7.148283">
                <ele>573.0</ele>
                <name>Position 643</name>
            </trkpt>
            <trkpt lat="49.716604" lon="7.148203">
                <ele>575.0</ele>
                <name>Position 644</name>
            </trkpt>
            <trkpt lat="49.716685" lon="7.1482">
                <ele>576.0</ele>
                <name>Position 645</name>
            </trkpt>
            <trkpt lat="49.716927" lon="7.148163">
                <ele>577.0</ele>
                <name>Position 646</name>
            </trkpt>
            <trkpt lat="49.717308" lon="7.148153">
                <ele>580.0</ele>
                <name>Position 647</name>
            </trkpt>
            <trkpt lat="49.717497" lon="7.148162">
                <ele>582.0</ele>
                <name>Position 648</name>
            </trkpt>
            <trkpt lat="49.717681" lon="7.148192">
                <ele>585.0</ele>
                <name>Position 649</name>
            </trkpt>
            <trkpt lat="49.71785" lon="7.14824">
                <ele>588.0</ele>
                <name>Position 650</name>
            </trkpt>
            <trkpt lat="49.718051" lon="7.148353">
                <ele>591.0</ele>
                <name>Position 651</name>
            </trkpt>
            <trkpt lat="49.718177" lon="7.14846">
                <ele>593.0</ele>
                <name>Position 652</name>
            </trkpt>
            <trkpt lat="49.718103" lon="7.148664">
                <ele>592.0</ele>
                <name>Position 653</name>
            </trkpt>
            <trkpt lat="49.718035" lon="7.148942">
                <ele>592.0</ele>
                <name>Position 654</name>
            </trkpt>
            <trkpt lat="49.718038" lon="7.149076">
                <ele>592.0</ele>
                <name>Position 655</name>
            </trkpt>
            <trkpt lat="49.718088" lon="7.149319">
                <ele>594.0</ele>
                <name>Position 656</name>
            </trkpt>
            <trkpt lat="49.718164" lon="7.149558">
                <ele>595.0</ele>
                <name>Position 657</name>
            </trkpt>
            <trkpt lat="49.718178" lon="7.14965">
                <ele>596.0</ele>
                <name>Position 658</name>
            </trkpt>
            <trkpt lat="49.718166" lon="7.149753">
                <ele>596.0</ele>
                <name>Position 659</name>
            </trkpt>
            <trkpt lat="49.71815" lon="7.149793">
                <ele>596.0</ele>
                <name>Position 660</name>
            </trkpt>
            <trkpt lat="49.718104" lon="7.149811">
                <ele>596.0</ele>
                <name>Position 661</name>
            </trkpt>
            <trkpt lat="49.718063" lon="7.149806">
                <ele>595.0</ele>
                <name>Position 662</name>
            </trkpt>
            <trkpt lat="49.717842" lon="7.149664">
                <ele>592.0</ele>
                <name>Position 663</name>
            </trkpt>
            <trkpt lat="49.71762" lon="7.149522">
                <ele>589.0</ele>
                <name>Position 664</name>
            </trkpt>
            <trkpt lat="49.717487" lon="7.149454">
                <ele>588.0</ele>
                <name>Position 665</name>
            </trkpt>
            <trkpt lat="49.717357" lon="7.149425">
                <ele>587.0</ele>
                <name>Position 666</name>
            </trkpt>
            <trkpt lat="49.717055" lon="7.149395">
                <ele>586.0</ele>
                <name>Position 667</name>
            </trkpt>
            <trkpt lat="49.716959" lon="7.149401">
                <ele>586.0</ele>
                <name>Position 668</name>
            </trkpt>
            <trkpt lat="49.716944" lon="7.149406">
                <ele>586.0</ele>
                <name>Position 669</name>
            </trkpt>
            <trkpt lat="49.716944" lon="7.149406">
                <ele>586.0</ele>
                <name>Position 670</name>
            </trkpt>
            <trkpt lat="49.716869" lon="7.149428">
                <ele>586.0</ele>
                <name>Position 671</name>
            </trkpt>
            <trkpt lat="49.716853" lon="7.14944">
                <ele>586.0</ele>
                <name>Position 672</name>
            </trkpt>
            <trkpt lat="49.716767" lon="7.1495">
                <ele>587.0</ele>
                <name>Position 673</name>
            </trkpt>
            <trkpt lat="49.716598" lon="7.149768">
                <ele>588.0</ele>
                <name>Position 674</name>
            </trkpt>
            <trkpt lat="49.716535" lon="7.149913">
                <ele>589.0</ele>
                <name>Position 675</name>
            </trkpt>
            <trkpt lat="49.71638" lon="7.150066">
                <ele>590.0</ele>
                <name>Position 676</name>
            </trkpt>
            <trkpt lat="49.716014" lon="7.150237">
                <ele>590.0</ele>
                <name>Position 677</name>
            </trkpt>
            <trkpt lat="49.715575" lon="7.150357">
                <ele>586.0</ele>
                <name>Position 678</name>
            </trkpt>
            <trkpt lat="49.715463" lon="7.150453">
                <ele>586.0</ele>
                <name>Position 679</name>
            </trkpt>
            <trkpt lat="49.715306" lon="7.150622">
                <ele>585.0</ele>
                <name>Position 680</name>
            </trkpt>
            <trkpt lat="49.715091" lon="7.150945">
                <ele>585.0</ele>
                <name>Position 681</name>
            </trkpt>
            <trkpt lat="49.714847" lon="7.151233">
                <ele>586.0</ele>
                <name>Position 682</name>
            </trkpt>
            <trkpt lat="49.71451" lon="7.151595">
                <ele>586.0</ele>
                <name>Position 683</name>
            </trkpt>
            <trkpt lat="49.714393" lon="7.151698">
                <ele>586.0</ele>
                <name>Position 684</name>
            </trkpt>
            <trkpt lat="49.714204" lon="7.151901">
                <ele>586.0</ele>
                <name>Position 685</name>
            </trkpt>
            <trkpt lat="49.714096" lon="7.151978">
                <ele>586.0</ele>
                <name>Position 686</name>
            </trkpt>
            <trkpt lat="49.713852" lon="7.152033">
                <ele>585.0</ele>
                <name>Position 687</name>
            </trkpt>
            <trkpt lat="49.713603" lon="7.152063">
                <ele>584.0</ele>
                <name>Position 688</name>
            </trkpt>
            <trkpt lat="49.713433" lon="7.152068">
                <ele>583.0</ele>
                <name>Position 689</name>
            </trkpt>
            <trkpt lat="49.713329" lon="7.152027">
                <ele>582.0</ele>
                <name>Position 690</name>
            </trkpt>
            <trkpt lat="49.71318" lon="7.151924">
                <ele>578.0</ele>
                <name>Position 691</name>
            </trkpt>
            <trkpt lat="49.713031" lon="7.151786">
                <ele>574.0</ele>
                <name>Position 692</name>
            </trkpt>
            <trkpt lat="49.712959" lon="7.151747">
                <ele>573.0</ele>
                <name>Position 693</name>
            </trkpt>
            <trkpt lat="49.712919" lon="7.151891">
                <ele>575.0</ele>
                <name>Position 694</name>
            </trkpt>
            <trkpt lat="49.712818" lon="7.152157">
                <ele>579.0</ele>
                <name>Position 695</name>
            </trkpt>
            <trkpt lat="49.712704" lon="7.152316">
                <ele>581.0</ele>
                <name>Position 696</name>
            </trkpt>
            <trkpt lat="49.712577" lon="7.152458">
                <ele>582.0</ele>
                <name>Position 697</name>
            </trkpt>
            <trkpt lat="49.712519" lon="7.152509">
                <ele>583.0</ele>
                <name>Position 698</name>
            </trkpt>
            <trkpt lat="49.712309" lon="7.152668">
                <ele>582.0</ele>
                <name>Position 699</name>
            </trkpt>
            <trkpt lat="49.712205" lon="7.152693">
                <ele>581.0</ele>
                <name>Position 700</name>
            </trkpt>
            <trkpt lat="49.712126" lon="7.152756">
                <ele>580.0</ele>
                <name>Position 701</name>
            </trkpt>
            <trkpt lat="49.711844" lon="7.153">
                <ele>580.0</ele>
                <name>Position 702</name>
            </trkpt>
            <trkpt lat="49.711785" lon="7.153039">
                <ele>580.0</ele>
                <name>Position 703</name>
            </trkpt>
            <trkpt lat="49.711681" lon="7.15307">
                <ele>579.0</ele>
                <name>Position 704</name>
            </trkpt>
            <trkpt lat="49.711546" lon="7.153118">
                <ele>577.0</ele>
                <name>Position 705</name>
            </trkpt>
            <trkpt lat="49.71125" lon="7.153265">
                <ele>572.0</ele>
                <name>Position 706</name>
            </trkpt>
            <trkpt lat="49.711128" lon="7.153352">
                <ele>571.0</ele>
                <name>Position 707</name>
            </trkpt>
            <trkpt lat="49.711028" lon="7.153479">
                <ele>571.0</ele>
                <name>Position 708</name>
            </trkpt>
            <trkpt lat="49.710975" lon="7.153671">
                <ele>573.0</ele>
                <name>Position 709</name>
            </trkpt>
            <trkpt lat="49.71094" lon="7.153885">
                <ele>575.0</ele>
                <name>Position 710</name>
            </trkpt>
            <trkpt lat="49.710917" lon="7.154209">
                <ele>579.0</ele>
                <name>Position 711</name>
            </trkpt>
            <trkpt lat="49.710988" lon="7.154855">
                <ele>584.0</ele>
                <name>Position 712</name>
            </trkpt>
            <trkpt lat="49.710967" lon="7.155165">
                <ele>585.0</ele>
                <name>Position 713</name>
            </trkpt>
            <trkpt lat="49.71091" lon="7.155383">
                <ele>583.0</ele>
                <name>Position 714</name>
            </trkpt>
            <trkpt lat="49.710839" lon="7.155511">
                <ele>582.0</ele>
                <name>Position 715</name>
            </trkpt>
            <trkpt lat="49.710721" lon="7.155642">
                <ele>578.0</ele>
                <name>Position 716</name>
            </trkpt>
            <trkpt lat="49.710359" lon="7.155907">
                <ele>567.0</ele>
                <name>Position 717</name>
            </trkpt>
            <trkpt lat="49.710335" lon="7.155966">
                <ele>566.0</ele>
                <name>Position 718</name>
            </trkpt>
            <trkpt lat="49.710345" lon="7.156048">
                <ele>566.0</ele>
                <name>Position 719</name>
            </trkpt>
            <trkpt lat="49.710405" lon="7.156229">
                <ele>567.0</ele>
                <name>Position 720</name>
            </trkpt>
            <trkpt lat="49.710495" lon="7.156492">
                <ele>569.0</ele>
                <name>Position 721</name>
            </trkpt>
            <trkpt lat="49.710612" lon="7.15693">
                <ele>571.0</ele>
                <name>Position 722</name>
            </trkpt>
            <trkpt lat="49.710712" lon="7.157222">
                <ele>572.0</ele>
                <name>Position 723</name>
            </trkpt>
            <trkpt lat="49.710881" lon="7.157641">
                <ele>575.0</ele>
                <name>Position 724</name>
            </trkpt>
            <trkpt lat="49.710927" lon="7.157754">
                <ele>575.0</ele>
                <name>Position 725</name>
            </trkpt>
            <trkpt lat="49.710927" lon="7.157754">
                <ele>575.0</ele>
                <name>Position 726</name>
            </trkpt>
            <trkpt lat="49.710207" lon="7.157866">
                <ele>555.0</ele>
                <name>Position 727</name>
            </trkpt>
            <trkpt lat="49.710207" lon="7.157866">
                <ele>555.0</ele>
                <name>Position 728</name>
            </trkpt>
            <trkpt lat="49.710207" lon="7.156819">
                <ele>559.0</ele>
                <name>Position 729</name>
            </trkpt>
            <trkpt lat="49.710207" lon="7.156819">
                <ele>559.0</ele>
                <name>Position 730</name>
            </trkpt>
            <trkpt lat="49.710008" lon="7.15666">
                <ele>554.0</ele>
                <name>Position 731</name>
            </trkpt>
            <trkpt lat="49.709644" lon="7.156277">
                <ele>541.0</ele>
                <name>Position 732</name>
            </trkpt>
            <trkpt lat="49.709479" lon="7.156115">
                <ele>535.0</ele>
                <name>Position 733</name>
            </trkpt>
            <trkpt lat="49.709238" lon="7.155791">
                <ele>525.0</ele>
                <name>Position 734</name>
            </trkpt>
            <trkpt lat="49.709069" lon="7.15553">
                <ele>521.0</ele>
                <name>Position 735</name>
            </trkpt>
            <trkpt lat="49.709004" lon="7.155478">
                <ele>520.0</ele>
                <name>Position 736</name>
            </trkpt>
            <trkpt lat="49.708887" lon="7.155691">
                <ele>518.0</ele>
                <name>Position 737</name>
            </trkpt>
            <trkpt lat="49.708868" lon="7.155829">
                <ele>517.0</ele>
                <name>Position 738</name>
            </trkpt>
            <trkpt lat="49.708819" lon="7.156194">
                <ele>515.0</ele>
                <name>Position 739</name>
            </trkpt>
            <trkpt lat="49.708771" lon="7.15656">
                <ele>513.0</ele>
                <name>Position 740</name>
            </trkpt>
            <trkpt lat="49.708725" lon="7.157093">
                <ele>511.0</ele>
                <name>Position 741</name>
            </trkpt>
            <trkpt lat="49.70868" lon="7.157627">
                <ele>510.0</ele>
                <name>Position 742</name>
            </trkpt>
            <trkpt lat="49.708615" lon="7.158286">
                <ele>510.0</ele>
                <name>Position 743</name>
            </trkpt>
            <trkpt lat="49.708551" lon="7.158945">
                <ele>507.0</ele>
                <name>Position 744</name>
            </trkpt>
            <trkpt lat="49.708545" lon="7.158993">
                <ele>507.0</ele>
                <name>Position 745</name>
            </trkpt>
            <trkpt lat="49.708545" lon="7.158993">
                <ele>507.0</ele>
                <name>Position 746</name>
            </trkpt>
            <trkpt lat="49.708488" lon="7.159416">
                <ele>505.0</ele>
                <name>Position 747</name>
            </trkpt>
            <trkpt lat="49.708426" lon="7.159888">
                <ele>501.0</ele>
                <name>Position 748</name>
            </trkpt>
            <trkpt lat="49.708556" lon="7.159931">
                <ele>505.0</ele>
                <name>Position 749</name>
            </trkpt>
            <trkpt lat="49.708769" lon="7.160103">
                <ele>510.0</ele>
                <name>Position 750</name>
            </trkpt>
            <trkpt lat="49.709003" lon="7.160298">
                <ele>516.0</ele>
                <name>Position 751</name>
            </trkpt>
            <trkpt lat="49.709003" lon="7.160298">
                <ele>516.0</ele>
                <name>Position 752</name>
            </trkpt>
            <trkpt lat="49.709695" lon="7.158676">
                <ele>537.0</ele>
                <name>Position 753</name>
            </trkpt>
            <trkpt lat="49.709695" lon="7.158676">
                <ele>537.0</ele>
                <name>Position 754</name>
            </trkpt>
            <trkpt lat="49.709812" lon="7.158691">
                <ele>540.0</ele>
                <name>Position 755</name>
            </trkpt>
            <trkpt lat="49.709812" lon="7.158691">
                <ele>540.0</ele>
                <name>Position 756</name>
            </trkpt>
            <trkpt lat="49.709853" lon="7.159316">
                <ele>540.0</ele>
                <name>Position 757</name>
            </trkpt>
            <trkpt lat="49.709853" lon="7.159316">
                <ele>540.0</ele>
                <name>Position 758</name>
            </trkpt>
            <trkpt lat="49.709786" lon="7.159537">
                <ele>538.0</ele>
                <name>Position 759</name>
            </trkpt>
            <trkpt lat="49.709786" lon="7.159537">
                <ele>538.0</ele>
                <name>Position 760</name>
            </trkpt>
            <trkpt lat="49.710476" lon="7.16019">
                <ele>551.0</ele>
                <name>Position 761</name>
            </trkpt>
            <trkpt lat="49.710476" lon="7.16019">
                <ele>551.0</ele>
                <name>Position 762</name>
            </trkpt>
            <trkpt lat="49.71052" lon="7.15989">
                <ele>554.0</ele>
                <name>Position 763</name>
            </trkpt>
            <trkpt lat="49.710598" lon="7.159549">
                <ele>558.0</ele>
                <name>Position 764</name>
            </trkpt>
            <trkpt lat="49.710732" lon="7.15913">
                <ele>563.0</ele>
                <name>Position 765</name>
            </trkpt>
            <trkpt lat="49.710843" lon="7.15878">
                <ele>567.0</ele>
                <name>Position 766</name>
            </trkpt>
            <trkpt lat="49.710955" lon="7.15843">
                <ele>572.0</ele>
                <name>Position 767</name>
            </trkpt>
            <trkpt lat="49.711073" lon="7.158116">
                <ele>577.0</ele>
                <name>Position 768</name>
            </trkpt>
            <trkpt lat="49.71129" lon="7.158586">
                <ele>580.0</ele>
                <name>Position 769</name>
            </trkpt>
            <trkpt lat="49.711507" lon="7.159057">
                <ele>583.0</ele>
                <name>Position 770</name>
            </trkpt>
            <trkpt lat="49.711724" lon="7.159527">
                <ele>586.0</ele>
                <name>Position 771</name>
            </trkpt>
            <trkpt lat="49.71194" lon="7.159997">
                <ele>588.0</ele>
                <name>Position 772</name>
            </trkpt>
            <trkpt lat="49.712116" lon="7.160305">
                <ele>589.0</ele>
                <name>Position 773</name>
            </trkpt>
            <trkpt lat="49.712292" lon="7.160612">
                <ele>589.0</ele>
                <name>Position 774</name>
            </trkpt>
            <trkpt lat="49.712505" lon="7.160933">
                <ele>589.0</ele>
                <name>Position 775</name>
            </trkpt>
            <trkpt lat="49.712718" lon="7.161255">
                <ele>589.0</ele>
                <name>Position 776</name>
            </trkpt>
            <trkpt lat="49.712937" lon="7.161552">
                <ele>591.0</ele>
                <name>Position 777</name>
            </trkpt>
            <trkpt lat="49.713157" lon="7.161849">
                <ele>593.0</ele>
                <name>Position 778</name>
            </trkpt>
            <trkpt lat="49.713342" lon="7.162129">
                <ele>594.0</ele>
                <name>Position 779</name>
            </trkpt>
            <trkpt lat="49.713526" lon="7.162409">
                <ele>595.0</ele>
                <name>Position 780</name>
            </trkpt>
            <trkpt lat="49.713793" lon="7.162838">
                <ele>598.0</ele>
                <name>Position 781</name>
            </trkpt>
            <trkpt lat="49.714059" lon="7.163233">
                <ele>601.0</ele>
                <name>Position 782</name>
            </trkpt>
            <trkpt lat="49.714325" lon="7.163628">
                <ele>601.0</ele>
                <name>Position 783</name>
            </trkpt>
            <trkpt lat="49.714483" lon="7.163897">
                <ele>600.0</ele>
                <name>Position 784</name>
            </trkpt>
            <trkpt lat="49.714642" lon="7.164167">
                <ele>600.0</ele>
                <name>Position 785</name>
            </trkpt>
            <trkpt lat="49.71484" lon="7.164563">
                <ele>599.0</ele>
                <name>Position 786</name>
            </trkpt>
            <trkpt lat="49.715038" lon="7.164959">
                <ele>598.0</ele>
                <name>Position 787</name>
            </trkpt>
            <trkpt lat="49.715235" lon="7.165355">
                <ele>598.0</ele>
                <name>Position 788</name>
            </trkpt>
            <trkpt lat="49.715491" lon="7.165917">
                <ele>598.0</ele>
                <name>Position 789</name>
            </trkpt>
            <trkpt lat="49.715747" lon="7.166479">
                <ele>595.0</ele>
                <name>Position 790</name>
            </trkpt>
            <trkpt lat="49.715928" lon="7.166859">
                <ele>593.0</ele>
                <name>Position 791</name>
            </trkpt>
            <trkpt lat="49.716103" lon="7.167312">
                <ele>592.0</ele>
                <name>Position 792</name>
            </trkpt>
            <trkpt lat="49.716258" lon="7.167665">
                <ele>590.0</ele>
                <name>Position 793</name>
            </trkpt>
            <trkpt lat="49.71642" lon="7.167959">
                <ele>589.0</ele>
                <name>Position 794</name>
            </trkpt>
            <trkpt lat="49.716605" lon="7.168236">
                <ele>587.0</ele>
                <name>Position 795</name>
            </trkpt>
            <trkpt lat="49.716607" lon="7.168239">
                <ele>587.0</ele>
                <name>Position 796</name>
            </trkpt>
            <trkpt lat="49.716607" lon="7.168239">
                <ele>587.0</ele>
                <name>Position 797</name>
            </trkpt>
            <trkpt lat="49.716051" lon="7.169444">
                <ele>566.0</ele>
                <name>Position 798</name>
            </trkpt>
            <trkpt lat="49.716051" lon="7.169444">
                <ele>566.0</ele>
                <name>Position 799</name>
            </trkpt>
            <trkpt lat="49.716884" lon="7.168574">
                <ele>588.0</ele>
                <name>Position 800</name>
            </trkpt>
            <trkpt lat="49.716884" lon="7.168574">
                <ele>588.0</ele>
                <name>Position 801</name>
            </trkpt>
            <trkpt lat="49.717006" lon="7.168698">
                <ele>589.0</ele>
                <name>Position 802</name>
            </trkpt>
            <trkpt lat="49.717225" lon="7.16892">
                <ele>590.0</ele>
                <name>Position 803</name>
            </trkpt>
            <trkpt lat="49.717505" lon="7.169203">
                <ele>590.0</ele>
                <name>Position 804</name>
            </trkpt>
            <trkpt lat="49.717647" lon="7.16938">
                <ele>591.0</ele>
                <name>Position 805</name>
            </trkpt>
            <trkpt lat="49.717802" lon="7.169585">
                <ele>591.0</ele>
                <name>Position 806</name>
            </trkpt>
            <trkpt lat="49.717773" lon="7.169709">
                <ele>589.0</ele>
                <name>Position 807</name>
            </trkpt>
            <trkpt lat="49.717831" lon="7.170077">
                <ele>585.0</ele>
                <name>Position 808</name>
            </trkpt>
            <trkpt lat="49.717923" lon="7.170465">
                <ele>582.0</ele>
                <name>Position 809</name>
            </trkpt>
            <trkpt lat="49.717987" lon="7.170817">
                <ele>578.0</ele>
                <name>Position 810</name>
            </trkpt>
            <trkpt lat="49.718049" lon="7.171363">
                <ele>574.0</ele>
                <name>Position 811</name>
            </trkpt>
            <trkpt lat="49.718103" lon="7.171858">
                <ele>571.0</ele>
                <name>Position 812</name>
            </trkpt>
            <trkpt lat="49.718141" lon="7.172291">
                <ele>569.0</ele>
                <name>Position 813</name>
            </trkpt>
            <trkpt lat="49.718146" lon="7.172789">
                <ele>567.0</ele>
                <name>Position 814</name>
            </trkpt>
            <trkpt lat="49.717845" lon="7.172308">
                <ele>567.0</ele>
                <name>Position 815</name>
            </trkpt>
            <trkpt lat="49.717543" lon="7.171827">
                <ele>567.0</ele>
                <name>Position 816</name>
            </trkpt>
            <trkpt lat="49.717242" lon="7.171347">
                <ele>567.0</ele>
                <name>Position 817</name>
            </trkpt>
            <trkpt lat="49.717098" lon="7.171117">
                <ele>567.0</ele>
                <name>Position 818</name>
            </trkpt>
            <trkpt lat="49.717098" lon="7.171117">
                <ele>567.0</ele>
                <name>Position 819</name>
            </trkpt>
            <trkpt lat="49.717242" lon="7.171347">
                <ele>567.0</ele>
                <name>Position 820</name>
            </trkpt>
            <trkpt lat="49.717543" lon="7.171827">
                <ele>567.0</ele>
                <name>Position 821</name>
            </trkpt>
            <trkpt lat="49.717845" lon="7.172308">
                <ele>567.0</ele>
                <name>Position 822</name>
            </trkpt>
            <trkpt lat="49.718079" lon="7.172682">
                <ele>567.0</ele>
                <name>Position 823</name>
            </trkpt>
            <trkpt lat="49.718079" lon="7.172682">
                <ele>567.0</ele>
                <name>Position 824</name>
            </trkpt>
            <trkpt lat="49.717954" lon="7.172483">
                <ele>566.0</ele>
                <name>Position 825</name>
            </trkpt>
            <trkpt lat="49.717954" lon="7.172483">
                <ele>566.0</ele>
                <name>Position 826</name>
            </trkpt>
            <trkpt lat="49.717142" lon="7.173008">
                <ele>559.0</ele>
                <name>Position 827</name>
            </trkpt>
            <trkpt lat="49.717142" lon="7.173008">
                <ele>559.0</ele>
                <name>Position 828</name>
            </trkpt>
            <trkpt lat="49.716521" lon="7.173465">
                <ele>555.0</ele>
                <name>Position 829</name>
            </trkpt>
            <trkpt lat="49.716521" lon="7.173465">
                <ele>555.0</ele>
                <name>Position 830</name>
            </trkpt>
            <trkpt lat="49.716293" lon="7.173542">
                <ele>553.0</ele>
                <name>Position 831</name>
            </trkpt>
            <trkpt lat="49.716293" lon="7.173542">
                <ele>553.0</ele>
                <name>Position 832</name>
            </trkpt>
            <trkpt lat="49.716072" lon="7.173459">
                <ele>552.0</ele>
                <name>Position 833</name>
            </trkpt>
            <trkpt lat="49.716072" lon="7.173459">
                <ele>552.0</ele>
                <name>Position 834</name>
            </trkpt>
            <trkpt lat="49.715915" lon="7.173217">
                <ele>551.0</ele>
                <name>Position 835</name>
            </trkpt>
            <trkpt lat="49.715915" lon="7.173217">
                <ele>551.0</ele>
                <name>Position 836</name>
            </trkpt>
            <trkpt lat="49.715573" lon="7.173321">
                <ele>549.0</ele>
                <name>Position 837</name>
            </trkpt>
            <trkpt lat="49.715573" lon="7.173321">
                <ele>549.0</ele>
                <name>Position 838</name>
            </trkpt>
            <trkpt lat="49.71469" lon="7.174204">
                <ele>543.0</ele>
                <name>Position 839</name>
            </trkpt>
            <trkpt lat="49.71469" lon="7.174204">
                <ele>543.0</ele>
                <name>Position 840</name>
            </trkpt>
            <trkpt lat="49.714583" lon="7.175203">
                <ele>546.0</ele>
                <name>Position 841</name>
            </trkpt>
            <trkpt lat="49.714583" lon="7.175203">
                <ele>546.0</ele>
                <name>Position 842</name>
            </trkpt>
            <trkpt lat="49.714524" lon="7.175169">
                <ele>546.0</ele>
                <name>Position 843</name>
            </trkpt>
            <trkpt lat="49.714427" lon="7.175142">
                <ele>545.0</ele>
                <name>Position 844</name>
            </trkpt>
            <trkpt lat="49.714271" lon="7.175112">
                <ele>545.0</ele>
                <name>Position 845</name>
            </trkpt>
            <trkpt lat="49.714236" lon="7.175106">
                <ele>544.0</ele>
                <name>Position 846</name>
            </trkpt>
            <trkpt lat="49.714236" lon="7.175106">
                <ele>544.0</ele>
                <name>Position 847</name>
            </trkpt>
            <trkpt lat="49.714068" lon="7.176164">
                <ele>551.0</ele>
                <name>Position 848</name>
            </trkpt>
            <trkpt lat="49.714068" lon="7.176164">
                <ele>551.0</ele>
                <name>Position 849</name>
            </trkpt>
            <trkpt lat="49.713935" lon="7.176381">
                <ele>552.0</ele>
                <name>Position 850</name>
            </trkpt>
            <trkpt lat="49.713935" lon="7.176381">
                <ele>552.0</ele>
                <name>Position 851</name>
            </trkpt>
            <trkpt lat="49.713713" lon="7.176538">
                <ele>551.0</ele>
                <name>Position 852</name>
            </trkpt>
            <trkpt lat="49.713713" lon="7.176538">
                <ele>551.0</ele>
                <name>Position 853</name>
            </trkpt>
            <trkpt lat="49.71365" lon="7.176936">
                <ele>549.0</ele>
                <name>Position 854</name>
            </trkpt>
            <trkpt lat="49.71365" lon="7.176936">
                <ele>549.0</ele>
                <name>Position 855</name>
            </trkpt>
            <trkpt lat="49.713578" lon="7.17705">
                <ele>548.0</ele>
                <name>Position 856</name>
            </trkpt>
            <trkpt lat="49.713578" lon="7.17705">
                <ele>548.0</ele>
                <name>Position 857</name>
            </trkpt>
            <trkpt lat="49.713006" lon="7.176638">
                <ele>545.0</ele>
                <name>Position 858</name>
            </trkpt>
            <trkpt lat="49.713006" lon="7.176638">
                <ele>545.0</ele>
                <name>Position 859</name>
            </trkpt>
            <trkpt lat="49.712229" lon="7.176249">
                <ele>540.0</ele>
                <name>Position 860</name>
            </trkpt>
            <trkpt lat="49.712229" lon="7.176249">
                <ele>540.0</ele>
                <name>Position 861</name>
            </trkpt>
            <trkpt lat="49.711538" lon="7.175315">
                <ele>536.0</ele>
                <name>Position 862</name>
            </trkpt>
            <trkpt lat="49.711538" lon="7.175315">
                <ele>536.0</ele>
                <name>Position 863</name>
            </trkpt>
            <trkpt lat="49.711571" lon="7.174152">
                <ele>528.0</ele>
                <name>Position 864</name>
            </trkpt>
            <trkpt lat="49.711571" lon="7.174152">
                <ele>528.0</ele>
                <name>Position 865</name>
            </trkpt>
            <trkpt lat="49.711548" lon="7.174136">
                <ele>528.0</ele>
                <name>Position 866</name>
            </trkpt>
            <trkpt lat="49.711339" lon="7.17394">
                <ele>526.0</ele>
                <name>Position 867</name>
            </trkpt>
            <trkpt lat="49.711283" lon="7.173908">
                <ele>526.0</ele>
                <name>Position 868</name>
            </trkpt>
            <trkpt lat="49.711283" lon="7.173908">
                <ele>526.0</ele>
                <name>Position 869</name>
            </trkpt>
            <trkpt lat="49.71094" lon="7.174724">
                <ele>532.0</ele>
                <name>Position 870</name>
            </trkpt>
            <trkpt lat="49.71094" lon="7.174724">
                <ele>532.0</ele>
                <name>Position 871</name>
            </trkpt>
            <trkpt lat="49.710958" lon="7.173801">
                <ele>524.0</ele>
                <name>Position 872</name>
            </trkpt>
            <trkpt lat="49.710958" lon="7.173801">
                <ele>524.0</ele>
                <name>Position 873</name>
            </trkpt>
            <trkpt lat="49.710878" lon="7.173786">
                <ele>524.0</ele>
                <name>Position 874</name>
            </trkpt>
            <trkpt lat="49.71073" lon="7.173748">
                <ele>522.0</ele>
                <name>Position 875</name>
            </trkpt>
            <trkpt lat="49.71066" lon="7.173686">
                <ele>521.0</ele>
                <name>Position 876</name>
            </trkpt>
            <trkpt lat="49.710574" lon="7.1736">
                <ele>519.0</ele>
                <name>Position 877</name>
            </trkpt>
            <trkpt lat="49.71028" lon="7.173154">
                <ele>513.0</ele>
                <name>Position 878</name>
            </trkpt>
            <trkpt lat="49.710051" lon="7.172916">
                <ele>510.0</ele>
                <name>Position 879</name>
            </trkpt>
            <trkpt lat="49.709898" lon="7.173005">
                <ele>508.0</ele>
                <name>Position 880</name>
            </trkpt>
            <trkpt lat="49.709865" lon="7.173063">
                <ele>508.0</ele>
                <name>Position 881</name>
            </trkpt>
            <trkpt lat="49.709838" lon="7.173177">
                <ele>507.0</ele>
                <name>Position 882</name>
            </trkpt>
            <trkpt lat="49.709838" lon="7.173177">
                <ele>507.0</ele>
                <name>Position 883</name>
            </trkpt>
            <trkpt lat="49.709865" lon="7.173063">
                <ele>508.0</ele>
                <name>Position 884</name>
            </trkpt>
            <trkpt lat="49.709874" lon="7.173047">
                <ele>508.0</ele>
                <name>Position 885</name>
            </trkpt>
            <trkpt lat="49.709874" lon="7.173047">
                <ele>508.0</ele>
                <name>Position 886</name>
            </trkpt>
            <trkpt lat="49.709865" lon="7.173063">
                <ele>508.0</ele>
                <name>Position 887</name>
            </trkpt>
            <trkpt lat="49.709812" lon="7.173288">
                <ele>507.0</ele>
                <name>Position 888</name>
            </trkpt>
            <trkpt lat="49.70971" lon="7.173507">
                <ele>505.0</ele>
                <name>Position 889</name>
            </trkpt>
            <trkpt lat="49.709619" lon="7.173591">
                <ele>503.0</ele>
                <name>Position 890</name>
            </trkpt>
            <trkpt lat="49.709483" lon="7.173856">
                <ele>500.0</ele>
                <name>Position 891</name>
            </trkpt>
            <trkpt lat="49.709339" lon="7.17405">
                <ele>496.0</ele>
                <name>Position 892</name>
            </trkpt>
            <trkpt lat="49.709184" lon="7.173641">
                <ele>493.0</ele>
                <name>Position 893</name>
            </trkpt>
            <trkpt lat="49.70903" lon="7.173232">
                <ele>492.0</ele>
                <name>Position 894</name>
            </trkpt>
            <trkpt lat="49.70899" lon="7.173011">
                <ele>491.0</ele>
                <name>Position 895</name>
            </trkpt>
            <trkpt lat="49.708973" lon="7.172674">
                <ele>491.0</ele>
                <name>Position 896</name>
            </trkpt>
            <trkpt lat="49.708973" lon="7.172674">
                <ele>491.0</ele>
                <name>Position 897</name>
            </trkpt>
            <trkpt lat="49.70899" lon="7.173011">
                <ele>491.0</ele>
                <name>Position 898</name>
            </trkpt>
            <trkpt lat="49.70903" lon="7.173232">
                <ele>492.0</ele>
                <name>Position 899</name>
            </trkpt>
            <trkpt lat="49.709184" lon="7.173641">
                <ele>493.0</ele>
                <name>Position 900</name>
            </trkpt>
            <trkpt lat="49.709339" lon="7.17405">
                <ele>496.0</ele>
                <name>Position 901</name>
            </trkpt>
            <trkpt lat="49.709483" lon="7.173856">
                <ele>500.0</ele>
                <name>Position 902</name>
            </trkpt>
            <trkpt lat="49.709619" lon="7.173591">
                <ele>503.0</ele>
                <name>Position 903</name>
            </trkpt>
            <trkpt lat="49.70971" lon="7.173507">
                <ele>505.0</ele>
                <name>Position 904</name>
            </trkpt>
            <trkpt lat="49.709812" lon="7.173288">
                <ele>507.0</ele>
                <name>Position 905</name>
            </trkpt>
            <trkpt lat="49.709865" lon="7.173063">
                <ele>508.0</ele>
                <name>Position 906</name>
            </trkpt>
            <trkpt lat="49.709898" lon="7.173005">
                <ele>508.0</ele>
                <name>Position 907</name>
            </trkpt>
            <trkpt lat="49.710051" lon="7.172916">
                <ele>510.0</ele>
                <name>Position 908</name>
            </trkpt>
            <trkpt lat="49.710226" lon="7.172795">
                <ele>511.0</ele>
                <name>Position 909</name>
            </trkpt>
            <trkpt lat="49.710376" lon="7.172724">
                <ele>511.0</ele>
                <name>Position 910</name>
            </trkpt>
            <trkpt lat="49.710482" lon="7.172696">
                <ele>512.0</ele>
                <name>Position 911</name>
            </trkpt>
            <trkpt lat="49.71063" lon="7.172699">
                <ele>513.0</ele>
                <name>Position 912</name>
            </trkpt>
            <trkpt lat="49.710674" lon="7.1727">
                <ele>513.0</ele>
                <name>Position 913</name>
            </trkpt>
            <trkpt lat="49.710792" lon="7.17266">
                <ele>514.0</ele>
                <name>Position 914</name>
            </trkpt>
            <trkpt lat="49.710822" lon="7.172617">
                <ele>514.0</ele>
                <name>Position 915</name>
            </trkpt>
            <trkpt lat="49.710849" lon="7.172576">
                <ele>514.0</ele>
                <name>Position 916</name>
            </trkpt>
            <trkpt lat="49.710932" lon="7.172493">
                <ele>515.0</ele>
                <name>Position 917</name>
            </trkpt>
            <trkpt lat="49.711055" lon="7.172419">
                <ele>516.0</ele>
                <name>Position 918</name>
            </trkpt>
            <trkpt lat="49.711454" lon="7.172307">
                <ele>520.0</ele>
                <name>Position 919</name>
            </trkpt>
            <trkpt lat="49.711566" lon="7.172245">
                <ele>521.0</ele>
                <name>Position 920</name>
            </trkpt>
            <trkpt lat="49.711623" lon="7.172179">
                <ele>522.0</ele>
                <name>Position 921</name>
            </trkpt>
            <trkpt lat="49.711702" lon="7.172087">
                <ele>523.0</ele>
                <name>Position 922</name>
            </trkpt>
            <trkpt lat="49.711869" lon="7.171767">
                <ele>526.0</ele>
                <name>Position 923</name>
            </trkpt>
            <trkpt lat="49.711962" lon="7.171591">
                <ele>527.0</ele>
                <name>Position 924</name>
            </trkpt>
            <trkpt lat="49.712023" lon="7.171478">
                <ele>528.0</ele>
                <name>Position 925</name>
            </trkpt>
            <trkpt lat="49.71215" lon="7.171149">
                <ele>529.0</ele>
                <name>Position 926</name>
            </trkpt>
            <trkpt lat="49.712278" lon="7.170819">
                <ele>531.0</ele>
                <name>Position 927</name>
            </trkpt>
            <trkpt lat="49.712341" lon="7.17065">
                <ele>532.0</ele>
                <name>Position 928</name>
            </trkpt>
            <trkpt lat="49.712376" lon="7.17038">
                <ele>533.0</ele>
                <name>Position 929</name>
            </trkpt>
            <trkpt lat="49.712412" lon="7.169978">
                <ele>534.0</ele>
                <name>Position 930</name>
            </trkpt>
            <trkpt lat="49.712447" lon="7.169576">
                <ele>535.0</ele>
                <name>Position 931</name>
            </trkpt>
            <trkpt lat="49.712488" lon="7.169176">
                <ele>536.0</ele>
                <name>Position 932</name>
            </trkpt>
            <trkpt lat="49.712537" lon="7.168976">
                <ele>537.0</ele>
                <name>Position 933</name>
            </trkpt>
            <trkpt lat="49.712631" lon="7.168741">
                <ele>539.0</ele>
                <name>Position 934</name>
            </trkpt>
            <trkpt lat="49.712747" lon="7.16847">
                <ele>541.0</ele>
                <name>Position 935</name>
            </trkpt>
            <trkpt lat="49.712807" lon="7.168332">
                <ele>542.0</ele>
                <name>Position 936</name>
            </trkpt>
            <trkpt lat="49.712835" lon="7.168257">
                <ele>543.0</ele>
                <name>Position 937</name>
            </trkpt>
            <trkpt lat="49.712941" lon="7.167978">
                <ele>545.0</ele>
                <name>Position 938</name>
            </trkpt>
            <trkpt lat="49.71304" lon="7.167788">
                <ele>546.0</ele>
                <name>Position 939</name>
            </trkpt>
            <trkpt lat="49.713218" lon="7.167534">
                <ele>549.0</ele>
                <name>Position 940</name>
            </trkpt>
            <trkpt lat="49.713261" lon="7.167456">
                <ele>550.0</ele>
                <name>Position 941</name>
            </trkpt>
            <trkpt lat="49.713293" lon="7.167336">
                <ele>551.0</ele>
                <name>Position 942</name>
            </trkpt>
            <trkpt lat="49.713324" lon="7.167223">
                <ele>551.0</ele>
                <name>Position 943</name>
            </trkpt>
            <trkpt lat="49.713453" lon="7.166634">
                <ele>555.0</ele>
                <name>Position 944</name>
            </trkpt>
            <trkpt lat="49.713529" lon="7.166363">
                <ele>558.0</ele>
                <name>Position 945</name>
            </trkpt>
            <trkpt lat="49.713643" lon="7.166132">
                <ele>560.0</ele>
                <name>Position 946</name>
            </trkpt>
            <trkpt lat="49.713778" lon="7.165896">
                <ele>563.0</ele>
                <name>Position 947</name>
            </trkpt>
            <trkpt lat="49.713651" lon="7.165733">
                <ele>562.0</ele>
                <name>Position 948</name>
            </trkpt>
            <trkpt lat="49.713388" lon="7.165351">
                <ele>560.0</ele>
                <name>Position 949</name>
            </trkpt>
            <trkpt lat="49.713175" lon="7.165013">
                <ele>558.0</ele>
                <name>Position 950</name>
            </trkpt>
            <trkpt lat="49.713015" lon="7.16476">
                <ele>556.0</ele>
                <name>Position 951</name>
            </trkpt>
            <trkpt lat="49.713015" lon="7.16476">
                <ele>556.0</ele>
                <name>Position 952</name>
            </trkpt>
            <trkpt lat="49.712962" lon="7.164676">
                <ele>555.0</ele>
                <name>Position 953</name>
            </trkpt>
            <trkpt lat="49.712873" lon="7.164534">
                <ele>554.0</ele>
                <name>Position 954</name>
            </trkpt>
            <trkpt lat="49.712873" lon="7.164534">
                <ele>554.0</ele>
                <name>Position 955</name>
            </trkpt>
            <trkpt lat="49.712962" lon="7.164676">
                <ele>555.0</ele>
                <name>Position 956</name>
            </trkpt>
            <trkpt lat="49.712972" lon="7.164692">
                <ele>556.0</ele>
                <name>Position 957</name>
            </trkpt>
            <trkpt lat="49.712972" lon="7.164692">
                <ele>556.0</ele>
                <name>Position 958</name>
            </trkpt>
            <trkpt lat="49.712962" lon="7.164676">
                <ele>555.0</ele>
                <name>Position 959</name>
            </trkpt>
            <trkpt lat="49.712749" lon="7.164339">
                <ele>553.0</ele>
                <name>Position 960</name>
            </trkpt>
            <trkpt lat="49.712497" lon="7.164053">
                <ele>550.0</ele>
                <name>Position 961</name>
            </trkpt>
            <trkpt lat="49.712245" lon="7.163767">
                <ele>548.0</ele>
                <name>Position 962</name>
            </trkpt>
            <trkpt lat="49.712069" lon="7.163534">
                <ele>548.0</ele>
                <name>Position 963</name>
            </trkpt>
            <trkpt lat="49.711892" lon="7.163301">
                <ele>548.0</ele>
                <name>Position 964</name>
            </trkpt>
            <trkpt lat="49.711624" lon="7.162986">
                <ele>548.0</ele>
                <name>Position 965</name>
            </trkpt>
            <trkpt lat="49.711355" lon="7.162672">
                <ele>549.0</ele>
                <name>Position 966</name>
            </trkpt>
            <trkpt lat="49.711052" lon="7.162321">
                <ele>548.0</ele>
                <name>Position 967</name>
            </trkpt>
            <trkpt lat="49.710749" lon="7.161969">
                <ele>544.0</ele>
                <name>Position 968</name>
            </trkpt>
            <trkpt lat="49.710508" lon="7.161668">
                <ele>541.0</ele>
                <name>Position 969</name>
            </trkpt>
            <trkpt lat="49.710429" lon="7.161568">
                <ele>540.0</ele>
                <name>Position 970</name>
            </trkpt>
            <trkpt lat="49.710429" lon="7.161568">
                <ele>540.0</ele>
                <name>Position 971</name>
            </trkpt>
            <trkpt lat="49.709847" lon="7.162397">
                <ele>528.0</ele>
                <name>Position 972</name>
            </trkpt>
            <trkpt lat="49.709847" lon="7.162397">
                <ele>528.0</ele>
                <name>Position 973</name>
            </trkpt>
            <trkpt lat="49.709505" lon="7.162424">
                <ele>523.0</ele>
                <name>Position 974</name>
            </trkpt>
            <trkpt lat="49.709505" lon="7.162424">
                <ele>523.0</ele>
                <name>Position 975</name>
            </trkpt>
            <trkpt lat="49.709338" lon="7.162564">
                <ele>521.0</ele>
                <name>Position 976</name>
            </trkpt>
            <trkpt lat="49.709338" lon="7.162564">
                <ele>521.0</ele>
                <name>Position 977</name>
            </trkpt>
            <trkpt lat="49.709278" lon="7.162857">
                <ele>522.0</ele>
                <name>Position 978</name>
            </trkpt>
            <trkpt lat="49.709278" lon="7.162857">
                <ele>522.0</ele>
                <name>Position 979</name>
            </trkpt>
            <trkpt lat="49.709164" lon="7.162953">
                <ele>521.0</ele>
                <name>Position 980</name>
            </trkpt>
            <trkpt lat="49.709164" lon="7.162953">
                <ele>521.0</ele>
                <name>Position 981</name>
            </trkpt>
            <trkpt lat="49.709165" lon="7.163267">
                <ele>523.0</ele>
                <name>Position 982</name>
            </trkpt>
            <trkpt lat="49.709165" lon="7.163267">
                <ele>523.0</ele>
                <name>Position 983</name>
            </trkpt>
            <trkpt lat="49.70906" lon="7.163489">
                <ele>521.0</ele>
                <name>Position 984</name>
            </trkpt>
            <trkpt lat="49.70906" lon="7.163489">
                <ele>521.0</ele>
                <name>Position 985</name>
            </trkpt>
            <trkpt lat="49.70891" lon="7.163235">
                <ele>517.0</ele>
                <name>Position 986</name>
            </trkpt>
            <trkpt lat="49.70891" lon="7.163235">
                <ele>517.0</ele>
                <name>Position 987</name>
            </trkpt>
            <trkpt lat="49.708735" lon="7.163106">
                <ele>512.0</ele>
                <name>Position 988</name>
            </trkpt>
            <trkpt lat="49.708735" lon="7.163106">
                <ele>512.0</ele>
                <name>Position 989</name>
            </trkpt>
            <trkpt lat="49.708062" lon="7.162337">
                <ele>496.0</ele>
                <name>Position 990</name>
            </trkpt>
            <trkpt lat="49.708062" lon="7.162337">
                <ele>496.0</ele>
                <name>Position 991</name>
            </trkpt>
            <trkpt lat="49.708055" lon="7.162381">
                <ele>495.0</ele>
                <name>Position 992</name>
            </trkpt>
            <trkpt lat="49.707967" lon="7.163003">
                <ele>493.0</ele>
                <name>Position 993</name>
            </trkpt>
            <trkpt lat="49.707879" lon="7.163624">
                <ele>490.0</ele>
                <name>Position 994</name>
            </trkpt>
            <trkpt lat="49.707831" lon="7.164038">
                <ele>489.0</ele>
                <name>Position 995</name>
            </trkpt>
            <trkpt lat="49.707782" lon="7.164452">
                <ele>487.0</ele>
                <name>Position 996</name>
            </trkpt>
            <trkpt lat="49.707772" lon="7.164618">
                <ele>487.0</ele>
                <name>Position 997</name>
            </trkpt>
            <trkpt lat="49.707783" lon="7.164943">
                <ele>486.0</ele>
                <name>Position 998</name>
            </trkpt>
            <trkpt lat="49.707783" lon="7.164943">
                <ele>486.0</ele>
                <name>Position 999</name>
            </trkpt>
            <trkpt lat="49.708412" lon="7.16463">
                <ele>505.0</ele>
                <name>Position 1000</name>
            </trkpt>
            <trkpt lat="49.708412" lon="7.16463">
                <ele>505.0</ele>
                <name>Position 1001</name>
            </trkpt>
            <trkpt lat="49.707783" lon="7.164949">
                <ele>486.0</ele>
                <name>Position 1002</name>
            </trkpt>
            <trkpt lat="49.707783" lon="7.164949">
                <ele>486.0</ele>
                <name>Position 1003</name>
            </trkpt>
            <trkpt lat="49.707781" lon="7.164985">
                <ele>486.0</ele>
                <name>Position 1004</name>
            </trkpt>
            <trkpt lat="49.707757" lon="7.165403">
                <ele>485.0</ele>
                <name>Position 1005</name>
            </trkpt>
            <trkpt lat="49.707743" lon="7.165666">
                <ele>485.0</ele>
                <name>Position 1006</name>
            </trkpt>
            <trkpt lat="49.707743" lon="7.165666">
                <ele>485.0</ele>
                <name>Position 1007</name>
            </trkpt>
            <trkpt lat="49.708381" lon="7.166355">
                <ele>503.0</ele>
                <name>Position 1008</name>
            </trkpt>
            <trkpt lat="49.708381" lon="7.166355">
                <ele>503.0</ele>
                <name>Position 1009</name>
            </trkpt>
            <trkpt lat="49.708364" lon="7.166937">
                <ele>500.0</ele>
                <name>Position 1010</name>
            </trkpt>
            <trkpt lat="49.708364" lon="7.166937">
                <ele>500.0</ele>
                <name>Position 1011</name>
            </trkpt>
            <trkpt lat="49.708521" lon="7.168003">
                <ele>502.0</ele>
                <name>Position 1012</name>
            </trkpt>
            <trkpt lat="49.708521" lon="7.168003">
                <ele>502.0</ele>
                <name>Position 1013</name>
            </trkpt>
            <trkpt lat="49.708542" lon="7.166667">
                <ele>506.0</ele>
                <name>Position 1014</name>
            </trkpt>
            <trkpt lat="49.708542" lon="7.166667">
                <ele>506.0</ele>
                <name>Position 1015</name>
            </trkpt>
            <trkpt lat="49.70867" lon="7.166315">
                <ele>511.0</ele>
                <name>Position 1016</name>
            </trkpt>
            <trkpt lat="49.70867" lon="7.166315">
                <ele>511.0</ele>
                <name>Position 1017</name>
            </trkpt>
            <trkpt lat="49.708727" lon="7.165673">
                <ele>514.0</ele>
                <name>Position 1018</name>
            </trkpt>
            <trkpt lat="49.708727" lon="7.165673">
                <ele>514.0</ele>
                <name>Position 1019</name>
            </trkpt>
            <trkpt lat="49.708928" lon="7.1652">
                <ele>520.0</ele>
                <name>Position 1020</name>
            </trkpt>
            <trkpt lat="49.708928" lon="7.1652">
                <ele>520.0</ele>
                <name>Position 1021</name>
            </trkpt>
            <trkpt lat="49.709135" lon="7.164401">
                <ele>525.0</ele>
                <name>Position 1022</name>
            </trkpt>
            <trkpt lat="49.709135" lon="7.164401">
                <ele>525.0</ele>
                <name>Position 1023</name>
            </trkpt>
            <trkpt lat="49.709324" lon="7.164171">
                <ele>527.0</ele>
                <name>Position 1024</name>
            </trkpt>
            <trkpt lat="49.709324" lon="7.164171">
                <ele>527.0</ele>
                <name>Position 1025</name>
            </trkpt>
            <trkpt lat="49.71027" lon="7.164152">
                <ele>533.0</ele>
                <name>Position 1026</name>
            </trkpt>
            <trkpt lat="49.71027" lon="7.164152">
                <ele>533.0</ele>
                <name>Position 1027</name>
            </trkpt>
            <trkpt lat="49.710271" lon="7.164239">
                <ele>533.0</ele>
                <name>Position 1028</name>
            </trkpt>
            <trkpt lat="49.710281" lon="7.164774">
                <ele>534.0</ele>
                <name>Position 1029</name>
            </trkpt>
            <trkpt lat="49.710234" lon="7.164837">
                <ele>534.0</ele>
                <name>Position 1030</name>
            </trkpt>
            <trkpt lat="49.710174" lon="7.164918">
                <ele>535.0</ele>
                <name>Position 1031</name>
            </trkpt>
            <trkpt lat="49.710036" lon="7.165233">
                <ele>535.0</ele>
                <name>Position 1032</name>
            </trkpt>
            <trkpt lat="49.709834" lon="7.165738">
                <ele>532.0</ele>
                <name>Position 1033</name>
            </trkpt>
            <trkpt lat="49.709633" lon="7.166243">
                <ele>529.0</ele>
                <name>Position 1034</name>
            </trkpt>
            <trkpt lat="49.709431" lon="7.166748">
                <ele>525.0</ele>
                <name>Position 1035</name>
            </trkpt>
            <trkpt lat="49.709303" lon="7.167092">
                <ele>522.0</ele>
                <name>Position 1036</name>
            </trkpt>
            <trkpt lat="49.709237" lon="7.167376">
                <ele>521.0</ele>
                <name>Position 1037</name>
            </trkpt>
            <trkpt lat="49.709244" lon="7.1675">
                <ele>520.0</ele>
                <name>Position 1038</name>
            </trkpt>
            <trkpt lat="49.709235" lon="7.167987">
                <ele>518.0</ele>
                <name>Position 1039</name>
            </trkpt>
            <trkpt lat="49.709208" lon="7.16847">
                <ele>516.0</ele>
                <name>Position 1040</name>
            </trkpt>
            <trkpt lat="49.709205" lon="7.168533">
                <ele>516.0</ele>
                <name>Position 1041</name>
            </trkpt>
            <trkpt lat="49.709205" lon="7.168533">
                <ele>516.0</ele>
                <name>Position 1042</name>
            </trkpt>
            <trkpt lat="49.708549" lon="7.168754">
                <ele>502.0</ele>
                <name>Position 1043</name>
            </trkpt>
            <trkpt lat="49.708549" lon="7.168754">
                <ele>502.0</ele>
                <name>Position 1044</name>
            </trkpt>
            <trkpt lat="49.708457" lon="7.168953">
                <ele>500.0</ele>
                <name>Position 1045</name>
            </trkpt>
            <trkpt lat="49.708457" lon="7.168953">
                <ele>500.0</ele>
                <name>Position 1046</name>
            </trkpt>
            <trkpt lat="49.708867" lon="7.169791">
                <ele>505.0</ele>
                <name>Position 1047</name>
            </trkpt>
            <trkpt lat="49.708867" lon="7.169791">
                <ele>505.0</ele>
                <name>Position 1048</name>
            </trkpt>
            <trkpt lat="49.708711" lon="7.170163">
                <ele>502.0</ele>
                <name>Position 1049</name>
            </trkpt>
            <trkpt lat="49.70861" lon="7.170495">
                <ele>499.0</ele>
                <name>Position 1050</name>
            </trkpt>
            <trkpt lat="49.70851" lon="7.170827">
                <ele>496.0</ele>
                <name>Position 1051</name>
            </trkpt>
            <trkpt lat="49.708476" lon="7.171045">
                <ele>494.0</ele>
                <name>Position 1052</name>
            </trkpt>
            <trkpt lat="49.70847" lon="7.17122">
                <ele>493.0</ele>
                <name>Position 1053</name>
            </trkpt>
            <trkpt lat="49.708484" lon="7.171503">
                <ele>491.0</ele>
                <name>Position 1054</name>
            </trkpt>
            <trkpt lat="49.708568" lon="7.171917">
                <ele>489.0</ele>
                <name>Position 1055</name>
            </trkpt>
            <trkpt lat="49.708592" lon="7.171995">
                <ele>489.0</ele>
                <name>Position 1056</name>
            </trkpt>
            <trkpt lat="49.708592" lon="7.171995">
                <ele>489.0</ele>
                <name>Position 1057</name>
            </trkpt>
            <trkpt lat="49.708784" lon="7.172238">
                <ele>490.0</ele>
                <name>Position 1058</name>
            </trkpt>
            <trkpt lat="49.708927" lon="7.172475">
                <ele>491.0</ele>
                <name>Position 1059</name>
            </trkpt>
            <trkpt lat="49.708973" lon="7.172674">
                <ele>491.0</ele>
                <name>Position 1060</name>
            </trkpt>
            <trkpt lat="49.708797" lon="7.172731">
                <ele>489.0</ele>
                <name>Position 1061</name>
            </trkpt>
            <trkpt lat="49.708567" lon="7.172815">
                <ele>486.0</ele>
                <name>Position 1062</name>
            </trkpt>
            <trkpt lat="49.708336" lon="7.172899">
                <ele>483.0</ele>
                <name>Position 1063</name>
            </trkpt>
            <trkpt lat="49.708041" lon="7.172984">
                <ele>478.0</ele>
                <name>Position 1064</name>
            </trkpt>
            <trkpt lat="49.707756" lon="7.172979">
                <ele>475.0</ele>
                <name>Position 1065</name>
            </trkpt>
            <trkpt lat="49.70764" lon="7.172978">
                <ele>473.0</ele>
                <name>Position 1066</name>
            </trkpt>
            <trkpt lat="49.70764" lon="7.172978">
                <ele>473.0</ele>
                <name>Position 1067</name>
            </trkpt>
            <trkpt lat="49.707076" lon="7.174008">
                <ele>465.0</ele>
                <name>Position 1068</name>
            </trkpt>
            <trkpt lat="49.707076" lon="7.174008">
                <ele>465.0</ele>
                <name>Position 1069</name>
            </trkpt>
            <trkpt lat="49.708141" lon="7.173882">
                <ele>478.0</ele>
                <name>Position 1070</name>
            </trkpt>
            <trkpt lat="49.708141" lon="7.173882">
                <ele>478.0</ele>
                <name>Position 1071</name>
            </trkpt>
            <trkpt lat="49.709054" lon="7.173297">
                <ele>492.0</ele>
                <name>Position 1072</name>
            </trkpt>
            <trkpt lat="49.709054" lon="7.173297">
                <ele>492.0</ele>
                <name>Position 1073</name>
            </trkpt>
            <trkpt lat="49.709184" lon="7.173641">
                <ele>493.0</ele>
                <name>Position 1074</name>
            </trkpt>
            <trkpt lat="49.709339" lon="7.17405">
                <ele>496.0</ele>
                <name>Position 1075</name>
            </trkpt>
            <trkpt lat="49.709366" lon="7.1742">
                <ele>496.0</ele>
                <name>Position 1076</name>
            </trkpt>
            <trkpt lat="49.709445" lon="7.174494">
                <ele>498.0</ele>
                <name>Position 1077</name>
            </trkpt>
            <trkpt lat="49.709515" lon="7.174837">
                <ele>499.0</ele>
                <name>Position 1078</name>
            </trkpt>
            <trkpt lat="49.709607" lon="7.175351">
                <ele>499.0</ele>
                <name>Position 1079</name>
            </trkpt>
            <trkpt lat="49.709644" lon="7.175845">
                <ele>499.0</ele>
                <name>Position 1080</name>
            </trkpt>
            <trkpt lat="49.709682" lon="7.176339">
                <ele>498.0</ele>
                <name>Position 1081</name>
            </trkpt>
            <trkpt lat="49.709759" lon="7.176774">
                <ele>499.0</ele>
                <name>Position 1082</name>
            </trkpt>
            <trkpt lat="49.709872" lon="7.177352">
                <ele>498.0</ele>
                <name>Position 1083</name>
            </trkpt>
            <trkpt lat="49.710033" lon="7.177851">
                <ele>496.0</ele>
                <name>Position 1084</name>
            </trkpt>
            <trkpt lat="49.710186" lon="7.178272">
                <ele>495.0</ele>
                <name>Position 1085</name>
            </trkpt>
            <trkpt lat="49.710309" lon="7.17858">
                <ele>494.5</ele>
                <name>Position 1086</name>
            </trkpt>
            <trkpt lat="49.710431" lon="7.178887">
                <ele>494.3</ele>
                <name>Position 1087</name>
            </trkpt>
            <trkpt lat="49.710582" lon="7.179188">
                <ele>493.0</ele>
                <name>Position 1088</name>
            </trkpt>
            <trkpt lat="49.710734" lon="7.179488">
                <ele>494.0</ele>
                <name>Position 1089</name>
            </trkpt>
            <trkpt lat="49.710926" lon="7.179846">
                <ele>494.0</ele>
                <name>Position 1090</name>
            </trkpt>
            <trkpt lat="49.711119" lon="7.180204">
                <ele>493.0</ele>
                <name>Position 1091</name>
            </trkpt>
            <trkpt lat="49.711405" lon="7.180632">
                <ele>493.0</ele>
                <name>Position 1092</name>
            </trkpt>
            <trkpt lat="49.711659" lon="7.181012">
                <ele>493.0</ele>
                <name>Position 1093</name>
            </trkpt>
            <trkpt lat="49.711659" lon="7.181012">
                <ele>493.0</ele>
                <name>Position 1094</name>
            </trkpt>
            <trkpt lat="49.711691" lon="7.181059">
                <ele>492.3</ele>
                <name>Position 1095</name>
            </trkpt>
            <trkpt lat="49.711977" lon="7.181487">
                <ele>492.0</ele>
                <name>Position 1096</name>
            </trkpt>
            <trkpt lat="49.712091" lon="7.181548">
                <ele>493.0</ele>
                <name>Position 1097</name>
            </trkpt>
            <trkpt lat="49.712391" lon="7.18173">
                <ele>494.8</ele>
                <name>Position 1098</name>
            </trkpt>
            <trkpt lat="49.712596" lon="7.181834">
                <ele>497.0</ele>
                <name>Position 1099</name>
            </trkpt>
            <trkpt lat="49.71273" lon="7.18192">
                <ele>498.0</ele>
                <name>Position 1100</name>
            </trkpt>
            <trkpt lat="49.712763" lon="7.182275">
                <ele>494.0</ele>
                <name>Position 1101</name>
            </trkpt>
            <trkpt lat="49.712797" lon="7.182631">
                <ele>491.0</ele>
                <name>Position 1102</name>
            </trkpt>
            <trkpt lat="49.7128" lon="7.182659">
                <ele>491.0</ele>
                <name>Position 1103</name>
            </trkpt>
            <trkpt lat="49.712779" lon="7.182759">
                <ele>490.0</ele>
                <name>Position 1104</name>
            </trkpt>
            <trkpt lat="49.712717" lon="7.182876">
                <ele>487.0</ele>
                <name>Position 1105</name>
            </trkpt>
            <trkpt lat="49.712684" lon="7.182914">
                <ele>486.0</ele>
                <name>Position 1106</name>
            </trkpt>
            <trkpt lat="49.712515" lon="7.183111">
                <ele>481.0</ele>
                <name>Position 1107</name>
            </trkpt>
            <trkpt lat="49.712178" lon="7.183501">
                <ele>474.0</ele>
                <name>Position 1108</name>
            </trkpt>
            <trkpt lat="49.711841" lon="7.183892">
                <ele>468.0</ele>
                <name>Position 1109</name>
            </trkpt>
            <trkpt lat="49.711484" lon="7.184018">
                <ele>464.0</ele>
                <name>Position 1110</name>
            </trkpt>
            <trkpt lat="49.711416" lon="7.184043">
                <ele>463.0</ele>
                <name>Position 1111</name>
            </trkpt>
            <trkpt lat="49.711352" lon="7.184067">
                <ele>462.0</ele>
                <name>Position 1112</name>
            </trkpt>
            <trkpt lat="49.710962" lon="7.184199">
                <ele>458.0</ele>
                <name>Position 1113</name>
            </trkpt>
            <trkpt lat="49.710573" lon="7.184332">
                <ele>455.0</ele>
                <name>Position 1114</name>
            </trkpt>
            <trkpt lat="49.710245" lon="7.184456">
                <ele>452.0</ele>
                <name>Position 1115</name>
            </trkpt>
            <trkpt lat="49.709918" lon="7.18458">
                <ele>450.0</ele>
                <name>Position 1116</name>
            </trkpt>
            <trkpt lat="49.709734" lon="7.18465">
                <ele>449.0</ele>
                <name>Position 1117</name>
            </trkpt>
            <trkpt lat="49.709373" lon="7.184885">
                <ele>447.0</ele>
                <name>Position 1118</name>
            </trkpt>
            <trkpt lat="49.709101" lon="7.185057">
                <ele>445.0</ele>
                <name>Position 1119</name>
            </trkpt>
            <trkpt lat="49.708829" lon="7.185229">
                <ele>445.0</ele>
                <name>Position 1120</name>
            </trkpt>
            <trkpt lat="49.70879" lon="7.185114">
                <ele>444.0</ele>
                <name>Position 1121</name>
            </trkpt>
            <trkpt lat="49.708719" lon="7.184952">
                <ele>443.0</ele>
                <name>Position 1122</name>
            </trkpt>
            <trkpt lat="49.708458" lon="7.184452">
                <ele>444.0</ele>
                <name>Position 1123</name>
            </trkpt>
            <trkpt lat="49.708197" lon="7.183953">
                <ele>446.0</ele>
                <name>Position 1124</name>
            </trkpt>
            <trkpt lat="49.708038" lon="7.18364">
                <ele>447.0</ele>
                <name>Position 1125</name>
            </trkpt>
            <trkpt lat="49.707878" lon="7.183327">
                <ele>448.0</ele>
                <name>Position 1126</name>
            </trkpt>
            <trkpt lat="49.707698" lon="7.182974">
                <ele>449.3</ele>
                <name>Position 1127</name>
            </trkpt>
            <trkpt lat="49.707683" lon="7.182939">
                <ele>449.3</ele>
                <name>Position 1128</name>
            </trkpt>
            <trkpt lat="49.707644" lon="7.182771">
                <ele>449.0</ele>
                <name>Position 1129</name>
            </trkpt>
            <trkpt lat="49.707639" lon="7.182611">
                <ele>450.0</ele>
                <name>Position 1130</name>
            </trkpt>
            <trkpt lat="49.707614" lon="7.182516">
                <ele>450.1</ele>
                <name>Position 1131</name>
            </trkpt>
            <trkpt lat="49.70721" lon="7.182232">
                <ele>449.6</ele>
                <name>Position 1132</name>
            </trkpt>
            <trkpt lat="49.706805" lon="7.181949">
                <ele>449.6</ele>
                <name>Position 1133</name>
            </trkpt>
            <trkpt lat="49.706667" lon="7.181852">
                <ele>449.5</ele>
                <name>Position 1134</name>
            </trkpt>
            <trkpt lat="49.706268" lon="7.18161">
                <ele>448.0</ele>
                <name>Position 1135</name>
            </trkpt>
            <trkpt lat="49.706195" lon="7.181753">
                <ele>448.1</ele>
                <name>Position 1136</name>
            </trkpt>
            <trkpt lat="49.706151" lon="7.181805">
                <ele>447.0</ele>
                <name>Position 1137</name>
            </trkpt>
            <trkpt lat="49.706082" lon="7.18184">
                <ele>447.2</ele>
                <name>Position 1138</name>
            </trkpt>
            <trkpt lat="49.705867" lon="7.181908">
                <ele>445.3</ele>
                <name>Position 1139</name>
            </trkpt>
            <trkpt lat="49.705752" lon="7.181912">
                <ele>445.0</ele>
                <name>Position 1140</name>
            </trkpt>
            <trkpt lat="49.705632" lon="7.181899">
                <ele>444.0</ele>
                <name>Position 1141</name>
            </trkpt>
            <trkpt lat="49.705585" lon="7.181887">
                <ele>443.0</ele>
                <name>Position 1142</name>
            </trkpt>
            <trkpt lat="49.705305" lon="7.181841">
                <ele>441.0</ele>
                <name>Position 1143</name>
            </trkpt>
            <trkpt lat="49.705155" lon="7.181955">
                <ele>440.0</ele>
                <name>Position 1144</name>
            </trkpt>
            <trkpt lat="49.705022" lon="7.181998">
                <ele>438.0</ele>
                <name>Position 1145</name>
            </trkpt>
            <trkpt lat="49.704915" lon="7.182032">
                <ele>437.0</ele>
                <name>Position 1146</name>
            </trkpt>
            <trkpt lat="49.704765" lon="7.182026">
                <ele>436.0</ele>
                <name>Position 1147</name>
            </trkpt>
            <trkpt lat="49.704563" lon="7.181988">
                <ele>434.0</ele>
                <name>Position 1148</name>
            </trkpt>
            <trkpt lat="49.704458" lon="7.181909">
                <ele>433.0</ele>
                <name>Position 1149</name>
            </trkpt>
            <trkpt lat="49.704431" lon="7.182014">
                <ele>432.0</ele>
                <name>Position 1150</name>
            </trkpt>
            <trkpt lat="49.704431" lon="7.182014">
                <ele>432.0</ele>
                <name>Position 1151</name>
            </trkpt>
            <trkpt lat="49.704414" lon="7.182077">
                <ele>432.0</ele>
                <name>Position 1152</name>
            </trkpt>
            <trkpt lat="49.704332" lon="7.182443">
                <ele>430.0</ele>
                <name>Position 1153</name>
            </trkpt>
            <trkpt lat="49.7043" lon="7.182781">
                <ele>429.0</ele>
                <name>Position 1154</name>
            </trkpt>
            <trkpt lat="49.70432" lon="7.183137">
                <ele>428.0</ele>
                <name>Position 1155</name>
            </trkpt>
            <trkpt lat="49.704379" lon="7.183546">
                <ele>428.0</ele>
                <name>Position 1156</name>
            </trkpt>
            <trkpt lat="49.704397" lon="7.183683">
                <ele>427.0</ele>
                <name>Position 1157</name>
            </trkpt>
            <trkpt lat="49.704451" lon="7.184104">
                <ele>426.0</ele>
                <name>Position 1158</name>
            </trkpt>
            <trkpt lat="49.704453" lon="7.184341">
                <ele>425.0</ele>
                <name>Position 1159</name>
            </trkpt>
            <trkpt lat="49.704445" lon="7.184625">
                <ele>424.0</ele>
                <name>Position 1160</name>
            </trkpt>
            <trkpt lat="49.704447" lon="7.184827">
                <ele>423.0</ele>
                <name>Position 1161</name>
            </trkpt>
            <trkpt lat="49.704427" lon="7.185447">
                <ele>422.0</ele>
                <name>Position 1162</name>
            </trkpt>
            <trkpt lat="49.704437" lon="7.185682">
                <ele>422.0</ele>
                <name>Position 1163</name>
            </trkpt>
            <trkpt lat="49.704455" lon="7.185868">
                <ele>422.0</ele>
                <name>Position 1164</name>
            </trkpt>
            <trkpt lat="49.704446" lon="7.186015">
                <ele>422.0</ele>
                <name>Position 1165</name>
            </trkpt>
            <trkpt lat="49.704405" lon="7.186158">
                <ele>422.0</ele>
                <name>Position 1166</name>
            </trkpt>
            <trkpt lat="49.704212" lon="7.186565">
                <ele>421.0</ele>
                <name>Position 1167</name>
            </trkpt>
            <trkpt lat="49.704173" lon="7.186663">
                <ele>421.0</ele>
                <name>Position 1168</name>
            </trkpt>
            <trkpt lat="49.704136" lon="7.186838">
                <ele>420.0</ele>
                <name>Position 1169</name>
            </trkpt>
            <trkpt lat="49.704132" lon="7.187112">
                <ele>420.0</ele>
                <name>Position 1170</name>
            </trkpt>
            <trkpt lat="49.704044" lon="7.18707">
                <ele>420.0</ele>
                <name>Position 1171</name>
            </trkpt>
            <trkpt lat="49.703981" lon="7.187022">
                <ele>421.0</ele>
                <name>Position 1172</name>
            </trkpt>
            <trkpt lat="49.703943" lon="7.186996">
                <ele>421.0</ele>
                <name>Position 1173</name>
            </trkpt>
            <trkpt lat="49.703726" lon="7.18668">
                <ele>423.0</ele>
                <name>Position 1174</name>
            </trkpt>
            <trkpt lat="49.703604" lon="7.186892">
                <ele>423.0</ele>
                <name>Position 1175</name>
            </trkpt>
            <trkpt lat="49.703583" lon="7.186928">
                <ele>423.0</ele>
                <name>Position 1176</name>
            </trkpt>
            <trkpt lat="49.703552" lon="7.187023">
                <ele>423.0</ele>
                <name>Position 1177</name>
            </trkpt>
            <trkpt lat="49.703537" lon="7.187065">
                <ele>423.0</ele>
                <name>Position 1178</name>
            </trkpt>
            <trkpt lat="49.703477" lon="7.187402">
                <ele>423.0</ele>
                <name>Position 1179</name>
            </trkpt>
            <trkpt lat="49.703467" lon="7.187576">
                <ele>423.0</ele>
                <name>Position 1180</name>
            </trkpt>
            <trkpt lat="49.703431" lon="7.188049">
                <ele>424.0</ele>
                <name>Position 1181</name>
            </trkpt>
            <trkpt lat="49.703348" lon="7.188679">
                <ele>427.0</ele>
                <name>Position 1182</name>
            </trkpt>
            <trkpt lat="49.703238" lon="7.189275">
                <ele>430.9</ele>
                <name>Position 1183</name>
            </trkpt>
            <trkpt lat="49.703166" lon="7.189684">
                <ele>434.0</ele>
                <name>Position 1184</name>
            </trkpt>
            <trkpt lat="49.703094" lon="7.190093">
                <ele>437.4</ele>
                <name>Position 1185</name>
            </trkpt>
            <trkpt lat="49.703083" lon="7.190155">
                <ele>437.0</ele>
                <name>Position 1186</name>
            </trkpt>
            <trkpt lat="49.703007" lon="7.19053">
                <ele>440.4</ele>
                <name>Position 1187</name>
            </trkpt>
            <trkpt lat="49.70288" lon="7.191103">
                <ele>444.3</ele>
                <name>Position 1188</name>
            </trkpt>
            <trkpt lat="49.702753" lon="7.191676">
                <ele>447.0</ele>
                <name>Position 1189</name>
            </trkpt>
            <trkpt lat="49.702627" lon="7.19225">
                <ele>447.0</ele>
                <name>Position 1190</name>
            </trkpt>
            <trkpt lat="49.702462" lon="7.192732">
                <ele>446.0</ele>
                <name>Position 1191</name>
            </trkpt>
            <trkpt lat="49.702403" lon="7.192747">
                <ele>446.0</ele>
                <name>Position 1192</name>
            </trkpt>
            <trkpt lat="49.702331" lon="7.192725">
                <ele>446.0</ele>
                <name>Position 1193</name>
            </trkpt>
            <trkpt lat="49.702324" lon="7.192714">
                <ele>446.0</ele>
                <name>Position 1194</name>
            </trkpt>
            <trkpt lat="49.702324" lon="7.192714">
                <ele>446.0</ele>
                <name>Position 1195</name>
            </trkpt>
            <trkpt lat="49.702228" lon="7.192564">
                <ele>447.0</ele>
                <name>Position 1196</name>
            </trkpt>
            <trkpt lat="49.701987" lon="7.192052">
                <ele>450.0</ele>
                <name>Position 1197</name>
            </trkpt>
            <trkpt lat="49.701747" lon="7.191539">
                <ele>454.0</ele>
                <name>Position 1198</name>
            </trkpt>
            <trkpt lat="49.701503" lon="7.191017">
                <ele>457.0</ele>
                <name>Position 1199</name>
            </trkpt>
            <trkpt lat="49.70128" lon="7.19051">
                <ele>459.0</ele>
                <name>Position 1200</name>
            </trkpt>
            <trkpt lat="49.701057" lon="7.190004">
                <ele>462.0</ele>
                <name>Position 1201</name>
            </trkpt>
            <trkpt lat="49.700828" lon="7.189533">
                <ele>465.0</ele>
                <name>Position 1202</name>
            </trkpt>
            <trkpt lat="49.7006" lon="7.189063">
                <ele>465.0</ele>
                <name>Position 1203</name>
            </trkpt>
            <trkpt lat="49.70034" lon="7.188527">
                <ele>466.0</ele>
                <name>Position 1204</name>
            </trkpt>
            <trkpt lat="49.700081" lon="7.187991">
                <ele>468.0</ele>
                <name>Position 1205</name>
            </trkpt>
            <trkpt lat="49.699821" lon="7.187455">
                <ele>470.0</ele>
                <name>Position 1206</name>
            </trkpt>
            <trkpt lat="49.699711" lon="7.187256">
                <ele>470.0</ele>
                <name>Position 1207</name>
            </trkpt>
            <trkpt lat="49.69966" lon="7.187199">
                <ele>470.0</ele>
                <name>Position 1208</name>
            </trkpt>
            <trkpt lat="49.699789" lon="7.186709">
                <ele>469.2</ele>
                <name>Position 1209</name>
            </trkpt>
            <trkpt lat="49.699918" lon="7.18622">
                <ele>464.3</ele>
                <name>Position 1210</name>
            </trkpt>
            <trkpt lat="49.700046" lon="7.18573">
                <ele>459.6</ele>
                <name>Position 1211</name>
            </trkpt>
            <trkpt lat="49.700066" lon="7.185204">
                <ele>457.0</ele>
                <name>Position 1212</name>
            </trkpt>
            <trkpt lat="49.700086" lon="7.184677">
                <ele>456.0</ele>
                <name>Position 1213</name>
            </trkpt>
            <trkpt lat="49.700106" lon="7.184151">
                <ele>455.0</ele>
                <name>Position 1214</name>
            </trkpt>
            <trkpt lat="49.700125" lon="7.183625">
                <ele>458.0</ele>
                <name>Position 1215</name>
            </trkpt>
            <trkpt lat="49.700093" lon="7.1833">
                <ele>460.0</ele>
                <name>Position 1216</name>
            </trkpt>
            <trkpt lat="49.700082" lon="7.182837">
                <ele>462.0</ele>
                <name>Position 1217</name>
            </trkpt>
            <trkpt lat="49.700071" lon="7.182374">
                <ele>464.0</ele>
                <name>Position 1218</name>
            </trkpt>
            <trkpt lat="49.700074" lon="7.182177">
                <ele>465.0</ele>
                <name>Position 1219</name>
            </trkpt>
            <trkpt lat="49.700037" lon="7.181649">
                <ele>467.0</ele>
                <name>Position 1220</name>
            </trkpt>
            <trkpt lat="49.7" lon="7.181121">
                <ele>467.0</ele>
                <name>Position 1221</name>
            </trkpt>
            <trkpt lat="49.699991" lon="7.180753">
                <ele>466.0</ele>
                <name>Position 1222</name>
            </trkpt>
            <trkpt lat="49.699983" lon="7.180386">
                <ele>466.2</ele>
                <name>Position 1223</name>
            </trkpt>
            <trkpt lat="49.699981" lon="7.179941">
                <ele>465.0</ele>
                <name>Position 1224</name>
            </trkpt>
            <trkpt lat="49.699973" lon="7.179584">
                <ele>464.0</ele>
                <name>Position 1225</name>
            </trkpt>
            <trkpt lat="49.699962" lon="7.179285">
                <ele>463.0</ele>
                <name>Position 1226</name>
            </trkpt>
            <trkpt lat="49.699915" lon="7.178715">
                <ele>464.0</ele>
                <name>Position 1227</name>
            </trkpt>
            <trkpt lat="49.699907" lon="7.178103">
                <ele>465.5</ele>
                <name>Position 1228</name>
            </trkpt>
            <trkpt lat="49.699918" lon="7.177744">
                <ele>468.0</ele>
                <name>Position 1229</name>
            </trkpt>
            <trkpt lat="49.700002" lon="7.17775">
                <ele>468.0</ele>
                <name>Position 1230</name>
            </trkpt>
            <trkpt lat="49.700268" lon="7.177693">
                <ele>465.0</ele>
                <name>Position 1231</name>
            </trkpt>
            <trkpt lat="49.700533" lon="7.177636">
                <ele>463.0</ele>
                <name>Position 1232</name>
            </trkpt>
            <trkpt lat="49.700649" lon="7.17761">
                <ele>460.7</ele>
                <name>Position 1233</name>
            </trkpt>
            <trkpt lat="49.700835" lon="7.17757">
                <ele>459.0</ele>
                <name>Position 1234</name>
            </trkpt>
            <trkpt lat="49.701247" lon="7.177413">
                <ele>456.0</ele>
                <name>Position 1235</name>
            </trkpt>
            <trkpt lat="49.70166" lon="7.177256">
                <ele>453.0</ele>
                <name>Position 1236</name>
            </trkpt>
            <trkpt lat="49.702072" lon="7.177099">
                <ele>448.5</ele>
                <name>Position 1237</name>
            </trkpt>
            <trkpt lat="49.702485" lon="7.176942">
                <ele>445.2</ele>
                <name>Position 1238</name>
            </trkpt>
            <trkpt lat="49.702897" lon="7.176786">
                <ele>442.5</ele>
                <name>Position 1239</name>
            </trkpt>
            <trkpt lat="49.702898" lon="7.176579">
                <ele>444.0</ele>
                <name>Position 1240</name>
            </trkpt>
            <trkpt lat="49.702834" lon="7.175983">
                <ele>450.0</ele>
                <name>Position 1241</name>
            </trkpt>
            <trkpt lat="49.70277" lon="7.175386">
                <ele>453.0</ele>
                <name>Position 1242</name>
            </trkpt>
            <trkpt lat="49.702626" lon="7.174834">
                <ele>457.0</ele>
                <name>Position 1243</name>
            </trkpt>
            <trkpt lat="49.702518" lon="7.17452">
                <ele>458.0</ele>
                <name>Position 1244</name>
            </trkpt>
            <trkpt lat="49.702443" lon="7.174304">
                <ele>459.0</ele>
                <name>Position 1245</name>
            </trkpt>
            <trkpt lat="49.702443" lon="7.174304">
                <ele>459.0</ele>
                <name>Position 1246</name>
            </trkpt>
            <trkpt lat="49.70241" lon="7.174207">
                <ele>460.0</ele>
                <name>Position 1247</name>
            </trkpt>
            <trkpt lat="49.702178" lon="7.173686">
                <ele>463.0</ele>
                <name>Position 1248</name>
            </trkpt>
            <trkpt lat="49.702033" lon="7.173388">
                <ele>464.0</ele>
                <name>Position 1249</name>
            </trkpt>
            <trkpt lat="49.701887" lon="7.173091">
                <ele>466.0</ele>
                <name>Position 1250</name>
            </trkpt>
            <trkpt lat="49.701709" lon="7.17268">
                <ele>467.0</ele>
                <name>Position 1251</name>
            </trkpt>
            <trkpt lat="49.701678" lon="7.172646">
                <ele>467.0</ele>
                <name>Position 1252</name>
            </trkpt>
            <trkpt lat="49.701421" lon="7.172211">
                <ele>470.0</ele>
                <name>Position 1253</name>
            </trkpt>
            <trkpt lat="49.701164" lon="7.171776">
                <ele>472.0</ele>
                <name>Position 1254</name>
            </trkpt>
            <trkpt lat="49.700907" lon="7.17134">
                <ele>475.0</ele>
                <name>Position 1255</name>
            </trkpt>
            <trkpt lat="49.70065" lon="7.170905">
                <ele>479.0</ele>
                <name>Position 1256</name>
            </trkpt>
            <trkpt lat="49.700393" lon="7.17047">
                <ele>483.0</ele>
                <name>Position 1257</name>
            </trkpt>
            <trkpt lat="49.700362" lon="7.170401">
                <ele>483.0</ele>
                <name>Position 1258</name>
            </trkpt>
            <trkpt lat="49.700219" lon="7.169982">
                <ele>486.0</ele>
                <name>Position 1259</name>
            </trkpt>
            <trkpt lat="49.700022" lon="7.1694">
                <ele>490.0</ele>
                <name>Position 1260</name>
            </trkpt>
            <trkpt lat="49.699936" lon="7.16914">
                <ele>491.0</ele>
                <name>Position 1261</name>
            </trkpt>
            <trkpt lat="49.699825" lon="7.168879">
                <ele>492.0</ele>
                <name>Position 1262</name>
            </trkpt>
            <trkpt lat="49.699767" lon="7.168807">
                <ele>493.0</ele>
                <name>Position 1263</name>
            </trkpt>
            <trkpt lat="49.699699" lon="7.168769">
                <ele>493.0</ele>
                <name>Position 1264</name>
            </trkpt>
            <trkpt lat="49.699607" lon="7.168752">
                <ele>494.0</ele>
                <name>Position 1265</name>
            </trkpt>
            <trkpt lat="49.699547" lon="7.168724">
                <ele>494.0</ele>
                <name>Position 1266</name>
            </trkpt>
            <trkpt lat="49.69949" lon="7.168639">
                <ele>495.0</ele>
                <name>Position 1267</name>
            </trkpt>
            <trkpt lat="49.699394" lon="7.168129">
                <ele>496.0</ele>
                <name>Position 1268</name>
            </trkpt>
            <trkpt lat="49.699342" lon="7.167903">
                <ele>497.0</ele>
                <name>Position 1269</name>
            </trkpt>
            <trkpt lat="49.699291" lon="7.167729">
                <ele>497.0</ele>
                <name>Position 1270</name>
            </trkpt>
            <trkpt lat="49.69926" lon="7.167675">
                <ele>498.0</ele>
                <name>Position 1271</name>
            </trkpt>
            <trkpt lat="49.699156" lon="7.167597">
                <ele>498.0</ele>
                <name>Position 1272</name>
            </trkpt>
            <trkpt lat="49.699068" lon="7.167554">
                <ele>499.0</ele>
                <name>Position 1273</name>
            </trkpt>
            <trkpt lat="49.698752" lon="7.167402">
                <ele>502.0</ele>
                <name>Position 1274</name>
            </trkpt>
            <trkpt lat="49.698494" lon="7.167218">
                <ele>504.0</ele>
                <name>Position 1275</name>
            </trkpt>
            <trkpt lat="49.698243" lon="7.166989">
                <ele>505.0</ele>
                <name>Position 1276</name>
            </trkpt>
            <trkpt lat="49.698047" lon="7.166787">
                <ele>506.0</ele>
                <name>Position 1277</name>
            </trkpt>
            <trkpt lat="49.69785" lon="7.166585">
                <ele>507.0</ele>
                <name>Position 1278</name>
            </trkpt>
            <trkpt lat="49.697749" lon="7.16652">
                <ele>507.0</ele>
                <name>Position 1279</name>
            </trkpt>
            <trkpt lat="49.69774" lon="7.166335">
                <ele>508.3</ele>
                <name>Position 1280</name>
            </trkpt>
            <trkpt lat="49.69765" lon="7.165766">
                <ele>509.2</ele>
                <name>Position 1281</name>
            </trkpt>
            <trkpt lat="49.69756" lon="7.165198">
                <ele>510.1</ele>
                <name>Position 1282</name>
            </trkpt>
            <trkpt lat="49.697469" lon="7.164629">
                <ele>511.8</ele>
                <name>Position 1283</name>
            </trkpt>
            <trkpt lat="49.697363" lon="7.163958">
                <ele>514.2</ele>
                <name>Position 1284</name>
            </trkpt>
            <trkpt lat="49.69733" lon="7.163699">
                <ele>514.0</ele>
                <name>Position 1285</name>
            </trkpt>
            <trkpt lat="49.697234" lon="7.163145">
                <ele>516.0</ele>
                <name>Position 1286</name>
            </trkpt>
            <trkpt lat="49.697148" lon="7.162773">
                <ele>518.0</ele>
                <name>Position 1287</name>
            </trkpt>
            <trkpt lat="49.697055" lon="7.162414">
                <ele>519.0</ele>
                <name>Position 1288</name>
            </trkpt>
            <trkpt lat="49.696967" lon="7.162038">
                <ele>521.0</ele>
                <name>Position 1289</name>
            </trkpt>
            <trkpt lat="49.696932" lon="7.161843">
                <ele>523.0</ele>
                <name>Position 1290</name>
            </trkpt>
            <trkpt lat="49.696932" lon="7.16169">
                <ele>524.0</ele>
                <name>Position 1291</name>
            </trkpt>
            <trkpt lat="49.696944" lon="7.161447">
                <ele>525.0</ele>
                <name>Position 1292</name>
            </trkpt>
            <trkpt lat="49.696971" lon="7.161144">
                <ele>527.0</ele>
                <name>Position 1293</name>
            </trkpt>
            <trkpt lat="49.69705" lon="7.160711">
                <ele>530.0</ele>
                <name>Position 1294</name>
            </trkpt>
            <trkpt lat="49.697104" lon="7.160421">
                <ele>532.0</ele>
                <name>Position 1295</name>
            </trkpt>
            <trkpt lat="49.697156" lon="7.160138">
                <ele>534.0</ele>
                <name>Position 1296</name>
            </trkpt>
            <trkpt lat="49.697176" lon="7.159732">
                <ele>536.0</ele>
                <name>Position 1297</name>
            </trkpt>
            <trkpt lat="49.697171" lon="7.159691">
                <ele>537.0</ele>
                <name>Position 1298</name>
            </trkpt>
            <trkpt lat="49.69715" lon="7.159652">
                <ele>537.0</ele>
                <name>Position 1299</name>
            </trkpt>
            <trkpt lat="49.697062" lon="7.159567">
                <ele>536.0</ele>
                <name>Position 1300</name>
            </trkpt>
            <trkpt lat="49.696992" lon="7.159493">
                <ele>536.0</ele>
                <name>Position 1301</name>
            </trkpt>
            <trkpt lat="49.696978" lon="7.159458">
                <ele>536.0</ele>
                <name>Position 1302</name>
            </trkpt>
            <trkpt lat="49.696965" lon="7.159385">
                <ele>537.0</ele>
                <name>Position 1303</name>
            </trkpt>
            <trkpt lat="49.696962" lon="7.15933">
                <ele>537.0</ele>
                <name>Position 1304</name>
            </trkpt>
            <trkpt lat="49.696893" lon="7.159325">
                <ele>537.0</ele>
                <name>Position 1305</name>
            </trkpt>
            <trkpt lat="49.696826" lon="7.159306">
                <ele>536.0</ele>
                <name>Position 1306</name>
            </trkpt>
            <trkpt lat="49.696753" lon="7.159243">
                <ele>536.0</ele>
                <name>Position 1307</name>
            </trkpt>
            <trkpt lat="49.69671" lon="7.159199">
                <ele>536.0</ele>
                <name>Position 1308</name>
            </trkpt>
            <trkpt lat="49.69655" lon="7.158998">
                <ele>535.0</ele>
                <name>Position 1309</name>
            </trkpt>
            <trkpt lat="49.696446" lon="7.158849">
                <ele>534.0</ele>
                <name>Position 1310</name>
            </trkpt>
            <trkpt lat="49.696354" lon="7.158742">
                <ele>534.0</ele>
                <name>Position 1311</name>
            </trkpt>
            <trkpt lat="49.696341" lon="7.158734">
                <ele>533.0</ele>
                <name>Position 1312</name>
            </trkpt>
            <trkpt lat="49.696341" lon="7.158734">
                <ele>533.0</ele>
                <name>Position 1313</name>
            </trkpt>
            <trkpt lat="49.696263" lon="7.158683">
                <ele>533.0</ele>
                <name>Position 1314</name>
            </trkpt>
            <trkpt lat="49.696193" lon="7.158646">
                <ele>532.0</ele>
                <name>Position 1315</name>
            </trkpt>
            <trkpt lat="49.695845" lon="7.158459">
                <ele>530.0</ele>
                <name>Position 1316</name>
            </trkpt>
            <trkpt lat="49.695815" lon="7.158436">
                <ele>530.0</ele>
                <name>Position 1317</name>
            </trkpt>
            <trkpt lat="49.695651" lon="7.15831">
                <ele>530.0</ele>
                <name>Position 1318</name>
            </trkpt>
            <trkpt lat="49.695493" lon="7.15821">
                <ele>530.0</ele>
                <name>Position 1319</name>
            </trkpt>
            <trkpt lat="49.695292" lon="7.158143">
                <ele>530.0</ele>
                <name>Position 1320</name>
            </trkpt>
            <trkpt lat="49.695272" lon="7.158045">
                <ele>530.0</ele>
                <name>Position 1321</name>
            </trkpt>
            <trkpt lat="49.695184" lon="7.157964">
                <ele>531.0</ele>
                <name>Position 1322</name>
            </trkpt>
            <trkpt lat="49.694908" lon="7.157712">
                <ele>532.0</ele>
                <name>Position 1323</name>
            </trkpt>
            <trkpt lat="49.694685" lon="7.157489">
                <ele>533.7</ele>
                <name>Position 1324</name>
            </trkpt>
            <trkpt lat="49.694593" lon="7.157379">
                <ele>534.0</ele>
                <name>Position 1325</name>
            </trkpt>
            <trkpt lat="49.694546" lon="7.157279">
                <ele>535.0</ele>
                <name>Position 1326</name>
            </trkpt>
            <trkpt lat="49.694515" lon="7.157177">
                <ele>535.0</ele>
                <name>Position 1327</name>
            </trkpt>
            <trkpt lat="49.694492" lon="7.157047">
                <ele>536.0</ele>
                <name>Position 1328</name>
            </trkpt>
            <trkpt lat="49.694555" lon="7.156586">
                <ele>538.6</ele>
                <name>Position 1329</name>
            </trkpt>
            <trkpt lat="49.694562" lon="7.156411">
                <ele>539.5</ele>
                <name>Position 1330</name>
            </trkpt>
            <trkpt lat="49.694491" lon="7.156118">
                <ele>542.0</ele>
                <name>Position 1331</name>
            </trkpt>
            <trkpt lat="49.69441" lon="7.155902">
                <ele>543.0</ele>
                <name>Position 1332</name>
            </trkpt>
            <trkpt lat="49.694362" lon="7.155779">
                <ele>544.0</ele>
                <name>Position 1333</name>
            </trkpt>
            <trkpt lat="49.694187" lon="7.15552">
                <ele>544.0</ele>
                <name>Position 1334</name>
            </trkpt>
            <trkpt lat="49.694012" lon="7.155261">
                <ele>545.0</ele>
                <name>Position 1335</name>
            </trkpt>
            <trkpt lat="49.693741" lon="7.154879">
                <ele>546.0</ele>
                <name>Position 1336</name>
            </trkpt>
            <trkpt lat="49.693524" lon="7.154506">
                <ele>547.0</ele>
                <name>Position 1337</name>
            </trkpt>
            <trkpt lat="49.693307" lon="7.154132">
                <ele>546.0</ele>
                <name>Position 1338</name>
            </trkpt>
            <trkpt lat="49.693106" lon="7.153737">
                <ele>549.0</ele>
                <name>Position 1339</name>
            </trkpt>
            <trkpt lat="49.693076" lon="7.153625">
                <ele>550.0</ele>
                <name>Position 1340</name>
            </trkpt>
            <trkpt lat="49.692849" lon="7.153118">
                <ele>553.0</ele>
                <name>Position 1341</name>
            </trkpt>
            <trkpt lat="49.692622" lon="7.15261">
                <ele>555.0</ele>
                <name>Position 1342</name>
            </trkpt>
            <trkpt lat="49.692457" lon="7.1522">
                <ele>555.0</ele>
                <name>Position 1343</name>
            </trkpt>
            <trkpt lat="49.692428" lon="7.152112">
                <ele>555.0</ele>
                <name>Position 1344</name>
            </trkpt>
            <trkpt lat="49.692228" lon="7.151574">
                <ele>556.0</ele>
                <name>Position 1345</name>
            </trkpt>
            <trkpt lat="49.692129" lon="7.151311">
                <ele>556.0</ele>
                <name>Position 1346</name>
            </trkpt>
            <trkpt lat="49.692088" lon="7.151137">
                <ele>556.0</ele>
                <name>Position 1347</name>
            </trkpt>
            <trkpt lat="49.692052" lon="7.150992">
                <ele>556.0</ele>
                <name>Position 1348</name>
            </trkpt>
            <trkpt lat="49.692029" lon="7.150863">
                <ele>557.0</ele>
                <name>Position 1349</name>
            </trkpt>
            <trkpt lat="49.692029" lon="7.150863">
                <ele>557.0</ele>
                <name>Position 1350</name>
            </trkpt>
            <trkpt lat="49.692052" lon="7.150992">
                <ele>556.0</ele>
                <name>Position 1351</name>
            </trkpt>
            <trkpt lat="49.692088" lon="7.151137">
                <ele>556.0</ele>
                <name>Position 1352</name>
            </trkpt>
            <trkpt lat="49.692129" lon="7.151311">
                <ele>556.0</ele>
                <name>Position 1353</name>
            </trkpt>
            <trkpt lat="49.692228" lon="7.151574">
                <ele>556.0</ele>
                <name>Position 1354</name>
            </trkpt>
            <trkpt lat="49.692428" lon="7.152112">
                <ele>555.0</ele>
                <name>Position 1355</name>
            </trkpt>
            <trkpt lat="49.692553" lon="7.151997">
                <ele>559.0</ele>
                <name>Position 1356</name>
            </trkpt>
            <trkpt lat="49.692682" lon="7.151878">
                <ele>563.0</ele>
                <name>Position 1357</name>
            </trkpt>
            <trkpt lat="49.69281" lon="7.151759">
                <ele>567.0</ele>
                <name>Position 1358</name>
            </trkpt>
            <trkpt lat="49.693065" lon="7.151524">
                <ele>576.0</ele>
                <name>Position 1359</name>
            </trkpt>
            <trkpt lat="49.693087" lon="7.151532">
                <ele>576.0</ele>
                <name>Position 1360</name>
            </trkpt>
            <trkpt lat="49.693087" lon="7.151532">
                <ele>576.0</ele>
                <name>Position 1361</name>
            </trkpt>
            <trkpt lat="49.693252" lon="7.151591">
                <ele>580.0</ele>
                <name>Position 1362</name>
            </trkpt>
            <trkpt lat="49.693424" lon="7.151628">
                <ele>583.0</ele>
                <name>Position 1363</name>
            </trkpt>
            <trkpt lat="49.693494" lon="7.151574">
                <ele>584.0</ele>
                <name>Position 1364</name>
            </trkpt>
            <trkpt lat="49.693491" lon="7.151398">
                <ele>585.0</ele>
                <name>Position 1365</name>
            </trkpt>
            <trkpt lat="49.693468" lon="7.151159">
                <ele>587.0</ele>
                <name>Position 1366</name>
            </trkpt>
            <trkpt lat="49.693395" lon="7.150651">
                <ele>589.0</ele>
                <name>Position 1367</name>
            </trkpt>
            <trkpt lat="49.693366" lon="7.150448">
                <ele>589.0</ele>
                <name>Position 1368</name>
            </trkpt>
            <trkpt lat="49.693366" lon="7.150448">
                <ele>589.0</ele>
                <name>Position 1369</name>
            </trkpt>
            <trkpt lat="49.693395" lon="7.150651">
                <ele>589.0</ele>
                <name>Position 1370</name>
            </trkpt>
            <trkpt lat="49.693468" lon="7.151159">
                <ele>587.0</ele>
                <name>Position 1371</name>
            </trkpt>
            <trkpt lat="49.6936" lon="7.151437">
                <ele>587.0</ele>
                <name>Position 1372</name>
            </trkpt>
            <trkpt lat="49.693776" lon="7.151755">
                <ele>586.0</ele>
                <name>Position 1373</name>
            </trkpt>
            <trkpt lat="49.693951" lon="7.152072">
                <ele>585.0</ele>
                <name>Position 1374</name>
            </trkpt>
            <trkpt lat="49.694096" lon="7.152351">
                <ele>584.0</ele>
                <name>Position 1375</name>
            </trkpt>
            <trkpt lat="49.694276" lon="7.152699">
                <ele>582.0</ele>
                <name>Position 1376</name>
            </trkpt>
            <trkpt lat="49.694549" lon="7.153091">
                <ele>581.0</ele>
                <name>Position 1377</name>
            </trkpt>
            <trkpt lat="49.694832" lon="7.153512">
                <ele>579.0</ele>
                <name>Position 1378</name>
            </trkpt>
            <trkpt lat="49.694985" lon="7.153739">
                <ele>578.0</ele>
                <name>Position 1379</name>
            </trkpt>
            <trkpt lat="49.695216" lon="7.153986">
                <ele>578.0</ele>
                <name>Position 1380</name>
            </trkpt>
            <trkpt lat="49.695582" lon="7.154236">
                <ele>579.0</ele>
                <name>Position 1381</name>
            </trkpt>
            <trkpt lat="49.695851" lon="7.154415">
                <ele>579.0</ele>
                <name>Position 1382</name>
            </trkpt>
            <trkpt lat="49.695995" lon="7.154489">
                <ele>580.0</ele>
                <name>Position 1383</name>
            </trkpt>
            <trkpt lat="49.69623" lon="7.154628">
                <ele>580.0</ele>
                <name>Position 1384</name>
            </trkpt>
            <trkpt lat="49.696466" lon="7.154767">
                <ele>581.0</ele>
                <name>Position 1385</name>
            </trkpt>
            <trkpt lat="49.696873" lon="7.154984">
                <ele>582.0</ele>
                <name>Position 1386</name>
            </trkpt>
            <trkpt lat="49.69696" lon="7.15501">
                <ele>582.0</ele>
                <name>Position 1387</name>
            </trkpt>
            <trkpt lat="49.69696" lon="7.15501">
                <ele>582.0</ele>
                <name>Position 1388</name>
            </trkpt>
            <trkpt lat="49.697203" lon="7.154119">
                <ele>595.0</ele>
                <name>Position 1389</name>
            </trkpt>
            <trkpt lat="49.697203" lon="7.154119">
                <ele>595.0</ele>
                <name>Position 1390</name>
            </trkpt>
            <trkpt lat="49.697467" lon="7.15324">
                <ele>598.0</ele>
                <name>Position 1391</name>
            </trkpt>
            <trkpt lat="49.697467" lon="7.15324">
                <ele>598.0</ele>
                <name>Position 1392</name>
            </trkpt>
            <trkpt lat="49.697417" lon="7.153192">
                <ele>597.0</ele>
                <name>Position 1393</name>
            </trkpt>
            <trkpt lat="49.697321" lon="7.153099">
                <ele>597.0</ele>
                <name>Position 1394</name>
            </trkpt>
            <trkpt lat="49.697321" lon="7.153099">
                <ele>597.0</ele>
                <name>Position 1395</name>
            </trkpt>
            <trkpt lat="49.696759" lon="7.153797">
                <ele>593.0</ele>
                <name>Position 1396</name>
            </trkpt>
            <trkpt lat="49.696759" lon="7.153797">
                <ele>593.0</ele>
                <name>Position 1397</name>
            </trkpt>
            <trkpt lat="49.696606" lon="7.15366">
                <ele>592.0</ele>
                <name>Position 1398</name>
            </trkpt>
            <trkpt lat="49.696606" lon="7.15366">
                <ele>592.0</ele>
                <name>Position 1399</name>
            </trkpt>
            <trkpt lat="49.696872" lon="7.153734">
                <ele>594.0</ele>
                <name>Position 1400</name>
            </trkpt>
            <trkpt lat="49.696872" lon="7.153734">
                <ele>594.0</ele>
                <name>Position 1401</name>
            </trkpt>
            <trkpt lat="49.697276" lon="7.153055">
                <ele>597.0</ele>
                <name>Position 1402</name>
            </trkpt>
            <trkpt lat="49.697276" lon="7.153055">
                <ele>597.0</ele>
                <name>Position 1403</name>
            </trkpt>
            <trkpt lat="49.697204" lon="7.152985">
                <ele>597.0</ele>
                <name>Position 1404</name>
            </trkpt>
            <trkpt lat="49.697171" lon="7.152953">
                <ele>596.0</ele>
                <name>Position 1405</name>
            </trkpt>
            <trkpt lat="49.697142" lon="7.152924">
                <ele>596.0</ele>
                <name>Position 1406</name>
            </trkpt>
            <trkpt lat="49.697093" lon="7.152875">
                <ele>596.0</ele>
                <name>Position 1407</name>
            </trkpt>
            <trkpt lat="49.697093" lon="7.152875">
                <ele>596.0</ele>
                <name>Position 1408</name>
            </trkpt>
            <trkpt lat="49.697142" lon="7.152924">
                <ele>596.0</ele>
                <name>Position 1409</name>
            </trkpt>
            <trkpt lat="49.697171" lon="7.152953">
                <ele>596.0</ele>
                <name>Position 1410</name>
            </trkpt>
            <trkpt lat="49.697204" lon="7.152985">
                <ele>597.0</ele>
                <name>Position 1411</name>
            </trkpt>
            <trkpt lat="49.697231" lon="7.153011">
                <ele>597.0</ele>
                <name>Kiefernweg, 55767 Hattgenstein, Rheinland-Pfalz, Deutschland</name>
            </trkpt>
        </trkseg>
    </trk>
</gpx>
