<?xml version="1.0" encoding="UTF-8"?><gpx xmlns="http://www.topografix.com/GPX/1/1"  creator="Yoomigo - TraceDeTrail http://www.tracedetrail.fr" version="1.1" xmlns:xsi="http://www.w3.org/2001/XMLSchema-instance" xsi:schemaLocation="http://www.topografix.com/GPX/1/1 http://www.topografix.com/GPX/1/1/gpx.xsd "><metadata><name>Tour VTT des Portes du Soleil 2025</name><link href="https://espacestrail.run/fr/destination/trace/portesdusoleil/297151"></link></metadata><trk><name>Tour VTT des Portes du Soleil 2025 - Trail Running Portes du Soleil</name><trkseg><trkpt lat="46.15678" lon="6.66832"><ele>1167</ele><time>2000-01-01T01:09:28.000Z</time></trkpt><trkpt lat="46.15653" lon="6.66887"><ele>1172</ele><time>2000-01-01T01:09:38.000Z</time></trkpt><trkpt lat="46.15628" lon="6.66942"><ele>1184</ele><time>2000-01-01T01:09:48.000Z</time></trkpt><trkpt lat="46.15603" lon="6.66997"><ele>1194</ele><time>2000-01-01T01:09:58.000Z</time></trkpt><trkpt lat="46.15577" lon="6.67052"><ele>1215</ele><time>2000-01-01T01:10:08.000Z</time></trkpt><trkpt lat="46.15552" lon="6.67107"><ele>1223</ele><time>2000-01-01T01:10:18.000Z</time></trkpt><trkpt lat="46.15527" lon="6.67162"><ele>1227</ele><time>2000-01-01T01:10:28.000Z</time></trkpt><trkpt lat="46.15502" lon="6.67217"><ele>1231</ele><time>2000-01-01T01:10:38.000Z</time></trkpt><trkpt lat="46.15477" lon="6.67272"><ele>1236</ele><time>2000-01-01T01:10:48.000Z</time></trkpt><trkpt lat="46.15452" lon="6.67327"><ele>1238</ele><time>2000-01-01T01:10:58.000Z</time></trkpt><trkpt lat="46.15426" lon="6.67382"><ele>1242</ele><time>2000-01-01T01:11:08.000Z</time></trkpt><trkpt lat="46.15401" lon="6.67437"><ele>1246</ele><time>2000-01-01T01:11:18.000Z</time></trkpt><trkpt lat="46.15376" lon="6.67492"><ele>1253</ele><time>2000-01-01T01:11:28.000Z</time></trkpt><trkpt lat="46.15351" lon="6.67547"><ele>1258</ele><time>2000-01-01T01:11:38.000Z</time></trkpt><trkpt lat="46.15326" lon="6.67602"><ele>1267</ele><time>2000-01-01T01:11:48.000Z</time></trkpt><trkpt lat="46.15301" lon="6.67657"><ele>1275</ele><time>2000-01-01T01:11:58.000Z</time></trkpt><trkpt lat="46.15275" lon="6.67712"><ele>1285</ele><time>2000-01-01T01:12:08.000Z</time></trkpt><trkpt lat="46.1525" lon="6.67767"><ele>1295</ele><time>2000-01-01T01:12:18.000Z</time></trkpt><trkpt lat="46.15225" lon="6.67822"><ele>1308</ele><time>2000-01-01T01:12:28.000Z</time></trkpt><trkpt lat="46.152" lon="6.67877"><ele>1323</ele><time>2000-01-01T01:12:38.000Z</time></trkpt><trkpt lat="46.15175" lon="6.67932"><ele>1337</ele><time>2000-01-01T01:12:48.000Z</time></trkpt><trkpt lat="46.1515" lon="6.67987"><ele>1357</ele><time>2000-01-01T01:12:58.000Z</time></trkpt><trkpt lat="46.15124" lon="6.68042"><ele>1374</ele><time>2000-01-01T01:13:08.000Z</time></trkpt><trkpt lat="46.15099" lon="6.68097"><ele>1391</ele><time>2000-01-01T01:13:18.000Z</time></trkpt><trkpt lat="46.15074" lon="6.68152"><ele>1408</ele><time>2000-01-01T01:13:28.000Z</time></trkpt><trkpt lat="46.15049" lon="6.68207"><ele>1429</ele><time>2000-01-01T01:13:38.000Z</time></trkpt><trkpt lat="46.15024" lon="6.68262"><ele>1441</ele><time>2000-01-01T01:13:48.000Z</time></trkpt><trkpt lat="46.14999" lon="6.68317"><ele>1450</ele><time>2000-01-01T01:13:58.000Z</time></trkpt><trkpt lat="46.14973" lon="6.68372"><ele>1461</ele><time>2000-01-01T01:14:08.000Z</time></trkpt><trkpt lat="46.14948" lon="6.68428"><ele>1467</ele><time>2000-01-01T01:14:18.000Z</time></trkpt><trkpt lat="46.14923" lon="6.68482"><ele>1476</ele><time>2000-01-01T01:14:28.000Z</time></trkpt><trkpt lat="46.14898" lon="6.68538"><ele>1483</ele><time>2000-01-01T01:14:38.000Z</time></trkpt><trkpt lat="46.14873" lon="6.68593"><ele>1491</ele><time>2000-01-01T01:14:48.000Z</time></trkpt><trkpt lat="46.14848" lon="6.68648"><ele>1504</ele><time>2000-01-01T01:14:58.000Z</time></trkpt><trkpt lat="46.14823" lon="6.68703"><ele>1516</ele><time>2000-01-01T01:15:08.000Z</time></trkpt><trkpt lat="46.14797" lon="6.68758"><ele>1526</ele><time>2000-01-01T01:15:18.000Z</time></trkpt><trkpt lat="46.14772" lon="6.68813"><ele>1539</ele><time>2000-01-01T01:15:28.000Z</time></trkpt><trkpt lat="46.14747" lon="6.68868"><ele>1545</ele><time>2000-01-01T01:15:38.000Z</time></trkpt><trkpt lat="46.14722" lon="6.68923"><ele>1553</ele><time>2000-01-01T01:15:48.000Z</time></trkpt><trkpt lat="46.14697" lon="6.68978"><ele>1554</ele><time>2000-01-01T01:15:58.000Z</time></trkpt><trkpt lat="46.14672" lon="6.69033"><ele>1559</ele><time>2000-01-01T01:16:08.000Z</time></trkpt><trkpt lat="46.14646" lon="6.69088"><ele>1567</ele><time>2000-01-01T01:16:18.000Z</time></trkpt><trkpt lat="46.14621" lon="6.69143"><ele>1575</ele><time>2000-01-01T01:16:28.000Z</time></trkpt><trkpt lat="46.14596" lon="6.69198"><ele>1584</ele><time>2000-01-01T01:16:38.000Z</time></trkpt><trkpt lat="46.14571" lon="6.69253"><ele>1594</ele><time>2000-01-01T01:16:48.000Z</time></trkpt><trkpt lat="46.14546" lon="6.69308"><ele>1604</ele><time>2000-01-01T01:16:58.000Z</time></trkpt><trkpt lat="46.1453" lon="6.69342"><ele>1608</ele><time>2000-01-01T01:17:08.000Z</time></trkpt><trkpt lat="46.14505" lon="6.69397"><ele>1612</ele><time>2000-01-01T01:17:18.000Z</time></trkpt><trkpt lat="46.14484" lon="6.69442"><ele>1611</ele><time>2000-01-01T01:17:28.000Z</time></trkpt><trkpt lat="46.14521" lon="6.69439"><ele>1610</ele><time>2000-01-01T01:17:38.000Z</time></trkpt><trkpt lat="46.14546" lon="6.69428"><ele>1610</ele><time>2000-01-01T01:17:48.000Z</time></trkpt><trkpt lat="46.1458" lon="6.69414"><ele>1609</ele><time>2000-01-01T01:17:58.000Z</time></trkpt><trkpt lat="46.14601" lon="6.69384"><ele>1607</ele><time>2000-01-01T01:18:08.000Z</time></trkpt><trkpt lat="46.14618" lon="6.69359"><ele>1603</ele><time>2000-01-01T01:18:18.000Z</time></trkpt><trkpt lat="46.14636" lon="6.69332"><ele>1601</ele><time>2000-01-01T01:18:28.000Z</time></trkpt><trkpt lat="46.14646" lon="6.69323"><ele>1600</ele><time>2000-01-01T01:18:38.000Z</time></trkpt><trkpt lat="46.14659" lon="6.69319"><ele>1600</ele><time>2000-01-01T01:18:48.000Z</time></trkpt><trkpt lat="46.14695" lon="6.69313"><ele>1600</ele><time>2000-01-01T01:18:58.000Z</time></trkpt><trkpt lat="46.14721" lon="6.69314"><ele>1599</ele><time>2000-01-01T01:19:08.000Z</time></trkpt><trkpt lat="46.14755" lon="6.69316"><ele>1598</ele><time>2000-01-01T01:19:18.000Z</time></trkpt><trkpt lat="46.1479" lon="6.69303"><ele>1593</ele><time>2000-01-01T01:19:28.000Z</time></trkpt><trkpt lat="46.14819" lon="6.69298"><ele>1589</ele><time>2000-01-01T01:19:38.000Z</time></trkpt><trkpt lat="46.14845" lon="6.69304"><ele>1587</ele><time>2000-01-01T01:19:48.000Z</time></trkpt><trkpt lat="46.14869" lon="6.69326"><ele>1580</ele><time>2000-01-01T01:19:58.000Z</time></trkpt><trkpt lat="46.14889" lon="6.69343"><ele>1575</ele><time>2000-01-01T01:20:08.000Z</time></trkpt><trkpt lat="46.14909" lon="6.69361"><ele>1568</ele><time>2000-01-01T01:20:18.000Z</time></trkpt><trkpt lat="46.14913" lon="6.69368"><ele>1568</ele><time>2000-01-01T01:20:28.000Z</time></trkpt><trkpt lat="46.14925" lon="6.69381"><ele>1564</ele><time>2000-01-01T01:20:38.000Z</time></trkpt><trkpt lat="46.14942" lon="6.69397"><ele>1561</ele><time>2000-01-01T01:20:48.000Z</time></trkpt><trkpt lat="46.14972" lon="6.69421"><ele>1554</ele><time>2000-01-01T01:20:58.000Z</time></trkpt><trkpt lat="46.14998" lon="6.69435"><ele>1551</ele><time>2000-01-01T01:21:08.000Z</time></trkpt><trkpt lat="46.15033" lon="6.69455"><ele>1548</ele><time>2000-01-01T01:21:18.000Z</time></trkpt><trkpt lat="46.15072" lon="6.69459"><ele>1546</ele><time>2000-01-01T01:21:28.000Z</time></trkpt><trkpt lat="46.15094" lon="6.69455"><ele>1545</ele><time>2000-01-01T01:21:38.000Z</time></trkpt><trkpt lat="46.15108" lon="6.69448"><ele>1543</ele><time>2000-01-01T01:21:48.000Z</time></trkpt><trkpt lat="46.15124" lon="6.6943"><ele>1539</ele><time>2000-01-01T01:21:58.000Z</time></trkpt><trkpt lat="46.15144" lon="6.69406"><ele>1535</ele><time>2000-01-01T01:22:08.000Z</time></trkpt><trkpt lat="46.15169" lon="6.69393"><ele>1531</ele><time>2000-01-01T01:22:18.000Z</time></trkpt><trkpt lat="46.15203" lon="6.69377"><ele>1523</ele><time>2000-01-01T01:22:28.000Z</time></trkpt><trkpt lat="46.15216" lon="6.69373"><ele>1520</ele><time>2000-01-01T01:22:38.000Z</time></trkpt><trkpt lat="46.15246" lon="6.69389"><ele>1519</ele><time>2000-01-01T01:22:48.000Z</time></trkpt><trkpt lat="46.15263" lon="6.69405"><ele>1518</ele><time>2000-01-01T01:22:58.000Z</time></trkpt><trkpt lat="46.15277" lon="6.69399"><ele>1517</ele><time>2000-01-01T01:23:08.000Z</time></trkpt><trkpt lat="46.15279" lon="6.69405"><ele>1518</ele><time>2000-01-01T01:23:18.000Z</time></trkpt><trkpt lat="46.15288" lon="6.69413"><ele>1515</ele><time>2000-01-01T01:23:28.000Z</time></trkpt><trkpt lat="46.15309" lon="6.69423"><ele>1516</ele><time>2000-01-01T01:23:38.000Z</time></trkpt><trkpt lat="46.15335" lon="6.6943"><ele>1516</ele><time>2000-01-01T01:23:48.000Z</time></trkpt><trkpt lat="46.15371" lon="6.69439"><ele>1516</ele><time>2000-01-01T01:23:58.000Z</time></trkpt><trkpt lat="46.1539" lon="6.69439"><ele>1520</ele><time>2000-01-01T01:24:08.000Z</time></trkpt><trkpt lat="46.15417" lon="6.69433"><ele>1521</ele><time>2000-01-01T01:24:18.000Z</time></trkpt><trkpt lat="46.15453" lon="6.69426"><ele>1520</ele><time>2000-01-01T01:24:28.000Z</time></trkpt><trkpt lat="46.15498" lon="6.69431"><ele>1520</ele><time>2000-01-01T01:24:38.000Z</time></trkpt><trkpt lat="46.15517" lon="6.69427"><ele>1520</ele><time>2000-01-01T01:24:48.000Z</time></trkpt><trkpt lat="46.1555" lon="6.69408"><ele>1520</ele><time>2000-01-01T01:24:58.000Z</time></trkpt><trkpt lat="46.15573" lon="6.69388"><ele>1522</ele><time>2000-01-01T01:25:08.000Z</time></trkpt><trkpt lat="46.15602" lon="6.69363"><ele>1523</ele><time>2000-01-01T01:25:18.000Z</time></trkpt><trkpt lat="46.15627" lon="6.69359"><ele>1526</ele><time>2000-01-01T01:25:28.000Z</time></trkpt><trkpt lat="46.15656" lon="6.69355"><ele>1526</ele><time>2000-01-01T01:25:38.000Z</time></trkpt><trkpt lat="46.15674" lon="6.69356"><ele>1525</ele><time>2000-01-01T01:25:48.000Z</time></trkpt><trkpt lat="46.15697" lon="6.69346"><ele>1526</ele><time>2000-01-01T01:25:58.000Z</time></trkpt><trkpt lat="46.15711" lon="6.69331"><ele>1512</ele><time>2000-01-01T01:26:08.000Z</time></trkpt><trkpt lat="46.15713" lon="6.69322"><ele>1520</ele><time>2000-01-01T01:26:18.000Z</time></trkpt><trkpt lat="46.15715" lon="6.69296"><ele>1514</ele><time>2000-01-01T01:26:28.000Z</time></trkpt><trkpt lat="46.1572" lon="6.69287"><ele>1514</ele><time>2000-01-01T01:26:38.000Z</time></trkpt><trkpt lat="46.15739" lon="6.69285"><ele>1508</ele><time>2000-01-01T01:26:48.000Z</time></trkpt><trkpt lat="46.15775" lon="6.69271"><ele>1501</ele><time>2000-01-01T01:26:58.000Z</time></trkpt><trkpt lat="46.15804" lon="6.69256"><ele>1498</ele><time>2000-01-01T01:27:08.000Z</time></trkpt><trkpt lat="46.15824" lon="6.69264"><ele>1490</ele><time>2000-01-01T01:27:18.000Z</time></trkpt><trkpt lat="46.1585" lon="6.69262"><ele>1490</ele><time>2000-01-01T01:27:28.000Z</time></trkpt><trkpt lat="46.15881" lon="6.69281"><ele>1490</ele><time>2000-01-01T01:27:38.000Z</time></trkpt><trkpt lat="46.15896" lon="6.69284"><ele>1490</ele><time>2000-01-01T01:27:48.000Z</time></trkpt><trkpt lat="46.1591" lon="6.69296"><ele>1490</ele><time>2000-01-01T01:27:58.000Z</time></trkpt><trkpt lat="46.15937" lon="6.69338"><ele>1497</ele><time>2000-01-01T01:28:08.000Z</time></trkpt><trkpt lat="46.15943" lon="6.69343"><ele>1497</ele><time>2000-01-01T01:28:18.000Z</time></trkpt><trkpt lat="46.15965" lon="6.6935"><ele>1500</ele><time>2000-01-01T01:28:28.000Z</time></trkpt><trkpt lat="46.15991" lon="6.69354"><ele>1503</ele><time>2000-01-01T01:28:38.000Z</time></trkpt><trkpt lat="46.15999" lon="6.69358"><ele>1503</ele><time>2000-01-01T01:28:48.000Z</time></trkpt><trkpt lat="46.16003" lon="6.69359"><ele>1504</ele><time>2000-01-01T01:28:58.000Z</time></trkpt><trkpt lat="46.1602" lon="6.69377"><ele>1507</ele><time>2000-01-01T01:29:08.000Z</time></trkpt><trkpt lat="46.16042" lon="6.69396"><ele>1513</ele><time>2000-01-01T01:29:18.000Z</time></trkpt><trkpt lat="46.16064" lon="6.6943"><ele>1519</ele><time>2000-01-01T01:29:28.000Z</time></trkpt><trkpt lat="46.16072" lon="6.6945"><ele>1527</ele><time>2000-01-01T01:29:38.000Z</time></trkpt><trkpt lat="46.16082" lon="6.69453"><ele>1531</ele><time>2000-01-01T01:29:48.000Z</time></trkpt><trkpt lat="46.16096" lon="6.69464"><ele>1531</ele><time>2000-01-01T01:29:58.000Z</time></trkpt><trkpt lat="46.16113" lon="6.69469"><ele>1534</ele><time>2000-01-01T01:30:08.000Z</time></trkpt><trkpt lat="46.16132" lon="6.69475"><ele>1540</ele><time>2000-01-01T01:30:18.000Z</time></trkpt><trkpt lat="46.16157" lon="6.69477"><ele>1544</ele><time>2000-01-01T01:30:28.000Z</time></trkpt><trkpt lat="46.16174" lon="6.69499"><ele>1547</ele><time>2000-01-01T01:30:38.000Z</time></trkpt><trkpt lat="46.16191" lon="6.69502"><ele>1543</ele><time>2000-01-01T01:30:48.000Z</time></trkpt><trkpt lat="46.16211" lon="6.69497"><ele>1546</ele><time>2000-01-01T01:30:58.000Z</time></trkpt><trkpt lat="46.16229" lon="6.69484"><ele>1546</ele><time>2000-01-01T01:31:08.000Z</time></trkpt><trkpt lat="46.16246" lon="6.69476"><ele>1547</ele><time>2000-01-01T01:31:18.000Z</time></trkpt><trkpt lat="46.16265" lon="6.69461"><ele>1546</ele><time>2000-01-01T01:31:28.000Z</time></trkpt><trkpt lat="46.16287" lon="6.69434"><ele>1546</ele><time>2000-01-01T01:31:38.000Z</time></trkpt><trkpt lat="46.16309" lon="6.69393"><ele>1544</ele><time>2000-01-01T01:31:48.000Z</time></trkpt><trkpt lat="46.16324" lon="6.69376"><ele>1543</ele><time>2000-01-01T01:31:58.000Z</time></trkpt><trkpt lat="46.16362" lon="6.6936"><ele>1541</ele><time>2000-01-01T01:32:08.000Z</time></trkpt><trkpt lat="46.16397" lon="6.69328"><ele>1539</ele><time>2000-01-01T01:32:18.000Z</time></trkpt><trkpt lat="46.16408" lon="6.69324"><ele>1539</ele><time>2000-01-01T01:32:28.000Z</time></trkpt><trkpt lat="46.16438" lon="6.69328"><ele>1535</ele><time>2000-01-01T01:32:38.000Z</time></trkpt><trkpt lat="46.16469" lon="6.69331"><ele>1526</ele><time>2000-01-01T01:32:48.000Z</time></trkpt><trkpt lat="46.16492" lon="6.69334"><ele>1520</ele><time>2000-01-01T01:32:58.000Z</time></trkpt><trkpt lat="46.16516" lon="6.69337"><ele>1519</ele><time>2000-01-01T01:33:08.000Z</time></trkpt><trkpt lat="46.1655" lon="6.69348"><ele>1519</ele><time>2000-01-01T01:33:18.000Z</time></trkpt><trkpt lat="46.16569" lon="6.69347"><ele>1518</ele><time>2000-01-01T01:33:28.000Z</time></trkpt><trkpt lat="46.16602" lon="6.6935"><ele>1515</ele><time>2000-01-01T01:33:38.000Z</time></trkpt><trkpt lat="46.16634" lon="6.69353"><ele>1502</ele><time>2000-01-01T01:33:48.000Z</time></trkpt><trkpt lat="46.16679" lon="6.69357"><ele>1497</ele><time>2000-01-01T01:33:58.000Z</time></trkpt><trkpt lat="46.167" lon="6.69355"><ele>1494</ele><time>2000-01-01T01:34:08.000Z</time></trkpt><trkpt lat="46.16729" lon="6.6936"><ele>1490</ele><time>2000-01-01T01:34:18.000Z</time></trkpt><trkpt lat="46.16775" lon="6.69368"><ele>1480</ele><time>2000-01-01T01:34:28.000Z</time></trkpt><trkpt lat="46.16805" lon="6.69369"><ele>1477</ele><time>2000-01-01T01:34:38.000Z</time></trkpt><trkpt lat="46.16846" lon="6.69379"><ele>1476</ele><time>2000-01-01T01:34:48.000Z</time></trkpt><trkpt lat="46.16877" lon="6.69384"><ele>1465</ele><time>2000-01-01T01:34:58.000Z</time></trkpt><trkpt lat="46.16903" lon="6.69388"><ele>1464</ele><time>2000-01-01T01:35:08.000Z</time></trkpt><trkpt lat="46.16938" lon="6.69393"><ele>1460</ele><time>2000-01-01T01:35:18.000Z</time></trkpt><trkpt lat="46.16963" lon="6.69402"><ele>1452</ele><time>2000-01-01T01:35:28.000Z</time></trkpt><trkpt lat="46.16989" lon="6.69416"><ele>1449</ele><time>2000-01-01T01:35:38.000Z</time></trkpt><trkpt lat="46.16968" lon="6.6943"><ele>1447</ele><time>2000-01-01T01:35:48.000Z</time></trkpt><trkpt lat="46.16947" lon="6.69445"><ele>1443</ele><time>2000-01-01T01:35:58.000Z</time></trkpt><trkpt lat="46.16912" lon="6.69455"><ele>1436</ele><time>2000-01-01T01:36:08.000Z</time></trkpt><trkpt lat="46.16877" lon="6.69466"><ele>1433</ele><time>2000-01-01T01:36:18.000Z</time></trkpt><trkpt lat="46.16847" lon="6.69474"><ele>1426</ele><time>2000-01-01T01:36:28.000Z</time></trkpt><trkpt lat="46.16822" lon="6.69481"><ele>1420</ele><time>2000-01-01T01:36:38.000Z</time></trkpt><trkpt lat="46.16793" lon="6.6949"><ele>1418</ele><time>2000-01-01T01:36:48.000Z</time></trkpt><trkpt lat="46.1676" lon="6.69507"><ele>1415</ele><time>2000-01-01T01:36:58.000Z</time></trkpt><trkpt lat="46.16733" lon="6.6952"><ele>1413</ele><time>2000-01-01T01:37:08.000Z</time></trkpt><trkpt lat="46.16693" lon="6.69539"><ele>1412</ele><time>2000-01-01T01:37:18.000Z</time></trkpt><trkpt lat="46.16657" lon="6.69557"><ele>1396</ele><time>2000-01-01T01:37:28.000Z</time></trkpt><trkpt lat="46.16625" lon="6.69579"><ele>1394</ele><time>2000-01-01T01:37:38.000Z</time></trkpt><trkpt lat="46.16598" lon="6.69593"><ele>1392</ele><time>2000-01-01T01:37:48.000Z</time></trkpt><trkpt lat="46.16625" lon="6.69579"><ele>1389</ele><time>2000-01-01T01:37:58.000Z</time></trkpt><trkpt lat="46.16621" lon="6.69592"><ele>1386</ele><time>2000-01-01T01:38:08.000Z</time></trkpt><trkpt lat="46.16623" lon="6.69605"><ele>1382</ele><time>2000-01-01T01:38:18.000Z</time></trkpt><trkpt lat="46.16627" lon="6.69612"><ele>1382</ele><time>2000-01-01T01:38:28.000Z</time></trkpt><trkpt lat="46.16639" lon="6.6962"><ele>1382</ele><time>2000-01-01T01:38:38.000Z</time></trkpt><trkpt lat="46.16648" lon="6.69618"><ele>1382</ele><time>2000-01-01T01:38:48.000Z</time></trkpt><trkpt lat="46.16666" lon="6.69622"><ele>1377</ele><time>2000-01-01T01:38:58.000Z</time></trkpt><trkpt lat="46.16699" lon="6.69637"><ele>1370</ele><time>2000-01-01T01:39:08.000Z</time></trkpt><trkpt lat="46.16734" lon="6.69641"><ele>1357</ele><time>2000-01-01T01:39:18.000Z</time></trkpt><trkpt lat="46.16759" lon="6.6965"><ele>1356</ele><time>2000-01-01T01:39:28.000Z</time></trkpt><trkpt lat="46.16769" lon="6.69651"><ele>1356</ele><time>2000-01-01T01:39:38.000Z</time></trkpt><trkpt lat="46.16794" lon="6.69645"><ele>1351</ele><time>2000-01-01T01:39:48.000Z</time></trkpt><trkpt lat="46.16804" lon="6.69645"><ele>1350</ele><time>2000-01-01T01:39:58.000Z</time></trkpt><trkpt lat="46.1682" lon="6.69661"><ele>1346</ele><time>2000-01-01T01:40:08.000Z</time></trkpt><trkpt lat="46.16839" lon="6.6968"><ele>1342</ele><time>2000-01-01T01:40:18.000Z</time></trkpt><trkpt lat="46.16849" lon="6.69707"><ele>1340</ele><time>2000-01-01T01:40:28.000Z</time></trkpt><trkpt lat="46.16855" lon="6.69713"><ele>1338</ele><time>2000-01-01T01:40:38.000Z</time></trkpt><trkpt lat="46.16889" lon="6.69721"><ele>1333</ele><time>2000-01-01T01:40:48.000Z</time></trkpt><trkpt lat="46.16916" lon="6.69736"><ele>1332</ele><time>2000-01-01T01:40:58.000Z</time></trkpt><trkpt lat="46.16938" lon="6.69749"><ele>1328</ele><time>2000-01-01T01:41:08.000Z</time></trkpt><trkpt lat="46.16961" lon="6.69762"><ele>1327</ele><time>2000-01-01T01:41:18.000Z</time></trkpt><trkpt lat="46.17" lon="6.69779"><ele>1326</ele><time>2000-01-01T01:41:28.000Z</time></trkpt><trkpt lat="46.17027" lon="6.69794"><ele>1315</ele><time>2000-01-01T01:41:38.000Z</time></trkpt><trkpt lat="46.17039" lon="6.69797"><ele>1314</ele><time>2000-01-01T01:41:48.000Z</time></trkpt><trkpt lat="46.17065" lon="6.69793"><ele>1312</ele><time>2000-01-01T01:41:58.000Z</time></trkpt><trkpt lat="46.17088" lon="6.6979"><ele>1310</ele><time>2000-01-01T01:42:08.000Z</time></trkpt><trkpt lat="46.17112" lon="6.69787"><ele>1310</ele><time>2000-01-01T01:42:18.000Z</time></trkpt><trkpt lat="46.17122" lon="6.69784"><ele>1304</ele><time>2000-01-01T01:42:28.000Z</time></trkpt><trkpt lat="46.1715" lon="6.69759"><ele>1310</ele><time>2000-01-01T01:42:38.000Z</time></trkpt><trkpt lat="46.17151" lon="6.69747"><ele>1305</ele><time>2000-01-01T01:42:48.000Z</time></trkpt><trkpt lat="46.17163" lon="6.69742"><ele>1307</ele><time>2000-01-01T01:42:58.000Z</time></trkpt><trkpt lat="46.17185" lon="6.69722"><ele>1307</ele><time>2000-01-01T01:43:08.000Z</time></trkpt><trkpt lat="46.17207" lon="6.69712"><ele>1308</ele><time>2000-01-01T01:43:18.000Z</time></trkpt><trkpt lat="46.17231" lon="6.697"><ele>1308</ele><time>2000-01-01T01:43:28.000Z</time></trkpt><trkpt lat="46.17237" lon="6.6971"><ele>1308</ele><time>2000-01-01T01:43:38.000Z</time></trkpt><trkpt lat="46.17248" lon="6.69703"><ele>1308</ele><time>2000-01-01T01:43:48.000Z</time></trkpt><trkpt lat="46.17263" lon="6.69684"><ele>1308</ele><time>2000-01-01T01:43:58.000Z</time></trkpt><trkpt lat="46.17281" lon="6.69659"><ele>1304</ele><time>2000-01-01T01:44:08.000Z</time></trkpt><trkpt lat="46.17302" lon="6.69629"><ele>1304</ele><time>2000-01-01T01:44:18.000Z</time></trkpt><trkpt lat="46.17307" lon="6.69606"><ele>1300</ele><time>2000-01-01T01:44:28.000Z</time></trkpt><trkpt lat="46.17317" lon="6.69582"><ele>1305</ele><time>2000-01-01T01:44:38.000Z</time></trkpt><trkpt lat="46.17347" lon="6.69539"><ele>1305</ele><time>2000-01-01T01:44:48.000Z</time></trkpt><trkpt lat="46.17381" lon="6.695"><ele>1303</ele><time>2000-01-01T01:44:58.000Z</time></trkpt><trkpt lat="46.17396" lon="6.69477"><ele>1301</ele><time>2000-01-01T01:45:08.000Z</time></trkpt><trkpt lat="46.17414" lon="6.69443"><ele>1301</ele><time>2000-01-01T01:45:18.000Z</time></trkpt><trkpt lat="46.17429" lon="6.69414"><ele>1299</ele><time>2000-01-01T01:45:28.000Z</time></trkpt><trkpt lat="46.17448" lon="6.6938"><ele>1298</ele><time>2000-01-01T01:45:38.000Z</time></trkpt><trkpt lat="46.17456" lon="6.69369"><ele>1298</ele><time>2000-01-01T01:45:48.000Z</time></trkpt><trkpt lat="46.17471" lon="6.69363"><ele>1295</ele><time>2000-01-01T01:45:58.000Z</time></trkpt><trkpt lat="46.17484" lon="6.69362"><ele>1295</ele><time>2000-01-01T01:46:08.000Z</time></trkpt><trkpt lat="46.17506" lon="6.69366"><ele>1295</ele><time>2000-01-01T01:46:18.000Z</time></trkpt><trkpt lat="46.17539" lon="6.69372"><ele>1294</ele><time>2000-01-01T01:46:28.000Z</time></trkpt><trkpt lat="46.17552" lon="6.69371"><ele>1294</ele><time>2000-01-01T01:46:38.000Z</time></trkpt><trkpt lat="46.17576" lon="6.69365"><ele>1292</ele><time>2000-01-01T01:46:48.000Z</time></trkpt><trkpt lat="46.17603" lon="6.69353"><ele>1291</ele><time>2000-01-01T01:46:58.000Z</time></trkpt><trkpt lat="46.17624" lon="6.69338"><ele>1291</ele><time>2000-01-01T01:47:08.000Z</time></trkpt><trkpt lat="46.17641" lon="6.69315"><ele>1284</ele><time>2000-01-01T01:47:18.000Z</time></trkpt><trkpt lat="46.17645" lon="6.69301"><ele>1284</ele><time>2000-01-01T01:47:28.000Z</time></trkpt><trkpt lat="46.17645" lon="6.69253"><ele>1282</ele><time>2000-01-01T01:47:38.000Z</time></trkpt><trkpt lat="46.17649" lon="6.69242"><ele>1282</ele><time>2000-01-01T01:47:48.000Z</time></trkpt><trkpt lat="46.1766" lon="6.69233"><ele>1281</ele><time>2000-01-01T01:47:58.000Z</time></trkpt><trkpt lat="46.1767" lon="6.69231"><ele>1279</ele><time>2000-01-01T01:48:08.000Z</time></trkpt><trkpt lat="46.17681" lon="6.69238"><ele>1278</ele><time>2000-01-01T01:48:18.000Z</time></trkpt><trkpt lat="46.17687" lon="6.69248"><ele>1278</ele><time>2000-01-01T01:48:28.000Z</time></trkpt><trkpt lat="46.17712" lon="6.69231"><ele>1273</ele><time>2000-01-01T01:48:38.000Z</time></trkpt><trkpt lat="46.17734" lon="6.69208"><ele>1272</ele><time>2000-01-01T01:48:48.000Z</time></trkpt><trkpt lat="46.17765" lon="6.69177"><ele>1270</ele><time>2000-01-01T01:48:58.000Z</time></trkpt><trkpt lat="46.17789" lon="6.6918"><ele>1269</ele><time>2000-01-01T01:49:08.000Z</time></trkpt><trkpt lat="46.17797" lon="6.69163"><ele>1269</ele><time>2000-01-01T01:49:18.000Z</time></trkpt><trkpt lat="46.17791" lon="6.6914"><ele>1268</ele><time>2000-01-01T01:49:28.000Z</time></trkpt><trkpt lat="46.17793" lon="6.6913"><ele>1268</ele><time>2000-01-01T01:49:38.000Z</time></trkpt><trkpt lat="46.17816" lon="6.69111"><ele>1265</ele><time>2000-01-01T01:49:48.000Z</time></trkpt><trkpt lat="46.17854" lon="6.69081"><ele>1255</ele><time>2000-01-01T01:49:58.000Z</time></trkpt><trkpt lat="46.17894" lon="6.69067"><ele>1245</ele><time>2000-01-01T01:50:08.000Z</time></trkpt><trkpt lat="46.17922" lon="6.69048"><ele>1236</ele><time>2000-01-01T01:50:18.000Z</time></trkpt><trkpt lat="46.17931" lon="6.69048"><ele>1236</ele><time>2000-01-01T01:50:28.000Z</time></trkpt><trkpt lat="46.17964" lon="6.69068"><ele>1228</ele><time>2000-01-01T01:50:38.000Z</time></trkpt><trkpt lat="46.18006" lon="6.69071"><ele>1222</ele><time>2000-01-01T01:50:48.000Z</time></trkpt><trkpt lat="46.18014" lon="6.69075"><ele>1219</ele><time>2000-01-01T01:50:58.000Z</time></trkpt><trkpt lat="46.18036" lon="6.69055"><ele>1216</ele><time>2000-01-01T01:51:08.000Z</time></trkpt><trkpt lat="46.18071" lon="6.69023"><ele>1211</ele><time>2000-01-01T01:51:18.000Z</time></trkpt><trkpt lat="46.18093" lon="6.68998"><ele>1210</ele><time>2000-01-01T01:51:28.000Z</time></trkpt><trkpt lat="46.18099" lon="6.68996"><ele>1208</ele><time>2000-01-01T01:51:38.000Z</time></trkpt><trkpt lat="46.18105" lon="6.68998"><ele>1208</ele><time>2000-01-01T01:51:48.000Z</time></trkpt><trkpt lat="46.18109" lon="6.69008"><ele>1209</ele><time>2000-01-01T01:51:58.000Z</time></trkpt><trkpt lat="46.18105" lon="6.6902"><ele>1209</ele><time>2000-01-01T01:52:08.000Z</time></trkpt><trkpt lat="46.18099" lon="6.69034"><ele>1209</ele><time>2000-01-01T01:52:18.000Z</time></trkpt><trkpt lat="46.18094" lon="6.69046"><ele>1205</ele><time>2000-01-01T01:52:28.000Z</time></trkpt><trkpt lat="46.18089" lon="6.69059"><ele>1206</ele><time>2000-01-01T01:52:38.000Z</time></trkpt><trkpt lat="46.1808" lon="6.69075"><ele>1203</ele><time>2000-01-01T01:52:48.000Z</time></trkpt><trkpt lat="46.1807" lon="6.69095"><ele>1206</ele><time>2000-01-01T01:52:58.000Z</time></trkpt><trkpt lat="46.18061" lon="6.6911"><ele>1204</ele><time>2000-01-01T01:53:08.000Z</time></trkpt><trkpt lat="46.18061" lon="6.6911"><ele>1204</ele><time>2000-01-01T01:53:18.000Z</time></trkpt><trkpt lat="46.18056" lon="6.69127"><ele>1206</ele><time>2000-01-01T01:53:28.000Z</time></trkpt><trkpt lat="46.18058" lon="6.69132"><ele>1206</ele><time>2000-01-01T01:53:38.000Z</time></trkpt><trkpt lat="46.18062" lon="6.69137"><ele>1201</ele><time>2000-01-01T01:53:48.000Z</time></trkpt><trkpt lat="46.18071" lon="6.69137"><ele>1198</ele><time>2000-01-01T01:53:58.000Z</time></trkpt><trkpt lat="46.18084" lon="6.6912"><ele>1200</ele><time>2000-01-01T01:54:08.000Z</time></trkpt><trkpt lat="46.18119" lon="6.69084"><ele>1196</ele><time>2000-01-01T01:54:18.000Z</time></trkpt><trkpt lat="46.18134" lon="6.69065"><ele>1194</ele><time>2000-01-01T01:54:28.000Z</time></trkpt><trkpt lat="46.18148" lon="6.6905"><ele>1192</ele><time>2000-01-01T01:54:38.000Z</time></trkpt><trkpt lat="46.18164" lon="6.69033"><ele>1190</ele><time>2000-01-01T01:54:48.000Z</time></trkpt><trkpt lat="46.18178" lon="6.69018"><ele>1191</ele><time>2000-01-01T01:54:58.000Z</time></trkpt><trkpt lat="46.18196" lon="6.69001"><ele>1185</ele><time>2000-01-01T01:55:08.000Z</time></trkpt><trkpt lat="46.18211" lon="6.68984"><ele>1184</ele><time>2000-01-01T01:55:18.000Z</time></trkpt><trkpt lat="46.18222" lon="6.68973"><ele>1184</ele><time>2000-01-01T01:55:28.000Z</time></trkpt><trkpt lat="46.18234" lon="6.68961"><ele>1181</ele><time>2000-01-01T01:55:38.000Z</time></trkpt><trkpt lat="46.18245" lon="6.68949"><ele>1179</ele><time>2000-01-01T01:55:48.000Z</time></trkpt><trkpt lat="46.18249" lon="6.68938"><ele>1177</ele><time>2000-01-01T01:55:58.000Z</time></trkpt><trkpt lat="46.18248" lon="6.68925"><ele>1177</ele><time>2000-01-01T01:56:08.000Z</time></trkpt><trkpt lat="46.18239" lon="6.68906"><ele>1175</ele><time>2000-01-01T01:56:18.000Z</time></trkpt><trkpt lat="46.18233" lon="6.68879"><ele>1172</ele><time>2000-01-01T01:56:28.000Z</time></trkpt><trkpt lat="46.18231" lon="6.68863"><ele>1171</ele><time>2000-01-01T01:56:38.000Z</time></trkpt><trkpt lat="46.18249" lon="6.68863"><ele>1171</ele><time>2000-01-01T01:56:48.000Z</time></trkpt><trkpt lat="46.18267" lon="6.68863"><ele>1170</ele><time>2000-01-01T01:56:58.000Z</time></trkpt><trkpt lat="46.18282" lon="6.68861"><ele>1168</ele><time>2000-01-01T01:57:08.000Z</time></trkpt><trkpt lat="46.18299" lon="6.68859"><ele>1168</ele><time>2000-01-01T01:57:18.000Z</time></trkpt><trkpt lat="46.18331" lon="6.68855"><ele>1163</ele><time>2000-01-01T01:57:28.000Z</time></trkpt><trkpt lat="46.18371" lon="6.6885"><ele>1161</ele><time>2000-01-01T01:57:38.000Z</time></trkpt><trkpt lat="46.18391" lon="6.68871"><ele>1156</ele><time>2000-01-01T01:57:48.000Z</time></trkpt><trkpt lat="46.18411" lon="6.68898"><ele>1151</ele><time>2000-01-01T01:57:58.000Z</time></trkpt><trkpt lat="46.18432" lon="6.68923"><ele>1142</ele><time>2000-01-01T01:58:08.000Z</time></trkpt><trkpt lat="46.1844" lon="6.68926"><ele>1142</ele><time>2000-01-01T01:58:18.000Z</time></trkpt><trkpt lat="46.18455" lon="6.68924"><ele>1139</ele><time>2000-01-01T01:58:28.000Z</time></trkpt><trkpt lat="46.18486" lon="6.68934"><ele>1135</ele><time>2000-01-01T01:58:38.000Z</time></trkpt><trkpt lat="46.18505" lon="6.68946"><ele>1125</ele><time>2000-01-01T01:58:48.000Z</time></trkpt><trkpt lat="46.18521" lon="6.68968"><ele>1119</ele><time>2000-01-01T01:58:58.000Z</time></trkpt><trkpt lat="46.1853" lon="6.6901"><ele>1110</ele><time>2000-01-01T01:59:08.000Z</time></trkpt><trkpt lat="46.18549" lon="6.69047"><ele>1102</ele><time>2000-01-01T01:59:18.000Z</time></trkpt><trkpt lat="46.18553" lon="6.69073"><ele>1094</ele><time>2000-01-01T01:59:28.000Z</time></trkpt><trkpt lat="46.18554" lon="6.69105"><ele>1092</ele><time>2000-01-01T01:59:38.000Z</time></trkpt><trkpt lat="46.18551" lon="6.69128"><ele>1087</ele><time>2000-01-01T01:59:48.000Z</time></trkpt><trkpt lat="46.1854" lon="6.69151"><ele>1089</ele><time>2000-01-01T01:59:58.000Z</time></trkpt><trkpt lat="46.18526" lon="6.69181"><ele>1081</ele><time>2000-01-01T02:00:08.000Z</time></trkpt><trkpt lat="46.18507" lon="6.69211"><ele>1077</ele><time>2000-01-01T02:00:18.000Z</time></trkpt><trkpt lat="46.18478" lon="6.69258"><ele>1073</ele><time>2000-01-01T02:00:28.000Z</time></trkpt><trkpt lat="46.1846" lon="6.69277"><ele>1071</ele><time>2000-01-01T02:00:38.000Z</time></trkpt><trkpt lat="46.18438" lon="6.69297"><ele>1067</ele><time>2000-01-01T02:00:48.000Z</time></trkpt><trkpt lat="46.18411" lon="6.69321"><ele>1058</ele><time>2000-01-01T02:00:58.000Z</time></trkpt><trkpt lat="46.18386" lon="6.69338"><ele>1055</ele><time>2000-01-01T02:01:08.000Z</time></trkpt><trkpt lat="46.18353" lon="6.69362"><ele>1047</ele><time>2000-01-01T02:01:18.000Z</time></trkpt><trkpt lat="46.18336" lon="6.69377"><ele>1047</ele><time>2000-01-01T02:01:28.000Z</time></trkpt><trkpt lat="46.18306" lon="6.69426"><ele>1043</ele><time>2000-01-01T02:01:38.000Z</time></trkpt><trkpt lat="46.18269" lon="6.6946"><ele>1038</ele><time>2000-01-01T02:01:48.000Z</time></trkpt><trkpt lat="46.18257" lon="6.69484"><ele>1038</ele><time>2000-01-01T02:01:58.000Z</time></trkpt><trkpt lat="46.18236" lon="6.69519"><ele>1033</ele><time>2000-01-01T02:02:08.000Z</time></trkpt><trkpt lat="46.18216" lon="6.69554"><ele>1029</ele><time>2000-01-01T02:02:18.000Z</time></trkpt><trkpt lat="46.18192" lon="6.69594"><ele>1031</ele><time>2000-01-01T02:02:28.000Z</time></trkpt><trkpt lat="46.18177" lon="6.6962"><ele>1028</ele><time>2000-01-01T02:02:38.000Z</time></trkpt><trkpt lat="46.18163" lon="6.69647"><ele>1026</ele><time>2000-01-01T02:02:48.000Z</time></trkpt><trkpt lat="46.18144" lon="6.69679"><ele>1029</ele><time>2000-01-01T02:02:58.000Z</time></trkpt><trkpt lat="46.18128" lon="6.69705"><ele>1025</ele><time>2000-01-01T02:03:08.000Z</time></trkpt><trkpt lat="46.18111" lon="6.69734"><ele>1021</ele><time>2000-01-01T02:03:18.000Z</time></trkpt><trkpt lat="46.18086" lon="6.69768"><ele>1020</ele><time>2000-01-01T02:03:28.000Z</time></trkpt><trkpt lat="46.18069" lon="6.69789"><ele>1019</ele><time>2000-01-01T02:03:38.000Z</time></trkpt><trkpt lat="46.1805" lon="6.69819"><ele>1017</ele><time>2000-01-01T02:03:48.000Z</time></trkpt><trkpt lat="46.1806" lon="6.6985"><ele>1011</ele><time>2000-01-01T02:03:58.000Z</time></trkpt><trkpt lat="46.18071" lon="6.6988"><ele>1003</ele><time>2000-01-01T02:04:08.000Z</time></trkpt><trkpt lat="46.18095" lon="6.69921"><ele>992</ele><time>2000-01-01T02:04:18.000Z</time></trkpt><trkpt lat="46.1812" lon="6.69962"><ele>985</ele><time>2000-01-01T02:04:28.000Z</time></trkpt><trkpt lat="46.18144" lon="6.70003"><ele>977</ele><time>2000-01-01T02:04:38.000Z</time></trkpt><trkpt lat="46.18169" lon="6.70043"><ele>975</ele><time>2000-01-01T02:04:48.000Z</time></trkpt><trkpt lat="46.18194" lon="6.70086"><ele>971</ele><time>2000-01-01T02:04:58.000Z</time></trkpt><trkpt lat="46.18216" lon="6.70125"><ele>970</ele><time>2000-01-01T02:05:08.000Z</time></trkpt><trkpt lat="46.18236" lon="6.70154"><ele>969</ele><time>2000-01-01T02:05:18.000Z</time></trkpt><trkpt lat="46.18267" lon="6.70201"><ele>968</ele><time>2000-01-01T02:05:28.000Z</time></trkpt><trkpt lat="46.18283" lon="6.7023"><ele>968</ele><time>2000-01-01T02:05:38.000Z</time></trkpt><trkpt lat="46.18304" lon="6.70267"><ele>968</ele><time>2000-01-01T02:05:48.000Z</time></trkpt><trkpt lat="46.18325" lon="6.70304"><ele>968</ele><time>2000-01-01T02:05:58.000Z</time></trkpt><trkpt lat="46.1834" lon="6.70331"><ele>968</ele><time>2000-01-01T02:06:08.000Z</time></trkpt><trkpt lat="46.18357" lon="6.7036"><ele>968</ele><time>2000-01-01T02:06:18.000Z</time></trkpt><trkpt lat="46.18384" lon="6.70411"><ele>953</ele><time>2000-01-01T02:06:28.000Z</time></trkpt><trkpt lat="46.18411" lon="6.70463"><ele>951</ele><time>2000-01-01T02:06:38.000Z</time></trkpt><trkpt lat="46.18439" lon="6.70514"><ele>962</ele><time>2000-01-01T02:06:48.000Z</time></trkpt><trkpt lat="46.18466" lon="6.70566"><ele>974</ele><time>2000-01-01T02:06:58.000Z</time></trkpt><trkpt lat="46.18493" lon="6.70618"><ele>984</ele><time>2000-01-01T02:07:08.000Z</time></trkpt><trkpt lat="46.18521" lon="6.70669"><ele>999</ele><time>2000-01-01T02:07:18.000Z</time></trkpt><trkpt lat="46.18548" lon="6.70721"><ele>1022</ele><time>2000-01-01T02:07:28.000Z</time></trkpt><trkpt lat="46.18575" lon="6.70772"><ele>1049</ele><time>2000-01-01T02:07:38.000Z</time></trkpt><trkpt lat="46.18603" lon="6.70824"><ele>1074</ele><time>2000-01-01T02:07:48.000Z</time></trkpt><trkpt lat="46.1863" lon="6.70875"><ele>1109</ele><time>2000-01-01T02:07:58.000Z</time></trkpt><trkpt lat="46.18657" lon="6.70927"><ele>1131</ele><time>2000-01-01T02:08:08.000Z</time></trkpt><trkpt lat="46.18685" lon="6.70978"><ele>1157</ele><time>2000-01-01T02:08:18.000Z</time></trkpt><trkpt lat="46.18712" lon="6.7103"><ele>1184</ele><time>2000-01-01T02:08:28.000Z</time></trkpt><trkpt lat="46.18739" lon="6.71081"><ele>1217</ele><time>2000-01-01T02:08:38.000Z</time></trkpt><trkpt lat="46.18767" lon="6.71133"><ele>1248</ele><time>2000-01-01T02:08:48.000Z</time></trkpt><trkpt lat="46.18794" lon="6.71184"><ele>1281</ele><time>2000-01-01T02:08:58.000Z</time></trkpt><trkpt lat="46.18821" lon="6.71236"><ele>1293</ele><time>2000-01-01T02:09:08.000Z</time></trkpt><trkpt lat="46.18849" lon="6.71287"><ele>1309</ele><time>2000-01-01T02:09:18.000Z</time></trkpt><trkpt lat="46.18876" lon="6.71339"><ele>1328</ele><time>2000-01-01T02:09:28.000Z</time></trkpt><trkpt lat="46.18903" lon="6.71391"><ele>1347</ele><time>2000-01-01T02:09:38.000Z</time></trkpt><trkpt lat="46.18931" lon="6.71442"><ele>1365</ele><time>2000-01-01T02:09:48.000Z</time></trkpt><trkpt lat="46.18958" lon="6.71494"><ele>1378</ele><time>2000-01-01T02:09:58.000Z</time></trkpt><trkpt lat="46.18985" lon="6.71545"><ele>1395</ele><time>2000-01-01T02:10:08.000Z</time></trkpt><trkpt lat="46.19013" lon="6.71597"><ele>1406</ele><time>2000-01-01T02:10:18.000Z</time></trkpt><trkpt lat="46.1904" lon="6.71648"><ele>1414</ele><time>2000-01-01T02:10:28.000Z</time></trkpt><trkpt lat="46.19067" lon="6.717"><ele>1427</ele><time>2000-01-01T02:10:38.000Z</time></trkpt><trkpt lat="46.19083" lon="6.7173"><ele>1440</ele><time>2000-01-01T02:10:48.000Z</time></trkpt><trkpt lat="46.19105" lon="6.71771"><ele>1451</ele><time>2000-01-01T02:10:58.000Z</time></trkpt><trkpt lat="46.19091" lon="6.71801"><ele>1450</ele><time>2000-01-01T02:11:08.000Z</time></trkpt><trkpt lat="46.19079" lon="6.71797"><ele>1451</ele><time>2000-01-01T02:11:18.000Z</time></trkpt><trkpt lat="46.19062" lon="6.71798"><ele>1449</ele><time>2000-01-01T02:11:28.000Z</time></trkpt><trkpt lat="46.19051" lon="6.71794"><ele>1449</ele><time>2000-01-01T02:11:38.000Z</time></trkpt><trkpt lat="46.19039" lon="6.71785"><ele>1448</ele><time>2000-01-01T02:11:48.000Z</time></trkpt><trkpt lat="46.19028" lon="6.71783"><ele>1447</ele><time>2000-01-01T02:11:58.000Z</time></trkpt><trkpt lat="46.19027" lon="6.71794"><ele>1448</ele><time>2000-01-01T02:12:08.000Z</time></trkpt><trkpt lat="46.19037" lon="6.71818"><ele>1448</ele><time>2000-01-01T02:12:18.000Z</time></trkpt><trkpt lat="46.1906" lon="6.71873"><ele>1459</ele><time>2000-01-01T02:12:28.000Z</time></trkpt><trkpt lat="46.19084" lon="6.71928"><ele>1472</ele><time>2000-01-01T02:12:38.000Z</time></trkpt><trkpt lat="46.19107" lon="6.71984"><ele>1486</ele><time>2000-01-01T02:12:48.000Z</time></trkpt><trkpt lat="46.1913" lon="6.72039"><ele>1499</ele><time>2000-01-01T02:12:58.000Z</time></trkpt><trkpt lat="46.19153" lon="6.72095"><ele>1511</ele><time>2000-01-01T02:13:08.000Z</time></trkpt><trkpt lat="46.19176" lon="6.7215"><ele>1523</ele><time>2000-01-01T02:13:18.000Z</time></trkpt><trkpt lat="46.19199" lon="6.72205"><ele>1546</ele><time>2000-01-01T02:13:28.000Z</time></trkpt><trkpt lat="46.19222" lon="6.72261"><ele>1568</ele><time>2000-01-01T02:13:38.000Z</time></trkpt><trkpt lat="46.19246" lon="6.72316"><ele>1581</ele><time>2000-01-01T02:13:48.000Z</time></trkpt><trkpt lat="46.19269" lon="6.72371"><ele>1596</ele><time>2000-01-01T02:13:58.000Z</time></trkpt><trkpt lat="46.19292" lon="6.72427"><ele>1609</ele><time>2000-01-01T02:14:08.000Z</time></trkpt><trkpt lat="46.19315" lon="6.72482"><ele>1618</ele><time>2000-01-01T02:14:18.000Z</time></trkpt><trkpt lat="46.19338" lon="6.72538"><ele>1626</ele><time>2000-01-01T02:14:28.000Z</time></trkpt><trkpt lat="46.19361" lon="6.72593"><ele>1637</ele><time>2000-01-01T02:14:38.000Z</time></trkpt><trkpt lat="46.19384" lon="6.72648"><ele>1642</ele><time>2000-01-01T02:14:48.000Z</time></trkpt><trkpt lat="46.19408" lon="6.72704"><ele>1649</ele><time>2000-01-01T02:14:58.000Z</time></trkpt><trkpt lat="46.19431" lon="6.72759"><ele>1656</ele><time>2000-01-01T02:15:08.000Z</time></trkpt><trkpt lat="46.19454" lon="6.72815"><ele>1666</ele><time>2000-01-01T02:15:18.000Z</time></trkpt><trkpt lat="46.19477" lon="6.7287"><ele>1674</ele><time>2000-01-01T02:15:28.000Z</time></trkpt><trkpt lat="46.195" lon="6.72925"><ele>1685</ele><time>2000-01-01T02:15:38.000Z</time></trkpt><trkpt lat="46.19523" lon="6.72981"><ele>1697</ele><time>2000-01-01T02:15:48.000Z</time></trkpt><trkpt lat="46.19546" lon="6.73036"><ele>1706</ele><time>2000-01-01T02:15:58.000Z</time></trkpt><trkpt lat="46.1957" lon="6.73091"><ele>1716</ele><time>2000-01-01T02:16:08.000Z</time></trkpt><trkpt lat="46.19593" lon="6.73147"><ele>1730</ele><time>2000-01-01T02:16:18.000Z</time></trkpt><trkpt lat="46.19605" lon="6.73177"><ele>1737</ele><time>2000-01-01T02:16:28.000Z</time></trkpt><trkpt lat="46.19619" lon="6.73209"><ele>1743</ele><time>2000-01-01T02:16:38.000Z</time></trkpt><trkpt lat="46.19631" lon="6.7325"><ele>1747</ele><time>2000-01-01T02:16:48.000Z</time></trkpt><trkpt lat="46.19633" lon="6.73248"><ele>1752</ele><time>2000-01-01T02:16:58.000Z</time></trkpt><trkpt lat="46.19622" lon="6.73291"><ele>1747</ele><time>2000-01-01T02:17:08.000Z</time></trkpt><trkpt lat="46.19609" lon="6.73332"><ele>1747</ele><time>2000-01-01T02:17:18.000Z</time></trkpt><trkpt lat="46.19605" lon="6.73354"><ele>1747</ele><time>2000-01-01T02:17:28.000Z</time></trkpt><trkpt lat="46.19604" lon="6.7338"><ele>1746</ele><time>2000-01-01T02:17:38.000Z</time></trkpt><trkpt lat="46.19602" lon="6.73411"><ele>1743</ele><time>2000-01-01T02:17:48.000Z</time></trkpt><trkpt lat="46.196" lon="6.73424"><ele>1740</ele><time>2000-01-01T02:17:58.000Z</time></trkpt><trkpt lat="46.19604" lon="6.73431"><ele>1741</ele><time>2000-01-01T02:18:08.000Z</time></trkpt><trkpt lat="46.19609" lon="6.73459"><ele>1741</ele><time>2000-01-01T02:18:18.000Z</time></trkpt><trkpt lat="46.19617" lon="6.73498"><ele>1742</ele><time>2000-01-01T02:18:28.000Z</time></trkpt><trkpt lat="46.19628" lon="6.73532"><ele>1743</ele><time>2000-01-01T02:18:38.000Z</time></trkpt><trkpt lat="46.1965" lon="6.73584"><ele>1743</ele><time>2000-01-01T02:18:48.000Z</time></trkpt><trkpt lat="46.19669" lon="6.73614"><ele>1743</ele><time>2000-01-01T02:18:58.000Z</time></trkpt><trkpt lat="46.19692" lon="6.73645"><ele>1747</ele><time>2000-01-01T02:19:08.000Z</time></trkpt><trkpt lat="46.19715" lon="6.73677"><ele>1747</ele><time>2000-01-01T02:19:18.000Z</time></trkpt><trkpt lat="46.19741" lon="6.73713"><ele>1745</ele><time>2000-01-01T02:19:28.000Z</time></trkpt><trkpt lat="46.19759" lon="6.73741"><ele>1749</ele><time>2000-01-01T02:19:38.000Z</time></trkpt><trkpt lat="46.19781" lon="6.73776"><ele>1753</ele><time>2000-01-01T02:19:48.000Z</time></trkpt><trkpt lat="46.19799" lon="6.7381"><ele>1753</ele><time>2000-01-01T02:19:58.000Z</time></trkpt><trkpt lat="46.19814" lon="6.73838"><ele>1754</ele><time>2000-01-01T02:20:08.000Z</time></trkpt><trkpt lat="46.19831" lon="6.7387"><ele>1756</ele><time>2000-01-01T02:20:18.000Z</time></trkpt><trkpt lat="46.19853" lon="6.73928"><ele>1757</ele><time>2000-01-01T02:20:28.000Z</time></trkpt><trkpt lat="46.19862" lon="6.73946"><ele>1761</ele><time>2000-01-01T02:20:38.000Z</time></trkpt><trkpt lat="46.19882" lon="6.73978"><ele>1761</ele><time>2000-01-01T02:20:48.000Z</time></trkpt><trkpt lat="46.19897" lon="6.73993"><ele>1764</ele><time>2000-01-01T02:20:58.000Z</time></trkpt><trkpt lat="46.19915" lon="6.74021"><ele>1764</ele><time>2000-01-01T02:21:08.000Z</time></trkpt><trkpt lat="46.19935" lon="6.74055"><ele>1764</ele><time>2000-01-01T02:21:18.000Z</time></trkpt><trkpt lat="46.19951" lon="6.74083"><ele>1764</ele><time>2000-01-01T02:21:28.000Z</time></trkpt><trkpt lat="46.19972" lon="6.74119"><ele>1763</ele><time>2000-01-01T02:21:38.000Z</time></trkpt><trkpt lat="46.19987" lon="6.74153"><ele>1760</ele><time>2000-01-01T02:21:48.000Z</time></trkpt><trkpt lat="46.20009" lon="6.74205"><ele>1757</ele><time>2000-01-01T02:21:58.000Z</time></trkpt><trkpt lat="46.20016" lon="6.74201"><ele>1758</ele><time>2000-01-01T02:22:08.000Z</time></trkpt><trkpt lat="46.20021" lon="6.74206"><ele>1758</ele><time>2000-01-01T02:22:18.000Z</time></trkpt><trkpt lat="46.20026" lon="6.74225"><ele>1757</ele><time>2000-01-01T02:22:28.000Z</time></trkpt><trkpt lat="46.20038" lon="6.74252"><ele>1758</ele><time>2000-01-01T02:22:38.000Z</time></trkpt><trkpt lat="46.20033" lon="6.74292"><ele>1758</ele><time>2000-01-01T02:22:48.000Z</time></trkpt><trkpt lat="46.20031" lon="6.74355"><ele>1757</ele><time>2000-01-01T02:22:58.000Z</time></trkpt><trkpt lat="46.20037" lon="6.74391"><ele>1754</ele><time>2000-01-01T02:23:08.000Z</time></trkpt><trkpt lat="46.20044" lon="6.74436"><ele>1750</ele><time>2000-01-01T02:23:18.000Z</time></trkpt><trkpt lat="46.20048" lon="6.74476"><ele>1745</ele><time>2000-01-01T02:23:28.000Z</time></trkpt><trkpt lat="46.20052" lon="6.74535"><ele>1742</ele><time>2000-01-01T02:23:38.000Z</time></trkpt><trkpt lat="46.20067" lon="6.74587"><ele>1742</ele><time>2000-01-01T02:23:48.000Z</time></trkpt><trkpt lat="46.20069" lon="6.74628"><ele>1740</ele><time>2000-01-01T02:23:58.000Z</time></trkpt><trkpt lat="46.2007" lon="6.74662"><ele>1738</ele><time>2000-01-01T02:24:08.000Z</time></trkpt><trkpt lat="46.20072" lon="6.74696"><ele>1736</ele><time>2000-01-01T02:24:18.000Z</time></trkpt><trkpt lat="46.20076" lon="6.74729"><ele>1737</ele><time>2000-01-01T02:24:28.000Z</time></trkpt><trkpt lat="46.20085" lon="6.7478"><ele>1738</ele><time>2000-01-01T02:24:38.000Z</time></trkpt><trkpt lat="46.20088" lon="6.74825"><ele>1738</ele><time>2000-01-01T02:24:48.000Z</time></trkpt><trkpt lat="46.2009" lon="6.7487"><ele>1738</ele><time>2000-01-01T02:24:58.000Z</time></trkpt><trkpt lat="46.20093" lon="6.74918"><ele>1737</ele><time>2000-01-01T02:25:08.000Z</time></trkpt><trkpt lat="46.201" lon="6.74975"><ele>1737</ele><time>2000-01-01T02:25:18.000Z</time></trkpt><trkpt lat="46.20111" lon="6.75025"><ele>1739</ele><time>2000-01-01T02:25:28.000Z</time></trkpt><trkpt lat="46.20115" lon="6.75071"><ele>1741</ele><time>2000-01-01T02:25:38.000Z</time></trkpt><trkpt lat="46.20121" lon="6.75107"><ele>1742</ele><time>2000-01-01T02:25:48.000Z</time></trkpt><trkpt lat="46.20128" lon="6.75151"><ele>1742</ele><time>2000-01-01T02:25:58.000Z</time></trkpt><trkpt lat="46.20129" lon="6.75192"><ele>1743</ele><time>2000-01-01T02:26:08.000Z</time></trkpt><trkpt lat="46.2013" lon="6.75255"><ele>1744</ele><time>2000-01-01T02:26:18.000Z</time></trkpt><trkpt lat="46.20125" lon="6.75302"><ele>1743</ele><time>2000-01-01T02:26:28.000Z</time></trkpt><trkpt lat="46.20119" lon="6.7535"><ele>1743</ele><time>2000-01-01T02:26:38.000Z</time></trkpt><trkpt lat="46.20116" lon="6.75385"><ele>1743</ele><time>2000-01-01T02:26:48.000Z</time></trkpt><trkpt lat="46.20112" lon="6.75423"><ele>1746</ele><time>2000-01-01T02:26:58.000Z</time></trkpt><trkpt lat="46.20103" lon="6.75481"><ele>1749</ele><time>2000-01-01T02:27:08.000Z</time></trkpt><trkpt lat="46.20102" lon="6.75529"><ele>1751</ele><time>2000-01-01T02:27:18.000Z</time></trkpt><trkpt lat="46.20101" lon="6.75576"><ele>1751</ele><time>2000-01-01T02:27:28.000Z</time></trkpt><trkpt lat="46.201" lon="6.75643"><ele>1751</ele><time>2000-01-01T02:27:38.000Z</time></trkpt><trkpt lat="46.2009" lon="6.757"><ele>1753</ele><time>2000-01-01T02:27:48.000Z</time></trkpt><trkpt lat="46.20075" lon="6.75733"><ele>1754</ele><time>2000-01-01T02:27:58.000Z</time></trkpt><trkpt lat="46.20055" lon="6.75781"><ele>1754</ele><time>2000-01-01T02:28:08.000Z</time></trkpt><trkpt lat="46.2003" lon="6.75806"><ele>1754</ele><time>2000-01-01T02:28:18.000Z</time></trkpt><trkpt lat="46.20017" lon="6.75866"><ele>1757</ele><time>2000-01-01T02:28:28.000Z</time></trkpt><trkpt lat="46.20009" lon="6.75892"><ele>1758</ele><time>2000-01-01T02:28:38.000Z</time></trkpt><trkpt lat="46.19999" lon="6.75928"><ele>1759</ele><time>2000-01-01T02:28:48.000Z</time></trkpt><trkpt lat="46.20015" lon="6.75926"><ele>1759</ele><time>2000-01-01T02:28:58.000Z</time></trkpt><trkpt lat="46.2002" lon="6.75928"><ele>1759</ele><time>2000-01-01T02:29:08.000Z</time></trkpt><trkpt lat="46.20034" lon="6.75923"><ele>1755</ele><time>2000-01-01T02:29:18.000Z</time></trkpt><trkpt lat="46.20037" lon="6.7593"><ele>1755</ele><time>2000-01-01T02:29:28.000Z</time></trkpt><trkpt lat="46.20033" lon="6.75941"><ele>1752</ele><time>2000-01-01T02:29:38.000Z</time></trkpt><trkpt lat="46.20031" lon="6.75959"><ele>1752</ele><time>2000-01-01T02:29:48.000Z</time></trkpt><trkpt lat="46.20023" lon="6.75968"><ele>1751</ele><time>2000-01-01T02:29:58.000Z</time></trkpt><trkpt lat="46.20014" lon="6.75976"><ele>1748</ele><time>2000-01-01T02:30:08.000Z</time></trkpt><trkpt lat="46.20007" lon="6.75988"><ele>1753</ele><time>2000-01-01T02:30:18.000Z</time></trkpt><trkpt lat="46.20013" lon="6.75995"><ele>1745</ele><time>2000-01-01T02:30:28.000Z</time></trkpt><trkpt lat="46.20028" lon="6.75992"><ele>1745</ele><time>2000-01-01T02:30:38.000Z</time></trkpt><trkpt lat="46.20038" lon="6.75995"><ele>1741</ele><time>2000-01-01T02:30:48.000Z</time></trkpt><trkpt lat="46.20022" lon="6.76041"><ele>1736</ele><time>2000-01-01T02:30:58.000Z</time></trkpt><trkpt lat="46.20021" lon="6.76053"><ele>1736</ele><time>2000-01-01T02:31:08.000Z</time></trkpt><trkpt lat="46.20024" lon="6.76061"><ele>1738</ele><time>2000-01-01T02:31:18.000Z</time></trkpt><trkpt lat="46.20027" lon="6.76064"><ele>1738</ele><time>2000-01-01T02:31:28.000Z</time></trkpt><trkpt lat="46.20033" lon="6.76062"><ele>1735</ele><time>2000-01-01T02:31:38.000Z</time></trkpt><trkpt lat="46.20044" lon="6.7604"><ele>1734</ele><time>2000-01-01T02:31:48.000Z</time></trkpt><trkpt lat="46.20052" lon="6.76039"><ele>1730</ele><time>2000-01-01T02:31:58.000Z</time></trkpt><trkpt lat="46.20058" lon="6.76044"><ele>1728</ele><time>2000-01-01T02:32:08.000Z</time></trkpt><trkpt lat="46.20067" lon="6.76068"><ele>1723</ele><time>2000-01-01T02:32:18.000Z</time></trkpt><trkpt lat="46.20067" lon="6.76079"><ele>1723</ele><time>2000-01-01T02:32:28.000Z</time></trkpt><trkpt lat="46.20062" lon="6.761"><ele>1719</ele><time>2000-01-01T02:32:38.000Z</time></trkpt><trkpt lat="46.20069" lon="6.76118"><ele>1717</ele><time>2000-01-01T02:32:48.000Z</time></trkpt><trkpt lat="46.20069" lon="6.76127"><ele>1717</ele><time>2000-01-01T02:32:58.000Z</time></trkpt><trkpt lat="46.20056" lon="6.76161"><ele>1718</ele><time>2000-01-01T02:33:08.000Z</time></trkpt><trkpt lat="46.2005" lon="6.76191"><ele>1709</ele><time>2000-01-01T02:33:18.000Z</time></trkpt><trkpt lat="46.20048" lon="6.76215"><ele>1714</ele><time>2000-01-01T02:33:28.000Z</time></trkpt><trkpt lat="46.20054" lon="6.76257"><ele>1701</ele><time>2000-01-01T02:33:38.000Z</time></trkpt><trkpt lat="46.20054" lon="6.76315"><ele>1699</ele><time>2000-01-01T02:33:48.000Z</time></trkpt><trkpt lat="46.20057" lon="6.76379"><ele>1699</ele><time>2000-01-01T02:33:58.000Z</time></trkpt><trkpt lat="46.20062" lon="6.76403"><ele>1693</ele><time>2000-01-01T02:34:08.000Z</time></trkpt><trkpt lat="46.20069" lon="6.76422"><ele>1695</ele><time>2000-01-01T02:34:18.000Z</time></trkpt><trkpt lat="46.20077" lon="6.76442"><ele>1695</ele><time>2000-01-01T02:34:28.000Z</time></trkpt><trkpt lat="46.20071" lon="6.76472"><ele>1693</ele><time>2000-01-01T02:34:38.000Z</time></trkpt><trkpt lat="46.20074" lon="6.76493"><ele>1692</ele><time>2000-01-01T02:34:48.000Z</time></trkpt><trkpt lat="46.20084" lon="6.76504"><ele>1689</ele><time>2000-01-01T02:34:58.000Z</time></trkpt><trkpt lat="46.20092" lon="6.765"><ele>1684</ele><time>2000-01-01T02:35:08.000Z</time></trkpt><trkpt lat="46.20096" lon="6.76494"><ele>1684</ele><time>2000-01-01T02:35:18.000Z</time></trkpt><trkpt lat="46.20099" lon="6.76496"><ele>1684</ele><time>2000-01-01T02:35:28.000Z</time></trkpt><trkpt lat="46.20094" lon="6.76512"><ele>1685</ele><time>2000-01-01T02:35:38.000Z</time></trkpt><trkpt lat="46.20095" lon="6.76519"><ele>1685</ele><time>2000-01-01T02:35:48.000Z</time></trkpt><trkpt lat="46.2011" lon="6.76543"><ele>1682</ele><time>2000-01-01T02:35:58.000Z</time></trkpt><trkpt lat="46.20128" lon="6.76571"><ele>1676</ele><time>2000-01-01T02:36:08.000Z</time></trkpt><trkpt lat="46.20128" lon="6.76585"><ele>1676</ele><time>2000-01-01T02:36:18.000Z</time></trkpt><trkpt lat="46.20122" lon="6.76612"><ele>1674</ele><time>2000-01-01T02:36:28.000Z</time></trkpt><trkpt lat="46.20115" lon="6.76643"><ele>1673</ele><time>2000-01-01T02:36:38.000Z</time></trkpt><trkpt lat="46.20112" lon="6.76683"><ele>1672</ele><time>2000-01-01T02:36:48.000Z</time></trkpt><trkpt lat="46.201" lon="6.76727"><ele>1671</ele><time>2000-01-01T02:36:58.000Z</time></trkpt><trkpt lat="46.20097" lon="6.76754"><ele>1669</ele><time>2000-01-01T02:37:08.000Z</time></trkpt><trkpt lat="46.201" lon="6.7679"><ele>1666</ele><time>2000-01-01T02:37:18.000Z</time></trkpt><trkpt lat="46.20098" lon="6.76807"><ele>1664</ele><time>2000-01-01T02:37:28.000Z</time></trkpt><trkpt lat="46.201" lon="6.76816"><ele>1662</ele><time>2000-01-01T02:37:38.000Z</time></trkpt><trkpt lat="46.20106" lon="6.7682"><ele>1657</ele><time>2000-01-01T02:37:48.000Z</time></trkpt><trkpt lat="46.20111" lon="6.76811"><ele>1657</ele><time>2000-01-01T02:37:58.000Z</time></trkpt><trkpt lat="46.20118" lon="6.76807"><ele>1659</ele><time>2000-01-01T02:38:08.000Z</time></trkpt><trkpt lat="46.20126" lon="6.76826"><ele>1653</ele><time>2000-01-01T02:38:18.000Z</time></trkpt><trkpt lat="46.20138" lon="6.76838"><ele>1648</ele><time>2000-01-01T02:38:28.000Z</time></trkpt><trkpt lat="46.20145" lon="6.76859"><ele>1649</ele><time>2000-01-01T02:38:38.000Z</time></trkpt><trkpt lat="46.20161" lon="6.76879"><ele>1649</ele><time>2000-01-01T02:38:48.000Z</time></trkpt><trkpt lat="46.20189" lon="6.76882"><ele>1649</ele><time>2000-01-01T02:38:58.000Z</time></trkpt><trkpt lat="46.20202" lon="6.7688"><ele>1641</ele><time>2000-01-01T02:39:08.000Z</time></trkpt><trkpt lat="46.20223" lon="6.76893"><ele>1643</ele><time>2000-01-01T02:39:18.000Z</time></trkpt><trkpt lat="46.20232" lon="6.76895"><ele>1643</ele><time>2000-01-01T02:39:28.000Z</time></trkpt><trkpt lat="46.20255" lon="6.7689"><ele>1643</ele><time>2000-01-01T02:39:38.000Z</time></trkpt><trkpt lat="46.20287" lon="6.76884"><ele>1643</ele><time>2000-01-01T02:39:48.000Z</time></trkpt><trkpt lat="46.20317" lon="6.76874"><ele>1641</ele><time>2000-01-01T02:39:58.000Z</time></trkpt><trkpt lat="46.20349" lon="6.76877"><ele>1639</ele><time>2000-01-01T02:40:08.000Z</time></trkpt><trkpt lat="46.20363" lon="6.76875"><ele>1641</ele><time>2000-01-01T02:40:18.000Z</time></trkpt><trkpt lat="46.20382" lon="6.76865"><ele>1639</ele><time>2000-01-01T02:40:28.000Z</time></trkpt><trkpt lat="46.20406" lon="6.76853"><ele>1639</ele><time>2000-01-01T02:40:38.000Z</time></trkpt><trkpt lat="46.20418" lon="6.76839"><ele>1635</ele><time>2000-01-01T02:40:48.000Z</time></trkpt><trkpt lat="46.20425" lon="6.76835"><ele>1635</ele><time>2000-01-01T02:40:58.000Z</time></trkpt><trkpt lat="46.20439" lon="6.76839"><ele>1634</ele><time>2000-01-01T02:41:08.000Z</time></trkpt><trkpt lat="46.20456" lon="6.76855"><ele>1633</ele><time>2000-01-01T02:41:18.000Z</time></trkpt><trkpt lat="46.20472" lon="6.76858"><ele>1630</ele><time>2000-01-01T02:41:28.000Z</time></trkpt><trkpt lat="46.20486" lon="6.76865"><ele>1626</ele><time>2000-01-01T02:41:38.000Z</time></trkpt><trkpt lat="46.2049" lon="6.76876"><ele>1627</ele><time>2000-01-01T02:41:48.000Z</time></trkpt><trkpt lat="46.20491" lon="6.7691"><ele>1623</ele><time>2000-01-01T02:41:58.000Z</time></trkpt><trkpt lat="46.20495" lon="6.76946"><ele>1623</ele><time>2000-01-01T02:42:08.000Z</time></trkpt><trkpt lat="46.205" lon="6.76988"><ele>1621</ele><time>2000-01-01T02:42:18.000Z</time></trkpt><trkpt lat="46.20499" lon="6.77024"><ele>1619</ele><time>2000-01-01T02:42:28.000Z</time></trkpt><trkpt lat="46.20498" lon="6.77064"><ele>1617</ele><time>2000-01-01T02:42:38.000Z</time></trkpt><trkpt lat="46.20492" lon="6.77119"><ele>1614</ele><time>2000-01-01T02:42:48.000Z</time></trkpt><trkpt lat="46.20491" lon="6.77174"><ele>1614</ele><time>2000-01-01T02:42:58.000Z</time></trkpt><trkpt lat="46.20488" lon="6.77189"><ele>1618</ele><time>2000-01-01T02:43:08.000Z</time></trkpt><trkpt lat="46.2048" lon="6.77213"><ele>1616</ele><time>2000-01-01T02:43:18.000Z</time></trkpt><trkpt lat="46.2048" lon="6.77223"><ele>1622</ele><time>2000-01-01T02:43:28.000Z</time></trkpt><trkpt lat="46.20487" lon="6.77234"><ele>1618</ele><time>2000-01-01T02:43:38.000Z</time></trkpt><trkpt lat="46.20488" lon="6.77246"><ele>1618</ele><time>2000-01-01T02:43:48.000Z</time></trkpt><trkpt lat="46.20477" lon="6.77279"><ele>1615</ele><time>2000-01-01T02:43:58.000Z</time></trkpt><trkpt lat="46.20465" lon="6.77318"><ele>1615</ele><time>2000-01-01T02:44:08.000Z</time></trkpt><trkpt lat="46.2045" lon="6.77346"><ele>1615</ele><time>2000-01-01T02:44:18.000Z</time></trkpt><trkpt lat="46.20432" lon="6.77379"><ele>1610</ele><time>2000-01-01T02:44:28.000Z</time></trkpt><trkpt lat="46.20416" lon="6.7741"><ele>1608</ele><time>2000-01-01T02:44:38.000Z</time></trkpt><trkpt lat="46.20384" lon="6.77446"><ele>1606</ele><time>2000-01-01T02:44:48.000Z</time></trkpt><trkpt lat="46.20364" lon="6.7748"><ele>1605</ele><time>2000-01-01T02:44:58.000Z</time></trkpt><trkpt lat="46.20359" lon="6.77505"><ele>1607</ele><time>2000-01-01T02:45:08.000Z</time></trkpt><trkpt lat="46.20361" lon="6.7753"><ele>1598</ele><time>2000-01-01T02:45:18.000Z</time></trkpt><trkpt lat="46.20364" lon="6.7756"><ele>1598</ele><time>2000-01-01T02:45:28.000Z</time></trkpt><trkpt lat="46.20361" lon="6.77579"><ele>1598</ele><time>2000-01-01T02:45:38.000Z</time></trkpt><trkpt lat="46.20362" lon="6.77594"><ele>1597</ele><time>2000-01-01T02:45:48.000Z</time></trkpt><trkpt lat="46.20368" lon="6.77628"><ele>1597</ele><time>2000-01-01T02:45:58.000Z</time></trkpt><trkpt lat="46.20374" lon="6.77637"><ele>1594</ele><time>2000-01-01T02:46:08.000Z</time></trkpt><trkpt lat="46.20388" lon="6.77646"><ele>1598</ele><time>2000-01-01T02:46:18.000Z</time></trkpt><trkpt lat="46.20391" lon="6.77651"><ele>1593</ele><time>2000-01-01T02:46:28.000Z</time></trkpt><trkpt lat="46.20392" lon="6.77662"><ele>1595</ele><time>2000-01-01T02:46:38.000Z</time></trkpt><trkpt lat="46.20385" lon="6.77689"><ele>1596</ele><time>2000-01-01T02:46:48.000Z</time></trkpt><trkpt lat="46.20371" lon="6.77717"><ele>1599</ele><time>2000-01-01T02:46:58.000Z</time></trkpt><trkpt lat="46.20356" lon="6.77738"><ele>1597</ele><time>2000-01-01T02:47:08.000Z</time></trkpt><trkpt lat="46.20342" lon="6.77764"><ele>1597</ele><time>2000-01-01T02:47:18.000Z</time></trkpt><trkpt lat="46.2033" lon="6.77795"><ele>1597</ele><time>2000-01-01T02:47:28.000Z</time></trkpt><trkpt lat="46.20329" lon="6.77816"><ele>1598</ele><time>2000-01-01T02:47:38.000Z</time></trkpt><trkpt lat="46.20332" lon="6.77846"><ele>1598</ele><time>2000-01-01T02:47:48.000Z</time></trkpt><trkpt lat="46.20341" lon="6.77864"><ele>1599</ele><time>2000-01-01T02:47:58.000Z</time></trkpt><trkpt lat="46.20347" lon="6.77886"><ele>1600</ele><time>2000-01-01T02:48:08.000Z</time></trkpt><trkpt lat="46.20345" lon="6.77905"><ele>1600</ele><time>2000-01-01T02:48:18.000Z</time></trkpt><trkpt lat="46.20335" lon="6.7792"><ele>1602</ele><time>2000-01-01T02:48:28.000Z</time></trkpt><trkpt lat="46.20312" lon="6.7793"><ele>1602</ele><time>2000-01-01T02:48:38.000Z</time></trkpt><trkpt lat="46.20302" lon="6.77944"><ele>1606</ele><time>2000-01-01T02:48:48.000Z</time></trkpt><trkpt lat="46.2029" lon="6.77986"><ele>1597</ele><time>2000-01-01T02:48:58.000Z</time></trkpt><trkpt lat="46.20289" lon="6.78007"><ele>1601</ele><time>2000-01-01T02:49:08.000Z</time></trkpt><trkpt lat="46.20292" lon="6.78031"><ele>1596</ele><time>2000-01-01T02:49:18.000Z</time></trkpt><trkpt lat="46.20288" lon="6.78037"><ele>1596</ele><time>2000-01-01T02:49:28.000Z</time></trkpt><trkpt lat="46.20273" lon="6.78048"><ele>1596</ele><time>2000-01-01T02:49:38.000Z</time></trkpt><trkpt lat="46.20268" lon="6.78058"><ele>1597</ele><time>2000-01-01T02:49:48.000Z</time></trkpt><trkpt lat="46.20239" lon="6.78092"><ele>1598</ele><time>2000-01-01T02:49:58.000Z</time></trkpt><trkpt lat="46.20225" lon="6.78128"><ele>1598</ele><time>2000-01-01T02:50:08.000Z</time></trkpt><trkpt lat="46.20208" lon="6.78187"><ele>1598</ele><time>2000-01-01T02:50:18.000Z</time></trkpt><trkpt lat="46.20201" lon="6.78204"><ele>1589</ele><time>2000-01-01T02:50:28.000Z</time></trkpt><trkpt lat="46.20179" lon="6.7823"><ele>1599</ele><time>2000-01-01T02:50:38.000Z</time></trkpt><trkpt lat="46.20157" lon="6.78257"><ele>1601</ele><time>2000-01-01T02:50:48.000Z</time></trkpt><trkpt lat="46.20127" lon="6.78292"><ele>1601</ele><time>2000-01-01T02:50:58.000Z</time></trkpt><trkpt lat="46.20113" lon="6.78331"><ele>1601</ele><time>2000-01-01T02:51:08.000Z</time></trkpt><trkpt lat="46.20089" lon="6.78379"><ele>1601</ele><time>2000-01-01T02:51:18.000Z</time></trkpt><trkpt lat="46.20077" lon="6.78425"><ele>1600</ele><time>2000-01-01T02:51:28.000Z</time></trkpt><trkpt lat="46.20064" lon="6.7846"><ele>1601</ele><time>2000-01-01T02:51:38.000Z</time></trkpt><trkpt lat="46.20046" lon="6.7851"><ele>1599</ele><time>2000-01-01T02:51:48.000Z</time></trkpt><trkpt lat="46.20034" lon="6.78541"><ele>1597</ele><time>2000-01-01T02:51:58.000Z</time></trkpt><trkpt lat="46.20021" lon="6.78576"><ele>1594</ele><time>2000-01-01T02:52:08.000Z</time></trkpt><trkpt lat="46.20007" lon="6.78589"><ele>1592</ele><time>2000-01-01T02:52:18.000Z</time></trkpt><trkpt lat="46.20002" lon="6.78589"><ele>1596</ele><time>2000-01-01T02:52:28.000Z</time></trkpt><trkpt lat="46.19982" lon="6.78579"><ele>1593</ele><time>2000-01-01T02:52:38.000Z</time></trkpt><trkpt lat="46.19957" lon="6.78583"><ele>1591</ele><time>2000-01-01T02:52:48.000Z</time></trkpt><trkpt lat="46.19929" lon="6.78587"><ele>1591</ele><time>2000-01-01T02:52:58.000Z</time></trkpt><trkpt lat="46.19913" lon="6.78594"><ele>1591</ele><time>2000-01-01T02:53:08.000Z</time></trkpt><trkpt lat="46.19905" lon="6.78607"><ele>1590</ele><time>2000-01-01T02:53:18.000Z</time></trkpt><trkpt lat="46.19892" lon="6.78644"><ele>1586</ele><time>2000-01-01T02:53:28.000Z</time></trkpt><trkpt lat="46.19882" lon="6.78685"><ele>1585</ele><time>2000-01-01T02:53:38.000Z</time></trkpt><trkpt lat="46.19875" lon="6.78736"><ele>1581</ele><time>2000-01-01T02:53:48.000Z</time></trkpt><trkpt lat="46.19878" lon="6.78769"><ele>1579</ele><time>2000-01-01T02:53:58.000Z</time></trkpt><trkpt lat="46.19886" lon="6.78757"><ele>1579</ele><time>2000-01-01T02:54:08.000Z</time></trkpt><trkpt lat="46.19906" lon="6.78758"><ele>1579</ele><time>2000-01-01T02:54:18.000Z</time></trkpt><trkpt lat="46.19919" lon="6.78762"><ele>1580</ele><time>2000-01-01T02:54:28.000Z</time></trkpt><trkpt lat="46.19933" lon="6.78763"><ele>1581</ele><time>2000-01-01T02:54:38.000Z</time></trkpt><trkpt lat="46.19956" lon="6.78757"><ele>1583</ele><time>2000-01-01T02:54:48.000Z</time></trkpt><trkpt lat="46.19981" lon="6.7875"><ele>1584</ele><time>2000-01-01T02:54:58.000Z</time></trkpt><trkpt lat="46.20005" lon="6.78725"><ele>1585</ele><time>2000-01-01T02:55:08.000Z</time></trkpt><trkpt lat="46.20018" lon="6.7872"><ele>1585</ele><time>2000-01-01T02:55:18.000Z</time></trkpt><trkpt lat="46.20044" lon="6.78723"><ele>1587</ele><time>2000-01-01T02:55:28.000Z</time></trkpt><trkpt lat="46.20072" lon="6.78719"><ele>1590</ele><time>2000-01-01T02:55:38.000Z</time></trkpt><trkpt lat="46.20082" lon="6.78724"><ele>1592</ele><time>2000-01-01T02:55:48.000Z</time></trkpt><trkpt lat="46.20099" lon="6.78725"><ele>1589</ele><time>2000-01-01T02:55:58.000Z</time></trkpt><trkpt lat="46.20121" lon="6.78739"><ele>1589</ele><time>2000-01-01T02:56:08.000Z</time></trkpt><trkpt lat="46.2014" lon="6.78738"><ele>1588</ele><time>2000-01-01T02:56:18.000Z</time></trkpt><trkpt lat="46.20157" lon="6.78734"><ele>1587</ele><time>2000-01-01T02:56:28.000Z</time></trkpt><trkpt lat="46.2018" lon="6.78738"><ele>1585</ele><time>2000-01-01T02:56:38.000Z</time></trkpt><trkpt lat="46.20218" lon="6.78746"><ele>1581</ele><time>2000-01-01T02:56:48.000Z</time></trkpt><trkpt lat="46.20231" lon="6.78745"><ele>1578</ele><time>2000-01-01T02:56:58.000Z</time></trkpt><trkpt lat="46.20244" lon="6.78739"><ele>1575</ele><time>2000-01-01T02:57:08.000Z</time></trkpt><trkpt lat="46.20267" lon="6.78717"><ele>1573</ele><time>2000-01-01T02:57:18.000Z</time></trkpt><trkpt lat="46.203" lon="6.78685"><ele>1569</ele><time>2000-01-01T02:57:28.000Z</time></trkpt><trkpt lat="46.2032" lon="6.78668"><ele>1568</ele><time>2000-01-01T02:57:38.000Z</time></trkpt><trkpt lat="46.20341" lon="6.78651"><ele>1567</ele><time>2000-01-01T02:57:48.000Z</time></trkpt><trkpt lat="46.20367" lon="6.78622"><ele>1566</ele><time>2000-01-01T02:57:58.000Z</time></trkpt><trkpt lat="46.20376" lon="6.78609"><ele>1567</ele><time>2000-01-01T02:58:08.000Z</time></trkpt><trkpt lat="46.20386" lon="6.78589"><ele>1566</ele><time>2000-01-01T02:58:18.000Z</time></trkpt><trkpt lat="46.20397" lon="6.78569"><ele>1566</ele><time>2000-01-01T02:58:28.000Z</time></trkpt><trkpt lat="46.2042" lon="6.78552"><ele>1566</ele><time>2000-01-01T02:58:38.000Z</time></trkpt><trkpt lat="46.2045" lon="6.78531"><ele>1566</ele><time>2000-01-01T02:58:48.000Z</time></trkpt><trkpt lat="46.20457" lon="6.78521"><ele>1564</ele><time>2000-01-01T02:58:58.000Z</time></trkpt><trkpt lat="46.20472" lon="6.7849"><ele>1565</ele><time>2000-01-01T02:59:08.000Z</time></trkpt><trkpt lat="46.20501" lon="6.78462"><ele>1564</ele><time>2000-01-01T02:59:18.000Z</time></trkpt><trkpt lat="46.20515" lon="6.78445"><ele>1561</ele><time>2000-01-01T02:59:28.000Z</time></trkpt><trkpt lat="46.20524" lon="6.78427"><ele>1559</ele><time>2000-01-01T02:59:38.000Z</time></trkpt><trkpt lat="46.20535" lon="6.78407"><ele>1559</ele><time>2000-01-01T02:59:48.000Z</time></trkpt><trkpt lat="46.20533" lon="6.78383"><ele>1557</ele><time>2000-01-01T02:59:58.000Z</time></trkpt><trkpt lat="46.20536" lon="6.78348"><ele>1554</ele><time>2000-01-01T03:00:08.000Z</time></trkpt><trkpt lat="46.2054" lon="6.78329"><ele>1553</ele><time>2000-01-01T03:00:18.000Z</time></trkpt><trkpt lat="46.20549" lon="6.78307"><ele>1551</ele><time>2000-01-01T03:00:28.000Z</time></trkpt><trkpt lat="46.20551" lon="6.78304"><ele>1550</ele><time>2000-01-01T03:00:38.000Z</time></trkpt><trkpt lat="46.20565" lon="6.78275"><ele>1547</ele><time>2000-01-01T03:00:48.000Z</time></trkpt><trkpt lat="46.20582" lon="6.78249"><ele>1543</ele><time>2000-01-01T03:00:58.000Z</time></trkpt><trkpt lat="46.20581" lon="6.78248"><ele>1543</ele><time>2000-01-01T03:01:08.000Z</time></trkpt><trkpt lat="46.20584" lon="6.78242"><ele>1543</ele><time>2000-01-01T03:01:18.000Z</time></trkpt><trkpt lat="46.20601" lon="6.78216"><ele>1540</ele><time>2000-01-01T03:01:28.000Z</time></trkpt><trkpt lat="46.20625" lon="6.78181"><ele>1537</ele><time>2000-01-01T03:01:38.000Z</time></trkpt><trkpt lat="46.2065" lon="6.78128"><ele>1532</ele><time>2000-01-01T03:01:48.000Z</time></trkpt><trkpt lat="46.20664" lon="6.78113"><ele>1529</ele><time>2000-01-01T03:01:58.000Z</time></trkpt><trkpt lat="46.20677" lon="6.78107"><ele>1528</ele><time>2000-01-01T03:02:08.000Z</time></trkpt><trkpt lat="46.20685" lon="6.781"><ele>1526</ele><time>2000-01-01T03:02:18.000Z</time></trkpt><trkpt lat="46.20695" lon="6.78078"><ele>1524</ele><time>2000-01-01T03:02:28.000Z</time></trkpt><trkpt lat="46.20705" lon="6.78051"><ele>1523</ele><time>2000-01-01T03:02:38.000Z</time></trkpt><trkpt lat="46.20723" lon="6.78005"><ele>1517</ele><time>2000-01-01T03:02:48.000Z</time></trkpt><trkpt lat="46.20733" lon="6.77969"><ele>1512</ele><time>2000-01-01T03:02:58.000Z</time></trkpt><trkpt lat="46.20739" lon="6.77936"><ele>1508</ele><time>2000-01-01T03:03:08.000Z</time></trkpt><trkpt lat="46.20746" lon="6.77903"><ele>1505</ele><time>2000-01-01T03:03:18.000Z</time></trkpt><trkpt lat="46.2074" lon="6.77857"><ele>1501</ele><time>2000-01-01T03:03:28.000Z</time></trkpt><trkpt lat="46.20726" lon="6.77819"><ele>1499</ele><time>2000-01-01T03:03:38.000Z</time></trkpt><trkpt lat="46.20708" lon="6.77794"><ele>1499</ele><time>2000-01-01T03:03:48.000Z</time></trkpt><trkpt lat="46.20712" lon="6.77844"><ele>1500</ele><time>2000-01-01T03:03:58.000Z</time></trkpt><trkpt lat="46.20734" lon="6.779"><ele>1503</ele><time>2000-01-01T03:04:08.000Z</time></trkpt><trkpt lat="46.20755" lon="6.77956"><ele>1512</ele><time>2000-01-01T03:04:18.000Z</time></trkpt><trkpt lat="46.20777" lon="6.78012"><ele>1524</ele><time>2000-01-01T03:04:28.000Z</time></trkpt><trkpt lat="46.20799" lon="6.78068"><ele>1537</ele><time>2000-01-01T03:04:38.000Z</time></trkpt><trkpt lat="46.2082" lon="6.78124"><ele>1551</ele><time>2000-01-01T03:04:48.000Z</time></trkpt><trkpt lat="46.20842" lon="6.7818"><ele>1569</ele><time>2000-01-01T03:04:58.000Z</time></trkpt><trkpt lat="46.20864" lon="6.78236"><ele>1589</ele><time>2000-01-01T03:05:08.000Z</time></trkpt><trkpt lat="46.20885" lon="6.78292"><ele>1601</ele><time>2000-01-01T03:05:18.000Z</time></trkpt><trkpt lat="46.20907" lon="6.78348"><ele>1620</ele><time>2000-01-01T03:05:28.000Z</time></trkpt><trkpt lat="46.20929" lon="6.78404"><ele>1659</ele><time>2000-01-01T03:05:38.000Z</time></trkpt><trkpt lat="46.2095" lon="6.7846"><ele>1686</ele><time>2000-01-01T03:05:48.000Z</time></trkpt><trkpt lat="46.20972" lon="6.78516"><ele>1719</ele><time>2000-01-01T03:05:58.000Z</time></trkpt><trkpt lat="46.20993" lon="6.78572"><ele>1747</ele><time>2000-01-01T03:06:08.000Z</time></trkpt><trkpt lat="46.21015" lon="6.78628"><ele>1771</ele><time>2000-01-01T03:06:18.000Z</time></trkpt><trkpt lat="46.21037" lon="6.78684"><ele>1790</ele><time>2000-01-01T03:06:28.000Z</time></trkpt><trkpt lat="46.21058" lon="6.7874"><ele>1806</ele><time>2000-01-01T03:06:38.000Z</time></trkpt><trkpt lat="46.2108" lon="6.78796"><ele>1826</ele><time>2000-01-01T03:06:48.000Z</time></trkpt><trkpt lat="46.21102" lon="6.78852"><ele>1846</ele><time>2000-01-01T03:06:58.000Z</time></trkpt><trkpt lat="46.21123" lon="6.78908"><ele>1864</ele><time>2000-01-01T03:07:08.000Z</time></trkpt><trkpt lat="46.21138" lon="6.78946"><ele>1880</ele><time>2000-01-01T03:07:18.000Z</time></trkpt><trkpt lat="46.21164" lon="6.79013"><ele>1904</ele><time>2000-01-01T03:07:28.000Z</time></trkpt><trkpt lat="46.21175" lon="6.79029"><ele>1904</ele><time>2000-01-01T03:07:38.000Z</time></trkpt><trkpt lat="46.21181" lon="6.79038"><ele>1907</ele><time>2000-01-01T03:07:48.000Z</time></trkpt><trkpt lat="46.2122" lon="6.79021"><ele>1907</ele><time>2000-01-01T03:07:58.000Z</time></trkpt><trkpt lat="46.21255" lon="6.78992"><ele>1905</ele><time>2000-01-01T03:08:08.000Z</time></trkpt><trkpt lat="46.21252" lon="6.78988"><ele>1909</ele><time>2000-01-01T03:08:18.000Z</time></trkpt><trkpt lat="46.21254" lon="6.78985"><ele>1909</ele><time>2000-01-01T03:08:28.000Z</time></trkpt><trkpt lat="46.21264" lon="6.78955"><ele>1904</ele><time>2000-01-01T03:08:38.000Z</time></trkpt><trkpt lat="46.21276" lon="6.78919"><ele>1902</ele><time>2000-01-01T03:08:48.000Z</time></trkpt><trkpt lat="46.2129" lon="6.78887"><ele>1901</ele><time>2000-01-01T03:08:58.000Z</time></trkpt><trkpt lat="46.21306" lon="6.78855"><ele>1899</ele><time>2000-01-01T03:09:08.000Z</time></trkpt><trkpt lat="46.21333" lon="6.78819"><ele>1896</ele><time>2000-01-01T03:09:18.000Z</time></trkpt><trkpt lat="46.21349" lon="6.78788"><ele>1896</ele><time>2000-01-01T03:09:28.000Z</time></trkpt><trkpt lat="46.21371" lon="6.78747"><ele>1894</ele><time>2000-01-01T03:09:38.000Z</time></trkpt><trkpt lat="46.21385" lon="6.78709"><ele>1894</ele><time>2000-01-01T03:09:48.000Z</time></trkpt><trkpt lat="46.21394" lon="6.78694"><ele>1895</ele><time>2000-01-01T03:09:58.000Z</time></trkpt><trkpt lat="46.21411" lon="6.78676"><ele>1894</ele><time>2000-01-01T03:10:08.000Z</time></trkpt><trkpt lat="46.21436" lon="6.78651"><ele>1894</ele><time>2000-01-01T03:10:18.000Z</time></trkpt><trkpt lat="46.21458" lon="6.78624"><ele>1886</ele><time>2000-01-01T03:10:28.000Z</time></trkpt><trkpt lat="46.2149" lon="6.78582"><ele>1886</ele><time>2000-01-01T03:10:38.000Z</time></trkpt><trkpt lat="46.21522" lon="6.78562"><ele>1886</ele><time>2000-01-01T03:10:48.000Z</time></trkpt><trkpt lat="46.21551" lon="6.78521"><ele>1891</ele><time>2000-01-01T03:10:58.000Z</time></trkpt><trkpt lat="46.21574" lon="6.78474"><ele>1891</ele><time>2000-01-01T03:11:08.000Z</time></trkpt><trkpt lat="46.21595" lon="6.78442"><ele>1894</ele><time>2000-01-01T03:11:18.000Z</time></trkpt><trkpt lat="46.21612" lon="6.78405"><ele>1891</ele><time>2000-01-01T03:11:28.000Z</time></trkpt><trkpt lat="46.21622" lon="6.7836"><ele>1889</ele><time>2000-01-01T03:11:38.000Z</time></trkpt><trkpt lat="46.21629" lon="6.78312"><ele>1886</ele><time>2000-01-01T03:11:48.000Z</time></trkpt><trkpt lat="46.21629" lon="6.7827"><ele>1883</ele><time>2000-01-01T03:11:58.000Z</time></trkpt><trkpt lat="46.2163" lon="6.78235"><ele>1881</ele><time>2000-01-01T03:12:08.000Z</time></trkpt><trkpt lat="46.2163" lon="6.78199"><ele>1879</ele><time>2000-01-01T03:12:18.000Z</time></trkpt><trkpt lat="46.21628" lon="6.7814"><ele>1883</ele><time>2000-01-01T03:12:28.000Z</time></trkpt><trkpt lat="46.21631" lon="6.78121"><ele>1885</ele><time>2000-01-01T03:12:38.000Z</time></trkpt><trkpt lat="46.21645" lon="6.78092"><ele>1883</ele><time>2000-01-01T03:12:48.000Z</time></trkpt><trkpt lat="46.21667" lon="6.78045"><ele>1883</ele><time>2000-01-01T03:12:58.000Z</time></trkpt><trkpt lat="46.21697" lon="6.77997"><ele>1881</ele><time>2000-01-01T03:13:08.000Z</time></trkpt><trkpt lat="46.21726" lon="6.77973"><ele>1880</ele><time>2000-01-01T03:13:18.000Z</time></trkpt><trkpt lat="46.21755" lon="6.77942"><ele>1874</ele><time>2000-01-01T03:13:28.000Z</time></trkpt><trkpt lat="46.21761" lon="6.77939"><ele>1878</ele><time>2000-01-01T03:13:38.000Z</time></trkpt><trkpt lat="46.21778" lon="6.77919"><ele>1871</ele><time>2000-01-01T03:13:48.000Z</time></trkpt><trkpt lat="46.21793" lon="6.77909"><ele>1869</ele><time>2000-01-01T03:13:58.000Z</time></trkpt><trkpt lat="46.21797" lon="6.77902"><ele>1871</ele><time>2000-01-01T03:14:08.000Z</time></trkpt><trkpt lat="46.21805" lon="6.77895"><ele>1866</ele><time>2000-01-01T03:14:18.000Z</time></trkpt><trkpt lat="46.21822" lon="6.77888"><ele>1871</ele><time>2000-01-01T03:14:28.000Z</time></trkpt><trkpt lat="46.21825" lon="6.77879"><ele>1865</ele><time>2000-01-01T03:14:38.000Z</time></trkpt><trkpt lat="46.21838" lon="6.77867"><ele>1871</ele><time>2000-01-01T03:14:48.000Z</time></trkpt><trkpt lat="46.21849" lon="6.7785"><ele>1865</ele><time>2000-01-01T03:14:58.000Z</time></trkpt><trkpt lat="46.21863" lon="6.77837"><ele>1870</ele><time>2000-01-01T03:15:08.000Z</time></trkpt><trkpt lat="46.21885" lon="6.77822"><ele>1869</ele><time>2000-01-01T03:15:18.000Z</time></trkpt><trkpt lat="46.21907" lon="6.77789"><ele>1868</ele><time>2000-01-01T03:15:28.000Z</time></trkpt><trkpt lat="46.2191" lon="6.77789"><ele>1867</ele><time>2000-01-01T03:15:38.000Z</time></trkpt><trkpt lat="46.21908" lon="6.77815"><ele>1868</ele><time>2000-01-01T03:15:48.000Z</time></trkpt><trkpt lat="46.21912" lon="6.77831"><ele>1868</ele><time>2000-01-01T03:15:58.000Z</time></trkpt><trkpt lat="46.21921" lon="6.7785"><ele>1865</ele><time>2000-01-01T03:16:08.000Z</time></trkpt><trkpt lat="46.21927" lon="6.7788"><ele>1863</ele><time>2000-01-01T03:16:18.000Z</time></trkpt><trkpt lat="46.21933" lon="6.77888"><ele>1867</ele><time>2000-01-01T03:16:28.000Z</time></trkpt><trkpt lat="46.21937" lon="6.77898"><ele>1867</ele><time>2000-01-01T03:16:38.000Z</time></trkpt><trkpt lat="46.21941" lon="6.77896"><ele>1857</ele><time>2000-01-01T03:16:48.000Z</time></trkpt><trkpt lat="46.21938" lon="6.77881"><ele>1867</ele><time>2000-01-01T03:16:58.000Z</time></trkpt><trkpt lat="46.21938" lon="6.77874"><ele>1863</ele><time>2000-01-01T03:17:08.000Z</time></trkpt><trkpt lat="46.21941" lon="6.7787"><ele>1853</ele><time>2000-01-01T03:17:18.000Z</time></trkpt><trkpt lat="46.21948" lon="6.77884"><ele>1857</ele><time>2000-01-01T03:17:28.000Z</time></trkpt><trkpt lat="46.21966" lon="6.77905"><ele>1851</ele><time>2000-01-01T03:17:38.000Z</time></trkpt><trkpt lat="46.21979" lon="6.77932"><ele>1848</ele><time>2000-01-01T03:17:48.000Z</time></trkpt><trkpt lat="46.21983" lon="6.77945"><ele>1848</ele><time>2000-01-01T03:17:58.000Z</time></trkpt><trkpt lat="46.21991" lon="6.77984"><ele>1841</ele><time>2000-01-01T03:18:08.000Z</time></trkpt><trkpt lat="46.21994" lon="6.77989"><ele>1841</ele><time>2000-01-01T03:18:18.000Z</time></trkpt><trkpt lat="46.21997" lon="6.77988"><ele>1841</ele><time>2000-01-01T03:18:28.000Z</time></trkpt><trkpt lat="46.21997" lon="6.77983"><ele>1841</ele><time>2000-01-01T03:18:38.000Z</time></trkpt><trkpt lat="46.21995" lon="6.77974"><ele>1841</ele><time>2000-01-01T03:18:48.000Z</time></trkpt><trkpt lat="46.21997" lon="6.77954"><ele>1841</ele><time>2000-01-01T03:18:58.000Z</time></trkpt><trkpt lat="46.21996" lon="6.77929"><ele>1836</ele><time>2000-01-01T03:19:08.000Z</time></trkpt><trkpt lat="46.21988" lon="6.77907"><ele>1841</ele><time>2000-01-01T03:19:18.000Z</time></trkpt><trkpt lat="46.21984" lon="6.77883"><ele>1837</ele><time>2000-01-01T03:19:28.000Z</time></trkpt><trkpt lat="46.21989" lon="6.77881"><ele>1837</ele><time>2000-01-01T03:19:38.000Z</time></trkpt><trkpt lat="46.21992" lon="6.77889"><ele>1828</ele><time>2000-01-01T03:19:48.000Z</time></trkpt><trkpt lat="46.21998" lon="6.77894"><ele>1828</ele><time>2000-01-01T03:19:58.000Z</time></trkpt><trkpt lat="46.22002" lon="6.7789"><ele>1821</ele><time>2000-01-01T03:20:08.000Z</time></trkpt><trkpt lat="46.21998" lon="6.77863"><ele>1826</ele><time>2000-01-01T03:20:18.000Z</time></trkpt><trkpt lat="46.21995" lon="6.77858"><ele>1822</ele><time>2000-01-01T03:20:28.000Z</time></trkpt><trkpt lat="46.21994" lon="6.77849"><ele>1822</ele><time>2000-01-01T03:20:38.000Z</time></trkpt><trkpt lat="46.21997" lon="6.77846"><ele>1822</ele><time>2000-01-01T03:20:48.000Z</time></trkpt><trkpt lat="46.22004" lon="6.77854"><ele>1814</ele><time>2000-01-01T03:20:58.000Z</time></trkpt><trkpt lat="46.22022" lon="6.77867"><ele>1810</ele><time>2000-01-01T03:21:08.000Z</time></trkpt><trkpt lat="46.22043" lon="6.77918"><ele>1805</ele><time>2000-01-01T03:21:18.000Z</time></trkpt><trkpt lat="46.22062" lon="6.77945"><ele>1803</ele><time>2000-01-01T03:21:28.000Z</time></trkpt><trkpt lat="46.22064" lon="6.77957"><ele>1802</ele><time>2000-01-01T03:21:38.000Z</time></trkpt><trkpt lat="46.22061" lon="6.77976"><ele>1807</ele><time>2000-01-01T03:21:48.000Z</time></trkpt><trkpt lat="46.22056" lon="6.7799"><ele>1809</ele><time>2000-01-01T03:21:58.000Z</time></trkpt><trkpt lat="46.22039" lon="6.78025"><ele>1805</ele><time>2000-01-01T03:22:08.000Z</time></trkpt><trkpt lat="46.2203" lon="6.78073"><ele>1805</ele><time>2000-01-01T03:22:18.000Z</time></trkpt><trkpt lat="46.22031" lon="6.78111"><ele>1806</ele><time>2000-01-01T03:22:28.000Z</time></trkpt><trkpt lat="46.22038" lon="6.78145"><ele>1803</ele><time>2000-01-01T03:22:38.000Z</time></trkpt><trkpt lat="46.22046" lon="6.78185"><ele>1801</ele><time>2000-01-01T03:22:48.000Z</time></trkpt><trkpt lat="46.22041" lon="6.78221"><ele>1801</ele><time>2000-01-01T03:22:58.000Z</time></trkpt><trkpt lat="46.22034" lon="6.78266"><ele>1798</ele><time>2000-01-01T03:23:08.000Z</time></trkpt><trkpt lat="46.22027" lon="6.78297"><ele>1795</ele><time>2000-01-01T03:23:18.000Z</time></trkpt><trkpt lat="46.22016" lon="6.78314"><ele>1797</ele><time>2000-01-01T03:23:28.000Z</time></trkpt><trkpt lat="46.22002" lon="6.78326"><ele>1796</ele><time>2000-01-01T03:23:38.000Z</time></trkpt><trkpt lat="46.21984" lon="6.78334"><ele>1798</ele><time>2000-01-01T03:23:48.000Z</time></trkpt><trkpt lat="46.2197" lon="6.78356"><ele>1798</ele><time>2000-01-01T03:23:58.000Z</time></trkpt><trkpt lat="46.21964" lon="6.78376"><ele>1792</ele><time>2000-01-01T03:24:08.000Z</time></trkpt><trkpt lat="46.2195" lon="6.78399"><ele>1788</ele><time>2000-01-01T03:24:18.000Z</time></trkpt><trkpt lat="46.21952" lon="6.78401"><ele>1783</ele><time>2000-01-01T03:24:28.000Z</time></trkpt><trkpt lat="46.21987" lon="6.78386"><ele>1783</ele><time>2000-01-01T03:24:38.000Z</time></trkpt><trkpt lat="46.21998" lon="6.78367"><ele>1783</ele><time>2000-01-01T03:24:48.000Z</time></trkpt><trkpt lat="46.22018" lon="6.78367"><ele>1781</ele><time>2000-01-01T03:24:58.000Z</time></trkpt><trkpt lat="46.22024" lon="6.7836"><ele>1780</ele><time>2000-01-01T03:25:08.000Z</time></trkpt><trkpt lat="46.22038" lon="6.78355"><ele>1780</ele><time>2000-01-01T03:25:18.000Z</time></trkpt><trkpt lat="46.22046" lon="6.78332"><ele>1776</ele><time>2000-01-01T03:25:28.000Z</time></trkpt><trkpt lat="46.2205" lon="6.78331"><ele>1776</ele><time>2000-01-01T03:25:38.000Z</time></trkpt><trkpt lat="46.22051" lon="6.78352"><ele>1772</ele><time>2000-01-01T03:25:48.000Z</time></trkpt><trkpt lat="46.22053" lon="6.78356"><ele>1772</ele><time>2000-01-01T03:25:58.000Z</time></trkpt><trkpt lat="46.22057" lon="6.78355"><ele>1772</ele><time>2000-01-01T03:26:08.000Z</time></trkpt><trkpt lat="46.22064" lon="6.78327"><ele>1766</ele><time>2000-01-01T03:26:18.000Z</time></trkpt><trkpt lat="46.22066" lon="6.78322"><ele>1766</ele><time>2000-01-01T03:26:28.000Z</time></trkpt><trkpt lat="46.2207" lon="6.7832"><ele>1770</ele><time>2000-01-01T03:26:38.000Z</time></trkpt><trkpt lat="46.2207" lon="6.78323"><ele>1766</ele><time>2000-01-01T03:26:48.000Z</time></trkpt><trkpt lat="46.22072" lon="6.78328"><ele>1755</ele><time>2000-01-01T03:26:58.000Z</time></trkpt><trkpt lat="46.22069" lon="6.78338"><ele>1766</ele><time>2000-01-01T03:27:08.000Z</time></trkpt><trkpt lat="46.22066" lon="6.78361"><ele>1759</ele><time>2000-01-01T03:27:18.000Z</time></trkpt><trkpt lat="46.22054" lon="6.78391"><ele>1757</ele><time>2000-01-01T03:27:28.000Z</time></trkpt><trkpt lat="46.2203" lon="6.78432"><ele>1751</ele><time>2000-01-01T03:27:38.000Z</time></trkpt><trkpt lat="46.22016" lon="6.78482"><ele>1742</ele><time>2000-01-01T03:27:48.000Z</time></trkpt><trkpt lat="46.22003" lon="6.78494"><ele>1742</ele><time>2000-01-01T03:27:58.000Z</time></trkpt><trkpt lat="46.21997" lon="6.78504"><ele>1740</ele><time>2000-01-01T03:28:08.000Z</time></trkpt><trkpt lat="46.2198" lon="6.78508"><ele>1743</ele><time>2000-01-01T03:28:18.000Z</time></trkpt><trkpt lat="46.21961" lon="6.78526"><ele>1740</ele><time>2000-01-01T03:28:28.000Z</time></trkpt><trkpt lat="46.21952" lon="6.78528"><ele>1740</ele><time>2000-01-01T03:28:38.000Z</time></trkpt><trkpt lat="46.2193" lon="6.78542"><ele>1742</ele><time>2000-01-01T03:28:48.000Z</time></trkpt><trkpt lat="46.21897" lon="6.78564"><ele>1739</ele><time>2000-01-01T03:28:58.000Z</time></trkpt><trkpt lat="46.21882" lon="6.78579"><ele>1732</ele><time>2000-01-01T03:29:08.000Z</time></trkpt><trkpt lat="46.21869" lon="6.78599"><ele>1737</ele><time>2000-01-01T03:29:18.000Z</time></trkpt><trkpt lat="46.21852" lon="6.78616"><ele>1730</ele><time>2000-01-01T03:29:28.000Z</time></trkpt><trkpt lat="46.21842" lon="6.78636"><ele>1727</ele><time>2000-01-01T03:29:38.000Z</time></trkpt><trkpt lat="46.21837" lon="6.7866"><ele>1724</ele><time>2000-01-01T03:29:48.000Z</time></trkpt><trkpt lat="46.21816" lon="6.78703"><ele>1722</ele><time>2000-01-01T03:29:58.000Z</time></trkpt><trkpt lat="46.21805" lon="6.7872"><ele>1722</ele><time>2000-01-01T03:30:08.000Z</time></trkpt><trkpt lat="46.21787" lon="6.7874"><ele>1720</ele><time>2000-01-01T03:30:18.000Z</time></trkpt><trkpt lat="46.21778" lon="6.78779"><ele>1718</ele><time>2000-01-01T03:30:28.000Z</time></trkpt><trkpt lat="46.21771" lon="6.78788"><ele>1714</ele><time>2000-01-01T03:30:38.000Z</time></trkpt><trkpt lat="46.21755" lon="6.788"><ele>1718</ele><time>2000-01-01T03:30:48.000Z</time></trkpt><trkpt lat="46.21745" lon="6.78835"><ele>1718</ele><time>2000-01-01T03:30:58.000Z</time></trkpt><trkpt lat="46.21742" lon="6.78856"><ele>1715</ele><time>2000-01-01T03:31:08.000Z</time></trkpt><trkpt lat="46.21733" lon="6.78876"><ele>1713</ele><time>2000-01-01T03:31:18.000Z</time></trkpt><trkpt lat="46.21724" lon="6.78898"><ele>1711</ele><time>2000-01-01T03:31:28.000Z</time></trkpt><trkpt lat="46.21725" lon="6.78912"><ele>1709</ele><time>2000-01-01T03:31:38.000Z</time></trkpt><trkpt lat="46.21731" lon="6.78928"><ele>1701</ele><time>2000-01-01T03:31:48.000Z</time></trkpt><trkpt lat="46.21743" lon="6.78945"><ele>1705</ele><time>2000-01-01T03:31:58.000Z</time></trkpt><trkpt lat="46.21756" lon="6.78962"><ele>1700</ele><time>2000-01-01T03:32:08.000Z</time></trkpt><trkpt lat="46.21772" lon="6.78978"><ele>1695</ele><time>2000-01-01T03:32:18.000Z</time></trkpt><trkpt lat="46.21775" lon="6.78984"><ele>1696</ele><time>2000-01-01T03:32:28.000Z</time></trkpt><trkpt lat="46.21775" lon="6.79"><ele>1694</ele><time>2000-01-01T03:32:38.000Z</time></trkpt><trkpt lat="46.21763" lon="6.79025"><ele>1692</ele><time>2000-01-01T03:32:48.000Z</time></trkpt><trkpt lat="46.21763" lon="6.79041"><ele>1690</ele><time>2000-01-01T03:32:58.000Z</time></trkpt><trkpt lat="46.21748" lon="6.79079"><ele>1691</ele><time>2000-01-01T03:33:08.000Z</time></trkpt><trkpt lat="46.21742" lon="6.79082"><ele>1685</ele><time>2000-01-01T03:33:18.000Z</time></trkpt><trkpt lat="46.21723" lon="6.79074"><ele>1690</ele><time>2000-01-01T03:33:28.000Z</time></trkpt><trkpt lat="46.21713" lon="6.79108"><ele>1685</ele><time>2000-01-01T03:33:38.000Z</time></trkpt><trkpt lat="46.21701" lon="6.79149"><ele>1681</ele><time>2000-01-01T03:33:48.000Z</time></trkpt><trkpt lat="46.21688" lon="6.79191"><ele>1670</ele><time>2000-01-01T03:33:58.000Z</time></trkpt><trkpt lat="46.21667" lon="6.79234"><ele>1659</ele><time>2000-01-01T03:34:08.000Z</time></trkpt><trkpt lat="46.2166" lon="6.79257"><ele>1660</ele><time>2000-01-01T03:34:18.000Z</time></trkpt><trkpt lat="46.21655" lon="6.79289"><ele>1659</ele><time>2000-01-01T03:34:28.000Z</time></trkpt><trkpt lat="46.21656" lon="6.79303"><ele>1652</ele><time>2000-01-01T03:34:38.000Z</time></trkpt><trkpt lat="46.21661" lon="6.79317"><ele>1648</ele><time>2000-01-01T03:34:48.000Z</time></trkpt><trkpt lat="46.21673" lon="6.79327"><ele>1647</ele><time>2000-01-01T03:34:58.000Z</time></trkpt><trkpt lat="46.21698" lon="6.79342"><ele>1645</ele><time>2000-01-01T03:35:08.000Z</time></trkpt><trkpt lat="46.2171" lon="6.79336"><ele>1643</ele><time>2000-01-01T03:35:18.000Z</time></trkpt><trkpt lat="46.21719" lon="6.79322"><ele>1640</ele><time>2000-01-01T03:35:28.000Z</time></trkpt><trkpt lat="46.21728" lon="6.79315"><ele>1640</ele><time>2000-01-01T03:35:38.000Z</time></trkpt><trkpt lat="46.21752" lon="6.79306"><ele>1638</ele><time>2000-01-01T03:35:48.000Z</time></trkpt><trkpt lat="46.21779" lon="6.79302"><ele>1637</ele><time>2000-01-01T03:35:58.000Z</time></trkpt><trkpt lat="46.21779" lon="6.79319"><ele>1637</ele><time>2000-01-01T03:36:08.000Z</time></trkpt><trkpt lat="46.218" lon="6.79347"><ele>1636</ele><time>2000-01-01T03:36:18.000Z</time></trkpt><trkpt lat="46.21812" lon="6.79378"><ele>1635</ele><time>2000-01-01T03:36:28.000Z</time></trkpt><trkpt lat="46.21825" lon="6.79414"><ele>1636</ele><time>2000-01-01T03:36:38.000Z</time></trkpt><trkpt lat="46.21822" lon="6.79432"><ele>1634</ele><time>2000-01-01T03:36:48.000Z</time></trkpt><trkpt lat="46.21826" lon="6.79463"><ele>1635</ele><time>2000-01-01T03:36:58.000Z</time></trkpt><trkpt lat="46.21831" lon="6.79508"><ele>1635</ele><time>2000-01-01T03:37:08.000Z</time></trkpt><trkpt lat="46.21841" lon="6.79541"><ele>1634</ele><time>2000-01-01T03:37:18.000Z</time></trkpt><trkpt lat="46.21853" lon="6.79579"><ele>1634</ele><time>2000-01-01T03:37:28.000Z</time></trkpt><trkpt lat="46.21862" lon="6.7959"><ele>1640</ele><time>2000-01-01T03:37:38.000Z</time></trkpt><trkpt lat="46.21889" lon="6.79611"><ele>1644</ele><time>2000-01-01T03:37:48.000Z</time></trkpt><trkpt lat="46.21916" lon="6.79631"><ele>1644</ele><time>2000-01-01T03:37:58.000Z</time></trkpt><trkpt lat="46.21938" lon="6.79647"><ele>1645</ele><time>2000-01-01T03:38:08.000Z</time></trkpt><trkpt lat="46.21962" lon="6.79666"><ele>1651</ele><time>2000-01-01T03:38:18.000Z</time></trkpt><trkpt lat="46.21982" lon="6.79676"><ele>1651</ele><time>2000-01-01T03:38:28.000Z</time></trkpt><trkpt lat="46.22008" lon="6.79676"><ele>1651</ele><time>2000-01-01T03:38:38.000Z</time></trkpt><trkpt lat="46.22043" lon="6.79676"><ele>1655</ele><time>2000-01-01T03:38:48.000Z</time></trkpt><trkpt lat="46.22072" lon="6.79682"><ele>1669</ele><time>2000-01-01T03:38:58.000Z</time></trkpt><trkpt lat="46.22095" lon="6.79686"><ele>1671</ele><time>2000-01-01T03:39:08.000Z</time></trkpt><trkpt lat="46.22119" lon="6.79691"><ele>1673</ele><time>2000-01-01T03:39:18.000Z</time></trkpt><trkpt lat="46.22151" lon="6.79688"><ele>1673</ele><time>2000-01-01T03:39:28.000Z</time></trkpt><trkpt lat="46.22179" lon="6.79685"><ele>1673</ele><time>2000-01-01T03:39:38.000Z</time></trkpt><trkpt lat="46.22221" lon="6.7968"><ele>1673</ele><time>2000-01-01T03:39:48.000Z</time></trkpt><trkpt lat="46.22245" lon="6.79689"><ele>1673</ele><time>2000-01-01T03:39:58.000Z</time></trkpt><trkpt lat="46.22273" lon="6.797"><ele>1672</ele><time>2000-01-01T03:40:08.000Z</time></trkpt><trkpt lat="46.22317" lon="6.79702"><ele>1672</ele><time>2000-01-01T03:40:18.000Z</time></trkpt><trkpt lat="46.22328" lon="6.79707"><ele>1672</ele><time>2000-01-01T03:40:28.000Z</time></trkpt><trkpt lat="46.22359" lon="6.7973"><ele>1676</ele><time>2000-01-01T03:40:38.000Z</time></trkpt><trkpt lat="46.22383" lon="6.7973"><ele>1677</ele><time>2000-01-01T03:40:48.000Z</time></trkpt><trkpt lat="46.22407" lon="6.7973"><ele>1678</ele><time>2000-01-01T03:40:58.000Z</time></trkpt><trkpt lat="46.22418" lon="6.79734"><ele>1686</ele><time>2000-01-01T03:41:08.000Z</time></trkpt><trkpt lat="46.22436" lon="6.79752"><ele>1690</ele><time>2000-01-01T03:41:18.000Z</time></trkpt><trkpt lat="46.22444" lon="6.79755"><ele>1690</ele><time>2000-01-01T03:41:28.000Z</time></trkpt><trkpt lat="46.22457" lon="6.79752"><ele>1690</ele><time>2000-01-01T03:41:38.000Z</time></trkpt><trkpt lat="46.22484" lon="6.79739"><ele>1691</ele><time>2000-01-01T03:41:48.000Z</time></trkpt><trkpt lat="46.22492" lon="6.79739"><ele>1697</ele><time>2000-01-01T03:41:58.000Z</time></trkpt><trkpt lat="46.225" lon="6.79744"><ele>1697</ele><time>2000-01-01T03:42:08.000Z</time></trkpt><trkpt lat="46.22507" lon="6.79753"><ele>1692</ele><time>2000-01-01T03:42:18.000Z</time></trkpt><trkpt lat="46.22528" lon="6.79796"><ele>1690</ele><time>2000-01-01T03:42:28.000Z</time></trkpt><trkpt lat="46.22537" lon="6.79806"><ele>1695</ele><time>2000-01-01T03:42:38.000Z</time></trkpt><trkpt lat="46.22554" lon="6.79818"><ele>1689</ele><time>2000-01-01T03:42:48.000Z</time></trkpt><trkpt lat="46.22574" lon="6.79831"><ele>1689</ele><time>2000-01-01T03:42:58.000Z</time></trkpt><trkpt lat="46.22606" lon="6.79871"><ele>1689</ele><time>2000-01-01T03:43:08.000Z</time></trkpt><trkpt lat="46.22622" lon="6.7988"><ele>1680</ele><time>2000-01-01T03:43:18.000Z</time></trkpt><trkpt lat="46.22638" lon="6.79883"><ele>1680</ele><time>2000-01-01T03:43:28.000Z</time></trkpt><trkpt lat="46.22655" lon="6.79887"><ele>1678</ele><time>2000-01-01T03:43:38.000Z</time></trkpt><trkpt lat="46.22668" lon="6.79887"><ele>1677</ele><time>2000-01-01T03:43:48.000Z</time></trkpt><trkpt lat="46.22673" lon="6.7988"><ele>1675</ele><time>2000-01-01T03:43:58.000Z</time></trkpt><trkpt lat="46.22673" lon="6.7987"><ele>1674</ele><time>2000-01-01T03:44:08.000Z</time></trkpt><trkpt lat="46.22668" lon="6.79856"><ele>1674</ele><time>2000-01-01T03:44:18.000Z</time></trkpt><trkpt lat="46.22672" lon="6.79846"><ele>1673</ele><time>2000-01-01T03:44:28.000Z</time></trkpt><trkpt lat="46.22677" lon="6.79846"><ele>1673</ele><time>2000-01-01T03:44:38.000Z</time></trkpt><trkpt lat="46.22685" lon="6.79859"><ele>1674</ele><time>2000-01-01T03:44:48.000Z</time></trkpt><trkpt lat="46.22696" lon="6.79894"><ele>1672</ele><time>2000-01-01T03:44:58.000Z</time></trkpt><trkpt lat="46.22702" lon="6.79905"><ele>1670</ele><time>2000-01-01T03:45:08.000Z</time></trkpt><trkpt lat="46.2271" lon="6.79911"><ele>1670</ele><time>2000-01-01T03:45:18.000Z</time></trkpt><trkpt lat="46.2272" lon="6.79913"><ele>1666</ele><time>2000-01-01T03:45:28.000Z</time></trkpt><trkpt lat="46.22736" lon="6.79911"><ele>1662</ele><time>2000-01-01T03:45:38.000Z</time></trkpt><trkpt lat="46.22772" lon="6.79897"><ele>1656</ele><time>2000-01-01T03:45:48.000Z</time></trkpt><trkpt lat="46.22793" lon="6.79879"><ele>1648</ele><time>2000-01-01T03:45:58.000Z</time></trkpt><trkpt lat="46.22818" lon="6.79859"><ele>1646</ele><time>2000-01-01T03:46:08.000Z</time></trkpt><trkpt lat="46.2283" lon="6.79855"><ele>1646</ele><time>2000-01-01T03:46:18.000Z</time></trkpt><trkpt lat="46.22855" lon="6.79861"><ele>1646</ele><time>2000-01-01T03:46:28.000Z</time></trkpt><trkpt lat="46.22876" lon="6.79871"><ele>1646</ele><time>2000-01-01T03:46:38.000Z</time></trkpt><trkpt lat="46.22907" lon="6.7988"><ele>1640</ele><time>2000-01-01T03:46:48.000Z</time></trkpt><trkpt lat="46.22931" lon="6.79885"><ele>1639</ele><time>2000-01-01T03:46:58.000Z</time></trkpt><trkpt lat="46.22954" lon="6.79878"><ele>1639</ele><time>2000-01-01T03:47:08.000Z</time></trkpt><trkpt lat="46.22974" lon="6.79863"><ele>1642</ele><time>2000-01-01T03:47:18.000Z</time></trkpt><trkpt lat="46.23003" lon="6.79826"><ele>1645</ele><time>2000-01-01T03:47:28.000Z</time></trkpt><trkpt lat="46.23013" lon="6.79816"><ele>1638</ele><time>2000-01-01T03:47:38.000Z</time></trkpt><trkpt lat="46.23033" lon="6.79808"><ele>1646</ele><time>2000-01-01T03:47:48.000Z</time></trkpt><trkpt lat="46.2305" lon="6.79809"><ele>1649</ele><time>2000-01-01T03:47:58.000Z</time></trkpt><trkpt lat="46.23069" lon="6.79815"><ele>1648</ele><time>2000-01-01T03:48:08.000Z</time></trkpt><trkpt lat="46.23095" lon="6.79824"><ele>1648</ele><time>2000-01-01T03:48:18.000Z</time></trkpt><trkpt lat="46.23107" lon="6.79832"><ele>1649</ele><time>2000-01-01T03:48:28.000Z</time></trkpt><trkpt lat="46.23123" lon="6.79846"><ele>1648</ele><time>2000-01-01T03:48:38.000Z</time></trkpt><trkpt lat="46.23141" lon="6.79863"><ele>1648</ele><time>2000-01-01T03:48:48.000Z</time></trkpt><trkpt lat="46.23155" lon="6.7988"><ele>1647</ele><time>2000-01-01T03:48:58.000Z</time></trkpt><trkpt lat="46.23176" lon="6.79896"><ele>1648</ele><time>2000-01-01T03:49:08.000Z</time></trkpt><trkpt lat="46.23217" lon="6.79926"><ele>1648</ele><time>2000-01-01T03:49:18.000Z</time></trkpt><trkpt lat="46.23227" lon="6.79937"><ele>1646</ele><time>2000-01-01T03:49:28.000Z</time></trkpt><trkpt lat="46.2324" lon="6.7996"><ele>1649</ele><time>2000-01-01T03:49:38.000Z</time></trkpt><trkpt lat="46.23256" lon="6.79988"><ele>1649</ele><time>2000-01-01T03:49:48.000Z</time></trkpt><trkpt lat="46.23265" lon="6.80026"><ele>1646</ele><time>2000-01-01T03:49:58.000Z</time></trkpt><trkpt lat="46.23271" lon="6.80039"><ele>1646</ele><time>2000-01-01T03:50:08.000Z</time></trkpt><trkpt lat="46.23292" lon="6.8006"><ele>1637</ele><time>2000-01-01T03:50:18.000Z</time></trkpt><trkpt lat="46.23305" lon="6.80066"><ele>1638</ele><time>2000-01-01T03:50:28.000Z</time></trkpt><trkpt lat="46.23315" lon="6.80066"><ele>1637</ele><time>2000-01-01T03:50:38.000Z</time></trkpt><trkpt lat="46.23335" lon="6.80042"><ele>1636</ele><time>2000-01-01T03:50:48.000Z</time></trkpt><trkpt lat="46.2334" lon="6.80041"><ele>1636</ele><time>2000-01-01T03:50:58.000Z</time></trkpt><trkpt lat="46.23345" lon="6.8005"><ele>1635</ele><time>2000-01-01T03:51:08.000Z</time></trkpt><trkpt lat="46.23345" lon="6.80069"><ele>1636</ele><time>2000-01-01T03:51:18.000Z</time></trkpt><trkpt lat="46.23349" lon="6.80081"><ele>1637</ele><time>2000-01-01T03:51:28.000Z</time></trkpt><trkpt lat="46.23356" lon="6.80089"><ele>1637</ele><time>2000-01-01T03:51:38.000Z</time></trkpt><trkpt lat="46.23368" lon="6.80092"><ele>1634</ele><time>2000-01-01T03:51:48.000Z</time></trkpt><trkpt lat="46.2338" lon="6.80092"><ele>1639</ele><time>2000-01-01T03:51:58.000Z</time></trkpt><trkpt lat="46.23395" lon="6.80079"><ele>1636</ele><time>2000-01-01T03:52:08.000Z</time></trkpt><trkpt lat="46.23411" lon="6.80065"><ele>1638</ele><time>2000-01-01T03:52:18.000Z</time></trkpt><trkpt lat="46.23437" lon="6.80061"><ele>1640</ele><time>2000-01-01T03:52:28.000Z</time></trkpt><trkpt lat="46.23454" lon="6.80089"><ele>1639</ele><time>2000-01-01T03:52:38.000Z</time></trkpt><trkpt lat="46.23465" lon="6.80092"><ele>1641</ele><time>2000-01-01T03:52:48.000Z</time></trkpt><trkpt lat="46.23485" lon="6.80085"><ele>1639</ele><time>2000-01-01T03:52:58.000Z</time></trkpt><trkpt lat="46.2351" lon="6.80077"><ele>1637</ele><time>2000-01-01T03:53:08.000Z</time></trkpt><trkpt lat="46.23529" lon="6.80061"><ele>1639</ele><time>2000-01-01T03:53:18.000Z</time></trkpt><trkpt lat="46.23536" lon="6.80062"><ele>1639</ele><time>2000-01-01T03:53:28.000Z</time></trkpt><trkpt lat="46.23542" lon="6.80068"><ele>1639</ele><time>2000-01-01T03:53:38.000Z</time></trkpt><trkpt lat="46.2357" lon="6.80088"><ele>1639</ele><time>2000-01-01T03:53:48.000Z</time></trkpt><trkpt lat="46.23592" lon="6.80114"><ele>1636</ele><time>2000-01-01T03:53:58.000Z</time></trkpt><trkpt lat="46.23625" lon="6.80153"><ele>1634</ele><time>2000-01-01T03:54:08.000Z</time></trkpt><trkpt lat="46.23646" lon="6.80179"><ele>1627</ele><time>2000-01-01T03:54:18.000Z</time></trkpt><trkpt lat="46.23676" lon="6.80217"><ele>1627</ele><time>2000-01-01T03:54:28.000Z</time></trkpt><trkpt lat="46.23696" lon="6.80261"><ele>1622</ele><time>2000-01-01T03:54:38.000Z</time></trkpt><trkpt lat="46.23701" lon="6.80294"><ele>1617</ele><time>2000-01-01T03:54:48.000Z</time></trkpt><trkpt lat="46.23706" lon="6.80328"><ele>1616</ele><time>2000-01-01T03:54:58.000Z</time></trkpt><trkpt lat="46.23707" lon="6.80355"><ele>1619</ele><time>2000-01-01T03:55:08.000Z</time></trkpt><trkpt lat="46.237" lon="6.80398"><ele>1617</ele><time>2000-01-01T03:55:18.000Z</time></trkpt><trkpt lat="46.23694" lon="6.80435"><ele>1616</ele><time>2000-01-01T03:55:28.000Z</time></trkpt><trkpt lat="46.23686" lon="6.80484"><ele>1616</ele><time>2000-01-01T03:55:38.000Z</time></trkpt><trkpt lat="46.23686" lon="6.8051"><ele>1610</ele><time>2000-01-01T03:55:48.000Z</time></trkpt><trkpt lat="46.23689" lon="6.80522"><ele>1612</ele><time>2000-01-01T03:55:58.000Z</time></trkpt><trkpt lat="46.23704" lon="6.80537"><ele>1597</ele><time>2000-01-01T03:56:08.000Z</time></trkpt><trkpt lat="46.23707" lon="6.80561"><ele>1596</ele><time>2000-01-01T03:56:18.000Z</time></trkpt><trkpt lat="46.23711" lon="6.80589"><ele>1596</ele><time>2000-01-01T03:56:28.000Z</time></trkpt><trkpt lat="46.23718" lon="6.8061"><ele>1597</ele><time>2000-01-01T03:56:38.000Z</time></trkpt><trkpt lat="46.2374" lon="6.80637"><ele>1594</ele><time>2000-01-01T03:56:48.000Z</time></trkpt><trkpt lat="46.23762" lon="6.80663"><ele>1582</ele><time>2000-01-01T03:56:58.000Z</time></trkpt><trkpt lat="46.23794" lon="6.80703"><ele>1573</ele><time>2000-01-01T03:57:08.000Z</time></trkpt><trkpt lat="46.23807" lon="6.80712"><ele>1577</ele><time>2000-01-01T03:57:18.000Z</time></trkpt><trkpt lat="46.23828" lon="6.8072"><ele>1569</ele><time>2000-01-01T03:57:28.000Z</time></trkpt><trkpt lat="46.23848" lon="6.8072"><ele>1569</ele><time>2000-01-01T03:57:38.000Z</time></trkpt><trkpt lat="46.23868" lon="6.80738"><ele>1568</ele><time>2000-01-01T03:57:48.000Z</time></trkpt><trkpt lat="46.23907" lon="6.80756"><ele>1564</ele><time>2000-01-01T03:57:58.000Z</time></trkpt><trkpt lat="46.23944" lon="6.80781"><ele>1556</ele><time>2000-01-01T03:58:08.000Z</time></trkpt><trkpt lat="46.23974" lon="6.80817"><ele>1555</ele><time>2000-01-01T03:58:18.000Z</time></trkpt><trkpt lat="46.24007" lon="6.80813"><ele>1549</ele><time>2000-01-01T03:58:28.000Z</time></trkpt><trkpt lat="46.24036" lon="6.8081"><ele>1538</ele><time>2000-01-01T03:58:38.000Z</time></trkpt><trkpt lat="46.24082" lon="6.80806"><ele>1539</ele><time>2000-01-01T03:58:48.000Z</time></trkpt><trkpt lat="46.24093" lon="6.80807"><ele>1534</ele><time>2000-01-01T03:58:58.000Z</time></trkpt><trkpt lat="46.24103" lon="6.80812"><ele>1537</ele><time>2000-01-01T03:59:08.000Z</time></trkpt><trkpt lat="46.24129" lon="6.80828"><ele>1537</ele><time>2000-01-01T03:59:18.000Z</time></trkpt><trkpt lat="46.2417" lon="6.80854"><ele>1537</ele><time>2000-01-01T03:59:28.000Z</time></trkpt><trkpt lat="46.24213" lon="6.80863"><ele>1538</ele><time>2000-01-01T03:59:38.000Z</time></trkpt><trkpt lat="46.24228" lon="6.80876"><ele>1532</ele><time>2000-01-01T03:59:48.000Z</time></trkpt><trkpt lat="46.24239" lon="6.8089"><ele>1537</ele><time>2000-01-01T03:59:58.000Z</time></trkpt><trkpt lat="46.2425" lon="6.80905"><ele>1537</ele><time>2000-01-01T04:00:08.000Z</time></trkpt><trkpt lat="46.24269" lon="6.8094"><ele>1537</ele><time>2000-01-01T04:00:18.000Z</time></trkpt><trkpt lat="46.24286" lon="6.8097"><ele>1535</ele><time>2000-01-01T04:00:28.000Z</time></trkpt><trkpt lat="46.24308" lon="6.8101"><ele>1534</ele><time>2000-01-01T04:00:38.000Z</time></trkpt><trkpt lat="46.24328" lon="6.81044"><ele>1531</ele><time>2000-01-01T04:00:48.000Z</time></trkpt><trkpt lat="46.24352" lon="6.81072"><ele>1529</ele><time>2000-01-01T04:00:58.000Z</time></trkpt><trkpt lat="46.24377" lon="6.811"><ele>1528</ele><time>2000-01-01T04:01:08.000Z</time></trkpt><trkpt lat="46.24401" lon="6.81128"><ele>1528</ele><time>2000-01-01T04:01:18.000Z</time></trkpt><trkpt lat="46.24412" lon="6.81158"><ele>1526</ele><time>2000-01-01T04:01:28.000Z</time></trkpt><trkpt lat="46.24424" lon="6.8119"><ele>1525</ele><time>2000-01-01T04:01:38.000Z</time></trkpt><trkpt lat="46.2444" lon="6.81215"><ele>1527</ele><time>2000-01-01T04:01:48.000Z</time></trkpt><trkpt lat="46.2447" lon="6.81248"><ele>1527</ele><time>2000-01-01T04:01:58.000Z</time></trkpt><trkpt lat="46.24475" lon="6.81256"><ele>1530</ele><time>2000-01-01T04:02:08.000Z</time></trkpt><trkpt lat="46.24492" lon="6.81292"><ele>1527</ele><time>2000-01-01T04:02:18.000Z</time></trkpt><trkpt lat="46.24509" lon="6.81328"><ele>1527</ele><time>2000-01-01T04:02:28.000Z</time></trkpt><trkpt lat="46.24532" lon="6.81376"><ele>1527</ele><time>2000-01-01T04:02:38.000Z</time></trkpt><trkpt lat="46.24537" lon="6.81395"><ele>1532</ele><time>2000-01-01T04:02:48.000Z</time></trkpt><trkpt lat="46.24538" lon="6.81417"><ele>1529</ele><time>2000-01-01T04:02:58.000Z</time></trkpt><trkpt lat="46.24537" lon="6.81448"><ele>1522</ele><time>2000-01-01T04:03:08.000Z</time></trkpt><trkpt lat="46.24533" lon="6.81465"><ele>1527</ele><time>2000-01-01T04:03:18.000Z</time></trkpt><trkpt lat="46.24526" lon="6.81481"><ele>1515</ele><time>2000-01-01T04:03:28.000Z</time></trkpt><trkpt lat="46.2451" lon="6.81508"><ele>1514</ele><time>2000-01-01T04:03:38.000Z</time></trkpt><trkpt lat="46.24491" lon="6.81538"><ele>1507</ele><time>2000-01-01T04:03:48.000Z</time></trkpt><trkpt lat="46.24476" lon="6.81571"><ele>1501</ele><time>2000-01-01T04:03:58.000Z</time></trkpt><trkpt lat="46.24454" lon="6.8162"><ele>1493</ele><time>2000-01-01T04:04:08.000Z</time></trkpt><trkpt lat="46.24444" lon="6.81641"><ele>1485</ele><time>2000-01-01T04:04:18.000Z</time></trkpt><trkpt lat="46.24441" lon="6.81658"><ele>1485</ele><time>2000-01-01T04:04:28.000Z</time></trkpt><trkpt lat="46.24446" lon="6.81707"><ele>1481</ele><time>2000-01-01T04:04:38.000Z</time></trkpt><trkpt lat="46.24449" lon="6.81717"><ele>1479</ele><time>2000-01-01T04:04:48.000Z</time></trkpt><trkpt lat="46.24467" lon="6.81731"><ele>1476</ele><time>2000-01-01T04:04:58.000Z</time></trkpt><trkpt lat="46.24485" lon="6.81745"><ele>1474</ele><time>2000-01-01T04:05:08.000Z</time></trkpt><trkpt lat="46.24526" lon="6.81763"><ele>1469</ele><time>2000-01-01T04:05:18.000Z</time></trkpt><trkpt lat="46.24561" lon="6.81767"><ele>1466</ele><time>2000-01-01T04:05:28.000Z</time></trkpt><trkpt lat="46.24588" lon="6.81763"><ele>1466</ele><time>2000-01-01T04:05:38.000Z</time></trkpt><trkpt lat="46.24602" lon="6.81765"><ele>1465</ele><time>2000-01-01T04:05:48.000Z</time></trkpt><trkpt lat="46.24609" lon="6.81769"><ele>1465</ele><time>2000-01-01T04:05:58.000Z</time></trkpt><trkpt lat="46.24634" lon="6.81792"><ele>1459</ele><time>2000-01-01T04:06:08.000Z</time></trkpt><trkpt lat="46.24651" lon="6.81819"><ele>1455</ele><time>2000-01-01T04:06:18.000Z</time></trkpt><trkpt lat="46.24655" lon="6.8183"><ele>1455</ele><time>2000-01-01T04:06:28.000Z</time></trkpt><trkpt lat="46.24654" lon="6.81884"><ele>1453</ele><time>2000-01-01T04:06:38.000Z</time></trkpt><trkpt lat="46.24658" lon="6.81898"><ele>1453</ele><time>2000-01-01T04:06:48.000Z</time></trkpt><trkpt lat="46.24677" lon="6.81923"><ele>1447</ele><time>2000-01-01T04:06:58.000Z</time></trkpt><trkpt lat="46.24711" lon="6.81966"><ele>1440</ele><time>2000-01-01T04:07:08.000Z</time></trkpt><trkpt lat="46.2472" lon="6.8198"><ele>1440</ele><time>2000-01-01T04:07:18.000Z</time></trkpt><trkpt lat="46.24729" lon="6.82007"><ele>1435</ele><time>2000-01-01T04:07:28.000Z</time></trkpt><trkpt lat="46.24742" lon="6.82068"><ele>1432</ele><time>2000-01-01T04:07:38.000Z</time></trkpt><trkpt lat="46.24748" lon="6.82107"><ele>1429</ele><time>2000-01-01T04:07:48.000Z</time></trkpt><trkpt lat="46.24756" lon="6.82162"><ele>1417</ele><time>2000-01-01T04:07:58.000Z</time></trkpt><trkpt lat="46.24753" lon="6.82197"><ele>1415</ele><time>2000-01-01T04:08:08.000Z</time></trkpt><trkpt lat="46.2475" lon="6.82237"><ele>1413</ele><time>2000-01-01T04:08:18.000Z</time></trkpt><trkpt lat="46.24751" lon="6.82276"><ele>1407</ele><time>2000-01-01T04:08:28.000Z</time></trkpt><trkpt lat="46.24745" lon="6.82298"><ele>1403</ele><time>2000-01-01T04:08:38.000Z</time></trkpt><trkpt lat="46.24727" lon="6.8232"><ele>1402</ele><time>2000-01-01T04:08:48.000Z</time></trkpt><trkpt lat="46.24718" lon="6.82342"><ele>1398</ele><time>2000-01-01T04:08:58.000Z</time></trkpt><trkpt lat="46.24709" lon="6.82368"><ele>1394</ele><time>2000-01-01T04:09:08.000Z</time></trkpt><trkpt lat="46.24696" lon="6.82406"><ele>1394</ele><time>2000-01-01T04:09:18.000Z</time></trkpt><trkpt lat="46.24671" lon="6.82455"><ele>1384</ele><time>2000-01-01T04:09:28.000Z</time></trkpt><trkpt lat="46.2467" lon="6.82466"><ele>1386</ele><time>2000-01-01T04:09:38.000Z</time></trkpt><trkpt lat="46.24674" lon="6.82483"><ele>1379</ele><time>2000-01-01T04:09:48.000Z</time></trkpt><trkpt lat="46.24685" lon="6.82496"><ele>1377</ele><time>2000-01-01T04:09:58.000Z</time></trkpt><trkpt lat="46.24711" lon="6.82519"><ele>1375</ele><time>2000-01-01T04:10:08.000Z</time></trkpt><trkpt lat="46.24736" lon="6.82542"><ele>1372</ele><time>2000-01-01T04:10:18.000Z</time></trkpt><trkpt lat="46.24757" lon="6.82561"><ele>1372</ele><time>2000-01-01T04:10:28.000Z</time></trkpt><trkpt lat="46.2478" lon="6.82582"><ele>1370</ele><time>2000-01-01T04:10:38.000Z</time></trkpt><trkpt lat="46.24805" lon="6.8259"><ele>1365</ele><time>2000-01-01T04:10:48.000Z</time></trkpt><trkpt lat="46.24838" lon="6.826"><ele>1362</ele><time>2000-01-01T04:10:58.000Z</time></trkpt><trkpt lat="46.24871" lon="6.82603"><ele>1359</ele><time>2000-01-01T04:11:08.000Z</time></trkpt><trkpt lat="46.24901" lon="6.82605"><ele>1357</ele><time>2000-01-01T04:11:18.000Z</time></trkpt><trkpt lat="46.24926" lon="6.82606"><ele>1352</ele><time>2000-01-01T04:11:28.000Z</time></trkpt><trkpt lat="46.24957" lon="6.82608"><ele>1350</ele><time>2000-01-01T04:11:38.000Z</time></trkpt><trkpt lat="46.24972" lon="6.82613"><ele>1342</ele><time>2000-01-01T04:11:48.000Z</time></trkpt><trkpt lat="46.24987" lon="6.82627"><ele>1344</ele><time>2000-01-01T04:11:58.000Z</time></trkpt><trkpt lat="46.25004" lon="6.82643"><ele>1342</ele><time>2000-01-01T04:12:08.000Z</time></trkpt><trkpt lat="46.25025" lon="6.82669"><ele>1339</ele><time>2000-01-01T04:12:18.000Z</time></trkpt><trkpt lat="46.25057" lon="6.82707"><ele>1334</ele><time>2000-01-01T04:12:28.000Z</time></trkpt><trkpt lat="46.25079" lon="6.82726"><ele>1331</ele><time>2000-01-01T04:12:38.000Z</time></trkpt><trkpt lat="46.25104" lon="6.82749"><ele>1323</ele><time>2000-01-01T04:12:48.000Z</time></trkpt><trkpt lat="46.25128" lon="6.82786"><ele>1318</ele><time>2000-01-01T04:12:58.000Z</time></trkpt><trkpt lat="46.25163" lon="6.82823"><ele>1305</ele><time>2000-01-01T04:13:08.000Z</time></trkpt><trkpt lat="46.25171" lon="6.82842"><ele>1304</ele><time>2000-01-01T04:13:18.000Z</time></trkpt><trkpt lat="46.25174" lon="6.82866"><ele>1303</ele><time>2000-01-01T04:13:28.000Z</time></trkpt><trkpt lat="46.25182" lon="6.82903"><ele>1293</ele><time>2000-01-01T04:13:38.000Z</time></trkpt><trkpt lat="46.25194" lon="6.82956"><ele>1288</ele><time>2000-01-01T04:13:48.000Z</time></trkpt><trkpt lat="46.25206" lon="6.82999"><ele>1279</ele><time>2000-01-01T04:13:58.000Z</time></trkpt><trkpt lat="46.25217" lon="6.83034"><ele>1269</ele><time>2000-01-01T04:14:08.000Z</time></trkpt><trkpt lat="46.25233" lon="6.83082"><ele>1268</ele><time>2000-01-01T04:14:18.000Z</time></trkpt><trkpt lat="46.25242" lon="6.8312"><ele>1269</ele><time>2000-01-01T04:14:28.000Z</time></trkpt><trkpt lat="46.25255" lon="6.83175"><ele>1266</ele><time>2000-01-01T04:14:38.000Z</time></trkpt><trkpt lat="46.25282" lon="6.83225"><ele>1263</ele><time>2000-01-01T04:14:48.000Z</time></trkpt><trkpt lat="46.25291" lon="6.83248"><ele>1264</ele><time>2000-01-01T04:14:58.000Z</time></trkpt><trkpt lat="46.25313" lon="6.8327"><ele>1261</ele><time>2000-01-01T04:15:08.000Z</time></trkpt><trkpt lat="46.25331" lon="6.8331"><ele>1259</ele><time>2000-01-01T04:15:18.000Z</time></trkpt><trkpt lat="46.2534" lon="6.83321"><ele>1256</ele><time>2000-01-01T04:15:28.000Z</time></trkpt><trkpt lat="46.25361" lon="6.83357"><ele>1259</ele><time>2000-01-01T04:15:38.000Z</time></trkpt><trkpt lat="46.25383" lon="6.83393"><ele>1259</ele><time>2000-01-01T04:15:48.000Z</time></trkpt><trkpt lat="46.25404" lon="6.83429"><ele>1258</ele><time>2000-01-01T04:15:58.000Z</time></trkpt><trkpt lat="46.2543" lon="6.83473"><ele>1257</ele><time>2000-01-01T04:16:08.000Z</time></trkpt><trkpt lat="46.2545" lon="6.83519"><ele>1257</ele><time>2000-01-01T04:16:18.000Z</time></trkpt><trkpt lat="46.25465" lon="6.83554"><ele>1257</ele><time>2000-01-01T04:16:28.000Z</time></trkpt><trkpt lat="46.25488" lon="6.8361"><ele>1257</ele><time>2000-01-01T04:16:38.000Z</time></trkpt><trkpt lat="46.25502" lon="6.83644"><ele>1256</ele><time>2000-01-01T04:16:48.000Z</time></trkpt><trkpt lat="46.25522" lon="6.83694"><ele>1257</ele><time>2000-01-01T04:16:58.000Z</time></trkpt><trkpt lat="46.25552" lon="6.83744"><ele>1257</ele><time>2000-01-01T04:17:08.000Z</time></trkpt><trkpt lat="46.2557" lon="6.83767"><ele>1257</ele><time>2000-01-01T04:17:18.000Z</time></trkpt><trkpt lat="46.25589" lon="6.83791"><ele>1255</ele><time>2000-01-01T04:17:28.000Z</time></trkpt><trkpt lat="46.25616" lon="6.8384"><ele>1257</ele><time>2000-01-01T04:17:38.000Z</time></trkpt><trkpt lat="46.25628" lon="6.83873"><ele>1254</ele><time>2000-01-01T04:17:48.000Z</time></trkpt><trkpt lat="46.25642" lon="6.83913"><ele>1253</ele><time>2000-01-01T04:17:58.000Z</time></trkpt><trkpt lat="46.25656" lon="6.83935"><ele>1253</ele><time>2000-01-01T04:18:08.000Z</time></trkpt><trkpt lat="46.25683" lon="6.83957"><ele>1251</ele><time>2000-01-01T04:18:18.000Z</time></trkpt><trkpt lat="46.25698" lon="6.83973"><ele>1250</ele><time>2000-01-01T04:18:28.000Z</time></trkpt><trkpt lat="46.25717" lon="6.84"><ele>1245</ele><time>2000-01-01T04:18:38.000Z</time></trkpt><trkpt lat="46.25725" lon="6.84017"><ele>1244</ele><time>2000-01-01T04:18:48.000Z</time></trkpt><trkpt lat="46.25725" lon="6.84026"><ele>1242</ele><time>2000-01-01T04:18:58.000Z</time></trkpt><trkpt lat="46.25757" lon="6.84034"><ele>1240</ele><time>2000-01-01T04:19:08.000Z</time></trkpt><trkpt lat="46.2579" lon="6.84042"><ele>1238</ele><time>2000-01-01T04:19:18.000Z</time></trkpt><trkpt lat="46.25835" lon="6.84054"><ele>1235</ele><time>2000-01-01T04:19:28.000Z</time></trkpt><trkpt lat="46.25866" lon="6.84062"><ele>1234</ele><time>2000-01-01T04:19:38.000Z</time></trkpt><trkpt lat="46.25898" lon="6.84071"><ele>1233</ele><time>2000-01-01T04:19:48.000Z</time></trkpt><trkpt lat="46.25935" lon="6.84081"><ele>1231</ele><time>2000-01-01T04:19:58.000Z</time></trkpt><trkpt lat="46.2596" lon="6.84085"><ele>1229</ele><time>2000-01-01T04:20:08.000Z</time></trkpt><trkpt lat="46.25979" lon="6.84085"><ele>1229</ele><time>2000-01-01T04:20:18.000Z</time></trkpt><trkpt lat="46.26012" lon="6.84078"><ele>1227</ele><time>2000-01-01T04:20:28.000Z</time></trkpt><trkpt lat="46.26041" lon="6.84073"><ele>1226</ele><time>2000-01-01T04:20:38.000Z</time></trkpt><trkpt lat="46.26065" lon="6.84069"><ele>1225</ele><time>2000-01-01T04:20:48.000Z</time></trkpt><trkpt lat="46.26092" lon="6.84064"><ele>1223</ele><time>2000-01-01T04:20:58.000Z</time></trkpt><trkpt lat="46.26129" lon="6.84065"><ele>1221</ele><time>2000-01-01T04:21:08.000Z</time></trkpt><trkpt lat="46.26155" lon="6.84073"><ele>1220</ele><time>2000-01-01T04:21:18.000Z</time></trkpt><trkpt lat="46.26191" lon="6.84083"><ele>1217</ele><time>2000-01-01T04:21:28.000Z</time></trkpt><trkpt lat="46.26229" lon="6.84096"><ele>1217</ele><time>2000-01-01T04:21:38.000Z</time></trkpt><trkpt lat="46.26265" lon="6.84107"><ele>1212</ele><time>2000-01-01T04:21:48.000Z</time></trkpt><trkpt lat="46.26301" lon="6.84119"><ele>1210</ele><time>2000-01-01T04:21:58.000Z</time></trkpt><trkpt lat="46.26338" lon="6.8413"><ele>1206</ele><time>2000-01-01T04:22:08.000Z</time></trkpt><trkpt lat="46.26365" lon="6.84139"><ele>1206</ele><time>2000-01-01T04:22:18.000Z</time></trkpt><trkpt lat="46.26406" lon="6.84152"><ele>1204</ele><time>2000-01-01T04:22:28.000Z</time></trkpt><trkpt lat="46.26429" lon="6.84159"><ele>1203</ele><time>2000-01-01T04:22:38.000Z</time></trkpt><trkpt lat="46.26454" lon="6.84166"><ele>1201</ele><time>2000-01-01T04:22:48.000Z</time></trkpt><trkpt lat="46.26479" lon="6.8417"><ele>1200</ele><time>2000-01-01T04:22:58.000Z</time></trkpt><trkpt lat="46.26507" lon="6.84168"><ele>1198</ele><time>2000-01-01T04:23:08.000Z</time></trkpt><trkpt lat="46.26548" lon="6.84166"><ele>1197</ele><time>2000-01-01T04:23:18.000Z</time></trkpt><trkpt lat="46.26569" lon="6.8416"><ele>1194</ele><time>2000-01-01T04:23:28.000Z</time></trkpt><trkpt lat="46.26596" lon="6.84149"><ele>1193</ele><time>2000-01-01T04:23:38.000Z</time></trkpt><trkpt lat="46.26637" lon="6.84133"><ele>1191</ele><time>2000-01-01T04:23:48.000Z</time></trkpt><trkpt lat="46.26644" lon="6.8414"><ele>1190</ele><time>2000-01-01T04:23:58.000Z</time></trkpt><trkpt lat="46.26664" lon="6.84139"><ele>1190</ele><time>2000-01-01T04:24:08.000Z</time></trkpt><trkpt lat="46.26698" lon="6.8414"><ele>1190</ele><time>2000-01-01T04:24:18.000Z</time></trkpt><trkpt lat="46.26702" lon="6.84152"><ele>1191</ele><time>2000-01-01T04:24:28.000Z</time></trkpt><trkpt lat="46.2673" lon="6.8417"><ele>1194</ele><time>2000-01-01T04:24:38.000Z</time></trkpt><trkpt lat="46.26717" lon="6.84181"><ele>1196</ele><time>2000-01-01T04:24:48.000Z</time></trkpt><trkpt lat="46.26693" lon="6.84193"><ele>1197</ele><time>2000-01-01T04:24:58.000Z</time></trkpt><trkpt lat="46.26669" lon="6.8421"><ele>1201</ele><time>2000-01-01T04:25:08.000Z</time></trkpt><trkpt lat="46.26661" lon="6.84212"><ele>1204</ele><time>2000-01-01T04:25:18.000Z</time></trkpt><trkpt lat="46.26661" lon="6.84229"><ele>1204</ele><time>2000-01-01T04:25:28.000Z</time></trkpt><trkpt lat="46.26672" lon="6.84242"><ele>1207</ele><time>2000-01-01T04:25:38.000Z</time></trkpt><trkpt lat="46.26675" lon="6.84305"><ele>1219</ele><time>2000-01-01T04:25:48.000Z</time></trkpt><trkpt lat="46.26679" lon="6.84369"><ele>1240</ele><time>2000-01-01T04:25:58.000Z</time></trkpt><trkpt lat="46.26682" lon="6.84432"><ele>1262</ele><time>2000-01-01T04:26:08.000Z</time></trkpt><trkpt lat="46.26686" lon="6.84496"><ele>1291</ele><time>2000-01-01T04:26:18.000Z</time></trkpt><trkpt lat="46.2669" lon="6.84559"><ele>1318</ele><time>2000-01-01T04:26:28.000Z</time></trkpt><trkpt lat="46.26693" lon="6.84623"><ele>1369</ele><time>2000-01-01T04:26:38.000Z</time></trkpt><trkpt lat="46.26697" lon="6.84686"><ele>1400</ele><time>2000-01-01T04:26:48.000Z</time></trkpt><trkpt lat="46.267" lon="6.8475"><ele>1434</ele><time>2000-01-01T04:26:58.000Z</time></trkpt><trkpt lat="46.26704" lon="6.84813"><ele>1476</ele><time>2000-01-01T04:27:08.000Z</time></trkpt><trkpt lat="46.26707" lon="6.84876"><ele>1491</ele><time>2000-01-01T04:27:18.000Z</time></trkpt><trkpt lat="46.26711" lon="6.8494"><ele>1497</ele><time>2000-01-01T04:27:28.000Z</time></trkpt><trkpt lat="46.26714" lon="6.85003"><ele>1509</ele><time>2000-01-01T04:27:38.000Z</time></trkpt><trkpt lat="46.26718" lon="6.85067"><ele>1511</ele><time>2000-01-01T04:27:48.000Z</time></trkpt><trkpt lat="46.26721" lon="6.8513"><ele>1514</ele><time>2000-01-01T04:27:58.000Z</time></trkpt><trkpt lat="46.26725" lon="6.85194"><ele>1517</ele><time>2000-01-01T04:28:08.000Z</time></trkpt><trkpt lat="46.26728" lon="6.85257"><ele>1518</ele><time>2000-01-01T04:28:18.000Z</time></trkpt><trkpt lat="46.26732" lon="6.85321"><ele>1520</ele><time>2000-01-01T04:28:28.000Z</time></trkpt><trkpt lat="46.26735" lon="6.85384"><ele>1538</ele><time>2000-01-01T04:28:38.000Z</time></trkpt><trkpt lat="46.26739" lon="6.85447"><ele>1552</ele><time>2000-01-01T04:28:48.000Z</time></trkpt><trkpt lat="46.26742" lon="6.85511"><ele>1565</ele><time>2000-01-01T04:28:58.000Z</time></trkpt><trkpt lat="46.26746" lon="6.85574"><ele>1584</ele><time>2000-01-01T04:29:08.000Z</time></trkpt><trkpt lat="46.26749" lon="6.85638"><ele>1599</ele><time>2000-01-01T04:29:18.000Z</time></trkpt><trkpt lat="46.26755" lon="6.8574"><ele>1624</ele><time>2000-01-01T04:29:28.000Z</time></trkpt><trkpt lat="46.26773" lon="6.8576"><ele>1627</ele><time>2000-01-01T04:29:38.000Z</time></trkpt><trkpt lat="46.2678" lon="6.85763"><ele>1629</ele><time>2000-01-01T04:29:48.000Z</time></trkpt><trkpt lat="46.26778" lon="6.85773"><ele>1629</ele><time>2000-01-01T04:29:58.000Z</time></trkpt><trkpt lat="46.26772" lon="6.85787"><ele>1632</ele><time>2000-01-01T04:30:08.000Z</time></trkpt><trkpt lat="46.26739" lon="6.8581"><ele>1632</ele><time>2000-01-01T04:30:18.000Z</time></trkpt><trkpt lat="46.26716" lon="6.85832"><ele>1635</ele><time>2000-01-01T04:30:28.000Z</time></trkpt><trkpt lat="46.26708" lon="6.85842"><ele>1635</ele><time>2000-01-01T04:30:38.000Z</time></trkpt><trkpt lat="46.26689" lon="6.85869"><ele>1635</ele><time>2000-01-01T04:30:48.000Z</time></trkpt><trkpt lat="46.26673" lon="6.85893"><ele>1637</ele><time>2000-01-01T04:30:58.000Z</time></trkpt><trkpt lat="46.26656" lon="6.85918"><ele>1638</ele><time>2000-01-01T04:31:08.000Z</time></trkpt><trkpt lat="46.26642" lon="6.85931"><ele>1640</ele><time>2000-01-01T04:31:18.000Z</time></trkpt><trkpt lat="46.26618" lon="6.85946"><ele>1641</ele><time>2000-01-01T04:31:28.000Z</time></trkpt><trkpt lat="46.26582" lon="6.85987"><ele>1648</ele><time>2000-01-01T04:31:38.000Z</time></trkpt><trkpt lat="46.26563" lon="6.86011"><ele>1650</ele><time>2000-01-01T04:31:48.000Z</time></trkpt><trkpt lat="46.2654" lon="6.8604"><ele>1655</ele><time>2000-01-01T04:31:58.000Z</time></trkpt><trkpt lat="46.26501" lon="6.86066"><ele>1657</ele><time>2000-01-01T04:32:08.000Z</time></trkpt><trkpt lat="46.26483" lon="6.86086"><ele>1663</ele><time>2000-01-01T04:32:18.000Z</time></trkpt><trkpt lat="46.26468" lon="6.86117"><ele>1668</ele><time>2000-01-01T04:32:28.000Z</time></trkpt><trkpt lat="46.26463" lon="6.86142"><ele>1671</ele><time>2000-01-01T04:32:38.000Z</time></trkpt><trkpt lat="46.26464" lon="6.86155"><ele>1672</ele><time>2000-01-01T04:32:48.000Z</time></trkpt><trkpt lat="46.26474" lon="6.86172"><ele>1672</ele><time>2000-01-01T04:32:58.000Z</time></trkpt><trkpt lat="46.26481" lon="6.86178"><ele>1672</ele><time>2000-01-01T04:33:08.000Z</time></trkpt><trkpt lat="46.2651" lon="6.86181"><ele>1671</ele><time>2000-01-01T04:33:18.000Z</time></trkpt><trkpt lat="46.26534" lon="6.86184"><ele>1671</ele><time>2000-01-01T04:33:28.000Z</time></trkpt><trkpt lat="46.26562" lon="6.86187"><ele>1674</ele><time>2000-01-01T04:33:38.000Z</time></trkpt><trkpt lat="46.26575" lon="6.86194"><ele>1677</ele><time>2000-01-01T04:33:48.000Z</time></trkpt><trkpt lat="46.26587" lon="6.86205"><ele>1678</ele><time>2000-01-01T04:33:58.000Z</time></trkpt><trkpt lat="46.26598" lon="6.86223"><ele>1681</ele><time>2000-01-01T04:34:08.000Z</time></trkpt><trkpt lat="46.26601" lon="6.86243"><ele>1682</ele><time>2000-01-01T04:34:18.000Z</time></trkpt><trkpt lat="46.26597" lon="6.86262"><ele>1682</ele><time>2000-01-01T04:34:28.000Z</time></trkpt><trkpt lat="46.26588" lon="6.86283"><ele>1682</ele><time>2000-01-01T04:34:38.000Z</time></trkpt><trkpt lat="46.26578" lon="6.86304"><ele>1683</ele><time>2000-01-01T04:34:48.000Z</time></trkpt><trkpt lat="46.26567" lon="6.86323"><ele>1684</ele><time>2000-01-01T04:34:58.000Z</time></trkpt><trkpt lat="46.26553" lon="6.86346"><ele>1685</ele><time>2000-01-01T04:35:08.000Z</time></trkpt><trkpt lat="46.26547" lon="6.86381"><ele>1686</ele><time>2000-01-01T04:35:18.000Z</time></trkpt><trkpt lat="46.2654" lon="6.8642"><ele>1687</ele><time>2000-01-01T04:35:28.000Z</time></trkpt><trkpt lat="46.26543" lon="6.86437"><ele>1690</ele><time>2000-01-01T04:35:38.000Z</time></trkpt><trkpt lat="46.26541" lon="6.86482"><ele>1691</ele><time>2000-01-01T04:35:48.000Z</time></trkpt><trkpt lat="46.26536" lon="6.86523"><ele>1691</ele><time>2000-01-01T04:35:58.000Z</time></trkpt><trkpt lat="46.26537" lon="6.86533"><ele>1694</ele><time>2000-01-01T04:36:08.000Z</time></trkpt><trkpt lat="46.26539" lon="6.86541"><ele>1694</ele><time>2000-01-01T04:36:18.000Z</time></trkpt><trkpt lat="46.26554" lon="6.8657"><ele>1691</ele><time>2000-01-01T04:36:28.000Z</time></trkpt><trkpt lat="46.26558" lon="6.86603"><ele>1691</ele><time>2000-01-01T04:36:38.000Z</time></trkpt><trkpt lat="46.26558" lon="6.86633"><ele>1691</ele><time>2000-01-01T04:36:48.000Z</time></trkpt><trkpt lat="46.26548" lon="6.86671"><ele>1691</ele><time>2000-01-01T04:36:58.000Z</time></trkpt><trkpt lat="46.26525" lon="6.86726"><ele>1691</ele><time>2000-01-01T04:37:08.000Z</time></trkpt><trkpt lat="46.26523" lon="6.86736"><ele>1691</ele><time>2000-01-01T04:37:18.000Z</time></trkpt><trkpt lat="46.26526" lon="6.86747"><ele>1690</ele><time>2000-01-01T04:37:28.000Z</time></trkpt><trkpt lat="46.26516" lon="6.86766"><ele>1690</ele><time>2000-01-01T04:37:38.000Z</time></trkpt><trkpt lat="46.26508" lon="6.86775"><ele>1686</ele><time>2000-01-01T04:37:48.000Z</time></trkpt><trkpt lat="46.26496" lon="6.86781"><ele>1690</ele><time>2000-01-01T04:37:58.000Z</time></trkpt><trkpt lat="46.26472" lon="6.868"><ele>1690</ele><time>2000-01-01T04:38:08.000Z</time></trkpt><trkpt lat="46.26439" lon="6.86827"><ele>1690</ele><time>2000-01-01T04:38:18.000Z</time></trkpt><trkpt lat="46.264" lon="6.86857"><ele>1689</ele><time>2000-01-01T04:38:28.000Z</time></trkpt><trkpt lat="46.2638" lon="6.86866"><ele>1689</ele><time>2000-01-01T04:38:38.000Z</time></trkpt><trkpt lat="46.26358" lon="6.86886"><ele>1689</ele><time>2000-01-01T04:38:48.000Z</time></trkpt><trkpt lat="46.2633" lon="6.86896"><ele>1689</ele><time>2000-01-01T04:38:58.000Z</time></trkpt><trkpt lat="46.26298" lon="6.86914"><ele>1693</ele><time>2000-01-01T04:39:08.000Z</time></trkpt><trkpt lat="46.26268" lon="6.86948"><ele>1693</ele><time>2000-01-01T04:39:18.000Z</time></trkpt><trkpt lat="46.26263" lon="6.86959"><ele>1693</ele><time>2000-01-01T04:39:28.000Z</time></trkpt><trkpt lat="46.26257" lon="6.86988"><ele>1693</ele><time>2000-01-01T04:39:38.000Z</time></trkpt><trkpt lat="46.26251" lon="6.87028"><ele>1694</ele><time>2000-01-01T04:39:48.000Z</time></trkpt><trkpt lat="46.26246" lon="6.87052"><ele>1696</ele><time>2000-01-01T04:39:58.000Z</time></trkpt><trkpt lat="46.26245" lon="6.87085"><ele>1697</ele><time>2000-01-01T04:40:08.000Z</time></trkpt><trkpt lat="46.26247" lon="6.87101"><ele>1698</ele><time>2000-01-01T04:40:18.000Z</time></trkpt><trkpt lat="46.26246" lon="6.87106"><ele>1698</ele><time>2000-01-01T04:40:28.000Z</time></trkpt><trkpt lat="46.2624" lon="6.8711"><ele>1701</ele><time>2000-01-01T04:40:38.000Z</time></trkpt><trkpt lat="46.26231" lon="6.87105"><ele>1701</ele><time>2000-01-01T04:40:48.000Z</time></trkpt><trkpt lat="46.26214" lon="6.87088"><ele>1705</ele><time>2000-01-01T04:40:58.000Z</time></trkpt><trkpt lat="46.26196" lon="6.87069"><ele>1709</ele><time>2000-01-01T04:41:08.000Z</time></trkpt><trkpt lat="46.26193" lon="6.87045"><ele>1709</ele><time>2000-01-01T04:41:18.000Z</time></trkpt><trkpt lat="46.26197" lon="6.87005"><ele>1710</ele><time>2000-01-01T04:41:28.000Z</time></trkpt><trkpt lat="46.26194" lon="6.86953"><ele>1714</ele><time>2000-01-01T04:41:38.000Z</time></trkpt><trkpt lat="46.26189" lon="6.86911"><ele>1723</ele><time>2000-01-01T04:41:48.000Z</time></trkpt><trkpt lat="46.26184" lon="6.86876"><ele>1725</ele><time>2000-01-01T04:41:58.000Z</time></trkpt><trkpt lat="46.26179" lon="6.86836"><ele>1727</ele><time>2000-01-01T04:42:08.000Z</time></trkpt><trkpt lat="46.26183" lon="6.8681"><ele>1733</ele><time>2000-01-01T04:42:18.000Z</time></trkpt><trkpt lat="46.26194" lon="6.86799"><ele>1730</ele><time>2000-01-01T04:42:28.000Z</time></trkpt><trkpt lat="46.26197" lon="6.86791"><ele>1730</ele><time>2000-01-01T04:42:38.000Z</time></trkpt><trkpt lat="46.26195" lon="6.86783"><ele>1732</ele><time>2000-01-01T04:42:48.000Z</time></trkpt><trkpt lat="46.26188" lon="6.86783"><ele>1735</ele><time>2000-01-01T04:42:58.000Z</time></trkpt><trkpt lat="46.26173" lon="6.86797"><ele>1738</ele><time>2000-01-01T04:43:08.000Z</time></trkpt><trkpt lat="46.26166" lon="6.8681"><ele>1738</ele><time>2000-01-01T04:43:18.000Z</time></trkpt><trkpt lat="46.26158" lon="6.8685"><ele>1739</ele><time>2000-01-01T04:43:28.000Z</time></trkpt><trkpt lat="46.26151" lon="6.86882"><ele>1738</ele><time>2000-01-01T04:43:38.000Z</time></trkpt><trkpt lat="46.26145" lon="6.86915"><ele>1738</ele><time>2000-01-01T04:43:48.000Z</time></trkpt><trkpt lat="46.26138" lon="6.86934"><ele>1744</ele><time>2000-01-01T04:43:58.000Z</time></trkpt><trkpt lat="46.26118" lon="6.86963"><ele>1746</ele><time>2000-01-01T04:44:08.000Z</time></trkpt><trkpt lat="46.26098" lon="6.86993"><ele>1747</ele><time>2000-01-01T04:44:18.000Z</time></trkpt><trkpt lat="46.26071" lon="6.87033"><ele>1747</ele><time>2000-01-01T04:44:28.000Z</time></trkpt><trkpt lat="46.26046" lon="6.87062"><ele>1751</ele><time>2000-01-01T04:44:38.000Z</time></trkpt><trkpt lat="46.2602" lon="6.87078"><ele>1761</ele><time>2000-01-01T04:44:48.000Z</time></trkpt><trkpt lat="46.25998" lon="6.87079"><ele>1764</ele><time>2000-01-01T04:44:58.000Z</time></trkpt><trkpt lat="46.25971" lon="6.8706"><ele>1770</ele><time>2000-01-01T04:45:08.000Z</time></trkpt><trkpt lat="46.25957" lon="6.8706"><ele>1772</ele><time>2000-01-01T04:45:18.000Z</time></trkpt><trkpt lat="46.25948" lon="6.87065"><ele>1769</ele><time>2000-01-01T04:45:28.000Z</time></trkpt><trkpt lat="46.25943" lon="6.87073"><ele>1771</ele><time>2000-01-01T04:45:38.000Z</time></trkpt><trkpt lat="46.25941" lon="6.87087"><ele>1769</ele><time>2000-01-01T04:45:48.000Z</time></trkpt><trkpt lat="46.25943" lon="6.87094"><ele>1769</ele><time>2000-01-01T04:45:58.000Z</time></trkpt><trkpt lat="46.25961" lon="6.87133"><ele>1768</ele><time>2000-01-01T04:46:08.000Z</time></trkpt><trkpt lat="46.25961" lon="6.87147"><ele>1764</ele><time>2000-01-01T04:46:18.000Z</time></trkpt><trkpt lat="46.25959" lon="6.87153"><ele>1764</ele><time>2000-01-01T04:46:28.000Z</time></trkpt><trkpt lat="46.25946" lon="6.87161"><ele>1769</ele><time>2000-01-01T04:46:38.000Z</time></trkpt><trkpt lat="46.25926" lon="6.87166"><ele>1770</ele><time>2000-01-01T04:46:48.000Z</time></trkpt><trkpt lat="46.25915" lon="6.87167"><ele>1774</ele><time>2000-01-01T04:46:58.000Z</time></trkpt><trkpt lat="46.2589" lon="6.87162"><ele>1779</ele><time>2000-01-01T04:47:08.000Z</time></trkpt><trkpt lat="46.25873" lon="6.87168"><ele>1784</ele><time>2000-01-01T04:47:18.000Z</time></trkpt><trkpt lat="46.25867" lon="6.8718"><ele>1782</ele><time>2000-01-01T04:47:28.000Z</time></trkpt><trkpt lat="46.25865" lon="6.8721"><ele>1783</ele><time>2000-01-01T04:47:38.000Z</time></trkpt><trkpt lat="46.25862" lon="6.87227"><ele>1786</ele><time>2000-01-01T04:47:48.000Z</time></trkpt><trkpt lat="46.25852" lon="6.87249"><ele>1785</ele><time>2000-01-01T04:47:58.000Z</time></trkpt><trkpt lat="46.25842" lon="6.87274"><ele>1786</ele><time>2000-01-01T04:48:08.000Z</time></trkpt><trkpt lat="46.25824" lon="6.87313"><ele>1785</ele><time>2000-01-01T04:48:18.000Z</time></trkpt><trkpt lat="46.25817" lon="6.87301"><ele>1785</ele><time>2000-01-01T04:48:28.000Z</time></trkpt><trkpt lat="46.25787" lon="6.87316"><ele>1784</ele><time>2000-01-01T04:48:38.000Z</time></trkpt><trkpt lat="46.25758" lon="6.87318"><ele>1781</ele><time>2000-01-01T04:48:48.000Z</time></trkpt><trkpt lat="46.25735" lon="6.87342"><ele>1773</ele><time>2000-01-01T04:48:58.000Z</time></trkpt><trkpt lat="46.25714" lon="6.87336"><ele>1772</ele><time>2000-01-01T04:49:08.000Z</time></trkpt><trkpt lat="46.25693" lon="6.87321"><ele>1766</ele><time>2000-01-01T04:49:18.000Z</time></trkpt><trkpt lat="46.25672" lon="6.87306"><ele>1765</ele><time>2000-01-01T04:49:28.000Z</time></trkpt><trkpt lat="46.25644" lon="6.8731"><ele>1763</ele><time>2000-01-01T04:49:38.000Z</time></trkpt><trkpt lat="46.25603" lon="6.87315"><ele>1756</ele><time>2000-01-01T04:49:48.000Z</time></trkpt><trkpt lat="46.25578" lon="6.87309"><ele>1753</ele><time>2000-01-01T04:49:58.000Z</time></trkpt><trkpt lat="46.25547" lon="6.87303"><ele>1751</ele><time>2000-01-01T04:50:08.000Z</time></trkpt><trkpt lat="46.25515" lon="6.87297"><ele>1751</ele><time>2000-01-01T04:50:18.000Z</time></trkpt><trkpt lat="46.2548" lon="6.87305"><ele>1745</ele><time>2000-01-01T04:50:28.000Z</time></trkpt><trkpt lat="46.25446" lon="6.87313"><ele>1744</ele><time>2000-01-01T04:50:38.000Z</time></trkpt><trkpt lat="46.25419" lon="6.87319"><ele>1742</ele><time>2000-01-01T04:50:48.000Z</time></trkpt><trkpt lat="46.25378" lon="6.87329"><ele>1736</ele><time>2000-01-01T04:50:58.000Z</time></trkpt><trkpt lat="46.25349" lon="6.87325"><ele>1734</ele><time>2000-01-01T04:51:08.000Z</time></trkpt><trkpt lat="46.25321" lon="6.87313"><ele>1734</ele><time>2000-01-01T04:51:18.000Z</time></trkpt><trkpt lat="46.25292" lon="6.87308"><ele>1730</ele><time>2000-01-01T04:51:28.000Z</time></trkpt><trkpt lat="46.25249" lon="6.87288"><ele>1722</ele><time>2000-01-01T04:51:38.000Z</time></trkpt><trkpt lat="46.25215" lon="6.87304"><ele>1721</ele><time>2000-01-01T04:51:48.000Z</time></trkpt><trkpt lat="46.25177" lon="6.87334"><ele>1715</ele><time>2000-01-01T04:51:58.000Z</time></trkpt><trkpt lat="46.25132" lon="6.87322"><ele>1708</ele><time>2000-01-01T04:52:08.000Z</time></trkpt><trkpt lat="46.25118" lon="6.87301"><ele>1704</ele><time>2000-01-01T04:52:18.000Z</time></trkpt><trkpt lat="46.25101" lon="6.87251"><ele>1698</ele><time>2000-01-01T04:52:28.000Z</time></trkpt><trkpt lat="46.25094" lon="6.8722"><ele>1692</ele><time>2000-01-01T04:52:38.000Z</time></trkpt><trkpt lat="46.25085" lon="6.87212"><ele>1688</ele><time>2000-01-01T04:52:48.000Z</time></trkpt><trkpt lat="46.25085" lon="6.872"><ele>1686</ele><time>2000-01-01T04:52:58.000Z</time></trkpt><trkpt lat="46.25083" lon="6.87195"><ele>1686</ele><time>2000-01-01T04:53:08.000Z</time></trkpt><trkpt lat="46.25094" lon="6.87168"><ele>1686</ele><time>2000-01-01T04:53:18.000Z</time></trkpt><trkpt lat="46.25121" lon="6.87136"><ele>1683</ele><time>2000-01-01T04:53:28.000Z</time></trkpt><trkpt lat="46.25124" lon="6.87128"><ele>1685</ele><time>2000-01-01T04:53:38.000Z</time></trkpt><trkpt lat="46.25122" lon="6.87122"><ele>1685</ele><time>2000-01-01T04:53:48.000Z</time></trkpt><trkpt lat="46.2511" lon="6.87105"><ele>1681</ele><time>2000-01-01T04:53:58.000Z</time></trkpt><trkpt lat="46.2509" lon="6.87097"><ele>1677</ele><time>2000-01-01T04:54:08.000Z</time></trkpt><trkpt lat="46.25098" lon="6.87095"><ele>1681</ele><time>2000-01-01T04:54:18.000Z</time></trkpt><trkpt lat="46.25083" lon="6.87096"><ele>1677</ele><time>2000-01-01T04:54:28.000Z</time></trkpt><trkpt lat="46.25078" lon="6.87098"><ele>1675</ele><time>2000-01-01T04:54:38.000Z</time></trkpt><trkpt lat="46.25071" lon="6.87096"><ele>1675</ele><time>2000-01-01T04:54:48.000Z</time></trkpt><trkpt lat="46.25067" lon="6.87096"><ele>1675</ele><time>2000-01-01T04:54:58.000Z</time></trkpt><trkpt lat="46.25056" lon="6.87091"><ele>1674</ele><time>2000-01-01T04:55:08.000Z</time></trkpt><trkpt lat="46.2504" lon="6.87085"><ele>1668</ele><time>2000-01-01T04:55:18.000Z</time></trkpt><trkpt lat="46.25034" lon="6.87051"><ele>1672</ele><time>2000-01-01T04:55:28.000Z</time></trkpt><trkpt lat="46.25024" lon="6.87034"><ele>1671</ele><time>2000-01-01T04:55:38.000Z</time></trkpt><trkpt lat="46.25005" lon="6.87007"><ele>1672</ele><time>2000-01-01T04:55:48.000Z</time></trkpt><trkpt lat="46.24977" lon="6.86963"><ele>1675</ele><time>2000-01-01T04:55:58.000Z</time></trkpt><trkpt lat="46.24962" lon="6.86937"><ele>1676</ele><time>2000-01-01T04:56:08.000Z</time></trkpt><trkpt lat="46.2495" lon="6.8692"><ele>1676</ele><time>2000-01-01T04:56:18.000Z</time></trkpt><trkpt lat="46.24943" lon="6.86904"><ele>1675</ele><time>2000-01-01T04:56:28.000Z</time></trkpt><trkpt lat="46.24923" lon="6.8689"><ele>1675</ele><time>2000-01-01T04:56:38.000Z</time></trkpt><trkpt lat="46.2489" lon="6.86871"><ele>1674</ele><time>2000-01-01T04:56:48.000Z</time></trkpt><trkpt lat="46.24876" lon="6.86852"><ele>1674</ele><time>2000-01-01T04:56:58.000Z</time></trkpt><trkpt lat="46.24869" lon="6.86853"><ele>1673</ele><time>2000-01-01T04:57:08.000Z</time></trkpt><trkpt lat="46.24859" lon="6.86852"><ele>1673</ele><time>2000-01-01T04:57:18.000Z</time></trkpt><trkpt lat="46.24849" lon="6.86853"><ele>1676</ele><time>2000-01-01T04:57:28.000Z</time></trkpt><trkpt lat="46.24836" lon="6.8685"><ele>1672</ele><time>2000-01-01T04:57:38.000Z</time></trkpt><trkpt lat="46.24808" lon="6.86838"><ele>1675</ele><time>2000-01-01T04:57:48.000Z</time></trkpt><trkpt lat="46.24795" lon="6.86844"><ele>1674</ele><time>2000-01-01T04:57:58.000Z</time></trkpt><trkpt lat="46.24782" lon="6.86842"><ele>1675</ele><time>2000-01-01T04:58:08.000Z</time></trkpt><trkpt lat="46.24767" lon="6.86857"><ele>1675</ele><time>2000-01-01T04:58:18.000Z</time></trkpt><trkpt lat="46.24755" lon="6.86863"><ele>1670</ele><time>2000-01-01T04:58:28.000Z</time></trkpt><trkpt lat="46.24722" lon="6.86883"><ele>1662</ele><time>2000-01-01T04:58:38.000Z</time></trkpt><trkpt lat="46.24699" lon="6.86879"><ele>1663</ele><time>2000-01-01T04:58:48.000Z</time></trkpt><trkpt lat="46.24688" lon="6.86868"><ele>1661</ele><time>2000-01-01T04:58:58.000Z</time></trkpt><trkpt lat="46.24681" lon="6.86852"><ele>1658</ele><time>2000-01-01T04:59:08.000Z</time></trkpt><trkpt lat="46.2467" lon="6.8683"><ele>1654</ele><time>2000-01-01T04:59:18.000Z</time></trkpt><trkpt lat="46.24661" lon="6.86817"><ele>1656</ele><time>2000-01-01T04:59:28.000Z</time></trkpt><trkpt lat="46.24648" lon="6.86791"><ele>1652</ele><time>2000-01-01T04:59:38.000Z</time></trkpt><trkpt lat="46.24637" lon="6.8673"><ele>1651</ele><time>2000-01-01T04:59:48.000Z</time></trkpt><trkpt lat="46.24636" lon="6.86674"><ele>1647</ele><time>2000-01-01T04:59:58.000Z</time></trkpt><trkpt lat="46.24617" lon="6.86663"><ele>1643</ele><time>2000-01-01T05:00:08.000Z</time></trkpt><trkpt lat="46.24621" lon="6.86648"><ele>1638</ele><time>2000-01-01T05:00:18.000Z</time></trkpt><trkpt lat="46.24622" lon="6.86618"><ele>1642</ele><time>2000-01-01T05:00:28.000Z</time></trkpt><trkpt lat="46.2462" lon="6.86595"><ele>1640</ele><time>2000-01-01T05:00:38.000Z</time></trkpt><trkpt lat="46.24612" lon="6.86576"><ele>1641</ele><time>2000-01-01T05:00:48.000Z</time></trkpt><trkpt lat="46.24603" lon="6.86556"><ele>1635</ele><time>2000-01-01T05:00:58.000Z</time></trkpt><trkpt lat="46.24593" lon="6.86537"><ele>1635</ele><time>2000-01-01T05:01:08.000Z</time></trkpt><trkpt lat="46.24581" lon="6.86516"><ele>1630</ele><time>2000-01-01T05:01:18.000Z</time></trkpt><trkpt lat="46.24577" lon="6.86505"><ele>1624</ele><time>2000-01-01T05:01:28.000Z</time></trkpt><trkpt lat="46.24575" lon="6.86482"><ele>1632</ele><time>2000-01-01T05:01:38.000Z</time></trkpt><trkpt lat="46.24582" lon="6.86427"><ele>1635</ele><time>2000-01-01T05:01:48.000Z</time></trkpt><trkpt lat="46.24582" lon="6.86395"><ele>1636</ele><time>2000-01-01T05:01:58.000Z</time></trkpt><trkpt lat="46.24588" lon="6.8636"><ele>1638</ele><time>2000-01-01T05:02:08.000Z</time></trkpt><trkpt lat="46.24596" lon="6.86319"><ele>1640</ele><time>2000-01-01T05:02:18.000Z</time></trkpt><trkpt lat="46.24593" lon="6.86283"><ele>1642</ele><time>2000-01-01T05:02:28.000Z</time></trkpt><trkpt lat="46.2459" lon="6.86242"><ele>1642</ele><time>2000-01-01T05:02:38.000Z</time></trkpt><trkpt lat="46.24592" lon="6.86219"><ele>1641</ele><time>2000-01-01T05:02:48.000Z</time></trkpt><trkpt lat="46.24595" lon="6.86197"><ele>1642</ele><time>2000-01-01T05:02:58.000Z</time></trkpt><trkpt lat="46.24599" lon="6.86175"><ele>1642</ele><time>2000-01-01T05:03:08.000Z</time></trkpt><trkpt lat="46.24615" lon="6.86144"><ele>1644</ele><time>2000-01-01T05:03:18.000Z</time></trkpt><trkpt lat="46.24618" lon="6.86119"><ele>1655</ele><time>2000-01-01T05:03:28.000Z</time></trkpt><trkpt lat="46.24609" lon="6.86105"><ele>1645</ele><time>2000-01-01T05:03:38.000Z</time></trkpt><trkpt lat="46.24608" lon="6.86097"><ele>1647</ele><time>2000-01-01T05:03:48.000Z</time></trkpt><trkpt lat="46.24609" lon="6.86051"><ele>1640</ele><time>2000-01-01T05:03:58.000Z</time></trkpt><trkpt lat="46.246" lon="6.85997"><ele>1640</ele><time>2000-01-01T05:04:08.000Z</time></trkpt><trkpt lat="46.24603" lon="6.85964"><ele>1640</ele><time>2000-01-01T05:04:18.000Z</time></trkpt><trkpt lat="46.24612" lon="6.85943"><ele>1642</ele><time>2000-01-01T05:04:28.000Z</time></trkpt><trkpt lat="46.24624" lon="6.85927"><ele>1640</ele><time>2000-01-01T05:04:38.000Z</time></trkpt><trkpt lat="46.24637" lon="6.85909"><ele>1643</ele><time>2000-01-01T05:04:48.000Z</time></trkpt><trkpt lat="46.24648" lon="6.85885"><ele>1640</ele><time>2000-01-01T05:04:58.000Z</time></trkpt><trkpt lat="46.24657" lon="6.85851"><ele>1642</ele><time>2000-01-01T05:05:08.000Z</time></trkpt><trkpt lat="46.24684" lon="6.85819"><ele>1633</ele><time>2000-01-01T05:05:18.000Z</time></trkpt><trkpt lat="46.24695" lon="6.85758"><ele>1630</ele><time>2000-01-01T05:05:28.000Z</time></trkpt><trkpt lat="46.24698" lon="6.8575"><ele>1625</ele><time>2000-01-01T05:05:38.000Z</time></trkpt><trkpt lat="46.24706" lon="6.85742"><ele>1629</ele><time>2000-01-01T05:05:48.000Z</time></trkpt><trkpt lat="46.24721" lon="6.85738"><ele>1636</ele><time>2000-01-01T05:05:58.000Z</time></trkpt><trkpt lat="46.24765" lon="6.85743"><ele>1638</ele><time>2000-01-01T05:06:08.000Z</time></trkpt><trkpt lat="46.24784" lon="6.8573"><ele>1637</ele><time>2000-01-01T05:06:18.000Z</time></trkpt><trkpt lat="46.24809" lon="6.85707"><ele>1637</ele><time>2000-01-01T05:06:28.000Z</time></trkpt><trkpt lat="46.2482" lon="6.85676"><ele>1631</ele><time>2000-01-01T05:06:38.000Z</time></trkpt><trkpt lat="46.24833" lon="6.85644"><ele>1627</ele><time>2000-01-01T05:06:48.000Z</time></trkpt><trkpt lat="46.24839" lon="6.85612"><ele>1619</ele><time>2000-01-01T05:06:58.000Z</time></trkpt><trkpt lat="46.2484" lon="6.85594"><ele>1615</ele><time>2000-01-01T05:07:08.000Z</time></trkpt><trkpt lat="46.24844" lon="6.85569"><ele>1614</ele><time>2000-01-01T05:07:18.000Z</time></trkpt><trkpt lat="46.24848" lon="6.85544"><ele>1610</ele><time>2000-01-01T05:07:28.000Z</time></trkpt><trkpt lat="46.24853" lon="6.85527"><ele>1608</ele><time>2000-01-01T05:07:38.000Z</time></trkpt><trkpt lat="46.24875" lon="6.85514"><ele>1605</ele><time>2000-01-01T05:07:48.000Z</time></trkpt><trkpt lat="46.24892" lon="6.85491"><ele>1602</ele><time>2000-01-01T05:07:58.000Z</time></trkpt><trkpt lat="46.2491" lon="6.85484"><ele>1602</ele><time>2000-01-01T05:08:08.000Z</time></trkpt><trkpt lat="46.24936" lon="6.85483"><ele>1605</ele><time>2000-01-01T05:08:18.000Z</time></trkpt><trkpt lat="46.24973" lon="6.85494"><ele>1601</ele><time>2000-01-01T05:08:28.000Z</time></trkpt><trkpt lat="46.24984" lon="6.85491"><ele>1607</ele><time>2000-01-01T05:08:38.000Z</time></trkpt><trkpt lat="46.24998" lon="6.85468"><ele>1598</ele><time>2000-01-01T05:08:48.000Z</time></trkpt><trkpt lat="46.2501" lon="6.85429"><ele>1589</ele><time>2000-01-01T05:08:58.000Z</time></trkpt><trkpt lat="46.25021" lon="6.85408"><ele>1587</ele><time>2000-01-01T05:09:08.000Z</time></trkpt><trkpt lat="46.25036" lon="6.8539"><ele>1585</ele><time>2000-01-01T05:09:18.000Z</time></trkpt><trkpt lat="46.25051" lon="6.85377"><ele>1583</ele><time>2000-01-01T05:09:28.000Z</time></trkpt><trkpt lat="46.25058" lon="6.85374"><ele>1587</ele><time>2000-01-01T05:09:38.000Z</time></trkpt><trkpt lat="46.25069" lon="6.85375"><ele>1585</ele><time>2000-01-01T05:09:48.000Z</time></trkpt><trkpt lat="46.25087" lon="6.85385"><ele>1587</ele><time>2000-01-01T05:09:58.000Z</time></trkpt><trkpt lat="46.25106" lon="6.85396"><ele>1587</ele><time>2000-01-01T05:10:08.000Z</time></trkpt><trkpt lat="46.2512" lon="6.85394"><ele>1587</ele><time>2000-01-01T05:10:18.000Z</time></trkpt><trkpt lat="46.25135" lon="6.85385"><ele>1587</ele><time>2000-01-01T05:10:28.000Z</time></trkpt><trkpt lat="46.2514" lon="6.85373"><ele>1583</ele><time>2000-01-01T05:10:38.000Z</time></trkpt><trkpt lat="46.25141" lon="6.85366"><ele>1583</ele><time>2000-01-01T05:10:48.000Z</time></trkpt><trkpt lat="46.25139" lon="6.85355"><ele>1580</ele><time>2000-01-01T05:10:58.000Z</time></trkpt><trkpt lat="46.25127" lon="6.85329"><ele>1575</ele><time>2000-01-01T05:11:08.000Z</time></trkpt><trkpt lat="46.25114" lon="6.85307"><ele>1571</ele><time>2000-01-01T05:11:18.000Z</time></trkpt><trkpt lat="46.25088" lon="6.85278"><ele>1566</ele><time>2000-01-01T05:11:28.000Z</time></trkpt><trkpt lat="46.25074" lon="6.85267"><ele>1566</ele><time>2000-01-01T05:11:38.000Z</time></trkpt><trkpt lat="46.25068" lon="6.85265"><ele>1566</ele><time>2000-01-01T05:11:48.000Z</time></trkpt><trkpt lat="46.25046" lon="6.8527"><ele>1564</ele><time>2000-01-01T05:11:58.000Z</time></trkpt><trkpt lat="46.25019" lon="6.85264"><ele>1559</ele><time>2000-01-01T05:12:08.000Z</time></trkpt><trkpt lat="46.25007" lon="6.85271"><ele>1555</ele><time>2000-01-01T05:12:18.000Z</time></trkpt><trkpt lat="46.2499" lon="6.85288"><ele>1554</ele><time>2000-01-01T05:12:28.000Z</time></trkpt><trkpt lat="46.24969" lon="6.85309"><ele>1555</ele><time>2000-01-01T05:12:38.000Z</time></trkpt><trkpt lat="46.24952" lon="6.85334"><ele>1556</ele><time>2000-01-01T05:12:48.000Z</time></trkpt><trkpt lat="46.24934" lon="6.85362"><ele>1554</ele><time>2000-01-01T05:12:58.000Z</time></trkpt><trkpt lat="46.24922" lon="6.85366"><ele>1564</ele><time>2000-01-01T05:13:08.000Z</time></trkpt><trkpt lat="46.24917" lon="6.85365"><ele>1562</ele><time>2000-01-01T05:13:18.000Z</time></trkpt><trkpt lat="46.24903" lon="6.85356"><ele>1552</ele><time>2000-01-01T05:13:28.000Z</time></trkpt><trkpt lat="46.24889" lon="6.85346"><ele>1542</ele><time>2000-01-01T05:13:38.000Z</time></trkpt><trkpt lat="46.24869" lon="6.85342"><ele>1539</ele><time>2000-01-01T05:13:48.000Z</time></trkpt><trkpt lat="46.24858" lon="6.85345"><ele>1539</ele><time>2000-01-01T05:13:58.000Z</time></trkpt><trkpt lat="46.24838" lon="6.85357"><ele>1539</ele><time>2000-01-01T05:14:08.000Z</time></trkpt><trkpt lat="46.24811" lon="6.85374"><ele>1542</ele><time>2000-01-01T05:14:18.000Z</time></trkpt><trkpt lat="46.24796" lon="6.8539"><ele>1545</ele><time>2000-01-01T05:14:28.000Z</time></trkpt><trkpt lat="46.24789" lon="6.854"><ele>1542</ele><time>2000-01-01T05:14:38.000Z</time></trkpt><trkpt lat="46.24774" lon="6.85431"><ele>1549</ele><time>2000-01-01T05:14:48.000Z</time></trkpt><trkpt lat="46.24769" lon="6.85454"><ele>1556</ele><time>2000-01-01T05:14:58.000Z</time></trkpt><trkpt lat="46.2476" lon="6.8547"><ele>1550</ele><time>2000-01-01T05:15:08.000Z</time></trkpt><trkpt lat="46.24721" lon="6.85497"><ele>1547</ele><time>2000-01-01T05:15:18.000Z</time></trkpt><trkpt lat="46.24691" lon="6.85508"><ele>1547</ele><time>2000-01-01T05:15:28.000Z</time></trkpt><trkpt lat="46.24679" lon="6.85521"><ele>1543</ele><time>2000-01-01T05:15:38.000Z</time></trkpt><trkpt lat="46.24662" lon="6.85555"><ele>1547</ele><time>2000-01-01T05:15:48.000Z</time></trkpt><trkpt lat="46.24649" lon="6.85571"><ele>1545</ele><time>2000-01-01T05:15:58.000Z</time></trkpt><trkpt lat="46.24626" lon="6.85585"><ele>1539</ele><time>2000-01-01T05:16:08.000Z</time></trkpt><trkpt lat="46.24604" lon="6.85589"><ele>1537</ele><time>2000-01-01T05:16:18.000Z</time></trkpt><trkpt lat="46.24601" lon="6.85592"><ele>1537</ele><time>2000-01-01T05:16:28.000Z</time></trkpt><trkpt lat="46.24586" lon="6.85619"><ele>1536</ele><time>2000-01-01T05:16:38.000Z</time></trkpt><trkpt lat="46.24569" lon="6.85638"><ele>1539</ele><time>2000-01-01T05:16:48.000Z</time></trkpt><trkpt lat="46.2454" lon="6.85683"><ele>1537</ele><time>2000-01-01T05:16:58.000Z</time></trkpt><trkpt lat="46.24528" lon="6.85689"><ele>1538</ele><time>2000-01-01T05:17:08.000Z</time></trkpt><trkpt lat="46.24508" lon="6.85694"><ele>1537</ele><time>2000-01-01T05:17:18.000Z</time></trkpt><trkpt lat="46.24502" lon="6.857"><ele>1535</ele><time>2000-01-01T05:17:28.000Z</time></trkpt><trkpt lat="46.24489" lon="6.85728"><ele>1536</ele><time>2000-01-01T05:17:38.000Z</time></trkpt><trkpt lat="46.24471" lon="6.85764"><ele>1536</ele><time>2000-01-01T05:17:48.000Z</time></trkpt><trkpt lat="46.24452" lon="6.85816"><ele>1538</ele><time>2000-01-01T05:17:58.000Z</time></trkpt><trkpt lat="46.24443" lon="6.8587"><ele>1529</ele><time>2000-01-01T05:18:08.000Z</time></trkpt><trkpt lat="46.24438" lon="6.85879"><ele>1533</ele><time>2000-01-01T05:18:18.000Z</time></trkpt><trkpt lat="46.24432" lon="6.85884"><ele>1537</ele><time>2000-01-01T05:18:28.000Z</time></trkpt><trkpt lat="46.24402" lon="6.85891"><ele>1521</ele><time>2000-01-01T05:18:38.000Z</time></trkpt><trkpt lat="46.24386" lon="6.85903"><ele>1517</ele><time>2000-01-01T05:18:48.000Z</time></trkpt><trkpt lat="46.24374" lon="6.85916"><ele>1520</ele><time>2000-01-01T05:18:58.000Z</time></trkpt><trkpt lat="46.2437" lon="6.85924"><ele>1514</ele><time>2000-01-01T05:19:08.000Z</time></trkpt><trkpt lat="46.24368" lon="6.85936"><ele>1515</ele><time>2000-01-01T05:19:18.000Z</time></trkpt><trkpt lat="46.24367" lon="6.85963"><ele>1517</ele><time>2000-01-01T05:19:28.000Z</time></trkpt><trkpt lat="46.2436" lon="6.85963"><ele>1510</ele><time>2000-01-01T05:19:38.000Z</time></trkpt><trkpt lat="46.24357" lon="6.85958"><ele>1509</ele><time>2000-01-01T05:19:48.000Z</time></trkpt><trkpt lat="46.24353" lon="6.85927"><ele>1507</ele><time>2000-01-01T05:19:58.000Z</time></trkpt><trkpt lat="46.24355" lon="6.85884"><ele>1502</ele><time>2000-01-01T05:20:08.000Z</time></trkpt><trkpt lat="46.24362" lon="6.85844"><ele>1502</ele><time>2000-01-01T05:20:18.000Z</time></trkpt><trkpt lat="46.24371" lon="6.85834"><ele>1506</ele><time>2000-01-01T05:20:28.000Z</time></trkpt><trkpt lat="46.24382" lon="6.85816"><ele>1497</ele><time>2000-01-01T05:20:38.000Z</time></trkpt><trkpt lat="46.24381" lon="6.8581"><ele>1502</ele><time>2000-01-01T05:20:48.000Z</time></trkpt><trkpt lat="46.24378" lon="6.85808"><ele>1502</ele><time>2000-01-01T05:20:58.000Z</time></trkpt><trkpt lat="46.2437" lon="6.85811"><ele>1497</ele><time>2000-01-01T05:21:08.000Z</time></trkpt><trkpt lat="46.24359" lon="6.8582"><ele>1492</ele><time>2000-01-01T05:21:18.000Z</time></trkpt><trkpt lat="46.24337" lon="6.85825"><ele>1493</ele><time>2000-01-01T05:21:28.000Z</time></trkpt><trkpt lat="46.2433" lon="6.8584"><ele>1488</ele><time>2000-01-01T05:21:38.000Z</time></trkpt><trkpt lat="46.24323" lon="6.85867"><ele>1488</ele><time>2000-01-01T05:21:48.000Z</time></trkpt><trkpt lat="46.24304" lon="6.85886"><ele>1486</ele><time>2000-01-01T05:21:58.000Z</time></trkpt><trkpt lat="46.24301" lon="6.85893"><ele>1484</ele><time>2000-01-01T05:22:08.000Z</time></trkpt><trkpt lat="46.24299" lon="6.85907"><ele>1485</ele><time>2000-01-01T05:22:18.000Z</time></trkpt><trkpt lat="46.24293" lon="6.8591"><ele>1485</ele><time>2000-01-01T05:22:28.000Z</time></trkpt><trkpt lat="46.24288" lon="6.85905"><ele>1479</ele><time>2000-01-01T05:22:38.000Z</time></trkpt><trkpt lat="46.24289" lon="6.85899"><ele>1477</ele><time>2000-01-01T05:22:48.000Z</time></trkpt><trkpt lat="46.24298" lon="6.85868"><ele>1482</ele><time>2000-01-01T05:22:58.000Z</time></trkpt><trkpt lat="46.24302" lon="6.85843"><ele>1481</ele><time>2000-01-01T05:23:08.000Z</time></trkpt><trkpt lat="46.24299" lon="6.85822"><ele>1477</ele><time>2000-01-01T05:23:18.000Z</time></trkpt><trkpt lat="46.24293" lon="6.85807"><ele>1474</ele><time>2000-01-01T05:23:28.000Z</time></trkpt><trkpt lat="46.24293" lon="6.85792"><ele>1474</ele><time>2000-01-01T05:23:38.000Z</time></trkpt><trkpt lat="46.24303" lon="6.85779"><ele>1468</ele><time>2000-01-01T05:23:48.000Z</time></trkpt><trkpt lat="46.2432" lon="6.85774"><ele>1477</ele><time>2000-01-01T05:23:58.000Z</time></trkpt><trkpt lat="46.24334" lon="6.85765"><ele>1478</ele><time>2000-01-01T05:24:08.000Z</time></trkpt><trkpt lat="46.24351" lon="6.85746"><ele>1478</ele><time>2000-01-01T05:24:18.000Z</time></trkpt><trkpt lat="46.24365" lon="6.85718"><ele>1480</ele><time>2000-01-01T05:24:28.000Z</time></trkpt><trkpt lat="46.24381" lon="6.85688"><ele>1480</ele><time>2000-01-01T05:24:38.000Z</time></trkpt><trkpt lat="46.24411" lon="6.85642"><ele>-49260</ele><time>2000-01-01T05:24:48.000Z</time></trkpt><trkpt lat="46.24422" lon="6.85612"><ele>0</ele><time>2000-01-01T05:24:58.000Z</time></trkpt><trkpt lat="46.24438" lon="6.85586"><ele>0</ele><time>2000-01-01T05:25:08.000Z</time></trkpt><trkpt lat="46.24454" lon="6.8556"><ele>0</ele><time>2000-01-01T05:25:18.000Z</time></trkpt><trkpt lat="46.24463" lon="6.85527"><ele>0</ele><time>2000-01-01T05:25:28.000Z</time></trkpt><trkpt lat="46.24473" lon="6.85492"><ele>0</ele><time>2000-01-01T05:25:38.000Z</time></trkpt><trkpt lat="46.24497" lon="6.85441"><ele>0</ele><time>2000-01-01T05:25:48.000Z</time></trkpt><trkpt lat="46.24497" lon="6.85394"><ele>0</ele><time>2000-01-01T05:25:58.000Z</time></trkpt><trkpt lat="46.24505" lon="6.85359"><ele>0</ele><time>2000-01-01T05:26:08.000Z</time></trkpt><trkpt lat="46.24514" lon="6.85318"><ele>0</ele><time>2000-01-01T05:26:18.000Z</time></trkpt><trkpt lat="46.24524" lon="6.85294"><ele>0</ele><time>2000-01-01T05:26:28.000Z</time></trkpt><trkpt lat="46.24556" lon="6.85252"><ele>0</ele><time>2000-01-01T05:26:38.000Z</time></trkpt><trkpt lat="46.24569" lon="6.85223"><ele>-90181</ele><time>2000-01-01T05:26:48.000Z</time></trkpt><trkpt lat="46.24582" lon="6.85192"><ele>383</ele><time>2000-01-01T05:26:58.000Z</time></trkpt><trkpt lat="46.24588" lon="6.85181"><ele>-836</ele><time>2000-01-01T05:27:08.000Z</time></trkpt><trkpt lat="46.24605" lon="6.85166"><ele>907</ele><time>2000-01-01T05:27:18.000Z</time></trkpt><trkpt lat="46.24625" lon="6.85148"><ele>1163</ele><time>2000-01-01T05:27:28.000Z</time></trkpt><trkpt lat="46.24663" lon="6.85116"><ele>1420</ele><time>2000-01-01T05:27:38.000Z</time></trkpt><trkpt lat="46.24687" lon="6.85112"><ele>1417</ele><time>2000-01-01T05:27:48.000Z</time></trkpt><trkpt lat="46.24715" lon="6.85108"><ele>1419</ele><time>2000-01-01T05:27:58.000Z</time></trkpt><trkpt lat="46.24734" lon="6.85095"><ele>1414</ele><time>2000-01-01T05:28:08.000Z</time></trkpt><trkpt lat="46.2474" lon="6.85085"><ele>1413</ele><time>2000-01-01T05:28:18.000Z</time></trkpt><trkpt lat="46.24747" lon="6.85067"><ele>1409</ele><time>2000-01-01T05:28:28.000Z</time></trkpt><trkpt lat="46.2475" lon="6.85014"><ele>1399</ele><time>2000-01-01T05:28:38.000Z</time></trkpt><trkpt lat="46.24765" lon="6.84966"><ele>1398</ele><time>2000-01-01T05:28:48.000Z</time></trkpt><trkpt lat="46.24785" lon="6.84928"><ele>1398</ele><time>2000-01-01T05:28:58.000Z</time></trkpt><trkpt lat="46.24802" lon="6.84894"><ele>1395</ele><time>2000-01-01T05:29:08.000Z</time></trkpt><trkpt lat="46.24829" lon="6.8484"><ele>1392</ele><time>2000-01-01T05:29:18.000Z</time></trkpt><trkpt lat="46.2485" lon="6.84821"><ele>1391</ele><time>2000-01-01T05:29:28.000Z</time></trkpt><trkpt lat="46.24867" lon="6.84817"><ele>1391</ele><time>2000-01-01T05:29:38.000Z</time></trkpt><trkpt lat="46.24893" lon="6.84818"><ele>1388</ele><time>2000-01-01T05:29:48.000Z</time></trkpt><trkpt lat="46.24921" lon="6.84807"><ele>1385</ele><time>2000-01-01T05:29:58.000Z</time></trkpt><trkpt lat="46.24942" lon="6.84782"><ele>1384</ele><time>2000-01-01T05:30:08.000Z</time></trkpt><trkpt lat="46.24954" lon="6.84765"><ele>1378</ele><time>2000-01-01T05:30:18.000Z</time></trkpt><trkpt lat="46.24961" lon="6.84748"><ele>1381</ele><time>2000-01-01T05:30:28.000Z</time></trkpt><trkpt lat="46.24986" lon="6.84722"><ele>1379</ele><time>2000-01-01T05:30:38.000Z</time></trkpt><trkpt lat="46.24982" lon="6.84708"><ele>1378</ele><time>2000-01-01T05:30:48.000Z</time></trkpt><trkpt lat="46.24974" lon="6.84707"><ele>1378</ele><time>2000-01-01T05:30:58.000Z</time></trkpt><trkpt lat="46.24969" lon="6.84709"><ele>1376</ele><time>2000-01-01T05:31:08.000Z</time></trkpt><trkpt lat="46.24955" lon="6.84729"><ele>1372</ele><time>2000-01-01T05:31:18.000Z</time></trkpt><trkpt lat="46.24944" lon="6.84742"><ele>1373</ele><time>2000-01-01T05:31:28.000Z</time></trkpt><trkpt lat="46.24925" lon="6.84748"><ele>1372</ele><time>2000-01-01T05:31:38.000Z</time></trkpt><trkpt lat="46.24918" lon="6.84752"><ele>1372</ele><time>2000-01-01T05:31:48.000Z</time></trkpt><trkpt lat="46.24926" lon="6.84728"><ele>1370</ele><time>2000-01-01T05:31:58.000Z</time></trkpt><trkpt lat="46.24925" lon="6.84727"><ele>1370</ele><time>2000-01-01T05:32:08.000Z</time></trkpt><trkpt lat="46.24927" lon="6.84726"><ele>1370</ele><time>2000-01-01T05:32:18.000Z</time></trkpt><trkpt lat="46.24936" lon="6.8469"><ele>1369</ele><time>2000-01-01T05:32:28.000Z</time></trkpt><trkpt lat="46.24949" lon="6.84638"><ele>1369</ele><time>2000-01-01T05:32:38.000Z</time></trkpt><trkpt lat="46.24962" lon="6.84604"><ele>1369</ele><time>2000-01-01T05:32:48.000Z</time></trkpt><trkpt lat="46.24952" lon="6.84597"><ele>1370</ele><time>2000-01-01T05:32:58.000Z</time></trkpt><trkpt lat="46.24932" lon="6.846"><ele>1370</ele><time>2000-01-01T05:33:08.000Z</time></trkpt><trkpt lat="46.249" lon="6.84609"><ele>1372</ele><time>2000-01-01T05:33:18.000Z</time></trkpt><trkpt lat="46.24868" lon="6.84618"><ele>1372</ele><time>2000-01-01T05:33:28.000Z</time></trkpt><trkpt lat="46.24828" lon="6.84629"><ele>1373</ele><time>2000-01-01T05:33:38.000Z</time></trkpt><trkpt lat="46.24792" lon="6.84646"><ele>1373</ele><time>2000-01-01T05:33:48.000Z</time></trkpt><trkpt lat="46.2476" lon="6.84649"><ele>1374</ele><time>2000-01-01T05:33:58.000Z</time></trkpt><trkpt lat="46.24729" lon="6.84652"><ele>1376</ele><time>2000-01-01T05:34:08.000Z</time></trkpt><trkpt lat="46.24694" lon="6.84655"><ele>1378</ele><time>2000-01-01T05:34:18.000Z</time></trkpt><trkpt lat="46.2466" lon="6.84672"><ele>1378</ele><time>2000-01-01T05:34:28.000Z</time></trkpt><trkpt lat="46.24643" lon="6.84676"><ele>1382</ele><time>2000-01-01T05:34:38.000Z</time></trkpt><trkpt lat="46.24626" lon="6.84683"><ele>1378</ele><time>2000-01-01T05:34:48.000Z</time></trkpt><trkpt lat="46.24586" lon="6.84714"><ele>1378</ele><time>2000-01-01T05:34:58.000Z</time></trkpt><trkpt lat="46.24564" lon="6.84725"><ele>1380</ele><time>2000-01-01T05:35:08.000Z</time></trkpt><trkpt lat="46.2454" lon="6.84729"><ele>1380</ele><time>2000-01-01T05:35:18.000Z</time></trkpt><trkpt lat="46.24514" lon="6.84735"><ele>1380</ele><time>2000-01-01T05:35:28.000Z</time></trkpt><trkpt lat="46.24485" lon="6.84745"><ele>1380</ele><time>2000-01-01T05:35:38.000Z</time></trkpt><trkpt lat="46.24461" lon="6.84762"><ele>1380</ele><time>2000-01-01T05:35:48.000Z</time></trkpt><trkpt lat="46.24432" lon="6.84797"><ele>1382</ele><time>2000-01-01T05:35:58.000Z</time></trkpt><trkpt lat="46.24422" lon="6.8482"><ele>1383</ele><time>2000-01-01T05:36:08.000Z</time></trkpt><trkpt lat="46.24418" lon="6.84841"><ele>1382</ele><time>2000-01-01T05:36:18.000Z</time></trkpt><trkpt lat="46.24422" lon="6.84867"><ele>1383</ele><time>2000-01-01T05:36:28.000Z</time></trkpt><trkpt lat="46.24421" lon="6.84889"><ele>1383</ele><time>2000-01-01T05:36:38.000Z</time></trkpt><trkpt lat="46.24412" lon="6.84916"><ele>1384</ele><time>2000-01-01T05:36:48.000Z</time></trkpt><trkpt lat="46.2439" lon="6.84944"><ele>1382</ele><time>2000-01-01T05:36:58.000Z</time></trkpt><trkpt lat="46.24371" lon="6.84964"><ele>1384</ele><time>2000-01-01T05:37:08.000Z</time></trkpt><trkpt lat="46.24352" lon="6.84985"><ele>1382</ele><time>2000-01-01T05:37:18.000Z</time></trkpt><trkpt lat="46.24328" lon="6.85028"><ele>1381</ele><time>2000-01-01T05:37:28.000Z</time></trkpt><trkpt lat="46.24319" lon="6.85035"><ele>1385</ele><time>2000-01-01T05:37:38.000Z</time></trkpt><trkpt lat="46.24294" lon="6.85048"><ele>1381</ele><time>2000-01-01T05:37:48.000Z</time></trkpt><trkpt lat="46.24249" lon="6.85051"><ele>1381</ele><time>2000-01-01T05:37:58.000Z</time></trkpt><trkpt lat="46.24219" lon="6.85053"><ele>1382</ele><time>2000-01-01T05:38:08.000Z</time></trkpt><trkpt lat="46.24199" lon="6.8505"><ele>1387</ele><time>2000-01-01T05:38:18.000Z</time></trkpt><trkpt lat="46.24171" lon="6.85039"><ele>1388</ele><time>2000-01-01T05:38:28.000Z</time></trkpt><trkpt lat="46.24149" lon="6.85018"><ele>1390</ele><time>2000-01-01T05:38:38.000Z</time></trkpt><trkpt lat="46.24124" lon="6.84999"><ele>1390</ele><time>2000-01-01T05:38:48.000Z</time></trkpt><trkpt lat="46.24108" lon="6.84983"><ele>1390</ele><time>2000-01-01T05:38:58.000Z</time></trkpt><trkpt lat="46.24095" lon="6.84966"><ele>1389</ele><time>2000-01-01T05:39:08.000Z</time></trkpt><trkpt lat="46.24076" lon="6.84953"><ele>1385</ele><time>2000-01-01T05:39:18.000Z</time></trkpt><trkpt lat="46.24042" lon="6.84945"><ele>1383</ele><time>2000-01-01T05:39:28.000Z</time></trkpt><trkpt lat="46.2401" lon="6.84938"><ele>1380</ele><time>2000-01-01T05:39:38.000Z</time></trkpt><trkpt lat="46.23994" lon="6.84939"><ele>-21262</ele><time>2000-01-01T05:39:48.000Z</time></trkpt><trkpt lat="46.23974" lon="6.84943"><ele>-1059</ele><time>2000-01-01T05:39:58.000Z</time></trkpt><trkpt lat="46.23939" lon="6.84945"><ele>-3498</ele><time>2000-01-01T05:40:08.000Z</time></trkpt><trkpt lat="46.23925" lon="6.84935"><ele>1377</ele><time>2000-01-01T05:40:18.000Z</time></trkpt><trkpt lat="46.23905" lon="6.84913"><ele>-91169</ele><time>2000-01-01T05:40:28.000Z</time></trkpt><trkpt lat="46.23889" lon="6.84899"><ele>-73898</ele><time>2000-01-01T05:40:38.000Z</time></trkpt><trkpt lat="46.23868" lon="6.8489"><ele>-56626</ele><time>2000-01-01T05:40:48.000Z</time></trkpt><trkpt lat="46.23858" lon="6.84885"><ele>1141</ele><time>2000-01-01T05:40:58.000Z</time></trkpt><trkpt lat="46.23846" lon="6.84884"><ele>1141</ele><time>2000-01-01T05:41:08.000Z</time></trkpt><trkpt lat="46.23818" lon="6.84889"><ele>1259</ele><time>2000-01-01T05:41:18.000Z</time></trkpt><trkpt lat="46.23792" lon="6.84892"><ele>1316</ele><time>2000-01-01T05:41:28.000Z</time></trkpt><trkpt lat="46.23778" lon="6.84891"><ele>1376</ele><time>2000-01-01T05:41:38.000Z</time></trkpt><trkpt lat="46.23758" lon="6.84907"><ele>1344</ele><time>2000-01-01T05:41:48.000Z</time></trkpt><trkpt lat="46.23732" lon="6.8492"><ele>1357</ele><time>2000-01-01T05:41:58.000Z</time></trkpt><trkpt lat="46.23708" lon="6.84914"><ele>1361</ele><time>2000-01-01T05:42:08.000Z</time></trkpt><trkpt lat="46.23692" lon="6.84909"><ele>1369</ele><time>2000-01-01T05:42:18.000Z</time></trkpt><trkpt lat="46.23676" lon="6.84904"><ele>1366</ele><time>2000-01-01T05:42:28.000Z</time></trkpt><trkpt lat="46.23663" lon="6.849"><ele>1367</ele><time>2000-01-01T05:42:38.000Z</time></trkpt><trkpt lat="46.23651" lon="6.84897"><ele>1364</ele><time>2000-01-01T05:42:48.000Z</time></trkpt><trkpt lat="46.23642" lon="6.84902"><ele>1363</ele><time>2000-01-01T05:42:58.000Z</time></trkpt><trkpt lat="46.23631" lon="6.84893"><ele>1363</ele><time>2000-01-01T05:43:08.000Z</time></trkpt><trkpt lat="46.23608" lon="6.84862"><ele>1363</ele><time>2000-01-01T05:43:18.000Z</time></trkpt><trkpt lat="46.23598" lon="6.84854"><ele>1361</ele><time>2000-01-01T05:43:28.000Z</time></trkpt><trkpt lat="46.23568" lon="6.84836"><ele>1357</ele><time>2000-01-01T05:43:38.000Z</time></trkpt><trkpt lat="46.23549" lon="6.84824"><ele>1356</ele><time>2000-01-01T05:43:48.000Z</time></trkpt><trkpt lat="46.23511" lon="6.84797"><ele>1354</ele><time>2000-01-01T05:43:58.000Z</time></trkpt><trkpt lat="46.23514" lon="6.84821"><ele>1352</ele><time>2000-01-01T05:44:08.000Z</time></trkpt><trkpt lat="46.23514" lon="6.84844"><ele>1351</ele><time>2000-01-01T05:44:18.000Z</time></trkpt><trkpt lat="46.23511" lon="6.84849"><ele>1351</ele><time>2000-01-01T05:44:28.000Z</time></trkpt><trkpt lat="46.2353" lon="6.84901"><ele>1350</ele><time>2000-01-01T05:44:38.000Z</time></trkpt><trkpt lat="46.23542" lon="6.84927"><ele>1349</ele><time>2000-01-01T05:44:48.000Z</time></trkpt><trkpt lat="46.23545" lon="6.84949"><ele>1347</ele><time>2000-01-01T05:44:58.000Z</time></trkpt><trkpt lat="46.23549" lon="6.84974"><ele>1344</ele><time>2000-01-01T05:45:08.000Z</time></trkpt><trkpt lat="46.23558" lon="6.85029"><ele>1343</ele><time>2000-01-01T05:45:18.000Z</time></trkpt><trkpt lat="46.23568" lon="6.85071"><ele>1339</ele><time>2000-01-01T05:45:28.000Z</time></trkpt><trkpt lat="46.23573" lon="6.85113"><ele>1339</ele><time>2000-01-01T05:45:38.000Z</time></trkpt><trkpt lat="46.2358" lon="6.85143"><ele>1338</ele><time>2000-01-01T05:45:48.000Z</time></trkpt><trkpt lat="46.23586" lon="6.85163"><ele>1338</ele><time>2000-01-01T05:45:58.000Z</time></trkpt><trkpt lat="46.23588" lon="6.85179"><ele>1337</ele><time>2000-01-01T05:46:08.000Z</time></trkpt><trkpt lat="46.2359" lon="6.85207"><ele>1336</ele><time>2000-01-01T05:46:18.000Z</time></trkpt><trkpt lat="46.23594" lon="6.85236"><ele>1335</ele><time>2000-01-01T05:46:28.000Z</time></trkpt><trkpt lat="46.23598" lon="6.8526"><ele>1334</ele><time>2000-01-01T05:46:38.000Z</time></trkpt><trkpt lat="46.23603" lon="6.85279"><ele>1335</ele><time>2000-01-01T05:46:48.000Z</time></trkpt><trkpt lat="46.23612" lon="6.85302"><ele>-18242</ele><time>2000-01-01T05:46:58.000Z</time></trkpt><trkpt lat="46.23629" lon="6.85326"><ele>-88301</ele><time>2000-01-01T05:47:08.000Z</time></trkpt><trkpt lat="46.23627" lon="6.8534"><ele>-99999</ele><time>2000-01-01T05:47:18.000Z</time></trkpt><trkpt lat="46.23629" lon="6.85351"><ele>-99999</ele><time>2000-01-01T05:47:28.000Z</time></trkpt><trkpt lat="46.23632" lon="6.8536"><ele>0</ele><time>2000-01-01T05:47:38.000Z</time></trkpt><trkpt lat="46.23641" lon="6.85371"><ele>-99999</ele><time>2000-01-01T05:47:48.000Z</time></trkpt><trkpt lat="46.23668" lon="6.85395"><ele>0</ele><time>2000-01-01T05:47:58.000Z</time></trkpt><trkpt lat="46.23681" lon="6.85409"><ele>-99999</ele><time>2000-01-01T05:48:08.000Z</time></trkpt><trkpt lat="46.2369" lon="6.85423"><ele>0</ele><time>2000-01-01T05:48:18.000Z</time></trkpt><trkpt lat="46.23695" lon="6.85449"><ele>0</ele><time>2000-01-01T05:48:28.000Z</time></trkpt><trkpt lat="46.23695" lon="6.85511"><ele>0</ele><time>2000-01-01T05:48:38.000Z</time></trkpt><trkpt lat="46.23696" lon="6.85567"><ele>0</ele><time>2000-01-01T05:48:48.000Z</time></trkpt><trkpt lat="46.23708" lon="6.8562"><ele>1317</ele><time>2000-01-01T05:48:58.000Z</time></trkpt><trkpt lat="46.23712" lon="6.85648"><ele>1317</ele><time>2000-01-01T05:49:08.000Z</time></trkpt><trkpt lat="46.23709" lon="6.85688"><ele>1316</ele><time>2000-01-01T05:49:18.000Z</time></trkpt><trkpt lat="46.23705" lon="6.85724"><ele>1316</ele><time>2000-01-01T05:49:28.000Z</time></trkpt><trkpt lat="46.237" lon="6.85769"><ele>1316</ele><time>2000-01-01T05:49:38.000Z</time></trkpt><trkpt lat="46.23693" lon="6.8577"><ele>1316</ele><time>2000-01-01T05:49:48.000Z</time></trkpt><trkpt lat="46.23687" lon="6.85779"><ele>1317</ele><time>2000-01-01T05:49:58.000Z</time></trkpt><trkpt lat="46.23676" lon="6.8579"><ele>1317</ele><time>2000-01-01T05:50:08.000Z</time></trkpt><trkpt lat="46.23666" lon="6.85793"><ele>1320</ele><time>2000-01-01T05:50:18.000Z</time></trkpt><trkpt lat="46.23665" lon="6.85813"><ele>1320</ele><time>2000-01-01T05:50:28.000Z</time></trkpt><trkpt lat="46.23621" lon="6.85825"><ele>1329</ele><time>2000-01-01T05:50:38.000Z</time></trkpt><trkpt lat="46.23577" lon="6.85837"><ele>1346</ele><time>2000-01-01T05:50:48.000Z</time></trkpt><trkpt lat="46.23533" lon="6.8585"><ele>1370</ele><time>2000-01-01T05:50:58.000Z</time></trkpt><trkpt lat="46.23489" lon="6.85862"><ele>1402</ele><time>2000-01-01T05:51:08.000Z</time></trkpt><trkpt lat="46.23445" lon="6.85874"><ele>1434</ele><time>2000-01-01T05:51:18.000Z</time></trkpt><trkpt lat="46.23401" lon="6.85886"><ele>1460</ele><time>2000-01-01T05:51:28.000Z</time></trkpt><trkpt lat="46.23357" lon="6.85898"><ele>1494</ele><time>2000-01-01T05:51:38.000Z</time></trkpt><trkpt lat="46.23313" lon="6.8591"><ele>1518</ele><time>2000-01-01T05:51:48.000Z</time></trkpt><trkpt lat="46.23269" lon="6.85922"><ele>1546</ele><time>2000-01-01T05:51:58.000Z</time></trkpt><trkpt lat="46.23225" lon="6.85934"><ele>1563</ele><time>2000-01-01T05:52:08.000Z</time></trkpt><trkpt lat="46.23181" lon="6.85946"><ele>1584</ele><time>2000-01-01T05:52:18.000Z</time></trkpt><trkpt lat="46.23137" lon="6.85958"><ele>1599</ele><time>2000-01-01T05:52:28.000Z</time></trkpt><trkpt lat="46.23093" lon="6.8597"><ele>1609</ele><time>2000-01-01T05:52:38.000Z</time></trkpt><trkpt lat="46.23049" lon="6.85982"><ele>1629</ele><time>2000-01-01T05:52:48.000Z</time></trkpt><trkpt lat="46.23005" lon="6.85994"><ele>1644</ele><time>2000-01-01T05:52:58.000Z</time></trkpt><trkpt lat="46.22961" lon="6.86006"><ele>1660</ele><time>2000-01-01T05:53:08.000Z</time></trkpt><trkpt lat="46.22917" lon="6.86018"><ele>1674</ele><time>2000-01-01T05:53:18.000Z</time></trkpt><trkpt lat="46.22873" lon="6.8603"><ele>1685</ele><time>2000-01-01T05:53:28.000Z</time></trkpt><trkpt lat="46.22829" lon="6.86042"><ele>1697</ele><time>2000-01-01T05:53:38.000Z</time></trkpt><trkpt lat="46.22785" lon="6.86054"><ele>1708</ele><time>2000-01-01T05:53:48.000Z</time></trkpt><trkpt lat="46.22741" lon="6.86066"><ele>1719</ele><time>2000-01-01T05:53:58.000Z</time></trkpt><trkpt lat="46.22697" lon="6.86079"><ele>1743</ele><time>2000-01-01T05:54:08.000Z</time></trkpt><trkpt lat="46.22653" lon="6.86091"><ele>1764</ele><time>2000-01-01T05:54:18.000Z</time></trkpt><trkpt lat="46.22609" lon="6.86103"><ele>1781</ele><time>2000-01-01T05:54:28.000Z</time></trkpt><trkpt lat="46.2258" lon="6.86111"><ele>1787</ele><time>2000-01-01T05:54:38.000Z</time></trkpt><trkpt lat="46.22528" lon="6.86125"><ele>1803</ele><time>2000-01-01T05:54:48.000Z</time></trkpt><trkpt lat="46.22485" lon="6.86126"><ele>1805</ele><time>2000-01-01T05:54:58.000Z</time></trkpt><trkpt lat="46.2246" lon="6.8615"><ele>1805</ele><time>2000-01-01T05:55:08.000Z</time></trkpt><trkpt lat="46.2244" lon="6.86161"><ele>1802</ele><time>2000-01-01T05:55:18.000Z</time></trkpt><trkpt lat="46.22416" lon="6.86182"><ele>1800</ele><time>2000-01-01T05:55:28.000Z</time></trkpt><trkpt lat="46.22395" lon="6.86184"><ele>1797</ele><time>2000-01-01T05:55:38.000Z</time></trkpt><trkpt lat="46.22362" lon="6.86181"><ele>1790</ele><time>2000-01-01T05:55:48.000Z</time></trkpt><trkpt lat="46.22344" lon="6.86176"><ele>1787</ele><time>2000-01-01T05:55:58.000Z</time></trkpt><trkpt lat="46.22324" lon="6.86166"><ele>1787</ele><time>2000-01-01T05:56:08.000Z</time></trkpt><trkpt lat="46.22298" lon="6.8617"><ele>1781</ele><time>2000-01-01T05:56:18.000Z</time></trkpt><trkpt lat="46.22274" lon="6.86186"><ele>1773</ele><time>2000-01-01T05:56:28.000Z</time></trkpt><trkpt lat="46.22256" lon="6.86194"><ele>1765</ele><time>2000-01-01T05:56:38.000Z</time></trkpt><trkpt lat="46.22232" lon="6.8619"><ele>1764</ele><time>2000-01-01T05:56:48.000Z</time></trkpt><trkpt lat="46.22206" lon="6.86186"><ele>1757</ele><time>2000-01-01T05:56:58.000Z</time></trkpt><trkpt lat="46.22178" lon="6.86196"><ele>1744</ele><time>2000-01-01T05:57:08.000Z</time></trkpt><trkpt lat="46.22143" lon="6.86228"><ele>1735</ele><time>2000-01-01T05:57:18.000Z</time></trkpt><trkpt lat="46.22139" lon="6.8623"><ele>1731</ele><time>2000-01-01T05:57:28.000Z</time></trkpt><trkpt lat="46.22133" lon="6.86223"><ele>1731</ele><time>2000-01-01T05:57:38.000Z</time></trkpt><trkpt lat="46.22127" lon="6.86203"><ele>1734</ele><time>2000-01-01T05:57:48.000Z</time></trkpt><trkpt lat="46.22118" lon="6.86183"><ele>1734</ele><time>2000-01-01T05:57:58.000Z</time></trkpt><trkpt lat="46.22101" lon="6.86175"><ele>1730</ele><time>2000-01-01T05:58:08.000Z</time></trkpt><trkpt lat="46.22077" lon="6.86171"><ele>1730</ele><time>2000-01-01T05:58:18.000Z</time></trkpt><trkpt lat="46.22071" lon="6.86124"><ele>1731</ele><time>2000-01-01T05:58:28.000Z</time></trkpt><trkpt lat="46.22071" lon="6.86091"><ele>1735</ele><time>2000-01-01T05:58:38.000Z</time></trkpt><trkpt lat="46.22068" lon="6.8608"><ele>1734</ele><time>2000-01-01T05:58:48.000Z</time></trkpt><trkpt lat="46.22049" lon="6.86049"><ele>1735</ele><time>2000-01-01T05:58:58.000Z</time></trkpt><trkpt lat="46.2203" lon="6.86024"><ele>1735</ele><time>2000-01-01T05:59:08.000Z</time></trkpt><trkpt lat="46.22022" lon="6.86005"><ele>1737</ele><time>2000-01-01T05:59:18.000Z</time></trkpt><trkpt lat="46.2201" lon="6.85964"><ele>1738</ele><time>2000-01-01T05:59:28.000Z</time></trkpt><trkpt lat="46.21986" lon="6.85949"><ele>1739</ele><time>2000-01-01T05:59:38.000Z</time></trkpt><trkpt lat="46.21954" lon="6.85929"><ele>1737</ele><time>2000-01-01T05:59:48.000Z</time></trkpt><trkpt lat="46.21939" lon="6.85926"><ele>1738</ele><time>2000-01-01T05:59:58.000Z</time></trkpt><trkpt lat="46.21926" lon="6.85934"><ele>1737</ele><time>2000-01-01T06:00:08.000Z</time></trkpt><trkpt lat="46.21893" lon="6.85942"><ele>1737</ele><time>2000-01-01T06:00:18.000Z</time></trkpt><trkpt lat="46.21853" lon="6.85944"><ele>1738</ele><time>2000-01-01T06:00:28.000Z</time></trkpt><trkpt lat="46.21824" lon="6.85953"><ele>1739</ele><time>2000-01-01T06:00:38.000Z</time></trkpt><trkpt lat="46.21799" lon="6.85968"><ele>1739</ele><time>2000-01-01T06:00:48.000Z</time></trkpt><trkpt lat="46.21788" lon="6.85983"><ele>1739</ele><time>2000-01-01T06:00:58.000Z</time></trkpt><trkpt lat="46.21781" lon="6.85994"><ele>1739</ele><time>2000-01-01T06:01:08.000Z</time></trkpt><trkpt lat="46.21773" lon="6.8603"><ele>1738</ele><time>2000-01-01T06:01:18.000Z</time></trkpt><trkpt lat="46.21769" lon="6.86039"><ele>1736</ele><time>2000-01-01T06:01:28.000Z</time></trkpt><trkpt lat="46.21747" lon="6.86062"><ele>1738</ele><time>2000-01-01T06:01:38.000Z</time></trkpt><trkpt lat="46.21729" lon="6.8609"><ele>1734</ele><time>2000-01-01T06:01:48.000Z</time></trkpt><trkpt lat="46.21704" lon="6.86126"><ele>1734</ele><time>2000-01-01T06:01:58.000Z</time></trkpt><trkpt lat="46.21669" lon="6.86088"><ele>1735</ele><time>2000-01-01T06:02:08.000Z</time></trkpt><trkpt lat="46.21647" lon="6.86071"><ele>1736</ele><time>2000-01-01T06:02:18.000Z</time></trkpt><trkpt lat="46.21636" lon="6.86055"><ele>1736</ele><time>2000-01-01T06:02:28.000Z</time></trkpt><trkpt lat="46.21617" lon="6.86025"><ele>1740</ele><time>2000-01-01T06:02:38.000Z</time></trkpt><trkpt lat="46.21599" lon="6.85995"><ele>1744</ele><time>2000-01-01T06:02:48.000Z</time></trkpt><trkpt lat="46.21575" lon="6.85957"><ele>1744</ele><time>2000-01-01T06:02:58.000Z</time></trkpt><trkpt lat="46.21552" lon="6.85924"><ele>1746</ele><time>2000-01-01T06:03:08.000Z</time></trkpt><trkpt lat="46.2154" lon="6.85878"><ele>1751</ele><time>2000-01-01T06:03:18.000Z</time></trkpt><trkpt lat="46.21522" lon="6.85836"><ele>1752</ele><time>2000-01-01T06:03:28.000Z</time></trkpt><trkpt lat="46.21499" lon="6.85802"><ele>1753</ele><time>2000-01-01T06:03:38.000Z</time></trkpt><trkpt lat="46.21477" lon="6.85768"><ele>1752</ele><time>2000-01-01T06:03:48.000Z</time></trkpt><trkpt lat="46.21447" lon="6.85724"><ele>1752</ele><time>2000-01-01T06:03:58.000Z</time></trkpt><trkpt lat="46.21416" lon="6.85682"><ele>1753</ele><time>2000-01-01T06:04:08.000Z</time></trkpt><trkpt lat="46.21392" lon="6.85661"><ele>1753</ele><time>2000-01-01T06:04:18.000Z</time></trkpt><trkpt lat="46.21356" lon="6.8563"><ele>1752</ele><time>2000-01-01T06:04:28.000Z</time></trkpt><trkpt lat="46.21328" lon="6.85582"><ele>1752</ele><time>2000-01-01T06:04:38.000Z</time></trkpt><trkpt lat="46.21306" lon="6.85564"><ele>1751</ele><time>2000-01-01T06:04:48.000Z</time></trkpt><trkpt lat="46.21283" lon="6.85544"><ele>1750</ele><time>2000-01-01T06:04:58.000Z</time></trkpt><trkpt lat="46.21275" lon="6.85535"><ele>1746</ele><time>2000-01-01T06:05:08.000Z</time></trkpt><trkpt lat="46.21265" lon="6.85513"><ele>1748</ele><time>2000-01-01T06:05:18.000Z</time></trkpt><trkpt lat="46.21249" lon="6.85488"><ele>1751</ele><time>2000-01-01T06:05:28.000Z</time></trkpt><trkpt lat="46.21231" lon="6.85462"><ele>1750</ele><time>2000-01-01T06:05:38.000Z</time></trkpt><trkpt lat="46.21207" lon="6.85442"><ele>1749</ele><time>2000-01-01T06:05:48.000Z</time></trkpt><trkpt lat="46.21196" lon="6.85426"><ele>1748</ele><time>2000-01-01T06:05:58.000Z</time></trkpt><trkpt lat="46.21176" lon="6.85418"><ele>1745</ele><time>2000-01-01T06:06:08.000Z</time></trkpt><trkpt lat="46.21161" lon="6.85404"><ele>1747</ele><time>2000-01-01T06:06:18.000Z</time></trkpt><trkpt lat="46.21147" lon="6.85382"><ele>1740</ele><time>2000-01-01T06:06:28.000Z</time></trkpt><trkpt lat="46.21129" lon="6.85364"><ele>1742</ele><time>2000-01-01T06:06:38.000Z</time></trkpt><trkpt lat="46.21124" lon="6.85355"><ele>1741</ele><time>2000-01-01T06:06:48.000Z</time></trkpt><trkpt lat="46.21118" lon="6.85335"><ele>1740</ele><time>2000-01-01T06:06:58.000Z</time></trkpt><trkpt lat="46.21116" lon="6.85332"><ele>1744</ele><time>2000-01-01T06:07:08.000Z</time></trkpt><trkpt lat="46.21112" lon="6.85333"><ele>1744</ele><time>2000-01-01T06:07:18.000Z</time></trkpt><trkpt lat="46.2111" lon="6.85336"><ele>1739</ele><time>2000-01-01T06:07:28.000Z</time></trkpt><trkpt lat="46.21117" lon="6.85366"><ele>1738</ele><time>2000-01-01T06:07:38.000Z</time></trkpt><trkpt lat="46.21127" lon="6.85406"><ele>1731</ele><time>2000-01-01T06:07:48.000Z</time></trkpt><trkpt lat="46.21136" lon="6.85429"><ele>1734</ele><time>2000-01-01T06:07:58.000Z</time></trkpt><trkpt lat="46.21136" lon="6.85455"><ele>1728</ele><time>2000-01-01T06:08:08.000Z</time></trkpt><trkpt lat="46.21135" lon="6.85458"><ele>1728</ele><time>2000-01-01T06:08:18.000Z</time></trkpt><trkpt lat="46.2113" lon="6.85466"><ele>1724</ele><time>2000-01-01T06:08:28.000Z</time></trkpt><trkpt lat="46.2111" lon="6.8548"><ele>1718</ele><time>2000-01-01T06:08:38.000Z</time></trkpt><trkpt lat="46.21089" lon="6.855"><ele>1713</ele><time>2000-01-01T06:08:48.000Z</time></trkpt><trkpt lat="46.21067" lon="6.85523"><ele>1710</ele><time>2000-01-01T06:08:58.000Z</time></trkpt><trkpt lat="46.21042" lon="6.85543"><ele>1708</ele><time>2000-01-01T06:09:08.000Z</time></trkpt><trkpt lat="46.21003" lon="6.85574"><ele>1704</ele><time>2000-01-01T06:09:18.000Z</time></trkpt><trkpt lat="46.20981" lon="6.85603"><ele>1703</ele><time>2000-01-01T06:09:28.000Z</time></trkpt><trkpt lat="46.2096" lon="6.85639"><ele>1699</ele><time>2000-01-01T06:09:38.000Z</time></trkpt><trkpt lat="46.20939" lon="6.85656"><ele>1697</ele><time>2000-01-01T06:09:48.000Z</time></trkpt><trkpt lat="46.20918" lon="6.85673"><ele>1696</ele><time>2000-01-01T06:09:58.000Z</time></trkpt><trkpt lat="46.20909" lon="6.85676"><ele>1696</ele><time>2000-01-01T06:10:08.000Z</time></trkpt><trkpt lat="46.20893" lon="6.85674"><ele>1696</ele><time>2000-01-01T06:10:18.000Z</time></trkpt><trkpt lat="46.2088" lon="6.85659"><ele>1697</ele><time>2000-01-01T06:10:28.000Z</time></trkpt><trkpt lat="46.20865" lon="6.85636"><ele>1697</ele><time>2000-01-01T06:10:38.000Z</time></trkpt><trkpt lat="46.20859" lon="6.85633"><ele>1697</ele><time>2000-01-01T06:10:48.000Z</time></trkpt><trkpt lat="46.20846" lon="6.85633"><ele>1698</ele><time>2000-01-01T06:10:58.000Z</time></trkpt><trkpt lat="46.20833" lon="6.85647"><ele>1701</ele><time>2000-01-01T06:11:08.000Z</time></trkpt><trkpt lat="46.2082" lon="6.85669"><ele>1704</ele><time>2000-01-01T06:11:18.000Z</time></trkpt><trkpt lat="46.20789" lon="6.8571"><ele>1704</ele><time>2000-01-01T06:11:28.000Z</time></trkpt><trkpt lat="46.20753" lon="6.85751"><ele>1705</ele><time>2000-01-01T06:11:38.000Z</time></trkpt><trkpt lat="46.20729" lon="6.85759"><ele>1706</ele><time>2000-01-01T06:11:48.000Z</time></trkpt><trkpt lat="46.20704" lon="6.85767"><ele>1706</ele><time>2000-01-01T06:11:58.000Z</time></trkpt><trkpt lat="46.20682" lon="6.85784"><ele>1706</ele><time>2000-01-01T06:12:08.000Z</time></trkpt><trkpt lat="46.20669" lon="6.85802"><ele>1707</ele><time>2000-01-01T06:12:18.000Z</time></trkpt><trkpt lat="46.20654" lon="6.85837"><ele>1702</ele><time>2000-01-01T06:12:28.000Z</time></trkpt><trkpt lat="46.20643" lon="6.85842"><ele>1700</ele><time>2000-01-01T06:12:38.000Z</time></trkpt><trkpt lat="46.20625" lon="6.85841"><ele>1701</ele><time>2000-01-01T06:12:48.000Z</time></trkpt><trkpt lat="46.20605" lon="6.85841"><ele>1701</ele><time>2000-01-01T06:12:58.000Z</time></trkpt><trkpt lat="46.20591" lon="6.85839"><ele>1705</ele><time>2000-01-01T06:13:08.000Z</time></trkpt><trkpt lat="46.20561" lon="6.85826"><ele>1703</ele><time>2000-01-01T06:13:18.000Z</time></trkpt><trkpt lat="46.20541" lon="6.85828"><ele>1703</ele><time>2000-01-01T06:13:28.000Z</time></trkpt><trkpt lat="46.20524" lon="6.85834"><ele>1699</ele><time>2000-01-01T06:13:38.000Z</time></trkpt><trkpt lat="46.20507" lon="6.85827"><ele>1703</ele><time>2000-01-01T06:13:48.000Z</time></trkpt><trkpt lat="46.20503" lon="6.8583"><ele>1703</ele><time>2000-01-01T06:13:58.000Z</time></trkpt><trkpt lat="46.20494" lon="6.85806"><ele>1708</ele><time>2000-01-01T06:14:08.000Z</time></trkpt><trkpt lat="46.20485" lon="6.85791"><ele>1706</ele><time>2000-01-01T06:14:18.000Z</time></trkpt><trkpt lat="46.20461" lon="6.85769"><ele>1715</ele><time>2000-01-01T06:14:28.000Z</time></trkpt><trkpt lat="46.20438" lon="6.8574"><ele>1718</ele><time>2000-01-01T06:14:38.000Z</time></trkpt><trkpt lat="46.20431" lon="6.85735"><ele>1724</ele><time>2000-01-01T06:14:48.000Z</time></trkpt><trkpt lat="46.20414" lon="6.85732"><ele>1722</ele><time>2000-01-01T06:14:58.000Z</time></trkpt><trkpt lat="46.20383" lon="6.85704"><ele>1733</ele><time>2000-01-01T06:15:08.000Z</time></trkpt><trkpt lat="46.20367" lon="6.85701"><ele>1731</ele><time>2000-01-01T06:15:18.000Z</time></trkpt><trkpt lat="46.20349" lon="6.85689"><ele>1731</ele><time>2000-01-01T06:15:28.000Z</time></trkpt><trkpt lat="46.20319" lon="6.85676"><ele>1732</ele><time>2000-01-01T06:15:38.000Z</time></trkpt><trkpt lat="46.20291" lon="6.85652"><ele>1734</ele><time>2000-01-01T06:15:48.000Z</time></trkpt><trkpt lat="46.2025" lon="6.85624"><ele>1736</ele><time>2000-01-01T06:15:58.000Z</time></trkpt><trkpt lat="46.20245" lon="6.8561"><ele>1741</ele><time>2000-01-01T06:16:08.000Z</time></trkpt><trkpt lat="46.20243" lon="6.85593"><ele>1746</ele><time>2000-01-01T06:16:18.000Z</time></trkpt><trkpt lat="46.20239" lon="6.85578"><ele>1747</ele><time>2000-01-01T06:16:28.000Z</time></trkpt><trkpt lat="46.20228" lon="6.85558"><ele>1751</ele><time>2000-01-01T06:16:38.000Z</time></trkpt><trkpt lat="46.20216" lon="6.85529"><ele>1756</ele><time>2000-01-01T06:16:48.000Z</time></trkpt><trkpt lat="46.20196" lon="6.85504"><ele>1758</ele><time>2000-01-01T06:16:58.000Z</time></trkpt><trkpt lat="46.20173" lon="6.85484"><ele>1759</ele><time>2000-01-01T06:17:08.000Z</time></trkpt><trkpt lat="46.20144" lon="6.85443"><ele>1761</ele><time>2000-01-01T06:17:18.000Z</time></trkpt><trkpt lat="46.20121" lon="6.85417"><ele>1763</ele><time>2000-01-01T06:17:28.000Z</time></trkpt><trkpt lat="46.20106" lon="6.85384"><ele>1767</ele><time>2000-01-01T06:17:38.000Z</time></trkpt><trkpt lat="46.20084" lon="6.85338"><ele>1773</ele><time>2000-01-01T06:17:48.000Z</time></trkpt><trkpt lat="46.20076" lon="6.85327"><ele>1773</ele><time>2000-01-01T06:17:58.000Z</time></trkpt><trkpt lat="46.20076" lon="6.85319"><ele>1773</ele><time>2000-01-01T06:18:08.000Z</time></trkpt><trkpt lat="46.20081" lon="6.85316"><ele>1773</ele><time>2000-01-01T06:18:18.000Z</time></trkpt><trkpt lat="46.20098" lon="6.85347"><ele>1773</ele><time>2000-01-01T06:18:28.000Z</time></trkpt><trkpt lat="46.20114" lon="6.85359"><ele>1775</ele><time>2000-01-01T06:18:38.000Z</time></trkpt><trkpt lat="46.20128" lon="6.85378"><ele>1777</ele><time>2000-01-01T06:18:48.000Z</time></trkpt><trkpt lat="46.20157" lon="6.85386"><ele>1784</ele><time>2000-01-01T06:18:58.000Z</time></trkpt><trkpt lat="46.20181" lon="6.85393"><ele>1788</ele><time>2000-01-01T06:19:08.000Z</time></trkpt><trkpt lat="46.2021" lon="6.85401"><ele>1788</ele><time>2000-01-01T06:19:18.000Z</time></trkpt><trkpt lat="46.2023" lon="6.85413"><ele>1788</ele><time>2000-01-01T06:19:28.000Z</time></trkpt><trkpt lat="46.20236" lon="6.8541"><ele>1793</ele><time>2000-01-01T06:19:38.000Z</time></trkpt><trkpt lat="46.20232" lon="6.85401"><ele>1793</ele><time>2000-01-01T06:19:48.000Z</time></trkpt><trkpt lat="46.20223" lon="6.85401"><ele>1793</ele><time>2000-01-01T06:19:58.000Z</time></trkpt><trkpt lat="46.20201" lon="6.85383"><ele>1795</ele><time>2000-01-01T06:20:08.000Z</time></trkpt><trkpt lat="46.20173" lon="6.85346"><ele>1802</ele><time>2000-01-01T06:20:18.000Z</time></trkpt><trkpt lat="46.20155" lon="6.85294"><ele>1804</ele><time>2000-01-01T06:20:28.000Z</time></trkpt><trkpt lat="46.2014" lon="6.85267"><ele>1804</ele><time>2000-01-01T06:20:38.000Z</time></trkpt><trkpt lat="46.20142" lon="6.85226"><ele>1815</ele><time>2000-01-01T06:20:48.000Z</time></trkpt><trkpt lat="46.20146" lon="6.8521"><ele>1818</ele><time>2000-01-01T06:20:58.000Z</time></trkpt><trkpt lat="46.20145" lon="6.85194"><ele>1818</ele><time>2000-01-01T06:21:08.000Z</time></trkpt><trkpt lat="46.20133" lon="6.85179"><ele>1821</ele><time>2000-01-01T06:21:18.000Z</time></trkpt><trkpt lat="46.20128" lon="6.85151"><ele>1825</ele><time>2000-01-01T06:21:28.000Z</time></trkpt><trkpt lat="46.20108" lon="6.85131"><ele>1825</ele><time>2000-01-01T06:21:38.000Z</time></trkpt><trkpt lat="46.20085" lon="6.8511"><ele>1829</ele><time>2000-01-01T06:21:48.000Z</time></trkpt><trkpt lat="46.2007" lon="6.8508"><ele>1829</ele><time>2000-01-01T06:21:58.000Z</time></trkpt><trkpt lat="46.2007" lon="6.85042"><ele>1834</ele><time>2000-01-01T06:22:08.000Z</time></trkpt><trkpt lat="46.2007" lon="6.84992"><ele>1841</ele><time>2000-01-01T06:22:18.000Z</time></trkpt><trkpt lat="46.20054" lon="6.84956"><ele>1844</ele><time>2000-01-01T06:22:28.000Z</time></trkpt><trkpt lat="46.2004" lon="6.84926"><ele>1846</ele><time>2000-01-01T06:22:38.000Z</time></trkpt><trkpt lat="46.20024" lon="6.84891"><ele>1849</ele><time>2000-01-01T06:22:48.000Z</time></trkpt><trkpt lat="46.20016" lon="6.84856"><ele>1855</ele><time>2000-01-01T06:22:58.000Z</time></trkpt><trkpt lat="46.20006" lon="6.84816"><ele>1859</ele><time>2000-01-01T06:23:08.000Z</time></trkpt><trkpt lat="46.19975" lon="6.84799"><ele>1861</ele><time>2000-01-01T06:23:18.000Z</time></trkpt><trkpt lat="46.19947" lon="6.8479"><ele>1864</ele><time>2000-01-01T06:23:28.000Z</time></trkpt><trkpt lat="46.19922" lon="6.8479"><ele>1864</ele><time>2000-01-01T06:23:38.000Z</time></trkpt><trkpt lat="46.19892" lon="6.84805"><ele>1864</ele><time>2000-01-01T06:23:48.000Z</time></trkpt><trkpt lat="46.19868" lon="6.84807"><ele>1865</ele><time>2000-01-01T06:23:58.000Z</time></trkpt><trkpt lat="46.19837" lon="6.84797"><ele>1867</ele><time>2000-01-01T06:24:08.000Z</time></trkpt><trkpt lat="46.19818" lon="6.84797"><ele>1867</ele><time>2000-01-01T06:24:18.000Z</time></trkpt><trkpt lat="46.19796" lon="6.84784"><ele>1868</ele><time>2000-01-01T06:24:28.000Z</time></trkpt><trkpt lat="46.19773" lon="6.84771"><ele>1871</ele><time>2000-01-01T06:24:38.000Z</time></trkpt><trkpt lat="46.1976" lon="6.8476"><ele>1873</ele><time>2000-01-01T06:24:48.000Z</time></trkpt><trkpt lat="46.19735" lon="6.84771"><ele>1872</ele><time>2000-01-01T06:24:58.000Z</time></trkpt><trkpt lat="46.19723" lon="6.84766"><ele>1872</ele><time>2000-01-01T06:25:08.000Z</time></trkpt><trkpt lat="46.19703" lon="6.84769"><ele>1872</ele><time>2000-01-01T06:25:18.000Z</time></trkpt><trkpt lat="46.1968" lon="6.8479"><ele>1872</ele><time>2000-01-01T06:25:28.000Z</time></trkpt><trkpt lat="46.1965" lon="6.84784"><ele>1872</ele><time>2000-01-01T06:25:38.000Z</time></trkpt><trkpt lat="46.19627" lon="6.84776"><ele>1876</ele><time>2000-01-01T06:25:48.000Z</time></trkpt><trkpt lat="46.19604" lon="6.84768"><ele>1876</ele><time>2000-01-01T06:25:58.000Z</time></trkpt><trkpt lat="46.19579" lon="6.84769"><ele>1875</ele><time>2000-01-01T06:26:08.000Z</time></trkpt><trkpt lat="46.19543" lon="6.84794"><ele>1875</ele><time>2000-01-01T06:26:18.000Z</time></trkpt><trkpt lat="46.19519" lon="6.848"><ele>1874</ele><time>2000-01-01T06:26:28.000Z</time></trkpt><trkpt lat="46.19494" lon="6.84807"><ele>1873</ele><time>2000-01-01T06:26:38.000Z</time></trkpt><trkpt lat="46.19467" lon="6.8481"><ele>1873</ele><time>2000-01-01T06:26:48.000Z</time></trkpt><trkpt lat="46.19432" lon="6.84814"><ele>1872</ele><time>2000-01-01T06:26:58.000Z</time></trkpt><trkpt lat="46.19415" lon="6.84819"><ele>1869</ele><time>2000-01-01T06:27:08.000Z</time></trkpt><trkpt lat="46.19401" lon="6.8479"><ele>1872</ele><time>2000-01-01T06:27:18.000Z</time></trkpt><trkpt lat="46.19392" lon="6.84771"><ele>1870</ele><time>2000-01-01T06:27:28.000Z</time></trkpt><trkpt lat="46.19388" lon="6.84747"><ele>1874</ele><time>2000-01-01T06:27:38.000Z</time></trkpt><trkpt lat="46.19383" lon="6.8472"><ele>1873</ele><time>2000-01-01T06:27:48.000Z</time></trkpt><trkpt lat="46.19377" lon="6.84692"><ele>1873</ele><time>2000-01-01T06:27:58.000Z</time></trkpt><trkpt lat="46.1937" lon="6.84651"><ele>1880</ele><time>2000-01-01T06:28:08.000Z</time></trkpt><trkpt lat="46.19364" lon="6.84605"><ele>1880</ele><time>2000-01-01T06:28:18.000Z</time></trkpt><trkpt lat="46.19358" lon="6.84574"><ele>1880</ele><time>2000-01-01T06:28:28.000Z</time></trkpt><trkpt lat="46.19358" lon="6.84554"><ele>1880</ele><time>2000-01-01T06:28:38.000Z</time></trkpt><trkpt lat="46.19362" lon="6.84532"><ele>1888</ele><time>2000-01-01T06:28:48.000Z</time></trkpt><trkpt lat="46.19365" lon="6.84508"><ele>1889</ele><time>2000-01-01T06:28:58.000Z</time></trkpt><trkpt lat="46.19366" lon="6.84486"><ele>1888</ele><time>2000-01-01T06:29:08.000Z</time></trkpt><trkpt lat="46.19373" lon="6.84463"><ele>1889</ele><time>2000-01-01T06:29:18.000Z</time></trkpt><trkpt lat="46.19378" lon="6.84435"><ele>1888</ele><time>2000-01-01T06:29:28.000Z</time></trkpt><trkpt lat="46.1938" lon="6.84411"><ele>1889</ele><time>2000-01-01T06:29:38.000Z</time></trkpt><trkpt lat="46.19377" lon="6.84388"><ele>1891</ele><time>2000-01-01T06:29:48.000Z</time></trkpt><trkpt lat="46.19366" lon="6.84369"><ele>1896</ele><time>2000-01-01T06:29:58.000Z</time></trkpt><trkpt lat="46.19373" lon="6.84342"><ele>1898</ele><time>2000-01-01T06:30:08.000Z</time></trkpt><trkpt lat="46.19364" lon="6.84326"><ele>1900</ele><time>2000-01-01T06:30:18.000Z</time></trkpt><trkpt lat="46.19353" lon="6.84298"><ele>1898</ele><time>2000-01-01T06:30:28.000Z</time></trkpt><trkpt lat="46.19343" lon="6.84279"><ele>1901</ele><time>2000-01-01T06:30:38.000Z</time></trkpt><trkpt lat="46.19334" lon="6.84253"><ele>1897</ele><time>2000-01-01T06:30:48.000Z</time></trkpt><trkpt lat="46.19327" lon="6.84216"><ele>1897</ele><time>2000-01-01T06:30:58.000Z</time></trkpt><trkpt lat="46.19322" lon="6.84172"><ele>1897</ele><time>2000-01-01T06:31:08.000Z</time></trkpt><trkpt lat="46.19319" lon="6.84131"><ele>1901</ele><time>2000-01-01T06:31:18.000Z</time></trkpt><trkpt lat="46.19312" lon="6.84099"><ele>1901</ele><time>2000-01-01T06:31:28.000Z</time></trkpt><trkpt lat="46.19314" lon="6.8405"><ele>1898</ele><time>2000-01-01T06:31:38.000Z</time></trkpt><trkpt lat="46.19304" lon="6.84019"><ele>1900</ele><time>2000-01-01T06:31:48.000Z</time></trkpt><trkpt lat="46.19304" lon="6.83992"><ele>1896</ele><time>2000-01-01T06:31:58.000Z</time></trkpt><trkpt lat="46.19312" lon="6.83978"><ele>1902</ele><time>2000-01-01T06:32:08.000Z</time></trkpt><trkpt lat="46.19333" lon="6.83927"><ele>1908</ele><time>2000-01-01T06:32:18.000Z</time></trkpt><trkpt lat="46.19347" lon="6.83885"><ele>1907</ele><time>2000-01-01T06:32:28.000Z</time></trkpt><trkpt lat="46.1934" lon="6.83822"><ele>1907</ele><time>2000-01-01T06:32:38.000Z</time></trkpt><trkpt lat="46.19355" lon="6.83767"><ele>1907</ele><time>2000-01-01T06:32:48.000Z</time></trkpt><trkpt lat="46.19365" lon="6.83728"><ele>1909</ele><time>2000-01-01T06:32:58.000Z</time></trkpt><trkpt lat="46.19381" lon="6.83692"><ele>1908</ele><time>2000-01-01T06:33:08.000Z</time></trkpt><trkpt lat="46.19384" lon="6.83659"><ele>1907</ele><time>2000-01-01T06:33:18.000Z</time></trkpt><trkpt lat="46.19364" lon="6.83682"><ele>1906</ele><time>2000-01-01T06:33:28.000Z</time></trkpt><trkpt lat="46.1934" lon="6.83709"><ele>1897</ele><time>2000-01-01T06:33:38.000Z</time></trkpt><trkpt lat="46.19317" lon="6.83723"><ele>1894</ele><time>2000-01-01T06:33:48.000Z</time></trkpt><trkpt lat="46.19292" lon="6.83737"><ele>1890</ele><time>2000-01-01T06:33:58.000Z</time></trkpt><trkpt lat="46.19286" lon="6.83791"><ele>1887</ele><time>2000-01-01T06:34:08.000Z</time></trkpt><trkpt lat="46.19259" lon="6.83832"><ele>1876</ele><time>2000-01-01T06:34:18.000Z</time></trkpt><trkpt lat="46.19243" lon="6.83821"><ele>1876</ele><time>2000-01-01T06:34:28.000Z</time></trkpt><trkpt lat="46.19224" lon="6.83792"><ele>1869</ele><time>2000-01-01T06:34:38.000Z</time></trkpt><trkpt lat="46.19231" lon="6.83745"><ele>1868</ele><time>2000-01-01T06:34:48.000Z</time></trkpt><trkpt lat="46.1923" lon="6.83712"><ele>1865</ele><time>2000-01-01T06:34:58.000Z</time></trkpt><trkpt lat="46.19229" lon="6.83678"><ele>1864</ele><time>2000-01-01T06:35:08.000Z</time></trkpt><trkpt lat="46.19224" lon="6.83628"><ele>1859</ele><time>2000-01-01T06:35:18.000Z</time></trkpt><trkpt lat="46.19232" lon="6.83579"><ele>1854</ele><time>2000-01-01T06:35:28.000Z</time></trkpt><trkpt lat="46.1924" lon="6.83565"><ele>1854</ele><time>2000-01-01T06:35:38.000Z</time></trkpt><trkpt lat="46.19224" lon="6.83554"><ele>1853</ele><time>2000-01-01T06:35:48.000Z</time></trkpt><trkpt lat="46.19184" lon="6.83568"><ele>1844</ele><time>2000-01-01T06:35:58.000Z</time></trkpt><trkpt lat="46.19155" lon="6.83562"><ele>1838</ele><time>2000-01-01T06:36:08.000Z</time></trkpt><trkpt lat="46.19117" lon="6.83557"><ele>1834</ele><time>2000-01-01T06:36:18.000Z</time></trkpt><trkpt lat="46.19104" lon="6.83585"><ele>1833</ele><time>2000-01-01T06:36:28.000Z</time></trkpt><trkpt lat="46.19084" lon="6.83626"><ele>1823</ele><time>2000-01-01T06:36:38.000Z</time></trkpt><trkpt lat="46.19063" lon="6.83655"><ele>1816</ele><time>2000-01-01T06:36:48.000Z</time></trkpt><trkpt lat="46.19042" lon="6.83645"><ele>1815</ele><time>2000-01-01T06:36:58.000Z</time></trkpt><trkpt lat="46.19035" lon="6.83639"><ele>1815</ele><time>2000-01-01T06:37:08.000Z</time></trkpt><trkpt lat="46.19027" lon="6.83622"><ele>1814</ele><time>2000-01-01T06:37:18.000Z</time></trkpt><trkpt lat="46.18998" lon="6.83605"><ele>1809</ele><time>2000-01-01T06:37:28.000Z</time></trkpt><trkpt lat="46.18986" lon="6.83591"><ele>1809</ele><time>2000-01-01T06:37:38.000Z</time></trkpt><trkpt lat="46.18979" lon="6.83571"><ele>1809</ele><time>2000-01-01T06:37:48.000Z</time></trkpt><trkpt lat="46.1897" lon="6.83535"><ele>1811</ele><time>2000-01-01T06:37:58.000Z</time></trkpt><trkpt lat="46.1896" lon="6.83491"><ele>1811</ele><time>2000-01-01T06:38:08.000Z</time></trkpt><trkpt lat="46.1895" lon="6.83473"><ele>1810</ele><time>2000-01-01T06:38:18.000Z</time></trkpt><trkpt lat="46.18926" lon="6.83448"><ele>1810</ele><time>2000-01-01T06:38:28.000Z</time></trkpt><trkpt lat="46.18902" lon="6.83421"><ele>1810</ele><time>2000-01-01T06:38:38.000Z</time></trkpt><trkpt lat="46.18882" lon="6.83402"><ele>1805</ele><time>2000-01-01T06:38:48.000Z</time></trkpt><trkpt lat="46.1886" lon="6.83382"><ele>1804</ele><time>2000-01-01T06:38:58.000Z</time></trkpt><trkpt lat="46.18844" lon="6.83324"><ele>1808</ele><time>2000-01-01T06:39:08.000Z</time></trkpt><trkpt lat="46.18832" lon="6.83289"><ele>1813</ele><time>2000-01-01T06:39:18.000Z</time></trkpt><trkpt lat="46.18815" lon="6.83242"><ele>1813</ele><time>2000-01-01T06:39:28.000Z</time></trkpt><trkpt lat="46.18802" lon="6.83227"><ele>1810</ele><time>2000-01-01T06:39:38.000Z</time></trkpt><trkpt lat="46.18788" lon="6.8322"><ele>1808</ele><time>2000-01-01T06:39:48.000Z</time></trkpt><trkpt lat="46.18778" lon="6.8321"><ele>1802</ele><time>2000-01-01T06:39:58.000Z</time></trkpt><trkpt lat="46.18772" lon="6.83186"><ele>1805</ele><time>2000-01-01T06:40:08.000Z</time></trkpt><trkpt lat="46.18756" lon="6.83155"><ele>1805</ele><time>2000-01-01T06:40:18.000Z</time></trkpt><trkpt lat="46.18735" lon="6.83115"><ele>1807</ele><time>2000-01-01T06:40:28.000Z</time></trkpt><trkpt lat="46.18734" lon="6.83075"><ele>1810</ele><time>2000-01-01T06:40:38.000Z</time></trkpt><trkpt lat="46.18732" lon="6.83016"><ele>1813</ele><time>2000-01-01T06:40:48.000Z</time></trkpt><trkpt lat="46.18716" lon="6.82977"><ele>1816</ele><time>2000-01-01T06:40:58.000Z</time></trkpt><trkpt lat="46.18712" lon="6.8295"><ele>1818</ele><time>2000-01-01T06:41:08.000Z</time></trkpt><trkpt lat="46.18711" lon="6.82934"><ele>1819</ele><time>2000-01-01T06:41:18.000Z</time></trkpt><trkpt lat="46.18714" lon="6.82903"><ele>1822</ele><time>2000-01-01T06:41:28.000Z</time></trkpt><trkpt lat="46.18717" lon="6.82863"><ele>1823</ele><time>2000-01-01T06:41:38.000Z</time></trkpt><trkpt lat="46.18713" lon="6.82824"><ele>1819</ele><time>2000-01-01T06:41:48.000Z</time></trkpt><trkpt lat="46.18708" lon="6.82772"><ele>1820</ele><time>2000-01-01T06:41:58.000Z</time></trkpt><trkpt lat="46.18711" lon="6.82747"><ele>1829</ele><time>2000-01-01T06:42:08.000Z</time></trkpt><trkpt lat="46.1871" lon="6.82723"><ele>1821</ele><time>2000-01-01T06:42:18.000Z</time></trkpt><trkpt lat="46.1871" lon="6.82697"><ele>1826</ele><time>2000-01-01T06:42:28.000Z</time></trkpt><trkpt lat="46.18712" lon="6.82667"><ele>1838</ele><time>2000-01-01T06:42:38.000Z</time></trkpt><trkpt lat="46.18705" lon="6.82647"><ele>1832</ele><time>2000-01-01T06:42:48.000Z</time></trkpt><trkpt lat="46.187" lon="6.82615"><ele>1835</ele><time>2000-01-01T06:42:58.000Z</time></trkpt><trkpt lat="46.18683" lon="6.82601"><ele>1834</ele><time>2000-01-01T06:43:08.000Z</time></trkpt><trkpt lat="46.18656" lon="6.82571"><ele>1834</ele><time>2000-01-01T06:43:18.000Z</time></trkpt><trkpt lat="46.18633" lon="6.82556"><ele>1837</ele><time>2000-01-01T06:43:28.000Z</time></trkpt><trkpt lat="46.18605" lon="6.82539"><ele>1837</ele><time>2000-01-01T06:43:38.000Z</time></trkpt><trkpt lat="46.1858" lon="6.82529"><ele>1837</ele><time>2000-01-01T06:43:48.000Z</time></trkpt><trkpt lat="46.18551" lon="6.82517"><ele>1837</ele><time>2000-01-01T06:43:58.000Z</time></trkpt><trkpt lat="46.18521" lon="6.82504"><ele>1838</ele><time>2000-01-01T06:44:08.000Z</time></trkpt><trkpt lat="46.18504" lon="6.82493"><ele>1842</ele><time>2000-01-01T06:44:18.000Z</time></trkpt><trkpt lat="46.18489" lon="6.82481"><ele>1838</ele><time>2000-01-01T06:44:28.000Z</time></trkpt><trkpt lat="46.18471" lon="6.82466"><ele>1843</ele><time>2000-01-01T06:44:38.000Z</time></trkpt><trkpt lat="46.18453" lon="6.8243"><ele>1846</ele><time>2000-01-01T06:44:48.000Z</time></trkpt><trkpt lat="46.18446" lon="6.82422"><ele>1850</ele><time>2000-01-01T06:44:58.000Z</time></trkpt><trkpt lat="46.18434" lon="6.82424"><ele>1843</ele><time>2000-01-01T06:45:08.000Z</time></trkpt><trkpt lat="46.18429" lon="6.8243"><ele>1847</ele><time>2000-01-01T06:45:18.000Z</time></trkpt><trkpt lat="46.18422" lon="6.82453"><ele>1841</ele><time>2000-01-01T06:45:28.000Z</time></trkpt><trkpt lat="46.18416" lon="6.82464"><ele>1836</ele><time>2000-01-01T06:45:38.000Z</time></trkpt><trkpt lat="46.1841" lon="6.82467"><ele>1836</ele><time>2000-01-01T06:45:48.000Z</time></trkpt><trkpt lat="46.1838" lon="6.82468"><ele>1841</ele><time>2000-01-01T06:45:58.000Z</time></trkpt><trkpt lat="46.18371" lon="6.82461"><ele>1836</ele><time>2000-01-01T06:46:08.000Z</time></trkpt><trkpt lat="46.1835" lon="6.82436"><ele>1841</ele><time>2000-01-01T06:46:18.000Z</time></trkpt><trkpt lat="46.18332" lon="6.8242"><ele>1844</ele><time>2000-01-01T06:46:28.000Z</time></trkpt><trkpt lat="46.18307" lon="6.82402"><ele>1845</ele><time>2000-01-01T06:46:38.000Z</time></trkpt><trkpt lat="46.1827" lon="6.82377"><ele>1846</ele><time>2000-01-01T06:46:48.000Z</time></trkpt><trkpt lat="46.1826" lon="6.82374"><ele>1848</ele><time>2000-01-01T06:46:58.000Z</time></trkpt><trkpt lat="46.1825" lon="6.82375"><ele>1848</ele><time>2000-01-01T06:47:08.000Z</time></trkpt><trkpt lat="46.1824" lon="6.82366"><ele>1848</ele><time>2000-01-01T06:47:18.000Z</time></trkpt><trkpt lat="46.18226" lon="6.82336"><ele>1853</ele><time>2000-01-01T06:47:28.000Z</time></trkpt><trkpt lat="46.18217" lon="6.82325"><ele>1853</ele><time>2000-01-01T06:47:38.000Z</time></trkpt><trkpt lat="46.18205" lon="6.8232"><ele>1851</ele><time>2000-01-01T06:47:48.000Z</time></trkpt><trkpt lat="46.182" lon="6.82322"><ele>1852</ele><time>2000-01-01T06:47:58.000Z</time></trkpt><trkpt lat="46.18194" lon="6.8233"><ele>1852</ele><time>2000-01-01T06:48:08.000Z</time></trkpt><trkpt lat="46.18183" lon="6.82354"><ele>1849</ele><time>2000-01-01T06:48:18.000Z</time></trkpt><trkpt lat="46.1816" lon="6.82381"><ele>1842</ele><time>2000-01-01T06:48:28.000Z</time></trkpt><trkpt lat="46.18148" lon="6.82413"><ele>1836</ele><time>2000-01-01T06:48:38.000Z</time></trkpt><trkpt lat="46.18139" lon="6.82426"><ele>1836</ele><time>2000-01-01T06:48:48.000Z</time></trkpt><trkpt lat="46.18118" lon="6.82431"><ele>1835</ele><time>2000-01-01T06:48:58.000Z</time></trkpt><trkpt lat="46.1809" lon="6.82438"><ele>1835</ele><time>2000-01-01T06:49:08.000Z</time></trkpt><trkpt lat="46.18067" lon="6.8245"><ele>1835</ele><time>2000-01-01T06:49:18.000Z</time></trkpt><trkpt lat="46.18041" lon="6.82452"><ele>1835</ele><time>2000-01-01T06:49:28.000Z</time></trkpt><trkpt lat="46.18026" lon="6.8246"><ele>1836</ele><time>2000-01-01T06:49:38.000Z</time></trkpt><trkpt lat="46.18005" lon="6.82474"><ele>1834</ele><time>2000-01-01T06:49:48.000Z</time></trkpt><trkpt lat="46.17972" lon="6.82497"><ele>1834</ele><time>2000-01-01T06:49:58.000Z</time></trkpt><trkpt lat="46.17959" lon="6.82529"><ele>1832</ele><time>2000-01-01T06:50:08.000Z</time></trkpt><trkpt lat="46.1795" lon="6.82542"><ele>1832</ele><time>2000-01-01T06:50:18.000Z</time></trkpt><trkpt lat="46.17932" lon="6.82561"><ele>1830</ele><time>2000-01-01T06:50:28.000Z</time></trkpt><trkpt lat="46.17926" lon="6.82563"><ele>1830</ele><time>2000-01-01T06:50:38.000Z</time></trkpt><trkpt lat="46.17922" lon="6.82561"><ele>1830</ele><time>2000-01-01T06:50:48.000Z</time></trkpt><trkpt lat="46.17899" lon="6.82524"><ele>1829</ele><time>2000-01-01T06:50:58.000Z</time></trkpt><trkpt lat="46.17893" lon="6.8251"><ele>1826</ele><time>2000-01-01T06:51:08.000Z</time></trkpt><trkpt lat="46.17893" lon="6.82466"><ele>1829</ele><time>2000-01-01T06:51:18.000Z</time></trkpt><trkpt lat="46.17884" lon="6.82426"><ele>1834</ele><time>2000-01-01T06:51:28.000Z</time></trkpt><trkpt lat="46.17878" lon="6.82373"><ele>1834</ele><time>2000-01-01T06:51:38.000Z</time></trkpt><trkpt lat="46.17881" lon="6.82339"><ele>1838</ele><time>2000-01-01T06:51:48.000Z</time></trkpt><trkpt lat="46.17878" lon="6.82308"><ele>1838</ele><time>2000-01-01T06:51:58.000Z</time></trkpt><trkpt lat="46.1787" lon="6.82275"><ele>1839</ele><time>2000-01-01T06:52:08.000Z</time></trkpt><trkpt lat="46.17861" lon="6.8224"><ele>1847</ele><time>2000-01-01T06:52:18.000Z</time></trkpt><trkpt lat="46.17852" lon="6.8219"><ele>1847</ele><time>2000-01-01T06:52:28.000Z</time></trkpt><trkpt lat="46.17839" lon="6.82155"><ele>1847</ele><time>2000-01-01T06:52:38.000Z</time></trkpt><trkpt lat="46.17821" lon="6.82107"><ele>1847</ele><time>2000-01-01T06:52:48.000Z</time></trkpt><trkpt lat="46.17796" lon="6.82059"><ele>1845</ele><time>2000-01-01T06:52:58.000Z</time></trkpt><trkpt lat="46.17798" lon="6.82023"><ele>1845</ele><time>2000-01-01T06:53:08.000Z</time></trkpt><trkpt lat="46.17797" lon="6.82004"><ele>1844</ele><time>2000-01-01T06:53:18.000Z</time></trkpt><trkpt lat="46.17793" lon="6.81982"><ele>1845</ele><time>2000-01-01T06:53:28.000Z</time></trkpt><trkpt lat="46.1778" lon="6.81937"><ele>1846</ele><time>2000-01-01T06:53:38.000Z</time></trkpt><trkpt lat="46.17783" lon="6.81905"><ele>1848</ele><time>2000-01-01T06:53:48.000Z</time></trkpt><trkpt lat="46.17786" lon="6.81883"><ele>1850</ele><time>2000-01-01T06:53:58.000Z</time></trkpt><trkpt lat="46.17785" lon="6.81869"><ele>1846</ele><time>2000-01-01T06:54:08.000Z</time></trkpt><trkpt lat="46.17778" lon="6.81845"><ele>1842</ele><time>2000-01-01T06:54:18.000Z</time></trkpt><trkpt lat="46.17777" lon="6.81834"><ele>1850</ele><time>2000-01-01T06:54:28.000Z</time></trkpt><trkpt lat="46.17787" lon="6.81794"><ele>1851</ele><time>2000-01-01T06:54:38.000Z</time></trkpt><trkpt lat="46.17785" lon="6.81774"><ele>1860</ele><time>2000-01-01T06:54:48.000Z</time></trkpt><trkpt lat="46.17775" lon="6.81752"><ele>1853</ele><time>2000-01-01T06:54:58.000Z</time></trkpt><trkpt lat="46.17765" lon="6.81729"><ele>1848</ele><time>2000-01-01T06:55:08.000Z</time></trkpt><trkpt lat="46.1774" lon="6.81693"><ele>1844</ele><time>2000-01-01T06:55:18.000Z</time></trkpt><trkpt lat="46.17734" lon="6.81677"><ele>1846</ele><time>2000-01-01T06:55:28.000Z</time></trkpt><trkpt lat="46.17727" lon="6.81646"><ele>1844</ele><time>2000-01-01T06:55:38.000Z</time></trkpt><trkpt lat="46.17727" lon="6.81632"><ele>1841</ele><time>2000-01-01T06:55:48.000Z</time></trkpt><trkpt lat="46.17737" lon="6.81583"><ele>1844</ele><time>2000-01-01T06:55:58.000Z</time></trkpt><trkpt lat="46.17738" lon="6.81559"><ele>1845</ele><time>2000-01-01T06:56:08.000Z</time></trkpt><trkpt lat="46.17747" lon="6.81524"><ele>1844</ele><time>2000-01-01T06:56:18.000Z</time></trkpt><trkpt lat="46.17752" lon="6.81467"><ele>1847</ele><time>2000-01-01T06:56:28.000Z</time></trkpt><trkpt lat="46.17749" lon="6.81452"><ele>1847</ele><time>2000-01-01T06:56:38.000Z</time></trkpt><trkpt lat="46.17735" lon="6.81416"><ele>1848</ele><time>2000-01-01T06:56:48.000Z</time></trkpt><trkpt lat="46.17728" lon="6.81406"><ele>1849</ele><time>2000-01-01T06:56:58.000Z</time></trkpt><trkpt lat="46.17707" lon="6.81395"><ele>1846</ele><time>2000-01-01T06:57:08.000Z</time></trkpt><trkpt lat="46.17681" lon="6.81381"><ele>1847</ele><time>2000-01-01T06:57:18.000Z</time></trkpt><trkpt lat="46.17645" lon="6.81356"><ele>1848</ele><time>2000-01-01T06:57:28.000Z</time></trkpt><trkpt lat="46.17635" lon="6.81348"><ele>1850</ele><time>2000-01-01T06:57:38.000Z</time></trkpt><trkpt lat="46.17619" lon="6.81327"><ele>1853</ele><time>2000-01-01T06:57:48.000Z</time></trkpt><trkpt lat="46.17608" lon="6.8132"><ele>1851</ele><time>2000-01-01T06:57:58.000Z</time></trkpt><trkpt lat="46.17586" lon="6.81309"><ele>1852</ele><time>2000-01-01T06:58:08.000Z</time></trkpt><trkpt lat="46.17553" lon="6.81293"><ele>1852</ele><time>2000-01-01T06:58:18.000Z</time></trkpt><trkpt lat="46.17532" lon="6.81291"><ele>1851</ele><time>2000-01-01T06:58:28.000Z</time></trkpt><trkpt lat="46.17504" lon="6.81303"><ele>1850</ele><time>2000-01-01T06:58:38.000Z</time></trkpt><trkpt lat="46.17491" lon="6.81314"><ele>1847</ele><time>2000-01-01T06:58:48.000Z</time></trkpt><trkpt lat="46.17476" lon="6.81337"><ele>1845</ele><time>2000-01-01T06:58:58.000Z</time></trkpt><trkpt lat="46.17452" lon="6.81374"><ele>1841</ele><time>2000-01-01T06:59:08.000Z</time></trkpt><trkpt lat="46.17436" lon="6.81393"><ele>1840</ele><time>2000-01-01T06:59:18.000Z</time></trkpt><trkpt lat="46.17421" lon="6.81422"><ele>1837</ele><time>2000-01-01T06:59:28.000Z</time></trkpt><trkpt lat="46.17403" lon="6.81456"><ele>1833</ele><time>2000-01-01T06:59:38.000Z</time></trkpt><trkpt lat="46.17387" lon="6.81477"><ele>1832</ele><time>2000-01-01T06:59:48.000Z</time></trkpt><trkpt lat="46.17354" lon="6.81499"><ele>1831</ele><time>2000-01-01T06:59:58.000Z</time></trkpt><trkpt lat="46.17327" lon="6.81531"><ele>1827</ele><time>2000-01-01T07:00:08.000Z</time></trkpt><trkpt lat="46.17319" lon="6.81553"><ele>1826</ele><time>2000-01-01T07:00:18.000Z</time></trkpt><trkpt lat="46.17315" lon="6.81573"><ele>1824</ele><time>2000-01-01T07:00:28.000Z</time></trkpt><trkpt lat="46.17302" lon="6.8159"><ele>1824</ele><time>2000-01-01T07:00:38.000Z</time></trkpt><trkpt lat="46.17291" lon="6.81591"><ele>1825</ele><time>2000-01-01T07:00:48.000Z</time></trkpt><trkpt lat="46.17274" lon="6.81584"><ele>1825</ele><time>2000-01-01T07:00:58.000Z</time></trkpt><trkpt lat="46.17257" lon="6.81586"><ele>1826</ele><time>2000-01-01T07:01:08.000Z</time></trkpt><trkpt lat="46.17236" lon="6.81589"><ele>1827</ele><time>2000-01-01T07:01:18.000Z</time></trkpt><trkpt lat="46.17193" lon="6.81585"><ele>1829</ele><time>2000-01-01T07:01:28.000Z</time></trkpt><trkpt lat="46.17174" lon="6.81578"><ele>1829</ele><time>2000-01-01T07:01:38.000Z</time></trkpt><trkpt lat="46.17167" lon="6.81579"><ele>1829</ele><time>2000-01-01T07:01:48.000Z</time></trkpt><trkpt lat="46.17163" lon="6.81583"><ele>1829</ele><time>2000-01-01T07:01:58.000Z</time></trkpt><trkpt lat="46.1716" lon="6.81593"><ele>1828</ele><time>2000-01-01T07:02:08.000Z</time></trkpt><trkpt lat="46.17159" lon="6.81616"><ele>1826</ele><time>2000-01-01T07:02:18.000Z</time></trkpt><trkpt lat="46.17153" lon="6.8163"><ele>1824</ele><time>2000-01-01T07:02:28.000Z</time></trkpt><trkpt lat="46.17131" lon="6.81643"><ele>1824</ele><time>2000-01-01T07:02:38.000Z</time></trkpt><trkpt lat="46.17107" lon="6.81656"><ele>1824</ele><time>2000-01-01T07:02:48.000Z</time></trkpt><trkpt lat="46.17067" lon="6.8167"><ele>1822</ele><time>2000-01-01T07:02:58.000Z</time></trkpt><trkpt lat="46.17031" lon="6.81677"><ele>1821</ele><time>2000-01-01T07:03:08.000Z</time></trkpt><trkpt lat="46.17017" lon="6.8167"><ele>1821</ele><time>2000-01-01T07:03:18.000Z</time></trkpt><trkpt lat="46.17012" lon="6.81664"><ele>1821</ele><time>2000-01-01T07:03:28.000Z</time></trkpt><trkpt lat="46.16995" lon="6.81638"><ele>1818</ele><time>2000-01-01T07:03:38.000Z</time></trkpt><trkpt lat="46.16974" lon="6.81608"><ele>1818</ele><time>2000-01-01T07:03:48.000Z</time></trkpt><trkpt lat="46.16963" lon="6.81583"><ele>1818</ele><time>2000-01-01T07:03:58.000Z</time></trkpt><trkpt lat="46.16962" lon="6.81566"><ele>1820</ele><time>2000-01-01T07:04:08.000Z</time></trkpt><trkpt lat="46.16967" lon="6.81542"><ele>1819</ele><time>2000-01-01T07:04:18.000Z</time></trkpt><trkpt lat="46.16967" lon="6.81531"><ele>1822</ele><time>2000-01-01T07:04:28.000Z</time></trkpt><trkpt lat="46.16958" lon="6.81499"><ele>1819</ele><time>2000-01-01T07:04:38.000Z</time></trkpt><trkpt lat="46.16949" lon="6.81478"><ele>1824</ele><time>2000-01-01T07:04:48.000Z</time></trkpt><trkpt lat="46.16937" lon="6.81457"><ele>1819</ele><time>2000-01-01T07:04:58.000Z</time></trkpt><trkpt lat="46.16922" lon="6.8143"><ele>1818</ele><time>2000-01-01T07:05:08.000Z</time></trkpt><trkpt lat="46.16892" lon="6.81386"><ele>1818</ele><time>2000-01-01T07:05:18.000Z</time></trkpt><trkpt lat="46.16879" lon="6.81346"><ele>1818</ele><time>2000-01-01T07:05:28.000Z</time></trkpt><trkpt lat="46.16856" lon="6.81318"><ele>1814</ele><time>2000-01-01T07:05:38.000Z</time></trkpt><trkpt lat="46.16831" lon="6.81266"><ele>1813</ele><time>2000-01-01T07:05:48.000Z</time></trkpt><trkpt lat="46.16822" lon="6.81241"><ele>1812</ele><time>2000-01-01T07:05:58.000Z</time></trkpt><trkpt lat="46.16814" lon="6.81234"><ele>1809</ele><time>2000-01-01T07:06:08.000Z</time></trkpt><trkpt lat="46.16801" lon="6.81234"><ele>1809</ele><time>2000-01-01T07:06:18.000Z</time></trkpt><trkpt lat="46.16789" lon="6.81228"><ele>1803</ele><time>2000-01-01T07:06:28.000Z</time></trkpt><trkpt lat="46.16775" lon="6.81203"><ele>1806</ele><time>2000-01-01T07:06:38.000Z</time></trkpt><trkpt lat="46.16749" lon="6.81186"><ele>1799</ele><time>2000-01-01T07:06:48.000Z</time></trkpt><trkpt lat="46.16719" lon="6.81159"><ele>1797</ele><time>2000-01-01T07:06:58.000Z</time></trkpt><trkpt lat="46.16707" lon="6.81139"><ele>1797</ele><time>2000-01-01T07:07:08.000Z</time></trkpt><trkpt lat="46.16695" lon="6.81106"><ele>1796</ele><time>2000-01-01T07:07:18.000Z</time></trkpt><trkpt lat="46.16684" lon="6.81086"><ele>1798</ele><time>2000-01-01T07:07:28.000Z</time></trkpt><trkpt lat="46.16671" lon="6.81072"><ele>1792</ele><time>2000-01-01T07:07:38.000Z</time></trkpt><trkpt lat="46.16658" lon="6.81057"><ele>1789</ele><time>2000-01-01T07:07:48.000Z</time></trkpt><trkpt lat="46.16651" lon="6.81058"><ele>1789</ele><time>2000-01-01T07:07:58.000Z</time></trkpt><trkpt lat="46.16668" lon="6.81093"><ele>1789</ele><time>2000-01-01T07:08:08.000Z</time></trkpt><trkpt lat="46.16681" lon="6.8111"><ele>1796</ele><time>2000-01-01T07:08:18.000Z</time></trkpt><trkpt lat="46.16687" lon="6.81142"><ele>1789</ele><time>2000-01-01T07:08:28.000Z</time></trkpt><trkpt lat="46.16689" lon="6.81192"><ele>1781</ele><time>2000-01-01T07:08:38.000Z</time></trkpt><trkpt lat="46.1669" lon="6.81225"><ele>1778</ele><time>2000-01-01T07:08:48.000Z</time></trkpt><trkpt lat="46.1671" lon="6.81272"><ele>1774</ele><time>2000-01-01T07:08:58.000Z</time></trkpt><trkpt lat="46.16702" lon="6.81304"><ele>1771</ele><time>2000-01-01T07:09:08.000Z</time></trkpt><trkpt lat="46.16718" lon="6.81328"><ele>1769</ele><time>2000-01-01T07:09:18.000Z</time></trkpt><trkpt lat="46.1672" lon="6.81351"><ele>1766</ele><time>2000-01-01T07:09:28.000Z</time></trkpt><trkpt lat="46.16711" lon="6.81382"><ele>1765</ele><time>2000-01-01T07:09:38.000Z</time></trkpt><trkpt lat="46.16704" lon="6.81402"><ele>1764</ele><time>2000-01-01T07:09:48.000Z</time></trkpt><trkpt lat="46.1671" lon="6.81423"><ele>1765</ele><time>2000-01-01T07:09:58.000Z</time></trkpt><trkpt lat="46.16712" lon="6.81457"><ele>1763</ele><time>2000-01-01T07:10:08.000Z</time></trkpt><trkpt lat="46.16706" lon="6.81486"><ele>1761</ele><time>2000-01-01T07:10:18.000Z</time></trkpt><trkpt lat="46.16703" lon="6.81519"><ele>1760</ele><time>2000-01-01T07:10:28.000Z</time></trkpt><trkpt lat="46.16694" lon="6.81554"><ele>1754</ele><time>2000-01-01T07:10:38.000Z</time></trkpt><trkpt lat="46.16687" lon="6.81577"><ele>1753</ele><time>2000-01-01T07:10:48.000Z</time></trkpt><trkpt lat="46.16672" lon="6.81585"><ele>1750</ele><time>2000-01-01T07:10:58.000Z</time></trkpt><trkpt lat="46.16657" lon="6.81594"><ele>1745</ele><time>2000-01-01T07:11:08.000Z</time></trkpt><trkpt lat="46.16644" lon="6.81594"><ele>1742</ele><time>2000-01-01T07:11:18.000Z</time></trkpt><trkpt lat="46.16632" lon="6.81587"><ele>1743</ele><time>2000-01-01T07:11:28.000Z</time></trkpt><trkpt lat="46.16622" lon="6.81572"><ele>1741</ele><time>2000-01-01T07:11:38.000Z</time></trkpt><trkpt lat="46.16621" lon="6.81562"><ele>1741</ele><time>2000-01-01T07:11:48.000Z</time></trkpt><trkpt lat="46.16628" lon="6.81548"><ele>1741</ele><time>2000-01-01T07:11:58.000Z</time></trkpt><trkpt lat="46.16627" lon="6.81536"><ele>1741</ele><time>2000-01-01T07:12:08.000Z</time></trkpt><trkpt lat="46.16627" lon="6.81525"><ele>1742</ele><time>2000-01-01T07:12:18.000Z</time></trkpt><trkpt lat="46.16618" lon="6.81521"><ele>1740</ele><time>2000-01-01T07:12:28.000Z</time></trkpt><trkpt lat="46.16608" lon="6.81514"><ele>1740</ele><time>2000-01-01T07:12:38.000Z</time></trkpt><trkpt lat="46.16603" lon="6.81498"><ele>1740</ele><time>2000-01-01T07:12:48.000Z</time></trkpt><trkpt lat="46.16602" lon="6.81482"><ele>1740</ele><time>2000-01-01T07:12:58.000Z</time></trkpt><trkpt lat="46.1661" lon="6.81467"><ele>1741</ele><time>2000-01-01T07:13:08.000Z</time></trkpt><trkpt lat="46.16616" lon="6.81459"><ele>1744</ele><time>2000-01-01T07:13:18.000Z</time></trkpt><trkpt lat="46.16615" lon="6.8145"><ele>1744</ele><time>2000-01-01T07:13:28.000Z</time></trkpt><trkpt lat="46.16602" lon="6.81441"><ele>1741</ele><time>2000-01-01T07:13:38.000Z</time></trkpt><trkpt lat="46.16593" lon="6.81438"><ele>1737</ele><time>2000-01-01T07:13:48.000Z</time></trkpt><trkpt lat="46.16586" lon="6.81426"><ele>1737</ele><time>2000-01-01T07:13:58.000Z</time></trkpt><trkpt lat="46.16591" lon="6.81407"><ele>1737</ele><time>2000-01-01T07:14:08.000Z</time></trkpt><trkpt lat="46.16598" lon="6.81391"><ele>1736</ele><time>2000-01-01T07:14:18.000Z</time></trkpt><trkpt lat="46.16597" lon="6.81378"><ele>1735</ele><time>2000-01-01T07:14:28.000Z</time></trkpt><trkpt lat="46.16596" lon="6.81365"><ele>1735</ele><time>2000-01-01T07:14:38.000Z</time></trkpt><trkpt lat="46.16596" lon="6.81354"><ele>1738</ele><time>2000-01-01T07:14:48.000Z</time></trkpt><trkpt lat="46.16595" lon="6.81336"><ele>1734</ele><time>2000-01-01T07:14:58.000Z</time></trkpt><trkpt lat="46.16608" lon="6.81316"><ele>1737</ele><time>2000-01-01T07:15:08.000Z</time></trkpt><trkpt lat="46.16606" lon="6.81302"><ele>1741</ele><time>2000-01-01T07:15:18.000Z</time></trkpt><trkpt lat="46.16587" lon="6.81292"><ele>1736</ele><time>2000-01-01T07:15:28.000Z</time></trkpt><trkpt lat="46.16571" lon="6.81275"><ele>1736</ele><time>2000-01-01T07:15:38.000Z</time></trkpt><trkpt lat="46.16562" lon="6.81258"><ele>1737</ele><time>2000-01-01T07:15:48.000Z</time></trkpt><trkpt lat="46.16561" lon="6.81244"><ele>1734</ele><time>2000-01-01T07:15:58.000Z</time></trkpt><trkpt lat="46.16554" lon="6.81227"><ele>1737</ele><time>2000-01-01T07:16:08.000Z</time></trkpt><trkpt lat="46.16546" lon="6.81216"><ele>1733</ele><time>2000-01-01T07:16:18.000Z</time></trkpt><trkpt lat="46.16533" lon="6.81214"><ele>1733</ele><time>2000-01-01T07:16:28.000Z</time></trkpt><trkpt lat="46.16517" lon="6.81214"><ele>1729</ele><time>2000-01-01T07:16:38.000Z</time></trkpt><trkpt lat="46.16501" lon="6.81215"><ele>1724</ele><time>2000-01-01T07:16:48.000Z</time></trkpt><trkpt lat="46.16483" lon="6.81208"><ele>1723</ele><time>2000-01-01T07:16:58.000Z</time></trkpt><trkpt lat="46.16458" lon="6.81188"><ele>1718</ele><time>2000-01-01T07:17:08.000Z</time></trkpt><trkpt lat="46.16438" lon="6.81173"><ele>1714</ele><time>2000-01-01T07:17:18.000Z</time></trkpt><trkpt lat="46.16427" lon="6.81149"><ele>1713</ele><time>2000-01-01T07:17:28.000Z</time></trkpt><trkpt lat="46.16421" lon="6.81129"><ele>1712</ele><time>2000-01-01T07:17:38.000Z</time></trkpt><trkpt lat="46.1642" lon="6.81111"><ele>1716</ele><time>2000-01-01T07:17:48.000Z</time></trkpt><trkpt lat="46.16428" lon="6.81095"><ele>1711</ele><time>2000-01-01T07:17:58.000Z</time></trkpt><trkpt lat="46.16434" lon="6.81082"><ele>1719</ele><time>2000-01-01T07:18:08.000Z</time></trkpt><trkpt lat="46.16431" lon="6.8105"><ele>1716</ele><time>2000-01-01T07:18:18.000Z</time></trkpt><trkpt lat="46.16428" lon="6.81021"><ele>1713</ele><time>2000-01-01T07:18:28.000Z</time></trkpt><trkpt lat="46.16425" lon="6.81009"><ele>1713</ele><time>2000-01-01T07:18:38.000Z</time></trkpt><trkpt lat="46.16415" lon="6.80994"><ele>1713</ele><time>2000-01-01T07:18:48.000Z</time></trkpt><trkpt lat="46.16406" lon="6.80958"><ele>1707</ele><time>2000-01-01T07:18:58.000Z</time></trkpt><trkpt lat="46.16406" lon="6.80931"><ele>1706</ele><time>2000-01-01T07:19:08.000Z</time></trkpt><trkpt lat="46.16404" lon="6.8092"><ele>1705</ele><time>2000-01-01T07:19:18.000Z</time></trkpt><trkpt lat="46.16398" lon="6.80909"><ele>1705</ele><time>2000-01-01T07:19:28.000Z</time></trkpt><trkpt lat="46.16392" lon="6.80891"><ele>1704</ele><time>2000-01-01T07:19:38.000Z</time></trkpt><trkpt lat="46.16393" lon="6.80875"><ele>1703</ele><time>2000-01-01T07:19:48.000Z</time></trkpt><trkpt lat="46.16394" lon="6.80855"><ele>1701</ele><time>2000-01-01T07:19:58.000Z</time></trkpt><trkpt lat="46.16392" lon="6.8084"><ele>1700</ele><time>2000-01-01T07:20:08.000Z</time></trkpt><trkpt lat="46.16393" lon="6.80826"><ele>1701</ele><time>2000-01-01T07:20:18.000Z</time></trkpt><trkpt lat="46.16405" lon="6.80812"><ele>1699</ele><time>2000-01-01T07:20:28.000Z</time></trkpt><trkpt lat="46.16419" lon="6.80791"><ele>1698</ele><time>2000-01-01T07:20:38.000Z</time></trkpt><trkpt lat="46.16416" lon="6.80782"><ele>1702</ele><time>2000-01-01T07:20:48.000Z</time></trkpt><trkpt lat="46.16405" lon="6.80766"><ele>1695</ele><time>2000-01-01T07:20:58.000Z</time></trkpt><trkpt lat="46.16401" lon="6.80749"><ele>1693</ele><time>2000-01-01T07:21:08.000Z</time></trkpt><trkpt lat="46.16401" lon="6.80721"><ele>1697</ele><time>2000-01-01T07:21:18.000Z</time></trkpt><trkpt lat="46.16412" lon="6.80699"><ele>1694</ele><time>2000-01-01T07:21:28.000Z</time></trkpt><trkpt lat="46.16401" lon="6.80665"><ele>1691</ele><time>2000-01-01T07:21:38.000Z</time></trkpt><trkpt lat="46.164" lon="6.80627"><ele>1690</ele><time>2000-01-01T07:21:48.000Z</time></trkpt><trkpt lat="46.16403" lon="6.80584"><ele>1690</ele><time>2000-01-01T07:21:58.000Z</time></trkpt><trkpt lat="46.16394" lon="6.80564"><ele>1690</ele><time>2000-01-01T07:22:08.000Z</time></trkpt><trkpt lat="46.16387" lon="6.80543"><ele>1683</ele><time>2000-01-01T07:22:18.000Z</time></trkpt><trkpt lat="46.16379" lon="6.8052"><ele>1683</ele><time>2000-01-01T07:22:28.000Z</time></trkpt><trkpt lat="46.16366" lon="6.80489"><ele>1677</ele><time>2000-01-01T07:22:38.000Z</time></trkpt><trkpt lat="46.16359" lon="6.80445"><ele>1675</ele><time>2000-01-01T07:22:48.000Z</time></trkpt><trkpt lat="46.16338" lon="6.80416"><ele>1675</ele><time>2000-01-01T07:22:58.000Z</time></trkpt><trkpt lat="46.1633" lon="6.80391"><ele>1675</ele><time>2000-01-01T07:23:08.000Z</time></trkpt><trkpt lat="46.16326" lon="6.80398"><ele>1678</ele><time>2000-01-01T07:23:18.000Z</time></trkpt><trkpt lat="46.16326" lon="6.80406"><ele>1675</ele><time>2000-01-01T07:23:28.000Z</time></trkpt><trkpt lat="46.16343" lon="6.80446"><ele>1675</ele><time>2000-01-01T07:23:38.000Z</time></trkpt><trkpt lat="46.16344" lon="6.80451"><ele>1673</ele><time>2000-01-01T07:23:48.000Z</time></trkpt><trkpt lat="46.16334" lon="6.8047"><ele>1668</ele><time>2000-01-01T07:23:58.000Z</time></trkpt><trkpt lat="46.1633" lon="6.80496"><ele>1663</ele><time>2000-01-01T07:24:08.000Z</time></trkpt><trkpt lat="46.16337" lon="6.80516"><ele>1667</ele><time>2000-01-01T07:24:18.000Z</time></trkpt><trkpt lat="46.16344" lon="6.80538"><ele>1667</ele><time>2000-01-01T07:24:28.000Z</time></trkpt><trkpt lat="46.1635" lon="6.8058"><ele>1666</ele><time>2000-01-01T07:24:38.000Z</time></trkpt><trkpt lat="46.16345" lon="6.80589"><ele>1666</ele><time>2000-01-01T07:24:48.000Z</time></trkpt><trkpt lat="46.16331" lon="6.80601"><ele>1661</ele><time>2000-01-01T07:24:58.000Z</time></trkpt><trkpt lat="46.16316" lon="6.80629"><ele>1659</ele><time>2000-01-01T07:25:08.000Z</time></trkpt><trkpt lat="46.16308" lon="6.80652"><ele>1656</ele><time>2000-01-01T07:25:18.000Z</time></trkpt><trkpt lat="46.16298" lon="6.80667"><ele>1658</ele><time>2000-01-01T07:25:28.000Z</time></trkpt><trkpt lat="46.1629" lon="6.80671"><ele>1654</ele><time>2000-01-01T07:25:38.000Z</time></trkpt><trkpt lat="46.16263" lon="6.80672"><ele>1650</ele><time>2000-01-01T07:25:48.000Z</time></trkpt><trkpt lat="46.16239" lon="6.80673"><ele>1640</ele><time>2000-01-01T07:25:58.000Z</time></trkpt><trkpt lat="46.16213" lon="6.80674"><ele>1635</ele><time>2000-01-01T07:26:08.000Z</time></trkpt><trkpt lat="46.16203" lon="6.80684"><ele>1636</ele><time>2000-01-01T07:26:18.000Z</time></trkpt><trkpt lat="46.16198" lon="6.80699"><ele>1631</ele><time>2000-01-01T07:26:28.000Z</time></trkpt><trkpt lat="46.16191" lon="6.80707"><ele>1631</ele><time>2000-01-01T07:26:38.000Z</time></trkpt><trkpt lat="46.16186" lon="6.8072"><ele>1625</ele><time>2000-01-01T07:26:48.000Z</time></trkpt><trkpt lat="46.16172" lon="6.80724"><ele>1625</ele><time>2000-01-01T07:26:58.000Z</time></trkpt><trkpt lat="46.16163" lon="6.80734"><ele>1620</ele><time>2000-01-01T07:27:08.000Z</time></trkpt><trkpt lat="46.16158" lon="6.80767"><ele>1619</ele><time>2000-01-01T07:27:18.000Z</time></trkpt><trkpt lat="46.16148" lon="6.80782"><ele>1609</ele><time>2000-01-01T07:27:28.000Z</time></trkpt><trkpt lat="46.16144" lon="6.80798"><ele>1609</ele><time>2000-01-01T07:27:38.000Z</time></trkpt><trkpt lat="46.16143" lon="6.80818"><ele>1607</ele><time>2000-01-01T07:27:48.000Z</time></trkpt><trkpt lat="46.16146" lon="6.80844"><ele>1606</ele><time>2000-01-01T07:27:58.000Z</time></trkpt><trkpt lat="46.16145" lon="6.8087"><ele>1605</ele><time>2000-01-01T07:28:08.000Z</time></trkpt><trkpt lat="46.16149" lon="6.80902"><ele>1599</ele><time>2000-01-01T07:28:18.000Z</time></trkpt><trkpt lat="46.16143" lon="6.80936"><ele>1594</ele><time>2000-01-01T07:28:28.000Z</time></trkpt><trkpt lat="46.16136" lon="6.80971"><ele>1592</ele><time>2000-01-01T07:28:38.000Z</time></trkpt><trkpt lat="46.16134" lon="6.80984"><ele>1592</ele><time>2000-01-01T07:28:48.000Z</time></trkpt><trkpt lat="46.16136" lon="6.81021"><ele>1586</ele><time>2000-01-01T07:28:58.000Z</time></trkpt><trkpt lat="46.16134" lon="6.81027"><ele>1586</ele><time>2000-01-01T07:29:08.000Z</time></trkpt><trkpt lat="46.1613" lon="6.81026"><ele>1575</ele><time>2000-01-01T07:29:18.000Z</time></trkpt><trkpt lat="46.1612" lon="6.80995"><ele>1581</ele><time>2000-01-01T07:29:28.000Z</time></trkpt><trkpt lat="46.16112" lon="6.80978"><ele>1572</ele><time>2000-01-01T07:29:38.000Z</time></trkpt><trkpt lat="46.16107" lon="6.80947"><ele>1577</ele><time>2000-01-01T07:29:48.000Z</time></trkpt><trkpt lat="46.16099" lon="6.80932"><ele>1567</ele><time>2000-01-01T07:29:58.000Z</time></trkpt><trkpt lat="46.16097" lon="6.80923"><ele>1576</ele><time>2000-01-01T07:30:08.000Z</time></trkpt><trkpt lat="46.16099" lon="6.80905"><ele>1574</ele><time>2000-01-01T07:30:18.000Z</time></trkpt><trkpt lat="46.16097" lon="6.80892"><ele>1575</ele><time>2000-01-01T07:30:28.000Z</time></trkpt><trkpt lat="46.16084" lon="6.80877"><ele>1577</ele><time>2000-01-01T07:30:38.000Z</time></trkpt><trkpt lat="46.16074" lon="6.8086"><ele>1569</ele><time>2000-01-01T07:30:48.000Z</time></trkpt><trkpt lat="46.1607" lon="6.80823"><ele>1567</ele><time>2000-01-01T07:30:58.000Z</time></trkpt><trkpt lat="46.16055" lon="6.80796"><ele>1565</ele><time>2000-01-01T07:31:08.000Z</time></trkpt><trkpt lat="46.16039" lon="6.80742"><ele>1557</ele><time>2000-01-01T07:31:18.000Z</time></trkpt><trkpt lat="46.16014" lon="6.80702"><ele>1553</ele><time>2000-01-01T07:31:28.000Z</time></trkpt><trkpt lat="46.16012" lon="6.80682"><ele>1548</ele><time>2000-01-01T07:31:38.000Z</time></trkpt><trkpt lat="46.16017" lon="6.80664"><ele>1550</ele><time>2000-01-01T07:31:48.000Z</time></trkpt><trkpt lat="46.16016" lon="6.80652"><ele>1552</ele><time>2000-01-01T07:31:58.000Z</time></trkpt><trkpt lat="46.16006" lon="6.80647"><ele>1546</ele><time>2000-01-01T07:32:08.000Z</time></trkpt><trkpt lat="46.15998" lon="6.80647"><ele>1542</ele><time>2000-01-01T07:32:18.000Z</time></trkpt><trkpt lat="46.1599" lon="6.80653"><ele>1542</ele><time>2000-01-01T07:32:28.000Z</time></trkpt><trkpt lat="46.15984" lon="6.80675"><ele>1538</ele><time>2000-01-01T07:32:38.000Z</time></trkpt><trkpt lat="46.1597" lon="6.80685"><ele>1531</ele><time>2000-01-01T07:32:48.000Z</time></trkpt><trkpt lat="46.1597" lon="6.80691"><ele>1528</ele><time>2000-01-01T07:32:58.000Z</time></trkpt><trkpt lat="46.15975" lon="6.80704"><ele>1528</ele><time>2000-01-01T07:33:08.000Z</time></trkpt><trkpt lat="46.15975" lon="6.80713"><ele>1527</ele><time>2000-01-01T07:33:18.000Z</time></trkpt><trkpt lat="46.15969" lon="6.80719"><ele>1527</ele><time>2000-01-01T07:33:28.000Z</time></trkpt><trkpt lat="46.15957" lon="6.80717"><ele>1522</ele><time>2000-01-01T07:33:38.000Z</time></trkpt><trkpt lat="46.15952" lon="6.80727"><ele>1522</ele><time>2000-01-01T07:33:48.000Z</time></trkpt><trkpt lat="46.15954" lon="6.80731"><ele>1519</ele><time>2000-01-01T07:33:58.000Z</time></trkpt><trkpt lat="46.15956" lon="6.80745"><ele>1519</ele><time>2000-01-01T07:34:08.000Z</time></trkpt><trkpt lat="46.15956" lon="6.80772"><ele>1512</ele><time>2000-01-01T07:34:18.000Z</time></trkpt><trkpt lat="46.15956" lon="6.80802"><ele>1506</ele><time>2000-01-01T07:34:28.000Z</time></trkpt><trkpt lat="46.1596" lon="6.80863"><ele>1501</ele><time>2000-01-01T07:34:38.000Z</time></trkpt><trkpt lat="46.15958" lon="6.80892"><ele>1498</ele><time>2000-01-01T07:34:48.000Z</time></trkpt><trkpt lat="46.15958" lon="6.80919"><ele>1497</ele><time>2000-01-01T07:34:58.000Z</time></trkpt><trkpt lat="46.1596" lon="6.80941"><ele>1498</ele><time>2000-01-01T07:35:08.000Z</time></trkpt><trkpt lat="46.15963" lon="6.80965"><ele>1500</ele><time>2000-01-01T07:35:18.000Z</time></trkpt><trkpt lat="46.15962" lon="6.8099"><ele>1494</ele><time>2000-01-01T07:35:28.000Z</time></trkpt><trkpt lat="46.1596" lon="6.81018"><ele>1493</ele><time>2000-01-01T07:35:38.000Z</time></trkpt><trkpt lat="46.15966" lon="6.81058"><ele>1492</ele><time>2000-01-01T07:35:48.000Z</time></trkpt><trkpt lat="46.15975" lon="6.81118"><ele>1486</ele><time>2000-01-01T07:35:58.000Z</time></trkpt><trkpt lat="46.15975" lon="6.81156"><ele>1480</ele><time>2000-01-01T07:36:08.000Z</time></trkpt><trkpt lat="46.15975" lon="6.81206"><ele>1473</ele><time>2000-01-01T07:36:18.000Z</time></trkpt><trkpt lat="46.1598" lon="6.81236"><ele>1469</ele><time>2000-01-01T07:36:28.000Z</time></trkpt><trkpt lat="46.15981" lon="6.81277"><ele>1469</ele><time>2000-01-01T07:36:38.000Z</time></trkpt><trkpt lat="46.1597" lon="6.81313"><ele>1459</ele><time>2000-01-01T07:36:48.000Z</time></trkpt><trkpt lat="46.15969" lon="6.81373"><ele>1454</ele><time>2000-01-01T07:36:58.000Z</time></trkpt><trkpt lat="46.15965" lon="6.81409"><ele>1453</ele><time>2000-01-01T07:37:08.000Z</time></trkpt><trkpt lat="46.15961" lon="6.8145"><ele>1450</ele><time>2000-01-01T07:37:18.000Z</time></trkpt><trkpt lat="46.15953" lon="6.81484"><ele>1442</ele><time>2000-01-01T07:37:28.000Z</time></trkpt><trkpt lat="46.15956" lon="6.8155"><ele>1435</ele><time>2000-01-01T07:37:38.000Z</time></trkpt><trkpt lat="46.15953" lon="6.81556"><ele>1432</ele><time>2000-01-01T07:37:48.000Z</time></trkpt><trkpt lat="46.15953" lon="6.81583"><ele>1430</ele><time>2000-01-01T07:37:58.000Z</time></trkpt><trkpt lat="46.15959" lon="6.81637"><ele>1426</ele><time>2000-01-01T07:38:08.000Z</time></trkpt><trkpt lat="46.15958" lon="6.8169"><ele>1424</ele><time>2000-01-01T07:38:18.000Z</time></trkpt><trkpt lat="46.15964" lon="6.81725"><ele>1424</ele><time>2000-01-01T07:38:28.000Z</time></trkpt><trkpt lat="46.15971" lon="6.81766"><ele>1421</ele><time>2000-01-01T07:38:38.000Z</time></trkpt><trkpt lat="46.15973" lon="6.81792"><ele>1419</ele><time>2000-01-01T07:38:48.000Z</time></trkpt><trkpt lat="46.1597" lon="6.81821"><ele>1417</ele><time>2000-01-01T07:38:58.000Z</time></trkpt><trkpt lat="46.15965" lon="6.81866"><ele>1413</ele><time>2000-01-01T07:39:08.000Z</time></trkpt><trkpt lat="46.15965" lon="6.81883"><ele>1412</ele><time>2000-01-01T07:39:18.000Z</time></trkpt><trkpt lat="46.15969" lon="6.81916"><ele>1410</ele><time>2000-01-01T07:39:28.000Z</time></trkpt><trkpt lat="46.15975" lon="6.81968"><ele>1408</ele><time>2000-01-01T07:39:38.000Z</time></trkpt><trkpt lat="46.15973" lon="6.82016"><ele>1406</ele><time>2000-01-01T07:39:48.000Z</time></trkpt><trkpt lat="46.15985" lon="6.82065"><ele>1400</ele><time>2000-01-01T07:39:58.000Z</time></trkpt><trkpt lat="46.15988" lon="6.82082"><ele>1396</ele><time>2000-01-01T07:40:08.000Z</time></trkpt><trkpt lat="46.15989" lon="6.82113"><ele>1393</ele><time>2000-01-01T07:40:18.000Z</time></trkpt><trkpt lat="46.15995" lon="6.82146"><ele>1389</ele><time>2000-01-01T07:40:28.000Z</time></trkpt><trkpt lat="46.16001" lon="6.82182"><ele>1387</ele><time>2000-01-01T07:40:38.000Z</time></trkpt><trkpt lat="46.16" lon="6.82225"><ele>1380</ele><time>2000-01-01T07:40:48.000Z</time></trkpt><trkpt lat="46.15992" lon="6.8227"><ele>1378</ele><time>2000-01-01T07:40:58.000Z</time></trkpt><trkpt lat="46.1599" lon="6.82299"><ele>1375</ele><time>2000-01-01T07:41:08.000Z</time></trkpt><trkpt lat="46.15992" lon="6.82338"><ele>1372</ele><time>2000-01-01T07:41:18.000Z</time></trkpt><trkpt lat="46.15995" lon="6.8239"><ele>1369</ele><time>2000-01-01T07:41:28.000Z</time></trkpt><trkpt lat="46.15996" lon="6.82439"><ele>1366</ele><time>2000-01-01T07:41:38.000Z</time></trkpt><trkpt lat="46.15993" lon="6.82485"><ele>1363</ele><time>2000-01-01T07:41:48.000Z</time></trkpt><trkpt lat="46.15996" lon="6.82508"><ele>1362</ele><time>2000-01-01T07:41:58.000Z</time></trkpt><trkpt lat="46.16003" lon="6.82529"><ele>1360</ele><time>2000-01-01T07:42:08.000Z</time></trkpt><trkpt lat="46.16023" lon="6.82558"><ele>1360</ele><time>2000-01-01T07:42:18.000Z</time></trkpt><trkpt lat="46.16053" lon="6.82604"><ele>1361</ele><time>2000-01-01T07:42:28.000Z</time></trkpt><trkpt lat="46.1608" lon="6.82655"><ele>1362</ele><time>2000-01-01T07:42:38.000Z</time></trkpt><trkpt lat="46.16088" lon="6.82681"><ele>1361</ele><time>2000-01-01T07:42:48.000Z</time></trkpt><trkpt lat="46.16092" lon="6.82719"><ele>1360</ele><time>2000-01-01T07:42:58.000Z</time></trkpt><trkpt lat="46.16091" lon="6.82753"><ele>1353</ele><time>2000-01-01T07:43:08.000Z</time></trkpt><trkpt lat="46.1609" lon="6.82789"><ele>1352</ele><time>2000-01-01T07:43:18.000Z</time></trkpt><trkpt lat="46.16094" lon="6.82819"><ele>1349</ele><time>2000-01-01T07:43:28.000Z</time></trkpt><trkpt lat="46.16092" lon="6.82858"><ele>1351</ele><time>2000-01-01T07:43:38.000Z</time></trkpt><trkpt lat="46.16089" lon="6.82913"><ele>1353</ele><time>2000-01-01T07:43:48.000Z</time></trkpt><trkpt lat="46.16084" lon="6.82952"><ele>1353</ele><time>2000-01-01T07:43:58.000Z</time></trkpt><trkpt lat="46.16079" lon="6.83004"><ele>1346</ele><time>2000-01-01T07:44:08.000Z</time></trkpt><trkpt lat="46.16082" lon="6.83058"><ele>1344</ele><time>2000-01-01T07:44:18.000Z</time></trkpt><trkpt lat="46.16093" lon="6.83098"><ele>1339</ele><time>2000-01-01T07:44:28.000Z</time></trkpt><trkpt lat="46.1611" lon="6.83135"><ele>1341</ele><time>2000-01-01T07:44:38.000Z</time></trkpt><trkpt lat="46.16121" lon="6.83169"><ele>1341</ele><time>2000-01-01T07:44:48.000Z</time></trkpt><trkpt lat="46.16135" lon="6.8321"><ele>1342</ele><time>2000-01-01T07:44:58.000Z</time></trkpt><trkpt lat="46.16152" lon="6.83246"><ele>1342</ele><time>2000-01-01T07:45:08.000Z</time></trkpt><trkpt lat="46.16166" lon="6.83276"><ele>1336</ele><time>2000-01-01T07:45:18.000Z</time></trkpt><trkpt lat="46.16183" lon="6.83312"><ele>1337</ele><time>2000-01-01T07:45:28.000Z</time></trkpt><trkpt lat="46.16198" lon="6.83338"><ele>1339</ele><time>2000-01-01T07:45:38.000Z</time></trkpt><trkpt lat="46.16214" lon="6.83364"><ele>1339</ele><time>2000-01-01T07:45:48.000Z</time></trkpt><trkpt lat="46.16231" lon="6.8339"><ele>1342</ele><time>2000-01-01T07:45:58.000Z</time></trkpt><trkpt lat="46.16251" lon="6.83419"><ele>1342</ele><time>2000-01-01T07:46:08.000Z</time></trkpt><trkpt lat="46.16269" lon="6.83448"><ele>1342</ele><time>2000-01-01T07:46:18.000Z</time></trkpt><trkpt lat="46.16293" lon="6.83489"><ele>1340</ele><time>2000-01-01T07:46:28.000Z</time></trkpt><trkpt lat="46.1632" lon="6.83532"><ele>1341</ele><time>2000-01-01T07:46:38.000Z</time></trkpt><trkpt lat="46.16334" lon="6.83549"><ele>1341</ele><time>2000-01-01T07:46:48.000Z</time></trkpt><trkpt lat="46.16353" lon="6.83563"><ele>1343</ele><time>2000-01-01T07:46:58.000Z</time></trkpt><trkpt lat="46.16373" lon="6.83563"><ele>1355</ele><time>2000-01-01T07:47:08.000Z</time></trkpt><trkpt lat="46.1639" lon="6.8357"><ele>1355</ele><time>2000-01-01T07:47:18.000Z</time></trkpt><trkpt lat="46.16398" lon="6.83585"><ele>1355</ele><time>2000-01-01T07:47:28.000Z</time></trkpt><trkpt lat="46.16399" lon="6.83599"><ele>1355</ele><time>2000-01-01T07:47:38.000Z</time></trkpt><trkpt lat="46.16395" lon="6.83611"><ele>1349</ele><time>2000-01-01T07:47:48.000Z</time></trkpt><trkpt lat="46.16386" lon="6.83619"><ele>1351</ele><time>2000-01-01T07:47:58.000Z</time></trkpt><trkpt lat="46.16364" lon="6.8362"><ele>1344</ele><time>2000-01-01T07:48:08.000Z</time></trkpt><trkpt lat="46.16354" lon="6.83627"><ele>1338</ele><time>2000-01-01T07:48:18.000Z</time></trkpt><trkpt lat="46.16346" lon="6.83638"><ele>1339</ele><time>2000-01-01T07:48:28.000Z</time></trkpt><trkpt lat="46.1634" lon="6.8367"><ele>1340</ele><time>2000-01-01T07:48:38.000Z</time></trkpt><trkpt lat="46.16335" lon="6.83703"><ele>1342</ele><time>2000-01-01T07:48:48.000Z</time></trkpt><trkpt lat="46.16322" lon="6.83752"><ele>1342</ele><time>2000-01-01T07:48:58.000Z</time></trkpt><trkpt lat="46.1631" lon="6.83802"><ele>1342</ele><time>2000-01-01T07:49:08.000Z</time></trkpt><trkpt lat="46.16297" lon="6.83851"><ele>1341</ele><time>2000-01-01T07:49:18.000Z</time></trkpt><trkpt lat="46.16289" lon="6.83885"><ele>1342</ele><time>2000-01-01T07:49:28.000Z</time></trkpt><trkpt lat="46.16278" lon="6.83926"><ele>1341</ele><time>2000-01-01T07:49:38.000Z</time></trkpt><trkpt lat="46.16275" lon="6.83928"><ele>1344</ele><time>2000-01-01T07:49:48.000Z</time></trkpt><trkpt lat="46.16273" lon="6.83934"><ele>1344</ele><time>2000-01-01T07:49:58.000Z</time></trkpt><trkpt lat="46.16263" lon="6.83981"><ele>1343</ele><time>2000-01-01T07:50:08.000Z</time></trkpt><trkpt lat="46.16254" lon="6.84027"><ele>1340</ele><time>2000-01-01T07:50:18.000Z</time></trkpt><trkpt lat="46.16244" lon="6.84074"><ele>1338</ele><time>2000-01-01T07:50:28.000Z</time></trkpt><trkpt lat="46.16232" lon="6.84133"><ele>1337</ele><time>2000-01-01T07:50:38.000Z</time></trkpt><trkpt lat="46.1623" lon="6.84166"><ele>1337</ele><time>2000-01-01T07:50:48.000Z</time></trkpt><trkpt lat="46.1623" lon="6.84201"><ele>1337</ele><time>2000-01-01T07:50:58.000Z</time></trkpt><trkpt lat="46.1624" lon="6.84237"><ele>1337</ele><time>2000-01-01T07:51:08.000Z</time></trkpt><trkpt lat="46.16242" lon="6.84255"><ele>1346</ele><time>2000-01-01T07:51:18.000Z</time></trkpt><trkpt lat="46.16222" lon="6.84274"><ele>1336</ele><time>2000-01-01T07:51:28.000Z</time></trkpt><trkpt lat="46.16218" lon="6.84283"><ele>1327</ele><time>2000-01-01T07:51:38.000Z</time></trkpt><trkpt lat="46.16215" lon="6.84303"><ele>1327</ele><time>2000-01-01T07:51:48.000Z</time></trkpt><trkpt lat="46.16215" lon="6.84346"><ele>1326</ele><time>2000-01-01T07:51:58.000Z</time></trkpt><trkpt lat="46.16215" lon="6.84381"><ele>1325</ele><time>2000-01-01T07:52:08.000Z</time></trkpt><trkpt lat="46.16215" lon="6.84421"><ele>1325</ele><time>2000-01-01T07:52:18.000Z</time></trkpt><trkpt lat="46.16212" lon="6.84465"><ele>1326</ele><time>2000-01-01T07:52:28.000Z</time></trkpt><trkpt lat="46.1621" lon="6.84502"><ele>1326</ele><time>2000-01-01T07:52:38.000Z</time></trkpt><trkpt lat="46.16207" lon="6.84549"><ele>1326</ele><time>2000-01-01T07:52:48.000Z</time></trkpt><trkpt lat="46.16209" lon="6.84585"><ele>1326</ele><time>2000-01-01T07:52:58.000Z</time></trkpt><trkpt lat="46.16211" lon="6.84627"><ele>1323</ele><time>2000-01-01T07:53:08.000Z</time></trkpt><trkpt lat="46.16215" lon="6.84666"><ele>1325</ele><time>2000-01-01T07:53:18.000Z</time></trkpt><trkpt lat="46.16221" lon="6.84719"><ele>1324</ele><time>2000-01-01T07:53:28.000Z</time></trkpt><trkpt lat="46.16223" lon="6.84757"><ele>1323</ele><time>2000-01-01T07:53:38.000Z</time></trkpt><trkpt lat="46.16227" lon="6.84807"><ele>1311</ele><time>2000-01-01T07:53:48.000Z</time></trkpt><trkpt lat="46.16231" lon="6.84835"><ele>1310</ele><time>2000-01-01T07:53:58.000Z</time></trkpt><trkpt lat="46.16241" lon="6.84869"><ele>1310</ele><time>2000-01-01T07:54:08.000Z</time></trkpt><trkpt lat="46.16252" lon="6.8491"><ele>1302</ele><time>2000-01-01T07:54:18.000Z</time></trkpt><trkpt lat="46.1626" lon="6.84969"><ele>1295</ele><time>2000-01-01T07:54:28.000Z</time></trkpt><trkpt lat="46.16271" lon="6.85001"><ele>1292</ele><time>2000-01-01T07:54:38.000Z</time></trkpt><trkpt lat="46.16283" lon="6.85036"><ele>1290</ele><time>2000-01-01T07:54:48.000Z</time></trkpt><trkpt lat="46.16297" lon="6.85061"><ele>1289</ele><time>2000-01-01T07:54:58.000Z</time></trkpt><trkpt lat="46.16309" lon="6.85091"><ele>1287</ele><time>2000-01-01T07:55:08.000Z</time></trkpt><trkpt lat="46.16323" lon="6.85123"><ele>1285</ele><time>2000-01-01T07:55:18.000Z</time></trkpt><trkpt lat="46.16337" lon="6.85169"><ele>1273</ele><time>2000-01-01T07:55:28.000Z</time></trkpt><trkpt lat="46.16355" lon="6.85197"><ele>1273</ele><time>2000-01-01T07:55:38.000Z</time></trkpt><trkpt lat="46.16389" lon="6.85233"><ele>1271</ele><time>2000-01-01T07:55:48.000Z</time></trkpt><trkpt lat="46.16418" lon="6.85283"><ele>1269</ele><time>2000-01-01T07:55:58.000Z</time></trkpt><trkpt lat="46.16436" lon="6.85329"><ele>1264</ele><time>2000-01-01T07:56:08.000Z</time></trkpt><trkpt lat="46.16448" lon="6.85352"><ele>1263</ele><time>2000-01-01T07:56:18.000Z</time></trkpt><trkpt lat="46.16471" lon="6.85378"><ele>1263</ele><time>2000-01-01T07:56:28.000Z</time></trkpt><trkpt lat="46.16485" lon="6.85411"><ele>1253</ele><time>2000-01-01T07:56:38.000Z</time></trkpt><trkpt lat="46.16503" lon="6.85455"><ele>1253</ele><time>2000-01-01T07:56:48.000Z</time></trkpt><trkpt lat="46.16516" lon="6.85468"><ele>1253</ele><time>2000-01-01T07:56:58.000Z</time></trkpt><trkpt lat="46.16531" lon="6.85477"><ele>1253</ele><time>2000-01-01T07:57:08.000Z</time></trkpt><trkpt lat="46.16546" lon="6.85487"><ele>1245</ele><time>2000-01-01T07:57:18.000Z</time></trkpt><trkpt lat="46.16561" lon="6.85499"><ele>1250</ele><time>2000-01-01T07:57:28.000Z</time></trkpt><trkpt lat="46.16577" lon="6.85512"><ele>1248</ele><time>2000-01-01T07:57:38.000Z</time></trkpt><trkpt lat="46.16584" lon="6.85523"><ele>1246</ele><time>2000-01-01T07:57:48.000Z</time></trkpt><trkpt lat="46.16596" lon="6.85555"><ele>1236</ele><time>2000-01-01T07:57:58.000Z</time></trkpt><trkpt lat="46.16603" lon="6.85596"><ele>1235</ele><time>2000-01-01T07:58:08.000Z</time></trkpt><trkpt lat="46.16614" lon="6.85605"><ele>1228</ele><time>2000-01-01T07:58:18.000Z</time></trkpt><trkpt lat="46.16641" lon="6.85608"><ele>1234</ele><time>2000-01-01T07:58:28.000Z</time></trkpt><trkpt lat="46.16647" lon="6.85616"><ele>1234</ele><time>2000-01-01T07:58:38.000Z</time></trkpt><trkpt lat="46.16649" lon="6.85634"><ele>1229</ele><time>2000-01-01T07:58:48.000Z</time></trkpt><trkpt lat="46.16657" lon="6.85676"><ele>1218</ele><time>2000-01-01T07:58:58.000Z</time></trkpt><trkpt lat="46.16665" lon="6.85696"><ele>1212</ele><time>2000-01-01T07:59:08.000Z</time></trkpt><trkpt lat="46.16679" lon="6.85716"><ele>1212</ele><time>2000-01-01T07:59:18.000Z</time></trkpt><trkpt lat="46.16699" lon="6.85743"><ele>1207</ele><time>2000-01-01T07:59:28.000Z</time></trkpt><trkpt lat="46.16711" lon="6.85765"><ele>1207</ele><time>2000-01-01T07:59:38.000Z</time></trkpt><trkpt lat="46.16729" lon="6.8579"><ele>1207</ele><time>2000-01-01T07:59:48.000Z</time></trkpt><trkpt lat="46.16749" lon="6.85818"><ele>1197</ele><time>2000-01-01T07:59:58.000Z</time></trkpt><trkpt lat="46.16768" lon="6.85843"><ele>1189</ele><time>2000-01-01T08:00:08.000Z</time></trkpt><trkpt lat="46.16787" lon="6.85862"><ele>1189</ele><time>2000-01-01T08:00:18.000Z</time></trkpt><trkpt lat="46.16807" lon="6.85881"><ele>1189</ele><time>2000-01-01T08:00:28.000Z</time></trkpt><trkpt lat="46.16818" lon="6.85886"><ele>1189</ele><time>2000-01-01T08:00:38.000Z</time></trkpt><trkpt lat="46.16831" lon="6.85888"><ele>1186</ele><time>2000-01-01T08:00:48.000Z</time></trkpt><trkpt lat="46.16839" lon="6.859"><ele>1194</ele><time>2000-01-01T08:00:58.000Z</time></trkpt><trkpt lat="46.1684" lon="6.85927"><ele>1183</ele><time>2000-01-01T08:01:08.000Z</time></trkpt><trkpt lat="46.16841" lon="6.85955"><ele>1178</ele><time>2000-01-01T08:01:18.000Z</time></trkpt><trkpt lat="46.16848" lon="6.85978"><ele>1174</ele><time>2000-01-01T08:01:28.000Z</time></trkpt><trkpt lat="46.16861" lon="6.85988"><ele>1177</ele><time>2000-01-01T08:01:38.000Z</time></trkpt><trkpt lat="46.16874" lon="6.85999"><ele>1177</ele><time>2000-01-01T08:01:48.000Z</time></trkpt><trkpt lat="46.16901" lon="6.8602"><ele>1176</ele><time>2000-01-01T08:01:58.000Z</time></trkpt><trkpt lat="46.16923" lon="6.86038"><ele>1170</ele><time>2000-01-01T08:02:08.000Z</time></trkpt><trkpt lat="46.1695" lon="6.86059"><ele>1165</ele><time>2000-01-01T08:02:18.000Z</time></trkpt><trkpt lat="46.16972" lon="6.86075"><ele>1161</ele><time>2000-01-01T08:02:28.000Z</time></trkpt><trkpt lat="46.16999" lon="6.86094"><ele>1158</ele><time>2000-01-01T08:02:38.000Z</time></trkpt><trkpt lat="46.1702" lon="6.86105"><ele>1155</ele><time>2000-01-01T08:02:48.000Z</time></trkpt><trkpt lat="46.17035" lon="6.86131"><ele>1152</ele><time>2000-01-01T08:02:58.000Z</time></trkpt><trkpt lat="46.1705" lon="6.86156"><ele>1145</ele><time>2000-01-01T08:03:08.000Z</time></trkpt><trkpt lat="46.17071" lon="6.86189"><ele>1142</ele><time>2000-01-01T08:03:18.000Z</time></trkpt><trkpt lat="46.17089" lon="6.86217"><ele>1131</ele><time>2000-01-01T08:03:28.000Z</time></trkpt><trkpt lat="46.17111" lon="6.86252"><ele>1123</ele><time>2000-01-01T08:03:38.000Z</time></trkpt><trkpt lat="46.1713" lon="6.86274"><ele>1112</ele><time>2000-01-01T08:03:48.000Z</time></trkpt><trkpt lat="46.17151" lon="6.86299"><ele>1110</ele><time>2000-01-01T08:03:58.000Z</time></trkpt><trkpt lat="46.17163" lon="6.86328"><ele>1101</ele><time>2000-01-01T08:04:08.000Z</time></trkpt><trkpt lat="46.17175" lon="6.86357"><ele>1096</ele><time>2000-01-01T08:04:18.000Z</time></trkpt><trkpt lat="46.17202" lon="6.86371"><ele>1094</ele><time>2000-01-01T08:04:28.000Z</time></trkpt><trkpt lat="46.1723" lon="6.86406"><ele>1089</ele><time>2000-01-01T08:04:38.000Z</time></trkpt><trkpt lat="46.17248" lon="6.86428"><ele>1087</ele><time>2000-01-01T08:04:48.000Z</time></trkpt><trkpt lat="46.17268" lon="6.86451"><ele>1085</ele><time>2000-01-01T08:04:58.000Z</time></trkpt><trkpt lat="46.17295" lon="6.86475"><ele>1084</ele><time>2000-01-01T08:05:08.000Z</time></trkpt><trkpt lat="46.17313" lon="6.86495"><ele>1083</ele><time>2000-01-01T08:05:18.000Z</time></trkpt><trkpt lat="46.17336" lon="6.86533"><ele>1081</ele><time>2000-01-01T08:05:28.000Z</time></trkpt><trkpt lat="46.17351" lon="6.86553"><ele>1079</ele><time>2000-01-01T08:05:38.000Z</time></trkpt><trkpt lat="46.1737" lon="6.86569"><ele>1077</ele><time>2000-01-01T08:05:48.000Z</time></trkpt><trkpt lat="46.17392" lon="6.86599"><ele>1076</ele><time>2000-01-01T08:05:58.000Z</time></trkpt><trkpt lat="46.17403" lon="6.86609"><ele>1076</ele><time>2000-01-01T08:06:08.000Z</time></trkpt><trkpt lat="46.17418" lon="6.86616"><ele>1076</ele><time>2000-01-01T08:06:18.000Z</time></trkpt><trkpt lat="46.17449" lon="6.86628"><ele>1076</ele><time>2000-01-01T08:06:28.000Z</time></trkpt><trkpt lat="46.17479" lon="6.8664"><ele>1075</ele><time>2000-01-01T08:06:38.000Z</time></trkpt><trkpt lat="46.17514" lon="6.86654"><ele>1073</ele><time>2000-01-01T08:06:48.000Z</time></trkpt><trkpt lat="46.17522" lon="6.86662"><ele>1075</ele><time>2000-01-01T08:06:58.000Z</time></trkpt><trkpt lat="46.17521" lon="6.86671"><ele>1071</ele><time>2000-01-01T08:07:08.000Z</time></trkpt><trkpt lat="46.17505" lon="6.86692"><ele>1065</ele><time>2000-01-01T08:07:18.000Z</time></trkpt><trkpt lat="46.17482" lon="6.86723"><ele>1061</ele><time>2000-01-01T08:07:28.000Z</time></trkpt><trkpt lat="46.17448" lon="6.86749"><ele>1058</ele><time>2000-01-01T08:07:38.000Z</time></trkpt><trkpt lat="46.17437" lon="6.86768"><ele>1056</ele><time>2000-01-01T08:07:48.000Z</time></trkpt><trkpt lat="46.17438" lon="6.86789"><ele>1055</ele><time>2000-01-01T08:07:58.000Z</time></trkpt><trkpt lat="46.17444" lon="6.86811"><ele>1052</ele><time>2000-01-01T08:08:08.000Z</time></trkpt><trkpt lat="46.17464" lon="6.86839"><ele>1051</ele><time>2000-01-01T08:08:18.000Z</time></trkpt><trkpt lat="46.17484" lon="6.86867"><ele>1047</ele><time>2000-01-01T08:08:28.000Z</time></trkpt><trkpt lat="46.1751" lon="6.86904"><ele>1046</ele><time>2000-01-01T08:08:38.000Z</time></trkpt><trkpt lat="46.17524" lon="6.86922"><ele>1045</ele><time>2000-01-01T08:08:48.000Z</time></trkpt><trkpt lat="46.17529" lon="6.86944"><ele>1042</ele><time>2000-01-01T08:08:58.000Z</time></trkpt><trkpt lat="46.17521" lon="6.86983"><ele>1039</ele><time>2000-01-01T08:09:08.000Z</time></trkpt><trkpt lat="46.1751" lon="6.87041"><ele>1036</ele><time>2000-01-01T08:09:18.000Z</time></trkpt><trkpt lat="46.17515" lon="6.87047"><ele>1036</ele><time>2000-01-01T08:09:28.000Z</time></trkpt><trkpt lat="46.17512" lon="6.8706"><ele>1036</ele><time>2000-01-01T08:09:38.000Z</time></trkpt><trkpt lat="46.1751" lon="6.87086"><ele>1034</ele><time>2000-01-01T08:09:48.000Z</time></trkpt><trkpt lat="46.17508" lon="6.87117"><ele>1033</ele><time>2000-01-01T08:09:58.000Z</time></trkpt><trkpt lat="46.17508" lon="6.8713"><ele>1033</ele><time>2000-01-01T08:10:08.000Z</time></trkpt><trkpt lat="46.17497" lon="6.87135"><ele>1033</ele><time>2000-01-01T08:10:18.000Z</time></trkpt><trkpt lat="46.17497" lon="6.87122"><ele>1033</ele><time>2000-01-01T08:10:28.000Z</time></trkpt><trkpt lat="46.17497" lon="6.87092"><ele>1034</ele><time>2000-01-01T08:10:38.000Z</time></trkpt><trkpt lat="46.17498" lon="6.87056"><ele>1036</ele><time>2000-01-01T08:10:48.000Z</time></trkpt><trkpt lat="46.17498" lon="6.86991"><ele>1038</ele><time>2000-01-01T08:10:58.000Z</time></trkpt><trkpt lat="46.17499" lon="6.86926"><ele>1043</ele><time>2000-01-01T08:11:08.000Z</time></trkpt><trkpt lat="46.175" lon="6.8686"><ele>1049</ele><time>2000-01-01T08:11:18.000Z</time></trkpt><trkpt lat="46.175" lon="6.86795"><ele>1054</ele><time>2000-01-01T08:11:28.000Z</time></trkpt><trkpt lat="46.17501" lon="6.8673"><ele>1061</ele><time>2000-01-01T08:11:38.000Z</time></trkpt><trkpt lat="46.17502" lon="6.86664"><ele>1071</ele><time>2000-01-01T08:11:48.000Z</time></trkpt><trkpt lat="46.17502" lon="6.86599"><ele>1089</ele><time>2000-01-01T08:11:58.000Z</time></trkpt><trkpt lat="46.17503" lon="6.86534"><ele>1105</ele><time>2000-01-01T08:12:08.000Z</time></trkpt><trkpt lat="46.17504" lon="6.86468"><ele>1130</ele><time>2000-01-01T08:12:18.000Z</time></trkpt><trkpt lat="46.17504" lon="6.86403"><ele>1155</ele><time>2000-01-01T08:12:28.000Z</time></trkpt><trkpt lat="46.17505" lon="6.86338"><ele>1181</ele><time>2000-01-01T08:12:38.000Z</time></trkpt><trkpt lat="46.17506" lon="6.86273"><ele>1195</ele><time>2000-01-01T08:12:48.000Z</time></trkpt><trkpt lat="46.17506" lon="6.86207"><ele>1211</ele><time>2000-01-01T08:12:58.000Z</time></trkpt><trkpt lat="46.17507" lon="6.86142"><ele>1231</ele><time>2000-01-01T08:13:08.000Z</time></trkpt><trkpt lat="46.17508" lon="6.86077"><ele>1258</ele><time>2000-01-01T08:13:18.000Z</time></trkpt><trkpt lat="46.17508" lon="6.86011"><ele>1285</ele><time>2000-01-01T08:13:28.000Z</time></trkpt><trkpt lat="46.17509" lon="6.85946"><ele>1311</ele><time>2000-01-01T08:13:38.000Z</time></trkpt><trkpt lat="46.1751" lon="6.85881"><ele>1327</ele><time>2000-01-01T08:13:48.000Z</time></trkpt><trkpt lat="46.1751" lon="6.85815"><ele>1351</ele><time>2000-01-01T08:13:58.000Z</time></trkpt><trkpt lat="46.17511" lon="6.8575"><ele>1382</ele><time>2000-01-01T08:14:08.000Z</time></trkpt><trkpt lat="46.17511" lon="6.85685"><ele>1411</ele><time>2000-01-01T08:14:18.000Z</time></trkpt><trkpt lat="46.17512" lon="6.85619"><ele>1445</ele><time>2000-01-01T08:14:28.000Z</time></trkpt><trkpt lat="46.17513" lon="6.85554"><ele>1466</ele><time>2000-01-01T08:14:38.000Z</time></trkpt><trkpt lat="46.17513" lon="6.85489"><ele>1487</ele><time>2000-01-01T08:14:48.000Z</time></trkpt><trkpt lat="46.17514" lon="6.85424"><ele>1495</ele><time>2000-01-01T08:14:58.000Z</time></trkpt><trkpt lat="46.17515" lon="6.85358"><ele>1510</ele><time>2000-01-01T08:15:08.000Z</time></trkpt><trkpt lat="46.17515" lon="6.85293"><ele>1527</ele><time>2000-01-01T08:15:18.000Z</time></trkpt><trkpt lat="46.17516" lon="6.85228"><ele>1554</ele><time>2000-01-01T08:15:28.000Z</time></trkpt><trkpt lat="46.17517" lon="6.85162"><ele>1569</ele><time>2000-01-01T08:15:38.000Z</time></trkpt><trkpt lat="46.17517" lon="6.85097"><ele>1598</ele><time>2000-01-01T08:15:48.000Z</time></trkpt><trkpt lat="46.17518" lon="6.85032"><ele>1629</ele><time>2000-01-01T08:15:58.000Z</time></trkpt><trkpt lat="46.17519" lon="6.84966"><ele>1667</ele><time>2000-01-01T08:16:08.000Z</time></trkpt><trkpt lat="46.17519" lon="6.84901"><ele>1700</ele><time>2000-01-01T08:16:18.000Z</time></trkpt><trkpt lat="46.1752" lon="6.84836"><ele>1751</ele><time>2000-01-01T08:16:28.000Z</time></trkpt><trkpt lat="46.17521" lon="6.84771"><ele>1803</ele><time>2000-01-01T08:16:38.000Z</time></trkpt><trkpt lat="46.17521" lon="6.84705"><ele>1861</ele><time>2000-01-01T08:16:48.000Z</time></trkpt><trkpt lat="46.17522" lon="6.8464"><ele>1908</ele><time>2000-01-01T08:16:58.000Z</time></trkpt><trkpt lat="46.17523" lon="6.84573"><ele>1917</ele><time>2000-01-01T08:17:08.000Z</time></trkpt><trkpt lat="46.17513" lon="6.84566"><ele>1927</ele><time>2000-01-01T08:17:18.000Z</time></trkpt><trkpt lat="46.17515" lon="6.84533"><ele>1920</ele><time>2000-01-01T08:17:28.000Z</time></trkpt><trkpt lat="46.1753" lon="6.845"><ele>1918</ele><time>2000-01-01T08:17:38.000Z</time></trkpt><trkpt lat="46.17556" lon="6.84463"><ele>1917</ele><time>2000-01-01T08:17:48.000Z</time></trkpt><trkpt lat="46.17573" lon="6.84448"><ele>1915</ele><time>2000-01-01T08:17:58.000Z</time></trkpt><trkpt lat="46.17576" lon="6.84427"><ele>1912</ele><time>2000-01-01T08:18:08.000Z</time></trkpt><trkpt lat="46.17576" lon="6.84404"><ele>1909</ele><time>2000-01-01T08:18:18.000Z</time></trkpt><trkpt lat="46.17576" lon="6.8438"><ele>1905</ele><time>2000-01-01T08:18:28.000Z</time></trkpt><trkpt lat="46.17578" lon="6.84356"><ele>1902</ele><time>2000-01-01T08:18:38.000Z</time></trkpt><trkpt lat="46.1758" lon="6.84331"><ele>1901</ele><time>2000-01-01T08:18:48.000Z</time></trkpt><trkpt lat="46.1758" lon="6.8432"><ele>1899</ele><time>2000-01-01T08:18:58.000Z</time></trkpt><trkpt lat="46.17576" lon="6.84308"><ele>1899</ele><time>2000-01-01T08:19:08.000Z</time></trkpt><trkpt lat="46.17574" lon="6.84274"><ele>1898</ele><time>2000-01-01T08:19:18.000Z</time></trkpt><trkpt lat="46.1757" lon="6.84241"><ele>1897</ele><time>2000-01-01T08:19:28.000Z</time></trkpt><trkpt lat="46.17573" lon="6.84193"><ele>1896</ele><time>2000-01-01T08:19:38.000Z</time></trkpt><trkpt lat="46.17586" lon="6.8414"><ele>1896</ele><time>2000-01-01T08:19:48.000Z</time></trkpt><trkpt lat="46.17595" lon="6.84075"><ele>1894</ele><time>2000-01-01T08:19:58.000Z</time></trkpt><trkpt lat="46.17604" lon="6.84037"><ele>1891</ele><time>2000-01-01T08:20:08.000Z</time></trkpt><trkpt lat="46.17616" lon="6.83983"><ele>1891</ele><time>2000-01-01T08:20:18.000Z</time></trkpt><trkpt lat="46.17621" lon="6.83942"><ele>1886</ele><time>2000-01-01T08:20:28.000Z</time></trkpt><trkpt lat="46.17625" lon="6.83909"><ele>1881</ele><time>2000-01-01T08:20:38.000Z</time></trkpt><trkpt lat="46.1763" lon="6.83875"><ele>1876</ele><time>2000-01-01T08:20:48.000Z</time></trkpt><trkpt lat="46.17635" lon="6.83856"><ele>1877</ele><time>2000-01-01T08:20:58.000Z</time></trkpt><trkpt lat="46.17644" lon="6.83832"><ele>1875</ele><time>2000-01-01T08:21:08.000Z</time></trkpt><trkpt lat="46.17655" lon="6.83803"><ele>1872</ele><time>2000-01-01T08:21:18.000Z</time></trkpt><trkpt lat="46.17666" lon="6.83781"><ele>1871</ele><time>2000-01-01T08:21:28.000Z</time></trkpt><trkpt lat="46.17678" lon="6.83763"><ele>1863</ele><time>2000-01-01T08:21:38.000Z</time></trkpt><trkpt lat="46.17701" lon="6.83752"><ele>1864</ele><time>2000-01-01T08:21:48.000Z</time></trkpt><trkpt lat="46.17727" lon="6.83744"><ele>1860</ele><time>2000-01-01T08:21:58.000Z</time></trkpt><trkpt lat="46.17739" lon="6.83744"><ele>1860</ele><time>2000-01-01T08:22:08.000Z</time></trkpt><trkpt lat="46.17756" lon="6.83727"><ele>1857</ele><time>2000-01-01T08:22:18.000Z</time></trkpt><trkpt lat="46.17761" lon="6.83719"><ele>1852</ele><time>2000-01-01T08:22:28.000Z</time></trkpt><trkpt lat="46.17765" lon="6.83703"><ele>1852</ele><time>2000-01-01T08:22:38.000Z</time></trkpt><trkpt lat="46.17765" lon="6.83673"><ele>1847</ele><time>2000-01-01T08:22:48.000Z</time></trkpt><trkpt lat="46.17747" lon="6.83645"><ele>1842</ele><time>2000-01-01T08:22:58.000Z</time></trkpt><trkpt lat="46.17741" lon="6.83632"><ele>1842</ele><time>2000-01-01T08:23:08.000Z</time></trkpt><trkpt lat="46.17739" lon="6.83616"><ele>1840</ele><time>2000-01-01T08:23:18.000Z</time></trkpt><trkpt lat="46.17743" lon="6.83587"><ele>1835</ele><time>2000-01-01T08:23:28.000Z</time></trkpt><trkpt lat="46.17754" lon="6.83554"><ele>1832</ele><time>2000-01-01T08:23:38.000Z</time></trkpt><trkpt lat="46.17766" lon="6.83515"><ele>1827</ele><time>2000-01-01T08:23:48.000Z</time></trkpt><trkpt lat="46.1777" lon="6.8347"><ele>1823</ele><time>2000-01-01T08:23:58.000Z</time></trkpt><trkpt lat="46.17776" lon="6.83461"><ele>1823</ele><time>2000-01-01T08:24:08.000Z</time></trkpt><trkpt lat="46.17778" lon="6.83448"><ele>1821</ele><time>2000-01-01T08:24:18.000Z</time></trkpt><trkpt lat="46.17776" lon="6.83421"><ele>1820</ele><time>2000-01-01T08:24:28.000Z</time></trkpt><trkpt lat="46.17764" lon="6.83385"><ele>1814</ele><time>2000-01-01T08:24:38.000Z</time></trkpt><trkpt lat="46.17751" lon="6.83356"><ele>1811</ele><time>2000-01-01T08:24:48.000Z</time></trkpt><trkpt lat="46.17755" lon="6.83346"><ele>1809</ele><time>2000-01-01T08:24:58.000Z</time></trkpt><trkpt lat="46.17763" lon="6.83337"><ele>1808</ele><time>2000-01-01T08:25:08.000Z</time></trkpt><trkpt lat="46.17764" lon="6.83329"><ele>1808</ele><time>2000-01-01T08:25:18.000Z</time></trkpt><trkpt lat="46.17778" lon="6.83292"><ele>1806</ele><time>2000-01-01T08:25:28.000Z</time></trkpt><trkpt lat="46.1779" lon="6.83262"><ele>1806</ele><time>2000-01-01T08:25:38.000Z</time></trkpt><trkpt lat="46.17802" lon="6.83229"><ele>1806</ele><time>2000-01-01T08:25:48.000Z</time></trkpt><trkpt lat="46.17807" lon="6.83197"><ele>1806</ele><time>2000-01-01T08:25:58.000Z</time></trkpt><trkpt lat="46.17821" lon="6.83138"><ele>1807</ele><time>2000-01-01T08:26:08.000Z</time></trkpt><trkpt lat="46.17835" lon="6.83087"><ele>1807</ele><time>2000-01-01T08:26:18.000Z</time></trkpt><trkpt lat="46.17842" lon="6.83048"><ele>1807</ele><time>2000-01-01T08:26:28.000Z</time></trkpt><trkpt lat="46.17854" lon="6.83053"><ele>1805</ele><time>2000-01-01T08:26:38.000Z</time></trkpt><trkpt lat="46.17865" lon="6.8305"><ele>1806</ele><time>2000-01-01T08:26:48.000Z</time></trkpt><trkpt lat="46.17886" lon="6.83007"><ele>1805</ele><time>2000-01-01T08:26:58.000Z</time></trkpt><trkpt lat="46.17891" lon="6.82989"><ele>1803</ele><time>2000-01-01T08:27:08.000Z</time></trkpt><trkpt lat="46.17893" lon="6.82973"><ele>1804</ele><time>2000-01-01T08:27:18.000Z</time></trkpt><trkpt lat="46.17894" lon="6.82959"><ele>1805</ele><time>2000-01-01T08:27:28.000Z</time></trkpt><trkpt lat="46.17899" lon="6.82952"><ele>1805</ele><time>2000-01-01T08:27:38.000Z</time></trkpt><trkpt lat="46.17905" lon="6.82952"><ele>1802</ele><time>2000-01-01T08:27:48.000Z</time></trkpt><trkpt lat="46.1791" lon="6.82955"><ele>1802</ele><time>2000-01-01T08:27:58.000Z</time></trkpt><trkpt lat="46.17914" lon="6.82964"><ele>1801</ele><time>2000-01-01T08:28:08.000Z</time></trkpt><trkpt lat="46.17917" lon="6.82976"><ele>1801</ele><time>2000-01-01T08:28:18.000Z</time></trkpt><trkpt lat="46.17926" lon="6.83002"><ele>1794</ele><time>2000-01-01T08:28:28.000Z</time></trkpt><trkpt lat="46.1793" lon="6.83054"><ele>1793</ele><time>2000-01-01T08:28:38.000Z</time></trkpt><trkpt lat="46.17928" lon="6.83079"><ele>1793</ele><time>2000-01-01T08:28:48.000Z</time></trkpt><trkpt lat="46.17931" lon="6.83097"><ele>1792</ele><time>2000-01-01T08:28:58.000Z</time></trkpt><trkpt lat="46.17936" lon="6.83103"><ele>1793</ele><time>2000-01-01T08:29:08.000Z</time></trkpt><trkpt lat="46.1794" lon="6.831"><ele>1792</ele><time>2000-01-01T08:29:18.000Z</time></trkpt><trkpt lat="46.17942" lon="6.83095"><ele>1788</ele><time>2000-01-01T08:29:28.000Z</time></trkpt><trkpt lat="46.17944" lon="6.83069"><ele>1788</ele><time>2000-01-01T08:29:38.000Z</time></trkpt><trkpt lat="46.17949" lon="6.83047"><ele>1788</ele><time>2000-01-01T08:29:48.000Z</time></trkpt><trkpt lat="46.1796" lon="6.83012"><ele>1787</ele><time>2000-01-01T08:29:58.000Z</time></trkpt><trkpt lat="46.17967" lon="6.82973"><ele>1786</ele><time>2000-01-01T08:30:08.000Z</time></trkpt><trkpt lat="46.17975" lon="6.82946"><ele>1782</ele><time>2000-01-01T08:30:18.000Z</time></trkpt><trkpt lat="46.17984" lon="6.82934"><ele>1785</ele><time>2000-01-01T08:30:28.000Z</time></trkpt><trkpt lat="46.18002" lon="6.82931"><ele>1781</ele><time>2000-01-01T08:30:38.000Z</time></trkpt><trkpt lat="46.18022" lon="6.82928"><ele>1776</ele><time>2000-01-01T08:30:48.000Z</time></trkpt><trkpt lat="46.1804" lon="6.82926"><ele>1776</ele><time>2000-01-01T08:30:58.000Z</time></trkpt><trkpt lat="46.18055" lon="6.82916"><ele>1772</ele><time>2000-01-01T08:31:08.000Z</time></trkpt><trkpt lat="46.18072" lon="6.829"><ele>1769</ele><time>2000-01-01T08:31:18.000Z</time></trkpt><trkpt lat="46.181" lon="6.82894"><ele>1765</ele><time>2000-01-01T08:31:28.000Z</time></trkpt><trkpt lat="46.18136" lon="6.8288"><ele>1762</ele><time>2000-01-01T08:31:38.000Z</time></trkpt><trkpt lat="46.1814" lon="6.82881"><ele>1762</ele><time>2000-01-01T08:31:48.000Z</time></trkpt><trkpt lat="46.18143" lon="6.82887"><ele>1759</ele><time>2000-01-01T08:31:58.000Z</time></trkpt><trkpt lat="46.18144" lon="6.82896"><ele>1755</ele><time>2000-01-01T08:32:08.000Z</time></trkpt><trkpt lat="46.18139" lon="6.82912"><ele>1759</ele><time>2000-01-01T08:32:18.000Z</time></trkpt><trkpt lat="46.18119" lon="6.82939"><ele>1756</ele><time>2000-01-01T08:32:28.000Z</time></trkpt><trkpt lat="46.1811" lon="6.8296"><ele>1756</ele><time>2000-01-01T08:32:38.000Z</time></trkpt><trkpt lat="46.18098" lon="6.82979"><ele>1753</ele><time>2000-01-01T08:32:48.000Z</time></trkpt><trkpt lat="46.18085" lon="6.83001"><ele>1751</ele><time>2000-01-01T08:32:58.000Z</time></trkpt><trkpt lat="46.18077" lon="6.8303"><ele>1749</ele><time>2000-01-01T08:33:08.000Z</time></trkpt><trkpt lat="46.18075" lon="6.83052"><ele>1746</ele><time>2000-01-01T08:33:18.000Z</time></trkpt><trkpt lat="46.18092" lon="6.83084"><ele>1739</ele><time>2000-01-01T08:33:28.000Z</time></trkpt><trkpt lat="46.18096" lon="6.83107"><ele>1738</ele><time>2000-01-01T08:33:38.000Z</time></trkpt><trkpt lat="46.181" lon="6.83117"><ele>1738</ele><time>2000-01-01T08:33:48.000Z</time></trkpt><trkpt lat="46.18109" lon="6.8313"><ele>1738</ele><time>2000-01-01T08:33:58.000Z</time></trkpt><trkpt lat="46.18125" lon="6.83147"><ele>1734</ele><time>2000-01-01T08:34:08.000Z</time></trkpt><trkpt lat="46.18144" lon="6.83168"><ele>1725</ele><time>2000-01-01T08:34:18.000Z</time></trkpt><trkpt lat="46.18163" lon="6.83193"><ele>1721</ele><time>2000-01-01T08:34:28.000Z</time></trkpt><trkpt lat="46.18193" lon="6.83199"><ele>1718</ele><time>2000-01-01T08:34:38.000Z</time></trkpt><trkpt lat="46.18202" lon="6.83217"><ele>1714</ele><time>2000-01-01T08:34:48.000Z</time></trkpt><trkpt lat="46.18208" lon="6.83222"><ele>1715</ele><time>2000-01-01T08:34:58.000Z</time></trkpt><trkpt lat="46.18211" lon="6.83221"><ele>1711</ele><time>2000-01-01T08:35:08.000Z</time></trkpt><trkpt lat="46.18214" lon="6.83215"><ele>1710</ele><time>2000-01-01T08:35:18.000Z</time></trkpt><trkpt lat="46.18214" lon="6.83208"><ele>1710</ele><time>2000-01-01T08:35:28.000Z</time></trkpt><trkpt lat="46.18204" lon="6.83176"><ele>1713</ele><time>2000-01-01T08:35:38.000Z</time></trkpt><trkpt lat="46.18205" lon="6.83159"><ele>1713</ele><time>2000-01-01T08:35:48.000Z</time></trkpt><trkpt lat="46.18221" lon="6.83145"><ele>1710</ele><time>2000-01-01T08:35:58.000Z</time></trkpt><trkpt lat="46.18238" lon="6.8313"><ele>1708</ele><time>2000-01-01T08:36:08.000Z</time></trkpt><trkpt lat="46.18263" lon="6.83124"><ele>1705</ele><time>2000-01-01T08:36:18.000Z</time></trkpt><trkpt lat="46.18275" lon="6.83123"><ele>1705</ele><time>2000-01-01T08:36:28.000Z</time></trkpt><trkpt lat="46.18281" lon="6.83127"><ele>1705</ele><time>2000-01-01T08:36:38.000Z</time></trkpt><trkpt lat="46.18284" lon="6.83132"><ele>1703</ele><time>2000-01-01T08:36:48.000Z</time></trkpt><trkpt lat="46.18289" lon="6.83134"><ele>1703</ele><time>2000-01-01T08:36:58.000Z</time></trkpt><trkpt lat="46.18289" lon="6.83143"><ele>1703</ele><time>2000-01-01T08:37:08.000Z</time></trkpt><trkpt lat="46.18297" lon="6.83154"><ele>1701</ele><time>2000-01-01T08:37:18.000Z</time></trkpt><trkpt lat="46.18307" lon="6.83162"><ele>1700</ele><time>2000-01-01T08:37:28.000Z</time></trkpt><trkpt lat="46.18318" lon="6.83178"><ele>1697</ele><time>2000-01-01T08:37:38.000Z</time></trkpt><trkpt lat="46.18322" lon="6.83189"><ele>1695</ele><time>2000-01-01T08:37:48.000Z</time></trkpt><trkpt lat="46.18323" lon="6.83204"><ele>1694</ele><time>2000-01-01T08:37:58.000Z</time></trkpt><trkpt lat="46.18324" lon="6.83214"><ele>1694</ele><time>2000-01-01T08:38:08.000Z</time></trkpt><trkpt lat="46.18323" lon="6.83223"><ele>1693</ele><time>2000-01-01T08:38:18.000Z</time></trkpt><trkpt lat="46.18322" lon="6.8323"><ele>1693</ele><time>2000-01-01T08:38:28.000Z</time></trkpt><trkpt lat="46.18324" lon="6.83248"><ele>1692</ele><time>2000-01-01T08:38:38.000Z</time></trkpt><trkpt lat="46.18325" lon="6.83262"><ele>1691</ele><time>2000-01-01T08:38:48.000Z</time></trkpt><trkpt lat="46.18318" lon="6.83289"><ele>1690</ele><time>2000-01-01T08:38:58.000Z</time></trkpt><trkpt lat="46.18316" lon="6.83295"><ele>1689</ele><time>2000-01-01T08:39:08.000Z</time></trkpt><trkpt lat="46.18316" lon="6.83306"><ele>1688</ele><time>2000-01-01T08:39:18.000Z</time></trkpt><trkpt lat="46.18326" lon="6.83336"><ele>1688</ele><time>2000-01-01T08:39:28.000Z</time></trkpt><trkpt lat="46.1834" lon="6.8338"><ele>1685</ele><time>2000-01-01T08:39:38.000Z</time></trkpt><trkpt lat="46.18355" lon="6.83419"><ele>1683</ele><time>2000-01-01T08:39:48.000Z</time></trkpt><trkpt lat="46.18358" lon="6.83425"><ele>1683</ele><time>2000-01-01T08:39:58.000Z</time></trkpt><trkpt lat="46.18361" lon="6.83431"><ele>1683</ele><time>2000-01-01T08:40:08.000Z</time></trkpt><trkpt lat="46.18365" lon="6.83432"><ele>1683</ele><time>2000-01-01T08:40:18.000Z</time></trkpt><trkpt lat="46.18371" lon="6.83431"><ele>1683</ele><time>2000-01-01T08:40:28.000Z</time></trkpt><trkpt lat="46.18385" lon="6.83413"><ele>1683</ele><time>2000-01-01T08:40:38.000Z</time></trkpt><trkpt lat="46.18397" lon="6.83383"><ele>1684</ele><time>2000-01-01T08:40:48.000Z</time></trkpt><trkpt lat="46.1841" lon="6.83353"><ele>1684</ele><time>2000-01-01T08:40:58.000Z</time></trkpt><trkpt lat="46.18424" lon="6.8332"><ele>1688</ele><time>2000-01-01T08:41:08.000Z</time></trkpt><trkpt lat="46.18444" lon="6.83275"><ele>1695</ele><time>2000-01-01T08:41:18.000Z</time></trkpt><trkpt lat="46.18468" lon="6.8322"><ele>1703</ele><time>2000-01-01T08:41:28.000Z</time></trkpt><trkpt lat="46.18493" lon="6.83165"><ele>1713</ele><time>2000-01-01T08:41:38.000Z</time></trkpt><trkpt lat="46.18517" lon="6.8311"><ele>1721</ele><time>2000-01-01T08:41:48.000Z</time></trkpt><trkpt lat="46.18542" lon="6.83056"><ele>1736</ele><time>2000-01-01T08:41:58.000Z</time></trkpt><trkpt lat="46.18566" lon="6.83001"><ele>1745</ele><time>2000-01-01T08:42:08.000Z</time></trkpt><trkpt lat="46.1859" lon="6.82946"><ele>1755</ele><time>2000-01-01T08:42:18.000Z</time></trkpt><trkpt lat="46.18615" lon="6.82891"><ele>1772</ele><time>2000-01-01T08:42:28.000Z</time></trkpt><trkpt lat="46.18639" lon="6.82836"><ele>1787</ele><time>2000-01-01T08:42:38.000Z</time></trkpt><trkpt lat="46.18663" lon="6.82781"><ele>1802</ele><time>2000-01-01T08:42:48.000Z</time></trkpt><trkpt lat="46.18688" lon="6.82727"><ele>1812</ele><time>2000-01-01T08:42:58.000Z</time></trkpt><trkpt lat="46.18712" lon="6.82672"><ele>1836</ele><time>2000-01-01T08:43:08.000Z</time></trkpt><trkpt lat="46.18737" lon="6.82617"><ele>1854</ele><time>2000-01-01T08:43:18.000Z</time></trkpt><trkpt lat="46.18761" lon="6.82562"><ele>1875</ele><time>2000-01-01T08:43:28.000Z</time></trkpt><trkpt lat="46.18786" lon="6.82507"><ele>1897</ele><time>2000-01-01T08:43:38.000Z</time></trkpt><trkpt lat="46.1881" lon="6.82452"><ele>1921</ele><time>2000-01-01T08:43:48.000Z</time></trkpt><trkpt lat="46.18834" lon="6.82397"><ele>1944</ele><time>2000-01-01T08:43:58.000Z</time></trkpt><trkpt lat="46.18859" lon="6.82343"><ele>1958</ele><time>2000-01-01T08:44:08.000Z</time></trkpt><trkpt lat="46.18883" lon="6.82288"><ele>1972</ele><time>2000-01-01T08:44:18.000Z</time></trkpt><trkpt lat="46.18907" lon="6.82233"><ele>1981</ele><time>2000-01-01T08:44:28.000Z</time></trkpt><trkpt lat="46.18932" lon="6.82178"><ele>1995</ele><time>2000-01-01T08:44:38.000Z</time></trkpt><trkpt lat="46.18956" lon="6.82123"><ele>2010</ele><time>2000-01-01T08:44:48.000Z</time></trkpt><trkpt lat="46.18981" lon="6.82069"><ele>2035</ele><time>2000-01-01T08:44:58.000Z</time></trkpt><trkpt lat="46.19005" lon="6.82014"><ele>2060</ele><time>2000-01-01T08:45:08.000Z</time></trkpt><trkpt lat="46.19029" lon="6.81959"><ele>2091</ele><time>2000-01-01T08:45:18.000Z</time></trkpt><trkpt lat="46.19054" lon="6.81904"><ele>2123</ele><time>2000-01-01T08:45:28.000Z</time></trkpt><trkpt lat="46.19078" lon="6.81849"><ele>2148</ele><time>2000-01-01T08:45:38.000Z</time></trkpt><trkpt lat="46.19103" lon="6.81794"><ele>2169</ele><time>2000-01-01T08:45:48.000Z</time></trkpt><trkpt lat="46.19127" lon="6.81739"><ele>2200</ele><time>2000-01-01T08:45:58.000Z</time></trkpt><trkpt lat="46.19151" lon="6.81685"><ele>2223</ele><time>2000-01-01T08:46:08.000Z</time></trkpt><trkpt lat="46.19167" lon="6.81649"><ele>2234</ele><time>2000-01-01T08:46:18.000Z</time></trkpt><trkpt lat="46.19195" lon="6.81587"><ele>2239</ele><time>2000-01-01T08:46:28.000Z</time></trkpt><trkpt lat="46.19195" lon="6.81528"><ele>2240</ele><time>2000-01-01T08:46:38.000Z</time></trkpt><trkpt lat="46.19187" lon="6.81532"><ele>2246</ele><time>2000-01-01T08:46:48.000Z</time></trkpt><trkpt lat="46.19179" lon="6.81502"><ele>2240</ele><time>2000-01-01T08:46:58.000Z</time></trkpt><trkpt lat="46.19163" lon="6.81484"><ele>2235</ele><time>2000-01-01T08:47:08.000Z</time></trkpt><trkpt lat="46.19149" lon="6.81474"><ele>2235</ele><time>2000-01-01T08:47:18.000Z</time></trkpt><trkpt lat="46.19133" lon="6.81471"><ele>2231</ele><time>2000-01-01T08:47:28.000Z</time></trkpt><trkpt lat="46.1909" lon="6.81474"><ele>2213</ele><time>2000-01-01T08:47:38.000Z</time></trkpt><trkpt lat="46.19078" lon="6.81483"><ele>2220</ele><time>2000-01-01T08:47:48.000Z</time></trkpt><trkpt lat="46.19065" lon="6.81499"><ele>2212</ele><time>2000-01-01T08:47:58.000Z</time></trkpt><trkpt lat="46.19042" lon="6.81532"><ele>2212</ele><time>2000-01-01T08:48:08.000Z</time></trkpt><trkpt lat="46.19033" lon="6.81557"><ele>2208</ele><time>2000-01-01T08:48:18.000Z</time></trkpt><trkpt lat="46.19018" lon="6.81586"><ele>2204</ele><time>2000-01-01T08:48:28.000Z</time></trkpt><trkpt lat="46.18995" lon="6.81617"><ele>2202</ele><time>2000-01-01T08:48:38.000Z</time></trkpt><trkpt lat="46.18958" lon="6.81656"><ele>2192</ele><time>2000-01-01T08:48:48.000Z</time></trkpt><trkpt lat="46.1892" lon="6.81689"><ele>2183</ele><time>2000-01-01T08:48:58.000Z</time></trkpt><trkpt lat="46.18894" lon="6.81695"><ele>2172</ele><time>2000-01-01T08:49:08.000Z</time></trkpt><trkpt lat="46.18861" lon="6.81703"><ele>2169</ele><time>2000-01-01T08:49:18.000Z</time></trkpt><trkpt lat="46.18848" lon="6.8172"><ele>2164</ele><time>2000-01-01T08:49:28.000Z</time></trkpt><trkpt lat="46.18859" lon="6.8172"><ele>2169</ele><time>2000-01-01T08:49:38.000Z</time></trkpt><trkpt lat="46.18879" lon="6.81712"><ele>2169</ele><time>2000-01-01T08:49:48.000Z</time></trkpt><trkpt lat="46.18894" lon="6.81713"><ele>2171</ele><time>2000-01-01T08:49:58.000Z</time></trkpt><trkpt lat="46.18911" lon="6.81733"><ele>2173</ele><time>2000-01-01T08:50:08.000Z</time></trkpt><trkpt lat="46.18917" lon="6.81734"><ele>2173</ele><time>2000-01-01T08:50:18.000Z</time></trkpt><trkpt lat="46.18928" lon="6.8173"><ele>2173</ele><time>2000-01-01T08:50:28.000Z</time></trkpt><trkpt lat="46.1894" lon="6.81737"><ele>2169</ele><time>2000-01-01T08:50:38.000Z</time></trkpt><trkpt lat="46.1895" lon="6.81762"><ele>2171</ele><time>2000-01-01T08:50:48.000Z</time></trkpt><trkpt lat="46.18955" lon="6.81769"><ele>2169</ele><time>2000-01-01T08:50:58.000Z</time></trkpt><trkpt lat="46.18961" lon="6.8177"><ele>2169</ele><time>2000-01-01T08:51:08.000Z</time></trkpt><trkpt lat="46.18973" lon="6.81761"><ele>2173</ele><time>2000-01-01T08:51:18.000Z</time></trkpt><trkpt lat="46.18981" lon="6.81761"><ele>2178</ele><time>2000-01-01T08:51:28.000Z</time></trkpt><trkpt lat="46.19003" lon="6.81773"><ele>2168</ele><time>2000-01-01T08:51:38.000Z</time></trkpt><trkpt lat="46.19007" lon="6.81779"><ele>2181</ele><time>2000-01-01T08:51:48.000Z</time></trkpt><trkpt lat="46.19013" lon="6.81804"><ele>2168</ele><time>2000-01-01T08:51:58.000Z</time></trkpt><trkpt lat="46.1902" lon="6.81816"><ele>2155</ele><time>2000-01-01T08:52:08.000Z</time></trkpt><trkpt lat="46.19024" lon="6.81816"><ele>2158</ele><time>2000-01-01T08:52:18.000Z</time></trkpt><trkpt lat="46.19037" lon="6.81807"><ele>2168</ele><time>2000-01-01T08:52:28.000Z</time></trkpt><trkpt lat="46.19046" lon="6.81806"><ele>2168</ele><time>2000-01-01T08:52:38.000Z</time></trkpt><trkpt lat="46.19054" lon="6.81808"><ele>2170</ele><time>2000-01-01T08:52:48.000Z</time></trkpt><trkpt lat="46.19069" lon="6.81825"><ele>2161</ele><time>2000-01-01T08:52:58.000Z</time></trkpt><trkpt lat="46.19078" lon="6.8186"><ele>2148</ele><time>2000-01-01T08:53:08.000Z</time></trkpt><trkpt lat="46.1909" lon="6.81879"><ele>2141</ele><time>2000-01-01T08:53:18.000Z</time></trkpt><trkpt lat="46.19097" lon="6.81895"><ele>2135</ele><time>2000-01-01T08:53:28.000Z</time></trkpt><trkpt lat="46.19106" lon="6.8191"><ele>2129</ele><time>2000-01-01T08:53:38.000Z</time></trkpt><trkpt lat="46.19123" lon="6.81927"><ele>2123</ele><time>2000-01-01T08:53:48.000Z</time></trkpt><trkpt lat="46.19141" lon="6.81932"><ele>2120</ele><time>2000-01-01T08:53:58.000Z</time></trkpt><trkpt lat="46.19149" lon="6.81932"><ele>2120</ele><time>2000-01-01T08:54:08.000Z</time></trkpt><trkpt lat="46.19156" lon="6.81939"><ele>2120</ele><time>2000-01-01T08:54:18.000Z</time></trkpt><trkpt lat="46.19161" lon="6.81953"><ele>2119</ele><time>2000-01-01T08:54:28.000Z</time></trkpt><trkpt lat="46.19162" lon="6.81976"><ele>2117</ele><time>2000-01-01T08:54:38.000Z</time></trkpt><trkpt lat="46.1916" lon="6.81988"><ele>2116</ele><time>2000-01-01T08:54:48.000Z</time></trkpt><trkpt lat="46.19163" lon="6.81991"><ele>2115</ele><time>2000-01-01T08:54:58.000Z</time></trkpt><trkpt lat="46.19167" lon="6.81988"><ele>2115</ele><time>2000-01-01T08:55:08.000Z</time></trkpt><trkpt lat="46.19188" lon="6.81962"><ele>2113</ele><time>2000-01-01T08:55:18.000Z</time></trkpt><trkpt lat="46.1919" lon="6.81955"><ele>2114</ele><time>2000-01-01T08:55:28.000Z</time></trkpt><trkpt lat="46.19194" lon="6.81959"><ele>2105</ele><time>2000-01-01T08:55:38.000Z</time></trkpt><trkpt lat="46.19184" lon="6.82"><ele>2111</ele><time>2000-01-01T08:55:48.000Z</time></trkpt><trkpt lat="46.19179" lon="6.82013"><ele>2109</ele><time>2000-01-01T08:55:58.000Z</time></trkpt><trkpt lat="46.19173" lon="6.8202"><ele>2109</ele><time>2000-01-01T08:56:08.000Z</time></trkpt><trkpt lat="46.19172" lon="6.82025"><ele>2106</ele><time>2000-01-01T08:56:18.000Z</time></trkpt><trkpt lat="46.19178" lon="6.82055"><ele>2097</ele><time>2000-01-01T08:56:28.000Z</time></trkpt><trkpt lat="46.19178" lon="6.82072"><ele>2094</ele><time>2000-01-01T08:56:38.000Z</time></trkpt><trkpt lat="46.19185" lon="6.82118"><ele>2088</ele><time>2000-01-01T08:56:48.000Z</time></trkpt><trkpt lat="46.19208" lon="6.82119"><ele>2086</ele><time>2000-01-01T08:56:58.000Z</time></trkpt><trkpt lat="46.19224" lon="6.82126"><ele>2082</ele><time>2000-01-01T08:57:08.000Z</time></trkpt><trkpt lat="46.19227" lon="6.82124"><ele>2082</ele><time>2000-01-01T08:57:18.000Z</time></trkpt><trkpt lat="46.19222" lon="6.82069"><ele>2077</ele><time>2000-01-01T08:57:28.000Z</time></trkpt><trkpt lat="46.19223" lon="6.82063"><ele>2077</ele><time>2000-01-01T08:57:38.000Z</time></trkpt><trkpt lat="46.19231" lon="6.82062"><ele>2077</ele><time>2000-01-01T08:57:48.000Z</time></trkpt><trkpt lat="46.19244" lon="6.82084"><ele>2075</ele><time>2000-01-01T08:57:58.000Z</time></trkpt><trkpt lat="46.19265" lon="6.82103"><ele>2073</ele><time>2000-01-01T08:58:08.000Z</time></trkpt><trkpt lat="46.19275" lon="6.82107"><ele>2073</ele><time>2000-01-01T08:58:18.000Z</time></trkpt><trkpt lat="46.19291" lon="6.82105"><ele>2069</ele><time>2000-01-01T08:58:28.000Z</time></trkpt><trkpt lat="46.19309" lon="6.82094"><ele>2064</ele><time>2000-01-01T08:58:38.000Z</time></trkpt><trkpt lat="46.19341" lon="6.82095"><ele>2057</ele><time>2000-01-01T08:58:48.000Z</time></trkpt><trkpt lat="46.19369" lon="6.82084"><ele>2055</ele><time>2000-01-01T08:58:58.000Z</time></trkpt><trkpt lat="46.19413" lon="6.82066"><ele>2040</ele><time>2000-01-01T08:59:08.000Z</time></trkpt><trkpt lat="46.19424" lon="6.82065"><ele>2040</ele><time>2000-01-01T08:59:18.000Z</time></trkpt><trkpt lat="46.19448" lon="6.82057"><ele>2038</ele><time>2000-01-01T08:59:28.000Z</time></trkpt><trkpt lat="46.19486" lon="6.82045"><ele>2025</ele><time>2000-01-01T08:59:38.000Z</time></trkpt><trkpt lat="46.19499" lon="6.82038"><ele>2025</ele><time>2000-01-01T08:59:48.000Z</time></trkpt><trkpt lat="46.19519" lon="6.82022"><ele>2018</ele><time>2000-01-01T08:59:58.000Z</time></trkpt><trkpt lat="46.19552" lon="6.81998"><ele>2014</ele><time>2000-01-01T09:00:08.000Z</time></trkpt><trkpt lat="46.19575" lon="6.81983"><ele>2010</ele><time>2000-01-01T09:00:18.000Z</time></trkpt><trkpt lat="46.19605" lon="6.81965"><ele>2010</ele><time>2000-01-01T09:00:28.000Z</time></trkpt><trkpt lat="46.19618" lon="6.81951"><ele>2004</ele><time>2000-01-01T09:00:38.000Z</time></trkpt><trkpt lat="46.19638" lon="6.8192"><ele>1998</ele><time>2000-01-01T09:00:48.000Z</time></trkpt><trkpt lat="46.19644" lon="6.81896"><ele>1996</ele><time>2000-01-01T09:00:58.000Z</time></trkpt><trkpt lat="46.19657" lon="6.81866"><ele>1998</ele><time>2000-01-01T09:01:08.000Z</time></trkpt><trkpt lat="46.19669" lon="6.81837"><ele>1992</ele><time>2000-01-01T09:01:18.000Z</time></trkpt><trkpt lat="46.19681" lon="6.81808"><ele>1992</ele><time>2000-01-01T09:01:28.000Z</time></trkpt><trkpt lat="46.1969" lon="6.81769"><ele>1988</ele><time>2000-01-01T09:01:38.000Z</time></trkpt><trkpt lat="46.19705" lon="6.81709"><ele>1987</ele><time>2000-01-01T09:01:48.000Z</time></trkpt><trkpt lat="46.19703" lon="6.81674"><ele>1985</ele><time>2000-01-01T09:01:58.000Z</time></trkpt><trkpt lat="46.19702" lon="6.81639"><ele>1981</ele><time>2000-01-01T09:02:08.000Z</time></trkpt><trkpt lat="46.19704" lon="6.81603"><ele>1979</ele><time>2000-01-01T09:02:18.000Z</time></trkpt><trkpt lat="46.19711" lon="6.81569"><ele>1978</ele><time>2000-01-01T09:02:28.000Z</time></trkpt><trkpt lat="46.19709" lon="6.81552"><ele>1977</ele><time>2000-01-01T09:02:38.000Z</time></trkpt><trkpt lat="46.19696" lon="6.81533"><ele>1978</ele><time>2000-01-01T09:02:48.000Z</time></trkpt><trkpt lat="46.19691" lon="6.81517"><ele>1978</ele><time>2000-01-01T09:02:58.000Z</time></trkpt><trkpt lat="46.19688" lon="6.81488"><ele>1978</ele><time>2000-01-01T09:03:08.000Z</time></trkpt><trkpt lat="46.19676" lon="6.81465"><ele>1979</ele><time>2000-01-01T09:03:18.000Z</time></trkpt><trkpt lat="46.19676" lon="6.81458"><ele>1979</ele><time>2000-01-01T09:03:28.000Z</time></trkpt><trkpt lat="46.19681" lon="6.81432"><ele>1979</ele><time>2000-01-01T09:03:38.000Z</time></trkpt><trkpt lat="46.19679" lon="6.81417"><ele>1980</ele><time>2000-01-01T09:03:48.000Z</time></trkpt><trkpt lat="46.19666" lon="6.81371"><ele>1983</ele><time>2000-01-01T09:03:58.000Z</time></trkpt><trkpt lat="46.19659" lon="6.81357"><ele>1983</ele><time>2000-01-01T09:04:08.000Z</time></trkpt><trkpt lat="46.1965" lon="6.81329"><ele>1982</ele><time>2000-01-01T09:04:18.000Z</time></trkpt><trkpt lat="46.19651" lon="6.8132"><ele>1983</ele><time>2000-01-01T09:04:28.000Z</time></trkpt><trkpt lat="46.19655" lon="6.81309"><ele>1982</ele><time>2000-01-01T09:04:38.000Z</time></trkpt><trkpt lat="46.19665" lon="6.813"><ele>1982</ele><time>2000-01-01T09:04:48.000Z</time></trkpt><trkpt lat="46.19666" lon="6.81294"><ele>1982</ele><time>2000-01-01T09:04:58.000Z</time></trkpt><trkpt lat="46.19701" lon="6.8129"><ele>1974</ele><time>2000-01-01T09:05:08.000Z</time></trkpt><trkpt lat="46.19727" lon="6.81292"><ele>1974</ele><time>2000-01-01T09:05:18.000Z</time></trkpt><trkpt lat="46.19751" lon="6.81285"><ele>1971</ele><time>2000-01-01T09:05:28.000Z</time></trkpt><trkpt lat="46.19768" lon="6.81259"><ele>1969</ele><time>2000-01-01T09:05:38.000Z</time></trkpt><trkpt lat="46.19787" lon="6.81229"><ele>1967</ele><time>2000-01-01T09:05:48.000Z</time></trkpt><trkpt lat="46.19815" lon="6.81176"><ele>1967</ele><time>2000-01-01T09:05:58.000Z</time></trkpt><trkpt lat="46.19816" lon="6.81166"><ele>1966</ele><time>2000-01-01T09:06:08.000Z</time></trkpt><trkpt lat="46.198" lon="6.81135"><ele>1968</ele><time>2000-01-01T09:06:18.000Z</time></trkpt><trkpt lat="46.19788" lon="6.81123"><ele>1969</ele><time>2000-01-01T09:06:28.000Z</time></trkpt><trkpt lat="46.19785" lon="6.81115"><ele>1970</ele><time>2000-01-01T09:06:38.000Z</time></trkpt><trkpt lat="46.19782" lon="6.81095"><ele>1970</ele><time>2000-01-01T09:06:48.000Z</time></trkpt><trkpt lat="46.19771" lon="6.81082"><ele>1971</ele><time>2000-01-01T09:06:58.000Z</time></trkpt><trkpt lat="46.19769" lon="6.81074"><ele>1972</ele><time>2000-01-01T09:07:08.000Z</time></trkpt><trkpt lat="46.19778" lon="6.81031"><ele>1971</ele><time>2000-01-01T09:07:18.000Z</time></trkpt><trkpt lat="46.198" lon="6.81008"><ele>1971</ele><time>2000-01-01T09:07:28.000Z</time></trkpt><trkpt lat="46.19802" lon="6.8099"><ele>1971</ele><time>2000-01-01T09:07:38.000Z</time></trkpt><trkpt lat="46.19796" lon="6.80967"><ele>1971</ele><time>2000-01-01T09:07:48.000Z</time></trkpt><trkpt lat="46.19782" lon="6.80952"><ele>1972</ele><time>2000-01-01T09:07:58.000Z</time></trkpt><trkpt lat="46.19783" lon="6.80926"><ele>1973</ele><time>2000-01-01T09:08:08.000Z</time></trkpt><trkpt lat="46.19773" lon="6.80905"><ele>1974</ele><time>2000-01-01T09:08:18.000Z</time></trkpt><trkpt lat="46.19783" lon="6.80894"><ele>1974</ele><time>2000-01-01T09:08:28.000Z</time></trkpt><trkpt lat="46.19786" lon="6.80885"><ele>1974</ele><time>2000-01-01T09:08:38.000Z</time></trkpt><trkpt lat="46.19783" lon="6.80855"><ele>1976</ele><time>2000-01-01T09:08:48.000Z</time></trkpt><trkpt lat="46.19775" lon="6.80846"><ele>1977</ele><time>2000-01-01T09:08:58.000Z</time></trkpt><trkpt lat="46.19757" lon="6.80836"><ele>1978</ele><time>2000-01-01T09:09:08.000Z</time></trkpt><trkpt lat="46.19756" lon="6.80794"><ele>1981</ele><time>2000-01-01T09:09:18.000Z</time></trkpt><trkpt lat="46.19743" lon="6.80771"><ele>1982</ele><time>2000-01-01T09:09:28.000Z</time></trkpt><trkpt lat="46.19724" lon="6.8072"><ele>1984</ele><time>2000-01-01T09:09:38.000Z</time></trkpt><trkpt lat="46.197" lon="6.80697"><ele>1986</ele><time>2000-01-01T09:09:48.000Z</time></trkpt><trkpt lat="46.19696" lon="6.80653"><ele>1990</ele><time>2000-01-01T09:09:58.000Z</time></trkpt><trkpt lat="46.19692" lon="6.80615"><ele>1993</ele><time>2000-01-01T09:10:08.000Z</time></trkpt><trkpt lat="46.19687" lon="6.80567"><ele>1994</ele><time>2000-01-01T09:10:18.000Z</time></trkpt><trkpt lat="46.19691" lon="6.80533"><ele>1994</ele><time>2000-01-01T09:10:28.000Z</time></trkpt><trkpt lat="46.19696" lon="6.80499"><ele>1994</ele><time>2000-01-01T09:10:38.000Z</time></trkpt><trkpt lat="46.19709" lon="6.80472"><ele>1994</ele><time>2000-01-01T09:10:48.000Z</time></trkpt><trkpt lat="46.19727" lon="6.80447"><ele>1990</ele><time>2000-01-01T09:10:58.000Z</time></trkpt><trkpt lat="46.19749" lon="6.80417"><ele>1986</ele><time>2000-01-01T09:11:08.000Z</time></trkpt><trkpt lat="46.1976" lon="6.80385"><ele>1986</ele><time>2000-01-01T09:11:18.000Z</time></trkpt><trkpt lat="46.19776" lon="6.80357"><ele>1984</ele><time>2000-01-01T09:11:28.000Z</time></trkpt><trkpt lat="46.19793" lon="6.80327"><ele>1983</ele><time>2000-01-01T09:11:38.000Z</time></trkpt><trkpt lat="46.19805" lon="6.80291"><ele>1978</ele><time>2000-01-01T09:11:48.000Z</time></trkpt><trkpt lat="46.19807" lon="6.80273"><ele>1976</ele><time>2000-01-01T09:11:58.000Z</time></trkpt><trkpt lat="46.19817" lon="6.80253"><ele>1976</ele><time>2000-01-01T09:12:08.000Z</time></trkpt><trkpt lat="46.19826" lon="6.80209"><ele>1975</ele><time>2000-01-01T09:12:18.000Z</time></trkpt><trkpt lat="46.19831" lon="6.80155"><ele>1971</ele><time>2000-01-01T09:12:28.000Z</time></trkpt><trkpt lat="46.19836" lon="6.80134"><ele>1969</ele><time>2000-01-01T09:12:38.000Z</time></trkpt><trkpt lat="46.19842" lon="6.80111"><ele>1971</ele><time>2000-01-01T09:12:48.000Z</time></trkpt><trkpt lat="46.19849" lon="6.80086"><ele>1966</ele><time>2000-01-01T09:12:58.000Z</time></trkpt><trkpt lat="46.1986" lon="6.80062"><ele>1964</ele><time>2000-01-01T09:13:08.000Z</time></trkpt><trkpt lat="46.1987" lon="6.80052"><ele>1962</ele><time>2000-01-01T09:13:18.000Z</time></trkpt><trkpt lat="46.19882" lon="6.8003"><ele>1961</ele><time>2000-01-01T09:13:28.000Z</time></trkpt><trkpt lat="46.19897" lon="6.80003"><ele>1956</ele><time>2000-01-01T09:13:38.000Z</time></trkpt><trkpt lat="46.19908" lon="6.79975"><ele>1953</ele><time>2000-01-01T09:13:48.000Z</time></trkpt><trkpt lat="46.19929" lon="6.79939"><ele>1943</ele><time>2000-01-01T09:13:58.000Z</time></trkpt><trkpt lat="46.19952" lon="6.79917"><ele>1941</ele><time>2000-01-01T09:14:08.000Z</time></trkpt><trkpt lat="46.19985" lon="6.79899"><ele>1937</ele><time>2000-01-01T09:14:18.000Z</time></trkpt><trkpt lat="46.20007" lon="6.79879"><ele>1934</ele><time>2000-01-01T09:14:28.000Z</time></trkpt><trkpt lat="46.20016" lon="6.79864"><ele>1933</ele><time>2000-01-01T09:14:38.000Z</time></trkpt><trkpt lat="46.20026" lon="6.79855"><ele>1933</ele><time>2000-01-01T09:14:48.000Z</time></trkpt><trkpt lat="46.20029" lon="6.79848"><ele>1930</ele><time>2000-01-01T09:14:58.000Z</time></trkpt><trkpt lat="46.20039" lon="6.79814"><ele>1930</ele><time>2000-01-01T09:15:08.000Z</time></trkpt><trkpt lat="46.20058" lon="6.79776"><ele>1928</ele><time>2000-01-01T09:15:18.000Z</time></trkpt><trkpt lat="46.20088" lon="6.79766"><ele>1926</ele><time>2000-01-01T09:15:28.000Z</time></trkpt><trkpt lat="46.20093" lon="6.79761"><ele>1926</ele><time>2000-01-01T09:15:38.000Z</time></trkpt><trkpt lat="46.20101" lon="6.79745"><ele>1922</ele><time>2000-01-01T09:15:48.000Z</time></trkpt><trkpt lat="46.20096" lon="6.79727"><ele>1921</ele><time>2000-01-01T09:15:58.000Z</time></trkpt><trkpt lat="46.20106" lon="6.79722"><ele>1919</ele><time>2000-01-01T09:16:08.000Z</time></trkpt><trkpt lat="46.20104" lon="6.79717"><ele>1915</ele><time>2000-01-01T09:16:18.000Z</time></trkpt><trkpt lat="46.20094" lon="6.79703"><ele>1917</ele><time>2000-01-01T09:16:28.000Z</time></trkpt><trkpt lat="46.20084" lon="6.79696"><ele>1912</ele><time>2000-01-01T09:16:38.000Z</time></trkpt><trkpt lat="46.20082" lon="6.79689"><ele>1912</ele><time>2000-01-01T09:16:48.000Z</time></trkpt><trkpt lat="46.20083" lon="6.79683"><ele>1912</ele><time>2000-01-01T09:16:58.000Z</time></trkpt><trkpt lat="46.20098" lon="6.79685"><ele>1912</ele><time>2000-01-01T09:17:08.000Z</time></trkpt><trkpt lat="46.20107" lon="6.79667"><ele>1907</ele><time>2000-01-01T09:17:18.000Z</time></trkpt><trkpt lat="46.20108" lon="6.79649"><ele>1901</ele><time>2000-01-01T09:17:28.000Z</time></trkpt><trkpt lat="46.2011" lon="6.79643"><ele>1901</ele><time>2000-01-01T09:17:38.000Z</time></trkpt><trkpt lat="46.20137" lon="6.79608"><ele>1893</ele><time>2000-01-01T09:17:48.000Z</time></trkpt><trkpt lat="46.20138" lon="6.79586"><ele>1890</ele><time>2000-01-01T09:17:58.000Z</time></trkpt><trkpt lat="46.20151" lon="6.79567"><ele>1891</ele><time>2000-01-01T09:18:08.000Z</time></trkpt><trkpt lat="46.20161" lon="6.79539"><ele>1881</ele><time>2000-01-01T09:18:18.000Z</time></trkpt><trkpt lat="46.20182" lon="6.7951"><ele>1879</ele><time>2000-01-01T09:18:28.000Z</time></trkpt><trkpt lat="46.20198" lon="6.79486"><ele>1877</ele><time>2000-01-01T09:18:38.000Z</time></trkpt><trkpt lat="46.20215" lon="6.79462"><ele>1877</ele><time>2000-01-01T09:18:48.000Z</time></trkpt><trkpt lat="46.20242" lon="6.79434"><ele>1875</ele><time>2000-01-01T09:18:58.000Z</time></trkpt><trkpt lat="46.2025" lon="6.79417"><ele>1870</ele><time>2000-01-01T09:19:08.000Z</time></trkpt><trkpt lat="46.20263" lon="6.79401"><ele>1870</ele><time>2000-01-01T09:19:18.000Z</time></trkpt><trkpt lat="46.20277" lon="6.79384"><ele>1870</ele><time>2000-01-01T09:19:28.000Z</time></trkpt><trkpt lat="46.20287" lon="6.79356"><ele>1864</ele><time>2000-01-01T09:19:38.000Z</time></trkpt><trkpt lat="46.20296" lon="6.79346"><ele>1866</ele><time>2000-01-01T09:19:48.000Z</time></trkpt><trkpt lat="46.20308" lon="6.79325"><ele>1862</ele><time>2000-01-01T09:19:58.000Z</time></trkpt><trkpt lat="46.20321" lon="6.79315"><ele>1866</ele><time>2000-01-01T09:20:08.000Z</time></trkpt><trkpt lat="46.2033" lon="6.79292"><ele>1861</ele><time>2000-01-01T09:20:18.000Z</time></trkpt><trkpt lat="46.2034" lon="6.79266"><ele>1860</ele><time>2000-01-01T09:20:28.000Z</time></trkpt><trkpt lat="46.20346" lon="6.79261"><ele>1857</ele><time>2000-01-01T09:20:38.000Z</time></trkpt><trkpt lat="46.20364" lon="6.79261"><ele>1859</ele><time>2000-01-01T09:20:48.000Z</time></trkpt><trkpt lat="46.20387" lon="6.79254"><ele>1859</ele><time>2000-01-01T09:20:58.000Z</time></trkpt><trkpt lat="46.20411" lon="6.79248"><ele>1855</ele><time>2000-01-01T09:21:08.000Z</time></trkpt><trkpt lat="46.20433" lon="6.79231"><ele>1855</ele><time>2000-01-01T09:21:18.000Z</time></trkpt><trkpt lat="46.20457" lon="6.79224"><ele>1849</ele><time>2000-01-01T09:21:28.000Z</time></trkpt><trkpt lat="46.20476" lon="6.79206"><ele>1845</ele><time>2000-01-01T09:21:38.000Z</time></trkpt><trkpt lat="46.20517" lon="6.7919"><ele>1843</ele><time>2000-01-01T09:21:48.000Z</time></trkpt><trkpt lat="46.20547" lon="6.79146"><ele>1839</ele><time>2000-01-01T09:21:58.000Z</time></trkpt><trkpt lat="46.20569" lon="6.79134"><ele>1836</ele><time>2000-01-01T09:22:08.000Z</time></trkpt><trkpt lat="46.20591" lon="6.79104"><ele>1834</ele><time>2000-01-01T09:22:18.000Z</time></trkpt><trkpt lat="46.20607" lon="6.79076"><ele>1832</ele><time>2000-01-01T09:22:28.000Z</time></trkpt><trkpt lat="46.20627" lon="6.79044"><ele>1826</ele><time>2000-01-01T09:22:38.000Z</time></trkpt><trkpt lat="46.20644" lon="6.7903"><ele>1823</ele><time>2000-01-01T09:22:48.000Z</time></trkpt><trkpt lat="46.20658" lon="6.79022"><ele>1822</ele><time>2000-01-01T09:22:58.000Z</time></trkpt><trkpt lat="46.20662" lon="6.79018"><ele>1822</ele><time>2000-01-01T09:23:08.000Z</time></trkpt><trkpt lat="46.20668" lon="6.78997"><ele>1819</ele><time>2000-01-01T09:23:18.000Z</time></trkpt><trkpt lat="46.20687" lon="6.78977"><ele>1813</ele><time>2000-01-01T09:23:28.000Z</time></trkpt><trkpt lat="46.20695" lon="6.78975"><ele>1813</ele><time>2000-01-01T09:23:38.000Z</time></trkpt><trkpt lat="46.20698" lon="6.78938"><ele>1808</ele><time>2000-01-01T09:23:48.000Z</time></trkpt><trkpt lat="46.20711" lon="6.78899"><ele>1807</ele><time>2000-01-01T09:23:58.000Z</time></trkpt><trkpt lat="46.20731" lon="6.78854"><ele>1807</ele><time>2000-01-01T09:24:08.000Z</time></trkpt><trkpt lat="46.20741" lon="6.78847"><ele>1807</ele><time>2000-01-01T09:24:18.000Z</time></trkpt><trkpt lat="46.2074" lon="6.78835"><ele>1805</ele><time>2000-01-01T09:24:28.000Z</time></trkpt><trkpt lat="46.2075" lon="6.78795"><ele>1802</ele><time>2000-01-01T09:24:38.000Z</time></trkpt><trkpt lat="46.20749" lon="6.78786"><ele>1802</ele><time>2000-01-01T09:24:48.000Z</time></trkpt><trkpt lat="46.20751" lon="6.78779"><ele>1801</ele><time>2000-01-01T09:24:58.000Z</time></trkpt><trkpt lat="46.20778" lon="6.78761"><ele>1797</ele><time>2000-01-01T09:25:08.000Z</time></trkpt><trkpt lat="46.20808" lon="6.78746"><ele>1791</ele><time>2000-01-01T09:25:18.000Z</time></trkpt><trkpt lat="46.20838" lon="6.78732"><ele>1785</ele><time>2000-01-01T09:25:28.000Z</time></trkpt><trkpt lat="46.20872" lon="6.78716"><ele>1778</ele><time>2000-01-01T09:25:38.000Z</time></trkpt><trkpt lat="46.20902" lon="6.78691"><ele>1772</ele><time>2000-01-01T09:25:48.000Z</time></trkpt><trkpt lat="46.20921" lon="6.7868"><ele>1769</ele><time>2000-01-01T09:25:58.000Z</time></trkpt><trkpt lat="46.20935" lon="6.78683"><ele>1769</ele><time>2000-01-01T09:26:08.000Z</time></trkpt><trkpt lat="46.2094" lon="6.7868"><ele>1769</ele><time>2000-01-01T09:26:18.000Z</time></trkpt><trkpt lat="46.20936" lon="6.78648"><ele>1760</ele><time>2000-01-01T09:26:28.000Z</time></trkpt><trkpt lat="46.2094" lon="6.7863"><ele>1754</ele><time>2000-01-01T09:26:38.000Z</time></trkpt><trkpt lat="46.20948" lon="6.78609"><ele>1753</ele><time>2000-01-01T09:26:48.000Z</time></trkpt><trkpt lat="46.20963" lon="6.78589"><ele>1751</ele><time>2000-01-01T09:26:58.000Z</time></trkpt><trkpt lat="46.2097" lon="6.78584"><ele>1751</ele><time>2000-01-01T09:27:08.000Z</time></trkpt><trkpt lat="46.21" lon="6.78578"><ele>1747</ele><time>2000-01-01T09:27:18.000Z</time></trkpt><trkpt lat="46.21016" lon="6.78571"><ele>1750</ele><time>2000-01-01T09:27:28.000Z</time></trkpt><trkpt lat="46.2103" lon="6.78551"><ele>1741</ele><time>2000-01-01T09:27:38.000Z</time></trkpt><trkpt lat="46.21044" lon="6.78516"><ele>1740</ele><time>2000-01-01T09:27:48.000Z</time></trkpt><trkpt lat="46.21064" lon="6.78465"><ele>1737</ele><time>2000-01-01T09:27:58.000Z</time></trkpt><trkpt lat="46.2107" lon="6.78441"><ele>1729</ele><time>2000-01-01T09:28:08.000Z</time></trkpt><trkpt lat="46.21073" lon="6.78407"><ele>1730</ele><time>2000-01-01T09:28:18.000Z</time></trkpt><trkpt lat="46.21087" lon="6.78353"><ele>1723</ele><time>2000-01-01T09:28:28.000Z</time></trkpt><trkpt lat="46.21089" lon="6.78303"><ele>1719</ele><time>2000-01-01T09:28:38.000Z</time></trkpt><trkpt lat="46.21101" lon="6.78274"><ele>1716</ele><time>2000-01-01T09:28:48.000Z</time></trkpt><trkpt lat="46.21113" lon="6.78243"><ele>1714</ele><time>2000-01-01T09:28:58.000Z</time></trkpt><trkpt lat="46.21117" lon="6.78215"><ele>1705</ele><time>2000-01-01T09:29:08.000Z</time></trkpt><trkpt lat="46.2112" lon="6.78164"><ele>1694</ele><time>2000-01-01T09:29:18.000Z</time></trkpt><trkpt lat="46.21136" lon="6.78106"><ele>1687</ele><time>2000-01-01T09:29:28.000Z</time></trkpt><trkpt lat="46.21133" lon="6.78097"><ele>1682</ele><time>2000-01-01T09:29:38.000Z</time></trkpt><trkpt lat="46.21133" lon="6.78083"><ele>1682</ele><time>2000-01-01T09:29:48.000Z</time></trkpt><trkpt lat="46.21144" lon="6.78051"><ele>1672</ele><time>2000-01-01T09:29:58.000Z</time></trkpt><trkpt lat="46.2116" lon="6.77992"><ele>1659</ele><time>2000-01-01T09:30:08.000Z</time></trkpt><trkpt lat="46.21174" lon="6.77928"><ele>1646</ele><time>2000-01-01T09:30:18.000Z</time></trkpt><trkpt lat="46.21192" lon="6.77889"><ele>1642</ele><time>2000-01-01T09:30:28.000Z</time></trkpt><trkpt lat="46.21213" lon="6.77859"><ele>1636</ele><time>2000-01-01T09:30:38.000Z</time></trkpt><trkpt lat="46.21229" lon="6.77832"><ele>1635</ele><time>2000-01-01T09:30:48.000Z</time></trkpt><trkpt lat="46.21246" lon="6.77809"><ele>1629</ele><time>2000-01-01T09:30:58.000Z</time></trkpt><trkpt lat="46.21263" lon="6.77785"><ele>1629</ele><time>2000-01-01T09:31:08.000Z</time></trkpt><trkpt lat="46.21266" lon="6.77774"><ele>1625</ele><time>2000-01-01T09:31:18.000Z</time></trkpt><trkpt lat="46.21266" lon="6.77764"><ele>1625</ele><time>2000-01-01T09:31:28.000Z</time></trkpt><trkpt lat="46.2126" lon="6.77749"><ele>1620</ele><time>2000-01-01T09:31:38.000Z</time></trkpt><trkpt lat="46.21243" lon="6.77749"><ele>1616</ele><time>2000-01-01T09:31:48.000Z</time></trkpt><trkpt lat="46.21217" lon="6.77761"><ele>1613</ele><time>2000-01-01T09:31:58.000Z</time></trkpt><trkpt lat="46.21191" lon="6.77774"><ele>1609</ele><time>2000-01-01T09:32:08.000Z</time></trkpt><trkpt lat="46.21156" lon="6.7779"><ele>1604</ele><time>2000-01-01T09:32:18.000Z</time></trkpt><trkpt lat="46.21133" lon="6.7781"><ele>1603</ele><time>2000-01-01T09:32:28.000Z</time></trkpt><trkpt lat="46.21101" lon="6.77836"><ele>1600</ele><time>2000-01-01T09:32:38.000Z</time></trkpt><trkpt lat="46.21084" lon="6.77849"><ele>1598</ele><time>2000-01-01T09:32:48.000Z</time></trkpt><trkpt lat="46.2105" lon="6.77863"><ele>1591</ele><time>2000-01-01T09:32:58.000Z</time></trkpt><trkpt lat="46.21039" lon="6.7787"><ele>1587</ele><time>2000-01-01T09:33:08.000Z</time></trkpt><trkpt lat="46.21026" lon="6.77887"><ele>1583</ele><time>2000-01-01T09:33:18.000Z</time></trkpt><trkpt lat="46.21012" lon="6.77904"><ele>1585</ele><time>2000-01-01T09:33:28.000Z</time></trkpt><trkpt lat="46.20993" lon="6.77932"><ele>1582</ele><time>2000-01-01T09:33:38.000Z</time></trkpt><trkpt lat="46.20969" lon="6.77969"><ele>1572</ele><time>2000-01-01T09:33:48.000Z</time></trkpt><trkpt lat="46.2095" lon="6.77988"><ele>1568</ele><time>2000-01-01T09:33:58.000Z</time></trkpt><trkpt lat="46.20929" lon="6.78007"><ele>1564</ele><time>2000-01-01T09:34:08.000Z</time></trkpt><trkpt lat="46.209" lon="6.78024"><ele>1557</ele><time>2000-01-01T09:34:18.000Z</time></trkpt><trkpt lat="46.20871" lon="6.78041"><ele>1554</ele><time>2000-01-01T09:34:28.000Z</time></trkpt><trkpt lat="46.20841" lon="6.78059"><ele>1546</ele><time>2000-01-01T09:34:38.000Z</time></trkpt><trkpt lat="46.20825" lon="6.78063"><ele>1542</ele><time>2000-01-01T09:34:48.000Z</time></trkpt><trkpt lat="46.2081" lon="6.78056"><ele>1539</ele><time>2000-01-01T09:34:58.000Z</time></trkpt><trkpt lat="46.20794" lon="6.78049"><ele>1534</ele><time>2000-01-01T09:35:08.000Z</time></trkpt><trkpt lat="46.20776" lon="6.78048"><ele>1530</ele><time>2000-01-01T09:35:18.000Z</time></trkpt><trkpt lat="46.20758" lon="6.78052"><ele>1530</ele><time>2000-01-01T09:35:28.000Z</time></trkpt><trkpt lat="46.20741" lon="6.7806"><ele>1527</ele><time>2000-01-01T09:35:38.000Z</time></trkpt><trkpt lat="46.20719" lon="6.78071"><ele>1524</ele><time>2000-01-01T09:35:48.000Z</time></trkpt><trkpt lat="46.20709" lon="6.78066"><ele>1523</ele><time>2000-01-01T09:35:58.000Z</time></trkpt><trkpt lat="46.20705" lon="6.78051"><ele>1523</ele><time>2000-01-01T09:36:08.000Z</time></trkpt><trkpt lat="46.20723" lon="6.78005"><ele>1517</ele><time>2000-01-01T09:36:18.000Z</time></trkpt><trkpt lat="46.20733" lon="6.77969"><ele>1512</ele><time>2000-01-01T09:36:28.000Z</time></trkpt><trkpt lat="46.20739" lon="6.77936"><ele>1508</ele><time>2000-01-01T09:36:38.000Z</time></trkpt><trkpt lat="46.20746" lon="6.77903"><ele>1505</ele><time>2000-01-01T09:36:48.000Z</time></trkpt><trkpt lat="46.20753" lon="6.77894"><ele>1505</ele><time>2000-01-01T09:36:58.000Z</time></trkpt><trkpt lat="46.20757" lon="6.77867"><ele>1503</ele><time>2000-01-01T09:37:08.000Z</time></trkpt><trkpt lat="46.20762" lon="6.77838"><ele>1501</ele><time>2000-01-01T09:37:18.000Z</time></trkpt><trkpt lat="46.2077" lon="6.77805"><ele>1499</ele><time>2000-01-01T09:37:28.000Z</time></trkpt><trkpt lat="46.20786" lon="6.77759"><ele>1498</ele><time>2000-01-01T09:37:38.000Z</time></trkpt><trkpt lat="46.20803" lon="6.77713"><ele>1498</ele><time>2000-01-01T09:37:48.000Z</time></trkpt><trkpt lat="46.20819" lon="6.77667"><ele>1495</ele><time>2000-01-01T09:37:58.000Z</time></trkpt><trkpt lat="46.2083" lon="6.77636"><ele>1494</ele><time>2000-01-01T09:38:08.000Z</time></trkpt><trkpt lat="46.20841" lon="6.77605"><ele>1494</ele><time>2000-01-01T09:38:18.000Z</time></trkpt><trkpt lat="46.20848" lon="6.77589"><ele>1494</ele><time>2000-01-01T09:38:28.000Z</time></trkpt><trkpt lat="46.20857" lon="6.77555"><ele>1495</ele><time>2000-01-01T09:38:38.000Z</time></trkpt><trkpt lat="46.20882" lon="6.77548"><ele>1497</ele><time>2000-01-01T09:38:48.000Z</time></trkpt><trkpt lat="46.209" lon="6.77534"><ele>1495</ele><time>2000-01-01T09:38:58.000Z</time></trkpt><trkpt lat="46.20906" lon="6.77525"><ele>1498</ele><time>2000-01-01T09:39:08.000Z</time></trkpt><trkpt lat="46.20909" lon="6.77509"><ele>1494</ele><time>2000-01-01T09:39:18.000Z</time></trkpt><trkpt lat="46.20909" lon="6.77498"><ele>1484</ele><time>2000-01-01T09:39:28.000Z</time></trkpt><trkpt lat="46.20912" lon="6.77489"><ele>1488</ele><time>2000-01-01T09:39:38.000Z</time></trkpt><trkpt lat="46.20933" lon="6.77474"><ele>1484</ele><time>2000-01-01T09:39:48.000Z</time></trkpt><trkpt lat="46.20952" lon="6.77441"><ele>1480</ele><time>2000-01-01T09:39:58.000Z</time></trkpt><trkpt lat="46.20959" lon="6.77436"><ele>1480</ele><time>2000-01-01T09:40:08.000Z</time></trkpt><trkpt lat="46.20986" lon="6.77444"><ele>1480</ele><time>2000-01-01T09:40:18.000Z</time></trkpt><trkpt lat="46.20997" lon="6.77444"><ele>1478</ele><time>2000-01-01T09:40:28.000Z</time></trkpt><trkpt lat="46.21021" lon="6.77441"><ele>1476</ele><time>2000-01-01T09:40:38.000Z</time></trkpt><trkpt lat="46.21064" lon="6.77421"><ele>1472</ele><time>2000-01-01T09:40:48.000Z</time></trkpt><trkpt lat="46.21089" lon="6.774"><ele>1470</ele><time>2000-01-01T09:40:58.000Z</time></trkpt><trkpt lat="46.21096" lon="6.77389"><ele>1470</ele><time>2000-01-01T09:41:08.000Z</time></trkpt><trkpt lat="46.21098" lon="6.77379"><ele>1469</ele><time>2000-01-01T09:41:18.000Z</time></trkpt><trkpt lat="46.21096" lon="6.77369"><ele>1469</ele><time>2000-01-01T09:41:28.000Z</time></trkpt><trkpt lat="46.21088" lon="6.77357"><ele>1465</ele><time>2000-01-01T09:41:38.000Z</time></trkpt><trkpt lat="46.21067" lon="6.77355"><ele>1464</ele><time>2000-01-01T09:41:48.000Z</time></trkpt><trkpt lat="46.21042" lon="6.77357"><ele>1463</ele><time>2000-01-01T09:41:58.000Z</time></trkpt><trkpt lat="46.21029" lon="6.77354"><ele>1462</ele><time>2000-01-01T09:42:08.000Z</time></trkpt><trkpt lat="46.21012" lon="6.77336"><ele>1460</ele><time>2000-01-01T09:42:18.000Z</time></trkpt><trkpt lat="46.2101" lon="6.77331"><ele>1458</ele><time>2000-01-01T09:42:28.000Z</time></trkpt><trkpt lat="46.21011" lon="6.77321"><ele>1458</ele><time>2000-01-01T09:42:38.000Z</time></trkpt><trkpt lat="46.21037" lon="6.77301"><ele>1454</ele><time>2000-01-01T09:42:48.000Z</time></trkpt><trkpt lat="46.21058" lon="6.77296"><ele>1454</ele><time>2000-01-01T09:42:58.000Z</time></trkpt><trkpt lat="46.21081" lon="6.77303"><ele>1451</ele><time>2000-01-01T09:43:08.000Z</time></trkpt><trkpt lat="46.21094" lon="6.773"><ele>1450</ele><time>2000-01-01T09:43:18.000Z</time></trkpt><trkpt lat="46.21118" lon="6.77272"><ele>1444</ele><time>2000-01-01T09:43:28.000Z</time></trkpt><trkpt lat="46.21142" lon="6.77245"><ele>1442</ele><time>2000-01-01T09:43:38.000Z</time></trkpt><trkpt lat="46.21161" lon="6.77223"><ele>1439</ele><time>2000-01-01T09:43:48.000Z</time></trkpt><trkpt lat="46.21184" lon="6.77197"><ele>1437</ele><time>2000-01-01T09:43:58.000Z</time></trkpt><trkpt lat="46.21218" lon="6.77176"><ele>1433</ele><time>2000-01-01T09:44:08.000Z</time></trkpt><trkpt lat="46.21258" lon="6.77165"><ele>1427</ele><time>2000-01-01T09:44:18.000Z</time></trkpt><trkpt lat="46.21292" lon="6.77165"><ele>1424</ele><time>2000-01-01T09:44:28.000Z</time></trkpt><trkpt lat="46.21334" lon="6.77153"><ele>1415</ele><time>2000-01-01T09:44:38.000Z</time></trkpt><trkpt lat="46.21365" lon="6.7714"><ele>1409</ele><time>2000-01-01T09:44:48.000Z</time></trkpt><trkpt lat="46.21387" lon="6.77104"><ele>1409</ele><time>2000-01-01T09:44:58.000Z</time></trkpt><trkpt lat="46.2141" lon="6.77093"><ele>1407</ele><time>2000-01-01T09:45:08.000Z</time></trkpt><trkpt lat="46.21451" lon="6.77064"><ele>1405</ele><time>2000-01-01T09:45:18.000Z</time></trkpt><trkpt lat="46.21453" lon="6.77055"><ele>1405</ele><time>2000-01-01T09:45:28.000Z</time></trkpt><trkpt lat="46.2145" lon="6.77047"><ele>1401</ele><time>2000-01-01T09:45:38.000Z</time></trkpt><trkpt lat="46.21443" lon="6.77046"><ele>1401</ele><time>2000-01-01T09:45:48.000Z</time></trkpt><trkpt lat="46.21412" lon="6.77065"><ele>1397</ele><time>2000-01-01T09:45:58.000Z</time></trkpt><trkpt lat="46.21367" lon="6.77073"><ele>1392</ele><time>2000-01-01T09:46:08.000Z</time></trkpt><trkpt lat="46.21359" lon="6.7708"><ele>1392</ele><time>2000-01-01T09:46:18.000Z</time></trkpt><trkpt lat="46.21343" lon="6.77103"><ele>1391</ele><time>2000-01-01T09:46:28.000Z</time></trkpt><trkpt lat="46.21337" lon="6.77103"><ele>1389</ele><time>2000-01-01T09:46:38.000Z</time></trkpt><trkpt lat="46.21333" lon="6.77095"><ele>1389</ele><time>2000-01-01T09:46:48.000Z</time></trkpt><trkpt lat="46.21336" lon="6.77085"><ele>1388</ele><time>2000-01-01T09:46:58.000Z</time></trkpt><trkpt lat="46.21357" lon="6.77054"><ele>1386</ele><time>2000-01-01T09:47:08.000Z</time></trkpt><trkpt lat="46.21396" lon="6.77026"><ele>1380</ele><time>2000-01-01T09:47:18.000Z</time></trkpt><trkpt lat="46.21407" lon="6.7701"><ele>1378</ele><time>2000-01-01T09:47:28.000Z</time></trkpt><trkpt lat="46.21409" lon="6.77001"><ele>1378</ele><time>2000-01-01T09:47:38.000Z</time></trkpt><trkpt lat="46.21413" lon="6.76972"><ele>1374</ele><time>2000-01-01T09:47:48.000Z</time></trkpt><trkpt lat="46.21421" lon="6.76949"><ele>1373</ele><time>2000-01-01T09:47:58.000Z</time></trkpt><trkpt lat="46.21431" lon="6.76932"><ele>1373</ele><time>2000-01-01T09:48:08.000Z</time></trkpt><trkpt lat="46.21441" lon="6.76913"><ele>1369</ele><time>2000-01-01T09:48:18.000Z</time></trkpt><trkpt lat="46.21464" lon="6.76894"><ele>1367</ele><time>2000-01-01T09:48:28.000Z</time></trkpt><trkpt lat="46.21466" lon="6.76887"><ele>1367</ele><time>2000-01-01T09:48:38.000Z</time></trkpt><trkpt lat="46.21462" lon="6.76878"><ele>1365</ele><time>2000-01-01T09:48:48.000Z</time></trkpt><trkpt lat="46.21456" lon="6.76876"><ele>1364</ele><time>2000-01-01T09:48:58.000Z</time></trkpt><trkpt lat="46.21437" lon="6.76887"><ele>1362</ele><time>2000-01-01T09:49:08.000Z</time></trkpt><trkpt lat="46.21398" lon="6.76917"><ele>1359</ele><time>2000-01-01T09:49:18.000Z</time></trkpt><trkpt lat="46.21373" lon="6.76942"><ele>1357</ele><time>2000-01-01T09:49:28.000Z</time></trkpt><trkpt lat="46.21367" lon="6.76942"><ele>1354</ele><time>2000-01-01T09:49:38.000Z</time></trkpt><trkpt lat="46.21363" lon="6.76936"><ele>1354</ele><time>2000-01-01T09:49:48.000Z</time></trkpt><trkpt lat="46.21364" lon="6.76923"><ele>1352</ele><time>2000-01-01T09:49:58.000Z</time></trkpt><trkpt lat="46.21381" lon="6.76898"><ele>1347</ele><time>2000-01-01T09:50:08.000Z</time></trkpt><trkpt lat="46.21394" lon="6.76867"><ele>1346</ele><time>2000-01-01T09:50:18.000Z</time></trkpt><trkpt lat="46.21408" lon="6.76832"><ele>1346</ele><time>2000-01-01T09:50:28.000Z</time></trkpt><trkpt lat="46.21422" lon="6.76803"><ele>1343</ele><time>2000-01-01T09:50:38.000Z</time></trkpt><trkpt lat="46.21436" lon="6.76773"><ele>1338</ele><time>2000-01-01T09:50:48.000Z</time></trkpt><trkpt lat="46.21446" lon="6.76761"><ele>1340</ele><time>2000-01-01T09:50:58.000Z</time></trkpt><trkpt lat="46.21464" lon="6.76749"><ele>1336</ele><time>2000-01-01T09:51:08.000Z</time></trkpt><trkpt lat="46.21486" lon="6.76735"><ele>1335</ele><time>2000-01-01T09:51:18.000Z</time></trkpt><trkpt lat="46.21491" lon="6.76727"><ele>1333</ele><time>2000-01-01T09:51:28.000Z</time></trkpt><trkpt lat="46.21491" lon="6.7672"><ele>1333</ele><time>2000-01-01T09:51:38.000Z</time></trkpt><trkpt lat="46.21489" lon="6.76712"><ele>1332</ele><time>2000-01-01T09:51:48.000Z</time></trkpt><trkpt lat="46.21469" lon="6.76699"><ele>1329</ele><time>2000-01-01T09:51:58.000Z</time></trkpt><trkpt lat="46.21455" lon="6.76685"><ele>1328</ele><time>2000-01-01T09:52:08.000Z</time></trkpt><trkpt lat="46.21451" lon="6.76678"><ele>1328</ele><time>2000-01-01T09:52:18.000Z</time></trkpt><trkpt lat="46.21448" lon="6.76667"><ele>1328</ele><time>2000-01-01T09:52:28.000Z</time></trkpt><trkpt lat="46.21451" lon="6.76653"><ele>1331</ele><time>2000-01-01T09:52:38.000Z</time></trkpt><trkpt lat="46.21461" lon="6.76638"><ele>1327</ele><time>2000-01-01T09:52:48.000Z</time></trkpt><trkpt lat="46.21471" lon="6.76622"><ele>1321</ele><time>2000-01-01T09:52:58.000Z</time></trkpt><trkpt lat="46.21476" lon="6.76606"><ele>1319</ele><time>2000-01-01T09:53:08.000Z</time></trkpt><trkpt lat="46.21476" lon="6.76594"><ele>1319</ele><time>2000-01-01T09:53:18.000Z</time></trkpt><trkpt lat="46.21474" lon="6.76589"><ele>1316</ele><time>2000-01-01T09:53:28.000Z</time></trkpt><trkpt lat="46.21461" lon="6.7657"><ele>1317</ele><time>2000-01-01T09:53:38.000Z</time></trkpt><trkpt lat="46.21462" lon="6.76559"><ele>1314</ele><time>2000-01-01T09:53:48.000Z</time></trkpt><trkpt lat="46.21466" lon="6.76555"><ele>1314</ele><time>2000-01-01T09:53:58.000Z</time></trkpt><trkpt lat="46.21472" lon="6.76555"><ele>1311</ele><time>2000-01-01T09:54:08.000Z</time></trkpt><trkpt lat="46.21482" lon="6.76572"><ele>1316</ele><time>2000-01-01T09:54:18.000Z</time></trkpt><trkpt lat="46.21492" lon="6.7659"><ele>1310</ele><time>2000-01-01T09:54:28.000Z</time></trkpt><trkpt lat="46.21499" lon="6.76595"><ele>1312</ele><time>2000-01-01T09:54:38.000Z</time></trkpt><trkpt lat="46.21506" lon="6.7659"><ele>1310</ele><time>2000-01-01T09:54:48.000Z</time></trkpt><trkpt lat="46.21509" lon="6.76578"><ele>1310</ele><time>2000-01-01T09:54:58.000Z</time></trkpt><trkpt lat="46.21498" lon="6.76558"><ele>1305</ele><time>2000-01-01T09:55:08.000Z</time></trkpt><trkpt lat="46.21499" lon="6.7654"><ele>1303</ele><time>2000-01-01T09:55:18.000Z</time></trkpt><trkpt lat="46.21509" lon="6.76525"><ele>1303</ele><time>2000-01-01T09:55:28.000Z</time></trkpt><trkpt lat="46.21521" lon="6.76524"><ele>1301</ele><time>2000-01-01T09:55:38.000Z</time></trkpt><trkpt lat="46.2153" lon="6.76512"><ele>1298</ele><time>2000-01-01T09:55:48.000Z</time></trkpt><trkpt lat="46.21543" lon="6.7647"><ele>1292</ele><time>2000-01-01T09:55:58.000Z</time></trkpt><trkpt lat="46.21556" lon="6.76432"><ele>1289</ele><time>2000-01-01T09:56:08.000Z</time></trkpt><trkpt lat="46.21567" lon="6.76401"><ele>1287</ele><time>2000-01-01T09:56:18.000Z</time></trkpt><trkpt lat="46.21579" lon="6.76369"><ele>1280</ele><time>2000-01-01T09:56:28.000Z</time></trkpt><trkpt lat="46.21577" lon="6.76356"><ele>1280</ele><time>2000-01-01T09:56:38.000Z</time></trkpt><trkpt lat="46.2157" lon="6.76355"><ele>1280</ele><time>2000-01-01T09:56:48.000Z</time></trkpt><trkpt lat="46.21564" lon="6.76364"><ele>1280</ele><time>2000-01-01T09:56:58.000Z</time></trkpt><trkpt lat="46.21558" lon="6.76381"><ele>1269</ele><time>2000-01-01T09:57:08.000Z</time></trkpt><trkpt lat="46.21545" lon="6.76408"><ele>1278</ele><time>2000-01-01T09:57:18.000Z</time></trkpt><trkpt lat="46.21517" lon="6.76448"><ele>1269</ele><time>2000-01-01T09:57:28.000Z</time></trkpt><trkpt lat="46.2149" lon="6.76462"><ele>1264</ele><time>2000-01-01T09:57:38.000Z</time></trkpt><trkpt lat="46.2147" lon="6.76476"><ele>1263</ele><time>2000-01-01T09:57:48.000Z</time></trkpt><trkpt lat="46.21445" lon="6.76499"><ele>1262</ele><time>2000-01-01T09:57:58.000Z</time></trkpt><trkpt lat="46.21424" lon="6.76518"><ele>1260</ele><time>2000-01-01T09:58:08.000Z</time></trkpt><trkpt lat="46.214" lon="6.7654"><ele>1257</ele><time>2000-01-01T09:58:18.000Z</time></trkpt><trkpt lat="46.21365" lon="6.76583"><ele>1255</ele><time>2000-01-01T09:58:28.000Z</time></trkpt><trkpt lat="46.21357" lon="6.76582"><ele>1255</ele><time>2000-01-01T09:58:38.000Z</time></trkpt><trkpt lat="46.21353" lon="6.76572"><ele>1255</ele><time>2000-01-01T09:58:48.000Z</time></trkpt><trkpt lat="46.21356" lon="6.76564"><ele>1254</ele><time>2000-01-01T09:58:58.000Z</time></trkpt><trkpt lat="46.21385" lon="6.76534"><ele>1246</ele><time>2000-01-01T09:59:08.000Z</time></trkpt><trkpt lat="46.21403" lon="6.76505"><ele>1246</ele><time>2000-01-01T09:59:18.000Z</time></trkpt><trkpt lat="46.21429" lon="6.76466"><ele>1241</ele><time>2000-01-01T09:59:28.000Z</time></trkpt><trkpt lat="46.21457" lon="6.76424"><ele>1240</ele><time>2000-01-01T09:59:38.000Z</time></trkpt><trkpt lat="46.21473" lon="6.76377"><ele>1239</ele><time>2000-01-01T09:59:48.000Z</time></trkpt><trkpt lat="46.21494" lon="6.76346"><ele>1235</ele><time>2000-01-01T09:59:58.000Z</time></trkpt><trkpt lat="46.21505" lon="6.76321"><ele>1231</ele><time>2000-01-01T10:00:08.000Z</time></trkpt><trkpt lat="46.2152" lon="6.7627"><ele>1230</ele><time>2000-01-01T10:00:18.000Z</time></trkpt><trkpt lat="46.21524" lon="6.76236"><ele>1230</ele><time>2000-01-01T10:00:28.000Z</time></trkpt><trkpt lat="46.21527" lon="6.76222"><ele>1229</ele><time>2000-01-01T10:00:38.000Z</time></trkpt><trkpt lat="46.21538" lon="6.76188"><ele>1222</ele><time>2000-01-01T10:00:48.000Z</time></trkpt><trkpt lat="46.21558" lon="6.7613"><ele>1217</ele><time>2000-01-01T10:00:58.000Z</time></trkpt><trkpt lat="46.21559" lon="6.76113"><ele>1217</ele><time>2000-01-01T10:01:08.000Z</time></trkpt><trkpt lat="46.21552" lon="6.76085"><ele>1217</ele><time>2000-01-01T10:01:18.000Z</time></trkpt><trkpt lat="46.21554" lon="6.76075"><ele>1214</ele><time>2000-01-01T10:01:28.000Z</time></trkpt><trkpt lat="46.21573" lon="6.76035"><ele>1211</ele><time>2000-01-01T10:01:38.000Z</time></trkpt><trkpt lat="46.21577" lon="6.75997"><ele>1208</ele><time>2000-01-01T10:01:48.000Z</time></trkpt><trkpt lat="46.21582" lon="6.75948"><ele>1208</ele><time>2000-01-01T10:01:58.000Z</time></trkpt><trkpt lat="46.2158" lon="6.75928"><ele>1204</ele><time>2000-01-01T10:02:08.000Z</time></trkpt><trkpt lat="46.21574" lon="6.75905"><ele>1204</ele><time>2000-01-01T10:02:18.000Z</time></trkpt><trkpt lat="46.21568" lon="6.75882"><ele>1203</ele><time>2000-01-01T10:02:28.000Z</time></trkpt><trkpt lat="46.21558" lon="6.75848"><ele>1198</ele><time>2000-01-01T10:02:38.000Z</time></trkpt><trkpt lat="46.21546" lon="6.75808"><ele>1198</ele><time>2000-01-01T10:02:48.000Z</time></trkpt><trkpt lat="46.21533" lon="6.75767"><ele>1195</ele><time>2000-01-01T10:02:58.000Z</time></trkpt><trkpt lat="46.21517" lon="6.75725"><ele>1192</ele><time>2000-01-01T10:03:08.000Z</time></trkpt><trkpt lat="46.21508" lon="6.75687"><ele>1192</ele><time>2000-01-01T10:03:18.000Z</time></trkpt><trkpt lat="46.21494" lon="6.75633"><ele>1192</ele><time>2000-01-01T10:03:28.000Z</time></trkpt><trkpt lat="46.21491" lon="6.75607"><ele>1191</ele><time>2000-01-01T10:03:38.000Z</time></trkpt><trkpt lat="46.2149" lon="6.75569"><ele>1190</ele><time>2000-01-01T10:03:48.000Z</time></trkpt><trkpt lat="46.21495" lon="6.75526"><ele>1189</ele><time>2000-01-01T10:03:58.000Z</time></trkpt><trkpt lat="46.21509" lon="6.75475"><ele>1175</ele><time>2000-01-01T10:04:08.000Z</time></trkpt><trkpt lat="46.2151" lon="6.75435"><ele>1181</ele><time>2000-01-01T10:04:18.000Z</time></trkpt><trkpt lat="46.21511" lon="6.75377"><ele>1188</ele><time>2000-01-01T10:04:28.000Z</time></trkpt><trkpt lat="46.21514" lon="6.75357"><ele>1184</ele><time>2000-01-01T10:04:38.000Z</time></trkpt><trkpt lat="46.21524" lon="6.75325"><ele>1188</ele><time>2000-01-01T10:04:48.000Z</time></trkpt><trkpt lat="46.21529" lon="6.75279"><ele>1186</ele><time>2000-01-01T10:04:58.000Z</time></trkpt><trkpt lat="46.21523" lon="6.75221"><ele>1185</ele><time>2000-01-01T10:05:08.000Z</time></trkpt><trkpt lat="46.21522" lon="6.75182"><ele>1184</ele><time>2000-01-01T10:05:18.000Z</time></trkpt><trkpt lat="46.21518" lon="6.75156"><ele>1172</ele><time>2000-01-01T10:05:28.000Z</time></trkpt><trkpt lat="46.21508" lon="6.75121"><ele>1178</ele><time>2000-01-01T10:05:38.000Z</time></trkpt><trkpt lat="46.21491" lon="6.75084"><ele>1173</ele><time>2000-01-01T10:05:48.000Z</time></trkpt><trkpt lat="46.21476" lon="6.75053"><ele>1170</ele><time>2000-01-01T10:05:58.000Z</time></trkpt><trkpt lat="46.21457" lon="6.75013"><ele>1167</ele><time>2000-01-01T10:06:08.000Z</time></trkpt><trkpt lat="46.21441" lon="6.74953"><ele>1164</ele><time>2000-01-01T10:06:18.000Z</time></trkpt><trkpt lat="46.21432" lon="6.74927"><ele>1160</ele><time>2000-01-01T10:06:28.000Z</time></trkpt><trkpt lat="46.21416" lon="6.74891"><ele>1159</ele><time>2000-01-01T10:06:38.000Z</time></trkpt><trkpt lat="46.21404" lon="6.74861"><ele>1158</ele><time>2000-01-01T10:06:48.000Z</time></trkpt><trkpt lat="46.2139" lon="6.74828"><ele>1155</ele><time>2000-01-01T10:06:58.000Z</time></trkpt><trkpt lat="46.21374" lon="6.74799"><ele>1153</ele><time>2000-01-01T10:07:08.000Z</time></trkpt><trkpt lat="46.21356" lon="6.74764"><ele>1151</ele><time>2000-01-01T10:07:18.000Z</time></trkpt><trkpt lat="46.21321" lon="6.74722"><ele>1146</ele><time>2000-01-01T10:07:28.000Z</time></trkpt><trkpt lat="46.21302" lon="6.74686"><ele>1146</ele><time>2000-01-01T10:07:38.000Z</time></trkpt><trkpt lat="46.21289" lon="6.74645"><ele>1141</ele><time>2000-01-01T10:07:48.000Z</time></trkpt><trkpt lat="46.21278" lon="6.74606"><ele>1136</ele><time>2000-01-01T10:07:58.000Z</time></trkpt><trkpt lat="46.2127" lon="6.74574"><ele>1134</ele><time>2000-01-01T10:08:08.000Z</time></trkpt><trkpt lat="46.21261" lon="6.74541"><ele>1133</ele><time>2000-01-01T10:08:18.000Z</time></trkpt><trkpt lat="46.21259" lon="6.74518"><ele>1132</ele><time>2000-01-01T10:08:28.000Z</time></trkpt><trkpt lat="46.2126" lon="6.74495"><ele>1128</ele><time>2000-01-01T10:08:38.000Z</time></trkpt><trkpt lat="46.21262" lon="6.74472"><ele>1128</ele><time>2000-01-01T10:08:48.000Z</time></trkpt><trkpt lat="46.2126" lon="6.74447"><ele>1128</ele><time>2000-01-01T10:08:58.000Z</time></trkpt><trkpt lat="46.21252" lon="6.74419"><ele>1125</ele><time>2000-01-01T10:09:08.000Z</time></trkpt><trkpt lat="46.21241" lon="6.74376"><ele>1123</ele><time>2000-01-01T10:09:18.000Z</time></trkpt><trkpt lat="46.21236" lon="6.74318"><ele>1123</ele><time>2000-01-01T10:09:28.000Z</time></trkpt><trkpt lat="46.21227" lon="6.74294"><ele>1119</ele><time>2000-01-01T10:09:38.000Z</time></trkpt><trkpt lat="46.21196" lon="6.74263"><ele>1116</ele><time>2000-01-01T10:09:48.000Z</time></trkpt><trkpt lat="46.21188" lon="6.74247"><ele>1116</ele><time>2000-01-01T10:09:58.000Z</time></trkpt><trkpt lat="46.21185" lon="6.74232"><ele>1116</ele><time>2000-01-01T10:10:08.000Z</time></trkpt><trkpt lat="46.21181" lon="6.74189"><ele>1115</ele><time>2000-01-01T10:10:18.000Z</time></trkpt><trkpt lat="46.21177" lon="6.74153"><ele>1111</ele><time>2000-01-01T10:10:28.000Z</time></trkpt><trkpt lat="46.21173" lon="6.7411"><ele>1107</ele><time>2000-01-01T10:10:38.000Z</time></trkpt><trkpt lat="46.21166" lon="6.74063"><ele>1107</ele><time>2000-01-01T10:10:48.000Z</time></trkpt><trkpt lat="46.21158" lon="6.74017"><ele>1101</ele><time>2000-01-01T10:10:58.000Z</time></trkpt><trkpt lat="46.21153" lon="6.73984"><ele>1101</ele><time>2000-01-01T10:11:08.000Z</time></trkpt><trkpt lat="46.21148" lon="6.7395"><ele>1095</ele><time>2000-01-01T10:11:18.000Z</time></trkpt><trkpt lat="46.21144" lon="6.73908"><ele>1094</ele><time>2000-01-01T10:11:28.000Z</time></trkpt><trkpt lat="46.2114" lon="6.73875"><ele>1094</ele><time>2000-01-01T10:11:38.000Z</time></trkpt><trkpt lat="46.21137" lon="6.73839"><ele>1093</ele><time>2000-01-01T10:11:48.000Z</time></trkpt><trkpt lat="46.21127" lon="6.73807"><ele>1091</ele><time>2000-01-01T10:11:58.000Z</time></trkpt><trkpt lat="46.21115" lon="6.73771"><ele>1090</ele><time>2000-01-01T10:12:08.000Z</time></trkpt><trkpt lat="46.21113" lon="6.73733"><ele>1089</ele><time>2000-01-01T10:12:18.000Z</time></trkpt><trkpt lat="46.21113" lon="6.73672"><ele>1085</ele><time>2000-01-01T10:12:28.000Z</time></trkpt><trkpt lat="46.21106" lon="6.73635"><ele>1083</ele><time>2000-01-01T10:12:38.000Z</time></trkpt><trkpt lat="46.21096" lon="6.73584"><ele>1082</ele><time>2000-01-01T10:12:48.000Z</time></trkpt><trkpt lat="46.21091" lon="6.73545"><ele>1082</ele><time>2000-01-01T10:12:58.000Z</time></trkpt><trkpt lat="46.21088" lon="6.73511"><ele>1080</ele><time>2000-01-01T10:13:08.000Z</time></trkpt><trkpt lat="46.21086" lon="6.73478"><ele>1078</ele><time>2000-01-01T10:13:18.000Z</time></trkpt><trkpt lat="46.21082" lon="6.73479"><ele>1078</ele><time>2000-01-01T10:13:28.000Z</time></trkpt><trkpt lat="46.2108" lon="6.73483"><ele>1068</ele><time>2000-01-01T10:13:38.000Z</time></trkpt><trkpt lat="46.21076" lon="6.73503"><ele>1067</ele><time>2000-01-01T10:13:48.000Z</time></trkpt><trkpt lat="46.21076" lon="6.73545"><ele>1067</ele><time>2000-01-01T10:13:58.000Z</time></trkpt><trkpt lat="46.21077" lon="6.73579"><ele>1066</ele><time>2000-01-01T10:14:08.000Z</time></trkpt><trkpt lat="46.21077" lon="6.73614"><ele>1066</ele><time>2000-01-01T10:14:18.000Z</time></trkpt><trkpt lat="46.21073" lon="6.73634"><ele>1067</ele><time>2000-01-01T10:14:28.000Z</time></trkpt><trkpt lat="46.21067" lon="6.73649"><ele>1066</ele><time>2000-01-01T10:14:38.000Z</time></trkpt><trkpt lat="46.2106" lon="6.73661"><ele>1064</ele><time>2000-01-01T10:14:48.000Z</time></trkpt><trkpt lat="46.21051" lon="6.73672"><ele>1065</ele><time>2000-01-01T10:14:58.000Z</time></trkpt><trkpt lat="46.21041" lon="6.73678"><ele>1065</ele><time>2000-01-01T10:15:08.000Z</time></trkpt><trkpt lat="46.2102" lon="6.73685"><ele>1065</ele><time>2000-01-01T10:15:18.000Z</time></trkpt><trkpt lat="46.20993" lon="6.73693"><ele>1065</ele><time>2000-01-01T10:15:28.000Z</time></trkpt><trkpt lat="46.20972" lon="6.73702"><ele>1065</ele><time>2000-01-01T10:15:38.000Z</time></trkpt><trkpt lat="46.20944" lon="6.73702"><ele>1066</ele><time>2000-01-01T10:15:48.000Z</time></trkpt><trkpt lat="46.20932" lon="6.73695"><ele>1067</ele><time>2000-01-01T10:15:58.000Z</time></trkpt><trkpt lat="46.20914" lon="6.73678"><ele>1069</ele><time>2000-01-01T10:16:08.000Z</time></trkpt><trkpt lat="46.20888" lon="6.73655"><ele>1068</ele><time>2000-01-01T10:16:18.000Z</time></trkpt><trkpt lat="46.20873" lon="6.73628"><ele>1068</ele><time>2000-01-01T10:16:28.000Z</time></trkpt><trkpt lat="46.20861" lon="6.73594"><ele>1068</ele><time>2000-01-01T10:16:38.000Z</time></trkpt><trkpt lat="46.20843" lon="6.7355"><ele>1068</ele><time>2000-01-01T10:16:48.000Z</time></trkpt><trkpt lat="46.20831" lon="6.73511"><ele>1067</ele><time>2000-01-01T10:16:58.000Z</time></trkpt><trkpt lat="46.20822" lon="6.73479"><ele>1068</ele><time>2000-01-01T10:17:08.000Z</time></trkpt><trkpt lat="46.20811" lon="6.73444"><ele>1069</ele><time>2000-01-01T10:17:18.000Z</time></trkpt><trkpt lat="46.20811" lon="6.73414"><ele>1069</ele><time>2000-01-01T10:17:28.000Z</time></trkpt><trkpt lat="46.20822" lon="6.73351"><ele>1069</ele><time>2000-01-01T10:17:38.000Z</time></trkpt><trkpt lat="46.20823" lon="6.73336"><ele>1069</ele><time>2000-01-01T10:17:48.000Z</time></trkpt><trkpt lat="46.2082" lon="6.73314"><ele>1069</ele><time>2000-01-01T10:17:58.000Z</time></trkpt><trkpt lat="46.20808" lon="6.73262"><ele>1070</ele><time>2000-01-01T10:18:08.000Z</time></trkpt><trkpt lat="46.208" lon="6.73245"><ele>1072</ele><time>2000-01-01T10:18:18.000Z</time></trkpt><trkpt lat="46.20783" lon="6.73221"><ele>1070</ele><time>2000-01-01T10:18:28.000Z</time></trkpt><trkpt lat="46.20756" lon="6.73181"><ele>1070</ele><time>2000-01-01T10:18:38.000Z</time></trkpt><trkpt lat="46.20751" lon="6.73162"><ele>1068</ele><time>2000-01-01T10:18:48.000Z</time></trkpt><trkpt lat="46.2075" lon="6.73143"><ele>1070</ele><time>2000-01-01T10:18:58.000Z</time></trkpt><trkpt lat="46.20754" lon="6.73102"><ele>1070</ele><time>2000-01-01T10:19:08.000Z</time></trkpt><trkpt lat="46.20759" lon="6.73042"><ele>1071</ele><time>2000-01-01T10:19:18.000Z</time></trkpt><trkpt lat="46.20757" lon="6.72998"><ele>1070</ele><time>2000-01-01T10:19:28.000Z</time></trkpt><trkpt lat="46.20755" lon="6.72961"><ele>1070</ele><time>2000-01-01T10:19:38.000Z</time></trkpt><trkpt lat="46.20753" lon="6.72915"><ele>1073</ele><time>2000-01-01T10:19:48.000Z</time></trkpt><trkpt lat="46.20748" lon="6.72859"><ele>1077</ele><time>2000-01-01T10:19:58.000Z</time></trkpt><trkpt lat="46.20749" lon="6.7283"><ele>1077</ele><time>2000-01-01T10:20:08.000Z</time></trkpt><trkpt lat="46.20749" lon="6.72787"><ele>1076</ele><time>2000-01-01T10:20:18.000Z</time></trkpt><trkpt lat="46.20748" lon="6.72752"><ele>1076</ele><time>2000-01-01T10:20:28.000Z</time></trkpt><trkpt lat="46.20748" lon="6.72713"><ele>1074</ele><time>2000-01-01T10:20:38.000Z</time></trkpt><trkpt lat="46.20745" lon="6.72691"><ele>1074</ele><time>2000-01-01T10:20:48.000Z</time></trkpt><trkpt lat="46.20734" lon="6.72649"><ele>1070</ele><time>2000-01-01T10:20:58.000Z</time></trkpt><trkpt lat="46.20732" lon="6.72628"><ele>1069</ele><time>2000-01-01T10:21:08.000Z</time></trkpt><trkpt lat="46.20733" lon="6.72592"><ele>1070</ele><time>2000-01-01T10:21:18.000Z</time></trkpt><trkpt lat="46.20734" lon="6.72529"><ele>1071</ele><time>2000-01-01T10:21:28.000Z</time></trkpt><trkpt lat="46.20745" lon="6.72492"><ele>1071</ele><time>2000-01-01T10:21:38.000Z</time></trkpt><trkpt lat="46.20762" lon="6.72438"><ele>1072</ele><time>2000-01-01T10:21:48.000Z</time></trkpt><trkpt lat="46.20765" lon="6.72405"><ele>1073</ele><time>2000-01-01T10:21:58.000Z</time></trkpt><trkpt lat="46.20765" lon="6.72372"><ele>1073</ele><time>2000-01-01T10:22:08.000Z</time></trkpt><trkpt lat="46.20763" lon="6.72355"><ele>1073</ele><time>2000-01-01T10:22:18.000Z</time></trkpt><trkpt lat="46.20757" lon="6.72325"><ele>1072</ele><time>2000-01-01T10:22:28.000Z</time></trkpt><trkpt lat="46.20748" lon="6.72285"><ele>1072</ele><time>2000-01-01T10:22:38.000Z</time></trkpt><trkpt lat="46.20749" lon="6.72249"><ele>1068</ele><time>2000-01-01T10:22:48.000Z</time></trkpt><trkpt lat="46.2075" lon="6.7221"><ele>1066</ele><time>2000-01-01T10:22:58.000Z</time></trkpt><trkpt lat="46.20743" lon="6.72173"><ele>1065</ele><time>2000-01-01T10:23:08.000Z</time></trkpt><trkpt lat="46.20741" lon="6.72144"><ele>1065</ele><time>2000-01-01T10:23:18.000Z</time></trkpt><trkpt lat="46.20745" lon="6.7208"><ele>1065</ele><time>2000-01-01T10:23:28.000Z</time></trkpt><trkpt lat="46.20748" lon="6.7207"><ele>1068</ele><time>2000-01-01T10:23:38.000Z</time></trkpt><trkpt lat="46.20756" lon="6.72066"><ele>1066</ele><time>2000-01-01T10:23:48.000Z</time></trkpt><trkpt lat="46.20778" lon="6.72061"><ele>1066</ele><time>2000-01-01T10:23:58.000Z</time></trkpt><trkpt lat="46.20813" lon="6.72054"><ele>1067</ele><time>2000-01-01T10:24:08.000Z</time></trkpt><trkpt lat="46.20821" lon="6.72048"><ele>1066</ele><time>2000-01-01T10:24:18.000Z</time></trkpt><trkpt lat="46.20837" lon="6.72027"><ele>1066</ele><time>2000-01-01T10:24:28.000Z</time></trkpt><trkpt lat="46.20866" lon="6.71997"><ele>1066</ele><time>2000-01-01T10:24:38.000Z</time></trkpt><trkpt lat="46.20874" lon="6.71962"><ele>1066</ele><time>2000-01-01T10:24:48.000Z</time></trkpt><trkpt lat="46.20876" lon="6.71956"><ele>1066</ele><time>2000-01-01T10:24:58.000Z</time></trkpt><trkpt lat="46.20889" lon="6.71943"><ele>1066</ele><time>2000-01-01T10:25:08.000Z</time></trkpt><trkpt lat="46.20883" lon="6.71902"><ele>1065</ele><time>2000-01-01T10:25:18.000Z</time></trkpt><trkpt lat="46.20878" lon="6.71869"><ele>1065</ele><time>2000-01-01T10:25:28.000Z</time></trkpt><trkpt lat="46.20873" lon="6.71836"><ele>1064</ele><time>2000-01-01T10:25:38.000Z</time></trkpt><trkpt lat="46.20867" lon="6.71815"><ele>1064</ele><time>2000-01-01T10:25:48.000Z</time></trkpt><trkpt lat="46.20855" lon="6.71794"><ele>1064</ele><time>2000-01-01T10:25:58.000Z</time></trkpt><trkpt lat="46.20856" lon="6.71775"><ele>1064</ele><time>2000-01-01T10:26:08.000Z</time></trkpt><trkpt lat="46.20852" lon="6.7174"><ele>1060</ele><time>2000-01-01T10:26:18.000Z</time></trkpt><trkpt lat="46.20845" lon="6.71678"><ele>1056</ele><time>2000-01-01T10:26:28.000Z</time></trkpt><trkpt lat="46.20828" lon="6.71657"><ele>1050</ele><time>2000-01-01T10:26:38.000Z</time></trkpt><trkpt lat="46.20808" lon="6.71635"><ele>1046</ele><time>2000-01-01T10:26:48.000Z</time></trkpt><trkpt lat="46.20784" lon="6.71609"><ele>1040</ele><time>2000-01-01T10:26:58.000Z</time></trkpt><trkpt lat="46.20752" lon="6.71581"><ele>1040</ele><time>2000-01-01T10:27:08.000Z</time></trkpt><trkpt lat="46.20733" lon="6.71581"><ele>1035</ele><time>2000-01-01T10:27:18.000Z</time></trkpt><trkpt lat="46.20716" lon="6.71561"><ele>1025</ele><time>2000-01-01T10:27:28.000Z</time></trkpt><trkpt lat="46.2071" lon="6.71526"><ele>1023</ele><time>2000-01-01T10:27:38.000Z</time></trkpt><trkpt lat="46.20703" lon="6.71485"><ele>1022</ele><time>2000-01-01T10:27:48.000Z</time></trkpt><trkpt lat="46.20691" lon="6.71455"><ele>1017</ele><time>2000-01-01T10:27:58.000Z</time></trkpt><trkpt lat="46.20679" lon="6.71425"><ele>1010</ele><time>2000-01-01T10:28:08.000Z</time></trkpt><trkpt lat="46.2068" lon="6.71379"><ele>1010</ele><time>2000-01-01T10:28:18.000Z</time></trkpt><trkpt lat="46.2068" lon="6.71334"><ele>1010</ele><time>2000-01-01T10:28:28.000Z</time></trkpt><trkpt lat="46.20681" lon="6.71288"><ele>1005</ele><time>2000-01-01T10:28:38.000Z</time></trkpt><trkpt lat="46.20688" lon="6.71255"><ele>1004</ele><time>2000-01-01T10:28:48.000Z</time></trkpt><trkpt lat="46.2069" lon="6.71204"><ele>999</ele><time>2000-01-01T10:28:58.000Z</time></trkpt><trkpt lat="46.20673" lon="6.71158"><ele>996</ele><time>2000-01-01T10:29:08.000Z</time></trkpt><trkpt lat="46.20663" lon="6.71099"><ele>991</ele><time>2000-01-01T10:29:18.000Z</time></trkpt><trkpt lat="46.20644" lon="6.71103"><ele>990</ele><time>2000-01-01T10:29:28.000Z</time></trkpt><trkpt lat="46.2062" lon="6.71098"><ele>989</ele><time>2000-01-01T10:29:38.000Z</time></trkpt><trkpt lat="46.20615" lon="6.71094"><ele>989</ele><time>2000-01-01T10:29:48.000Z</time></trkpt><trkpt lat="46.20595" lon="6.71072"><ele>986</ele><time>2000-01-01T10:29:58.000Z</time></trkpt><trkpt lat="46.20569" lon="6.71043"><ele>984</ele><time>2000-01-01T10:30:08.000Z</time></trkpt><trkpt lat="46.20554" lon="6.71015"><ele>982</ele><time>2000-01-01T10:30:18.000Z</time></trkpt><trkpt lat="46.20536" lon="6.70982"><ele>980</ele><time>2000-01-01T10:30:28.000Z</time></trkpt><trkpt lat="46.20526" lon="6.70947"><ele>978</ele><time>2000-01-01T10:30:38.000Z</time></trkpt><trkpt lat="46.20512" lon="6.70903"><ele>976</ele><time>2000-01-01T10:30:48.000Z</time></trkpt><trkpt lat="46.20493" lon="6.70866"><ele>975</ele><time>2000-01-01T10:30:58.000Z</time></trkpt><trkpt lat="46.20474" lon="6.70829"><ele>972</ele><time>2000-01-01T10:31:08.000Z</time></trkpt><trkpt lat="46.20451" lon="6.70785"><ele>969</ele><time>2000-01-01T10:31:18.000Z</time></trkpt><trkpt lat="46.20439" lon="6.70735"><ele>964</ele><time>2000-01-01T10:31:28.000Z</time></trkpt><trkpt lat="46.20419" lon="6.70694"><ele>961</ele><time>2000-01-01T10:31:38.000Z</time></trkpt><trkpt lat="46.20415" lon="6.70661"><ele>958</ele><time>2000-01-01T10:31:48.000Z</time></trkpt><trkpt lat="46.20411" lon="6.70627"><ele>956</ele><time>2000-01-01T10:31:58.000Z</time></trkpt><trkpt lat="46.20395" lon="6.70573"><ele>952</ele><time>2000-01-01T10:32:08.000Z</time></trkpt><trkpt lat="46.20394" lon="6.70518"><ele>949</ele><time>2000-01-01T10:32:18.000Z</time></trkpt><trkpt lat="46.20378" lon="6.70463"><ele>946</ele><time>2000-01-01T10:32:28.000Z</time></trkpt><trkpt lat="46.20355" lon="6.70429"><ele>942</ele><time>2000-01-01T10:32:38.000Z</time></trkpt><trkpt lat="46.20337" lon="6.70368"><ele>942</ele><time>2000-01-01T10:32:48.000Z</time></trkpt><trkpt lat="46.20336" lon="6.70345"><ele>941</ele><time>2000-01-01T10:32:58.000Z</time></trkpt><trkpt lat="46.20329" lon="6.70317"><ele>939</ele><time>2000-01-01T10:33:08.000Z</time></trkpt><trkpt lat="46.20319" lon="6.70279"><ele>938</ele><time>2000-01-01T10:33:18.000Z</time></trkpt><trkpt lat="46.2032" lon="6.70268"><ele>937</ele><time>2000-01-01T10:33:28.000Z</time></trkpt><trkpt lat="46.20328" lon="6.70236"><ele>936</ele><time>2000-01-01T10:33:38.000Z</time></trkpt><trkpt lat="46.20329" lon="6.70213"><ele>935</ele><time>2000-01-01T10:33:48.000Z</time></trkpt><trkpt lat="46.20323" lon="6.70192"><ele>935</ele><time>2000-01-01T10:33:58.000Z</time></trkpt><trkpt lat="46.20316" lon="6.7017"><ele>933</ele><time>2000-01-01T10:34:08.000Z</time></trkpt><trkpt lat="46.20314" lon="6.70156"><ele>933</ele><time>2000-01-01T10:34:18.000Z</time></trkpt><trkpt lat="46.20307" lon="6.70141"><ele>932</ele><time>2000-01-01T10:34:28.000Z</time></trkpt><trkpt lat="46.20294" lon="6.70108"><ele>931</ele><time>2000-01-01T10:34:38.000Z</time></trkpt><trkpt lat="46.20276" lon="6.70064"><ele>931</ele><time>2000-01-01T10:34:48.000Z</time></trkpt><trkpt lat="46.20272" lon="6.69997"><ele>931</ele><time>2000-01-01T10:34:58.000Z</time></trkpt><trkpt lat="46.20262" lon="6.69971"><ele>929</ele><time>2000-01-01T10:35:08.000Z</time></trkpt><trkpt lat="46.20253" lon="6.69937"><ele>927</ele><time>2000-01-01T10:35:18.000Z</time></trkpt><trkpt lat="46.20242" lon="6.69897"><ele>924</ele><time>2000-01-01T10:35:28.000Z</time></trkpt><trkpt lat="46.20226" lon="6.69858"><ele>923</ele><time>2000-01-01T10:35:38.000Z</time></trkpt><trkpt lat="46.20224" lon="6.6984"><ele>922</ele><time>2000-01-01T10:35:48.000Z</time></trkpt><trkpt lat="46.20226" lon="6.6981"><ele>921</ele><time>2000-01-01T10:35:58.000Z</time></trkpt><trkpt lat="46.20229" lon="6.69773"><ele>920</ele><time>2000-01-01T10:36:08.000Z</time></trkpt><trkpt lat="46.20229" lon="6.69755"><ele>919</ele><time>2000-01-01T10:36:18.000Z</time></trkpt><trkpt lat="46.20219" lon="6.69721"><ele>918</ele><time>2000-01-01T10:36:28.000Z</time></trkpt><trkpt lat="46.2021" lon="6.6969"><ele>917</ele><time>2000-01-01T10:36:38.000Z</time></trkpt><trkpt lat="46.202" lon="6.69658"><ele>915</ele><time>2000-01-01T10:36:48.000Z</time></trkpt><trkpt lat="46.20195" lon="6.69635"><ele>915</ele><time>2000-01-01T10:36:58.000Z</time></trkpt><trkpt lat="46.20187" lon="6.69611"><ele>914</ele><time>2000-01-01T10:37:08.000Z</time></trkpt><trkpt lat="46.20178" lon="6.69583"><ele>912</ele><time>2000-01-01T10:37:18.000Z</time></trkpt><trkpt lat="46.20176" lon="6.69541"><ele>912</ele><time>2000-01-01T10:37:28.000Z</time></trkpt><trkpt lat="46.20173" lon="6.69505"><ele>912</ele><time>2000-01-01T10:37:38.000Z</time></trkpt><trkpt lat="46.20171" lon="6.69467"><ele>911</ele><time>2000-01-01T10:37:48.000Z</time></trkpt><trkpt lat="46.20166" lon="6.69439"><ele>910</ele><time>2000-01-01T10:37:58.000Z</time></trkpt><trkpt lat="46.20158" lon="6.69422"><ele>912</ele><time>2000-01-01T10:38:08.000Z</time></trkpt><trkpt lat="46.20139" lon="6.69407"><ele>910</ele><time>2000-01-01T10:38:18.000Z</time></trkpt><trkpt lat="46.2011" lon="6.69384"><ele>907</ele><time>2000-01-01T10:38:28.000Z</time></trkpt><trkpt lat="46.20101" lon="6.69376"><ele>908</ele><time>2000-01-01T10:38:38.000Z</time></trkpt><trkpt lat="46.20093" lon="6.69363"><ele>907</ele><time>2000-01-01T10:38:48.000Z</time></trkpt><trkpt lat="46.20081" lon="6.69333"><ele>907</ele><time>2000-01-01T10:38:58.000Z</time></trkpt><trkpt lat="46.20069" lon="6.69301"><ele>906</ele><time>2000-01-01T10:39:08.000Z</time></trkpt><trkpt lat="46.20056" lon="6.69258"><ele>905</ele><time>2000-01-01T10:39:18.000Z</time></trkpt><trkpt lat="46.2005" lon="6.69214"><ele>902</ele><time>2000-01-01T10:39:28.000Z</time></trkpt><trkpt lat="46.20044" lon="6.6917"><ele>901</ele><time>2000-01-01T10:39:38.000Z</time></trkpt><trkpt lat="46.20038" lon="6.69125"><ele>900</ele><time>2000-01-01T10:39:48.000Z</time></trkpt><trkpt lat="46.2003" lon="6.69087"><ele>897</ele><time>2000-01-01T10:39:58.000Z</time></trkpt><trkpt lat="46.2002" lon="6.69035"><ele>897</ele><time>2000-01-01T10:40:08.000Z</time></trkpt><trkpt lat="46.20008" lon="6.68978"><ele>897</ele><time>2000-01-01T10:40:18.000Z</time></trkpt><trkpt lat="46.20007" lon="6.68956"><ele>897</ele><time>2000-01-01T10:40:28.000Z</time></trkpt><trkpt lat="46.20017" lon="6.68951"><ele>896</ele><time>2000-01-01T10:40:38.000Z</time></trkpt><trkpt lat="46.20024" lon="6.68942"><ele>896</ele><time>2000-01-01T10:40:48.000Z</time></trkpt><trkpt lat="46.20027" lon="6.68932"><ele>894</ele><time>2000-01-01T10:40:58.000Z</time></trkpt><trkpt lat="46.2003" lon="6.68893"><ele>895</ele><time>2000-01-01T10:41:08.000Z</time></trkpt><trkpt lat="46.20023" lon="6.6889"><ele>892</ele><time>2000-01-01T10:41:18.000Z</time></trkpt><trkpt lat="46.19993" lon="6.68885"><ele>894</ele><time>2000-01-01T10:41:28.000Z</time></trkpt><trkpt lat="46.19974" lon="6.68891"><ele>894</ele><time>2000-01-01T10:41:38.000Z</time></trkpt><trkpt lat="46.19937" lon="6.68918"><ele>894</ele><time>2000-01-01T10:41:48.000Z</time></trkpt><trkpt lat="46.19926" lon="6.6889"><ele>894</ele><time>2000-01-01T10:41:58.000Z</time></trkpt><trkpt lat="46.19912" lon="6.68902"><ele>894</ele><time>2000-01-01T10:42:08.000Z</time></trkpt><trkpt lat="46.19907" lon="6.6888"><ele>894</ele><time>2000-01-01T10:42:18.000Z</time></trkpt><trkpt lat="46.19903" lon="6.68858"><ele>893</ele><time>2000-01-01T10:42:28.000Z</time></trkpt><trkpt lat="46.19887" lon="6.68833"><ele>893</ele><time>2000-01-01T10:42:38.000Z</time></trkpt><trkpt lat="46.19856" lon="6.68822"><ele>893</ele><time>2000-01-01T10:42:48.000Z</time></trkpt><trkpt lat="46.19832" lon="6.68817"><ele>893</ele><time>2000-01-01T10:42:58.000Z</time></trkpt><trkpt lat="46.19822" lon="6.68795"><ele>891</ele><time>2000-01-01T10:43:08.000Z</time></trkpt><trkpt lat="46.19807" lon="6.68802"><ele>892</ele><time>2000-01-01T10:43:18.000Z</time></trkpt><trkpt lat="46.19782" lon="6.68829"><ele>892</ele><time>2000-01-01T10:43:28.000Z</time></trkpt><trkpt lat="46.19783" lon="6.6883"><ele>891</ele><time>2000-01-01T10:43:38.000Z</time></trkpt><trkpt lat="46.1978" lon="6.68832"><ele>892</ele><time>2000-01-01T10:43:48.000Z</time></trkpt><trkpt lat="46.19762" lon="6.68857"><ele>892</ele><time>2000-01-01T10:43:58.000Z</time></trkpt><trkpt lat="46.19737" lon="6.68891"><ele>893</ele><time>2000-01-01T10:44:08.000Z</time></trkpt><trkpt lat="46.19724" lon="6.68903"><ele>893</ele><time>2000-01-01T10:44:18.000Z</time></trkpt><trkpt lat="46.19703" lon="6.68917"><ele>893</ele><time>2000-01-01T10:44:28.000Z</time></trkpt><trkpt lat="46.19667" lon="6.68941"><ele>894</ele><time>2000-01-01T10:44:38.000Z</time></trkpt><trkpt lat="46.19643" lon="6.68961"><ele>894</ele><time>2000-01-01T10:44:48.000Z</time></trkpt><trkpt lat="46.1961" lon="6.6899"><ele>895</ele><time>2000-01-01T10:44:58.000Z</time></trkpt><trkpt lat="46.196" lon="6.69027"><ele>897</ele><time>2000-01-01T10:45:08.000Z</time></trkpt><trkpt lat="46.19576" lon="6.69056"><ele>897</ele><time>2000-01-01T10:45:18.000Z</time></trkpt><trkpt lat="46.19546" lon="6.6907"><ele>898</ele><time>2000-01-01T10:45:28.000Z</time></trkpt><trkpt lat="46.19527" lon="6.6909"><ele>899</ele><time>2000-01-01T10:45:38.000Z</time></trkpt><trkpt lat="46.19515" lon="6.69133"><ele>899</ele><time>2000-01-01T10:45:48.000Z</time></trkpt><trkpt lat="46.19497" lon="6.69168"><ele>899</ele><time>2000-01-01T10:45:58.000Z</time></trkpt><trkpt lat="46.19483" lon="6.69198"><ele>901</ele><time>2000-01-01T10:46:08.000Z</time></trkpt><trkpt lat="46.19466" lon="6.69231"><ele>902</ele><time>2000-01-01T10:46:18.000Z</time></trkpt><trkpt lat="46.19441" lon="6.69262"><ele>903</ele><time>2000-01-01T10:46:28.000Z</time></trkpt><trkpt lat="46.1942" lon="6.69278"><ele>903</ele><time>2000-01-01T10:46:38.000Z</time></trkpt><trkpt lat="46.19399" lon="6.69295"><ele>904</ele><time>2000-01-01T10:46:48.000Z</time></trkpt><trkpt lat="46.19376" lon="6.69318"><ele>904</ele><time>2000-01-01T10:46:58.000Z</time></trkpt><trkpt lat="46.19355" lon="6.69372"><ele>905</ele><time>2000-01-01T10:47:08.000Z</time></trkpt><trkpt lat="46.19352" lon="6.69412"><ele>906</ele><time>2000-01-01T10:47:18.000Z</time></trkpt><trkpt lat="46.19333" lon="6.69454"><ele>907</ele><time>2000-01-01T10:47:28.000Z</time></trkpt><trkpt lat="46.19325" lon="6.69464"><ele>906</ele><time>2000-01-01T10:47:38.000Z</time></trkpt><trkpt lat="46.19312" lon="6.69484"><ele>908</ele><time>2000-01-01T10:47:48.000Z</time></trkpt><trkpt lat="46.19298" lon="6.69505"><ele>907</ele><time>2000-01-01T10:47:58.000Z</time></trkpt><trkpt lat="46.19274" lon="6.69518"><ele>907</ele><time>2000-01-01T10:48:08.000Z</time></trkpt><trkpt lat="46.19248" lon="6.69556"><ele>909</ele><time>2000-01-01T10:48:18.000Z</time></trkpt><trkpt lat="46.19218" lon="6.69568"><ele>910</ele><time>2000-01-01T10:48:28.000Z</time></trkpt><trkpt lat="46.1918" lon="6.69588"><ele>910</ele><time>2000-01-01T10:48:38.000Z</time></trkpt><trkpt lat="46.19159" lon="6.69596"><ele>910</ele><time>2000-01-01T10:48:48.000Z</time></trkpt><trkpt lat="46.19149" lon="6.69627"><ele>912</ele><time>2000-01-01T10:48:58.000Z</time></trkpt><trkpt lat="46.19133" lon="6.69638"><ele>911</ele><time>2000-01-01T10:49:08.000Z</time></trkpt><trkpt lat="46.1912" lon="6.69661"><ele>913</ele><time>2000-01-01T10:49:18.000Z</time></trkpt><trkpt lat="46.19097" lon="6.69677"><ele>913</ele><time>2000-01-01T10:49:28.000Z</time></trkpt><trkpt lat="46.1907" lon="6.69696"><ele>914</ele><time>2000-01-01T10:49:38.000Z</time></trkpt><trkpt lat="46.19044" lon="6.69715"><ele>914</ele><time>2000-01-01T10:49:48.000Z</time></trkpt><trkpt lat="46.19019" lon="6.69718"><ele>915</ele><time>2000-01-01T10:49:58.000Z</time></trkpt><trkpt lat="46.1899" lon="6.69722"><ele>915</ele><time>2000-01-01T10:50:08.000Z</time></trkpt><trkpt lat="46.18977" lon="6.69723"><ele>918</ele><time>2000-01-01T10:50:18.000Z</time></trkpt><trkpt lat="46.18956" lon="6.69736"><ele>916</ele><time>2000-01-01T10:50:28.000Z</time></trkpt><trkpt lat="46.18921" lon="6.69769"><ele>917</ele><time>2000-01-01T10:50:38.000Z</time></trkpt><trkpt lat="46.18906" lon="6.69779"><ele>917</ele><time>2000-01-01T10:50:48.000Z</time></trkpt><trkpt lat="46.18878" lon="6.6979"><ele>917</ele><time>2000-01-01T10:50:58.000Z</time></trkpt><trkpt lat="46.18851" lon="6.69802"><ele>919</ele><time>2000-01-01T10:51:08.000Z</time></trkpt><trkpt lat="46.1881" lon="6.69819"><ele>919</ele><time>2000-01-01T10:51:18.000Z</time></trkpt><trkpt lat="46.18786" lon="6.6984"><ele>921</ele><time>2000-01-01T10:51:28.000Z</time></trkpt><trkpt lat="46.18751" lon="6.69873"><ele>922</ele><time>2000-01-01T10:51:38.000Z</time></trkpt><trkpt lat="46.18742" lon="6.69889"><ele>923</ele><time>2000-01-01T10:51:48.000Z</time></trkpt><trkpt lat="46.18741" lon="6.69901"><ele>923</ele><time>2000-01-01T10:51:58.000Z</time></trkpt><trkpt lat="46.18748" lon="6.69957"><ele>924</ele><time>2000-01-01T10:52:08.000Z</time></trkpt><trkpt lat="46.18747" lon="6.69968"><ele>924</ele><time>2000-01-01T10:52:18.000Z</time></trkpt><trkpt lat="46.18739" lon="6.69988"><ele>925</ele><time>2000-01-01T10:52:28.000Z</time></trkpt><trkpt lat="46.18735" lon="6.70003"><ele>926</ele><time>2000-01-01T10:52:38.000Z</time></trkpt><trkpt lat="46.18728" lon="6.70022"><ele>925</ele><time>2000-01-01T10:52:48.000Z</time></trkpt><trkpt lat="46.18713" lon="6.70052"><ele>926</ele><time>2000-01-01T10:52:58.000Z</time></trkpt><trkpt lat="46.18694" lon="6.7009"><ele>927</ele><time>2000-01-01T10:53:08.000Z</time></trkpt><trkpt lat="46.18674" lon="6.70138"><ele>928</ele><time>2000-01-01T10:53:18.000Z</time></trkpt><trkpt lat="46.18648" lon="6.70176"><ele>929</ele><time>2000-01-01T10:53:28.000Z</time></trkpt><trkpt lat="46.18636" lon="6.70186"><ele>929</ele><time>2000-01-01T10:53:38.000Z</time></trkpt><trkpt lat="46.18616" lon="6.70194"><ele>929</ele><time>2000-01-01T10:53:48.000Z</time></trkpt><trkpt lat="46.18591" lon="6.70205"><ele>929</ele><time>2000-01-01T10:53:58.000Z</time></trkpt><trkpt lat="46.18572" lon="6.70226"><ele>931</ele><time>2000-01-01T10:54:08.000Z</time></trkpt><trkpt lat="46.18551" lon="6.7025"><ele>932</ele><time>2000-01-01T10:54:18.000Z</time></trkpt><trkpt lat="46.1853" lon="6.70268"><ele>932</ele><time>2000-01-01T10:54:28.000Z</time></trkpt><trkpt lat="46.1851" lon="6.70297"><ele>933</ele><time>2000-01-01T10:54:38.000Z</time></trkpt><trkpt lat="46.18482" lon="6.7034"><ele>933</ele><time>2000-01-01T10:54:48.000Z</time></trkpt><trkpt lat="46.18449" lon="6.70384"><ele>934</ele><time>2000-01-01T10:54:58.000Z</time></trkpt><trkpt lat="46.18423" lon="6.70414"><ele>937</ele><time>2000-01-01T10:55:08.000Z</time></trkpt><trkpt lat="46.18415" lon="6.70431"><ele>938</ele><time>2000-01-01T10:55:18.000Z</time></trkpt><trkpt lat="46.18412" lon="6.70428"><ele>936</ele><time>2000-01-01T10:55:28.000Z</time></trkpt><trkpt lat="46.18398" lon="6.70443"><ele>937</ele><time>2000-01-01T10:55:38.000Z</time></trkpt><trkpt lat="46.1838" lon="6.70462"><ele>937</ele><time>2000-01-01T10:55:48.000Z</time></trkpt><trkpt lat="46.18369" lon="6.70477"><ele>938</ele><time>2000-01-01T10:55:58.000Z</time></trkpt><trkpt lat="46.18361" lon="6.70497"><ele>938</ele><time>2000-01-01T10:56:08.000Z</time></trkpt><trkpt lat="46.18354" lon="6.7052"><ele>940</ele><time>2000-01-01T10:56:18.000Z</time></trkpt><trkpt lat="46.18347" lon="6.70531"><ele>940</ele><time>2000-01-01T10:56:28.000Z</time></trkpt><trkpt lat="46.18319" lon="6.70564"><ele>940</ele><time>2000-01-01T10:56:38.000Z</time></trkpt><trkpt lat="46.18293" lon="6.70585"><ele>942</ele><time>2000-01-01T10:56:48.000Z</time></trkpt><trkpt lat="46.18271" lon="6.70603"><ele>942</ele><time>2000-01-01T10:56:58.000Z</time></trkpt><trkpt lat="46.18246" lon="6.70624"><ele>943</ele><time>2000-01-01T10:57:08.000Z</time></trkpt><trkpt lat="46.18218" lon="6.70637"><ele>945</ele><time>2000-01-01T10:57:18.000Z</time></trkpt><trkpt lat="46.18205" lon="6.70647"><ele>945</ele><time>2000-01-01T10:57:28.000Z</time></trkpt><trkpt lat="46.18185" lon="6.70664"><ele>946</ele><time>2000-01-01T10:57:38.000Z</time></trkpt><trkpt lat="46.18153" lon="6.70693"><ele>946</ele><time>2000-01-01T10:57:48.000Z</time></trkpt><trkpt lat="46.1814" lon="6.70716"><ele>946</ele><time>2000-01-01T10:57:58.000Z</time></trkpt><trkpt lat="46.18106" lon="6.70749"><ele>946</ele><time>2000-01-01T10:58:08.000Z</time></trkpt><trkpt lat="46.18073" lon="6.70771"><ele>948</ele><time>2000-01-01T10:58:18.000Z</time></trkpt><trkpt lat="46.18039" lon="6.70792"><ele>950</ele><time>2000-01-01T10:58:28.000Z</time></trkpt><trkpt lat="46.18019" lon="6.70809"><ele>952</ele><time>2000-01-01T10:58:38.000Z</time></trkpt><trkpt lat="46.17999" lon="6.70827"><ele>952</ele><time>2000-01-01T10:58:48.000Z</time></trkpt><trkpt lat="46.17974" lon="6.70855"><ele>952</ele><time>2000-01-01T10:58:58.000Z</time></trkpt><trkpt lat="46.17973" lon="6.70863"><ele>955</ele><time>2000-01-01T10:59:08.000Z</time></trkpt><trkpt lat="46.17945" lon="6.70867"><ele>955</ele><time>2000-01-01T10:59:18.000Z</time></trkpt><trkpt lat="46.17921" lon="6.7087"><ele>955</ele><time>2000-01-01T10:59:28.000Z</time></trkpt><trkpt lat="46.17895" lon="6.70873"><ele>958</ele><time>2000-01-01T10:59:38.000Z</time></trkpt><trkpt lat="46.17888" lon="6.70879"><ele>958</ele><time>2000-01-01T10:59:48.000Z</time></trkpt><trkpt lat="46.17886" lon="6.70885"><ele>958</ele><time>2000-01-01T10:59:58.000Z</time></trkpt><trkpt lat="46.17867" lon="6.70897"><ele>957</ele><time>2000-01-01T11:00:08.000Z</time></trkpt><trkpt lat="46.17842" lon="6.70905"><ele>957</ele><time>2000-01-01T11:00:18.000Z</time></trkpt><trkpt lat="46.17814" lon="6.70912"><ele>959</ele><time>2000-01-01T11:00:28.000Z</time></trkpt><trkpt lat="46.17793" lon="6.70914"><ele>959</ele><time>2000-01-01T11:00:38.000Z</time></trkpt><trkpt lat="46.17773" lon="6.7091"><ele>959</ele><time>2000-01-01T11:00:48.000Z</time></trkpt><trkpt lat="46.17728" lon="6.70894"><ele>963</ele><time>2000-01-01T11:00:58.000Z</time></trkpt><trkpt lat="46.17717" lon="6.70894"><ele>963</ele><time>2000-01-01T11:01:08.000Z</time></trkpt><trkpt lat="46.17703" lon="6.70903"><ele>964</ele><time>2000-01-01T11:01:18.000Z</time></trkpt><trkpt lat="46.1769" lon="6.70917"><ele>965</ele><time>2000-01-01T11:01:28.000Z</time></trkpt><trkpt lat="46.17672" lon="6.70947"><ele>966</ele><time>2000-01-01T11:01:38.000Z</time></trkpt><trkpt lat="46.17655" lon="6.70976"><ele>968</ele><time>2000-01-01T11:01:48.000Z</time></trkpt><trkpt lat="46.17633" lon="6.71013"><ele>971</ele><time>2000-01-01T11:01:58.000Z</time></trkpt><trkpt lat="46.17622" lon="6.71024"><ele>973</ele><time>2000-01-01T11:02:08.000Z</time></trkpt><trkpt lat="46.17612" lon="6.7103"><ele>973</ele><time>2000-01-01T11:02:18.000Z</time></trkpt><trkpt lat="46.17603" lon="6.7103"><ele>973</ele><time>2000-01-01T11:02:28.000Z</time></trkpt><trkpt lat="46.17592" lon="6.71018"><ele>973</ele><time>2000-01-01T11:02:38.000Z</time></trkpt><trkpt lat="46.17579" lon="6.71012"><ele>972</ele><time>2000-01-01T11:02:48.000Z</time></trkpt><trkpt lat="46.17576" lon="6.71006"><ele>974</ele><time>2000-01-01T11:02:58.000Z</time></trkpt><trkpt lat="46.1757" lon="6.70972"><ele>975</ele><time>2000-01-01T11:03:08.000Z</time></trkpt><trkpt lat="46.17568" lon="6.70955"><ele>975</ele><time>2000-01-01T11:03:18.000Z</time></trkpt><trkpt lat="46.17568" lon="6.70934"><ele>977</ele><time>2000-01-01T11:03:28.000Z</time></trkpt><trkpt lat="46.17571" lon="6.70923"><ele>979</ele><time>2000-01-01T11:03:38.000Z</time></trkpt><trkpt lat="46.17582" lon="6.70901"><ele>979</ele><time>2000-01-01T11:03:48.000Z</time></trkpt><trkpt lat="46.176" lon="6.70876"><ele>979</ele><time>2000-01-01T11:03:58.000Z</time></trkpt><trkpt lat="46.17622" lon="6.70847"><ele>985</ele><time>2000-01-01T11:04:08.000Z</time></trkpt><trkpt lat="46.1766" lon="6.70815"><ele>986</ele><time>2000-01-01T11:04:18.000Z</time></trkpt><trkpt lat="46.17673" lon="6.70801"><ele>989</ele><time>2000-01-01T11:04:28.000Z</time></trkpt><trkpt lat="46.17688" lon="6.70779"><ele>986</ele><time>2000-01-01T11:04:38.000Z</time></trkpt><trkpt lat="46.17706" lon="6.70747"><ele>985</ele><time>2000-01-01T11:04:48.000Z</time></trkpt><trkpt lat="46.17736" lon="6.70697"><ele>984</ele><time>2000-01-01T11:04:58.000Z</time></trkpt><trkpt lat="46.1775" lon="6.70687"><ele>984</ele><time>2000-01-01T11:05:08.000Z</time></trkpt><trkpt lat="46.17752" lon="6.70687"><ele>984</ele><time>2000-01-01T11:05:18.000Z</time></trkpt><trkpt lat="46.17757" lon="6.70685"><ele>984</ele><time>2000-01-01T11:05:28.000Z</time></trkpt><trkpt lat="46.1776" lon="6.7068"><ele>984</ele><time>2000-01-01T11:05:38.000Z</time></trkpt><trkpt lat="46.17761" lon="6.70675"><ele>983</ele><time>2000-01-01T11:05:48.000Z</time></trkpt><trkpt lat="46.17769" lon="6.70652"><ele>983</ele><time>2000-01-01T11:05:58.000Z</time></trkpt><trkpt lat="46.17786" lon="6.70625"><ele>983</ele><time>2000-01-01T11:06:08.000Z</time></trkpt><trkpt lat="46.17807" lon="6.70594"><ele>983</ele><time>2000-01-01T11:06:18.000Z</time></trkpt><trkpt lat="46.17825" lon="6.70565"><ele>983</ele><time>2000-01-01T11:06:28.000Z</time></trkpt><trkpt lat="46.17849" lon="6.70526"><ele>982</ele><time>2000-01-01T11:06:38.000Z</time></trkpt><trkpt lat="46.17876" lon="6.70486"><ele>982</ele><time>2000-01-01T11:06:48.000Z</time></trkpt><trkpt lat="46.17901" lon="6.70448"><ele>981</ele><time>2000-01-01T11:06:58.000Z</time></trkpt><trkpt lat="46.17926" lon="6.70409"><ele>980</ele><time>2000-01-01T11:07:08.000Z</time></trkpt><trkpt lat="46.17951" lon="6.70371"><ele>980</ele><time>2000-01-01T11:07:18.000Z</time></trkpt><trkpt lat="46.17969" lon="6.70344"><ele>980</ele><time>2000-01-01T11:07:28.000Z</time></trkpt><trkpt lat="46.1799" lon="6.70311"><ele>980</ele><time>2000-01-01T11:07:38.000Z</time></trkpt><trkpt lat="46.1801" lon="6.70278"><ele>980</ele><time>2000-01-01T11:07:48.000Z</time></trkpt><trkpt lat="46.18026" lon="6.70251"><ele>978</ele><time>2000-01-01T11:07:58.000Z</time></trkpt><trkpt lat="46.18045" lon="6.7022"><ele>978</ele><time>2000-01-01T11:08:08.000Z</time></trkpt><trkpt lat="46.18018" lon="6.70208"><ele>981</ele><time>2000-01-01T11:08:18.000Z</time></trkpt><trkpt lat="46.17975" lon="6.70189"><ele>982</ele><time>2000-01-01T11:08:28.000Z</time></trkpt><trkpt lat="46.17937" lon="6.70155"><ele>995</ele><time>2000-01-01T11:08:38.000Z</time></trkpt><trkpt lat="46.17899" lon="6.7012"><ele>1010</ele><time>2000-01-01T11:08:48.000Z</time></trkpt><trkpt lat="46.17861" lon="6.70086"><ele>1025</ele><time>2000-01-01T11:08:58.000Z</time></trkpt><trkpt lat="46.17823" lon="6.70052"><ele>1038</ele><time>2000-01-01T11:09:08.000Z</time></trkpt><trkpt lat="46.17785" lon="6.70018"><ele>1058</ele><time>2000-01-01T11:09:18.000Z</time></trkpt><trkpt lat="46.17747" lon="6.69983"><ele>1081</ele><time>2000-01-01T11:09:28.000Z</time></trkpt><trkpt lat="46.17709" lon="6.69949"><ele>1111</ele><time>2000-01-01T11:09:38.000Z</time></trkpt><trkpt lat="46.17671" lon="6.69915"><ele>1134</ele><time>2000-01-01T11:09:48.000Z</time></trkpt><trkpt lat="46.17633" lon="6.69881"><ele>1154</ele><time>2000-01-01T11:09:58.000Z</time></trkpt><trkpt lat="46.17595" lon="6.69846"><ele>1182</ele><time>2000-01-01T11:10:08.000Z</time></trkpt><trkpt lat="46.17557" lon="6.69812"><ele>1197</ele><time>2000-01-01T11:10:18.000Z</time></trkpt><trkpt lat="46.17518" lon="6.69778"><ele>1212</ele><time>2000-01-01T11:10:28.000Z</time></trkpt><trkpt lat="46.1748" lon="6.69743"><ele>1226</ele><time>2000-01-01T11:10:38.000Z</time></trkpt><trkpt lat="46.17442" lon="6.69709"><ele>1244</ele><time>2000-01-01T11:10:48.000Z</time></trkpt><trkpt lat="46.17404" lon="6.69675"><ele>1263</ele><time>2000-01-01T11:10:58.000Z</time></trkpt><trkpt lat="46.17366" lon="6.69641"><ele>1282</ele><time>2000-01-01T11:11:08.000Z</time></trkpt><trkpt lat="46.17328" lon="6.69606"><ele>1295</ele><time>2000-01-01T11:11:18.000Z</time></trkpt><trkpt lat="46.1729" lon="6.69572"><ele>1312</ele><time>2000-01-01T11:11:28.000Z</time></trkpt><trkpt lat="46.17252" lon="6.69538"><ele>1329</ele><time>2000-01-01T11:11:38.000Z</time></trkpt><trkpt lat="46.17214" lon="6.69503"><ele>1340</ele><time>2000-01-01T11:11:48.000Z</time></trkpt><trkpt lat="46.17176" lon="6.69469"><ele>1366</ele><time>2000-01-01T11:11:58.000Z</time></trkpt><trkpt lat="46.17138" lon="6.69435"><ele>1397</ele><time>2000-01-01T11:12:08.000Z</time></trkpt><trkpt lat="46.171" lon="6.69401"><ele>1428</ele><time>2000-01-01T11:12:18.000Z</time></trkpt><trkpt lat="46.17062" lon="6.69366"><ele>1437</ele><time>2000-01-01T11:12:28.000Z</time></trkpt><trkpt lat="46.17023" lon="6.69332"><ele>1457</ele><time>2000-01-01T11:12:38.000Z</time></trkpt><trkpt lat="46.17002" lon="6.69313"><ele>1468</ele><time>2000-01-01T11:12:48.000Z</time></trkpt><trkpt lat="46.16977" lon="6.6929"><ele>1492</ele><time>2000-01-01T11:12:58.000Z</time></trkpt><trkpt lat="46.16956" lon="6.69262"><ele>1497</ele><time>2000-01-01T11:13:08.000Z</time></trkpt><trkpt lat="46.16939" lon="6.69239"><ele>1501</ele><time>2000-01-01T11:13:18.000Z</time></trkpt><trkpt lat="46.16921" lon="6.69215"><ele>1501</ele><time>2000-01-01T11:13:28.000Z</time></trkpt><trkpt lat="46.16955" lon="6.69215"><ele>1498</ele><time>2000-01-01T11:13:38.000Z</time></trkpt><trkpt lat="46.16966" lon="6.69209"><ele>1495</ele><time>2000-01-01T11:13:48.000Z</time></trkpt><trkpt lat="46.16987" lon="6.6919"><ele>1494</ele><time>2000-01-01T11:13:58.000Z</time></trkpt><trkpt lat="46.17023" lon="6.69158"><ele>1490</ele><time>2000-01-01T11:14:08.000Z</time></trkpt><trkpt lat="46.17046" lon="6.69126"><ele>1484</ele><time>2000-01-01T11:14:18.000Z</time></trkpt><trkpt lat="46.17067" lon="6.69101"><ele>1480</ele><time>2000-01-01T11:14:28.000Z</time></trkpt><trkpt lat="46.17089" lon="6.69091"><ele>1478</ele><time>2000-01-01T11:14:38.000Z</time></trkpt><trkpt lat="46.17098" lon="6.69089"><ele>1478</ele><time>2000-01-01T11:14:48.000Z</time></trkpt><trkpt lat="46.17121" lon="6.69086"><ele>1474</ele><time>2000-01-01T11:14:58.000Z</time></trkpt><trkpt lat="46.17142" lon="6.6909"><ele>1473</ele><time>2000-01-01T11:15:08.000Z</time></trkpt><trkpt lat="46.1717" lon="6.69103"><ele>1469</ele><time>2000-01-01T11:15:18.000Z</time></trkpt><trkpt lat="46.1719" lon="6.69101"><ele>1465</ele><time>2000-01-01T11:15:28.000Z</time></trkpt><trkpt lat="46.17202" lon="6.69096"><ele>1461</ele><time>2000-01-01T11:15:38.000Z</time></trkpt><trkpt lat="46.17209" lon="6.69087"><ele>1462</ele><time>2000-01-01T11:15:48.000Z</time></trkpt><trkpt lat="46.17213" lon="6.69075"><ele>1462</ele><time>2000-01-01T11:15:58.000Z</time></trkpt><trkpt lat="46.17214" lon="6.69056"><ele>1458</ele><time>2000-01-01T11:16:08.000Z</time></trkpt><trkpt lat="46.17211" lon="6.69002"><ele>1451</ele><time>2000-01-01T11:16:18.000Z</time></trkpt><trkpt lat="46.17224" lon="6.68958"><ele>1440</ele><time>2000-01-01T11:16:28.000Z</time></trkpt><trkpt lat="46.17228" lon="6.68942"><ele>1438</ele><time>2000-01-01T11:16:38.000Z</time></trkpt><trkpt lat="46.17225" lon="6.6893"><ele>1437</ele><time>2000-01-01T11:16:48.000Z</time></trkpt><trkpt lat="46.17215" lon="6.6891"><ele>1436</ele><time>2000-01-01T11:16:58.000Z</time></trkpt><trkpt lat="46.17195" lon="6.68891"><ele>1435</ele><time>2000-01-01T11:17:08.000Z</time></trkpt><trkpt lat="46.17186" lon="6.68869"><ele>1434</ele><time>2000-01-01T11:17:18.000Z</time></trkpt><trkpt lat="46.17183" lon="6.68848"><ele>1436</ele><time>2000-01-01T11:17:28.000Z</time></trkpt><trkpt lat="46.1718" lon="6.68828"><ele>1439</ele><time>2000-01-01T11:17:38.000Z</time></trkpt><trkpt lat="46.17174" lon="6.688"><ele>1435</ele><time>2000-01-01T11:17:48.000Z</time></trkpt><trkpt lat="46.17168" lon="6.68784"><ele>1437</ele><time>2000-01-01T11:17:58.000Z</time></trkpt><trkpt lat="46.17148" lon="6.68759"><ele>1434</ele><time>2000-01-01T11:18:08.000Z</time></trkpt><trkpt lat="46.17119" lon="6.68739"><ele>1434</ele><time>2000-01-01T11:18:18.000Z</time></trkpt><trkpt lat="46.17091" lon="6.68732"><ele>1435</ele><time>2000-01-01T11:18:28.000Z</time></trkpt><trkpt lat="46.17048" lon="6.68721"><ele>1436</ele><time>2000-01-01T11:18:38.000Z</time></trkpt><trkpt lat="46.17031" lon="6.68693"><ele>1434</ele><time>2000-01-01T11:18:48.000Z</time></trkpt><trkpt lat="46.17008" lon="6.68657"><ele>1432</ele><time>2000-01-01T11:18:58.000Z</time></trkpt><trkpt lat="46.16985" lon="6.6864"><ele>1432</ele><time>2000-01-01T11:19:08.000Z</time></trkpt><trkpt lat="46.16958" lon="6.6862"><ele>1432</ele><time>2000-01-01T11:19:18.000Z</time></trkpt><trkpt lat="46.16936" lon="6.68606"><ele>1432</ele><time>2000-01-01T11:19:28.000Z</time></trkpt><trkpt lat="46.16911" lon="6.6859"><ele>1432</ele><time>2000-01-01T11:19:38.000Z</time></trkpt><trkpt lat="46.16873" lon="6.68579"><ele>1432</ele><time>2000-01-01T11:19:48.000Z</time></trkpt><trkpt lat="46.16846" lon="6.68586"><ele>1431</ele><time>2000-01-01T11:19:58.000Z</time></trkpt><trkpt lat="46.16836" lon="6.6858"><ele>1430</ele><time>2000-01-01T11:20:08.000Z</time></trkpt><trkpt lat="46.16822" lon="6.68582"><ele>1430</ele><time>2000-01-01T11:20:18.000Z</time></trkpt><trkpt lat="46.16807" lon="6.68592"><ele>1430</ele><time>2000-01-01T11:20:28.000Z</time></trkpt><trkpt lat="46.16792" lon="6.68593"><ele>1430</ele><time>2000-01-01T11:20:38.000Z</time></trkpt><trkpt lat="46.16776" lon="6.68595"><ele>1430</ele><time>2000-01-01T11:20:48.000Z</time></trkpt><trkpt lat="46.16761" lon="6.68589"><ele>1427</ele><time>2000-01-01T11:20:58.000Z</time></trkpt><trkpt lat="46.16746" lon="6.68583"><ele>1427</ele><time>2000-01-01T11:21:08.000Z</time></trkpt><trkpt lat="46.16723" lon="6.68569"><ele>1423</ele><time>2000-01-01T11:21:18.000Z</time></trkpt><trkpt lat="46.16695" lon="6.68552"><ele>1419</ele><time>2000-01-01T11:21:28.000Z</time></trkpt><trkpt lat="46.16666" lon="6.68556"><ele>1416</ele><time>2000-01-01T11:21:38.000Z</time></trkpt><trkpt lat="46.16621" lon="6.68563"><ele>1415</ele><time>2000-01-01T11:21:48.000Z</time></trkpt><trkpt lat="46.16596" lon="6.68558"><ele>1410</ele><time>2000-01-01T11:21:58.000Z</time></trkpt><trkpt lat="46.16567" lon="6.68552"><ele>1409</ele><time>2000-01-01T11:22:08.000Z</time></trkpt><trkpt lat="46.16544" lon="6.68536"><ele>1405</ele><time>2000-01-01T11:22:18.000Z</time></trkpt><trkpt lat="46.16514" lon="6.6853"><ele>1405</ele><time>2000-01-01T11:22:28.000Z</time></trkpt><trkpt lat="46.16478" lon="6.68505"><ele>1403</ele><time>2000-01-01T11:22:38.000Z</time></trkpt><trkpt lat="46.16444" lon="6.68471"><ele>1403</ele><time>2000-01-01T11:22:48.000Z</time></trkpt><trkpt lat="46.16417" lon="6.68455"><ele>1402</ele><time>2000-01-01T11:22:58.000Z</time></trkpt><trkpt lat="46.16394" lon="6.68442"><ele>1400</ele><time>2000-01-01T11:23:08.000Z</time></trkpt><trkpt lat="46.1637" lon="6.68429"><ele>1400</ele><time>2000-01-01T11:23:18.000Z</time></trkpt><trkpt lat="46.16339" lon="6.68395"><ele>1392</ele><time>2000-01-01T11:23:28.000Z</time></trkpt><trkpt lat="46.16304" lon="6.68384"><ele>1388</ele><time>2000-01-01T11:23:38.000Z</time></trkpt><trkpt lat="46.16273" lon="6.68383"><ele>1388</ele><time>2000-01-01T11:23:48.000Z</time></trkpt><trkpt lat="46.16239" lon="6.68395"><ele>1388</ele><time>2000-01-01T11:23:58.000Z</time></trkpt><trkpt lat="46.16206" lon="6.68408"><ele>1387</ele><time>2000-01-01T11:24:08.000Z</time></trkpt><trkpt lat="46.16179" lon="6.68418"><ele>1386</ele><time>2000-01-01T11:24:18.000Z</time></trkpt><trkpt lat="46.16141" lon="6.68432"><ele>1385</ele><time>2000-01-01T11:24:28.000Z</time></trkpt><trkpt lat="46.16113" lon="6.68452"><ele>1385</ele><time>2000-01-01T11:24:38.000Z</time></trkpt><trkpt lat="46.16089" lon="6.68469"><ele>1380</ele><time>2000-01-01T11:24:48.000Z</time></trkpt><trkpt lat="46.16058" lon="6.68491"><ele>1380</ele><time>2000-01-01T11:24:58.000Z</time></trkpt><trkpt lat="46.16046" lon="6.68504"><ele>1379</ele><time>2000-01-01T11:25:08.000Z</time></trkpt><trkpt lat="46.16039" lon="6.68514"><ele>1379</ele><time>2000-01-01T11:25:18.000Z</time></trkpt><trkpt lat="46.16032" lon="6.68519"><ele>1383</ele><time>2000-01-01T11:25:28.000Z</time></trkpt><trkpt lat="46.16023" lon="6.68515"><ele>1383</ele><time>2000-01-01T11:25:38.000Z</time></trkpt><trkpt lat="46.16011" lon="6.68502"><ele>1378</ele><time>2000-01-01T11:25:48.000Z</time></trkpt><trkpt lat="46.16002" lon="6.68498"><ele>1378</ele><time>2000-01-01T11:25:58.000Z</time></trkpt><trkpt lat="46.15983" lon="6.68499"><ele>1378</ele><time>2000-01-01T11:26:08.000Z</time></trkpt><trkpt lat="46.15962" lon="6.685"><ele>1377</ele><time>2000-01-01T11:26:18.000Z</time></trkpt><trkpt lat="46.15945" lon="6.68496"><ele>1377</ele><time>2000-01-01T11:26:28.000Z</time></trkpt><trkpt lat="46.15938" lon="6.68491"><ele>1377</ele><time>2000-01-01T11:26:38.000Z</time></trkpt><trkpt lat="46.15913" lon="6.68461"><ele>1369</ele><time>2000-01-01T11:26:48.000Z</time></trkpt><trkpt lat="46.15894" lon="6.68446"><ele>1368</ele><time>2000-01-01T11:26:58.000Z</time></trkpt><trkpt lat="46.15862" lon="6.68441"><ele>1368</ele><time>2000-01-01T11:27:08.000Z</time></trkpt><trkpt lat="46.15846" lon="6.68433"><ele>1366</ele><time>2000-01-01T11:27:18.000Z</time></trkpt><trkpt lat="46.15841" lon="6.68424"><ele>1366</ele><time>2000-01-01T11:27:28.000Z</time></trkpt><trkpt lat="46.15829" lon="6.68373"><ele>1361</ele><time>2000-01-01T11:27:38.000Z</time></trkpt><trkpt lat="46.1582" lon="6.6835"><ele>1355</ele><time>2000-01-01T11:27:48.000Z</time></trkpt><trkpt lat="46.1581" lon="6.68331"><ele>1353</ele><time>2000-01-01T11:27:58.000Z</time></trkpt><trkpt lat="46.15799" lon="6.6831"><ele>1347</ele><time>2000-01-01T11:28:08.000Z</time></trkpt><trkpt lat="46.15786" lon="6.68295"><ele>1341</ele><time>2000-01-01T11:28:18.000Z</time></trkpt><trkpt lat="46.15772" lon="6.68277"><ele>1338</ele><time>2000-01-01T11:28:28.000Z</time></trkpt><trkpt lat="46.15745" lon="6.68243"><ele>1329</ele><time>2000-01-01T11:28:38.000Z</time></trkpt><trkpt lat="46.15718" lon="6.6821"><ele>1321</ele><time>2000-01-01T11:28:48.000Z</time></trkpt><trkpt lat="46.15687" lon="6.68171"><ele>1316</ele><time>2000-01-01T11:28:58.000Z</time></trkpt><trkpt lat="46.15671" lon="6.68147"><ele>1312</ele><time>2000-01-01T11:29:08.000Z</time></trkpt><trkpt lat="46.15637" lon="6.6812"><ele>1305</ele><time>2000-01-01T11:29:18.000Z</time></trkpt><trkpt lat="46.15617" lon="6.68094"><ele>1305</ele><time>2000-01-01T11:29:28.000Z</time></trkpt><trkpt lat="46.15603" lon="6.68057"><ele>1303</ele><time>2000-01-01T11:29:38.000Z</time></trkpt><trkpt lat="46.15593" lon="6.68014"><ele>1302</ele><time>2000-01-01T11:29:48.000Z</time></trkpt><trkpt lat="46.1559" lon="6.67972"><ele>1300</ele><time>2000-01-01T11:29:58.000Z</time></trkpt><trkpt lat="46.15586" lon="6.67939"><ele>1295</ele><time>2000-01-01T11:30:08.000Z</time></trkpt><trkpt lat="46.15583" lon="6.67905"><ele>1295</ele><time>2000-01-01T11:30:18.000Z</time></trkpt><trkpt lat="46.15578" lon="6.67877"><ele>1295</ele><time>2000-01-01T11:30:28.000Z</time></trkpt><trkpt lat="46.15566" lon="6.67843"><ele>1293</ele><time>2000-01-01T11:30:38.000Z</time></trkpt><trkpt lat="46.15555" lon="6.67803"><ele>1289</ele><time>2000-01-01T11:30:48.000Z</time></trkpt><trkpt lat="46.15546" lon="6.67783"><ele>1290</ele><time>2000-01-01T11:30:58.000Z</time></trkpt><trkpt lat="46.15523" lon="6.67761"><ele>1287</ele><time>2000-01-01T11:31:08.000Z</time></trkpt><trkpt lat="46.15501" lon="6.67738"><ele>1284</ele><time>2000-01-01T11:31:18.000Z</time></trkpt><trkpt lat="46.15472" lon="6.6771"><ele>1282</ele><time>2000-01-01T11:31:28.000Z</time></trkpt><trkpt lat="46.1545" lon="6.67669"><ele>1278</ele><time>2000-01-01T11:31:38.000Z</time></trkpt><trkpt lat="46.15439" lon="6.67659"><ele>1276</ele><time>2000-01-01T11:31:48.000Z</time></trkpt><trkpt lat="46.15425" lon="6.67656"><ele>1276</ele><time>2000-01-01T11:31:58.000Z</time></trkpt><trkpt lat="46.15412" lon="6.67648"><ele>1272</ele><time>2000-01-01T11:32:08.000Z</time></trkpt><trkpt lat="46.15406" lon="6.67636"><ele>1271</ele><time>2000-01-01T11:32:18.000Z</time></trkpt><trkpt lat="46.15408" lon="6.67617"><ele>1267</ele><time>2000-01-01T11:32:28.000Z</time></trkpt><trkpt lat="46.15419" lon="6.67599"><ele>1261</ele><time>2000-01-01T11:32:38.000Z</time></trkpt><trkpt lat="46.15417" lon="6.67589"><ele>1261</ele><time>2000-01-01T11:32:48.000Z</time></trkpt><trkpt lat="46.154" lon="6.67569"><ele>1258</ele><time>2000-01-01T11:32:58.000Z</time></trkpt><trkpt lat="46.15381" lon="6.67547"><ele>1256</ele><time>2000-01-01T11:33:08.000Z</time></trkpt><trkpt lat="46.15359" lon="6.67517"><ele>1255</ele><time>2000-01-01T11:33:18.000Z</time></trkpt><trkpt lat="46.15355" lon="6.67506"><ele>1253</ele><time>2000-01-01T11:33:28.000Z</time></trkpt><trkpt lat="46.15359" lon="6.67493"><ele>1253</ele><time>2000-01-01T11:33:38.000Z</time></trkpt><trkpt lat="46.1537" lon="6.67482"><ele>1251</ele><time>2000-01-01T11:33:48.000Z</time></trkpt><trkpt lat="46.1538" lon="6.67466"><ele>1250</ele><time>2000-01-01T11:33:58.000Z</time></trkpt><trkpt lat="46.15389" lon="6.67444"><ele>1248</ele><time>2000-01-01T11:34:08.000Z</time></trkpt><trkpt lat="46.15393" lon="6.67439"><ele>1247</ele><time>2000-01-01T11:34:18.000Z</time></trkpt><trkpt lat="46.15407" lon="6.67388"><ele>1242</ele><time>2000-01-01T11:34:28.000Z</time></trkpt><trkpt lat="46.15414" lon="6.6738"><ele>1242</ele><time>2000-01-01T11:34:38.000Z</time></trkpt><trkpt lat="46.15445" lon="6.67371"><ele>1241</ele><time>2000-01-01T11:34:48.000Z</time></trkpt><trkpt lat="46.1546" lon="6.6735"><ele>1239</ele><time>2000-01-01T11:34:58.000Z</time></trkpt><trkpt lat="46.15476" lon="6.67307"><ele>1237</ele><time>2000-01-01T11:35:08.000Z</time></trkpt><trkpt lat="46.15489" lon="6.67274"><ele>1235</ele><time>2000-01-01T11:35:18.000Z</time></trkpt><trkpt lat="46.15506" lon="6.67231"><ele>1232</ele><time>2000-01-01T11:35:28.000Z</time></trkpt><trkpt lat="46.15522" lon="6.67189"><ele>1229</ele><time>2000-01-01T11:35:38.000Z</time></trkpt><trkpt lat="46.15532" lon="6.67175"><ele>1227</ele><time>2000-01-01T11:35:48.000Z</time></trkpt><trkpt lat="46.15528" lon="6.67134"><ele>1227</ele><time>2000-01-01T11:35:58.000Z</time></trkpt><trkpt lat="46.15501" lon="6.67093"><ele>1224</ele><time>2000-01-01T11:36:08.000Z</time></trkpt><trkpt lat="46.15479" lon="6.67058"><ele>1224</ele><time>2000-01-01T11:36:18.000Z</time></trkpt><trkpt lat="46.15462" lon="6.67031"><ele>1222</ele><time>2000-01-01T11:36:28.000Z</time></trkpt><trkpt lat="46.15449" lon="6.67"><ele>1218</ele><time>2000-01-01T11:36:38.000Z</time></trkpt><trkpt lat="46.15434" lon="6.66975"><ele>1215</ele><time>2000-01-01T11:36:48.000Z</time></trkpt><trkpt lat="46.15415" lon="6.66955"><ele>1214</ele><time>2000-01-01T11:36:58.000Z</time></trkpt><trkpt lat="46.15401" lon="6.66927"><ele>1208</ele><time>2000-01-01T11:37:08.000Z</time></trkpt><trkpt lat="46.15409" lon="6.66917"><ele>1208</ele><time>2000-01-01T11:37:18.000Z</time></trkpt><trkpt lat="46.15436" lon="6.66928"><ele>1205</ele><time>2000-01-01T11:37:28.000Z</time></trkpt><trkpt lat="46.15463" lon="6.66938"><ele>1205</ele><time>2000-01-01T11:37:38.000Z</time></trkpt><trkpt lat="46.15492" lon="6.66949"><ele>1205</ele><time>2000-01-01T11:37:48.000Z</time></trkpt><trkpt lat="46.15522" lon="6.66954"><ele>1203</ele><time>2000-01-01T11:37:58.000Z</time></trkpt><trkpt lat="46.15545" lon="6.66968"><ele>1201</ele><time>2000-01-01T11:38:08.000Z</time></trkpt><trkpt lat="46.15571" lon="6.66984"><ele>1201</ele><time>2000-01-01T11:38:18.000Z</time></trkpt><trkpt lat="46.15576" lon="6.66982"><ele>1201</ele><time>2000-01-01T11:38:28.000Z</time></trkpt><trkpt lat="46.15575" lon="6.66977"><ele>1196</ele><time>2000-01-01T11:38:38.000Z</time></trkpt><trkpt lat="46.15563" lon="6.66964"><ele>1199</ele><time>2000-01-01T11:38:48.000Z</time></trkpt><trkpt lat="46.15533" lon="6.66933"><ele>1193</ele><time>2000-01-01T11:38:58.000Z</time></trkpt><trkpt lat="46.15532" lon="6.66928"><ele>1191</ele><time>2000-01-01T11:39:08.000Z</time></trkpt><trkpt lat="46.15535" lon="6.66925"><ele>1191</ele><time>2000-01-01T11:39:18.000Z</time></trkpt><trkpt lat="46.15554" lon="6.66929"><ele>1189</ele><time>2000-01-01T11:39:28.000Z</time></trkpt><trkpt lat="46.1558" lon="6.66932"><ele>1189</ele><time>2000-01-01T11:39:38.000Z</time></trkpt><trkpt lat="46.15595" lon="6.66925"><ele>1184</ele><time>2000-01-01T11:39:48.000Z</time></trkpt><trkpt lat="46.15605" lon="6.66915"><ele>1182</ele><time>2000-01-01T11:39:58.000Z</time></trkpt><trkpt lat="46.15612" lon="6.6689"><ele>1181</ele><time>2000-01-01T11:40:08.000Z</time></trkpt><trkpt lat="46.15617" lon="6.66883"><ele>1181</ele><time>2000-01-01T11:40:18.000Z</time></trkpt><trkpt lat="46.15625" lon="6.6688"><ele>1178</ele><time>2000-01-01T11:40:28.000Z</time></trkpt><trkpt lat="46.15634" lon="6.66886"><ele>1178</ele><time>2000-01-01T11:40:38.000Z</time></trkpt><trkpt lat="46.1564" lon="6.66883"><ele>1178</ele><time>2000-01-01T11:40:48.000Z</time></trkpt><trkpt lat="46.15642" lon="6.66874"><ele>1174</ele><time>2000-01-01T11:40:58.000Z</time></trkpt><trkpt lat="46.1564" lon="6.66853"><ele>1176</ele><time>2000-01-01T11:41:08.000Z</time></trkpt><trkpt lat="46.15641" lon="6.6682"><ele>1170</ele><time>2000-01-01T11:41:18.000Z</time></trkpt><trkpt lat="46.15645" lon="6.66814"><ele>1170</ele><time>2000-01-01T11:41:28.000Z</time></trkpt><trkpt lat="46.15653" lon="6.66809"><ele>1167</ele><time>2000-01-01T11:41:38.000Z</time></trkpt><trkpt lat="46.15667" lon="6.66812"><ele>1168</ele><time>2000-01-01T11:41:48.000Z</time></trkpt><trkpt lat="46.15683" lon="6.6682"><ele>1167</ele><time>2000-01-01T11:41:58.000Z</time></trkpt><trkpt lat="46.15678" lon="6.66832"><ele>1167</ele><time>2000-01-01T11:42:08.000Z</time></trkpt></trkseg></trk></gpx>