<?xml version='1.0' encoding='UTF-8'?>
<gpx version="1.1" creator="https://www.komoot.de" xmlns="http://www.topografix.com/GPX/1/1" xmlns:xsi="http://www.w3.org/2001/XMLSchema-instance" xsi:schemaLocation="http://www.topografix.com/GPX/1/1 http://www.topografix.com/GPX/1/1/gpx.xsd">
  <metadata>
    <name>Hattgenstein - WaldMeister Tour</name>
    <author>
      <link href="https://www.komoot.de">
        <text>komoot</text>
        <type>text/html</type>
      </link>
    </author>
  </metadata>
  <trk>
    <name>Hattgenstein - WaldMeister Tour</name>
    <type>mtb</type>
    <trkseg>
      <trkpt lat="49.696597" lon="7.154591">
        <ele>581.022655</ele>
        <time>2022-01-01T18:02:19.614Z</time>
      </trkpt>
      <trkpt lat="49.696375" lon="7.154399">
        <ele>581.022655</ele>
        <time>2022-01-01T18:02:30.498Z</time>
      </trkpt>
      <trkpt lat="49.696181" lon="7.154072">
        <ele>581.022655</ele>
        <time>2022-01-01T18:02:42.780Z</time>
      </trkpt>
      <trkpt lat="49.696182" lon="7.154011">
        <ele>581.022655</ele>
        <time>2022-01-01T18:02:44.468Z</time>
      </trkpt>
      <trkpt lat="49.696189" lon="7.153944">
        <ele>581.022655</ele>
        <time>2022-01-01T18:02:46.347Z</time>
      </trkpt>
      <trkpt lat="49.696214" lon="7.153781">
        <ele>581.022655</ele>
        <time>2022-01-01T18:02:50.985Z</time>
      </trkpt>
      <trkpt lat="49.696284" lon="7.153529">
        <ele>581.080505</ele>
        <time>2022-01-01T18:02:58.575Z</time>
      </trkpt>
      <trkpt lat="49.696185" lon="7.153103">
        <ele>582.593780</ele>
        <time>2022-01-01T18:03:11.111Z</time>
      </trkpt>
      <trkpt lat="49.695695" lon="7.152853">
        <ele>585.260604</ele>
        <time>2022-01-01T18:03:33.204Z</time>
      </trkpt>
      <trkpt lat="49.695549" lon="7.152625">
        <ele>586.333161</ele>
        <time>2022-01-01T18:03:42.101Z</time>
      </trkpt>
      <trkpt lat="49.695504" lon="7.152707">
        <ele>586.692663</ele>
        <time>2022-01-01T18:03:45.079Z</time>
      </trkpt>
      <trkpt lat="49.695413" lon="7.152645">
        <ele>587.206628</ele>
        <time>2022-01-01T18:03:49.339Z</time>
      </trkpt>
      <trkpt lat="49.695191" lon="7.152269">
        <ele>588.908553</ele>
        <time>2022-01-01T18:04:03.444Z</time>
      </trkpt>
      <trkpt lat="49.695004" lon="7.151513">
        <ele>590.470015</ele>
        <time>2022-01-01T18:04:25.850Z</time>
      </trkpt>
      <trkpt lat="49.694822" lon="7.150240">
        <ele>590.979248</ele>
        <time>2022-01-01T18:05:01.925Z</time>
      </trkpt>
      <trkpt lat="49.694861" lon="7.150174">
        <ele>591.014164</ele>
        <time>2022-01-01T18:05:04.388Z</time>
      </trkpt>
      <trkpt lat="49.694589" lon="7.149794">
        <ele>591.235540</ele>
        <time>2022-01-01T18:05:15.629Z</time>
      </trkpt>
      <trkpt lat="49.694476" lon="7.149450">
        <ele>591.386240</ele>
        <time>2022-01-01T18:05:22.264Z</time>
      </trkpt>
      <trkpt lat="49.694136" lon="7.149256">
        <ele>588.173855</ele>
        <time>2022-01-01T18:05:30.484Z</time>
      </trkpt>
      <trkpt lat="49.694097" lon="7.149248">
        <ele>587.790810</ele>
        <time>2022-01-01T18:05:31.424Z</time>
      </trkpt>
      <trkpt lat="49.693725" lon="7.149173">
        <ele>584.138217</ele>
        <time>2022-01-01T18:05:39.614Z</time>
      </trkpt>
      <trkpt lat="49.693531" lon="7.149207">
        <ele>582.237266</ele>
        <time>2022-01-01T18:05:43.678Z</time>
      </trkpt>
      <trkpt lat="49.693285" lon="7.149181">
        <ele>579.836534</ele>
        <time>2022-01-01T18:05:48.945Z</time>
      </trkpt>
      <trkpt lat="49.693201" lon="7.149159">
        <ele>579.007027</ele>
        <time>2022-01-01T18:05:50.694Z</time>
      </trkpt>
      <trkpt lat="49.693013" lon="7.149069">
        <ele>577.090833</ele>
        <time>2022-01-01T18:05:54.822Z</time>
      </trkpt>
      <trkpt lat="49.692903" lon="7.149046">
        <ele>576.010083</ele>
        <time>2022-01-01T18:05:57.128Z</time>
      </trkpt>
      <trkpt lat="49.692795" lon="7.149138">
        <ele>574.809475</ele>
        <time>2022-01-01T18:05:59.596Z</time>
      </trkpt>
      <trkpt lat="49.692602" lon="7.149573">
        <ele>570.748731</ele>
        <time>2022-01-01T18:06:06.698Z</time>
      </trkpt>
      <trkpt lat="49.692567" lon="7.149774">
        <ele>569.035183</ele>
        <time>2022-01-01T18:06:09.565Z</time>
      </trkpt>
      <trkpt lat="49.692510" lon="7.149817">
        <ele>568.228056</ele>
        <time>2022-01-01T18:06:10.864Z</time>
      </trkpt>
      <trkpt lat="49.692323" lon="7.149570">
        <ele>565.097973</ele>
        <time>2022-01-01T18:06:15.866Z</time>
      </trkpt>
      <trkpt lat="49.692128" lon="7.149514">
        <ele>562.574009</ele>
        <time>2022-01-01T18:06:20.034Z</time>
      </trkpt>
      <trkpt lat="49.691960" lon="7.149205">
        <ele>559.251163</ele>
        <time>2022-01-01T18:06:25.474Z</time>
      </trkpt>
      <trkpt lat="49.691769" lon="7.148645">
        <ele>554.039610</ele>
        <time>2022-01-01T18:06:33.886Z</time>
      </trkpt>
      <trkpt lat="49.691794" lon="7.148530">
        <ele>553.040878</ele>
        <time>2022-01-01T18:06:37.251Z</time>
      </trkpt>
      <trkpt lat="49.691658" lon="7.148294">
        <ele>550.371459</ele>
        <time>2022-01-01T18:06:46.054Z</time>
      </trkpt>
      <trkpt lat="49.691552" lon="7.148571">
        <ele>547.405084</ele>
        <time>2022-01-01T18:06:55.014Z</time>
      </trkpt>
      <trkpt lat="49.691678" lon="7.148897">
        <ele>543.904877</ele>
        <time>2022-01-01T18:07:05.588Z</time>
      </trkpt>
      <trkpt lat="49.691663" lon="7.149153">
        <ele>541.535660</ele>
        <time>2022-01-01T18:07:12.741Z</time>
      </trkpt>
      <trkpt lat="49.691571" lon="7.149310">
        <ele>539.583159</ele>
        <time>2022-01-01T18:07:18.653Z</time>
      </trkpt>
      <trkpt lat="49.691316" lon="7.149350">
        <ele>535.931267</ele>
        <time>2022-01-01T18:07:29.701Z</time>
      </trkpt>
      <trkpt lat="49.690849" lon="7.148993">
        <ele>528.508287</ele>
        <time>2022-01-01T18:07:52.217Z</time>
      </trkpt>
      <trkpt lat="49.690897" lon="7.148936">
        <ele>527.645880</ele>
        <time>2022-01-01T18:07:54.831Z</time>
      </trkpt>
      <trkpt lat="49.690663" lon="7.148463">
        <ele>522.618461</ele>
        <time>2022-01-01T18:08:02.618Z</time>
      </trkpt>
      <trkpt lat="49.690581" lon="7.148269">
        <ele>520.788378</ele>
        <time>2022-01-01T18:08:05.614Z</time>
      </trkpt>
      <trkpt lat="49.690454" lon="7.147996">
        <ele>518.132889</ele>
        <time>2022-01-01T18:08:10.041Z</time>
      </trkpt>
      <trkpt lat="49.690216" lon="7.148033">
        <ele>515.212860</ele>
        <time>2022-01-01T18:08:14.903Z</time>
      </trkpt>
      <trkpt lat="49.690058" lon="7.148056">
        <ele>513.275550</ele>
        <time>2022-01-01T18:08:18.246Z</time>
      </trkpt>
      <trkpt lat="49.689968" lon="7.148006">
        <ele>512.108077</ele>
        <time>2022-01-01T18:08:20.250Z</time>
      </trkpt>
      <trkpt lat="49.689939" lon="7.148058">
        <ele>511.565889</ele>
        <time>2022-01-01T18:08:21.209Z</time>
      </trkpt>
      <trkpt lat="49.689792" lon="7.148025">
        <ele>509.752569</ele>
        <time>2022-01-01T18:08:24.427Z</time>
      </trkpt>
      <trkpt lat="49.689712" lon="7.147415">
        <ele>504.837212</ele>
        <time>2022-01-01T18:08:31.240Z</time>
      </trkpt>
      <trkpt lat="49.689664" lon="7.147154">
        <ele>502.925791</ele>
        <time>2022-01-01T18:08:34.062Z</time>
      </trkpt>
      <trkpt lat="49.689595" lon="7.146772">
        <ele>500.793065</ele>
        <time>2022-01-01T18:08:38.363Z</time>
      </trkpt>
      <trkpt lat="49.689571" lon="7.146636">
        <ele>500.035019</ele>
        <time>2022-01-01T18:08:39.982Z</time>
      </trkpt>
      <trkpt lat="49.689425" lon="7.145886">
        <ele>495.823340</ele>
        <time>2022-01-01T18:08:48.542Z</time>
      </trkpt>
      <trkpt lat="49.689391" lon="7.145771">
        <ele>495.143420</ele>
        <time>2022-01-01T18:08:49.886Z</time>
      </trkpt>
      <trkpt lat="49.689347" lon="7.145697">
        <ele>494.602948</ele>
        <time>2022-01-01T18:08:50.925Z</time>
      </trkpt>
      <trkpt lat="49.689298" lon="7.145660">
        <ele>494.149652</ele>
        <time>2022-01-01T18:08:51.818Z</time>
      </trkpt>
      <trkpt lat="49.689356" lon="7.145518">
        <ele>493.246601</ele>
        <time>2022-01-01T18:08:54.828Z</time>
      </trkpt>
      <trkpt lat="49.689414" lon="7.145464">
        <ele>492.683798</ele>
        <time>2022-01-01T18:08:56.707Z</time>
      </trkpt>
      <trkpt lat="49.689306" lon="7.145423">
        <ele>491.759405</ele>
        <time>2022-01-01T18:08:59.005Z</time>
      </trkpt>
      <trkpt lat="49.689033" lon="7.145443">
        <ele>489.487632</ele>
        <time>2022-01-01T18:09:05.489Z</time>
      </trkpt>
      <trkpt lat="49.688891" lon="7.145226">
        <ele>487.860245</ele>
        <time>2022-01-01T18:09:09.755Z</time>
      </trkpt>
      <trkpt lat="49.688803" lon="7.144971">
        <ele>486.384596</ele>
        <time>2022-01-01T18:09:14.103Z</time>
      </trkpt>
      <trkpt lat="49.688711" lon="7.144838">
        <ele>485.390434</ele>
        <time>2022-01-01T18:09:16.689Z</time>
      </trkpt>
      <trkpt lat="49.688187" lon="7.144842">
        <ele>481.254811</ele>
        <time>2022-01-01T18:09:28.531Z</time>
      </trkpt>
      <trkpt lat="49.687949" lon="7.144650">
        <ele>479.136005</ele>
        <time>2022-01-01T18:09:34.242Z</time>
      </trkpt>
      <trkpt lat="49.687494" lon="7.144742">
        <ele>475.514407</ele>
        <time>2022-01-01T18:09:44.636Z</time>
      </trkpt>
      <trkpt lat="49.687402" lon="7.144686">
        <ele>474.734042</ele>
        <time>2022-01-01T18:09:46.823Z</time>
      </trkpt>
      <trkpt lat="49.687286" lon="7.144616">
        <ele>474.081820</ele>
        <time>2022-01-01T18:09:49.512Z</time>
      </trkpt>
      <trkpt lat="49.687247" lon="7.144478">
        <ele>473.799538</ele>
        <time>2022-01-01T18:09:51.962Z</time>
      </trkpt>
      <trkpt lat="49.687284" lon="7.144333">
        <ele>473.507359</ele>
        <time>2022-01-01T18:09:54.401Z</time>
      </trkpt>
      <trkpt lat="49.687251" lon="7.144059">
        <ele>472.984925</ele>
        <time>2022-01-01T18:09:58.608Z</time>
      </trkpt>
      <trkpt lat="49.687222" lon="7.144022">
        <ele>472.875974</ele>
        <time>2022-01-01T18:09:59.562Z</time>
      </trkpt>
      <trkpt lat="49.687204" lon="7.143896">
        <ele>472.634099</ele>
        <time>2022-01-01T18:10:01.736Z</time>
      </trkpt>
      <trkpt lat="49.687166" lon="7.143908">
        <ele>472.521724</ele>
        <time>2022-01-01T18:10:02.714Z</time>
      </trkpt>
      <trkpt lat="49.687026" lon="7.143735">
        <ele>472.002397</ele>
        <time>2022-01-01T18:10:06.140Z</time>
      </trkpt>
      <trkpt lat="49.686966" lon="7.143673">
        <ele>471.793284</ele>
        <time>2022-01-01T18:10:07.651Z</time>
      </trkpt>
      <trkpt lat="49.686843" lon="7.143998">
        <ele>471.087489</ele>
        <time>2022-01-01T18:10:11.424Z</time>
      </trkpt>
      <trkpt lat="49.686788" lon="7.144218">
        <ele>470.645379</ele>
        <time>2022-01-01T18:10:13.835Z</time>
      </trkpt>
      <trkpt lat="49.686711" lon="7.144332">
        <ele>470.336449</ele>
        <time>2022-01-01T18:10:17.199Z</time>
      </trkpt>
      <trkpt lat="49.686707" lon="7.144976">
        <ele>469.129209</ele>
        <time>2022-01-01T18:10:29.502Z</time>
      </trkpt>
      <trkpt lat="49.686686" lon="7.145234">
        <ele>469.662686</ele>
        <time>2022-01-01T18:10:33.453Z</time>
      </trkpt>
      <trkpt lat="49.686535" lon="7.145175">
        <ele>470.307161</ele>
        <time>2022-01-01T18:10:40.813Z</time>
      </trkpt>
      <trkpt lat="49.686339" lon="7.145200">
        <ele>471.120944</ele>
        <time>2022-01-01T18:10:48.025Z</time>
      </trkpt>
      <trkpt lat="49.686270" lon="7.145303">
        <ele>471.517871</ele>
        <time>2022-01-01T18:10:52.440Z</time>
      </trkpt>
      <trkpt lat="49.686204" lon="7.145341">
        <ele>471.809304</ele>
        <time>2022-01-01T18:10:56.749Z</time>
      </trkpt>
      <trkpt lat="49.686053" lon="7.145774">
        <ele>473.126162</ele>
        <time>2022-01-01T18:11:12.186Z</time>
      </trkpt>
      <trkpt lat="49.685735" lon="7.145998">
        <ele>474.572214</ele>
        <time>2022-01-01T18:11:31.079Z</time>
      </trkpt>
      <trkpt lat="49.685404" lon="7.146089">
        <ele>475.963352</ele>
        <time>2022-01-01T18:11:53.332Z</time>
      </trkpt>
      <trkpt lat="49.685279" lon="7.146054">
        <ele>476.489006</ele>
        <time>2022-01-01T18:12:04.519Z</time>
      </trkpt>
      <trkpt lat="49.685127" lon="7.146375">
        <ele>478.728797</ele>
        <time>2022-01-01T18:12:23.015Z</time>
      </trkpt>
      <trkpt lat="49.684938" lon="7.146161">
        <ele>480.783868</ele>
        <time>2022-01-01T18:12:42.821Z</time>
      </trkpt>
      <trkpt lat="49.684696" lon="7.146095">
        <ele>482.939377</ele>
        <time>2022-01-01T18:13:02.625Z</time>
      </trkpt>
      <trkpt lat="49.684619" lon="7.145893">
        <ele>484.269927</ele>
        <time>2022-01-01T18:13:13.227Z</time>
      </trkpt>
      <trkpt lat="49.684211" lon="7.145655">
        <ele>488.095124</ele>
        <time>2022-01-01T18:13:46.760Z</time>
      </trkpt>
      <trkpt lat="49.683836" lon="7.145436">
        <ele>491.611435</ele>
        <time>2022-01-01T18:14:18.963Z</time>
      </trkpt>
      <trkpt lat="49.683740" lon="7.145384">
        <ele>492.402049</ele>
        <time>2022-01-01T18:14:28.037Z</time>
      </trkpt>
      <trkpt lat="49.683573" lon="7.145319">
        <ele>493.220882</ele>
        <time>2022-01-01T18:14:39.892Z</time>
      </trkpt>
      <trkpt lat="49.683269" lon="7.145356">
        <ele>494.670799</ele>
        <time>2022-01-01T18:15:00.723Z</time>
      </trkpt>
      <trkpt lat="49.683193" lon="7.145247">
        <ele>495.163774</ele>
        <time>2022-01-01T18:15:07.308Z</time>
      </trkpt>
      <trkpt lat="49.682888" lon="7.144323">
        <ele>498.354914</ele>
        <time>2022-01-01T18:15:44.776Z</time>
      </trkpt>
      <trkpt lat="49.682856" lon="7.144282">
        <ele>498.552549</ele>
        <time>2022-01-01T18:15:46.982Z</time>
      </trkpt>
      <trkpt lat="49.682479" lon="7.143809">
        <ele>500.827970</ele>
        <time>2022-01-01T18:16:06.042Z</time>
      </trkpt>
      <trkpt lat="49.682472" lon="7.143737">
        <ele>500.780716</ele>
        <time>2022-01-01T18:16:08.937Z</time>
      </trkpt>
      <trkpt lat="49.682513" lon="7.143700">
        <ele>500.733092</ele>
        <time>2022-01-01T18:16:10.066Z</time>
      </trkpt>
      <trkpt lat="49.682631" lon="7.143836">
        <ele>500.585440</ele>
        <time>2022-01-01T18:16:14.692Z</time>
      </trkpt>
      <trkpt lat="49.682845" lon="7.143814">
        <ele>500.370306</ele>
        <time>2022-01-01T18:16:21.077Z</time>
      </trkpt>
      <trkpt lat="49.682873" lon="7.144080">
        <ele>500.195399</ele>
        <time>2022-01-01T18:16:26.160Z</time>
      </trkpt>
      <trkpt lat="49.682990" lon="7.144207">
        <ele>500.051986</ele>
        <time>2022-01-01T18:16:30.107Z</time>
      </trkpt>
      <trkpt lat="49.683136" lon="7.144726">
        <ele>499.684689</ele>
        <time>2022-01-01T18:16:40.289Z</time>
      </trkpt>
      <trkpt lat="49.683239" lon="7.144852">
        <ele>499.552926</ele>
        <time>2022-01-01T18:16:43.869Z</time>
      </trkpt>
      <trkpt lat="49.683794" lon="7.145045">
        <ele>499.013316</ele>
        <time>2022-01-01T18:16:59.237Z</time>
      </trkpt>
      <trkpt lat="49.683869" lon="7.145015">
        <ele>498.986567</ele>
        <time>2022-01-01T18:17:01.650Z</time>
      </trkpt>
      <trkpt lat="49.684099" lon="7.144921">
        <ele>498.904424</ele>
        <time>2022-01-01T18:17:08.676Z</time>
      </trkpt>
      <trkpt lat="49.684146" lon="7.144900">
        <ele>498.887531</ele>
        <time>2022-01-01T18:17:09.765Z</time>
      </trkpt>
      <trkpt lat="49.684216" lon="7.144867">
        <ele>498.862263</ele>
        <time>2022-01-01T18:17:12.471Z</time>
      </trkpt>
      <trkpt lat="49.684291" lon="7.144714">
        <ele>498.819381</ele>
        <time>2022-01-01T18:17:16.477Z</time>
      </trkpt>
      <trkpt lat="49.684394" lon="7.144742">
        <ele>498.783272</ele>
        <time>2022-01-01T18:17:19.676Z</time>
      </trkpt>
      <trkpt lat="49.684452" lon="7.144597">
        <ele>498.745189</ele>
        <time>2022-01-01T18:17:22.690Z</time>
      </trkpt>
      <trkpt lat="49.684450" lon="7.144491">
        <ele>498.721499</ele>
        <time>2022-01-01T18:17:25.292Z</time>
      </trkpt>
      <trkpt lat="49.684366" lon="7.144423">
        <ele>498.688759</ele>
        <time>2022-01-01T18:17:28.724Z</time>
      </trkpt>
      <trkpt lat="49.684349" lon="7.144338">
        <ele>498.668884</ele>
        <time>2022-01-01T18:17:30.624Z</time>
      </trkpt>
      <trkpt lat="49.684472" lon="7.144010">
        <ele>498.584193</ele>
        <time>2022-01-01T18:17:38.617Z</time>
      </trkpt>
      <trkpt lat="49.684207" lon="7.143980">
        <ele>498.492449</ele>
        <time>2022-01-01T18:17:47.386Z</time>
      </trkpt>
      <trkpt lat="49.684055" lon="7.143615">
        <ele>498.388616</ele>
        <time>2022-01-01T18:17:57.161Z</time>
      </trkpt>
      <trkpt lat="49.683786" lon="7.143256">
        <ele>498.201538</ele>
        <time>2022-01-01T18:18:10.678Z</time>
      </trkpt>
      <trkpt lat="49.683855" lon="7.143076">
        <ele>498.130284</ele>
        <time>2022-01-01T18:18:15.186Z</time>
      </trkpt>
      <trkpt lat="49.683925" lon="7.143043">
        <ele>498.091761</ele>
        <time>2022-01-01T18:18:17.606Z</time>
      </trkpt>
      <trkpt lat="49.684089" lon="7.143237">
        <ele>497.983053</ele>
        <time>2022-01-01T18:18:24.015Z</time>
      </trkpt>
      <trkpt lat="49.684359" lon="7.143362">
        <ele>497.834692</ele>
        <time>2022-01-01T18:18:32.391Z</time>
      </trkpt>
      <trkpt lat="49.684527" lon="7.143543">
        <ele>497.726896</ele>
        <time>2022-01-01T18:18:38.325Z</time>
      </trkpt>
      <trkpt lat="49.684629" lon="7.143553">
        <ele>497.673097</ele>
        <time>2022-01-01T18:18:41.260Z</time>
      </trkpt>
      <trkpt lat="49.684602" lon="7.143415">
        <ele>497.623998</ele>
        <time>2022-01-01T18:18:43.951Z</time>
      </trkpt>
      <trkpt lat="49.684357" lon="7.143187">
        <ele>497.473463</ele>
        <time>2022-01-01T18:18:52.022Z</time>
      </trkpt>
      <trkpt lat="49.684368" lon="7.143089">
        <ele>497.363738</ele>
        <time>2022-01-01T18:18:53.845Z</time>
      </trkpt>
      <trkpt lat="49.684649" lon="7.142885">
        <ele>496.642236</ele>
        <time>2022-01-01T18:19:02.398Z</time>
      </trkpt>
      <trkpt lat="49.685062" lon="7.143342">
        <ele>495.461796</ele>
        <time>2022-01-01T18:19:15.809Z</time>
      </trkpt>
      <trkpt lat="49.685257" lon="7.143734">
        <ele>494.718300</ele>
        <time>2022-01-01T18:19:24.119Z</time>
      </trkpt>
      <trkpt lat="49.685400" lon="7.143839">
        <ele>494.350370</ele>
        <time>2022-01-01T18:19:28.239Z</time>
      </trkpt>
      <trkpt lat="49.685685" lon="7.143901">
        <ele>493.681496</ele>
        <time>2022-01-01T18:19:35.775Z</time>
      </trkpt>
      <trkpt lat="49.685862" lon="7.143799">
        <ele>493.238984</ele>
        <time>2022-01-01T18:19:40.953Z</time>
      </trkpt>
      <trkpt lat="49.685898" lon="7.143687">
        <ele>493.034171</ele>
        <time>2022-01-01T18:19:43.098Z</time>
      </trkpt>
      <trkpt lat="49.685817" lon="7.143638">
        <ele>492.813990</ele>
        <time>2022-01-01T18:19:45.471Z</time>
      </trkpt>
      <trkpt lat="49.685828" lon="7.143490">
        <ele>492.570014</ele>
        <time>2022-01-01T18:19:50.726Z</time>
      </trkpt>
      <trkpt lat="49.685749" lon="7.143454">
        <ele>492.361530</ele>
        <time>2022-01-01T18:19:52.906Z</time>
      </trkpt>
      <trkpt lat="49.685787" lon="7.143265">
        <ele>492.037400</ele>
        <time>2022-01-01T18:19:56.199Z</time>
      </trkpt>
      <trkpt lat="49.685834" lon="7.143026">
        <ele>491.628306</ele>
        <time>2022-01-01T18:20:01.858Z</time>
      </trkpt>
      <trkpt lat="49.685768" lon="7.142983">
        <ele>491.447003</ele>
        <time>2022-01-01T18:20:03.661Z</time>
      </trkpt>
      <trkpt lat="49.685594" lon="7.143089">
        <ele>490.973577</ele>
        <time>2022-01-01T18:20:08.293Z</time>
      </trkpt>
      <trkpt lat="49.685504" lon="7.143049">
        <ele>490.736526</ele>
        <time>2022-01-01T18:20:11.499Z</time>
      </trkpt>
      <trkpt lat="49.685547" lon="7.142934">
        <ele>490.518998</ele>
        <time>2022-01-01T18:20:13.586Z</time>
      </trkpt>
      <trkpt lat="49.685894" lon="7.142645">
        <ele>489.521228</ele>
        <time>2022-01-01T18:20:23.458Z</time>
      </trkpt>
      <trkpt lat="49.685985" lon="7.142668">
        <ele>489.287818</ele>
        <time>2022-01-01T18:20:25.709Z</time>
      </trkpt>
      <trkpt lat="49.686017" lon="7.142726">
        <ele>489.162983</ele>
        <time>2022-01-01T18:20:26.921Z</time>
      </trkpt>
      <trkpt lat="49.686072" lon="7.142655">
        <ele>488.981590</ele>
        <time>2022-01-01T18:20:29.982Z</time>
      </trkpt>
      <trkpt lat="49.686073" lon="7.142836">
        <ele>488.653324</ele>
        <time>2022-01-01T18:20:34.996Z</time>
      </trkpt>
      <trkpt lat="49.686153" lon="7.142814">
        <ele>488.297513</ele>
        <time>2022-01-01T18:20:38.472Z</time>
      </trkpt>
      <trkpt lat="49.686151" lon="7.143000">
        <ele>487.770500</ele>
        <time>2022-01-01T18:20:43.619Z</time>
      </trkpt>
      <trkpt lat="49.685974" lon="7.143436">
        <ele>486.312274</ele>
        <time>2022-01-01T18:20:57.864Z</time>
      </trkpt>
      <trkpt lat="49.686018" lon="7.143581">
        <ele>485.858547</ele>
        <time>2022-01-01T18:21:02.296Z</time>
      </trkpt>
      <trkpt lat="49.686097" lon="7.143580">
        <ele>485.512605</ele>
        <time>2022-01-01T18:21:05.680Z</time>
      </trkpt>
      <trkpt lat="49.686480" lon="7.143366">
        <ele>483.729284</ele>
        <time>2022-01-01T18:21:23.114Z</time>
      </trkpt>
      <trkpt lat="49.686636" lon="7.142894">
        <ele>482.227733</ele>
        <time>2022-01-01T18:21:37.798Z</time>
      </trkpt>
      <trkpt lat="49.686599" lon="7.142875">
        <ele>482.057008</ele>
        <time>2022-01-01T18:21:39.482Z</time>
      </trkpt>
      <trkpt lat="49.686686" lon="7.142467">
        <ele>480.847206</ele>
        <time>2022-01-01T18:21:45.721Z</time>
      </trkpt>
      <trkpt lat="49.686697" lon="7.142417">
        <ele>480.782182</ele>
        <time>2022-01-01T18:21:46.474Z</time>
      </trkpt>
      <trkpt lat="49.686835" lon="7.142209">
        <ele>480.415357</ele>
        <time>2022-01-01T18:21:50.980Z</time>
      </trkpt>
      <trkpt lat="49.686986" lon="7.142321">
        <ele>480.096615</ele>
        <time>2022-01-01T18:21:54.858Z</time>
      </trkpt>
      <trkpt lat="49.687002" lon="7.142333">
        <ele>480.062770</ele>
        <time>2022-01-01T18:21:55.333Z</time>
      </trkpt>
      <trkpt lat="49.687007" lon="7.142599">
        <ele>479.735123</ele>
        <time>2022-01-01T18:21:59.912Z</time>
      </trkpt>
      <trkpt lat="49.687283" lon="7.142867">
        <ele>479.114820</ele>
        <time>2022-01-01T18:22:08.676Z</time>
      </trkpt>
      <trkpt lat="49.687130" lon="7.143246">
        <ele>478.564790</ele>
        <time>2022-01-01T18:22:13.432Z</time>
      </trkpt>
      <trkpt lat="49.686966" lon="7.143673">
        <ele>477.953388</ele>
        <time>2022-01-01T18:22:20.441Z</time>
      </trkpt>
      <trkpt lat="49.687026" lon="7.143735">
        <ele>477.816036</ele>
        <time>2022-01-01T18:22:22.668Z</time>
      </trkpt>
      <trkpt lat="49.687166" lon="7.143908">
        <ele>477.474923</ele>
        <time>2022-01-01T18:22:26.527Z</time>
      </trkpt>
      <trkpt lat="49.687204" lon="7.143896">
        <ele>477.539751</ele>
        <time>2022-01-01T18:22:28.585Z</time>
      </trkpt>
      <trkpt lat="49.687358" lon="7.143848">
        <ele>478.688119</ele>
        <time>2022-01-01T18:22:36.477Z</time>
      </trkpt>
      <trkpt lat="49.687475" lon="7.143751">
        <ele>479.658621</ele>
        <time>2022-01-01T18:22:41.090Z</time>
      </trkpt>
      <trkpt lat="49.687525" lon="7.143567">
        <ele>480.602421</ele>
        <time>2022-01-01T18:22:50.088Z</time>
      </trkpt>
      <trkpt lat="49.687641" lon="7.143145">
        <ele>482.770774</ele>
        <time>2022-01-01T18:23:06.949Z</time>
      </trkpt>
      <trkpt lat="49.687812" lon="7.143089">
        <ele>484.048496</ele>
        <time>2022-01-01T18:23:20.521Z</time>
      </trkpt>
      <trkpt lat="49.687962" lon="7.143130">
        <ele>485.161977</ele>
        <time>2022-01-01T18:23:29.416Z</time>
      </trkpt>
      <trkpt lat="49.688104" lon="7.143141">
        <ele>486.201271</ele>
        <time>2022-01-01T18:23:42.979Z</time>
      </trkpt>
      <trkpt lat="49.688374" lon="7.143405">
        <ele>488.536640</ele>
        <time>2022-01-01T18:24:09.156Z</time>
      </trkpt>
      <trkpt lat="49.688770" lon="7.143437">
        <ele>491.839059</ele>
        <time>2022-01-01T18:24:45.890Z</time>
      </trkpt>
      <trkpt lat="49.689074" lon="7.143308">
        <ele>495.228177</ele>
        <time>2022-01-01T18:25:14.298Z</time>
      </trkpt>
      <trkpt lat="49.689516" lon="7.142973">
        <ele>500.520442</ele>
        <time>2022-01-01T18:26:01.134Z</time>
      </trkpt>
      <trkpt lat="49.689632" lon="7.142819">
        <ele>502.164329</ele>
        <time>2022-01-01T18:26:12.569Z</time>
      </trkpt>
      <trkpt lat="49.689784" lon="7.142672">
        <ele>504.091900</ele>
        <time>2022-01-01T18:26:29.292Z</time>
      </trkpt>
      <trkpt lat="49.690139" lon="7.142517">
        <ele>508.057714</ele>
        <time>2022-01-01T18:26:58.908Z</time>
      </trkpt>
      <trkpt lat="49.690386" lon="7.142400">
        <ele>510.623606</ele>
        <time>2022-01-01T18:27:18.125Z</time>
      </trkpt>
      <trkpt lat="49.690632" lon="7.142362">
        <ele>512.671321</ele>
        <time>2022-01-01T18:27:35.144Z</time>
      </trkpt>
      <trkpt lat="49.690849" lon="7.142468">
        <ele>514.556292</ele>
        <time>2022-01-01T18:27:52.931Z</time>
      </trkpt>
      <trkpt lat="49.691194" lon="7.142439">
        <ele>517.418075</ele>
        <time>2022-01-01T18:28:16.115Z</time>
      </trkpt>
      <trkpt lat="49.692322" lon="7.141756">
        <ele>527.520955</ele>
        <time>2022-01-01T18:29:45.811Z</time>
      </trkpt>
      <trkpt lat="49.692578" lon="7.141656">
        <ele>529.764932</ele>
        <time>2022-01-01T18:30:02.084Z</time>
      </trkpt>
      <trkpt lat="49.692689" lon="7.141689">
        <ele>530.725542</ele>
        <time>2022-01-01T18:30:13.773Z</time>
      </trkpt>
      <trkpt lat="49.692603" lon="7.141867">
        <ele>531.946909</ele>
        <time>2022-01-01T18:30:21.994Z</time>
      </trkpt>
      <trkpt lat="49.692566" lon="7.141944">
        <ele>532.474227</ele>
        <time>2022-01-01T18:30:25.013Z</time>
      </trkpt>
      <trkpt lat="49.692618" lon="7.142061">
        <ele>533.254618</ele>
        <time>2022-01-01T18:30:33.172Z</time>
      </trkpt>
      <trkpt lat="49.692912" lon="7.142145">
        <ele>535.795466</ele>
        <time>2022-01-01T18:30:53.470Z</time>
      </trkpt>
      <trkpt lat="49.693031" lon="7.142263">
        <ele>536.996951</ele>
        <time>2022-01-01T18:31:08.786Z</time>
      </trkpt>
      <trkpt lat="49.693256" lon="7.142372">
        <ele>539.000786</ele>
        <time>2022-01-01T18:31:23.240Z</time>
      </trkpt>
      <trkpt lat="49.693367" lon="7.142396">
        <ele>539.953291</ele>
        <time>2022-01-01T18:31:36.014Z</time>
      </trkpt>
      <trkpt lat="49.693496" lon="7.142544">
        <ele>541.210360</ele>
        <time>2022-01-01T18:31:46.487Z</time>
      </trkpt>
      <trkpt lat="49.693906" lon="7.142577">
        <ele>544.390376</ele>
        <time>2022-01-01T18:32:19.088Z</time>
      </trkpt>
      <trkpt lat="49.694039" lon="7.142703">
        <ele>545.598601</ele>
        <time>2022-01-01T18:32:32.244Z</time>
      </trkpt>
      <trkpt lat="49.694654" lon="7.143484">
        <ele>551.763344</ele>
        <time>2022-01-01T18:33:25.853Z</time>
      </trkpt>
      <trkpt lat="49.694913" lon="7.143961">
        <ele>554.649308</ele>
        <time>2022-01-01T18:33:49.120Z</time>
      </trkpt>
      <trkpt lat="49.695203" lon="7.144325">
        <ele>556.749216</ele>
        <time>2022-01-01T18:34:12.050Z</time>
      </trkpt>
      <trkpt lat="49.695211" lon="7.144491">
        <ele>557.354512</ele>
        <time>2022-01-01T18:34:18.591Z</time>
      </trkpt>
      <trkpt lat="49.695157" lon="7.144697">
        <ele>558.162759</ele>
        <time>2022-01-01T18:34:27.312Z</time>
      </trkpt>
      <trkpt lat="49.695026" lon="7.144758">
        <ele>558.931856</ele>
        <time>2022-01-01T18:34:35.438Z</time>
      </trkpt>
      <trkpt lat="49.694811" lon="7.144681">
        <ele>560.172487</ele>
        <time>2022-01-01T18:34:48.584Z</time>
      </trkpt>
      <trkpt lat="49.694434" lon="7.144240">
        <ele>562.830128</ele>
        <time>2022-01-01T18:35:15.874Z</time>
      </trkpt>
      <trkpt lat="49.694228" lon="7.144107">
        <ele>564.085091</ele>
        <time>2022-01-01T18:35:28.683Z</time>
      </trkpt>
      <trkpt lat="49.694008" lon="7.143864">
        <ele>565.693979</ele>
        <time>2022-01-01T18:35:44.906Z</time>
      </trkpt>
      <trkpt lat="49.693691" lon="7.143674">
        <ele>567.721258</ele>
        <time>2022-01-01T18:36:06.665Z</time>
      </trkpt>
      <trkpt lat="49.693592" lon="7.143674">
        <ele>568.311567</ele>
        <time>2022-01-01T18:36:12.800Z</time>
      </trkpt>
      <trkpt lat="49.693560" lon="7.143787">
        <ele>568.787359</ele>
        <time>2022-01-01T18:36:17.608Z</time>
      </trkpt>
      <trkpt lat="49.693608" lon="7.143925">
        <ele>569.391712</ele>
        <time>2022-01-01T18:36:23.957Z</time>
      </trkpt>
      <trkpt lat="49.693856" lon="7.144131">
        <ele>571.070417</ele>
        <time>2022-01-01T18:36:41.503Z</time>
      </trkpt>
      <trkpt lat="49.694068" lon="7.144644">
        <ele>573.418431</ele>
        <time>2022-01-01T18:37:05.402Z</time>
      </trkpt>
      <trkpt lat="49.694197" lon="7.144967">
        <ele>574.883649</ele>
        <time>2022-01-01T18:37:20.903Z</time>
      </trkpt>
      <trkpt lat="49.694348" lon="7.145246">
        <ele>576.370882</ele>
        <time>2022-01-01T18:37:35.385Z</time>
      </trkpt>
      <trkpt lat="49.694420" lon="7.145300">
        <ele>576.876663</ele>
        <time>2022-01-01T18:37:40.538Z</time>
      </trkpt>
      <trkpt lat="49.694596" lon="7.145246">
        <ele>578.010718</ele>
        <time>2022-01-01T18:37:51.908Z</time>
      </trkpt>
      <trkpt lat="49.694724" lon="7.145517">
        <ele>579.382567</ele>
        <time>2022-01-01T18:38:06.475Z</time>
      </trkpt>
      <trkpt lat="49.695151" lon="7.146132">
        <ele>583.071039</ele>
        <time>2022-01-01T18:38:46.039Z</time>
      </trkpt>
      <trkpt lat="49.695302" lon="7.146349">
        <ele>584.374046</ele>
        <time>2022-01-01T18:38:59.111Z</time>
      </trkpt>
      <trkpt lat="49.695331" lon="7.146673">
        <ele>585.711259</ele>
        <time>2022-01-01T18:39:12.355Z</time>
      </trkpt>
      <trkpt lat="49.695572" lon="7.147081">
        <ele>587.267354</ele>
        <time>2022-01-01T18:39:32.184Z</time>
      </trkpt>
      <trkpt lat="49.695669" lon="7.147137">
        <ele>587.657056</ele>
        <time>2022-01-01T18:39:37.436Z</time>
      </trkpt>
      <trkpt lat="49.695824" lon="7.147290">
        <ele>588.349199</ele>
        <time>2022-01-01T18:39:47.743Z</time>
      </trkpt>
      <trkpt lat="49.696279" lon="7.147824">
        <ele>590.499227</ele>
        <time>2022-01-01T18:40:17.390Z</time>
      </trkpt>
      <trkpt lat="49.697280" lon="7.149299">
        <ele>594.066772</ele>
        <time>2022-01-01T18:41:17.412Z</time>
      </trkpt>
      <trkpt lat="49.697404" lon="7.149485">
        <ele>594.322990</ele>
        <time>2022-01-01T18:41:23.774Z</time>
      </trkpt>
      <trkpt lat="49.697469" lon="7.149712">
        <ele>594.561116</ele>
        <time>2022-01-01T18:41:29.886Z</time>
      </trkpt>
      <trkpt lat="49.697785" lon="7.150176">
        <ele>595.207412</ele>
        <time>2022-01-01T18:41:45.931Z</time>
      </trkpt>
      <trkpt lat="49.698270" lon="7.151147">
        <ele>595.667569</ele>
        <time>2022-01-01T18:42:13.789Z</time>
      </trkpt>
      <trkpt lat="49.698444" lon="7.151386">
        <ele>595.666557</ele>
        <time>2022-01-01T18:42:21.727Z</time>
      </trkpt>
      <trkpt lat="49.698558" lon="7.151880">
        <ele>595.665081</ele>
        <time>2022-01-01T18:42:32.687Z</time>
      </trkpt>
      <trkpt lat="49.698780" lon="7.152368">
        <ele>595.663402</ele>
        <time>2022-01-01T18:42:44.531Z</time>
      </trkpt>
      <trkpt lat="49.698782" lon="7.152515">
        <ele>595.662989</ele>
        <time>2022-01-01T18:42:47.288Z</time>
      </trkpt>
      <trkpt lat="49.698674" lon="7.152655">
        <ele>595.662376</ele>
        <time>2022-01-01T18:42:51.686Z</time>
      </trkpt>
      <trkpt lat="49.698666" lon="7.152773">
        <ele>595.662042</ele>
        <time>2022-01-01T18:42:54.100Z</time>
      </trkpt>
      <trkpt lat="49.698622" lon="7.152920">
        <ele>595.545727</ele>
        <time>2022-01-01T18:42:56.961Z</time>
      </trkpt>
      <trkpt lat="49.698430" lon="7.153180">
        <ele>595.040176</ele>
        <time>2022-01-01T18:43:04.740Z</time>
      </trkpt>
      <trkpt lat="49.698326" lon="7.153529">
        <ele>594.547883</ele>
        <time>2022-01-01T18:43:11.638Z</time>
      </trkpt>
      <trkpt lat="49.698336" lon="7.153717">
        <ele>594.306212</ele>
        <time>2022-01-01T18:43:15.161Z</time>
      </trkpt>
      <trkpt lat="49.698588" lon="7.154053">
        <ele>593.647088</ele>
        <time>2022-01-01T18:43:24.275Z</time>
      </trkpt>
      <trkpt lat="49.698808" lon="7.154175">
        <ele>593.184146</ele>
        <time>2022-01-01T18:43:30.434Z</time>
      </trkpt>
      <trkpt lat="49.699048" lon="7.153864">
        <ele>592.563880</ele>
        <time>2022-01-01T18:43:38.675Z</time>
      </trkpt>
      <trkpt lat="49.699312" lon="7.153690">
        <ele>591.889184</ele>
        <time>2022-01-01T18:43:46.384Z</time>
      </trkpt>
      <trkpt lat="49.699369" lon="7.153653">
        <ele>591.641383</ele>
        <time>2022-01-01T18:43:47.943Z</time>
      </trkpt>
      <trkpt lat="49.699395" lon="7.154323">
        <ele>589.901191</ele>
        <time>2022-01-01T18:43:59.265Z</time>
      </trkpt>
      <trkpt lat="49.699286" lon="7.154528">
        <ele>589.213165</ele>
        <time>2022-01-01T18:44:03.529Z</time>
      </trkpt>
      <trkpt lat="49.699387" lon="7.154619">
        <ele>588.744585</ele>
        <time>2022-01-01T18:44:06.471Z</time>
      </trkpt>
      <trkpt lat="49.699518" lon="7.154484">
        <ele>588.113524</ele>
        <time>2022-01-01T18:44:10.691Z</time>
      </trkpt>
      <trkpt lat="49.699636" lon="7.154522">
        <ele>587.630379</ele>
        <time>2022-01-01T18:44:13.443Z</time>
      </trkpt>
      <trkpt lat="49.699721" lon="7.154695">
        <ele>587.067119</ele>
        <time>2022-01-01T18:44:17.174Z</time>
      </trkpt>
      <trkpt lat="49.699714" lon="7.155039">
        <ele>586.174816</ele>
        <time>2022-01-01T18:44:22.411Z</time>
      </trkpt>
      <trkpt lat="49.699806" lon="7.155160">
        <ele>585.690660</ele>
        <time>2022-01-01T18:44:25.430Z</time>
      </trkpt>
      <trkpt lat="49.699942" lon="7.155214">
        <ele>585.127825</ele>
        <time>2022-01-01T18:44:28.888Z</time>
      </trkpt>
      <trkpt lat="49.699985" lon="7.155319">
        <ele>584.752656</ele>
        <time>2022-01-01T18:44:30.672Z</time>
      </trkpt>
      <trkpt lat="49.699972" lon="7.155464">
        <ele>584.133497</ele>
        <time>2022-01-01T18:44:32.984Z</time>
      </trkpt>
      <trkpt lat="49.700083" lon="7.155549">
        <ele>583.323469</ele>
        <time>2022-01-01T18:44:36.093Z</time>
      </trkpt>
      <trkpt lat="49.700224" lon="7.155589">
        <ele>582.386020</ele>
        <time>2022-01-01T18:44:39.257Z</time>
      </trkpt>
      <trkpt lat="49.700314" lon="7.155629">
        <ele>581.773640</ele>
        <time>2022-01-01T18:44:41.573Z</time>
      </trkpt>
      <trkpt lat="49.700332" lon="7.155447">
        <ele>580.994906</ele>
        <time>2022-01-01T18:44:44.585Z</time>
      </trkpt>
      <trkpt lat="49.700411" lon="7.155627">
        <ele>580.074849</ele>
        <time>2022-01-01T18:44:47.702Z</time>
      </trkpt>
      <trkpt lat="49.700517" lon="7.155935">
        <ele>578.599198</ele>
        <time>2022-01-01T18:44:53.333Z</time>
      </trkpt>
      <trkpt lat="49.700698" lon="7.156286">
        <ele>576.700526</ele>
        <time>2022-01-01T18:44:59.811Z</time>
      </trkpt>
      <trkpt lat="49.700708" lon="7.156263">
        <ele>576.583309</ele>
        <time>2022-01-01T18:45:00.059Z</time>
      </trkpt>
      <trkpt lat="49.700939" lon="7.156639">
        <ele>574.389909</ele>
        <time>2022-01-01T18:45:07.526Z</time>
      </trkpt>
      <trkpt lat="49.700986" lon="7.156716">
        <ele>573.942104</ele>
        <time>2022-01-01T18:45:09.146Z</time>
      </trkpt>
      <trkpt lat="49.701533" lon="7.157609">
        <ele>567.261162</ele>
        <time>2022-01-01T18:45:26.764Z</time>
      </trkpt>
      <trkpt lat="49.701584" lon="7.157687">
        <ele>566.633919</ele>
        <time>2022-01-01T18:45:28.297Z</time>
      </trkpt>
      <trkpt lat="49.701702" lon="7.157705">
        <ele>565.597140</ele>
        <time>2022-01-01T18:45:30.857Z</time>
      </trkpt>
      <trkpt lat="49.702196" lon="7.157151">
        <ele>560.261122</ele>
        <time>2022-01-01T18:45:44.187Z</time>
      </trkpt>
      <trkpt lat="49.702248" lon="7.157182">
        <ele>559.773818</ele>
        <time>2022-01-01T18:45:45.325Z</time>
      </trkpt>
      <trkpt lat="49.702528" lon="7.157349">
        <ele>557.217123</ele>
        <time>2022-01-01T18:45:51.967Z</time>
      </trkpt>
      <trkpt lat="49.702711" lon="7.157531">
        <ele>555.826039</ele>
        <time>2022-01-01T18:45:56.626Z</time>
      </trkpt>
      <trkpt lat="49.703036" lon="7.158206">
        <ele>552.346544</ele>
        <time>2022-01-01T18:46:08.957Z</time>
      </trkpt>
      <trkpt lat="49.703089" lon="7.158264">
        <ele>551.931424</ele>
        <time>2022-01-01T18:46:10.243Z</time>
      </trkpt>
      <trkpt lat="49.703805" lon="7.157615">
        <ele>546.625317</ele>
        <time>2022-01-01T18:46:30.382Z</time>
      </trkpt>
      <trkpt lat="49.704813" lon="7.157112">
        <ele>543.345695</ele>
        <time>2022-01-01T18:46:58.591Z</time>
      </trkpt>
      <trkpt lat="49.705840" lon="7.156532">
        <ele>539.920603</ele>
        <time>2022-01-01T18:47:28.517Z</time>
      </trkpt>
      <trkpt lat="49.706603" lon="7.156050">
        <ele>536.080149</ele>
        <time>2022-01-01T18:47:48.492Z</time>
      </trkpt>
      <trkpt lat="49.706807" lon="7.156150">
        <ele>535.082988</ele>
        <time>2022-01-01T18:47:53.548Z</time>
      </trkpt>
      <trkpt lat="49.706880" lon="7.156139">
        <ele>534.741232</ele>
        <time>2022-01-01T18:47:54.731Z</time>
      </trkpt>
      <trkpt lat="49.707005" lon="7.156239">
        <ele>534.085461</ele>
        <time>2022-01-01T18:47:57.880Z</time>
      </trkpt>
      <trkpt lat="49.707050" lon="7.156391">
        <ele>533.581727</ele>
        <time>2022-01-01T18:48:00.499Z</time>
      </trkpt>
      <trkpt lat="49.706974" lon="7.156736">
        <ele>532.496491</ele>
        <time>2022-01-01T18:48:05.981Z</time>
      </trkpt>
      <trkpt lat="49.707027" lon="7.157005">
        <ele>531.711162</ele>
        <time>2022-01-01T18:48:10.329Z</time>
      </trkpt>
      <trkpt lat="49.706818" lon="7.157943">
        <ele>528.940477</ele>
        <time>2022-01-01T18:48:25.321Z</time>
      </trkpt>
      <trkpt lat="49.706898" lon="7.157895">
        <ele>528.569908</ele>
        <time>2022-01-01T18:48:27.450Z</time>
      </trkpt>
      <trkpt lat="49.707246" lon="7.156764">
        <ele>525.072076</ele>
        <time>2022-01-01T18:48:48.213Z</time>
      </trkpt>
      <trkpt lat="49.707366" lon="7.156653">
        <ele>524.888354</ele>
        <time>2022-01-01T18:48:52.188Z</time>
      </trkpt>
      <trkpt lat="49.707436" lon="7.156463">
        <ele>524.880396</ele>
        <time>2022-01-01T18:48:56.110Z</time>
      </trkpt>
      <trkpt lat="49.707478" lon="7.156350">
        <ele>524.875653</ele>
        <time>2022-01-01T18:48:58.588Z</time>
      </trkpt>
      <trkpt lat="49.707585" lon="7.155867">
        <ele>524.857072</ele>
        <time>2022-01-01T18:49:08.310Z</time>
      </trkpt>
      <trkpt lat="49.707741" lon="7.155722">
        <ele>524.846829</ele>
        <time>2022-01-01T18:49:14.031Z</time>
      </trkpt>
      <trkpt lat="49.707823" lon="7.155705">
        <ele>524.842174</ele>
        <time>2022-01-01T18:49:16.475Z</time>
      </trkpt>
      <trkpt lat="49.708234" lon="7.155009">
        <ele>524.807873</ele>
        <time>2022-01-01T18:49:31.084Z</time>
      </trkpt>
      <trkpt lat="49.708575" lon="7.154204">
        <ele>526.189482</ele>
        <time>2022-01-01T18:49:50.890Z</time>
      </trkpt>
      <trkpt lat="49.708782" lon="7.153786">
        <ele>527.539083</ele>
        <time>2022-01-01T18:50:04.579Z</time>
      </trkpt>
      <trkpt lat="49.709295" lon="7.153104">
        <ele>530.220790</ele>
        <time>2022-01-01T18:50:41.716Z</time>
      </trkpt>
      <trkpt lat="49.709350" lon="7.152932">
        <ele>530.712650</ele>
        <time>2022-01-01T18:50:48.780Z</time>
      </trkpt>
      <trkpt lat="49.709645" lon="7.152576">
        <ele>532.267828</ele>
        <time>2022-01-01T18:51:10.772Z</time>
      </trkpt>
      <trkpt lat="49.710707" lon="7.150827">
        <ele>540.033965</ele>
        <time>2022-01-01T18:52:42.405Z</time>
      </trkpt>
      <trkpt lat="49.711123" lon="7.150333">
        <ele>541.836553</ele>
        <time>2022-01-01T18:53:07.871Z</time>
      </trkpt>
      <trkpt lat="49.711838" lon="7.149947">
        <ele>543.827841</ele>
        <time>2022-01-01T18:53:41.410Z</time>
      </trkpt>
      <trkpt lat="49.713718" lon="7.149196">
        <ele>548.923195</ele>
        <time>2022-01-01T18:55:02.009Z</time>
      </trkpt>
      <trkpt lat="49.714272" lon="7.148542">
        <ele>551.226990</ele>
        <time>2022-01-01T18:55:36.030Z</time>
      </trkpt>
      <trkpt lat="49.715167" lon="7.147769">
        <ele>557.286088</ele>
        <time>2022-01-01T18:56:36.688Z</time>
      </trkpt>
      <trkpt lat="49.715403" lon="7.147458">
        <ele>559.118717</ele>
        <time>2022-01-01T18:56:55.895Z</time>
      </trkpt>
      <trkpt lat="49.715431" lon="7.147403">
        <ele>559.386249</ele>
        <time>2022-01-01T18:57:00.069Z</time>
      </trkpt>
      <trkpt lat="49.715549" lon="7.147168">
        <ele>560.523379</ele>
        <time>2022-01-01T18:57:14.019Z</time>
      </trkpt>
      <trkpt lat="49.715815" lon="7.147449">
        <ele>563.089090</ele>
        <time>2022-01-01T18:57:37.822Z</time>
      </trkpt>
      <trkpt lat="49.716550" lon="7.148156">
        <ele>570.578982</ele>
        <time>2022-01-01T18:58:42.995Z</time>
      </trkpt>
      <trkpt lat="49.716858" lon="7.148220">
        <ele>573.268129</ele>
        <time>2022-01-01T18:59:09.406Z</time>
      </trkpt>
      <trkpt lat="49.717255" lon="7.148096">
        <ele>576.710775</ele>
        <time>2022-01-01T18:59:39.961Z</time>
      </trkpt>
      <trkpt lat="49.717734" lon="7.148220">
        <ele>579.656190</ele>
        <time>2022-01-01T19:00:14.305Z</time>
      </trkpt>
      <trkpt lat="49.718183" lon="7.148392">
        <ele>582.461531</ele>
        <time>2022-01-01T19:00:45.212Z</time>
      </trkpt>
      <trkpt lat="49.718069" lon="7.148827">
        <ele>584.302022</ele>
        <time>2022-01-01T19:01:02.514Z</time>
      </trkpt>
      <trkpt lat="49.718052" lon="7.149125">
        <ele>585.475063</ele>
        <time>2022-01-01T19:01:12.634Z</time>
      </trkpt>
      <trkpt lat="49.718162" lon="7.149533">
        <ele>587.208410</ele>
        <time>2022-01-01T19:01:27.361Z</time>
      </trkpt>
      <trkpt lat="49.718162" lon="7.149747">
        <ele>587.580889</ele>
        <time>2022-01-01T19:01:34.052Z</time>
      </trkpt>
      <trkpt lat="49.718047" lon="7.149861">
        <ele>587.735648</ele>
        <time>2022-01-01T19:01:40.836Z</time>
      </trkpt>
      <trkpt lat="49.717819" lon="7.149760">
        <ele>588.004357</ele>
        <time>2022-01-01T19:01:51.454Z</time>
      </trkpt>
      <trkpt lat="49.717667" lon="7.149545">
        <ele>588.237730</ele>
        <time>2022-01-01T19:02:00.392Z</time>
      </trkpt>
      <trkpt lat="49.717390" lon="7.149352">
        <ele>588.581944</ele>
        <time>2022-01-01T19:02:11.430Z</time>
      </trkpt>
      <trkpt lat="49.717093" lon="7.149274">
        <ele>588.923259</ele>
        <time>2022-01-01T19:02:20.992Z</time>
      </trkpt>
      <trkpt lat="49.716821" lon="7.149416">
        <ele>589.248516</ele>
        <time>2022-01-01T19:02:29.785Z</time>
      </trkpt>
      <trkpt lat="49.716563" lon="7.149762">
        <ele>589.315353</ele>
        <time>2022-01-01T19:02:39.971Z</time>
      </trkpt>
      <trkpt lat="49.716314" lon="7.150083">
        <ele>588.733739</ele>
        <time>2022-01-01T19:02:49.507Z</time>
      </trkpt>
      <trkpt lat="49.715476" lon="7.150428">
        <ele>587.177811</ele>
        <time>2022-01-01T19:03:13.737Z</time>
      </trkpt>
      <trkpt lat="49.714235" lon="7.151908">
        <ele>583.460337</ele>
        <time>2022-01-01T19:03:54.646Z</time>
      </trkpt>
      <trkpt lat="49.713451" lon="7.151994">
        <ele>581.371008</ele>
        <time>2022-01-01T19:04:15.839Z</time>
      </trkpt>
      <trkpt lat="49.713111" lon="7.151704">
        <ele>580.253975</ele>
        <time>2022-01-01T19:04:26.775Z</time>
      </trkpt>
      <trkpt lat="49.712944" lon="7.151694">
        <ele>579.773179</ele>
        <time>2022-01-01T19:04:30.834Z</time>
      </trkpt>
      <trkpt lat="49.712830" lon="7.152208">
        <ele>578.762338</ele>
        <time>2022-01-01T19:04:39.925Z</time>
      </trkpt>
      <trkpt lat="49.712399" lon="7.152626">
        <ele>577.298763</ele>
        <time>2022-01-01T19:04:53.132Z</time>
      </trkpt>
      <trkpt lat="49.711957" lon="7.152972">
        <ele>575.563961</ele>
        <time>2022-01-01T19:05:06.078Z</time>
      </trkpt>
      <trkpt lat="49.711712" lon="7.153008">
        <ele>574.404422</ele>
        <time>2022-01-01T19:05:12.384Z</time>
      </trkpt>
      <trkpt lat="49.711212" lon="7.153244">
        <ele>571.941343</ele>
        <time>2022-01-01T19:05:26.281Z</time>
      </trkpt>
      <trkpt lat="49.710963" lon="7.153609">
        <ele>570.324858</ele>
        <time>2022-01-01T19:05:34.445Z</time>
      </trkpt>
      <trkpt lat="49.710920" lon="7.154093">
        <ele>568.836392</ele>
        <time>2022-01-01T19:05:41.490Z</time>
      </trkpt>
      <trkpt lat="49.710977" lon="7.154863">
        <ele>565.890976</ele>
        <time>2022-01-01T19:05:52.578Z</time>
      </trkpt>
      <trkpt lat="49.710960" lon="7.155081">
        <ele>564.944730</ele>
        <time>2022-01-01T19:05:56.786Z</time>
      </trkpt>
      <trkpt lat="49.710901" lon="7.155436">
        <ele>563.365187</ele>
        <time>2022-01-01T19:06:02.123Z</time>
      </trkpt>
      <trkpt lat="49.710726" lon="7.155626">
        <ele>561.940231</ele>
        <time>2022-01-01T19:06:07.870Z</time>
      </trkpt>
      <trkpt lat="49.710327" lon="7.155996">
        <ele>558.839796</ele>
        <time>2022-01-01T19:06:18.640Z</time>
      </trkpt>
      <trkpt lat="49.710407" lon="7.156248">
        <ele>557.630016</ele>
        <time>2022-01-01T19:06:23.131Z</time>
      </trkpt>
      <trkpt lat="49.710923" lon="7.157834">
        <ele>546.563143</ele>
        <time>2022-01-01T19:06:47.840Z</time>
      </trkpt>
      <trkpt lat="49.710722" lon="7.157903">
        <ele>544.399190</ele>
        <time>2022-01-01T19:06:52.129Z</time>
      </trkpt>
      <trkpt lat="49.710420" lon="7.157879">
        <ele>541.220953</ele>
        <time>2022-01-01T19:06:58.726Z</time>
      </trkpt>
      <trkpt lat="49.710133" lon="7.157721">
        <ele>538.019115</ele>
        <time>2022-01-01T19:07:05.148Z</time>
      </trkpt>
      <trkpt lat="49.709846" lon="7.157348">
        <ele>533.854286</ele>
        <time>2022-01-01T19:07:12.857Z</time>
      </trkpt>
      <trkpt lat="49.709764" lon="7.157079">
        <ele>531.677354</ele>
        <time>2022-01-01T19:07:16.794Z</time>
      </trkpt>
      <trkpt lat="49.709646" lon="7.157126">
        <ele>530.298007</ele>
        <time>2022-01-01T19:07:19.262Z</time>
      </trkpt>
      <trkpt lat="49.709410" lon="7.156786">
        <ele>526.646797</ele>
        <time>2022-01-01T19:07:25.796Z</time>
      </trkpt>
      <trkpt lat="49.709446" lon="7.156572">
        <ele>525.028139</ele>
        <time>2022-01-01T19:07:28.817Z</time>
      </trkpt>
      <trkpt lat="49.709267" lon="7.156445">
        <ele>522.798783</ele>
        <time>2022-01-01T19:07:32.970Z</time>
      </trkpt>
      <trkpt lat="49.709046" lon="7.156041">
        <ele>518.925211</ele>
        <time>2022-01-01T19:07:40.340Z</time>
      </trkpt>
      <trkpt lat="49.709123" lon="7.157110">
        <ele>515.665429</ele>
        <time>2022-01-01T19:07:56.280Z</time>
      </trkpt>
      <trkpt lat="49.709068" lon="7.157211">
        <ele>515.497779</ele>
        <time>2022-01-01T19:07:58.374Z</time>
      </trkpt>
      <trkpt lat="49.708944" lon="7.157435">
        <ele>515.123393</ele>
        <time>2022-01-01T19:08:03.338Z</time>
      </trkpt>
      <trkpt lat="49.708893" lon="7.157713">
        <ele>514.756489</ele>
        <time>2022-01-01T19:08:08.341Z</time>
      </trkpt>
      <trkpt lat="49.709056" lon="7.158188">
        <ele>514.073731</ele>
        <time>2022-01-01T19:08:19.076Z</time>
      </trkpt>
      <trkpt lat="49.708765" lon="7.158806">
        <ele>513.103082</ele>
        <time>2022-01-01T19:08:40.112Z</time>
      </trkpt>
      <trkpt lat="49.709031" lon="7.159321">
        <ele>516.406032</ele>
        <time>2022-01-01T19:09:04.129Z</time>
      </trkpt>
      <trkpt lat="49.709175" lon="7.159717">
        <ele>518.685917</ele>
        <time>2022-01-01T19:09:23.373Z</time>
      </trkpt>
      <trkpt lat="49.709774" lon="7.158719">
        <ele>525.518894</ele>
        <time>2022-01-01T19:10:32.820Z</time>
      </trkpt>
      <trkpt lat="49.709907" lon="7.159297">
        <ele>529.497021</ele>
        <time>2022-01-01T19:11:07.370Z</time>
      </trkpt>
      <trkpt lat="49.709846" lon="7.159488">
        <ele>531.191360</ele>
        <time>2022-01-01T19:11:19.793Z</time>
      </trkpt>
      <trkpt lat="49.710122" lon="7.160066">
        <ele>536.906154</ele>
        <time>2022-01-01T19:12:01.480Z</time>
      </trkpt>
      <trkpt lat="49.710471" lon="7.159424">
        <ele>543.577010</ele>
        <time>2022-01-01T19:12:58.285Z</time>
      </trkpt>
      <trkpt lat="49.710473" lon="7.159404">
        <ele>543.737974</ele>
        <time>2022-01-01T19:12:59.964Z</time>
      </trkpt>
      <trkpt lat="49.710507" lon="7.159083">
        <ele>546.325112</ele>
        <time>2022-01-01T19:13:18.409Z</time>
      </trkpt>
      <trkpt lat="49.710630" lon="7.158655">
        <ele>549.870014</ele>
        <time>2022-01-01T19:13:47.484Z</time>
      </trkpt>
      <trkpt lat="49.710917" lon="7.158259">
        <ele>553.617655</ele>
        <time>2022-01-01T19:14:22.415Z</time>
      </trkpt>
      <trkpt lat="49.711078" lon="7.158311">
        <ele>555.220198</ele>
        <time>2022-01-01T19:14:39.184Z</time>
      </trkpt>
      <trkpt lat="49.711670" lon="7.159509">
        <ele>564.719839</ele>
        <time>2022-01-01T19:15:54.960Z</time>
      </trkpt>
      <trkpt lat="49.712461" lon="7.160883">
        <ele>570.955532</ele>
        <time>2022-01-01T19:17:06.773Z</time>
      </trkpt>
      <trkpt lat="49.714764" lon="7.164359">
        <ele>577.924778</ele>
        <time>2022-01-01T19:19:22.012Z</time>
      </trkpt>
      <trkpt lat="49.716054" lon="7.167041">
        <ele>575.605163</ele>
        <time>2022-01-01T19:20:23.160Z</time>
      </trkpt>
      <trkpt lat="49.716435" lon="7.167958">
        <ele>574.129019</ele>
        <time>2022-01-01T19:20:41.649Z</time>
      </trkpt>
      <trkpt lat="49.716380" lon="7.168056">
        <ele>573.953280</ele>
        <time>2022-01-01T19:20:43.571Z</time>
      </trkpt>
      <trkpt lat="49.716415" lon="7.168315">
        <ele>573.550252</ele>
        <time>2022-01-01T19:20:48.462Z</time>
      </trkpt>
      <trkpt lat="49.716167" lon="7.168722">
        <ele>572.668590</ele>
        <time>2022-01-01T19:20:58.104Z</time>
      </trkpt>
      <trkpt lat="49.716274" lon="7.169006">
        <ele>572.150401</ele>
        <time>2022-01-01T19:21:03.904Z</time>
      </trkpt>
      <trkpt lat="49.716857" lon="7.169172">
        <ele>570.705028</ele>
        <time>2022-01-01T19:21:19.780Z</time>
      </trkpt>
      <trkpt lat="49.716938" lon="7.169294">
        <ele>570.429355</ele>
        <time>2022-01-01T19:21:22.708Z</time>
      </trkpt>
      <trkpt lat="49.716960" lon="7.169311">
        <ele>570.369392</ele>
        <time>2022-01-01T19:21:23.248Z</time>
      </trkpt>
      <trkpt lat="49.717414" lon="7.169667">
        <ele>568.955869</ele>
        <time>2022-01-01T19:21:37.245Z</time>
      </trkpt>
      <trkpt lat="49.717582" lon="7.169791">
        <ele>568.280629</ele>
        <time>2022-01-01T19:21:43.242Z</time>
      </trkpt>
      <trkpt lat="49.717609" lon="7.169845">
        <ele>568.120530</ele>
        <time>2022-01-01T19:21:44.179Z</time>
      </trkpt>
      <trkpt lat="49.717580" lon="7.169943">
        <ele>567.867759</ele>
        <time>2022-01-01T19:21:46.066Z</time>
      </trkpt>
      <trkpt lat="49.717619" lon="7.170232">
        <ele>567.175356</ele>
        <time>2022-01-01T19:21:51.736Z</time>
      </trkpt>
      <trkpt lat="49.717479" lon="7.170347">
        <ele>566.600341</ele>
        <time>2022-01-01T19:21:55.659Z</time>
      </trkpt>
      <trkpt lat="49.717458" lon="7.170585">
        <ele>566.036980</ele>
        <time>2022-01-01T19:21:59.510Z</time>
      </trkpt>
      <trkpt lat="49.717570" lon="7.171098">
        <ele>564.767088</ele>
        <time>2022-01-01T19:22:08.182Z</time>
      </trkpt>
      <trkpt lat="49.717687" lon="7.171397">
        <ele>563.947411</ele>
        <time>2022-01-01T19:22:13.738Z</time>
      </trkpt>
      <trkpt lat="49.717680" lon="7.171538">
        <ele>563.615748</ele>
        <time>2022-01-01T19:22:15.831Z</time>
      </trkpt>
      <trkpt lat="49.717963" lon="7.172376">
        <ele>560.660800</ele>
        <time>2022-01-01T19:22:30.654Z</time>
      </trkpt>
      <trkpt lat="49.717948" lon="7.172412">
        <ele>560.512830</ele>
        <time>2022-01-01T19:22:31.246Z</time>
      </trkpt>
      <trkpt lat="49.717936" lon="7.172459">
        <ele>560.338244</ele>
        <time>2022-01-01T19:22:31.932Z</time>
      </trkpt>
      <trkpt lat="49.717818" lon="7.172667">
        <ele>559.382191</ele>
        <time>2022-01-01T19:22:36.356Z</time>
      </trkpt>
      <trkpt lat="49.717364" lon="7.172975">
        <ele>556.733029</ele>
        <time>2022-01-01T19:22:48.104Z</time>
      </trkpt>
      <trkpt lat="49.716855" lon="7.173149">
        <ele>553.947442</ele>
        <time>2022-01-01T19:23:00.326Z</time>
      </trkpt>
      <trkpt lat="49.716555" lon="7.173451">
        <ele>552.520546</ele>
        <time>2022-01-01T19:23:08.837Z</time>
      </trkpt>
      <trkpt lat="49.716182" lon="7.173482">
        <ele>551.264046</ele>
        <time>2022-01-01T19:23:18.189Z</time>
      </trkpt>
      <trkpt lat="49.715923" lon="7.173221">
        <ele>550.224209</ele>
        <time>2022-01-01T19:23:26.048Z</time>
      </trkpt>
      <trkpt lat="49.715629" lon="7.173323">
        <ele>549.210681</ele>
        <time>2022-01-01T19:23:33.836Z</time>
      </trkpt>
      <trkpt lat="49.715303" lon="7.173712">
        <ele>547.825641</ele>
        <time>2022-01-01T19:23:45.116Z</time>
      </trkpt>
      <trkpt lat="49.714715" lon="7.174183">
        <ele>546.438010</ele>
        <time>2022-01-01T19:24:03.747Z</time>
      </trkpt>
      <trkpt lat="49.714707" lon="7.174214">
        <ele>546.401327</ele>
        <time>2022-01-01T19:24:04.377Z</time>
      </trkpt>
      <trkpt lat="49.714668" lon="7.174382">
        <ele>546.205156</ele>
        <time>2022-01-01T19:24:07.639Z</time>
      </trkpt>
      <trkpt lat="49.714674" lon="7.175083">
        <ele>545.434686</ele>
        <time>2022-01-01T19:24:20.534Z</time>
      </trkpt>
      <trkpt lat="49.714513" lon="7.175253">
        <ele>545.103341</ele>
        <time>2022-01-01T19:24:26.346Z</time>
      </trkpt>
      <trkpt lat="49.714443" lon="7.175336">
        <ele>544.953420</ele>
        <time>2022-01-01T19:24:28.725Z</time>
      </trkpt>
      <trkpt lat="49.714240" lon="7.175581">
        <ele>544.515757</ele>
        <time>2022-01-01T19:24:36.053Z</time>
      </trkpt>
      <trkpt lat="49.714155" lon="7.176047">
        <ele>543.699006</ele>
        <time>2022-01-01T19:24:44.529Z</time>
      </trkpt>
      <trkpt lat="49.714018" lon="7.176374">
        <ele>542.792885</ele>
        <time>2022-01-01T19:24:51.129Z</time>
      </trkpt>
      <trkpt lat="49.713788" lon="7.176518">
        <ele>541.900470</ele>
        <time>2022-01-01T19:24:57.680Z</time>
      </trkpt>
      <trkpt lat="49.713725" lon="7.176635">
        <ele>541.546393</ele>
        <time>2022-01-01T19:25:00.138Z</time>
      </trkpt>
      <trkpt lat="49.713724" lon="7.176910">
        <ele>540.906859</ele>
        <time>2022-01-01T19:25:04.874Z</time>
      </trkpt>
      <trkpt lat="49.713585" lon="7.177026">
        <ele>540.338802</ele>
        <time>2022-01-01T19:25:08.745Z</time>
      </trkpt>
      <trkpt lat="49.713456" lon="7.176879">
        <ele>539.762506</ele>
        <time>2022-01-01T19:25:12.703Z</time>
      </trkpt>
      <trkpt lat="49.713319" lon="7.176859">
        <ele>539.267591</ele>
        <time>2022-01-01T19:25:16.079Z</time>
      </trkpt>
      <trkpt lat="49.712922" lon="7.176572">
        <ele>537.637590</ele>
        <time>2022-01-01T19:25:26.708Z</time>
      </trkpt>
      <trkpt lat="49.712480" lon="7.176446">
        <ele>534.909075</ele>
        <time>2022-01-01T19:25:37.472Z</time>
      </trkpt>
      <trkpt lat="49.712059" lon="7.176042">
        <ele>531.901186</ele>
        <time>2022-01-01T19:25:49.120Z</time>
      </trkpt>
      <trkpt lat="49.711745" lon="7.175692">
        <ele>529.551395</ele>
        <time>2022-01-01T19:25:58.072Z</time>
      </trkpt>
      <trkpt lat="49.711528" lon="7.175346">
        <ele>527.659215</ele>
        <time>2022-01-01T19:26:05.223Z</time>
      </trkpt>
      <trkpt lat="49.711385" lon="7.174877">
        <ele>525.100306</ele>
        <time>2022-01-01T19:26:12.820Z</time>
      </trkpt>
      <trkpt lat="49.711296" lon="7.174720">
        <ele>523.931020</ele>
        <time>2022-01-01T19:26:15.886Z</time>
      </trkpt>
      <trkpt lat="49.711012" lon="7.174611">
        <ele>521.396758</ele>
        <time>2022-01-01T19:26:22.442Z</time>
      </trkpt>
      <trkpt lat="49.710882" lon="7.174732">
        <ele>520.082664</ele>
        <time>2022-01-01T19:26:25.614Z</time>
      </trkpt>
      <trkpt lat="49.710765" lon="7.174428">
        <ele>518.101407</ele>
        <time>2022-01-01T19:26:30.580Z</time>
      </trkpt>
      <trkpt lat="49.710604" lon="7.174314">
        <ele>516.567816</ele>
        <time>2022-01-01T19:26:34.297Z</time>
      </trkpt>
      <trkpt lat="49.710448" lon="7.173887">
        <ele>513.821155</ele>
        <time>2022-01-01T19:26:41.166Z</time>
      </trkpt>
      <trkpt lat="49.710390" lon="7.173726">
        <ele>512.789000</ele>
        <time>2022-01-01T19:26:43.774Z</time>
      </trkpt>
      <trkpt lat="49.710021" lon="7.173120">
        <ele>509.928855</ele>
        <time>2022-01-01T19:26:55.887Z</time>
      </trkpt>
      <trkpt lat="49.710018" lon="7.173016">
        <ele>509.679731</ele>
        <time>2022-01-01T19:26:57.245Z</time>
      </trkpt>
      <trkpt lat="49.709994" lon="7.172999">
        <ele>509.582042</ele>
        <time>2022-01-01T19:26:57.622Z</time>
      </trkpt>
      <trkpt lat="49.709983" lon="7.173018">
        <ele>509.521014</ele>
        <time>2022-01-01T19:26:57.844Z</time>
      </trkpt>
      <trkpt lat="49.709976" lon="7.173028">
        <ele>509.485748</ele>
        <time>2022-01-01T19:26:57.971Z</time>
      </trkpt>
      <trkpt lat="49.709865" lon="7.172894">
        <ele>508.964632</ele>
        <time>2022-01-01T19:27:01.234Z</time>
      </trkpt>
      <trkpt lat="49.709844" lon="7.172855">
        <ele>508.843184</ele>
        <time>2022-01-01T19:27:02.200Z</time>
      </trkpt>
      <trkpt lat="49.709793" lon="7.172763">
        <ele>508.553200</ele>
        <time>2022-01-01T19:27:04.281Z</time>
      </trkpt>
      <trkpt lat="49.709728" lon="7.172945">
        <ele>508.055654</ele>
        <time>2022-01-01T19:27:07.362Z</time>
      </trkpt>
      <trkpt lat="49.709669" lon="7.172926">
        <ele>507.832632</ele>
        <time>2022-01-01T19:27:08.942Z</time>
      </trkpt>
      <trkpt lat="49.709667" lon="7.172690">
        <ele>507.267821</ele>
        <time>2022-01-01T19:27:14.161Z</time>
      </trkpt>
      <trkpt lat="49.709499" lon="7.172607">
        <ele>506.615155</ele>
        <time>2022-01-01T19:27:18.398Z</time>
      </trkpt>
      <trkpt lat="49.709453" lon="7.172521">
        <ele>506.348072</ele>
        <time>2022-01-01T19:27:20.506Z</time>
      </trkpt>
      <trkpt lat="49.709454" lon="7.172520">
        <ele>506.343665</ele>
        <time>2022-01-01T19:27:20.623Z</time>
      </trkpt>
      <trkpt lat="49.709453" lon="7.172521">
        <ele>506.339258</ele>
        <time>2022-01-01T19:27:20.645Z</time>
      </trkpt>
      <trkpt lat="49.709499" lon="7.172607">
        <ele>506.072175</ele>
        <time>2022-01-01T19:27:24.019Z</time>
      </trkpt>
      <trkpt lat="49.709667" lon="7.172690">
        <ele>505.419510</ele>
        <time>2022-01-01T19:27:28.635Z</time>
      </trkpt>
      <trkpt lat="49.709669" lon="7.172926">
        <ele>504.854699</ele>
        <time>2022-01-01T19:27:34.666Z</time>
      </trkpt>
      <trkpt lat="49.709728" lon="7.172945">
        <ele>504.631677</ele>
        <time>2022-01-01T19:27:37.718Z</time>
      </trkpt>
      <trkpt lat="49.709793" lon="7.172763">
        <ele>505.336831</ele>
        <time>2022-01-01T19:27:41.270Z</time>
      </trkpt>
      <trkpt lat="49.709844" lon="7.172855">
        <ele>505.769337</ele>
        <time>2022-01-01T19:27:44.359Z</time>
      </trkpt>
      <trkpt lat="49.709865" lon="7.172894">
        <ele>505.950476</ele>
        <time>2022-01-01T19:27:45.811Z</time>
      </trkpt>
      <trkpt lat="49.709976" lon="7.173028">
        <ele>506.727711</ele>
        <time>2022-01-01T19:27:54.366Z</time>
      </trkpt>
      <trkpt lat="49.709983" lon="7.173018">
        <ele>506.780310</ele>
        <time>2022-01-01T19:27:54.778Z</time>
      </trkpt>
      <trkpt lat="49.709994" lon="7.172999">
        <ele>506.871332</ele>
        <time>2022-01-01T19:27:55.420Z</time>
      </trkpt>
      <trkpt lat="49.710045" lon="7.172941">
        <ele>507.220749</ele>
        <time>2022-01-01T19:27:58.115Z</time>
      </trkpt>
      <trkpt lat="49.710202" lon="7.172763">
        <ele>508.295243</ele>
        <time>2022-01-01T19:28:07.958Z</time>
      </trkpt>
      <trkpt lat="49.711159" lon="7.172420">
        <ele>513.717365</ele>
        <time>2022-01-01T19:29:03.232Z</time>
      </trkpt>
      <trkpt lat="49.711631" lon="7.172184">
        <ele>517.040121</ele>
        <time>2022-01-01T19:29:33.994Z</time>
      </trkpt>
      <trkpt lat="49.711853" lon="7.171926">
        <ele>519.041920</ele>
        <time>2022-01-01T19:29:49.384Z</time>
      </trkpt>
      <trkpt lat="49.712227" lon="7.171047">
        <ele>523.946577</ele>
        <time>2022-01-01T19:30:28.063Z</time>
      </trkpt>
      <trkpt lat="49.712269" lon="7.170703">
        <ele>525.578370</ele>
        <time>2022-01-01T19:30:41.381Z</time>
      </trkpt>
      <trkpt lat="49.712505" lon="7.169072">
        <ele>532.138244</ele>
        <time>2022-01-01T19:31:40.886Z</time>
      </trkpt>
      <trkpt lat="49.712672" lon="7.168622">
        <ele>534.048724</ele>
        <time>2022-01-01T19:31:57.426Z</time>
      </trkpt>
      <trkpt lat="49.712987" lon="7.167979">
        <ele>537.019115</ele>
        <time>2022-01-01T19:32:21.568Z</time>
      </trkpt>
      <trkpt lat="49.712916" lon="7.167488">
        <ele>538.105588</ele>
        <time>2022-01-01T19:32:38.622Z</time>
      </trkpt>
      <trkpt lat="49.712958" lon="7.166933">
        <ele>538.755006</ele>
        <time>2022-01-01T19:32:56.176Z</time>
      </trkpt>
      <trkpt lat="49.713120" lon="7.166367">
        <ele>539.474365</ele>
        <time>2022-01-01T19:33:13.066Z</time>
      </trkpt>
      <trkpt lat="49.713074" lon="7.166272">
        <ele>539.612298</ele>
        <time>2022-01-01T19:33:15.876Z</time>
      </trkpt>
      <trkpt lat="49.712990" lon="7.166252">
        <ele>539.765053</ele>
        <time>2022-01-01T19:33:19.015Z</time>
      </trkpt>
      <trkpt lat="49.712903" lon="7.165847">
        <ele>540.261035</ele>
        <time>2022-01-01T19:33:28.694Z</time>
      </trkpt>
      <trkpt lat="49.712948" lon="7.165591">
        <ele>540.569353</ele>
        <time>2022-01-01T19:33:34.291Z</time>
      </trkpt>
      <trkpt lat="49.712958" lon="7.165046">
        <ele>540.749102</ele>
        <time>2022-01-01T19:33:45.102Z</time>
      </trkpt>
      <trkpt lat="49.712897" lon="7.164637">
        <ele>540.221104</ele>
        <time>2022-01-01T19:33:53.207Z</time>
      </trkpt>
      <trkpt lat="49.712560" lon="7.164206">
        <ele>539.370370</ele>
        <time>2022-01-01T19:34:01.524Z</time>
      </trkpt>
      <trkpt lat="49.711525" lon="7.162881">
        <ele>535.386579</ele>
        <time>2022-01-01T19:34:23.836Z</time>
      </trkpt>
      <trkpt lat="49.710748" lon="7.162023">
        <ele>530.041033</ele>
        <time>2022-01-01T19:34:38.045Z</time>
      </trkpt>
      <trkpt lat="49.710707" lon="7.161968">
        <ele>529.737147</ele>
        <time>2022-01-01T19:34:38.854Z</time>
      </trkpt>
      <trkpt lat="49.710408" lon="7.161967">
        <ele>528.063078</ele>
        <time>2022-01-01T19:34:45.703Z</time>
      </trkpt>
      <trkpt lat="49.710253" lon="7.161922">
        <ele>527.011980</ele>
        <time>2022-01-01T19:34:49.320Z</time>
      </trkpt>
      <trkpt lat="49.710155" lon="7.161963">
        <ele>526.037797</ele>
        <time>2022-01-01T19:34:51.596Z</time>
      </trkpt>
      <trkpt lat="49.709958" lon="7.162288">
        <ele>523.273683</ele>
        <time>2022-01-01T19:34:57.690Z</time>
      </trkpt>
      <trkpt lat="49.709756" lon="7.162500">
        <ele>520.931116</ele>
        <time>2022-01-01T19:35:02.808Z</time>
      </trkpt>
      <trkpt lat="49.709501" lon="7.162500">
        <ele>518.484218</ele>
        <time>2022-01-01T19:35:08.431Z</time>
      </trkpt>
      <trkpt lat="49.709359" lon="7.162605">
        <ele>516.973870</ele>
        <time>2022-01-01T19:35:11.663Z</time>
      </trkpt>
      <trkpt lat="49.709240" lon="7.162744">
        <ele>515.542839</ele>
        <time>2022-01-01T19:35:14.975Z</time>
      </trkpt>
      <trkpt lat="49.709264" lon="7.162890">
        <ele>514.608067</ele>
        <time>2022-01-01T19:35:17.019Z</time>
      </trkpt>
      <trkpt lat="49.709183" lon="7.162995">
        <ele>513.593852</ele>
        <time>2022-01-01T19:35:19.202Z</time>
      </trkpt>
      <trkpt lat="49.709198" lon="7.163239">
        <ele>512.072954</ele>
        <time>2022-01-01T19:35:22.908Z</time>
      </trkpt>
      <trkpt lat="49.709177" lon="7.163370">
        <ele>511.235467</ele>
        <time>2022-01-01T19:35:24.791Z</time>
      </trkpt>
      <trkpt lat="49.709130" lon="7.163439">
        <ele>510.613599</ele>
        <time>2022-01-01T19:35:26.073Z</time>
      </trkpt>
      <trkpt lat="49.709070" lon="7.163418">
        <ele>510.043943</ele>
        <time>2022-01-01T19:35:27.494Z</time>
      </trkpt>
      <trkpt lat="49.708988" lon="7.163231">
        <ele>508.859447</ele>
        <time>2022-01-01T19:35:30.918Z</time>
      </trkpt>
      <trkpt lat="49.708812" lon="7.163211">
        <ele>507.428764</ele>
        <time>2022-01-01T19:35:34.595Z</time>
      </trkpt>
      <trkpt lat="49.708728" lon="7.163105">
        <ele>506.549806</ele>
        <time>2022-01-01T19:35:37.128Z</time>
      </trkpt>
      <trkpt lat="49.708475" lon="7.162463">
        <ele>502.608331</ele>
        <time>2022-01-01T19:35:47.817Z</time>
      </trkpt>
      <trkpt lat="49.708430" lon="7.162450">
        <ele>502.237203</ele>
        <time>2022-01-01T19:35:48.796Z</time>
      </trkpt>
      <trkpt lat="49.708407" lon="7.162443">
        <ele>502.047165</ele>
        <time>2022-01-01T19:35:49.262Z</time>
      </trkpt>
      <trkpt lat="49.708320" lon="7.162500">
        <ele>501.281160</ele>
        <time>2022-01-01T19:35:51.231Z</time>
      </trkpt>
      <trkpt lat="49.708270" lon="7.162768">
        <ele>499.818828</ele>
        <time>2022-01-01T19:35:55.561Z</time>
      </trkpt>
      <trkpt lat="49.708391" lon="7.163215">
        <ele>497.278343</ele>
        <time>2022-01-01T19:36:02.477Z</time>
      </trkpt>
      <trkpt lat="49.708454" lon="7.163707">
        <ele>495.215772</ele>
        <time>2022-01-01T19:36:10.230Z</time>
      </trkpt>
      <trkpt lat="49.708448" lon="7.163944">
        <ele>494.733659</ele>
        <time>2022-01-01T19:36:14.179Z</time>
      </trkpt>
      <trkpt lat="49.708352" lon="7.164081">
        <ele>494.323045</ele>
        <time>2022-01-01T19:36:17.170Z</time>
      </trkpt>
      <trkpt lat="49.708267" lon="7.164327">
        <ele>493.756104</ele>
        <time>2022-01-01T19:36:22.104Z</time>
      </trkpt>
      <trkpt lat="49.708083" lon="7.164426">
        <ele>493.143736</ele>
        <time>2022-01-01T19:36:26.742Z</time>
      </trkpt>
      <trkpt lat="49.708046" lon="7.164644">
        <ele>492.685602</ele>
        <time>2022-01-01T19:36:30.924Z</time>
      </trkpt>
      <trkpt lat="49.708143" lon="7.164853">
        <ele>492.162684</ele>
        <time>2022-01-01T19:36:35.010Z</time>
      </trkpt>
      <trkpt lat="49.708252" lon="7.164867">
        <ele>491.818889</ele>
        <time>2022-01-01T19:36:37.947Z</time>
      </trkpt>
      <trkpt lat="49.708348" lon="7.164823">
        <ele>491.504161</ele>
        <time>2022-01-01T19:36:41.174Z</time>
      </trkpt>
      <trkpt lat="49.708336" lon="7.164951">
        <ele>491.241258</ele>
        <time>2022-01-01T19:36:43.258Z</time>
      </trkpt>
      <trkpt lat="49.708265" lon="7.165232">
        <ele>490.628025</ele>
        <time>2022-01-01T19:36:48.604Z</time>
      </trkpt>
      <trkpt lat="49.708310" lon="7.165565">
        <ele>489.936522</ele>
        <time>2022-01-01T19:36:54.808Z</time>
      </trkpt>
      <trkpt lat="49.708278" lon="7.165711">
        <ele>490.173754</ele>
        <time>2022-01-01T19:36:57.730Z</time>
      </trkpt>
      <trkpt lat="49.708381" lon="7.166325">
        <ele>491.266797</ele>
        <time>2022-01-01T19:37:12.573Z</time>
      </trkpt>
      <trkpt lat="49.708346" lon="7.166846">
        <ele>492.169397</ele>
        <time>2022-01-01T19:37:25.952Z</time>
      </trkpt>
      <trkpt lat="49.708457" lon="7.167240">
        <ele>492.909954</ele>
        <time>2022-01-01T19:37:38.415Z</time>
      </trkpt>
      <trkpt lat="49.708489" lon="7.167854">
        <ele>493.971405</ele>
        <time>2022-01-01T19:37:59.451Z</time>
      </trkpt>
      <trkpt lat="49.708541" lon="7.167776">
        <ele>494.164445</ele>
        <time>2022-01-01T19:38:03.853Z</time>
      </trkpt>
      <trkpt lat="49.708567" lon="7.167366">
        <ele>495.220281</ele>
        <time>2022-01-01T19:38:20.191Z</time>
      </trkpt>
      <trkpt lat="49.708515" lon="7.166772">
        <ele>498.480305</ele>
        <time>2022-01-01T19:38:46.380Z</time>
      </trkpt>
      <trkpt lat="49.708646" lon="7.166260">
        <ele>501.474923</ele>
        <time>2022-01-01T19:39:13.056Z</time>
      </trkpt>
      <trkpt lat="49.708704" lon="7.165654">
        <ele>504.806637</ele>
        <time>2022-01-01T19:39:44.729Z</time>
      </trkpt>
      <trkpt lat="49.708872" lon="7.165227">
        <ele>507.524972</ele>
        <time>2022-01-01T19:40:11.451Z</time>
      </trkpt>
      <trkpt lat="49.709043" lon="7.164581">
        <ele>510.528618</ele>
        <time>2022-01-01T19:40:47.343Z</time>
      </trkpt>
      <trkpt lat="49.709169" lon="7.164370">
        <ele>511.254331</ele>
        <time>2022-01-01T19:41:00.899Z</time>
      </trkpt>
      <trkpt lat="49.709409" lon="7.164203">
        <ele>512.282687</ele>
        <time>2022-01-01T19:41:20.827Z</time>
      </trkpt>
      <trkpt lat="49.709750" lon="7.164199">
        <ele>513.615168</ele>
        <time>2022-01-01T19:41:40.998Z</time>
      </trkpt>
      <trkpt lat="49.710000" lon="7.164455">
        <ele>514.786787</ele>
        <time>2022-01-01T19:41:51.690Z</time>
      </trkpt>
      <trkpt lat="49.710029" lon="7.164536">
        <ele>515.020732</ele>
        <time>2022-01-01T19:41:57.784Z</time>
      </trkpt>
      <trkpt lat="49.709971" lon="7.164638">
        <ele>515.363934</ele>
        <time>2022-01-01T19:41:59.834Z</time>
      </trkpt>
      <trkpt lat="49.709577" lon="7.164813">
        <ele>516.723237</ele>
        <time>2022-01-01T19:42:12.117Z</time>
      </trkpt>
      <trkpt lat="49.709379" lon="7.165105">
        <ele>515.115168</ele>
        <time>2022-01-01T19:42:19.564Z</time>
      </trkpt>
      <trkpt lat="49.709106" lon="7.166213">
        <ele>510.608683</ele>
        <time>2022-01-01T19:42:37.360Z</time>
      </trkpt>
      <trkpt lat="49.708956" lon="7.166821">
        <ele>508.135393</ele>
        <time>2022-01-01T19:42:46.674Z</time>
      </trkpt>
      <trkpt lat="49.708970" lon="7.167093">
        <ele>507.098329</ele>
        <time>2022-01-01T19:42:50.580Z</time>
      </trkpt>
      <trkpt lat="49.709119" lon="7.167337">
        <ele>505.682421</ele>
        <time>2022-01-01T19:42:55.425Z</time>
      </trkpt>
      <trkpt lat="49.709017" lon="7.167919">
        <ele>502.712897</ele>
        <time>2022-01-01T19:43:04.107Z</time>
      </trkpt>
      <trkpt lat="49.709046" lon="7.168106">
        <ele>501.765881</ele>
        <time>2022-01-01T19:43:06.859Z</time>
      </trkpt>
      <trkpt lat="49.708975" lon="7.168338">
        <ele>500.501885</ele>
        <time>2022-01-01T19:43:10.574Z</time>
      </trkpt>
      <trkpt lat="49.708486" lon="7.168683">
        <ele>496.408700</ele>
        <time>2022-01-01T19:43:22.609Z</time>
      </trkpt>
      <trkpt lat="49.708452" lon="7.168813">
        <ele>495.718115</ele>
        <time>2022-01-01T19:43:24.655Z</time>
      </trkpt>
      <trkpt lat="49.708751" lon="7.169553">
        <ele>491.432518</ele>
        <time>2022-01-01T19:43:37.814Z</time>
      </trkpt>
      <trkpt lat="49.708733" lon="7.169667">
        <ele>490.860265</ele>
        <time>2022-01-01T19:43:39.532Z</time>
      </trkpt>
      <trkpt lat="49.708675" lon="7.169712">
        <ele>490.370929</ele>
        <time>2022-01-01T19:43:40.920Z</time>
      </trkpt>
      <trkpt lat="49.708667" lon="7.169919">
        <ele>489.359691</ele>
        <time>2022-01-01T19:43:43.889Z</time>
      </trkpt>
      <trkpt lat="49.708507" lon="7.170200">
        <ele>487.533909</ele>
        <time>2022-01-01T19:43:49.292Z</time>
      </trkpt>
      <trkpt lat="49.708557" lon="7.170395">
        <ele>486.510964</ele>
        <time>2022-01-01T19:43:52.309Z</time>
      </trkpt>
      <trkpt lat="49.708375" lon="7.170988">
        <ele>483.310025</ele>
        <time>2022-01-01T19:44:01.907Z</time>
      </trkpt>
      <trkpt lat="49.708444" lon="7.171407">
        <ele>481.201547</ele>
        <time>2022-01-01T19:44:08.004Z</time>
      </trkpt>
      <trkpt lat="49.708425" lon="7.171635">
        <ele>480.080503</ele>
        <time>2022-01-01T19:44:11.402Z</time>
      </trkpt>
      <trkpt lat="49.708396" lon="7.171849">
        <ele>479.024203</ele>
        <time>2022-01-01T19:44:14.468Z</time>
      </trkpt>
      <trkpt lat="49.708375" lon="7.171992">
        <ele>478.623370</ele>
        <time>2022-01-01T19:44:16.673Z</time>
      </trkpt>
      <trkpt lat="49.708183" lon="7.172297">
        <ele>477.459892</ele>
        <time>2022-01-01T19:44:22.941Z</time>
      </trkpt>
      <trkpt lat="49.708026" lon="7.172370">
        <ele>476.766922</ele>
        <time>2022-01-01T19:44:26.947Z</time>
      </trkpt>
      <trkpt lat="49.708042" lon="7.172488">
        <ele>476.437362</ele>
        <time>2022-01-01T19:44:28.736Z</time>
      </trkpt>
      <trkpt lat="49.707889" lon="7.172793">
        <ele>475.382233</ele>
        <time>2022-01-01T19:44:34.715Z</time>
      </trkpt>
      <trkpt lat="49.707850" lon="7.172944">
        <ele>474.937779</ele>
        <time>2022-01-01T19:44:37.227Z</time>
      </trkpt>
      <trkpt lat="49.707829" lon="7.173025">
        <ele>474.699239</ele>
        <time>2022-01-01T19:44:38.471Z</time>
      </trkpt>
      <trkpt lat="49.707600" lon="7.173346">
        <ele>473.392777</ele>
        <time>2022-01-01T19:44:46.370Z</time>
      </trkpt>
      <trkpt lat="49.707647" lon="7.173582">
        <ele>472.717781</ele>
        <time>2022-01-01T19:44:50.341Z</time>
      </trkpt>
      <trkpt lat="49.707455" lon="7.173867">
        <ele>471.592822</ele>
        <time>2022-01-01T19:44:58.408Z</time>
      </trkpt>
      <trkpt lat="49.707371" lon="7.173932">
        <ele>471.629963</ele>
        <time>2022-01-01T19:45:02.303Z</time>
      </trkpt>
      <trkpt lat="49.707203" lon="7.173899">
        <ele>472.217481</ele>
        <time>2022-01-01T19:45:09.246Z</time>
      </trkpt>
      <trkpt lat="49.707182" lon="7.173991">
        <ele>472.436367</ele>
        <time>2022-01-01T19:45:10.997Z</time>
      </trkpt>
      <trkpt lat="49.707177" lon="7.174013">
        <ele>472.488685</ele>
        <time>2022-01-01T19:45:11.409Z</time>
      </trkpt>
      <trkpt lat="49.707205" lon="7.174094">
        <ele>472.694745</ele>
        <time>2022-01-01T19:45:14.025Z</time>
      </trkpt>
      <trkpt lat="49.707326" lon="7.174127">
        <ele>473.121003</ele>
        <time>2022-01-01T19:45:19.826Z</time>
      </trkpt>
      <trkpt lat="49.707545" lon="7.174131">
        <ele>473.880823</ele>
        <time>2022-01-01T19:45:27.873Z</time>
      </trkpt>
      <trkpt lat="49.707994" lon="7.173972">
        <ele>475.478841</ele>
        <time>2022-01-01T19:45:54.413Z</time>
      </trkpt>
      <trkpt lat="49.708135" lon="7.173863">
        <ele>476.025725</ele>
        <time>2022-01-01T19:46:06.184Z</time>
      </trkpt>
      <trkpt lat="49.709004" lon="7.173188">
        <ele>479.498697</ele>
        <time>2022-01-01T19:47:00.940Z</time>
      </trkpt>
      <trkpt lat="49.709074" lon="7.173245">
        <ele>479.788941</ele>
        <time>2022-01-01T19:47:07.782Z</time>
      </trkpt>
      <trkpt lat="49.709108" lon="7.173354">
        <ele>480.076054</ele>
        <time>2022-01-01T19:47:10.567Z</time>
      </trkpt>
      <trkpt lat="49.709309" lon="7.173934">
        <ele>481.637233</ele>
        <time>2022-01-01T19:47:26.754Z</time>
      </trkpt>
      <trkpt lat="49.709353" lon="7.174011">
        <ele>481.881017</ele>
        <time>2022-01-01T19:47:28.737Z</time>
      </trkpt>
      <trkpt lat="49.709375" lon="7.174276">
        <ele>482.514882</ele>
        <time>2022-01-01T19:47:37.606Z</time>
      </trkpt>
      <trkpt lat="49.709531" lon="7.175036">
        <ele>484.274859</ele>
        <time>2022-01-01T19:47:58.543Z</time>
      </trkpt>
      <trkpt lat="49.709504" lon="7.175470">
        <ele>484.289076</ele>
        <time>2022-01-01T19:48:10.269Z</time>
      </trkpt>
      <trkpt lat="49.709582" lon="7.175690">
        <ele>484.297257</ele>
        <time>2022-01-01T19:48:15.401Z</time>
      </trkpt>
      <trkpt lat="49.709819" lon="7.177162">
        <ele>484.346719</ele>
        <time>2022-01-01T19:48:45.063Z</time>
      </trkpt>
      <trkpt lat="49.710412" lon="7.178791">
        <ele>484.154106</ele>
        <time>2022-01-01T19:49:21.452Z</time>
      </trkpt>
      <trkpt lat="49.710882" lon="7.179792">
        <ele>483.961765</ele>
        <time>2022-01-01T19:49:46.736Z</time>
      </trkpt>
      <trkpt lat="49.711299" lon="7.180536">
        <ele>483.220657</ele>
        <time>2022-01-01T19:50:08.712Z</time>
      </trkpt>
      <trkpt lat="49.711662" lon="7.181028">
        <ele>482.547748</ele>
        <time>2022-01-01T19:50:23.436Z</time>
      </trkpt>
      <trkpt lat="49.712424" lon="7.181656">
        <ele>481.004305</ele>
        <time>2022-01-01T19:50:46.766Z</time>
      </trkpt>
      <trkpt lat="49.712746" lon="7.181808">
        <ele>478.535559</ele>
        <time>2022-01-01T19:50:55.008Z</time>
      </trkpt>
      <trkpt lat="49.712757" lon="7.182096">
        <ele>477.167596</ele>
        <time>2022-01-01T19:50:57.298Z</time>
      </trkpt>
      <trkpt lat="49.712798" lon="7.182488">
        <ele>475.284728</ele>
        <time>2022-01-01T19:51:00.573Z</time>
      </trkpt>
      <trkpt lat="49.712774" lon="7.182745">
        <ele>474.053493</ele>
        <time>2022-01-01T19:51:02.636Z</time>
      </trkpt>
      <trkpt lat="49.712274" lon="7.183350">
        <ele>469.398145</ele>
        <time>2022-01-01T19:51:10.329Z</time>
      </trkpt>
      <trkpt lat="49.711893" lon="7.183838">
        <ele>465.284617</ele>
        <time>2022-01-01T19:51:16.213Z</time>
      </trkpt>
      <trkpt lat="49.710945" lon="7.184204">
        <ele>456.706780</ele>
        <time>2022-01-01T19:51:28.026Z</time>
      </trkpt>
      <trkpt lat="49.710445" lon="7.184374">
        <ele>452.324406</ele>
        <time>2022-01-01T19:51:34.359Z</time>
      </trkpt>
      <trkpt lat="49.709914" lon="7.184571">
        <ele>449.844601</ele>
        <time>2022-01-01T19:51:41.445Z</time>
      </trkpt>
      <trkpt lat="49.709454" lon="7.184801">
        <ele>447.649167</ele>
        <time>2022-01-01T19:51:47.875Z</time>
      </trkpt>
      <trkpt lat="49.708889" lon="7.185183">
        <ele>444.848868</ele>
        <time>2022-01-01T19:51:56.710Z</time>
      </trkpt>
      <trkpt lat="49.708896" lon="7.185209">
        <ele>444.766161</ele>
        <time>2022-01-01T19:51:57.488Z</time>
      </trkpt>
      <trkpt lat="49.708802" lon="7.185175">
        <ele>444.327766</ele>
        <time>2022-01-01T19:52:01.618Z</time>
      </trkpt>
      <trkpt lat="49.708374" lon="7.184337">
        <ele>444.219512</ele>
        <time>2022-01-01T19:52:31.151Z</time>
      </trkpt>
      <trkpt lat="49.707946" lon="7.183499">
        <ele>444.161748</ele>
        <time>2022-01-01T19:53:00.685Z</time>
      </trkpt>
      <trkpt lat="49.707711" lon="7.182998">
        <ele>444.128268</ele>
        <time>2022-01-01T19:53:17.803Z</time>
      </trkpt>
      <trkpt lat="49.707605" lon="7.182544">
        <ele>443.643587</ele>
        <time>2022-01-01T19:53:31.153Z</time>
      </trkpt>
      <trkpt lat="49.707286" lon="7.182262">
        <ele>443.018522</ele>
        <time>2022-01-01T19:53:46.868Z</time>
      </trkpt>
      <trkpt lat="49.706579" lon="7.181776">
        <ele>441.702365</ele>
        <time>2022-01-01T19:54:19.962Z</time>
      </trkpt>
      <trkpt lat="49.706286" lon="7.181668">
        <ele>441.189979</ele>
        <time>2022-01-01T19:54:32.852Z</time>
      </trkpt>
      <trkpt lat="49.705884" lon="7.181916">
        <ele>439.025067</ele>
        <time>2022-01-01T19:54:51.384Z</time>
      </trkpt>
      <trkpt lat="49.705882" lon="7.181904">
        <ele>438.979635</ele>
        <time>2022-01-01T19:54:51.733Z</time>
      </trkpt>
      <trkpt lat="49.705739" lon="7.181953">
        <ele>438.149306</ele>
        <time>2022-01-01T19:54:53.701Z</time>
      </trkpt>
      <trkpt lat="49.705628" lon="7.181994">
        <ele>437.502345</ele>
        <time>2022-01-01T19:54:55.149Z</time>
      </trkpt>
      <trkpt lat="49.705589" lon="7.181911">
        <ele>437.126212</ele>
        <time>2022-01-01T19:54:55.962Z</time>
      </trkpt>
      <trkpt lat="49.705321" lon="7.181839">
        <ele>435.584165</ele>
        <time>2022-01-01T19:54:59.521Z</time>
      </trkpt>
      <trkpt lat="49.705136" lon="7.181920">
        <ele>434.494171</ele>
        <time>2022-01-01T19:55:01.961Z</time>
      </trkpt>
      <trkpt lat="49.704944" lon="7.182001">
        <ele>433.365943</ele>
        <time>2022-01-01T19:55:04.516Z</time>
      </trkpt>
      <trkpt lat="49.704577" lon="7.181969">
        <ele>431.282124</ele>
        <time>2022-01-01T19:55:09.224Z</time>
      </trkpt>
      <trkpt lat="49.704456" lon="7.181924">
        <ele>430.661251</ele>
        <time>2022-01-01T19:55:10.825Z</time>
      </trkpt>
      <trkpt lat="49.704388" lon="7.182158">
        <ele>429.992266</ele>
        <time>2022-01-01T19:55:13.032Z</time>
      </trkpt>
      <trkpt lat="49.704301" lon="7.182628">
        <ele>428.717406</ele>
        <time>2022-01-01T19:55:17.144Z</time>
      </trkpt>
      <trkpt lat="49.704301" lon="7.182879">
        <ele>428.062858</ele>
        <time>2022-01-01T19:55:19.348Z</time>
      </trkpt>
      <trkpt lat="49.704444" lon="7.184163">
        <ele>424.665217</ele>
        <time>2022-01-01T19:55:31.193Z</time>
      </trkpt>
      <trkpt lat="49.704429" lon="7.184801">
        <ele>423.750114</ele>
        <time>2022-01-01T19:55:37.508Z</time>
      </trkpt>
      <trkpt lat="49.704421" lon="7.185382">
        <ele>424.076513</ele>
        <time>2022-01-01T19:55:43.794Z</time>
      </trkpt>
      <trkpt lat="49.704445" lon="7.185944">
        <ele>424.392854</ele>
        <time>2022-01-01T19:55:50.745Z</time>
      </trkpt>
      <trkpt lat="49.704341" lon="7.186248">
        <ele>424.586016</ele>
        <time>2022-01-01T19:55:56.331Z</time>
      </trkpt>
      <trkpt lat="49.704209" lon="7.186558">
        <ele>424.794481</ele>
        <time>2022-01-01T19:56:02.777Z</time>
      </trkpt>
      <trkpt lat="49.704185" lon="7.186647">
        <ele>424.848640</ele>
        <time>2022-01-01T19:56:05.131Z</time>
      </trkpt>
      <trkpt lat="49.704138" lon="7.186966">
        <ele>425.032402</ele>
        <time>2022-01-01T19:56:12.358Z</time>
      </trkpt>
      <trkpt lat="49.704143" lon="7.187059">
        <ele>425.084817</ele>
        <time>2022-01-01T19:56:14.642Z</time>
      </trkpt>
      <trkpt lat="49.704100" lon="7.187047">
        <ele>425.122764</ele>
        <time>2022-01-01T19:56:16.795Z</time>
      </trkpt>
      <trkpt lat="49.704030" lon="7.187026">
        <ele>425.214019</ele>
        <time>2022-01-01T19:56:19.828Z</time>
      </trkpt>
      <trkpt lat="49.703855" lon="7.186867">
        <ele>426.349980</ele>
        <time>2022-01-01T19:56:28.032Z</time>
      </trkpt>
      <trkpt lat="49.703690" lon="7.186671">
        <ele>427.514452</ele>
        <time>2022-01-01T19:56:37.517Z</time>
      </trkpt>
      <trkpt lat="49.703609" lon="7.186818">
        <ele>428.213447</ele>
        <time>2022-01-01T19:56:43.164Z</time>
      </trkpt>
      <trkpt lat="49.703561" lon="7.186927">
        <ele>428.690746</ele>
        <time>2022-01-01T19:56:47.159Z</time>
      </trkpt>
      <trkpt lat="49.703539" lon="7.187003">
        <ele>428.992126</ele>
        <time>2022-01-01T19:56:50.339Z</time>
      </trkpt>
      <trkpt lat="49.703510" lon="7.187180">
        <ele>429.653019</ele>
        <time>2022-01-01T19:56:55.622Z</time>
      </trkpt>
      <trkpt lat="49.703480" lon="7.187461">
        <ele>430.683867</ele>
        <time>2022-01-01T19:57:04.729Z</time>
      </trkpt>
      <trkpt lat="49.703425" lon="7.188095">
        <ele>432.999194</ele>
        <time>2022-01-01T19:57:26.947Z</time>
      </trkpt>
      <trkpt lat="49.703109" lon="7.189971">
        <ele>439.015470</ele>
        <time>2022-01-01T19:58:28.356Z</time>
      </trkpt>
      <trkpt lat="49.702638" lon="7.192139">
        <ele>445.185162</ele>
        <time>2022-01-01T19:59:18.567Z</time>
      </trkpt>
      <trkpt lat="49.702459" lon="7.192734">
        <ele>446.765763</ele>
        <time>2022-01-01T19:59:32.546Z</time>
      </trkpt>
      <trkpt lat="49.702357" lon="7.192719">
        <ele>447.147346</ele>
        <time>2022-01-01T19:59:37.406Z</time>
      </trkpt>
      <trkpt lat="49.702263" lon="7.192608">
        <ele>447.587839</ele>
        <time>2022-01-01T19:59:41.370Z</time>
      </trkpt>
      <trkpt lat="49.701265" lon="7.190443">
        <ele>455.119726</ele>
        <time>2022-01-01T20:00:56.893Z</time>
      </trkpt>
      <trkpt lat="49.699694" lon="7.187197">
        <ele>465.803150</ele>
        <time>2022-01-01T20:02:46.167Z</time>
      </trkpt>
      <trkpt lat="49.700042" lon="7.185708">
        <ele>466.042700</ele>
        <time>2022-01-01T20:03:05.511Z</time>
      </trkpt>
      <trkpt lat="49.700114" lon="7.184376">
        <ele>466.270041</ele>
        <time>2022-01-01T20:03:19.545Z</time>
      </trkpt>
      <trkpt lat="49.700111" lon="7.183603">
        <ele>466.445726</ele>
        <time>2022-01-01T20:03:28.281Z</time>
      </trkpt>
      <trkpt lat="49.699975" lon="7.179943">
        <ele>467.163234</ele>
        <time>2022-01-01T20:04:58.068Z</time>
      </trkpt>
      <trkpt lat="49.699919" lon="7.177746">
        <ele>464.131520</ele>
        <time>2022-01-01T20:05:37.323Z</time>
      </trkpt>
      <trkpt lat="49.700812" lon="7.177558">
        <ele>460.990039</ele>
        <time>2022-01-01T20:05:58.648Z</time>
      </trkpt>
      <trkpt lat="49.702913" lon="7.176757">
        <ele>455.206457</ele>
        <time>2022-01-01T20:06:52.663Z</time>
      </trkpt>
      <trkpt lat="49.702829" lon="7.175912">
        <ele>456.923676</ele>
        <time>2022-01-01T20:07:18.863Z</time>
      </trkpt>
      <trkpt lat="49.702621" lon="7.174681">
        <ele>459.479290</ele>
        <time>2022-01-01T20:08:10.266Z</time>
      </trkpt>
      <trkpt lat="49.701700" lon="7.172633">
        <ele>472.063964</ele>
        <time>2022-01-01T20:10:09.138Z</time>
      </trkpt>
      <trkpt lat="49.701307" lon="7.171969">
        <ele>476.350893</ele>
        <time>2022-01-01T20:10:49.951Z</time>
      </trkpt>
      <trkpt lat="49.700359" lon="7.170459">
        <ele>485.863033</ele>
        <time>2022-01-01T20:12:20.705Z</time>
      </trkpt>
      <trkpt lat="49.699461" lon="7.168085">
        <ele>496.082470</ele>
        <time>2022-01-01T20:14:08.358Z</time>
      </trkpt>
      <trkpt lat="49.699243" lon="7.167749">
        <ele>497.530392</ele>
        <time>2022-01-01T20:14:25.524Z</time>
      </trkpt>
      <trkpt lat="49.699225" lon="7.167721">
        <ele>497.637392</ele>
        <time>2022-01-01T20:14:27.398Z</time>
      </trkpt>
      <trkpt lat="49.697740" lon="7.166519">
        <ele>504.594251</ele>
        <time>2022-01-01T20:15:53.945Z</time>
      </trkpt>
      <trkpt lat="49.697728" lon="7.166160">
        <ele>505.419627</ele>
        <time>2022-01-01T20:16:02.272Z</time>
      </trkpt>
      <trkpt lat="49.697596" lon="7.165307">
        <ele>507.433417</ele>
        <time>2022-01-01T20:16:22.088Z</time>
      </trkpt>
      <trkpt lat="49.697511" lon="7.164787">
        <ele>508.664895</ele>
        <time>2022-01-01T20:16:33.899Z</time>
      </trkpt>
      <trkpt lat="49.697436" lon="7.164326">
        <ele>509.756340</ele>
        <time>2022-01-01T20:16:44.322Z</time>
      </trkpt>
      <trkpt lat="49.697233" lon="7.163077">
        <ele>513.628951</ele>
        <time>2022-01-01T20:17:19.453Z</time>
      </trkpt>
      <trkpt lat="49.696954" lon="7.161949">
        <ele>517.606900</ele>
        <time>2022-01-01T20:17:55.799Z</time>
      </trkpt>
      <trkpt lat="49.696942" lon="7.161845">
        <ele>517.954879</ele>
        <time>2022-01-01T20:17:59.522Z</time>
      </trkpt>
      <trkpt lat="49.696941" lon="7.161672">
        <ele>518.524755</ele>
        <time>2022-01-01T20:18:05.960Z</time>
      </trkpt>
      <trkpt lat="49.696975" lon="7.161167">
        <ele>520.063375</ele>
        <time>2022-01-01T20:18:21.181Z</time>
      </trkpt>
      <trkpt lat="49.697150" lon="7.160161">
        <ele>522.430451</ele>
        <time>2022-01-01T20:18:49.884Z</time>
      </trkpt>
      <trkpt lat="49.697183" lon="7.159740">
        <ele>523.394052</ele>
        <time>2022-01-01T20:19:00.608Z</time>
      </trkpt>
      <trkpt lat="49.696973" lon="7.159415">
        <ele>524.437864</ele>
        <time>2022-01-01T20:19:10.712Z</time>
      </trkpt>
      <trkpt lat="49.696970" lon="7.159341">
        <ele>524.606338</ele>
        <time>2022-01-01T20:19:13.391Z</time>
      </trkpt>
      <trkpt lat="49.696934" lon="7.159344">
        <ele>524.732985</ele>
        <time>2022-01-01T20:19:13.886Z</time>
      </trkpt>
      <trkpt lat="49.696726" lon="7.159233">
        <ele>525.505966</ele>
        <time>2022-01-01T20:19:18.163Z</time>
      </trkpt>
      <trkpt lat="49.696345" lon="7.158747">
        <ele>526.653617</ele>
        <time>2022-01-01T20:19:31.630Z</time>
      </trkpt>
      <trkpt lat="49.696266" lon="7.158691">
        <ele>526.803880</ele>
        <time>2022-01-01T20:19:33.107Z</time>
      </trkpt>
      <trkpt lat="49.696147" lon="7.158625">
        <ele>527.022469</ele>
        <time>2022-01-01T20:19:37.003Z</time>
      </trkpt>
      <trkpt lat="49.695690" lon="7.158350">
        <ele>527.870360</ele>
        <time>2022-01-01T20:19:50.882Z</time>
      </trkpt>
      <trkpt lat="49.695585" lon="7.158279">
        <ele>528.068510</ele>
        <time>2022-01-01T20:19:52.836Z</time>
      </trkpt>
      <trkpt lat="49.695546" lon="7.158255">
        <ele>528.141086</ele>
        <time>2022-01-01T20:19:54.430Z</time>
      </trkpt>
      <trkpt lat="49.695502" lon="7.158234">
        <ele>528.220704</ele>
        <time>2022-01-01T20:19:55.689Z</time>
      </trkpt>
      <trkpt lat="49.695378" lon="7.158176">
        <ele>528.444696</ele>
        <time>2022-01-01T20:19:59.134Z</time>
      </trkpt>
      <trkpt lat="49.695272" lon="7.158146">
        <ele>528.631014</ele>
        <time>2022-01-01T20:20:01.182Z</time>
      </trkpt>
      <trkpt lat="49.695241" lon="7.158009">
        <ele>528.793339</ele>
        <time>2022-01-01T20:20:04.978Z</time>
      </trkpt>
      <trkpt lat="49.694571" lon="7.157324">
        <ele>531.086142</ele>
        <time>2022-01-01T20:20:32.106Z</time>
      </trkpt>
      <trkpt lat="49.694489" lon="7.157036">
        <ele>531.760005</ele>
        <time>2022-01-01T20:20:39.329Z</time>
      </trkpt>
      <trkpt lat="49.694564" lon="7.156431">
        <ele>533.079210</ele>
        <time>2022-01-01T20:20:56.225Z</time>
      </trkpt>
      <trkpt lat="49.694414" lon="7.155867">
        <ele>534.385138</ele>
        <time>2022-01-01T20:21:11.961Z</time>
      </trkpt>
      <trkpt lat="49.693560" lon="7.154558">
        <ele>538.621148</ele>
        <time>2022-01-01T20:21:54.389Z</time>
      </trkpt>
      <trkpt lat="49.693166" lon="7.153838">
        <ele>540.800568</ele>
        <time>2022-01-01T20:22:15.916Z</time>
      </trkpt>
      <trkpt lat="49.693113" lon="7.153740">
        <ele>541.095768</ele>
        <time>2022-01-01T20:22:20.158Z</time>
      </trkpt>
      <trkpt lat="49.693068" lon="7.153594">
        <ele>541.469517</ele>
        <time>2022-01-01T20:22:24.516Z</time>
      </trkpt>
      <trkpt lat="49.692448" lon="7.152143">
        <ele>548.845321</ele>
        <time>2022-01-01T20:23:19.889Z</time>
      </trkpt>
      <trkpt lat="49.692538" lon="7.152047">
        <ele>549.571021</ele>
        <time>2022-01-01T20:23:27.228Z</time>
      </trkpt>
      <trkpt lat="49.692498" lon="7.151826">
        <ele>550.556262</ele>
        <time>2022-01-01T20:23:38.155Z</time>
      </trkpt>
      <trkpt lat="49.692486" lon="7.150607">
        <ele>556.421987</ele>
        <time>2022-01-01T20:24:36.318Z</time>
      </trkpt>
      <trkpt lat="49.692662" lon="7.150745">
        <ele>558.094757</ele>
        <time>2022-01-01T20:24:54.583Z</time>
      </trkpt>
      <trkpt lat="49.692766" lon="7.150955">
        <ele>559.544938</ele>
        <time>2022-01-01T20:25:07.943Z</time>
      </trkpt>
      <trkpt lat="49.693134" lon="7.151261">
        <ele>563.086866</ele>
        <time>2022-01-01T20:25:42.346Z</time>
      </trkpt>
      <trkpt lat="49.693135" lon="7.151261">
        <ele>563.095342</ele>
        <time>2022-01-01T20:25:42.638Z</time>
      </trkpt>
      <trkpt lat="49.693179" lon="7.151247">
        <ele>563.476120</ele>
        <time>2022-01-01T20:25:45.898Z</time>
      </trkpt>
      <trkpt lat="49.693190" lon="7.151053">
        <ele>564.543937</ele>
        <time>2022-01-01T20:25:54.603Z</time>
      </trkpt>
      <trkpt lat="49.693104" lon="7.150508">
        <ele>567.619903</ele>
        <time>2022-01-01T20:26:19.035Z</time>
      </trkpt>
      <trkpt lat="49.693173" lon="7.150470">
        <ele>568.240778</ele>
        <time>2022-01-01T20:26:23.069Z</time>
      </trkpt>
      <trkpt lat="49.693392" lon="7.150643">
        <ele>569.289171</ele>
        <time>2022-01-01T20:26:39.256Z</time>
      </trkpt>
      <trkpt lat="49.693459" lon="7.150740">
        <ele>569.553046</ele>
        <time>2022-01-01T20:26:44.043Z</time>
      </trkpt>
      <trkpt lat="49.693575" lon="7.151102">
        <ele>570.304264</ele>
        <time>2022-01-01T20:26:59.318Z</time>
      </trkpt>
      <trkpt lat="49.693926" lon="7.151821">
        <ele>571.979271</ele>
        <time>2022-01-01T20:27:27.050Z</time>
      </trkpt>
      <trkpt lat="49.694318" lon="7.151989">
        <ele>573.148631</ele>
        <time>2022-01-01T20:27:41.932Z</time>
      </trkpt>
      <trkpt lat="49.694389" lon="7.152085">
        <ele>573.419783</ele>
        <time>2022-01-01T20:27:45.223Z</time>
      </trkpt>
      <trkpt lat="49.694525" lon="7.152268">
        <ele>573.930307</ele>
        <time>2022-01-01T20:27:50.645Z</time>
      </trkpt>
      <trkpt lat="49.694820" lon="7.153196">
        <ele>574.392251</ele>
        <time>2022-01-01T20:28:09.511Z</time>
      </trkpt>
      <trkpt lat="49.694966" lon="7.153431">
        <ele>574.537818</ele>
        <time>2022-01-01T20:28:16.178Z</time>
      </trkpt>
      <trkpt lat="49.695037" lon="7.153493">
        <ele>574.594136</ele>
        <time>2022-01-01T20:28:18.990Z</time>
      </trkpt>
      <trkpt lat="49.695321" lon="7.153953">
        <ele>574.878221</ele>
        <time>2022-01-01T20:28:34.796Z</time>
      </trkpt>
      <trkpt lat="49.695873" lon="7.154269">
        <ele>575.974711</ele>
        <time>2022-01-01T20:28:59.113Z</time>
      </trkpt>
      <trkpt lat="49.695992" lon="7.154300">
        <ele>576.559485</ele>
        <time>2022-01-01T20:29:05.731Z</time>
      </trkpt>
      <trkpt lat="49.696090" lon="7.154288">
        <ele>577.035856</ele>
        <time>2022-01-01T20:29:12.059Z</time>
      </trkpt>
      <trkpt lat="49.696141" lon="7.154260">
        <ele>577.298110</ele>
        <time>2022-01-01T20:29:13.996Z</time>
      </trkpt>
      <trkpt lat="49.696122" lon="7.154127">
        <ele>577.725036</ele>
        <time>2022-01-01T20:29:17.223Z</time>
      </trkpt>
      <trkpt lat="49.696190" lon="7.154078">
        <ele>578.088583</ele>
        <time>2022-01-01T20:29:22.020Z</time>
      </trkpt>
      <trkpt lat="49.696322" lon="7.154216">
        <ele>578.860748</ele>
        <time>2022-01-01T20:29:34.014Z</time>
      </trkpt>
      <trkpt lat="49.696495" lon="7.154229">
        <ele>579.700053</ele>
        <time>2022-01-01T20:29:41.647Z</time>
      </trkpt>
      <trkpt lat="49.696512" lon="7.154231">
        <ele>579.782669</ele>
        <time>2022-01-01T20:29:43.231Z</time>
      </trkpt>
      <trkpt lat="49.697200" lon="7.154087">
        <ele>583.146961</ele>
        <time>2022-01-01T20:30:25.547Z</time>
      </trkpt>
      <trkpt lat="49.697265" lon="7.154074">
        <ele>583.464560</ele>
        <time>2022-01-01T20:30:30.832Z</time>
      </trkpt>
      <trkpt lat="49.697296" lon="7.153948">
        <ele>583.885855</ele>
        <time>2022-01-01T20:30:37.988Z</time>
      </trkpt>
      <trkpt lat="49.697104" lon="7.153799">
        <ele>583.885855</ele>
        <time>2022-01-01T20:30:49.365Z</time>
      </trkpt>
      <trkpt lat="49.696980" lon="7.153618">
        <ele>583.885855</ele>
        <time>2022-01-01T20:31:00.614Z</time>
      </trkpt>
      <trkpt lat="49.696964" lon="7.153638">
        <ele>583.885855</ele>
        <time>2022-01-01T20:31:01.431Z</time>
      </trkpt>
      <trkpt lat="49.696904" lon="7.153718">
        <ele>583.885855</ele>
        <time>2022-01-01T20:31:04.884Z</time>
      </trkpt>
      <trkpt lat="49.696744" lon="7.153791">
        <ele>583.885855</ele>
        <time>2022-01-01T20:31:14.714Z</time>
      </trkpt>
      <trkpt lat="49.696621" lon="7.153699">
        <ele>583.885855</ele>
        <time>2022-01-01T20:31:21.504Z</time>
      </trkpt>
      <trkpt lat="49.696626" lon="7.153666">
        <ele>583.885855</ele>
        <time>2022-01-01T20:31:22.422Z</time>
      </trkpt>
      <trkpt lat="49.696621" lon="7.153699">
        <ele>583.885855</ele>
        <time>2022-01-01T20:31:23.359Z</time>
      </trkpt>
      <trkpt lat="49.696744" lon="7.153791">
        <ele>583.885855</ele>
        <time>2022-01-01T20:31:30.388Z</time>
      </trkpt>
      <trkpt lat="49.696904" lon="7.153718">
        <ele>583.885855</ele>
        <time>2022-01-01T20:31:39.125Z</time>
      </trkpt>
      <trkpt lat="49.696964" lon="7.153638">
        <ele>583.885855</ele>
        <time>2022-01-01T20:31:42.335Z</time>
      </trkpt>
      <trkpt lat="49.696948" lon="7.153610">
        <ele>583.885855</ele>
        <time>2022-01-01T20:31:43.366Z</time>
      </trkpt>
      <trkpt lat="49.696949" lon="7.153569">
        <ele>583.885855</ele>
        <time>2022-01-01T20:31:44.417Z</time>
      </trkpt>
      <trkpt lat="49.696966" lon="7.153534">
        <ele>583.885855</ele>
        <time>2022-01-01T20:31:45.777Z</time>
      </trkpt>
      <trkpt lat="49.696982" lon="7.153457">
        <ele>583.885855</ele>
        <time>2022-01-01T20:31:49.427Z</time>
      </trkpt>
      <trkpt lat="49.696978" lon="7.153398">
        <ele>583.885855</ele>
        <time>2022-01-01T20:31:51.436Z</time>
      </trkpt>
      <trkpt lat="49.696940" lon="7.153266">
        <ele>583.885855</ele>
        <time>2022-01-01T20:31:56.012Z</time>
      </trkpt>
      <trkpt lat="49.696941" lon="7.153232">
        <ele>583.885855</ele>
        <time>2022-01-01T20:31:56.822Z</time>
      </trkpt>
      <trkpt lat="49.696957" lon="7.153217">
        <ele>583.885855</ele>
        <time>2022-01-01T20:31:57.497Z</time>
      </trkpt>
      <trkpt lat="49.696979" lon="7.153226">
        <ele>583.885855</ele>
        <time>2022-01-01T20:31:58.416Z</time>
      </trkpt>
      <trkpt lat="49.696993" lon="7.153115">
        <ele>583.885855</ele>
        <time>2022-01-01T20:32:01.538Z</time>
      </trkpt>
      <trkpt lat="49.697073" lon="7.153091">
        <ele>583.885855</ele>
        <time>2022-01-01T20:32:05.024Z</time>
      </trkpt>
      <trkpt lat="49.697143" lon="7.153228">
        <ele>583.885855</ele>
        <time>2022-01-01T20:32:09.856Z</time>
      </trkpt>
    </trkseg>
  </trk>
</gpx>